tec_run_started_utc,tec_canonical_host,tec_endpoint,tec_page,event.id,event.global_id,event.title,event.start_date,event.utc_start_date,event.end_date,event.utc_end_date,event.timezone,event.all_day,event.featured,event.status,event.url,event.website,event.purchase_link,event.cost,event.cost_details_json,event.categories_json,event.tags_json,event.venue_json,event.organizer_json,event.description,event.excerpt,event.image_json,event.custom_fields_json,event.hide_from_listings,event.is_virtual,event.virtual_url,event.virtual_video_source,event.modified,event.modified_utc,event.show_map,event.show_map_link,event.subevents_json,event.ticketed,event.ticketed_json
2026-09-30T13:59:37Z,kwel.com,https://www.kwel.com/wp-json/tribe/events/v1/events,29,10061749,kwel.com?id=10061749,Tall City Talk,2027-01-20 15:00:00,2027-01-20 21:00:00,2027-01-20 17:00:00,2027-01-20 23:00:00,America/Chicago,false,false,publish,https://kwel.com/event/patriot-call/2027-01-20/,,,,"{""currency_symbol"":""$"",""currency_code"":""USD"",""currency_position"":""prefix"",""values"":[]}",[],[],[],[],,,"{""url"":""https://kwel.com/wp-content/uploads/2026/06/Tall-City-Talk-image-1.png"",""id"":487032,""extension"":""png"",""width"":300,""height"":200}",[],false,false,,,2026-06-12 11:20:35,2026-06-12 16:20:35,true,true,,,
2026-09-30T13:59:37Z,kwel.com,https://www.kwel.com/wp-json/tribe/events/v1/events,29,10051517,kwel.com?id=10051517,Mark Levin,2027-01-20 17:00:00,2027-01-20 23:00:00,2027-01-20 20:00:00,2027-01-21 02:00:00,America/Chicago,false,false,publish,https://kwel.com/event/mark-levin-2/2027-01-20/,,,,"{""currency_symbol"":""$"",""currency_code"":""USD"",""currency_position"":""prefix"",""values"":[]}",[],[],[],[],,,"{""url"":""https://kwel.com/wp-content/uploads/2026/05/Mark-Levin.png"",""id"":486803,""extension"":""png"",""width"":300,""height"":200}",[],false,false,,,2026-05-21 23:20:02,2026-05-22 04:20:02,true,true,,,
2026-09-30T13:59:37Z,kwel.com,https://www.kwel.com/wp-json/tribe/events/v1/events,29,10079760,kwel.com?id=10079760,Scott Jennings Show &#8211; PM,2027-01-20 20:00:00,2027-01-21 02:00:00,2027-01-20 21:00:00,2027-01-21 03:00:00,America/Chicago,false,false,publish,https://kwel.com/event/scott-jennings-show-pm/2027-01-20/,,,,"{""currency_symbol"":""$"",""currency_code"":""USD"",""currency_position"":""prefix"",""values"":[]}",[],[],[],[],,,"{""url"":""https://kwel.com/wp-content/uploads/2026/05/Scott-Jennings.png"",""id"":486807,""extension"":""png"",""width"":300,""height"":200}",[],false,false,,,2026-05-21 23:38:26,2026-05-22 04:38:26,true,true,,,
2026-09-30T13:59:37Z,kwel.com,https://www.kwel.com/wp-json/tribe/events/v1/events,29,10065663,kwel.com?id=10065663,Mike Gallagher &#8211; PM,2027-01-20 21:00:00,2027-01-21 03:00:00,2027-01-20 23:00:00,2027-01-21 05:00:00,America/Chicago,false,false,publish,https://kwel.com/event/mike-gallagher-4-2/2027-01-20/,,,,"{""currency_symbol"":""$"",""currency_code"":""USD"",""currency_position"":""prefix"",""values"":[]}",[],[],[],[],,,"{""url"":""https://kwel.com/wp-content/uploads/2026/05/Mike-Gallagher.png"",""id"":486804,""extension"":""png"",""width"":300,""height"":200}",[],false,false,,,2026-05-21 22:45:14,2026-05-22 03:45:14,true,true,,,
2026-09-30T13:59:37Z,kwel.com,https://www.kwel.com/wp-json/tribe/events/v1/events,29,10027634,kwel.com?id=10027634,Hugh Hewitt,2027-01-20 23:00:00,2027-01-21 05:00:00,2027-01-21 02:00:00,2027-01-21 08:00:00,America/Chicago,false,false,publish,https://kwel.com/event/hugh-hewitt/2027-01-20/,,,,"{""currency_symbol"":""$"",""currency_code"":""USD"",""currency_position"":""prefix"",""values"":[]}",[],[],[],[],,,"{""url"":""https://kwel.com/wp-content/uploads/2026/05/Hugh-Hewitt.png"",""id"":486801,""extension"":""png"",""width"":300,""height"":200}",[],false,false,,,2026-05-21 23:21:01,2026-05-22 04:21:01,true,true,,,
2026-09-30T13:59:37Z,kwel.com,https://www.kwel.com/wp-json/tribe/events/v1/events,29,10071831,kwel.com?id=10071831,Larry Elder,2027-01-21 02:00:00,2027-01-21 08:00:00,2027-01-21 05:00:00,2027-01-21 11:00:00,America/Chicago,false,false,publish,https://kwel.com/event/larry-elder-2/2027-01-21/,,,,"{""currency_symbol"":""$"",""currency_code"":""USD"",""currency_position"":""prefix"",""values"":[]}",[],[],[],[],,,"{""url"":""https://kwel.com/wp-content/uploads/2026/05/Larry-Elder.png"",""id"":486802,""extension"":""png"",""width"":300,""height"":200}",[],false,false,,,2026-05-21 23:52:47,2026-05-22 04:52:47,true,true,,,
2026-09-30T13:59:37Z,kwel.com,https://www.kwel.com/wp-json/tribe/events/v1/events,29,10055068,kwel.com?id=10055068,America in the Morning,2027-01-21 05:00:00,2027-01-21 11:00:00,2027-01-21 06:00:00,2027-01-21 12:00:00,America/Chicago,false,false,publish,https://kwel.com/event/america-in-the-morning/2027-01-21/,,,,"{""currency_symbol"":""$"",""currency_code"":""USD"",""currency_position"":""prefix"",""values"":[]}",[],[],[],[],,,"{""url"":""https://kwel.com/wp-content/uploads/2026/05/America-in-the-Morning.png"",""id"":486797,""extension"":""png"",""width"":300,""height"":200}",[],false,false,,,2026-05-21 23:04:52,2026-05-22 04:04:52,true,true,,,
2026-09-30T13:59:37Z,kwel.com,https://www.kwel.com/wp-json/tribe/events/v1/events,29,10012021,kwel.com?id=10012021,The Morning Show with Craig Anderson &#038; Lisa Kay,2027-01-21 06:00:00,2027-01-21 12:00:00,2027-01-21 10:00:00,2027-01-21 16:00:00,America/Chicago,false,false,publish,https://kwel.com/event/the-morning-show-with-craig-anderson-2/2027-01-21/,,,,"{""currency_symbol"":""$"",""currency_code"":""USD"",""currency_position"":""prefix"",""values"":[]}",[],[],[],[],<p>Local and streaming live!</p>,,"{""url"":""https://kwel.com/wp-content/uploads/2026/05/Craig-and-Lisa-1.png"",""id"":486798,""extension"":""png"",""width"":300,""height"":200}",[],false,false,,,2026-05-21 23:18:43,2026-05-22 04:18:43,true,true,,,
2026-09-30T13:59:37Z,kwel.com,https://www.kwel.com/wp-json/tribe/events/v1/events,29,10059142,kwel.com?id=10059142,Mike Gallagher &#8211; AM,2027-01-21 10:00:00,2027-01-21 16:00:00,2027-01-21 11:00:00,2027-01-21 17:00:00,America/Chicago,false,false,publish,https://kwel.com/event/mike-gallagher-am-2/2027-01-21/,,,,"{""currency_symbol"":""$"",""currency_code"":""USD"",""currency_position"":""prefix"",""values"":[]}",[],[],[],[],,,"{""url"":""https://kwel.com/wp-content/uploads/2026/05/Mike-Gallagher.png"",""id"":486804,""extension"":""png"",""width"":300,""height"":200}",[],false,false,,,2026-05-21 22:43:18,2026-05-22 03:43:18,true,true,,,
2026-09-30T13:59:37Z,kwel.com,https://www.kwel.com/wp-json/tribe/events/v1/events,29,10075848,kwel.com?id=10075848,Alex Marlow,2027-01-21 11:00:00,2027-01-21 17:00:00,2027-01-21 12:00:00,2027-01-21 18:00:00,America/Chicago,false,false,publish,https://kwel.com/event/alex-marlow/2027-01-21/,,,,"{""currency_symbol"":""$"",""currency_code"":""USD"",""currency_position"":""prefix"",""values"":[]}",[],[],[],[],,,"{""url"":""https://kwel.com/wp-content/uploads/2026/05/Alex-Marlow.png"",""id"":486796,""extension"":""png"",""width"":300,""height"":200}",[],false,false,,,2026-05-21 23:33:23,2026-05-22 04:33:23,true,true,,,
2026-09-30T13:59:37Z,kwel.com,https://www.kwel.com/wp-json/tribe/events/v1/events,29,10077153,kwel.com?id=10077153,Scott Jennings Show,2027-01-21 12:00:00,2027-01-21 18:00:00,2027-01-21 13:00:00,2027-01-21 19:00:00,America/Chicago,false,false,publish,https://kwel.com/event/scott-jennings/2027-01-21/,,,,"{""currency_symbol"":""$"",""currency_code"":""USD"",""currency_position"":""prefix"",""values"":[]}",[],[],[],[],,,"{""url"":""https://kwel.com/wp-content/uploads/2026/05/Scott-Jennings.png"",""id"":486807,""extension"":""png"",""width"":300,""height"":200}",[],false,false,,,2026-05-21 23:37:53,2026-05-22 04:37:53,true,true,,,
2026-09-30T13:59:37Z,kwel.com,https://www.kwel.com/wp-json/tribe/events/v1/events,29,10064360,kwel.com?id=10064360,Dave Ramsey,2027-01-21 13:00:00,2027-01-21 19:00:00,2027-01-21 15:00:00,2027-01-21 21:00:00,America/Chicago,false,false,publish,https://kwel.com/event/dave-ramsey/2027-01-21/,,,,"{""currency_symbol"":""$"",""currency_code"":""USD"",""currency_position"":""prefix"",""values"":[]}",[],[],[],[],,,"{""url"":""https://kwel.com/wp-content/uploads/2026/05/Dave-Ramsey.png"",""id"":486800,""extension"":""png"",""width"":300,""height"":200}",[],false,false,,,2026-05-21 22:58:20,2026-05-22 03:58:20,true,true,,,
2026-09-30T13:59:37Z,kwel.com,https://www.kwel.com/wp-json/tribe/events/v1/events,29,10061750,kwel.com?id=10061750,Tall City Talk,2027-01-21 15:00:00,2027-01-21 21:00:00,2027-01-21 17:00:00,2027-01-21 23:00:00,America/Chicago,false,false,publish,https://kwel.com/event/patriot-call/2027-01-21/,,,,"{""currency_symbol"":""$"",""currency_code"":""USD"",""currency_position"":""prefix"",""values"":[]}",[],[],[],[],,,"{""url"":""https://kwel.com/wp-content/uploads/2026/06/Tall-City-Talk-image-1.png"",""id"":487032,""extension"":""png"",""width"":300,""height"":200}",[],false,false,,,2026-06-12 11:20:35,2026-06-12 16:20:35,true,true,,,
2026-09-30T13:59:37Z,kwel.com,https://www.kwel.com/wp-json/tribe/events/v1/events,29,10051518,kwel.com?id=10051518,Mark Levin,2027-01-21 17:00:00,2027-01-21 23:00:00,2027-01-21 20:00:00,2027-01-22 02:00:00,America/Chicago,false,false,publish,https://kwel.com/event/mark-levin-2/2027-01-21/,,,,"{""currency_symbol"":""$"",""currency_code"":""USD"",""currency_position"":""prefix"",""values"":[]}",[],[],[],[],,,"{""url"":""https://kwel.com/wp-content/uploads/2026/05/Mark-Levin.png"",""id"":486803,""extension"":""png"",""width"":300,""height"":200}",[],false,false,,,2026-05-21 23:20:02,2026-05-22 04:20:02,true,true,,,
2026-09-30T13:59:37Z,kwel.com,https://www.kwel.com/wp-json/tribe/events/v1/events,29,10079761,kwel.com?id=10079761,Scott Jennings Show &#8211; PM,2027-01-21 20:00:00,2027-01-22 02:00:00,2027-01-21 21:00:00,2027-01-22 03:00:00,America/Chicago,false,false,publish,https://kwel.com/event/scott-jennings-show-pm/2027-01-21/,,,,"{""currency_symbol"":""$"",""currency_code"":""USD"",""currency_position"":""prefix"",""values"":[]}",[],[],[],[],,,"{""url"":""https://kwel.com/wp-content/uploads/2026/05/Scott-Jennings.png"",""id"":486807,""extension"":""png"",""width"":300,""height"":200}",[],false,false,,,2026-05-21 23:38:26,2026-05-22 04:38:26,true,true,,,
2026-09-30T13:59:37Z,kwel.com,https://www.kwel.com/wp-json/tribe/events/v1/events,29,10065664,kwel.com?id=10065664,Mike Gallagher &#8211; PM,2027-01-21 21:00:00,2027-01-22 03:00:00,2027-01-21 23:00:00,2027-01-22 05:00:00,America/Chicago,false,false,publish,https://kwel.com/event/mike-gallagher-4-2/2027-01-21/,,,,"{""currency_symbol"":""$"",""currency_code"":""USD"",""currency_position"":""prefix"",""values"":[]}",[],[],[],[],,,"{""url"":""https://kwel.com/wp-content/uploads/2026/05/Mike-Gallagher.png"",""id"":486804,""extension"":""png"",""width"":300,""height"":200}",[],false,false,,,2026-05-21 22:45:14,2026-05-22 03:45:14,true,true,,,
2026-09-30T13:59:37Z,kwel.com,https://www.kwel.com/wp-json/tribe/events/v1/events,29,10027635,kwel.com?id=10027635,Hugh Hewitt,2027-01-21 23:00:00,2027-01-22 05:00:00,2027-01-22 02:00:00,2027-01-22 08:00:00,America/Chicago,false,false,publish,https://kwel.com/event/hugh-hewitt/2027-01-21/,,,,"{""currency_symbol"":""$"",""currency_code"":""USD"",""currency_position"":""prefix"",""values"":[]}",[],[],[],[],,,"{""url"":""https://kwel.com/wp-content/uploads/2026/05/Hugh-Hewitt.png"",""id"":486801,""extension"":""png"",""width"":300,""height"":200}",[],false,false,,,2026-05-21 23:21:01,2026-05-22 04:21:01,true,true,,,
2026-09-30T13:59:37Z,kwel.com,https://www.kwel.com/wp-json/tribe/events/v1/events,29,10071832,kwel.com?id=10071832,Larry Elder,2027-01-22 02:00:00,2027-01-22 08:00:00,2027-01-22 05:00:00,2027-01-22 11:00:00,America/Chicago,false,false,publish,https://kwel.com/event/larry-elder-2/2027-01-22/,,,,"{""currency_symbol"":""$"",""currency_code"":""USD"",""currency_position"":""prefix"",""values"":[]}",[],[],[],[],,,"{""url"":""https://kwel.com/wp-content/uploads/2026/05/Larry-Elder.png"",""id"":486802,""extension"":""png"",""width"":300,""height"":200}",[],false,false,,,2026-05-21 23:52:47,2026-05-22 04:52:47,true,true,,,
2026-09-30T13:59:37Z,kwel.com,https://www.kwel.com/wp-json/tribe/events/v1/events,29,10055069,kwel.com?id=10055069,America in the Morning,2027-01-22 05:00:00,2027-01-22 11:00:00,2027-01-22 06:00:00,2027-01-22 12:00:00,America/Chicago,false,false,publish,https://kwel.com/event/america-in-the-morning/2027-01-22/,,,,"{""currency_symbol"":""$"",""currency_code"":""USD"",""currency_position"":""prefix"",""values"":[]}",[],[],[],[],,,"{""url"":""https://kwel.com/wp-content/uploads/2026/05/America-in-the-Morning.png"",""id"":486797,""extension"":""png"",""width"":300,""height"":200}",[],false,false,,,2026-05-21 23:04:52,2026-05-22 04:04:52,true,true,,,
2026-09-30T13:59:37Z,kwel.com,https://www.kwel.com/wp-json/tribe/events/v1/events,29,10012022,kwel.com?id=10012022,The Morning Show with Craig Anderson &#038; Lisa Kay,2027-01-22 06:00:00,2027-01-22 12:00:00,2027-01-22 10:00:00,2027-01-22 16:00:00,America/Chicago,false,false,publish,https://kwel.com/event/the-morning-show-with-craig-anderson-2/2027-01-22/,,,,"{""currency_symbol"":""$"",""currency_code"":""USD"",""currency_position"":""prefix"",""values"":[]}",[],[],[],[],<p>Local and streaming live!</p>,,"{""url"":""https://kwel.com/wp-content/uploads/2026/05/Craig-and-Lisa-1.png"",""id"":486798,""extension"":""png"",""width"":300,""height"":200}",[],false,false,,,2026-05-21 23:18:43,2026-05-22 04:18:43,true,true,,,
2026-09-30T13:59:37Z,kwel.com,https://www.kwel.com/wp-json/tribe/events/v1/events,29,10059143,kwel.com?id=10059143,Mike Gallagher &#8211; AM,2027-01-22 10:00:00,2027-01-22 16:00:00,2027-01-22 11:00:00,2027-01-22 17:00:00,America/Chicago,false,false,publish,https://kwel.com/event/mike-gallagher-am-2/2027-01-22/,,,,"{""currency_symbol"":""$"",""currency_code"":""USD"",""currency_position"":""prefix"",""values"":[]}",[],[],[],[],,,"{""url"":""https://kwel.com/wp-content/uploads/2026/05/Mike-Gallagher.png"",""id"":486804,""extension"":""png"",""width"":300,""height"":200}",[],false,false,,,2026-05-21 22:43:18,2026-05-22 03:43:18,true,true,,,
2026-09-30T13:59:37Z,kwel.com,https://www.kwel.com/wp-json/tribe/events/v1/events,29,10075849,kwel.com?id=10075849,Alex Marlow,2027-01-22 11:00:00,2027-01-22 17:00:00,2027-01-22 12:00:00,2027-01-22 18:00:00,America/Chicago,false,false,publish,https://kwel.com/event/alex-marlow/2027-01-22/,,,,"{""currency_symbol"":""$"",""currency_code"":""USD"",""currency_position"":""prefix"",""values"":[]}",[],[],[],[],,,"{""url"":""https://kwel.com/wp-content/uploads/2026/05/Alex-Marlow.png"",""id"":486796,""extension"":""png"",""width"":300,""height"":200}",[],false,false,,,2026-05-21 23:33:23,2026-05-22 04:33:23,true,true,,,
2026-09-30T13:59:37Z,kwel.com,https://www.kwel.com/wp-json/tribe/events/v1/events,29,10077154,kwel.com?id=10077154,Scott Jennings Show,2027-01-22 12:00:00,2027-01-22 18:00:00,2027-01-22 13:00:00,2027-01-22 19:00:00,America/Chicago,false,false,publish,https://kwel.com/event/scott-jennings/2027-01-22/,,,,"{""currency_symbol"":""$"",""currency_code"":""USD"",""currency_position"":""prefix"",""values"":[]}",[],[],[],[],,,"{""url"":""https://kwel.com/wp-content/uploads/2026/05/Scott-Jennings.png"",""id"":486807,""extension"":""png"",""width"":300,""height"":200}",[],false,false,,,2026-05-21 23:37:53,2026-05-22 04:37:53,true,true,,,
2026-09-30T13:59:37Z,kwel.com,https://www.kwel.com/wp-json/tribe/events/v1/events,29,10064361,kwel.com?id=10064361,Dave Ramsey,2027-01-22 13:00:00,2027-01-22 19:00:00,2027-01-22 15:00:00,2027-01-22 21:00:00,America/Chicago,false,false,publish,https://kwel.com/event/dave-ramsey/2027-01-22/,,,,"{""currency_symbol"":""$"",""currency_code"":""USD"",""currency_position"":""prefix"",""values"":[]}",[],[],[],[],,,"{""url"":""https://kwel.com/wp-content/uploads/2026/05/Dave-Ramsey.png"",""id"":486800,""extension"":""png"",""width"":300,""height"":200}",[],false,false,,,2026-05-21 22:58:20,2026-05-22 03:58:20,true,true,,,
2026-09-30T13:59:37Z,kwel.com,https://www.kwel.com/wp-json/tribe/events/v1/events,29,10061751,kwel.com?id=10061751,Tall City Talk,2027-01-22 15:00:00,2027-01-22 21:00:00,2027-01-22 17:00:00,2027-01-22 23:00:00,America/Chicago,false,false,publish,https://kwel.com/event/patriot-call/2027-01-22/,,,,"{""currency_symbol"":""$"",""currency_code"":""USD"",""currency_position"":""prefix"",""values"":[]}",[],[],[],[],,,"{""url"":""https://kwel.com/wp-content/uploads/2026/06/Tall-City-Talk-image-1.png"",""id"":487032,""extension"":""png"",""width"":300,""height"":200}",[],false,false,,,2026-06-12 11:20:35,2026-06-12 16:20:35,true,true,,,
2026-09-30T13:59:37Z,kwel.com,https://www.kwel.com/wp-json/tribe/events/v1/events,29,10051519,kwel.com?id=10051519,Mark Levin,2027-01-22 17:00:00,2027-01-22 23:00:00,2027-01-22 20:00:00,2027-01-23 02:00:00,America/Chicago,false,false,publish,https://kwel.com/event/mark-levin-2/2027-01-22/,,,,"{""currency_symbol"":""$"",""currency_code"":""USD"",""currency_position"":""prefix"",""values"":[]}",[],[],[],[],,,"{""url"":""https://kwel.com/wp-content/uploads/2026/05/Mark-Levin.png"",""id"":486803,""extension"":""png"",""width"":300,""height"":200}",[],false,false,,,2026-05-21 23:20:02,2026-05-22 04:20:02,true,true,,,
2026-09-30T13:59:37Z,kwel.com,https://www.kwel.com/wp-json/tribe/events/v1/events,29,10079762,kwel.com?id=10079762,Scott Jennings Show &#8211; PM,2027-01-22 20:00:00,2027-01-23 02:00:00,2027-01-22 21:00:00,2027-01-23 03:00:00,America/Chicago,false,false,publish,https://kwel.com/event/scott-jennings-show-pm/2027-01-22/,,,,"{""currency_symbol"":""$"",""currency_code"":""USD"",""currency_position"":""prefix"",""values"":[]}",[],[],[],[],,,"{""url"":""https://kwel.com/wp-content/uploads/2026/05/Scott-Jennings.png"",""id"":486807,""extension"":""png"",""width"":300,""height"":200}",[],false,false,,,2026-05-21 23:38:26,2026-05-22 04:38:26,true,true,,,
2026-09-30T13:59:37Z,kwel.com,https://www.kwel.com/wp-json/tribe/events/v1/events,29,10065665,kwel.com?id=10065665,Mike Gallagher &#8211; PM,2027-01-22 21:00:00,2027-01-23 03:00:00,2027-01-22 23:00:00,2027-01-23 05:00:00,America/Chicago,false,false,publish,https://kwel.com/event/mike-gallagher-4-2/2027-01-22/,,,,"{""currency_symbol"":""$"",""currency_code"":""USD"",""currency_position"":""prefix"",""values"":[]}",[],[],[],[],,,"{""url"":""https://kwel.com/wp-content/uploads/2026/05/Mike-Gallagher.png"",""id"":486804,""extension"":""png"",""width"":300,""height"":200}",[],false,false,,,2026-05-21 22:45:14,2026-05-22 03:45:14,true,true,,,
2026-09-30T13:59:37Z,kwel.com,https://www.kwel.com/wp-json/tribe/events/v1/events,29,10027636,kwel.com?id=10027636,Hugh Hewitt,2027-01-22 23:00:00,2027-01-23 05:00:00,2027-01-23 02:00:00,2027-01-23 08:00:00,America/Chicago,false,false,publish,https://kwel.com/event/hugh-hewitt/2027-01-22/,,,,"{""currency_symbol"":""$"",""currency_code"":""USD"",""currency_position"":""prefix"",""values"":[]}",[],[],[],[],,,"{""url"":""https://kwel.com/wp-content/uploads/2026/05/Hugh-Hewitt.png"",""id"":486801,""extension"":""png"",""width"":300,""height"":200}",[],false,false,,,2026-05-21 23:21:01,2026-05-22 04:21:01,true,true,,,
2026-09-30T13:59:37Z,kwel.com,https://www.kwel.com/wp-json/tribe/events/v1/events,29,10071432,kwel.com?id=10071432,America in the Morning &#8211; Sat.,2027-01-23 06:00:00,2027-01-23 12:00:00,2027-01-23 06:30:00,2027-01-23 12:30:00,America/Chicago,false,false,publish,https://kwel.com/event/america-in-the-morning-sat/2027-01-23/,,,,"{""currency_symbol"":""$"",""currency_code"":""USD"",""currency_position"":""prefix"",""values"":[]}",[],[],[],[],,,"{""url"":""https://kwel.com/wp-content/uploads/2026/05/America-in-the-Morning.png"",""id"":486797,""extension"":""png"",""width"":300,""height"":200}",[],false,false,,,2026-05-21 23:04:09,2026-05-22 04:04:09,true,true,,,
2026-09-30T13:59:37Z,kwel.com,https://www.kwel.com/wp-json/tribe/events/v1/events,29,10081611,kwel.com?id=10081611,Oldies Music Show,2027-01-23 06:30:00,2027-01-23 12:30:00,2027-01-23 09:00:00,2027-01-23 15:00:00,America/Chicago,false,false,publish,https://kwel.com/event/oldies-music-show/2027-01-23/,,,,"{""currency_symbol"":""$"",""currency_code"":""USD"",""currency_position"":""prefix"",""values"":[]}",[],[],[],[],,,false,[],false,false,,,2026-05-21 23:46:45,2026-05-22 04:46:45,true,true,,,
2026-09-30T13:59:37Z,kwel.com,https://www.kwel.com/wp-json/tribe/events/v1/events,29,10081350,kwel.com?id=10081350,The Oil Mix Show w/ Kym Balado,2027-01-23 09:00:00,2027-01-23 15:00:00,2027-01-23 10:00:00,2027-01-23 16:00:00,America/Chicago,false,false,publish,https://kwel.com/event/inside-the-oil-patch-with-kim-balado/2027-01-23/,,,,"{""currency_symbol"":""$"",""currency_code"":""USD"",""currency_position"":""prefix"",""values"":[]}",[],[],[],[],,,false,[],false,false,,,2026-05-21 23:45:16,2026-05-22 04:45:16,true,true,,,
2026-09-30T13:59:37Z,kwel.com,https://www.kwel.com/wp-json/tribe/events/v1/events,29,10083199,kwel.com?id=10083199,Hoyl Financial,2027-01-23 10:00:00,2027-01-23 16:00:00,2027-01-23 10:30:00,2027-01-23 16:30:00,America/Chicago,false,false,publish,https://kwel.com/event/hoyl-financial/2027-01-23/,,,,"{""currency_symbol"":""$"",""currency_code"":""USD"",""currency_position"":""prefix"",""values"":[]}",[],[],[],[],,,false,[],false,false,,,2026-05-22 00:04:04,2026-05-22 05:04:04,true,true,,,
2026-09-30T13:59:37Z,kwel.com,https://www.kwel.com/wp-json/tribe/events/v1/events,29,10036163,kwel.com?id=10036163,Dr. Bob Martin,2027-01-23 11:00:00,2027-01-23 17:00:00,2027-01-23 13:00:00,2027-01-23 19:00:00,America/Chicago,false,false,publish,https://kwel.com/event/dr-bob-martin/2027-01-23/,,,,"{""currency_symbol"":""$"",""currency_code"":""USD"",""currency_position"":""prefix"",""values"":[]}",[],[],[],[],<p>Presented by Natural Foods Market</p>,,"{""url"":""https://kwel.com/wp-content/uploads/2024/12/Dr.-Bob-Martin.png"",""id"":486828,""extension"":""png"",""width"":300,""height"":200}",[],false,false,,,2026-05-21 23:23:52,2026-05-22 04:23:52,true,true,,,
2026-09-30T13:59:37Z,kwel.com,https://www.kwel.com/wp-json/tribe/events/v1/events,29,10082938,kwel.com?id=10082938,Body Talk with Dr. Bill Dodson,2027-01-23 13:00:00,2027-01-23 19:00:00,2027-01-23 15:00:00,2027-01-23 21:00:00,America/Chicago,false,false,publish,https://kwel.com/event/body-talk-with-dr-bill-dodson/2027-01-23/,,,,"{""currency_symbol"":""$"",""currency_code"":""USD"",""currency_position"":""prefix"",""values"":[]}",[],[],[],[],<p>Paradigm Physical Therapy &#8211; LIVE AND LOCAL</p>,,"{""url"":""https://kwel.com/wp-content/uploads/2024/12/Bill-Dodson.png"",""id"":486852,""extension"":""png"",""width"":300,""height"":200}",[],false,false,,,2026-05-22 00:01:52,2026-05-22 05:01:52,true,true,,,
2026-09-30T13:59:37Z,kwel.com,https://www.kwel.com/wp-json/tribe/events/v1/events,30,10083721,kwel.com?id=10083721,The CC Auto Show,2027-01-23 15:00:00,2027-01-23 21:00:00,2027-01-23 17:00:00,2027-01-23 23:00:00,America/Chicago,false,false,publish,https://kwel.com/event/the-best-of-hoss-duggar/2027-01-23/,,,,"{""currency_symbol"":""$"",""currency_code"":""USD"",""currency_position"":""prefix"",""values"":[]}",[],[],[],[],,,false,[],false,false,,,2026-05-22 00:06:03,2026-05-22 05:06:03,true,true,,,
2026-09-30T13:59:37Z,kwel.com,https://www.kwel.com/wp-json/tribe/events/v1/events,30,10083982,kwel.com?id=10083982,The Pet Show,2027-01-23 17:00:00,2027-01-23 23:00:00,2027-01-23 19:00:00,2027-01-24 01:00:00,America/Chicago,false,false,publish,https://kwel.com/event/the-pet-show/2027-01-23/,,,,"{""currency_symbol"":""$"",""currency_code"":""USD"",""currency_position"":""prefix"",""values"":[]}",[],[],[],[],,,false,[],false,false,,,2026-05-22 00:07:14,2026-05-22 05:07:14,true,true,,,
2026-09-30T13:59:37Z,kwel.com,https://www.kwel.com/wp-json/tribe/events/v1/events,30,10084243,kwel.com?id=10084243,The Best of Hoss Duggar &#8211; PM,2027-01-23 19:00:00,2027-01-24 01:00:00,2027-01-23 19:30:00,2027-01-24 01:30:00,America/Chicago,false,false,publish,https://kwel.com/event/the-best-of-hoss-duggar-pm/2027-01-23/,,,,"{""currency_symbol"":""$"",""currency_code"":""USD"",""currency_position"":""prefix"",""values"":[]}",[],[],[],[],,,false,[],false,false,,,2026-05-22 00:08:01,2026-05-22 05:08:01,true,true,,,
2026-09-30T13:59:37Z,kwel.com,https://www.kwel.com/wp-json/tribe/events/v1/events,30,10084504,kwel.com?id=10084504,The Best of Keith Stretcher &#8211; Sat.,2027-01-23 19:30:00,2027-01-24 01:30:00,2027-01-23 20:00:00,2027-01-24 02:00:00,America/Chicago,false,false,publish,https://kwel.com/event/the-best-of-keith-stretcher-sat/2027-01-23/,,,,"{""currency_symbol"":""$"",""currency_code"":""USD"",""currency_position"":""prefix"",""values"":[]}",[],[],[],[],,,false,[],false,false,,,2026-05-22 00:09:06,2026-05-22 05:09:06,true,true,,,
2026-09-30T13:59:37Z,kwel.com,https://www.kwel.com/wp-json/tribe/events/v1/events,30,10086853,kwel.com?id=10086853,Rick Valdez,2027-01-23 20:00:00,2027-01-24 02:00:00,2027-01-24 00:00:00,2027-01-24 06:00:00,America/Chicago,false,false,publish,https://kwel.com/event/rick-valdez/2027-01-23/,,,,"{""currency_symbol"":""$"",""currency_code"":""USD"",""currency_position"":""prefix"",""values"":[]}",[],[],[],[],,,false,[],false,false,,,2026-05-22 00:25:00,2026-05-22 05:25:00,true,true,,,
2026-09-30T13:59:37Z,kwel.com,https://www.kwel.com/wp-json/tribe/events/v1/events,30,10087114,kwel.com?id=10087114,Kevin McCullough,2027-01-24 00:00:00,2027-01-24 06:00:00,2027-01-24 03:00:00,2027-01-24 09:00:00,America/Chicago,false,false,publish,https://kwel.com/event/kevin-mccullough/2027-01-24/,,,,"{""currency_symbol"":""$"",""currency_code"":""USD"",""currency_position"":""prefix"",""values"":[]}",[],[],[],[],,,false,[],false,false,,,2026-05-29 20:04:05,2026-05-30 01:04:05,true,true,,,
2026-09-30T13:59:37Z,kwel.com,https://www.kwel.com/wp-json/tribe/events/v1/events,30,10066828,kwel.com?id=10066828,Mike Gallagher &#8211; Sunday,2027-01-24 03:00:00,2027-01-24 09:00:00,2027-01-24 06:00:00,2027-01-24 12:00:00,America/Chicago,false,false,publish,https://kwel.com/event/mike-gallagher-4-3/2027-01-24/,,,,"{""currency_symbol"":""$"",""currency_code"":""USD"",""currency_position"":""prefix"",""values"":[]}",[],[],[],[],,,"{""url"":""https://kwel.com/wp-content/uploads/2026/05/Mike-Gallagher.png"",""id"":486804,""extension"":""png"",""width"":300,""height"":200}",[],false,false,,,2026-05-21 22:51:50,2026-05-22 03:51:50,true,true,,,
2026-09-30T13:59:37Z,kwel.com,https://www.kwel.com/wp-json/tribe/events/v1/events,30,10084765,kwel.com?id=10084765,The Best of Keith Stretcher &#8211; Sun.,2027-01-24 06:30:00,2027-01-24 12:30:00,2027-01-24 07:00:00,2027-01-24 13:00:00,America/Chicago,false,false,publish,https://kwel.com/event/the-best-of-keith-stretcher-sun/2027-01-24/,,,,"{""currency_symbol"":""$"",""currency_code"":""USD"",""currency_position"":""prefix"",""values"":[]}",[],[],[],[],,,false,[],false,false,,,2026-05-22 00:10:38,2026-05-22 05:10:38,true,true,,,
2026-09-30T13:59:37Z,kwel.com,https://www.kwel.com/wp-json/tribe/events/v1/events,30,10085026,kwel.com?id=10085026,Wall Builders &#8211; 7am,2027-01-24 07:00:00,2027-01-24 13:00:00,2027-01-24 07:30:00,2027-01-24 13:30:00,America/Chicago,false,false,publish,https://kwel.com/event/wall-builders-7am/2027-01-24/,,,,"{""currency_symbol"":""$"",""currency_code"":""USD"",""currency_position"":""prefix"",""values"":[]}",[],[],[],[],,,"{""url"":""https://kwel.com/wp-content/uploads/2026/05/Wall-Builders.png"",""id"":486877,""extension"":""png"",""width"":300,""height"":200}",[],false,false,,,2026-05-22 00:15:13,2026-05-22 05:15:13,true,true,,,
2026-09-30T13:59:37Z,kwel.com,https://www.kwel.com/wp-json/tribe/events/v1/events,30,10031783,kwel.com?id=10031783,Lutheran Hour &#8211; Family Shield- Sponsored by Grace Lutheran and Holy Cross Lutheran,2027-01-24 07:30:00,2027-01-24 13:30:00,2027-01-24 08:30:00,2027-01-24 14:30:00,America/Chicago,false,false,publish,https://kwel.com/event/lutheran-hour-family-shield-sponsored-by-grace-lutheran-and-holy-cross-lutheran/2027-01-24/,,,,"{""currency_symbol"":""$"",""currency_code"":""USD"",""currency_position"":""prefix"",""values"":[]}",[],[],[],[],,,false,[],false,false,,,2026-05-21 23:59:20,2026-05-22 04:59:20,true,true,,,
2026-09-30T13:59:37Z,kwel.com,https://www.kwel.com/wp-json/tribe/events/v1/events,30,10085287,kwel.com?id=10085287,Wall Builders &#8211; 8am,2027-01-24 08:00:00,2027-01-24 14:00:00,2027-01-24 08:30:00,2027-01-24 14:30:00,America/Chicago,false,false,publish,https://kwel.com/event/wall-builders-8am/2027-01-24/,,,,"{""currency_symbol"":""$"",""currency_code"":""USD"",""currency_position"":""prefix"",""values"":[]}",[],[],[],[],,,"{""url"":""https://kwel.com/wp-content/uploads/2026/05/Wall-Builders.png"",""id"":486877,""extension"":""png"",""width"":300,""height"":200}",[],false,false,,,2026-05-22 00:16:04,2026-05-22 05:16:04,true,true,,,
2026-09-30T13:59:37Z,kwel.com,https://www.kwel.com/wp-json/tribe/events/v1/events,30,10031148,kwel.com?id=10031148,Family Gospel Music Hour w/ Warren Bell,2027-01-24 08:30:00,2027-01-24 14:30:00,2027-01-24 09:30:00,2027-01-24 15:30:00,America/Chicago,false,false,publish,https://kwel.com/event/family-gospel-music-hour-sponsored-by-warren-bell/2027-01-24/,,,,"{""currency_symbol"":""$"",""currency_code"":""USD"",""currency_position"":""prefix"",""values"":[]}",[],[],[],[],,,false,[],false,false,,,2026-05-21 23:48:07,2026-05-22 04:48:07,true,true,,,
2026-09-30T13:59:37Z,kwel.com,https://www.kwel.com/wp-json/tribe/events/v1/events,30,10085809,kwel.com?id=10085809,ReNew Your Mind w. RC Sproul,2027-01-24 09:30:00,2027-01-24 15:30:00,2027-01-24 10:00:00,2027-01-24 16:00:00,America/Chicago,false,false,publish,https://kwel.com/event/renew-your-mind-w-rc-sproul/2027-01-24/,,,,"{""currency_symbol"":""$"",""currency_code"":""USD"",""currency_position"":""prefix"",""values"":[]}",[],[],[],[],,,false,[],false,false,,,2026-05-22 00:19:04,2026-05-22 05:19:04,true,true,,,
2026-09-30T13:59:37Z,kwel.com,https://www.kwel.com/wp-json/tribe/events/v1/events,30,10030153,kwel.com?id=10030153,Save the Cowboy,2027-01-24 10:00:00,2027-01-24 16:00:00,2027-01-24 10:30:00,2027-01-24 16:30:00,America/Chicago,false,false,publish,https://kwel.com/event/save-the-cowboy-sponsored-by-western-llc-2/2027-01-24/,,,,"{""currency_symbol"":""$"",""currency_code"":""USD"",""currency_position"":""prefix"",""values"":[]}",[],[],[],[],,,false,[],false,false,,,2026-05-21 23:58:20,2026-05-22 04:58:20,true,true,,,
2026-09-30T13:59:37Z,kwel.com,https://www.kwel.com/wp-json/tribe/events/v1/events,30,10029518,kwel.com?id=10029518,Kelview Heights Baptist Church,2027-01-24 10:30:00,2027-01-24 16:30:00,2027-01-24 11:00:00,2027-01-24 17:00:00,America/Chicago,false,false,publish,https://kwel.com/event/kelview-heights-baptist-church/2027-01-24/,,,,"{""currency_symbol"":""$"",""currency_code"":""USD"",""currency_position"":""prefix"",""values"":[]}",[],[],[],[],,,false,[],false,false,,,2026-05-21 23:57:15,2026-05-22 04:57:15,true,true,,,
2026-09-30T13:59:37Z,kwel.com,https://www.kwel.com/wp-json/tribe/events/v1/events,30,10086070,kwel.com?id=10086070,Through the Bible,2027-01-24 11:00:00,2027-01-24 17:00:00,2027-01-24 12:00:00,2027-01-24 18:00:00,America/Chicago,false,false,publish,https://kwel.com/event/through-the-bible/2027-01-24/,,,,"{""currency_symbol"":""$"",""currency_code"":""USD"",""currency_position"":""prefix"",""values"":[]}",[],[],[],[],,,false,[],false,false,,,2026-05-22 00:19:43,2026-05-22 05:19:43,true,true,,,
2026-09-30T13:59:37Z,kwel.com,https://www.kwel.com/wp-json/tribe/events/v1/events,30,10086331,kwel.com?id=10086331,The One of a Kind Financial Show w/ Mike,2027-01-24 12:00:00,2027-01-24 18:00:00,2027-01-24 13:00:00,2027-01-24 19:00:00,America/Chicago,false,false,publish,https://kwel.com/event/kline-marketing-financial-show/2027-01-24/,,,,"{""currency_symbol"":""$"",""currency_code"":""USD"",""currency_position"":""prefix"",""values"":[]}",[],[],[],[],"<p><span data-olk-copy-source=""MessageBody"">The One of a Kind Financial Show with Mike Milligan, CFP delivers story-first financial wisdom—covering taxes, retirement income, investments, long-term care, and legacy—empowering listeners to build a truly one-of-a-kind financial plan.</span></p>",,"{""url"":""https://kwel.com/wp-content/uploads/2026/05/One-of-a-kind-financial-show.png"",""id"":486911,""extension"":""png"",""width"":300,""height"":200}",[],false,false,,,2026-05-29 20:02:25,2026-05-30 01:02:25,true,true,,,
2026-09-30T13:59:37Z,kwel.com,https://www.kwel.com/wp-json/tribe/events/v1/events,30,10085548,kwel.com?id=10085548,Wall Builders &#8211; 1pm,2027-01-24 13:00:00,2027-01-24 19:00:00,2027-01-24 14:00:00,2027-01-24 20:00:00,America/Chicago,false,false,publish,https://kwel.com/event/wall-builders-1pm/2027-01-24/,,,,"{""currency_symbol"":""$"",""currency_code"":""USD"",""currency_position"":""prefix"",""values"":[]}",[],[],[],[],,,"{""url"":""https://kwel.com/wp-content/uploads/2026/05/Wall-Builders.png"",""id"":486877,""extension"":""png"",""width"":300,""height"":200}",[],false,false,,,2026-05-22 00:17:07,2026-05-22 05:17:07,true,true,,,
2026-09-30T13:59:37Z,kwel.com,https://www.kwel.com/wp-json/tribe/events/v1/events,30,10081943,kwel.com?id=10081943,Gun Talk,2027-01-24 14:00:00,2027-01-24 20:00:00,2027-01-24 17:00:00,2027-01-24 23:00:00,America/Chicago,false,false,publish,https://kwel.com/event/gun-talk-2/2027-01-24/,,,,"{""currency_symbol"":""$"",""currency_code"":""USD"",""currency_position"":""prefix"",""values"":[]}",[],[],[],[],,,false,[],false,false,,,2026-05-21 23:51:02,2026-05-22 04:51:02,true,true,,,
2026-09-30T13:59:37Z,kwel.com,https://www.kwel.com/wp-json/tribe/events/v1/events,30,10074300,kwel.com?id=10074300,Larry Elder &#8211; Sunday,2027-01-24 17:00:00,2027-01-24 23:00:00,2027-01-24 19:00:00,2027-01-25 01:00:00,America/Chicago,false,false,publish,https://kwel.com/event/larry-elder-sunday/2027-01-24/,,,,"{""currency_symbol"":""$"",""currency_code"":""USD"",""currency_position"":""prefix"",""values"":[]}",[],[],[],[],,,"{""url"":""https://kwel.com/wp-content/uploads/2026/05/Larry-Elder.png"",""id"":486802,""extension"":""png"",""width"":300,""height"":200}",[],false,false,,,2026-05-21 23:10:20,2026-05-22 04:10:20,true,true,,,
2026-09-30T13:59:37Z,kwel.com,https://www.kwel.com/wp-json/tribe/events/v1/events,30,10041686,kwel.com?id=10041686,Armed American Radio,2027-01-24 19:00:00,2027-01-25 01:00:00,2027-01-24 22:00:00,2027-01-25 04:00:00,America/Chicago,false,false,publish,https://kwel.com/event/armed-american-radio/2027-01-24/,,,,"{""currency_symbol"":""$"",""currency_code"":""USD"",""currency_position"":""prefix"",""values"":[]}",[],[],[],[],,,false,[],false,false,,,2026-05-21 23:55:59,2026-05-22 04:55:59,true,true,,,
2026-09-30T13:59:37Z,kwel.com,https://www.kwel.com/wp-json/tribe/events/v1/events,30,10086592,kwel.com?id=10086592,Wall Builders &#8211; 10pm,2027-01-24 22:00:00,2027-01-25 04:00:00,2027-01-25 00:00:00,2027-01-25 06:00:00,America/Chicago,false,false,publish,https://kwel.com/event/wall-builders-10pm/2027-01-24/,,,,"{""currency_symbol"":""$"",""currency_code"":""USD"",""currency_position"":""prefix"",""values"":[]}",[],[],[],[],,,"{""url"":""https://kwel.com/wp-content/uploads/2026/05/Wall-Builders.png"",""id"":486877,""extension"":""png"",""width"":300,""height"":200}",[],false,false,,,2026-05-22 00:22:52,2026-05-22 05:22:52,true,true,,,
2026-09-30T13:59:37Z,kwel.com,https://www.kwel.com/wp-json/tribe/events/v1/events,30,10071833,kwel.com?id=10071833,Larry Elder,2027-01-25 02:00:00,2027-01-25 08:00:00,2027-01-25 05:00:00,2027-01-25 11:00:00,America/Chicago,false,false,publish,https://kwel.com/event/larry-elder-2/2027-01-25/,,,,"{""currency_symbol"":""$"",""currency_code"":""USD"",""currency_position"":""prefix"",""values"":[]}",[],[],[],[],,,"{""url"":""https://kwel.com/wp-content/uploads/2026/05/Larry-Elder.png"",""id"":486802,""extension"":""png"",""width"":300,""height"":200}",[],false,false,,,2026-05-21 23:52:47,2026-05-22 04:52:47,true,true,,,
2026-09-30T13:59:37Z,kwel.com,https://www.kwel.com/wp-json/tribe/events/v1/events,30,10055071,kwel.com?id=10055071,America in the Morning,2027-01-25 05:00:00,2027-01-25 11:00:00,2027-01-25 06:00:00,2027-01-25 12:00:00,America/Chicago,false,false,publish,https://kwel.com/event/america-in-the-morning/2027-01-25/,,,,"{""currency_symbol"":""$"",""currency_code"":""USD"",""currency_position"":""prefix"",""values"":[]}",[],[],[],[],,,"{""url"":""https://kwel.com/wp-content/uploads/2026/05/America-in-the-Morning.png"",""id"":486797,""extension"":""png"",""width"":300,""height"":200}",[],false,false,,,2026-05-21 23:04:52,2026-05-22 04:04:52,true,true,,,
2026-09-30T13:59:37Z,kwel.com,https://www.kwel.com/wp-json/tribe/events/v1/events,30,10012023,kwel.com?id=10012023,The Morning Show with Craig Anderson &#038; Lisa Kay,2027-01-25 06:00:00,2027-01-25 12:00:00,2027-01-25 10:00:00,2027-01-25 16:00:00,America/Chicago,false,false,publish,https://kwel.com/event/the-morning-show-with-craig-anderson-2/2027-01-25/,,,,"{""currency_symbol"":""$"",""currency_code"":""USD"",""currency_position"":""prefix"",""values"":[]}",[],[],[],[],<p>Local and streaming live!</p>,,"{""url"":""https://kwel.com/wp-content/uploads/2026/05/Craig-and-Lisa-1.png"",""id"":486798,""extension"":""png"",""width"":300,""height"":200}",[],false,false,,,2026-05-21 23:18:43,2026-05-22 04:18:43,true,true,,,
2026-09-30T13:59:37Z,kwel.com,https://www.kwel.com/wp-json/tribe/events/v1/events,30,10059144,kwel.com?id=10059144,Mike Gallagher &#8211; AM,2027-01-25 10:00:00,2027-01-25 16:00:00,2027-01-25 11:00:00,2027-01-25 17:00:00,America/Chicago,false,false,publish,https://kwel.com/event/mike-gallagher-am-2/2027-01-25/,,,,"{""currency_symbol"":""$"",""currency_code"":""USD"",""currency_position"":""prefix"",""values"":[]}",[],[],[],[],,,"{""url"":""https://kwel.com/wp-content/uploads/2026/05/Mike-Gallagher.png"",""id"":486804,""extension"":""png"",""width"":300,""height"":200}",[],false,false,,,2026-05-21 22:43:18,2026-05-22 03:43:18,true,true,,,
2026-09-30T13:59:37Z,kwel.com,https://www.kwel.com/wp-json/tribe/events/v1/events,30,10075850,kwel.com?id=10075850,Alex Marlow,2027-01-25 11:00:00,2027-01-25 17:00:00,2027-01-25 12:00:00,2027-01-25 18:00:00,America/Chicago,false,false,publish,https://kwel.com/event/alex-marlow/2027-01-25/,,,,"{""currency_symbol"":""$"",""currency_code"":""USD"",""currency_position"":""prefix"",""values"":[]}",[],[],[],[],,,"{""url"":""https://kwel.com/wp-content/uploads/2026/05/Alex-Marlow.png"",""id"":486796,""extension"":""png"",""width"":300,""height"":200}",[],false,false,,,2026-05-21 23:33:23,2026-05-22 04:33:23,true,true,,,
2026-09-30T13:59:37Z,kwel.com,https://www.kwel.com/wp-json/tribe/events/v1/events,30,10077155,kwel.com?id=10077155,Scott Jennings Show,2027-01-25 12:00:00,2027-01-25 18:00:00,2027-01-25 13:00:00,2027-01-25 19:00:00,America/Chicago,false,false,publish,https://kwel.com/event/scott-jennings/2027-01-25/,,,,"{""currency_symbol"":""$"",""currency_code"":""USD"",""currency_position"":""prefix"",""values"":[]}",[],[],[],[],,,"{""url"":""https://kwel.com/wp-content/uploads/2026/05/Scott-Jennings.png"",""id"":486807,""extension"":""png"",""width"":300,""height"":200}",[],false,false,,,2026-05-21 23:37:53,2026-05-22 04:37:53,true,true,,,
2026-09-30T13:59:37Z,kwel.com,https://www.kwel.com/wp-json/tribe/events/v1/events,30,10064362,kwel.com?id=10064362,Dave Ramsey,2027-01-25 13:00:00,2027-01-25 19:00:00,2027-01-25 15:00:00,2027-01-25 21:00:00,America/Chicago,false,false,publish,https://kwel.com/event/dave-ramsey/2027-01-25/,,,,"{""currency_symbol"":""$"",""currency_code"":""USD"",""currency_position"":""prefix"",""values"":[]}",[],[],[],[],,,"{""url"":""https://kwel.com/wp-content/uploads/2026/05/Dave-Ramsey.png"",""id"":486800,""extension"":""png"",""width"":300,""height"":200}",[],false,false,,,2026-05-21 22:58:20,2026-05-22 03:58:20,true,true,,,
2026-09-30T13:59:37Z,kwel.com,https://www.kwel.com/wp-json/tribe/events/v1/events,30,10061752,kwel.com?id=10061752,Tall City Talk,2027-01-25 15:00:00,2027-01-25 21:00:00,2027-01-25 17:00:00,2027-01-25 23:00:00,America/Chicago,false,false,publish,https://kwel.com/event/patriot-call/2027-01-25/,,,,"{""currency_symbol"":""$"",""currency_code"":""USD"",""currency_position"":""prefix"",""values"":[]}",[],[],[],[],,,"{""url"":""https://kwel.com/wp-content/uploads/2026/06/Tall-City-Talk-image-1.png"",""id"":487032,""extension"":""png"",""width"":300,""height"":200}",[],false,false,,,2026-06-12 11:20:35,2026-06-12 16:20:35,true,true,,,
2026-09-30T13:59:37Z,kwel.com,https://www.kwel.com/wp-json/tribe/events/v1/events,30,10051520,kwel.com?id=10051520,Mark Levin,2027-01-25 17:00:00,2027-01-25 23:00:00,2027-01-25 20:00:00,2027-01-26 02:00:00,America/Chicago,false,false,publish,https://kwel.com/event/mark-levin-2/2027-01-25/,,,,"{""currency_symbol"":""$"",""currency_code"":""USD"",""currency_position"":""prefix"",""values"":[]}",[],[],[],[],,,"{""url"":""https://kwel.com/wp-content/uploads/2026/05/Mark-Levin.png"",""id"":486803,""extension"":""png"",""width"":300,""height"":200}",[],false,false,,,2026-05-21 23:20:02,2026-05-22 04:20:02,true,true,,,
2026-09-30T13:59:37Z,kwel.com,https://www.kwel.com/wp-json/tribe/events/v1/events,30,10079763,kwel.com?id=10079763,Scott Jennings Show &#8211; PM,2027-01-25 20:00:00,2027-01-26 02:00:00,2027-01-25 21:00:00,2027-01-26 03:00:00,America/Chicago,false,false,publish,https://kwel.com/event/scott-jennings-show-pm/2027-01-25/,,,,"{""currency_symbol"":""$"",""currency_code"":""USD"",""currency_position"":""prefix"",""values"":[]}",[],[],[],[],,,"{""url"":""https://kwel.com/wp-content/uploads/2026/05/Scott-Jennings.png"",""id"":486807,""extension"":""png"",""width"":300,""height"":200}",[],false,false,,,2026-05-21 23:38:26,2026-05-22 04:38:26,true,true,,,
2026-09-30T13:59:37Z,kwel.com,https://www.kwel.com/wp-json/tribe/events/v1/events,30,10065666,kwel.com?id=10065666,Mike Gallagher &#8211; PM,2027-01-25 21:00:00,2027-01-26 03:00:00,2027-01-25 23:00:00,2027-01-26 05:00:00,America/Chicago,false,false,publish,https://kwel.com/event/mike-gallagher-4-2/2027-01-25/,,,,"{""currency_symbol"":""$"",""currency_code"":""USD"",""currency_position"":""prefix"",""values"":[]}",[],[],[],[],,,"{""url"":""https://kwel.com/wp-content/uploads/2026/05/Mike-Gallagher.png"",""id"":486804,""extension"":""png"",""width"":300,""height"":200}",[],false,false,,,2026-05-21 22:45:14,2026-05-22 03:45:14,true,true,,,
2026-09-30T13:59:37Z,kwel.com,https://www.kwel.com/wp-json/tribe/events/v1/events,30,10027637,kwel.com?id=10027637,Hugh Hewitt,2027-01-25 23:00:00,2027-01-26 05:00:00,2027-01-26 02:00:00,2027-01-26 08:00:00,America/Chicago,false,false,publish,https://kwel.com/event/hugh-hewitt/2027-01-25/,,,,"{""currency_symbol"":""$"",""currency_code"":""USD"",""currency_position"":""prefix"",""values"":[]}",[],[],[],[],,,"{""url"":""https://kwel.com/wp-content/uploads/2026/05/Hugh-Hewitt.png"",""id"":486801,""extension"":""png"",""width"":300,""height"":200}",[],false,false,,,2026-05-21 23:21:01,2026-05-22 04:21:01,true,true,,,
2026-09-30T13:59:37Z,kwel.com,https://www.kwel.com/wp-json/tribe/events/v1/events,30,10071834,kwel.com?id=10071834,Larry Elder,2027-01-26 02:00:00,2027-01-26 08:00:00,2027-01-26 05:00:00,2027-01-26 11:00:00,America/Chicago,false,false,publish,https://kwel.com/event/larry-elder-2/2027-01-26/,,,,"{""currency_symbol"":""$"",""currency_code"":""USD"",""currency_position"":""prefix"",""values"":[]}",[],[],[],[],,,"{""url"":""https://kwel.com/wp-content/uploads/2026/05/Larry-Elder.png"",""id"":486802,""extension"":""png"",""width"":300,""height"":200}",[],false,false,,,2026-05-21 23:52:47,2026-05-22 04:52:47,true,true,,,
2026-09-30T13:59:37Z,kwel.com,https://www.kwel.com/wp-json/tribe/events/v1/events,30,10055072,kwel.com?id=10055072,America in the Morning,2027-01-26 05:00:00,2027-01-26 11:00:00,2027-01-26 06:00:00,2027-01-26 12:00:00,America/Chicago,false,false,publish,https://kwel.com/event/america-in-the-morning/2027-01-26/,,,,"{""currency_symbol"":""$"",""currency_code"":""USD"",""currency_position"":""prefix"",""values"":[]}",[],[],[],[],,,"{""url"":""https://kwel.com/wp-content/uploads/2026/05/America-in-the-Morning.png"",""id"":486797,""extension"":""png"",""width"":300,""height"":200}",[],false,false,,,2026-05-21 23:04:52,2026-05-22 04:04:52,true,true,,,
2026-09-30T13:59:37Z,kwel.com,https://www.kwel.com/wp-json/tribe/events/v1/events,30,10012024,kwel.com?id=10012024,The Morning Show with Craig Anderson &#038; Lisa Kay,2027-01-26 06:00:00,2027-01-26 12:00:00,2027-01-26 10:00:00,2027-01-26 16:00:00,America/Chicago,false,false,publish,https://kwel.com/event/the-morning-show-with-craig-anderson-2/2027-01-26/,,,,"{""currency_symbol"":""$"",""currency_code"":""USD"",""currency_position"":""prefix"",""values"":[]}",[],[],[],[],<p>Local and streaming live!</p>,,"{""url"":""https://kwel.com/wp-content/uploads/2026/05/Craig-and-Lisa-1.png"",""id"":486798,""extension"":""png"",""width"":300,""height"":200}",[],false,false,,,2026-05-21 23:18:43,2026-05-22 04:18:43,true,true,,,
2026-09-30T13:59:37Z,kwel.com,https://www.kwel.com/wp-json/tribe/events/v1/events,30,10059145,kwel.com?id=10059145,Mike Gallagher &#8211; AM,2027-01-26 10:00:00,2027-01-26 16:00:00,2027-01-26 11:00:00,2027-01-26 17:00:00,America/Chicago,false,false,publish,https://kwel.com/event/mike-gallagher-am-2/2027-01-26/,,,,"{""currency_symbol"":""$"",""currency_code"":""USD"",""currency_position"":""prefix"",""values"":[]}",[],[],[],[],,,"{""url"":""https://kwel.com/wp-content/uploads/2026/05/Mike-Gallagher.png"",""id"":486804,""extension"":""png"",""width"":300,""height"":200}",[],false,false,,,2026-05-21 22:43:18,2026-05-22 03:43:18,true,true,,,
2026-09-30T13:59:37Z,kwel.com,https://www.kwel.com/wp-json/tribe/events/v1/events,30,10075851,kwel.com?id=10075851,Alex Marlow,2027-01-26 11:00:00,2027-01-26 17:00:00,2027-01-26 12:00:00,2027-01-26 18:00:00,America/Chicago,false,false,publish,https://kwel.com/event/alex-marlow/2027-01-26/,,,,"{""currency_symbol"":""$"",""currency_code"":""USD"",""currency_position"":""prefix"",""values"":[]}",[],[],[],[],,,"{""url"":""https://kwel.com/wp-content/uploads/2026/05/Alex-Marlow.png"",""id"":486796,""extension"":""png"",""width"":300,""height"":200}",[],false,false,,,2026-05-21 23:33:23,2026-05-22 04:33:23,true,true,,,
2026-09-30T13:59:37Z,kwel.com,https://www.kwel.com/wp-json/tribe/events/v1/events,30,10077156,kwel.com?id=10077156,Scott Jennings Show,2027-01-26 12:00:00,2027-01-26 18:00:00,2027-01-26 13:00:00,2027-01-26 19:00:00,America/Chicago,false,false,publish,https://kwel.com/event/scott-jennings/2027-01-26/,,,,"{""currency_symbol"":""$"",""currency_code"":""USD"",""currency_position"":""prefix"",""values"":[]}",[],[],[],[],,,"{""url"":""https://kwel.com/wp-content/uploads/2026/05/Scott-Jennings.png"",""id"":486807,""extension"":""png"",""width"":300,""height"":200}",[],false,false,,,2026-05-21 23:37:53,2026-05-22 04:37:53,true,true,,,
2026-09-30T13:59:37Z,kwel.com,https://www.kwel.com/wp-json/tribe/events/v1/events,30,10064363,kwel.com?id=10064363,Dave Ramsey,2027-01-26 13:00:00,2027-01-26 19:00:00,2027-01-26 15:00:00,2027-01-26 21:00:00,America/Chicago,false,false,publish,https://kwel.com/event/dave-ramsey/2027-01-26/,,,,"{""currency_symbol"":""$"",""currency_code"":""USD"",""currency_position"":""prefix"",""values"":[]}",[],[],[],[],,,"{""url"":""https://kwel.com/wp-content/uploads/2026/05/Dave-Ramsey.png"",""id"":486800,""extension"":""png"",""width"":300,""height"":200}",[],false,false,,,2026-05-21 22:58:20,2026-05-22 03:58:20,true,true,,,
2026-09-30T13:59:37Z,kwel.com,https://www.kwel.com/wp-json/tribe/events/v1/events,30,10061753,kwel.com?id=10061753,Tall City Talk,2027-01-26 15:00:00,2027-01-26 21:00:00,2027-01-26 17:00:00,2027-01-26 23:00:00,America/Chicago,false,false,publish,https://kwel.com/event/patriot-call/2027-01-26/,,,,"{""currency_symbol"":""$"",""currency_code"":""USD"",""currency_position"":""prefix"",""values"":[]}",[],[],[],[],,,"{""url"":""https://kwel.com/wp-content/uploads/2026/06/Tall-City-Talk-image-1.png"",""id"":487032,""extension"":""png"",""width"":300,""height"":200}",[],false,false,,,2026-06-12 11:20:35,2026-06-12 16:20:35,true,true,,,
2026-09-30T13:59:37Z,kwel.com,https://www.kwel.com/wp-json/tribe/events/v1/events,30,10051521,kwel.com?id=10051521,Mark Levin,2027-01-26 17:00:00,2027-01-26 23:00:00,2027-01-26 20:00:00,2027-01-27 02:00:00,America/Chicago,false,false,publish,https://kwel.com/event/mark-levin-2/2027-01-26/,,,,"{""currency_symbol"":""$"",""currency_code"":""USD"",""currency_position"":""prefix"",""values"":[]}",[],[],[],[],,,"{""url"":""https://kwel.com/wp-content/uploads/2026/05/Mark-Levin.png"",""id"":486803,""extension"":""png"",""width"":300,""height"":200}",[],false,false,,,2026-05-21 23:20:02,2026-05-22 04:20:02,true,true,,,
2026-09-30T13:59:37Z,kwel.com,https://www.kwel.com/wp-json/tribe/events/v1/events,30,10079764,kwel.com?id=10079764,Scott Jennings Show &#8211; PM,2027-01-26 20:00:00,2027-01-27 02:00:00,2027-01-26 21:00:00,2027-01-27 03:00:00,America/Chicago,false,false,publish,https://kwel.com/event/scott-jennings-show-pm/2027-01-26/,,,,"{""currency_symbol"":""$"",""currency_code"":""USD"",""currency_position"":""prefix"",""values"":[]}",[],[],[],[],,,"{""url"":""https://kwel.com/wp-content/uploads/2026/05/Scott-Jennings.png"",""id"":486807,""extension"":""png"",""width"":300,""height"":200}",[],false,false,,,2026-05-21 23:38:26,2026-05-22 04:38:26,true,true,,,
2026-09-30T13:59:37Z,kwel.com,https://www.kwel.com/wp-json/tribe/events/v1/events,30,10065667,kwel.com?id=10065667,Mike Gallagher &#8211; PM,2027-01-26 21:00:00,2027-01-27 03:00:00,2027-01-26 23:00:00,2027-01-27 05:00:00,America/Chicago,false,false,publish,https://kwel.com/event/mike-gallagher-4-2/2027-01-26/,,,,"{""currency_symbol"":""$"",""currency_code"":""USD"",""currency_position"":""prefix"",""values"":[]}",[],[],[],[],,,"{""url"":""https://kwel.com/wp-content/uploads/2026/05/Mike-Gallagher.png"",""id"":486804,""extension"":""png"",""width"":300,""height"":200}",[],false,false,,,2026-05-21 22:45:14,2026-05-22 03:45:14,true,true,,,
2026-09-30T13:59:37Z,kwel.com,https://www.kwel.com/wp-json/tribe/events/v1/events,30,10027638,kwel.com?id=10027638,Hugh Hewitt,2027-01-26 23:00:00,2027-01-27 05:00:00,2027-01-27 02:00:00,2027-01-27 08:00:00,America/Chicago,false,false,publish,https://kwel.com/event/hugh-hewitt/2027-01-26/,,,,"{""currency_symbol"":""$"",""currency_code"":""USD"",""currency_position"":""prefix"",""values"":[]}",[],[],[],[],,,"{""url"":""https://kwel.com/wp-content/uploads/2026/05/Hugh-Hewitt.png"",""id"":486801,""extension"":""png"",""width"":300,""height"":200}",[],false,false,,,2026-05-21 23:21:01,2026-05-22 04:21:01,true,true,,,
2026-09-30T13:59:37Z,kwel.com,https://www.kwel.com/wp-json/tribe/events/v1/events,30,10071835,kwel.com?id=10071835,Larry Elder,2027-01-27 02:00:00,2027-01-27 08:00:00,2027-01-27 05:00:00,2027-01-27 11:00:00,America/Chicago,false,false,publish,https://kwel.com/event/larry-elder-2/2027-01-27/,,,,"{""currency_symbol"":""$"",""currency_code"":""USD"",""currency_position"":""prefix"",""values"":[]}",[],[],[],[],,,"{""url"":""https://kwel.com/wp-content/uploads/2026/05/Larry-Elder.png"",""id"":486802,""extension"":""png"",""width"":300,""height"":200}",[],false,false,,,2026-05-21 23:52:47,2026-05-22 04:52:47,true,true,,,
2026-09-30T13:59:37Z,kwel.com,https://www.kwel.com/wp-json/tribe/events/v1/events,30,10055073,kwel.com?id=10055073,America in the Morning,2027-01-27 05:00:00,2027-01-27 11:00:00,2027-01-27 06:00:00,2027-01-27 12:00:00,America/Chicago,false,false,publish,https://kwel.com/event/america-in-the-morning/2027-01-27/,,,,"{""currency_symbol"":""$"",""currency_code"":""USD"",""currency_position"":""prefix"",""values"":[]}",[],[],[],[],,,"{""url"":""https://kwel.com/wp-content/uploads/2026/05/America-in-the-Morning.png"",""id"":486797,""extension"":""png"",""width"":300,""height"":200}",[],false,false,,,2026-05-21 23:04:52,2026-05-22 04:04:52,true,true,,,
2026-09-30T13:59:37Z,kwel.com,https://www.kwel.com/wp-json/tribe/events/v1/events,30,10012025,kwel.com?id=10012025,The Morning Show with Craig Anderson &#038; Lisa Kay,2027-01-27 06:00:00,2027-01-27 12:00:00,2027-01-27 10:00:00,2027-01-27 16:00:00,America/Chicago,false,false,publish,https://kwel.com/event/the-morning-show-with-craig-anderson-2/2027-01-27/,,,,"{""currency_symbol"":""$"",""currency_code"":""USD"",""currency_position"":""prefix"",""values"":[]}",[],[],[],[],<p>Local and streaming live!</p>,,"{""url"":""https://kwel.com/wp-content/uploads/2026/05/Craig-and-Lisa-1.png"",""id"":486798,""extension"":""png"",""width"":300,""height"":200}",[],false,false,,,2026-05-21 23:18:43,2026-05-22 04:18:43,true,true,,,
2026-09-30T13:59:37Z,kwel.com,https://www.kwel.com/wp-json/tribe/events/v1/events,30,10059146,kwel.com?id=10059146,Mike Gallagher &#8211; AM,2027-01-27 10:00:00,2027-01-27 16:00:00,2027-01-27 11:00:00,2027-01-27 17:00:00,America/Chicago,false,false,publish,https://kwel.com/event/mike-gallagher-am-2/2027-01-27/,,,,"{""currency_symbol"":""$"",""currency_code"":""USD"",""currency_position"":""prefix"",""values"":[]}",[],[],[],[],,,"{""url"":""https://kwel.com/wp-content/uploads/2026/05/Mike-Gallagher.png"",""id"":486804,""extension"":""png"",""width"":300,""height"":200}",[],false,false,,,2026-05-21 22:43:18,2026-05-22 03:43:18,true,true,,,
2026-09-30T13:59:37Z,kwel.com,https://www.kwel.com/wp-json/tribe/events/v1/events,31,10075852,kwel.com?id=10075852,Alex Marlow,2027-01-27 11:00:00,2027-01-27 17:00:00,2027-01-27 12:00:00,2027-01-27 18:00:00,America/Chicago,false,false,publish,https://kwel.com/event/alex-marlow/2027-01-27/,,,,"{""currency_symbol"":""$"",""currency_code"":""USD"",""currency_position"":""prefix"",""values"":[]}",[],[],[],[],,,"{""url"":""https://kwel.com/wp-content/uploads/2026/05/Alex-Marlow.png"",""id"":486796,""extension"":""png"",""width"":300,""height"":200}",[],false,false,,,2026-05-21 23:33:23,2026-05-22 04:33:23,true,true,,,
2026-09-30T13:59:37Z,kwel.com,https://www.kwel.com/wp-json/tribe/events/v1/events,31,10077157,kwel.com?id=10077157,Scott Jennings Show,2027-01-27 12:00:00,2027-01-27 18:00:00,2027-01-27 13:00:00,2027-01-27 19:00:00,America/Chicago,false,false,publish,https://kwel.com/event/scott-jennings/2027-01-27/,,,,"{""currency_symbol"":""$"",""currency_code"":""USD"",""currency_position"":""prefix"",""values"":[]}",[],[],[],[],,,"{""url"":""https://kwel.com/wp-content/uploads/2026/05/Scott-Jennings.png"",""id"":486807,""extension"":""png"",""width"":300,""height"":200}",[],false,false,,,2026-05-21 23:37:53,2026-05-22 04:37:53,true,true,,,
2026-09-30T13:59:37Z,kwel.com,https://www.kwel.com/wp-json/tribe/events/v1/events,31,10064364,kwel.com?id=10064364,Dave Ramsey,2027-01-27 13:00:00,2027-01-27 19:00:00,2027-01-27 15:00:00,2027-01-27 21:00:00,America/Chicago,false,false,publish,https://kwel.com/event/dave-ramsey/2027-01-27/,,,,"{""currency_symbol"":""$"",""currency_code"":""USD"",""currency_position"":""prefix"",""values"":[]}",[],[],[],[],,,"{""url"":""https://kwel.com/wp-content/uploads/2026/05/Dave-Ramsey.png"",""id"":486800,""extension"":""png"",""width"":300,""height"":200}",[],false,false,,,2026-05-21 22:58:20,2026-05-22 03:58:20,true,true,,,
2026-09-30T13:59:37Z,kwel.com,https://www.kwel.com/wp-json/tribe/events/v1/events,31,10061754,kwel.com?id=10061754,Tall City Talk,2027-01-27 15:00:00,2027-01-27 21:00:00,2027-01-27 17:00:00,2027-01-27 23:00:00,America/Chicago,false,false,publish,https://kwel.com/event/patriot-call/2027-01-27/,,,,"{""currency_symbol"":""$"",""currency_code"":""USD"",""currency_position"":""prefix"",""values"":[]}",[],[],[],[],,,"{""url"":""https://kwel.com/wp-content/uploads/2026/06/Tall-City-Talk-image-1.png"",""id"":487032,""extension"":""png"",""width"":300,""height"":200}",[],false,false,,,2026-06-12 11:20:35,2026-06-12 16:20:35,true,true,,,
2026-09-30T13:59:37Z,kwel.com,https://www.kwel.com/wp-json/tribe/events/v1/events,31,10051522,kwel.com?id=10051522,Mark Levin,2027-01-27 17:00:00,2027-01-27 23:00:00,2027-01-27 20:00:00,2027-01-28 02:00:00,America/Chicago,false,false,publish,https://kwel.com/event/mark-levin-2/2027-01-27/,,,,"{""currency_symbol"":""$"",""currency_code"":""USD"",""currency_position"":""prefix"",""values"":[]}",[],[],[],[],,,"{""url"":""https://kwel.com/wp-content/uploads/2026/05/Mark-Levin.png"",""id"":486803,""extension"":""png"",""width"":300,""height"":200}",[],false,false,,,2026-05-21 23:20:02,2026-05-22 04:20:02,true,true,,,
2026-09-30T13:59:37Z,kwel.com,https://www.kwel.com/wp-json/tribe/events/v1/events,31,10079765,kwel.com?id=10079765,Scott Jennings Show &#8211; PM,2027-01-27 20:00:00,2027-01-28 02:00:00,2027-01-27 21:00:00,2027-01-28 03:00:00,America/Chicago,false,false,publish,https://kwel.com/event/scott-jennings-show-pm/2027-01-27/,,,,"{""currency_symbol"":""$"",""currency_code"":""USD"",""currency_position"":""prefix"",""values"":[]}",[],[],[],[],,,"{""url"":""https://kwel.com/wp-content/uploads/2026/05/Scott-Jennings.png"",""id"":486807,""extension"":""png"",""width"":300,""height"":200}",[],false,false,,,2026-05-21 23:38:26,2026-05-22 04:38:26,true,true,,,
2026-09-30T13:59:37Z,kwel.com,https://www.kwel.com/wp-json/tribe/events/v1/events,31,10065668,kwel.com?id=10065668,Mike Gallagher &#8211; PM,2027-01-27 21:00:00,2027-01-28 03:00:00,2027-01-27 23:00:00,2027-01-28 05:00:00,America/Chicago,false,false,publish,https://kwel.com/event/mike-gallagher-4-2/2027-01-27/,,,,"{""currency_symbol"":""$"",""currency_code"":""USD"",""currency_position"":""prefix"",""values"":[]}",[],[],[],[],,,"{""url"":""https://kwel.com/wp-content/uploads/2026/05/Mike-Gallagher.png"",""id"":486804,""extension"":""png"",""width"":300,""height"":200}",[],false,false,,,2026-05-21 22:45:14,2026-05-22 03:45:14,true,true,,,
2026-09-30T13:59:37Z,kwel.com,https://www.kwel.com/wp-json/tribe/events/v1/events,31,10027639,kwel.com?id=10027639,Hugh Hewitt,2027-01-27 23:00:00,2027-01-28 05:00:00,2027-01-28 02:00:00,2027-01-28 08:00:00,America/Chicago,false,false,publish,https://kwel.com/event/hugh-hewitt/2027-01-27/,,,,"{""currency_symbol"":""$"",""currency_code"":""USD"",""currency_position"":""prefix"",""values"":[]}",[],[],[],[],,,"{""url"":""https://kwel.com/wp-content/uploads/2026/05/Hugh-Hewitt.png"",""id"":486801,""extension"":""png"",""width"":300,""height"":200}",[],false,false,,,2026-05-21 23:21:01,2026-05-22 04:21:01,true,true,,,
2026-09-30T13:59:37Z,kwel.com,https://www.kwel.com/wp-json/tribe/events/v1/events,31,10071836,kwel.com?id=10071836,Larry Elder,2027-01-28 02:00:00,2027-01-28 08:00:00,2027-01-28 05:00:00,2027-01-28 11:00:00,America/Chicago,false,false,publish,https://kwel.com/event/larry-elder-2/2027-01-28/,,,,"{""currency_symbol"":""$"",""currency_code"":""USD"",""currency_position"":""prefix"",""values"":[]}",[],[],[],[],,,"{""url"":""https://kwel.com/wp-content/uploads/2026/05/Larry-Elder.png"",""id"":486802,""extension"":""png"",""width"":300,""height"":200}",[],false,false,,,2026-05-21 23:52:47,2026-05-22 04:52:47,true,true,,,
2026-09-30T13:59:37Z,kwel.com,https://www.kwel.com/wp-json/tribe/events/v1/events,31,10055074,kwel.com?id=10055074,America in the Morning,2027-01-28 05:00:00,2027-01-28 11:00:00,2027-01-28 06:00:00,2027-01-28 12:00:00,America/Chicago,false,false,publish,https://kwel.com/event/america-in-the-morning/2027-01-28/,,,,"{""currency_symbol"":""$"",""currency_code"":""USD"",""currency_position"":""prefix"",""values"":[]}",[],[],[],[],,,"{""url"":""https://kwel.com/wp-content/uploads/2026/05/America-in-the-Morning.png"",""id"":486797,""extension"":""png"",""width"":300,""height"":200}",[],false,false,,,2026-05-21 23:04:52,2026-05-22 04:04:52,true,true,,,
2026-09-30T13:59:37Z,kwel.com,https://www.kwel.com/wp-json/tribe/events/v1/events,31,10012026,kwel.com?id=10012026,The Morning Show with Craig Anderson &#038; Lisa Kay,2027-01-28 06:00:00,2027-01-28 12:00:00,2027-01-28 10:00:00,2027-01-28 16:00:00,America/Chicago,false,false,publish,https://kwel.com/event/the-morning-show-with-craig-anderson-2/2027-01-28/,,,,"{""currency_symbol"":""$"",""currency_code"":""USD"",""currency_position"":""prefix"",""values"":[]}",[],[],[],[],<p>Local and streaming live!</p>,,"{""url"":""https://kwel.com/wp-content/uploads/2026/05/Craig-and-Lisa-1.png"",""id"":486798,""extension"":""png"",""width"":300,""height"":200}",[],false,false,,,2026-05-21 23:18:43,2026-05-22 04:18:43,true,true,,,
2026-09-30T13:59:37Z,kwel.com,https://www.kwel.com/wp-json/tribe/events/v1/events,31,10059147,kwel.com?id=10059147,Mike Gallagher &#8211; AM,2027-01-28 10:00:00,2027-01-28 16:00:00,2027-01-28 11:00:00,2027-01-28 17:00:00,America/Chicago,false,false,publish,https://kwel.com/event/mike-gallagher-am-2/2027-01-28/,,,,"{""currency_symbol"":""$"",""currency_code"":""USD"",""currency_position"":""prefix"",""values"":[]}",[],[],[],[],,,"{""url"":""https://kwel.com/wp-content/uploads/2026/05/Mike-Gallagher.png"",""id"":486804,""extension"":""png"",""width"":300,""height"":200}",[],false,false,,,2026-05-21 22:43:18,2026-05-22 03:43:18,true,true,,,
2026-09-30T13:59:37Z,kwel.com,https://www.kwel.com/wp-json/tribe/events/v1/events,31,10075853,kwel.com?id=10075853,Alex Marlow,2027-01-28 11:00:00,2027-01-28 17:00:00,2027-01-28 12:00:00,2027-01-28 18:00:00,America/Chicago,false,false,publish,https://kwel.com/event/alex-marlow/2027-01-28/,,,,"{""currency_symbol"":""$"",""currency_code"":""USD"",""currency_position"":""prefix"",""values"":[]}",[],[],[],[],,,"{""url"":""https://kwel.com/wp-content/uploads/2026/05/Alex-Marlow.png"",""id"":486796,""extension"":""png"",""width"":300,""height"":200}",[],false,false,,,2026-05-21 23:33:23,2026-05-22 04:33:23,true,true,,,
2026-09-30T13:59:37Z,kwel.com,https://www.kwel.com/wp-json/tribe/events/v1/events,31,10077158,kwel.com?id=10077158,Scott Jennings Show,2027-01-28 12:00:00,2027-01-28 18:00:00,2027-01-28 13:00:00,2027-01-28 19:00:00,America/Chicago,false,false,publish,https://kwel.com/event/scott-jennings/2027-01-28/,,,,"{""currency_symbol"":""$"",""currency_code"":""USD"",""currency_position"":""prefix"",""values"":[]}",[],[],[],[],,,"{""url"":""https://kwel.com/wp-content/uploads/2026/05/Scott-Jennings.png"",""id"":486807,""extension"":""png"",""width"":300,""height"":200}",[],false,false,,,2026-05-21 23:37:53,2026-05-22 04:37:53,true,true,,,
2026-09-30T13:59:37Z,kwel.com,https://www.kwel.com/wp-json/tribe/events/v1/events,31,10064365,kwel.com?id=10064365,Dave Ramsey,2027-01-28 13:00:00,2027-01-28 19:00:00,2027-01-28 15:00:00,2027-01-28 21:00:00,America/Chicago,false,false,publish,https://kwel.com/event/dave-ramsey/2027-01-28/,,,,"{""currency_symbol"":""$"",""currency_code"":""USD"",""currency_position"":""prefix"",""values"":[]}",[],[],[],[],,,"{""url"":""https://kwel.com/wp-content/uploads/2026/05/Dave-Ramsey.png"",""id"":486800,""extension"":""png"",""width"":300,""height"":200}",[],false,false,,,2026-05-21 22:58:20,2026-05-22 03:58:20,true,true,,,
2026-09-30T13:59:37Z,kwel.com,https://www.kwel.com/wp-json/tribe/events/v1/events,31,10061755,kwel.com?id=10061755,Tall City Talk,2027-01-28 15:00:00,2027-01-28 21:00:00,2027-01-28 17:00:00,2027-01-28 23:00:00,America/Chicago,false,false,publish,https://kwel.com/event/patriot-call/2027-01-28/,,,,"{""currency_symbol"":""$"",""currency_code"":""USD"",""currency_position"":""prefix"",""values"":[]}",[],[],[],[],,,"{""url"":""https://kwel.com/wp-content/uploads/2026/06/Tall-City-Talk-image-1.png"",""id"":487032,""extension"":""png"",""width"":300,""height"":200}",[],false,false,,,2026-06-12 11:20:35,2026-06-12 16:20:35,true,true,,,
2026-09-30T13:59:37Z,kwel.com,https://www.kwel.com/wp-json/tribe/events/v1/events,31,10051523,kwel.com?id=10051523,Mark Levin,2027-01-28 17:00:00,2027-01-28 23:00:00,2027-01-28 20:00:00,2027-01-29 02:00:00,America/Chicago,false,false,publish,https://kwel.com/event/mark-levin-2/2027-01-28/,,,,"{""currency_symbol"":""$"",""currency_code"":""USD"",""currency_position"":""prefix"",""values"":[]}",[],[],[],[],,,"{""url"":""https://kwel.com/wp-content/uploads/2026/05/Mark-Levin.png"",""id"":486803,""extension"":""png"",""width"":300,""height"":200}",[],false,false,,,2026-05-21 23:20:02,2026-05-22 04:20:02,true,true,,,
2026-09-30T13:59:37Z,kwel.com,https://www.kwel.com/wp-json/tribe/events/v1/events,31,10079766,kwel.com?id=10079766,Scott Jennings Show &#8211; PM,2027-01-28 20:00:00,2027-01-29 02:00:00,2027-01-28 21:00:00,2027-01-29 03:00:00,America/Chicago,false,false,publish,https://kwel.com/event/scott-jennings-show-pm/2027-01-28/,,,,"{""currency_symbol"":""$"",""currency_code"":""USD"",""currency_position"":""prefix"",""values"":[]}",[],[],[],[],,,"{""url"":""https://kwel.com/wp-content/uploads/2026/05/Scott-Jennings.png"",""id"":486807,""extension"":""png"",""width"":300,""height"":200}",[],false,false,,,2026-05-21 23:38:26,2026-05-22 04:38:26,true,true,,,
2026-09-30T13:59:37Z,kwel.com,https://www.kwel.com/wp-json/tribe/events/v1/events,31,10065669,kwel.com?id=10065669,Mike Gallagher &#8211; PM,2027-01-28 21:00:00,2027-01-29 03:00:00,2027-01-28 23:00:00,2027-01-29 05:00:00,America/Chicago,false,false,publish,https://kwel.com/event/mike-gallagher-4-2/2027-01-28/,,,,"{""currency_symbol"":""$"",""currency_code"":""USD"",""currency_position"":""prefix"",""values"":[]}",[],[],[],[],,,"{""url"":""https://kwel.com/wp-content/uploads/2026/05/Mike-Gallagher.png"",""id"":486804,""extension"":""png"",""width"":300,""height"":200}",[],false,false,,,2026-05-21 22:45:14,2026-05-22 03:45:14,true,true,,,
2026-09-30T13:59:37Z,kwel.com,https://www.kwel.com/wp-json/tribe/events/v1/events,31,10027640,kwel.com?id=10027640,Hugh Hewitt,2027-01-28 23:00:00,2027-01-29 05:00:00,2027-01-29 02:00:00,2027-01-29 08:00:00,America/Chicago,false,false,publish,https://kwel.com/event/hugh-hewitt/2027-01-28/,,,,"{""currency_symbol"":""$"",""currency_code"":""USD"",""currency_position"":""prefix"",""values"":[]}",[],[],[],[],,,"{""url"":""https://kwel.com/wp-content/uploads/2026/05/Hugh-Hewitt.png"",""id"":486801,""extension"":""png"",""width"":300,""height"":200}",[],false,false,,,2026-05-21 23:21:01,2026-05-22 04:21:01,true,true,,,
2026-09-30T13:59:37Z,kwel.com,https://www.kwel.com/wp-json/tribe/events/v1/events,31,10071837,kwel.com?id=10071837,Larry Elder,2027-01-29 02:00:00,2027-01-29 08:00:00,2027-01-29 05:00:00,2027-01-29 11:00:00,America/Chicago,false,false,publish,https://kwel.com/event/larry-elder-2/2027-01-29/,,,,"{""currency_symbol"":""$"",""currency_code"":""USD"",""currency_position"":""prefix"",""values"":[]}",[],[],[],[],,,"{""url"":""https://kwel.com/wp-content/uploads/2026/05/Larry-Elder.png"",""id"":486802,""extension"":""png"",""width"":300,""height"":200}",[],false,false,,,2026-05-21 23:52:47,2026-05-22 04:52:47,true,true,,,
2026-09-30T13:59:37Z,kwel.com,https://www.kwel.com/wp-json/tribe/events/v1/events,31,10055075,kwel.com?id=10055075,America in the Morning,2027-01-29 05:00:00,2027-01-29 11:00:00,2027-01-29 06:00:00,2027-01-29 12:00:00,America/Chicago,false,false,publish,https://kwel.com/event/america-in-the-morning/2027-01-29/,,,,"{""currency_symbol"":""$"",""currency_code"":""USD"",""currency_position"":""prefix"",""values"":[]}",[],[],[],[],,,"{""url"":""https://kwel.com/wp-content/uploads/2026/05/America-in-the-Morning.png"",""id"":486797,""extension"":""png"",""width"":300,""height"":200}",[],false,false,,,2026-05-21 23:04:52,2026-05-22 04:04:52,true,true,,,
2026-09-30T13:59:37Z,kwel.com,https://www.kwel.com/wp-json/tribe/events/v1/events,31,10012027,kwel.com?id=10012027,The Morning Show with Craig Anderson &#038; Lisa Kay,2027-01-29 06:00:00,2027-01-29 12:00:00,2027-01-29 10:00:00,2027-01-29 16:00:00,America/Chicago,false,false,publish,https://kwel.com/event/the-morning-show-with-craig-anderson-2/2027-01-29/,,,,"{""currency_symbol"":""$"",""currency_code"":""USD"",""currency_position"":""prefix"",""values"":[]}",[],[],[],[],<p>Local and streaming live!</p>,,"{""url"":""https://kwel.com/wp-content/uploads/2026/05/Craig-and-Lisa-1.png"",""id"":486798,""extension"":""png"",""width"":300,""height"":200}",[],false,false,,,2026-05-21 23:18:43,2026-05-22 04:18:43,true,true,,,
2026-09-30T13:59:37Z,kwel.com,https://www.kwel.com/wp-json/tribe/events/v1/events,31,10059148,kwel.com?id=10059148,Mike Gallagher &#8211; AM,2027-01-29 10:00:00,2027-01-29 16:00:00,2027-01-29 11:00:00,2027-01-29 17:00:00,America/Chicago,false,false,publish,https://kwel.com/event/mike-gallagher-am-2/2027-01-29/,,,,"{""currency_symbol"":""$"",""currency_code"":""USD"",""currency_position"":""prefix"",""values"":[]}",[],[],[],[],,,"{""url"":""https://kwel.com/wp-content/uploads/2026/05/Mike-Gallagher.png"",""id"":486804,""extension"":""png"",""width"":300,""height"":200}",[],false,false,,,2026-05-21 22:43:18,2026-05-22 03:43:18,true,true,,,
2026-09-30T13:59:37Z,kwel.com,https://www.kwel.com/wp-json/tribe/events/v1/events,31,10075854,kwel.com?id=10075854,Alex Marlow,2027-01-29 11:00:00,2027-01-29 17:00:00,2027-01-29 12:00:00,2027-01-29 18:00:00,America/Chicago,false,false,publish,https://kwel.com/event/alex-marlow/2027-01-29/,,,,"{""currency_symbol"":""$"",""currency_code"":""USD"",""currency_position"":""prefix"",""values"":[]}",[],[],[],[],,,"{""url"":""https://kwel.com/wp-content/uploads/2026/05/Alex-Marlow.png"",""id"":486796,""extension"":""png"",""width"":300,""height"":200}",[],false,false,,,2026-05-21 23:33:23,2026-05-22 04:33:23,true,true,,,
2026-09-30T13:59:37Z,kwel.com,https://www.kwel.com/wp-json/tribe/events/v1/events,31,10077159,kwel.com?id=10077159,Scott Jennings Show,2027-01-29 12:00:00,2027-01-29 18:00:00,2027-01-29 13:00:00,2027-01-29 19:00:00,America/Chicago,false,false,publish,https://kwel.com/event/scott-jennings/2027-01-29/,,,,"{""currency_symbol"":""$"",""currency_code"":""USD"",""currency_position"":""prefix"",""values"":[]}",[],[],[],[],,,"{""url"":""https://kwel.com/wp-content/uploads/2026/05/Scott-Jennings.png"",""id"":486807,""extension"":""png"",""width"":300,""height"":200}",[],false,false,,,2026-05-21 23:37:53,2026-05-22 04:37:53,true,true,,,
2026-09-30T13:59:37Z,kwel.com,https://www.kwel.com/wp-json/tribe/events/v1/events,31,10064366,kwel.com?id=10064366,Dave Ramsey,2027-01-29 13:00:00,2027-01-29 19:00:00,2027-01-29 15:00:00,2027-01-29 21:00:00,America/Chicago,false,false,publish,https://kwel.com/event/dave-ramsey/2027-01-29/,,,,"{""currency_symbol"":""$"",""currency_code"":""USD"",""currency_position"":""prefix"",""values"":[]}",[],[],[],[],,,"{""url"":""https://kwel.com/wp-content/uploads/2026/05/Dave-Ramsey.png"",""id"":486800,""extension"":""png"",""width"":300,""height"":200}",[],false,false,,,2026-05-21 22:58:20,2026-05-22 03:58:20,true,true,,,
2026-09-30T13:59:37Z,kwel.com,https://www.kwel.com/wp-json/tribe/events/v1/events,31,10061756,kwel.com?id=10061756,Tall City Talk,2027-01-29 15:00:00,2027-01-29 21:00:00,2027-01-29 17:00:00,2027-01-29 23:00:00,America/Chicago,false,false,publish,https://kwel.com/event/patriot-call/2027-01-29/,,,,"{""currency_symbol"":""$"",""currency_code"":""USD"",""currency_position"":""prefix"",""values"":[]}",[],[],[],[],,,"{""url"":""https://kwel.com/wp-content/uploads/2026/06/Tall-City-Talk-image-1.png"",""id"":487032,""extension"":""png"",""width"":300,""height"":200}",[],false,false,,,2026-06-12 11:20:35,2026-06-12 16:20:35,true,true,,,
2026-09-30T13:59:37Z,kwel.com,https://www.kwel.com/wp-json/tribe/events/v1/events,31,10051524,kwel.com?id=10051524,Mark Levin,2027-01-29 17:00:00,2027-01-29 23:00:00,2027-01-29 20:00:00,2027-01-30 02:00:00,America/Chicago,false,false,publish,https://kwel.com/event/mark-levin-2/2027-01-29/,,,,"{""currency_symbol"":""$"",""currency_code"":""USD"",""currency_position"":""prefix"",""values"":[]}",[],[],[],[],,,"{""url"":""https://kwel.com/wp-content/uploads/2026/05/Mark-Levin.png"",""id"":486803,""extension"":""png"",""width"":300,""height"":200}",[],false,false,,,2026-05-21 23:20:02,2026-05-22 04:20:02,true,true,,,
2026-09-30T13:59:37Z,kwel.com,https://www.kwel.com/wp-json/tribe/events/v1/events,31,10079767,kwel.com?id=10079767,Scott Jennings Show &#8211; PM,2027-01-29 20:00:00,2027-01-30 02:00:00,2027-01-29 21:00:00,2027-01-30 03:00:00,America/Chicago,false,false,publish,https://kwel.com/event/scott-jennings-show-pm/2027-01-29/,,,,"{""currency_symbol"":""$"",""currency_code"":""USD"",""currency_position"":""prefix"",""values"":[]}",[],[],[],[],,,"{""url"":""https://kwel.com/wp-content/uploads/2026/05/Scott-Jennings.png"",""id"":486807,""extension"":""png"",""width"":300,""height"":200}",[],false,false,,,2026-05-21 23:38:26,2026-05-22 04:38:26,true,true,,,
2026-09-30T13:59:37Z,kwel.com,https://www.kwel.com/wp-json/tribe/events/v1/events,31,10065670,kwel.com?id=10065670,Mike Gallagher &#8211; PM,2027-01-29 21:00:00,2027-01-30 03:00:00,2027-01-29 23:00:00,2027-01-30 05:00:00,America/Chicago,false,false,publish,https://kwel.com/event/mike-gallagher-4-2/2027-01-29/,,,,"{""currency_symbol"":""$"",""currency_code"":""USD"",""currency_position"":""prefix"",""values"":[]}",[],[],[],[],,,"{""url"":""https://kwel.com/wp-content/uploads/2026/05/Mike-Gallagher.png"",""id"":486804,""extension"":""png"",""width"":300,""height"":200}",[],false,false,,,2026-05-21 22:45:14,2026-05-22 03:45:14,true,true,,,
2026-09-30T13:59:37Z,kwel.com,https://www.kwel.com/wp-json/tribe/events/v1/events,31,10027641,kwel.com?id=10027641,Hugh Hewitt,2027-01-29 23:00:00,2027-01-30 05:00:00,2027-01-30 02:00:00,2027-01-30 08:00:00,America/Chicago,false,false,publish,https://kwel.com/event/hugh-hewitt/2027-01-29/,,,,"{""currency_symbol"":""$"",""currency_code"":""USD"",""currency_position"":""prefix"",""values"":[]}",[],[],[],[],,,"{""url"":""https://kwel.com/wp-content/uploads/2026/05/Hugh-Hewitt.png"",""id"":486801,""extension"":""png"",""width"":300,""height"":200}",[],false,false,,,2026-05-21 23:21:01,2026-05-22 04:21:01,true,true,,,
2026-09-30T13:59:37Z,kwel.com,https://www.kwel.com/wp-json/tribe/events/v1/events,31,10071433,kwel.com?id=10071433,America in the Morning &#8211; Sat.,2027-01-30 06:00:00,2027-01-30 12:00:00,2027-01-30 06:30:00,2027-01-30 12:30:00,America/Chicago,false,false,publish,https://kwel.com/event/america-in-the-morning-sat/2027-01-30/,,,,"{""currency_symbol"":""$"",""currency_code"":""USD"",""currency_position"":""prefix"",""values"":[]}",[],[],[],[],,,"{""url"":""https://kwel.com/wp-content/uploads/2026/05/America-in-the-Morning.png"",""id"":486797,""extension"":""png"",""width"":300,""height"":200}",[],false,false,,,2026-05-21 23:04:09,2026-05-22 04:04:09,true,true,,,
2026-09-30T13:59:37Z,kwel.com,https://www.kwel.com/wp-json/tribe/events/v1/events,31,10081612,kwel.com?id=10081612,Oldies Music Show,2027-01-30 06:30:00,2027-01-30 12:30:00,2027-01-30 09:00:00,2027-01-30 15:00:00,America/Chicago,false,false,publish,https://kwel.com/event/oldies-music-show/2027-01-30/,,,,"{""currency_symbol"":""$"",""currency_code"":""USD"",""currency_position"":""prefix"",""values"":[]}",[],[],[],[],,,false,[],false,false,,,2026-05-21 23:46:45,2026-05-22 04:46:45,true,true,,,
2026-09-30T13:59:37Z,kwel.com,https://www.kwel.com/wp-json/tribe/events/v1/events,31,10081351,kwel.com?id=10081351,The Oil Mix Show w/ Kym Balado,2027-01-30 09:00:00,2027-01-30 15:00:00,2027-01-30 10:00:00,2027-01-30 16:00:00,America/Chicago,false,false,publish,https://kwel.com/event/inside-the-oil-patch-with-kim-balado/2027-01-30/,,,,"{""currency_symbol"":""$"",""currency_code"":""USD"",""currency_position"":""prefix"",""values"":[]}",[],[],[],[],,,false,[],false,false,,,2026-05-21 23:45:16,2026-05-22 04:45:16,true,true,,,
2026-09-30T13:59:37Z,kwel.com,https://www.kwel.com/wp-json/tribe/events/v1/events,31,10083200,kwel.com?id=10083200,Hoyl Financial,2027-01-30 10:00:00,2027-01-30 16:00:00,2027-01-30 10:30:00,2027-01-30 16:30:00,America/Chicago,false,false,publish,https://kwel.com/event/hoyl-financial/2027-01-30/,,,,"{""currency_symbol"":""$"",""currency_code"":""USD"",""currency_position"":""prefix"",""values"":[]}",[],[],[],[],,,false,[],false,false,,,2026-05-22 00:04:04,2026-05-22 05:04:04,true,true,,,
2026-09-30T13:59:37Z,kwel.com,https://www.kwel.com/wp-json/tribe/events/v1/events,31,10036164,kwel.com?id=10036164,Dr. Bob Martin,2027-01-30 11:00:00,2027-01-30 17:00:00,2027-01-30 13:00:00,2027-01-30 19:00:00,America/Chicago,false,false,publish,https://kwel.com/event/dr-bob-martin/2027-01-30/,,,,"{""currency_symbol"":""$"",""currency_code"":""USD"",""currency_position"":""prefix"",""values"":[]}",[],[],[],[],<p>Presented by Natural Foods Market</p>,,"{""url"":""https://kwel.com/wp-content/uploads/2024/12/Dr.-Bob-Martin.png"",""id"":486828,""extension"":""png"",""width"":300,""height"":200}",[],false,false,,,2026-05-21 23:23:52,2026-05-22 04:23:52,true,true,,,
2026-09-30T13:59:37Z,kwel.com,https://www.kwel.com/wp-json/tribe/events/v1/events,31,10082939,kwel.com?id=10082939,Body Talk with Dr. Bill Dodson,2027-01-30 13:00:00,2027-01-30 19:00:00,2027-01-30 15:00:00,2027-01-30 21:00:00,America/Chicago,false,false,publish,https://kwel.com/event/body-talk-with-dr-bill-dodson/2027-01-30/,,,,"{""currency_symbol"":""$"",""currency_code"":""USD"",""currency_position"":""prefix"",""values"":[]}",[],[],[],[],<p>Paradigm Physical Therapy &#8211; LIVE AND LOCAL</p>,,"{""url"":""https://kwel.com/wp-content/uploads/2024/12/Bill-Dodson.png"",""id"":486852,""extension"":""png"",""width"":300,""height"":200}",[],false,false,,,2026-05-22 00:01:52,2026-05-22 05:01:52,true,true,,,
2026-09-30T13:59:37Z,kwel.com,https://www.kwel.com/wp-json/tribe/events/v1/events,31,10083722,kwel.com?id=10083722,The CC Auto Show,2027-01-30 15:00:00,2027-01-30 21:00:00,2027-01-30 17:00:00,2027-01-30 23:00:00,America/Chicago,false,false,publish,https://kwel.com/event/the-best-of-hoss-duggar/2027-01-30/,,,,"{""currency_symbol"":""$"",""currency_code"":""USD"",""currency_position"":""prefix"",""values"":[]}",[],[],[],[],,,false,[],false,false,,,2026-05-22 00:06:03,2026-05-22 05:06:03,true,true,,,
2026-09-30T13:59:37Z,kwel.com,https://www.kwel.com/wp-json/tribe/events/v1/events,31,10083983,kwel.com?id=10083983,The Pet Show,2027-01-30 17:00:00,2027-01-30 23:00:00,2027-01-30 19:00:00,2027-01-31 01:00:00,America/Chicago,false,false,publish,https://kwel.com/event/the-pet-show/2027-01-30/,,,,"{""currency_symbol"":""$"",""currency_code"":""USD"",""currency_position"":""prefix"",""values"":[]}",[],[],[],[],,,false,[],false,false,,,2026-05-22 00:07:14,2026-05-22 05:07:14,true,true,,,
2026-09-30T13:59:37Z,kwel.com,https://www.kwel.com/wp-json/tribe/events/v1/events,31,10084244,kwel.com?id=10084244,The Best of Hoss Duggar &#8211; PM,2027-01-30 19:00:00,2027-01-31 01:00:00,2027-01-30 19:30:00,2027-01-31 01:30:00,America/Chicago,false,false,publish,https://kwel.com/event/the-best-of-hoss-duggar-pm/2027-01-30/,,,,"{""currency_symbol"":""$"",""currency_code"":""USD"",""currency_position"":""prefix"",""values"":[]}",[],[],[],[],,,false,[],false,false,,,2026-05-22 00:08:01,2026-05-22 05:08:01,true,true,,,
2026-09-30T13:59:37Z,kwel.com,https://www.kwel.com/wp-json/tribe/events/v1/events,31,10084505,kwel.com?id=10084505,The Best of Keith Stretcher &#8211; Sat.,2027-01-30 19:30:00,2027-01-31 01:30:00,2027-01-30 20:00:00,2027-01-31 02:00:00,America/Chicago,false,false,publish,https://kwel.com/event/the-best-of-keith-stretcher-sat/2027-01-30/,,,,"{""currency_symbol"":""$"",""currency_code"":""USD"",""currency_position"":""prefix"",""values"":[]}",[],[],[],[],,,false,[],false,false,,,2026-05-22 00:09:06,2026-05-22 05:09:06,true,true,,,
2026-09-30T13:59:37Z,kwel.com,https://www.kwel.com/wp-json/tribe/events/v1/events,31,10086854,kwel.com?id=10086854,Rick Valdez,2027-01-30 20:00:00,2027-01-31 02:00:00,2027-01-31 00:00:00,2027-01-31 06:00:00,America/Chicago,false,false,publish,https://kwel.com/event/rick-valdez/2027-01-30/,,,,"{""currency_symbol"":""$"",""currency_code"":""USD"",""currency_position"":""prefix"",""values"":[]}",[],[],[],[],,,false,[],false,false,,,2026-05-22 00:25:00,2026-05-22 05:25:00,true,true,,,
2026-09-30T13:59:37Z,kwel.com,https://www.kwel.com/wp-json/tribe/events/v1/events,31,10087115,kwel.com?id=10087115,Kevin McCullough,2027-01-31 00:00:00,2027-01-31 06:00:00,2027-01-31 03:00:00,2027-01-31 09:00:00,America/Chicago,false,false,publish,https://kwel.com/event/kevin-mccullough/2027-01-31/,,,,"{""currency_symbol"":""$"",""currency_code"":""USD"",""currency_position"":""prefix"",""values"":[]}",[],[],[],[],,,false,[],false,false,,,2026-05-29 20:04:05,2026-05-30 01:04:05,true,true,,,
2026-09-30T13:59:37Z,kwel.com,https://www.kwel.com/wp-json/tribe/events/v1/events,31,10066829,kwel.com?id=10066829,Mike Gallagher &#8211; Sunday,2027-01-31 03:00:00,2027-01-31 09:00:00,2027-01-31 06:00:00,2027-01-31 12:00:00,America/Chicago,false,false,publish,https://kwel.com/event/mike-gallagher-4-3/2027-01-31/,,,,"{""currency_symbol"":""$"",""currency_code"":""USD"",""currency_position"":""prefix"",""values"":[]}",[],[],[],[],,,"{""url"":""https://kwel.com/wp-content/uploads/2026/05/Mike-Gallagher.png"",""id"":486804,""extension"":""png"",""width"":300,""height"":200}",[],false,false,,,2026-05-21 22:51:50,2026-05-22 03:51:50,true,true,,,
2026-09-30T13:59:37Z,kwel.com,https://www.kwel.com/wp-json/tribe/events/v1/events,31,10084766,kwel.com?id=10084766,The Best of Keith Stretcher &#8211; Sun.,2027-01-31 06:30:00,2027-01-31 12:30:00,2027-01-31 07:00:00,2027-01-31 13:00:00,America/Chicago,false,false,publish,https://kwel.com/event/the-best-of-keith-stretcher-sun/2027-01-31/,,,,"{""currency_symbol"":""$"",""currency_code"":""USD"",""currency_position"":""prefix"",""values"":[]}",[],[],[],[],,,false,[],false,false,,,2026-05-22 00:10:38,2026-05-22 05:10:38,true,true,,,
2026-09-30T13:59:37Z,kwel.com,https://www.kwel.com/wp-json/tribe/events/v1/events,31,10085027,kwel.com?id=10085027,Wall Builders &#8211; 7am,2027-01-31 07:00:00,2027-01-31 13:00:00,2027-01-31 07:30:00,2027-01-31 13:30:00,America/Chicago,false,false,publish,https://kwel.com/event/wall-builders-7am/2027-01-31/,,,,"{""currency_symbol"":""$"",""currency_code"":""USD"",""currency_position"":""prefix"",""values"":[]}",[],[],[],[],,,"{""url"":""https://kwel.com/wp-content/uploads/2026/05/Wall-Builders.png"",""id"":486877,""extension"":""png"",""width"":300,""height"":200}",[],false,false,,,2026-05-22 00:15:13,2026-05-22 05:15:13,true,true,,,
2026-09-30T13:59:37Z,kwel.com,https://www.kwel.com/wp-json/tribe/events/v1/events,31,10031784,kwel.com?id=10031784,Lutheran Hour &#8211; Family Shield- Sponsored by Grace Lutheran and Holy Cross Lutheran,2027-01-31 07:30:00,2027-01-31 13:30:00,2027-01-31 08:30:00,2027-01-31 14:30:00,America/Chicago,false,false,publish,https://kwel.com/event/lutheran-hour-family-shield-sponsored-by-grace-lutheran-and-holy-cross-lutheran/2027-01-31/,,,,"{""currency_symbol"":""$"",""currency_code"":""USD"",""currency_position"":""prefix"",""values"":[]}",[],[],[],[],,,false,[],false,false,,,2026-05-21 23:59:20,2026-05-22 04:59:20,true,true,,,
2026-09-30T13:59:37Z,kwel.com,https://www.kwel.com/wp-json/tribe/events/v1/events,31,10085288,kwel.com?id=10085288,Wall Builders &#8211; 8am,2027-01-31 08:00:00,2027-01-31 14:00:00,2027-01-31 08:30:00,2027-01-31 14:30:00,America/Chicago,false,false,publish,https://kwel.com/event/wall-builders-8am/2027-01-31/,,,,"{""currency_symbol"":""$"",""currency_code"":""USD"",""currency_position"":""prefix"",""values"":[]}",[],[],[],[],,,"{""url"":""https://kwel.com/wp-content/uploads/2026/05/Wall-Builders.png"",""id"":486877,""extension"":""png"",""width"":300,""height"":200}",[],false,false,,,2026-05-22 00:16:04,2026-05-22 05:16:04,true,true,,,
2026-09-30T13:59:37Z,kwel.com,https://www.kwel.com/wp-json/tribe/events/v1/events,31,10031149,kwel.com?id=10031149,Family Gospel Music Hour w/ Warren Bell,2027-01-31 08:30:00,2027-01-31 14:30:00,2027-01-31 09:30:00,2027-01-31 15:30:00,America/Chicago,false,false,publish,https://kwel.com/event/family-gospel-music-hour-sponsored-by-warren-bell/2027-01-31/,,,,"{""currency_symbol"":""$"",""currency_code"":""USD"",""currency_position"":""prefix"",""values"":[]}",[],[],[],[],,,false,[],false,false,,,2026-05-21 23:48:07,2026-05-22 04:48:07,true,true,,,
2026-09-30T13:59:37Z,kwel.com,https://www.kwel.com/wp-json/tribe/events/v1/events,32,10085810,kwel.com?id=10085810,ReNew Your Mind w. RC Sproul,2027-01-31 09:30:00,2027-01-31 15:30:00,2027-01-31 10:00:00,2027-01-31 16:00:00,America/Chicago,false,false,publish,https://kwel.com/event/renew-your-mind-w-rc-sproul/2027-01-31/,,,,"{""currency_symbol"":""$"",""currency_code"":""USD"",""currency_position"":""prefix"",""values"":[]}",[],[],[],[],,,false,[],false,false,,,2026-05-22 00:19:04,2026-05-22 05:19:04,true,true,,,
2026-09-30T13:59:37Z,kwel.com,https://www.kwel.com/wp-json/tribe/events/v1/events,32,10030154,kwel.com?id=10030154,Save the Cowboy,2027-01-31 10:00:00,2027-01-31 16:00:00,2027-01-31 10:30:00,2027-01-31 16:30:00,America/Chicago,false,false,publish,https://kwel.com/event/save-the-cowboy-sponsored-by-western-llc-2/2027-01-31/,,,,"{""currency_symbol"":""$"",""currency_code"":""USD"",""currency_position"":""prefix"",""values"":[]}",[],[],[],[],,,false,[],false,false,,,2026-05-21 23:58:20,2026-05-22 04:58:20,true,true,,,
2026-09-30T13:59:37Z,kwel.com,https://www.kwel.com/wp-json/tribe/events/v1/events,32,10029519,kwel.com?id=10029519,Kelview Heights Baptist Church,2027-01-31 10:30:00,2027-01-31 16:30:00,2027-01-31 11:00:00,2027-01-31 17:00:00,America/Chicago,false,false,publish,https://kwel.com/event/kelview-heights-baptist-church/2027-01-31/,,,,"{""currency_symbol"":""$"",""currency_code"":""USD"",""currency_position"":""prefix"",""values"":[]}",[],[],[],[],,,false,[],false,false,,,2026-05-21 23:57:15,2026-05-22 04:57:15,true,true,,,
2026-09-30T13:59:37Z,kwel.com,https://www.kwel.com/wp-json/tribe/events/v1/events,32,10086071,kwel.com?id=10086071,Through the Bible,2027-01-31 11:00:00,2027-01-31 17:00:00,2027-01-31 12:00:00,2027-01-31 18:00:00,America/Chicago,false,false,publish,https://kwel.com/event/through-the-bible/2027-01-31/,,,,"{""currency_symbol"":""$"",""currency_code"":""USD"",""currency_position"":""prefix"",""values"":[]}",[],[],[],[],,,false,[],false,false,,,2026-05-22 00:19:43,2026-05-22 05:19:43,true,true,,,
2026-09-30T13:59:37Z,kwel.com,https://www.kwel.com/wp-json/tribe/events/v1/events,32,10086332,kwel.com?id=10086332,The One of a Kind Financial Show w/ Mike,2027-01-31 12:00:00,2027-01-31 18:00:00,2027-01-31 13:00:00,2027-01-31 19:00:00,America/Chicago,false,false,publish,https://kwel.com/event/kline-marketing-financial-show/2027-01-31/,,,,"{""currency_symbol"":""$"",""currency_code"":""USD"",""currency_position"":""prefix"",""values"":[]}",[],[],[],[],"<p><span data-olk-copy-source=""MessageBody"">The One of a Kind Financial Show with Mike Milligan, CFP delivers story-first financial wisdom—covering taxes, retirement income, investments, long-term care, and legacy—empowering listeners to build a truly one-of-a-kind financial plan.</span></p>",,"{""url"":""https://kwel.com/wp-content/uploads/2026/05/One-of-a-kind-financial-show.png"",""id"":486911,""extension"":""png"",""width"":300,""height"":200}",[],false,false,,,2026-05-29 20:02:25,2026-05-30 01:02:25,true,true,,,
2026-09-30T13:59:37Z,kwel.com,https://www.kwel.com/wp-json/tribe/events/v1/events,32,10085549,kwel.com?id=10085549,Wall Builders &#8211; 1pm,2027-01-31 13:00:00,2027-01-31 19:00:00,2027-01-31 14:00:00,2027-01-31 20:00:00,America/Chicago,false,false,publish,https://kwel.com/event/wall-builders-1pm/2027-01-31/,,,,"{""currency_symbol"":""$"",""currency_code"":""USD"",""currency_position"":""prefix"",""values"":[]}",[],[],[],[],,,"{""url"":""https://kwel.com/wp-content/uploads/2026/05/Wall-Builders.png"",""id"":486877,""extension"":""png"",""width"":300,""height"":200}",[],false,false,,,2026-05-22 00:17:07,2026-05-22 05:17:07,true,true,,,
2026-09-30T13:59:37Z,kwel.com,https://www.kwel.com/wp-json/tribe/events/v1/events,32,10081944,kwel.com?id=10081944,Gun Talk,2027-01-31 14:00:00,2027-01-31 20:00:00,2027-01-31 17:00:00,2027-01-31 23:00:00,America/Chicago,false,false,publish,https://kwel.com/event/gun-talk-2/2027-01-31/,,,,"{""currency_symbol"":""$"",""currency_code"":""USD"",""currency_position"":""prefix"",""values"":[]}",[],[],[],[],,,false,[],false,false,,,2026-05-21 23:51:02,2026-05-22 04:51:02,true,true,,,
2026-09-30T13:59:37Z,kwel.com,https://www.kwel.com/wp-json/tribe/events/v1/events,32,10074301,kwel.com?id=10074301,Larry Elder &#8211; Sunday,2027-01-31 17:00:00,2027-01-31 23:00:00,2027-01-31 19:00:00,2027-02-01 01:00:00,America/Chicago,false,false,publish,https://kwel.com/event/larry-elder-sunday/2027-01-31/,,,,"{""currency_symbol"":""$"",""currency_code"":""USD"",""currency_position"":""prefix"",""values"":[]}",[],[],[],[],,,"{""url"":""https://kwel.com/wp-content/uploads/2026/05/Larry-Elder.png"",""id"":486802,""extension"":""png"",""width"":300,""height"":200}",[],false,false,,,2026-05-21 23:10:20,2026-05-22 04:10:20,true,true,,,
2026-09-30T13:59:37Z,kwel.com,https://www.kwel.com/wp-json/tribe/events/v1/events,32,10041687,kwel.com?id=10041687,Armed American Radio,2027-01-31 19:00:00,2027-02-01 01:00:00,2027-01-31 22:00:00,2027-02-01 04:00:00,America/Chicago,false,false,publish,https://kwel.com/event/armed-american-radio/2027-01-31/,,,,"{""currency_symbol"":""$"",""currency_code"":""USD"",""currency_position"":""prefix"",""values"":[]}",[],[],[],[],,,false,[],false,false,,,2026-05-21 23:55:59,2026-05-22 04:55:59,true,true,,,
2026-09-30T13:59:37Z,kwel.com,https://www.kwel.com/wp-json/tribe/events/v1/events,32,10086593,kwel.com?id=10086593,Wall Builders &#8211; 10pm,2027-01-31 22:00:00,2027-02-01 04:00:00,2027-02-01 00:00:00,2027-02-01 06:00:00,America/Chicago,false,false,publish,https://kwel.com/event/wall-builders-10pm/2027-01-31/,,,,"{""currency_symbol"":""$"",""currency_code"":""USD"",""currency_position"":""prefix"",""values"":[]}",[],[],[],[],,,"{""url"":""https://kwel.com/wp-content/uploads/2026/05/Wall-Builders.png"",""id"":486877,""extension"":""png"",""width"":300,""height"":200}",[],false,false,,,2026-05-22 00:22:52,2026-05-22 05:22:52,true,true,,,
2026-09-30T13:59:37Z,kwel.com,https://www.kwel.com/wp-json/tribe/events/v1/events,32,10071838,kwel.com?id=10071838,Larry Elder,2027-02-01 02:00:00,2027-02-01 08:00:00,2027-02-01 05:00:00,2027-02-01 11:00:00,America/Chicago,false,false,publish,https://kwel.com/event/larry-elder-2/2027-02-01/,,,,"{""currency_symbol"":""$"",""currency_code"":""USD"",""currency_position"":""prefix"",""values"":[]}",[],[],[],[],,,"{""url"":""https://kwel.com/wp-content/uploads/2026/05/Larry-Elder.png"",""id"":486802,""extension"":""png"",""width"":300,""height"":200}",[],false,false,,,2026-05-21 23:52:47,2026-05-22 04:52:47,true,true,,,
2026-09-30T13:59:37Z,kwel.com,https://www.kwel.com/wp-json/tribe/events/v1/events,32,10055077,kwel.com?id=10055077,America in the Morning,2027-02-01 05:00:00,2027-02-01 11:00:00,2027-02-01 06:00:00,2027-02-01 12:00:00,America/Chicago,false,false,publish,https://kwel.com/event/america-in-the-morning/2027-02-01/,,,,"{""currency_symbol"":""$"",""currency_code"":""USD"",""currency_position"":""prefix"",""values"":[]}",[],[],[],[],,,"{""url"":""https://kwel.com/wp-content/uploads/2026/05/America-in-the-Morning.png"",""id"":486797,""extension"":""png"",""width"":300,""height"":200}",[],false,false,,,2026-05-21 23:04:52,2026-05-22 04:04:52,true,true,,,
2026-09-30T13:59:37Z,kwel.com,https://www.kwel.com/wp-json/tribe/events/v1/events,32,10012028,kwel.com?id=10012028,The Morning Show with Craig Anderson &#038; Lisa Kay,2027-02-01 06:00:00,2027-02-01 12:00:00,2027-02-01 10:00:00,2027-02-01 16:00:00,America/Chicago,false,false,publish,https://kwel.com/event/the-morning-show-with-craig-anderson-2/2027-02-01/,,,,"{""currency_symbol"":""$"",""currency_code"":""USD"",""currency_position"":""prefix"",""values"":[]}",[],[],[],[],<p>Local and streaming live!</p>,,"{""url"":""https://kwel.com/wp-content/uploads/2026/05/Craig-and-Lisa-1.png"",""id"":486798,""extension"":""png"",""width"":300,""height"":200}",[],false,false,,,2026-05-21 23:18:43,2026-05-22 04:18:43,true,true,,,
2026-09-30T13:59:37Z,kwel.com,https://www.kwel.com/wp-json/tribe/events/v1/events,32,10059149,kwel.com?id=10059149,Mike Gallagher &#8211; AM,2027-02-01 10:00:00,2027-02-01 16:00:00,2027-02-01 11:00:00,2027-02-01 17:00:00,America/Chicago,false,false,publish,https://kwel.com/event/mike-gallagher-am-2/2027-02-01/,,,,"{""currency_symbol"":""$"",""currency_code"":""USD"",""currency_position"":""prefix"",""values"":[]}",[],[],[],[],,,"{""url"":""https://kwel.com/wp-content/uploads/2026/05/Mike-Gallagher.png"",""id"":486804,""extension"":""png"",""width"":300,""height"":200}",[],false,false,,,2026-05-21 22:43:18,2026-05-22 03:43:18,true,true,,,
2026-09-30T13:59:37Z,kwel.com,https://www.kwel.com/wp-json/tribe/events/v1/events,32,10075855,kwel.com?id=10075855,Alex Marlow,2027-02-01 11:00:00,2027-02-01 17:00:00,2027-02-01 12:00:00,2027-02-01 18:00:00,America/Chicago,false,false,publish,https://kwel.com/event/alex-marlow/2027-02-01/,,,,"{""currency_symbol"":""$"",""currency_code"":""USD"",""currency_position"":""prefix"",""values"":[]}",[],[],[],[],,,"{""url"":""https://kwel.com/wp-content/uploads/2026/05/Alex-Marlow.png"",""id"":486796,""extension"":""png"",""width"":300,""height"":200}",[],false,false,,,2026-05-21 23:33:23,2026-05-22 04:33:23,true,true,,,
2026-09-30T13:59:37Z,kwel.com,https://www.kwel.com/wp-json/tribe/events/v1/events,32,10077160,kwel.com?id=10077160,Scott Jennings Show,2027-02-01 12:00:00,2027-02-01 18:00:00,2027-02-01 13:00:00,2027-02-01 19:00:00,America/Chicago,false,false,publish,https://kwel.com/event/scott-jennings/2027-02-01/,,,,"{""currency_symbol"":""$"",""currency_code"":""USD"",""currency_position"":""prefix"",""values"":[]}",[],[],[],[],,,"{""url"":""https://kwel.com/wp-content/uploads/2026/05/Scott-Jennings.png"",""id"":486807,""extension"":""png"",""width"":300,""height"":200}",[],false,false,,,2026-05-21 23:37:53,2026-05-22 04:37:53,true,true,,,
2026-09-30T13:59:37Z,kwel.com,https://www.kwel.com/wp-json/tribe/events/v1/events,32,10064367,kwel.com?id=10064367,Dave Ramsey,2027-02-01 13:00:00,2027-02-01 19:00:00,2027-02-01 15:00:00,2027-02-01 21:00:00,America/Chicago,false,false,publish,https://kwel.com/event/dave-ramsey/2027-02-01/,,,,"{""currency_symbol"":""$"",""currency_code"":""USD"",""currency_position"":""prefix"",""values"":[]}",[],[],[],[],,,"{""url"":""https://kwel.com/wp-content/uploads/2026/05/Dave-Ramsey.png"",""id"":486800,""extension"":""png"",""width"":300,""height"":200}",[],false,false,,,2026-05-21 22:58:20,2026-05-22 03:58:20,true,true,,,
2026-09-30T13:59:37Z,kwel.com,https://www.kwel.com/wp-json/tribe/events/v1/events,32,10061757,kwel.com?id=10061757,Tall City Talk,2027-02-01 15:00:00,2027-02-01 21:00:00,2027-02-01 17:00:00,2027-02-01 23:00:00,America/Chicago,false,false,publish,https://kwel.com/event/patriot-call/2027-02-01/,,,,"{""currency_symbol"":""$"",""currency_code"":""USD"",""currency_position"":""prefix"",""values"":[]}",[],[],[],[],,,"{""url"":""https://kwel.com/wp-content/uploads/2026/06/Tall-City-Talk-image-1.png"",""id"":487032,""extension"":""png"",""width"":300,""height"":200}",[],false,false,,,2026-06-12 11:20:35,2026-06-12 16:20:35,true,true,,,
2026-09-30T13:59:37Z,kwel.com,https://www.kwel.com/wp-json/tribe/events/v1/events,32,10051525,kwel.com?id=10051525,Mark Levin,2027-02-01 17:00:00,2027-02-01 23:00:00,2027-02-01 20:00:00,2027-02-02 02:00:00,America/Chicago,false,false,publish,https://kwel.com/event/mark-levin-2/2027-02-01/,,,,"{""currency_symbol"":""$"",""currency_code"":""USD"",""currency_position"":""prefix"",""values"":[]}",[],[],[],[],,,"{""url"":""https://kwel.com/wp-content/uploads/2026/05/Mark-Levin.png"",""id"":486803,""extension"":""png"",""width"":300,""height"":200}",[],false,false,,,2026-05-21 23:20:02,2026-05-22 04:20:02,true,true,,,
2026-09-30T13:59:37Z,kwel.com,https://www.kwel.com/wp-json/tribe/events/v1/events,32,10079768,kwel.com?id=10079768,Scott Jennings Show &#8211; PM,2027-02-01 20:00:00,2027-02-02 02:00:00,2027-02-01 21:00:00,2027-02-02 03:00:00,America/Chicago,false,false,publish,https://kwel.com/event/scott-jennings-show-pm/2027-02-01/,,,,"{""currency_symbol"":""$"",""currency_code"":""USD"",""currency_position"":""prefix"",""values"":[]}",[],[],[],[],,,"{""url"":""https://kwel.com/wp-content/uploads/2026/05/Scott-Jennings.png"",""id"":486807,""extension"":""png"",""width"":300,""height"":200}",[],false,false,,,2026-05-21 23:38:26,2026-05-22 04:38:26,true,true,,,
2026-09-30T13:59:37Z,kwel.com,https://www.kwel.com/wp-json/tribe/events/v1/events,32,10065671,kwel.com?id=10065671,Mike Gallagher &#8211; PM,2027-02-01 21:00:00,2027-02-02 03:00:00,2027-02-01 23:00:00,2027-02-02 05:00:00,America/Chicago,false,false,publish,https://kwel.com/event/mike-gallagher-4-2/2027-02-01/,,,,"{""currency_symbol"":""$"",""currency_code"":""USD"",""currency_position"":""prefix"",""values"":[]}",[],[],[],[],,,"{""url"":""https://kwel.com/wp-content/uploads/2026/05/Mike-Gallagher.png"",""id"":486804,""extension"":""png"",""width"":300,""height"":200}",[],false,false,,,2026-05-21 22:45:14,2026-05-22 03:45:14,true,true,,,
2026-09-30T13:59:37Z,kwel.com,https://www.kwel.com/wp-json/tribe/events/v1/events,32,10027642,kwel.com?id=10027642,Hugh Hewitt,2027-02-01 23:00:00,2027-02-02 05:00:00,2027-02-02 02:00:00,2027-02-02 08:00:00,America/Chicago,false,false,publish,https://kwel.com/event/hugh-hewitt/2027-02-01/,,,,"{""currency_symbol"":""$"",""currency_code"":""USD"",""currency_position"":""prefix"",""values"":[]}",[],[],[],[],,,"{""url"":""https://kwel.com/wp-content/uploads/2026/05/Hugh-Hewitt.png"",""id"":486801,""extension"":""png"",""width"":300,""height"":200}",[],false,false,,,2026-05-21 23:21:01,2026-05-22 04:21:01,true,true,,,
2026-09-30T13:59:37Z,kwel.com,https://www.kwel.com/wp-json/tribe/events/v1/events,32,10071839,kwel.com?id=10071839,Larry Elder,2027-02-02 02:00:00,2027-02-02 08:00:00,2027-02-02 05:00:00,2027-02-02 11:00:00,America/Chicago,false,false,publish,https://kwel.com/event/larry-elder-2/2027-02-02/,,,,"{""currency_symbol"":""$"",""currency_code"":""USD"",""currency_position"":""prefix"",""values"":[]}",[],[],[],[],,,"{""url"":""https://kwel.com/wp-content/uploads/2026/05/Larry-Elder.png"",""id"":486802,""extension"":""png"",""width"":300,""height"":200}",[],false,false,,,2026-05-21 23:52:47,2026-05-22 04:52:47,true,true,,,
2026-09-30T13:59:37Z,kwel.com,https://www.kwel.com/wp-json/tribe/events/v1/events,32,10055078,kwel.com?id=10055078,America in the Morning,2027-02-02 05:00:00,2027-02-02 11:00:00,2027-02-02 06:00:00,2027-02-02 12:00:00,America/Chicago,false,false,publish,https://kwel.com/event/america-in-the-morning/2027-02-02/,,,,"{""currency_symbol"":""$"",""currency_code"":""USD"",""currency_position"":""prefix"",""values"":[]}",[],[],[],[],,,"{""url"":""https://kwel.com/wp-content/uploads/2026/05/America-in-the-Morning.png"",""id"":486797,""extension"":""png"",""width"":300,""height"":200}",[],false,false,,,2026-05-21 23:04:52,2026-05-22 04:04:52,true,true,,,
2026-09-30T13:59:37Z,kwel.com,https://www.kwel.com/wp-json/tribe/events/v1/events,32,10012029,kwel.com?id=10012029,The Morning Show with Craig Anderson &#038; Lisa Kay,2027-02-02 06:00:00,2027-02-02 12:00:00,2027-02-02 10:00:00,2027-02-02 16:00:00,America/Chicago,false,false,publish,https://kwel.com/event/the-morning-show-with-craig-anderson-2/2027-02-02/,,,,"{""currency_symbol"":""$"",""currency_code"":""USD"",""currency_position"":""prefix"",""values"":[]}",[],[],[],[],<p>Local and streaming live!</p>,,"{""url"":""https://kwel.com/wp-content/uploads/2026/05/Craig-and-Lisa-1.png"",""id"":486798,""extension"":""png"",""width"":300,""height"":200}",[],false,false,,,2026-05-21 23:18:43,2026-05-22 04:18:43,true,true,,,
2026-09-30T13:59:37Z,kwel.com,https://www.kwel.com/wp-json/tribe/events/v1/events,32,10059150,kwel.com?id=10059150,Mike Gallagher &#8211; AM,2027-02-02 10:00:00,2027-02-02 16:00:00,2027-02-02 11:00:00,2027-02-02 17:00:00,America/Chicago,false,false,publish,https://kwel.com/event/mike-gallagher-am-2/2027-02-02/,,,,"{""currency_symbol"":""$"",""currency_code"":""USD"",""currency_position"":""prefix"",""values"":[]}",[],[],[],[],,,"{""url"":""https://kwel.com/wp-content/uploads/2026/05/Mike-Gallagher.png"",""id"":486804,""extension"":""png"",""width"":300,""height"":200}",[],false,false,,,2026-05-21 22:43:18,2026-05-22 03:43:18,true,true,,,
2026-09-30T13:59:37Z,kwel.com,https://www.kwel.com/wp-json/tribe/events/v1/events,32,10075856,kwel.com?id=10075856,Alex Marlow,2027-02-02 11:00:00,2027-02-02 17:00:00,2027-02-02 12:00:00,2027-02-02 18:00:00,America/Chicago,false,false,publish,https://kwel.com/event/alex-marlow/2027-02-02/,,,,"{""currency_symbol"":""$"",""currency_code"":""USD"",""currency_position"":""prefix"",""values"":[]}",[],[],[],[],,,"{""url"":""https://kwel.com/wp-content/uploads/2026/05/Alex-Marlow.png"",""id"":486796,""extension"":""png"",""width"":300,""height"":200}",[],false,false,,,2026-05-21 23:33:23,2026-05-22 04:33:23,true,true,,,
2026-09-30T13:59:37Z,kwel.com,https://www.kwel.com/wp-json/tribe/events/v1/events,32,10077161,kwel.com?id=10077161,Scott Jennings Show,2027-02-02 12:00:00,2027-02-02 18:00:00,2027-02-02 13:00:00,2027-02-02 19:00:00,America/Chicago,false,false,publish,https://kwel.com/event/scott-jennings/2027-02-02/,,,,"{""currency_symbol"":""$"",""currency_code"":""USD"",""currency_position"":""prefix"",""values"":[]}",[],[],[],[],,,"{""url"":""https://kwel.com/wp-content/uploads/2026/05/Scott-Jennings.png"",""id"":486807,""extension"":""png"",""width"":300,""height"":200}",[],false,false,,,2026-05-21 23:37:53,2026-05-22 04:37:53,true,true,,,
2026-09-30T13:59:37Z,kwel.com,https://www.kwel.com/wp-json/tribe/events/v1/events,32,10064368,kwel.com?id=10064368,Dave Ramsey,2027-02-02 13:00:00,2027-02-02 19:00:00,2027-02-02 15:00:00,2027-02-02 21:00:00,America/Chicago,false,false,publish,https://kwel.com/event/dave-ramsey/2027-02-02/,,,,"{""currency_symbol"":""$"",""currency_code"":""USD"",""currency_position"":""prefix"",""values"":[]}",[],[],[],[],,,"{""url"":""https://kwel.com/wp-content/uploads/2026/05/Dave-Ramsey.png"",""id"":486800,""extension"":""png"",""width"":300,""height"":200}",[],false,false,,,2026-05-21 22:58:20,2026-05-22 03:58:20,true,true,,,
2026-09-30T13:59:37Z,kwel.com,https://www.kwel.com/wp-json/tribe/events/v1/events,32,10061758,kwel.com?id=10061758,Tall City Talk,2027-02-02 15:00:00,2027-02-02 21:00:00,2027-02-02 17:00:00,2027-02-02 23:00:00,America/Chicago,false,false,publish,https://kwel.com/event/patriot-call/2027-02-02/,,,,"{""currency_symbol"":""$"",""currency_code"":""USD"",""currency_position"":""prefix"",""values"":[]}",[],[],[],[],,,"{""url"":""https://kwel.com/wp-content/uploads/2026/06/Tall-City-Talk-image-1.png"",""id"":487032,""extension"":""png"",""width"":300,""height"":200}",[],false,false,,,2026-06-12 11:20:35,2026-06-12 16:20:35,true,true,,,
2026-09-30T13:59:37Z,kwel.com,https://www.kwel.com/wp-json/tribe/events/v1/events,32,10051526,kwel.com?id=10051526,Mark Levin,2027-02-02 17:00:00,2027-02-02 23:00:00,2027-02-02 20:00:00,2027-02-03 02:00:00,America/Chicago,false,false,publish,https://kwel.com/event/mark-levin-2/2027-02-02/,,,,"{""currency_symbol"":""$"",""currency_code"":""USD"",""currency_position"":""prefix"",""values"":[]}",[],[],[],[],,,"{""url"":""https://kwel.com/wp-content/uploads/2026/05/Mark-Levin.png"",""id"":486803,""extension"":""png"",""width"":300,""height"":200}",[],false,false,,,2026-05-21 23:20:02,2026-05-22 04:20:02,true,true,,,
2026-09-30T13:59:37Z,kwel.com,https://www.kwel.com/wp-json/tribe/events/v1/events,32,10079769,kwel.com?id=10079769,Scott Jennings Show &#8211; PM,2027-02-02 20:00:00,2027-02-03 02:00:00,2027-02-02 21:00:00,2027-02-03 03:00:00,America/Chicago,false,false,publish,https://kwel.com/event/scott-jennings-show-pm/2027-02-02/,,,,"{""currency_symbol"":""$"",""currency_code"":""USD"",""currency_position"":""prefix"",""values"":[]}",[],[],[],[],,,"{""url"":""https://kwel.com/wp-content/uploads/2026/05/Scott-Jennings.png"",""id"":486807,""extension"":""png"",""width"":300,""height"":200}",[],false,false,,,2026-05-21 23:38:26,2026-05-22 04:38:26,true,true,,,
2026-09-30T13:59:37Z,kwel.com,https://www.kwel.com/wp-json/tribe/events/v1/events,32,10065672,kwel.com?id=10065672,Mike Gallagher &#8211; PM,2027-02-02 21:00:00,2027-02-03 03:00:00,2027-02-02 23:00:00,2027-02-03 05:00:00,America/Chicago,false,false,publish,https://kwel.com/event/mike-gallagher-4-2/2027-02-02/,,,,"{""currency_symbol"":""$"",""currency_code"":""USD"",""currency_position"":""prefix"",""values"":[]}",[],[],[],[],,,"{""url"":""https://kwel.com/wp-content/uploads/2026/05/Mike-Gallagher.png"",""id"":486804,""extension"":""png"",""width"":300,""height"":200}",[],false,false,,,2026-05-21 22:45:14,2026-05-22 03:45:14,true,true,,,
2026-09-30T13:59:37Z,kwel.com,https://www.kwel.com/wp-json/tribe/events/v1/events,32,10027643,kwel.com?id=10027643,Hugh Hewitt,2027-02-02 23:00:00,2027-02-03 05:00:00,2027-02-03 02:00:00,2027-02-03 08:00:00,America/Chicago,false,false,publish,https://kwel.com/event/hugh-hewitt/2027-02-02/,,,,"{""currency_symbol"":""$"",""currency_code"":""USD"",""currency_position"":""prefix"",""values"":[]}",[],[],[],[],,,"{""url"":""https://kwel.com/wp-content/uploads/2026/05/Hugh-Hewitt.png"",""id"":486801,""extension"":""png"",""width"":300,""height"":200}",[],false,false,,,2026-05-21 23:21:01,2026-05-22 04:21:01,true,true,,,
2026-09-30T13:59:37Z,kwel.com,https://www.kwel.com/wp-json/tribe/events/v1/events,32,10071840,kwel.com?id=10071840,Larry Elder,2027-02-03 02:00:00,2027-02-03 08:00:00,2027-02-03 05:00:00,2027-02-03 11:00:00,America/Chicago,false,false,publish,https://kwel.com/event/larry-elder-2/2027-02-03/,,,,"{""currency_symbol"":""$"",""currency_code"":""USD"",""currency_position"":""prefix"",""values"":[]}",[],[],[],[],,,"{""url"":""https://kwel.com/wp-content/uploads/2026/05/Larry-Elder.png"",""id"":486802,""extension"":""png"",""width"":300,""height"":200}",[],false,false,,,2026-05-21 23:52:47,2026-05-22 04:52:47,true,true,,,
2026-09-30T13:59:37Z,kwel.com,https://www.kwel.com/wp-json/tribe/events/v1/events,32,10055079,kwel.com?id=10055079,America in the Morning,2027-02-03 05:00:00,2027-02-03 11:00:00,2027-02-03 06:00:00,2027-02-03 12:00:00,America/Chicago,false,false,publish,https://kwel.com/event/america-in-the-morning/2027-02-03/,,,,"{""currency_symbol"":""$"",""currency_code"":""USD"",""currency_position"":""prefix"",""values"":[]}",[],[],[],[],,,"{""url"":""https://kwel.com/wp-content/uploads/2026/05/America-in-the-Morning.png"",""id"":486797,""extension"":""png"",""width"":300,""height"":200}",[],false,false,,,2026-05-21 23:04:52,2026-05-22 04:04:52,true,true,,,
2026-09-30T13:59:37Z,kwel.com,https://www.kwel.com/wp-json/tribe/events/v1/events,32,10012030,kwel.com?id=10012030,The Morning Show with Craig Anderson &#038; Lisa Kay,2027-02-03 06:00:00,2027-02-03 12:00:00,2027-02-03 10:00:00,2027-02-03 16:00:00,America/Chicago,false,false,publish,https://kwel.com/event/the-morning-show-with-craig-anderson-2/2027-02-03/,,,,"{""currency_symbol"":""$"",""currency_code"":""USD"",""currency_position"":""prefix"",""values"":[]}",[],[],[],[],<p>Local and streaming live!</p>,,"{""url"":""https://kwel.com/wp-content/uploads/2026/05/Craig-and-Lisa-1.png"",""id"":486798,""extension"":""png"",""width"":300,""height"":200}",[],false,false,,,2026-05-21 23:18:43,2026-05-22 04:18:43,true,true,,,
2026-09-30T13:59:37Z,kwel.com,https://www.kwel.com/wp-json/tribe/events/v1/events,32,10059151,kwel.com?id=10059151,Mike Gallagher &#8211; AM,2027-02-03 10:00:00,2027-02-03 16:00:00,2027-02-03 11:00:00,2027-02-03 17:00:00,America/Chicago,false,false,publish,https://kwel.com/event/mike-gallagher-am-2/2027-02-03/,,,,"{""currency_symbol"":""$"",""currency_code"":""USD"",""currency_position"":""prefix"",""values"":[]}",[],[],[],[],,,"{""url"":""https://kwel.com/wp-content/uploads/2026/05/Mike-Gallagher.png"",""id"":486804,""extension"":""png"",""width"":300,""height"":200}",[],false,false,,,2026-05-21 22:43:18,2026-05-22 03:43:18,true,true,,,
2026-09-30T13:59:37Z,kwel.com,https://www.kwel.com/wp-json/tribe/events/v1/events,32,10075857,kwel.com?id=10075857,Alex Marlow,2027-02-03 11:00:00,2027-02-03 17:00:00,2027-02-03 12:00:00,2027-02-03 18:00:00,America/Chicago,false,false,publish,https://kwel.com/event/alex-marlow/2027-02-03/,,,,"{""currency_symbol"":""$"",""currency_code"":""USD"",""currency_position"":""prefix"",""values"":[]}",[],[],[],[],,,"{""url"":""https://kwel.com/wp-content/uploads/2026/05/Alex-Marlow.png"",""id"":486796,""extension"":""png"",""width"":300,""height"":200}",[],false,false,,,2026-05-21 23:33:23,2026-05-22 04:33:23,true,true,,,
2026-09-30T13:59:37Z,kwel.com,https://www.kwel.com/wp-json/tribe/events/v1/events,32,10077162,kwel.com?id=10077162,Scott Jennings Show,2027-02-03 12:00:00,2027-02-03 18:00:00,2027-02-03 13:00:00,2027-02-03 19:00:00,America/Chicago,false,false,publish,https://kwel.com/event/scott-jennings/2027-02-03/,,,,"{""currency_symbol"":""$"",""currency_code"":""USD"",""currency_position"":""prefix"",""values"":[]}",[],[],[],[],,,"{""url"":""https://kwel.com/wp-content/uploads/2026/05/Scott-Jennings.png"",""id"":486807,""extension"":""png"",""width"":300,""height"":200}",[],false,false,,,2026-05-21 23:37:53,2026-05-22 04:37:53,true,true,,,
2026-09-30T13:59:37Z,kwel.com,https://www.kwel.com/wp-json/tribe/events/v1/events,32,10064369,kwel.com?id=10064369,Dave Ramsey,2027-02-03 13:00:00,2027-02-03 19:00:00,2027-02-03 15:00:00,2027-02-03 21:00:00,America/Chicago,false,false,publish,https://kwel.com/event/dave-ramsey/2027-02-03/,,,,"{""currency_symbol"":""$"",""currency_code"":""USD"",""currency_position"":""prefix"",""values"":[]}",[],[],[],[],,,"{""url"":""https://kwel.com/wp-content/uploads/2026/05/Dave-Ramsey.png"",""id"":486800,""extension"":""png"",""width"":300,""height"":200}",[],false,false,,,2026-05-21 22:58:20,2026-05-22 03:58:20,true,true,,,
2026-09-30T13:59:37Z,kwel.com,https://www.kwel.com/wp-json/tribe/events/v1/events,32,10061759,kwel.com?id=10061759,Tall City Talk,2027-02-03 15:00:00,2027-02-03 21:00:00,2027-02-03 17:00:00,2027-02-03 23:00:00,America/Chicago,false,false,publish,https://kwel.com/event/patriot-call/2027-02-03/,,,,"{""currency_symbol"":""$"",""currency_code"":""USD"",""currency_position"":""prefix"",""values"":[]}",[],[],[],[],,,"{""url"":""https://kwel.com/wp-content/uploads/2026/06/Tall-City-Talk-image-1.png"",""id"":487032,""extension"":""png"",""width"":300,""height"":200}",[],false,false,,,2026-06-12 11:20:35,2026-06-12 16:20:35,true,true,,,
2026-09-30T13:59:37Z,kwel.com,https://www.kwel.com/wp-json/tribe/events/v1/events,32,10051527,kwel.com?id=10051527,Mark Levin,2027-02-03 17:00:00,2027-02-03 23:00:00,2027-02-03 20:00:00,2027-02-04 02:00:00,America/Chicago,false,false,publish,https://kwel.com/event/mark-levin-2/2027-02-03/,,,,"{""currency_symbol"":""$"",""currency_code"":""USD"",""currency_position"":""prefix"",""values"":[]}",[],[],[],[],,,"{""url"":""https://kwel.com/wp-content/uploads/2026/05/Mark-Levin.png"",""id"":486803,""extension"":""png"",""width"":300,""height"":200}",[],false,false,,,2026-05-21 23:20:02,2026-05-22 04:20:02,true,true,,,
2026-09-30T13:59:37Z,kwel.com,https://www.kwel.com/wp-json/tribe/events/v1/events,32,10079770,kwel.com?id=10079770,Scott Jennings Show &#8211; PM,2027-02-03 20:00:00,2027-02-04 02:00:00,2027-02-03 21:00:00,2027-02-04 03:00:00,America/Chicago,false,false,publish,https://kwel.com/event/scott-jennings-show-pm/2027-02-03/,,,,"{""currency_symbol"":""$"",""currency_code"":""USD"",""currency_position"":""prefix"",""values"":[]}",[],[],[],[],,,"{""url"":""https://kwel.com/wp-content/uploads/2026/05/Scott-Jennings.png"",""id"":486807,""extension"":""png"",""width"":300,""height"":200}",[],false,false,,,2026-05-21 23:38:26,2026-05-22 04:38:26,true,true,,,
2026-09-30T13:59:37Z,kwel.com,https://www.kwel.com/wp-json/tribe/events/v1/events,32,10065673,kwel.com?id=10065673,Mike Gallagher &#8211; PM,2027-02-03 21:00:00,2027-02-04 03:00:00,2027-02-03 23:00:00,2027-02-04 05:00:00,America/Chicago,false,false,publish,https://kwel.com/event/mike-gallagher-4-2/2027-02-03/,,,,"{""currency_symbol"":""$"",""currency_code"":""USD"",""currency_position"":""prefix"",""values"":[]}",[],[],[],[],,,"{""url"":""https://kwel.com/wp-content/uploads/2026/05/Mike-Gallagher.png"",""id"":486804,""extension"":""png"",""width"":300,""height"":200}",[],false,false,,,2026-05-21 22:45:14,2026-05-22 03:45:14,true,true,,,
2026-09-30T13:59:37Z,kwel.com,https://www.kwel.com/wp-json/tribe/events/v1/events,32,10027644,kwel.com?id=10027644,Hugh Hewitt,2027-02-03 23:00:00,2027-02-04 05:00:00,2027-02-04 02:00:00,2027-02-04 08:00:00,America/Chicago,false,false,publish,https://kwel.com/event/hugh-hewitt/2027-02-03/,,,,"{""currency_symbol"":""$"",""currency_code"":""USD"",""currency_position"":""prefix"",""values"":[]}",[],[],[],[],,,"{""url"":""https://kwel.com/wp-content/uploads/2026/05/Hugh-Hewitt.png"",""id"":486801,""extension"":""png"",""width"":300,""height"":200}",[],false,false,,,2026-05-21 23:21:01,2026-05-22 04:21:01,true,true,,,
2026-09-30T13:59:37Z,kwel.com,https://www.kwel.com/wp-json/tribe/events/v1/events,32,10071841,kwel.com?id=10071841,Larry Elder,2027-02-04 02:00:00,2027-02-04 08:00:00,2027-02-04 05:00:00,2027-02-04 11:00:00,America/Chicago,false,false,publish,https://kwel.com/event/larry-elder-2/2027-02-04/,,,,"{""currency_symbol"":""$"",""currency_code"":""USD"",""currency_position"":""prefix"",""values"":[]}",[],[],[],[],,,"{""url"":""https://kwel.com/wp-content/uploads/2026/05/Larry-Elder.png"",""id"":486802,""extension"":""png"",""width"":300,""height"":200}",[],false,false,,,2026-05-21 23:52:47,2026-05-22 04:52:47,true,true,,,
2026-09-30T13:59:37Z,kwel.com,https://www.kwel.com/wp-json/tribe/events/v1/events,32,10055080,kwel.com?id=10055080,America in the Morning,2027-02-04 05:00:00,2027-02-04 11:00:00,2027-02-04 06:00:00,2027-02-04 12:00:00,America/Chicago,false,false,publish,https://kwel.com/event/america-in-the-morning/2027-02-04/,,,,"{""currency_symbol"":""$"",""currency_code"":""USD"",""currency_position"":""prefix"",""values"":[]}",[],[],[],[],,,"{""url"":""https://kwel.com/wp-content/uploads/2026/05/America-in-the-Morning.png"",""id"":486797,""extension"":""png"",""width"":300,""height"":200}",[],false,false,,,2026-05-21 23:04:52,2026-05-22 04:04:52,true,true,,,
2026-09-30T13:59:37Z,kwel.com,https://www.kwel.com/wp-json/tribe/events/v1/events,32,10012031,kwel.com?id=10012031,The Morning Show with Craig Anderson &#038; Lisa Kay,2027-02-04 06:00:00,2027-02-04 12:00:00,2027-02-04 10:00:00,2027-02-04 16:00:00,America/Chicago,false,false,publish,https://kwel.com/event/the-morning-show-with-craig-anderson-2/2027-02-04/,,,,"{""currency_symbol"":""$"",""currency_code"":""USD"",""currency_position"":""prefix"",""values"":[]}",[],[],[],[],<p>Local and streaming live!</p>,,"{""url"":""https://kwel.com/wp-content/uploads/2026/05/Craig-and-Lisa-1.png"",""id"":486798,""extension"":""png"",""width"":300,""height"":200}",[],false,false,,,2026-05-21 23:18:43,2026-05-22 04:18:43,true,true,,,
2026-09-30T13:59:37Z,kwel.com,https://www.kwel.com/wp-json/tribe/events/v1/events,32,10059152,kwel.com?id=10059152,Mike Gallagher &#8211; AM,2027-02-04 10:00:00,2027-02-04 16:00:00,2027-02-04 11:00:00,2027-02-04 17:00:00,America/Chicago,false,false,publish,https://kwel.com/event/mike-gallagher-am-2/2027-02-04/,,,,"{""currency_symbol"":""$"",""currency_code"":""USD"",""currency_position"":""prefix"",""values"":[]}",[],[],[],[],,,"{""url"":""https://kwel.com/wp-content/uploads/2026/05/Mike-Gallagher.png"",""id"":486804,""extension"":""png"",""width"":300,""height"":200}",[],false,false,,,2026-05-21 22:43:18,2026-05-22 03:43:18,true,true,,,
2026-09-30T13:59:37Z,kwel.com,https://www.kwel.com/wp-json/tribe/events/v1/events,33,10075858,kwel.com?id=10075858,Alex Marlow,2027-02-04 11:00:00,2027-02-04 17:00:00,2027-02-04 12:00:00,2027-02-04 18:00:00,America/Chicago,false,false,publish,https://kwel.com/event/alex-marlow/2027-02-04/,,,,"{""currency_symbol"":""$"",""currency_code"":""USD"",""currency_position"":""prefix"",""values"":[]}",[],[],[],[],,,"{""url"":""https://kwel.com/wp-content/uploads/2026/05/Alex-Marlow.png"",""id"":486796,""extension"":""png"",""width"":300,""height"":200}",[],false,false,,,2026-05-21 23:33:23,2026-05-22 04:33:23,true,true,,,
2026-09-30T13:59:37Z,kwel.com,https://www.kwel.com/wp-json/tribe/events/v1/events,33,10077163,kwel.com?id=10077163,Scott Jennings Show,2027-02-04 12:00:00,2027-02-04 18:00:00,2027-02-04 13:00:00,2027-02-04 19:00:00,America/Chicago,false,false,publish,https://kwel.com/event/scott-jennings/2027-02-04/,,,,"{""currency_symbol"":""$"",""currency_code"":""USD"",""currency_position"":""prefix"",""values"":[]}",[],[],[],[],,,"{""url"":""https://kwel.com/wp-content/uploads/2026/05/Scott-Jennings.png"",""id"":486807,""extension"":""png"",""width"":300,""height"":200}",[],false,false,,,2026-05-21 23:37:53,2026-05-22 04:37:53,true,true,,,
2026-09-30T13:59:37Z,kwel.com,https://www.kwel.com/wp-json/tribe/events/v1/events,33,10064370,kwel.com?id=10064370,Dave Ramsey,2027-02-04 13:00:00,2027-02-04 19:00:00,2027-02-04 15:00:00,2027-02-04 21:00:00,America/Chicago,false,false,publish,https://kwel.com/event/dave-ramsey/2027-02-04/,,,,"{""currency_symbol"":""$"",""currency_code"":""USD"",""currency_position"":""prefix"",""values"":[]}",[],[],[],[],,,"{""url"":""https://kwel.com/wp-content/uploads/2026/05/Dave-Ramsey.png"",""id"":486800,""extension"":""png"",""width"":300,""height"":200}",[],false,false,,,2026-05-21 22:58:20,2026-05-22 03:58:20,true,true,,,
2026-09-30T13:59:37Z,kwel.com,https://www.kwel.com/wp-json/tribe/events/v1/events,33,10061760,kwel.com?id=10061760,Tall City Talk,2027-02-04 15:00:00,2027-02-04 21:00:00,2027-02-04 17:00:00,2027-02-04 23:00:00,America/Chicago,false,false,publish,https://kwel.com/event/patriot-call/2027-02-04/,,,,"{""currency_symbol"":""$"",""currency_code"":""USD"",""currency_position"":""prefix"",""values"":[]}",[],[],[],[],,,"{""url"":""https://kwel.com/wp-content/uploads/2026/06/Tall-City-Talk-image-1.png"",""id"":487032,""extension"":""png"",""width"":300,""height"":200}",[],false,false,,,2026-06-12 11:20:35,2026-06-12 16:20:35,true,true,,,
2026-09-30T13:59:37Z,kwel.com,https://www.kwel.com/wp-json/tribe/events/v1/events,33,10051528,kwel.com?id=10051528,Mark Levin,2027-02-04 17:00:00,2027-02-04 23:00:00,2027-02-04 20:00:00,2027-02-05 02:00:00,America/Chicago,false,false,publish,https://kwel.com/event/mark-levin-2/2027-02-04/,,,,"{""currency_symbol"":""$"",""currency_code"":""USD"",""currency_position"":""prefix"",""values"":[]}",[],[],[],[],,,"{""url"":""https://kwel.com/wp-content/uploads/2026/05/Mark-Levin.png"",""id"":486803,""extension"":""png"",""width"":300,""height"":200}",[],false,false,,,2026-05-21 23:20:02,2026-05-22 04:20:02,true,true,,,
2026-09-30T13:59:37Z,kwel.com,https://www.kwel.com/wp-json/tribe/events/v1/events,33,10079771,kwel.com?id=10079771,Scott Jennings Show &#8211; PM,2027-02-04 20:00:00,2027-02-05 02:00:00,2027-02-04 21:00:00,2027-02-05 03:00:00,America/Chicago,false,false,publish,https://kwel.com/event/scott-jennings-show-pm/2027-02-04/,,,,"{""currency_symbol"":""$"",""currency_code"":""USD"",""currency_position"":""prefix"",""values"":[]}",[],[],[],[],,,"{""url"":""https://kwel.com/wp-content/uploads/2026/05/Scott-Jennings.png"",""id"":486807,""extension"":""png"",""width"":300,""height"":200}",[],false,false,,,2026-05-21 23:38:26,2026-05-22 04:38:26,true,true,,,
2026-09-30T13:59:37Z,kwel.com,https://www.kwel.com/wp-json/tribe/events/v1/events,33,10065674,kwel.com?id=10065674,Mike Gallagher &#8211; PM,2027-02-04 21:00:00,2027-02-05 03:00:00,2027-02-04 23:00:00,2027-02-05 05:00:00,America/Chicago,false,false,publish,https://kwel.com/event/mike-gallagher-4-2/2027-02-04/,,,,"{""currency_symbol"":""$"",""currency_code"":""USD"",""currency_position"":""prefix"",""values"":[]}",[],[],[],[],,,"{""url"":""https://kwel.com/wp-content/uploads/2026/05/Mike-Gallagher.png"",""id"":486804,""extension"":""png"",""width"":300,""height"":200}",[],false,false,,,2026-05-21 22:45:14,2026-05-22 03:45:14,true,true,,,
2026-09-30T13:59:37Z,kwel.com,https://www.kwel.com/wp-json/tribe/events/v1/events,33,10027645,kwel.com?id=10027645,Hugh Hewitt,2027-02-04 23:00:00,2027-02-05 05:00:00,2027-02-05 02:00:00,2027-02-05 08:00:00,America/Chicago,false,false,publish,https://kwel.com/event/hugh-hewitt/2027-02-04/,,,,"{""currency_symbol"":""$"",""currency_code"":""USD"",""currency_position"":""prefix"",""values"":[]}",[],[],[],[],,,"{""url"":""https://kwel.com/wp-content/uploads/2026/05/Hugh-Hewitt.png"",""id"":486801,""extension"":""png"",""width"":300,""height"":200}",[],false,false,,,2026-05-21 23:21:01,2026-05-22 04:21:01,true,true,,,
2026-09-30T13:59:37Z,kwel.com,https://www.kwel.com/wp-json/tribe/events/v1/events,33,10071842,kwel.com?id=10071842,Larry Elder,2027-02-05 02:00:00,2027-02-05 08:00:00,2027-02-05 05:00:00,2027-02-05 11:00:00,America/Chicago,false,false,publish,https://kwel.com/event/larry-elder-2/2027-02-05/,,,,"{""currency_symbol"":""$"",""currency_code"":""USD"",""currency_position"":""prefix"",""values"":[]}",[],[],[],[],,,"{""url"":""https://kwel.com/wp-content/uploads/2026/05/Larry-Elder.png"",""id"":486802,""extension"":""png"",""width"":300,""height"":200}",[],false,false,,,2026-05-21 23:52:47,2026-05-22 04:52:47,true,true,,,
2026-09-30T13:59:37Z,kwel.com,https://www.kwel.com/wp-json/tribe/events/v1/events,33,10055081,kwel.com?id=10055081,America in the Morning,2027-02-05 05:00:00,2027-02-05 11:00:00,2027-02-05 06:00:00,2027-02-05 12:00:00,America/Chicago,false,false,publish,https://kwel.com/event/america-in-the-morning/2027-02-05/,,,,"{""currency_symbol"":""$"",""currency_code"":""USD"",""currency_position"":""prefix"",""values"":[]}",[],[],[],[],,,"{""url"":""https://kwel.com/wp-content/uploads/2026/05/America-in-the-Morning.png"",""id"":486797,""extension"":""png"",""width"":300,""height"":200}",[],false,false,,,2026-05-21 23:04:52,2026-05-22 04:04:52,true,true,,,
2026-09-30T13:59:37Z,kwel.com,https://www.kwel.com/wp-json/tribe/events/v1/events,33,10012032,kwel.com?id=10012032,The Morning Show with Craig Anderson &#038; Lisa Kay,2027-02-05 06:00:00,2027-02-05 12:00:00,2027-02-05 10:00:00,2027-02-05 16:00:00,America/Chicago,false,false,publish,https://kwel.com/event/the-morning-show-with-craig-anderson-2/2027-02-05/,,,,"{""currency_symbol"":""$"",""currency_code"":""USD"",""currency_position"":""prefix"",""values"":[]}",[],[],[],[],<p>Local and streaming live!</p>,,"{""url"":""https://kwel.com/wp-content/uploads/2026/05/Craig-and-Lisa-1.png"",""id"":486798,""extension"":""png"",""width"":300,""height"":200}",[],false,false,,,2026-05-21 23:18:43,2026-05-22 04:18:43,true,true,,,
2026-09-30T13:59:37Z,kwel.com,https://www.kwel.com/wp-json/tribe/events/v1/events,33,10059153,kwel.com?id=10059153,Mike Gallagher &#8211; AM,2027-02-05 10:00:00,2027-02-05 16:00:00,2027-02-05 11:00:00,2027-02-05 17:00:00,America/Chicago,false,false,publish,https://kwel.com/event/mike-gallagher-am-2/2027-02-05/,,,,"{""currency_symbol"":""$"",""currency_code"":""USD"",""currency_position"":""prefix"",""values"":[]}",[],[],[],[],,,"{""url"":""https://kwel.com/wp-content/uploads/2026/05/Mike-Gallagher.png"",""id"":486804,""extension"":""png"",""width"":300,""height"":200}",[],false,false,,,2026-05-21 22:43:18,2026-05-22 03:43:18,true,true,,,
2026-09-30T13:59:37Z,kwel.com,https://www.kwel.com/wp-json/tribe/events/v1/events,33,10075859,kwel.com?id=10075859,Alex Marlow,2027-02-05 11:00:00,2027-02-05 17:00:00,2027-02-05 12:00:00,2027-02-05 18:00:00,America/Chicago,false,false,publish,https://kwel.com/event/alex-marlow/2027-02-05/,,,,"{""currency_symbol"":""$"",""currency_code"":""USD"",""currency_position"":""prefix"",""values"":[]}",[],[],[],[],,,"{""url"":""https://kwel.com/wp-content/uploads/2026/05/Alex-Marlow.png"",""id"":486796,""extension"":""png"",""width"":300,""height"":200}",[],false,false,,,2026-05-21 23:33:23,2026-05-22 04:33:23,true,true,,,
2026-09-30T13:59:37Z,kwel.com,https://www.kwel.com/wp-json/tribe/events/v1/events,33,10077164,kwel.com?id=10077164,Scott Jennings Show,2027-02-05 12:00:00,2027-02-05 18:00:00,2027-02-05 13:00:00,2027-02-05 19:00:00,America/Chicago,false,false,publish,https://kwel.com/event/scott-jennings/2027-02-05/,,,,"{""currency_symbol"":""$"",""currency_code"":""USD"",""currency_position"":""prefix"",""values"":[]}",[],[],[],[],,,"{""url"":""https://kwel.com/wp-content/uploads/2026/05/Scott-Jennings.png"",""id"":486807,""extension"":""png"",""width"":300,""height"":200}",[],false,false,,,2026-05-21 23:37:53,2026-05-22 04:37:53,true,true,,,
2026-09-30T13:59:37Z,kwel.com,https://www.kwel.com/wp-json/tribe/events/v1/events,33,10064371,kwel.com?id=10064371,Dave Ramsey,2027-02-05 13:00:00,2027-02-05 19:00:00,2027-02-05 15:00:00,2027-02-05 21:00:00,America/Chicago,false,false,publish,https://kwel.com/event/dave-ramsey/2027-02-05/,,,,"{""currency_symbol"":""$"",""currency_code"":""USD"",""currency_position"":""prefix"",""values"":[]}",[],[],[],[],,,"{""url"":""https://kwel.com/wp-content/uploads/2026/05/Dave-Ramsey.png"",""id"":486800,""extension"":""png"",""width"":300,""height"":200}",[],false,false,,,2026-05-21 22:58:20,2026-05-22 03:58:20,true,true,,,
2026-09-30T13:59:37Z,kwel.com,https://www.kwel.com/wp-json/tribe/events/v1/events,33,10061761,kwel.com?id=10061761,Tall City Talk,2027-02-05 15:00:00,2027-02-05 21:00:00,2027-02-05 17:00:00,2027-02-05 23:00:00,America/Chicago,false,false,publish,https://kwel.com/event/patriot-call/2027-02-05/,,,,"{""currency_symbol"":""$"",""currency_code"":""USD"",""currency_position"":""prefix"",""values"":[]}",[],[],[],[],,,"{""url"":""https://kwel.com/wp-content/uploads/2026/06/Tall-City-Talk-image-1.png"",""id"":487032,""extension"":""png"",""width"":300,""height"":200}",[],false,false,,,2026-06-12 11:20:35,2026-06-12 16:20:35,true,true,,,
2026-09-30T13:59:37Z,kwel.com,https://www.kwel.com/wp-json/tribe/events/v1/events,33,10051529,kwel.com?id=10051529,Mark Levin,2027-02-05 17:00:00,2027-02-05 23:00:00,2027-02-05 20:00:00,2027-02-06 02:00:00,America/Chicago,false,false,publish,https://kwel.com/event/mark-levin-2/2027-02-05/,,,,"{""currency_symbol"":""$"",""currency_code"":""USD"",""currency_position"":""prefix"",""values"":[]}",[],[],[],[],,,"{""url"":""https://kwel.com/wp-content/uploads/2026/05/Mark-Levin.png"",""id"":486803,""extension"":""png"",""width"":300,""height"":200}",[],false,false,,,2026-05-21 23:20:02,2026-05-22 04:20:02,true,true,,,
2026-09-30T13:59:37Z,kwel.com,https://www.kwel.com/wp-json/tribe/events/v1/events,33,10079772,kwel.com?id=10079772,Scott Jennings Show &#8211; PM,2027-02-05 20:00:00,2027-02-06 02:00:00,2027-02-05 21:00:00,2027-02-06 03:00:00,America/Chicago,false,false,publish,https://kwel.com/event/scott-jennings-show-pm/2027-02-05/,,,,"{""currency_symbol"":""$"",""currency_code"":""USD"",""currency_position"":""prefix"",""values"":[]}",[],[],[],[],,,"{""url"":""https://kwel.com/wp-content/uploads/2026/05/Scott-Jennings.png"",""id"":486807,""extension"":""png"",""width"":300,""height"":200}",[],false,false,,,2026-05-21 23:38:26,2026-05-22 04:38:26,true,true,,,
2026-09-30T13:59:37Z,kwel.com,https://www.kwel.com/wp-json/tribe/events/v1/events,33,10065675,kwel.com?id=10065675,Mike Gallagher &#8211; PM,2027-02-05 21:00:00,2027-02-06 03:00:00,2027-02-05 23:00:00,2027-02-06 05:00:00,America/Chicago,false,false,publish,https://kwel.com/event/mike-gallagher-4-2/2027-02-05/,,,,"{""currency_symbol"":""$"",""currency_code"":""USD"",""currency_position"":""prefix"",""values"":[]}",[],[],[],[],,,"{""url"":""https://kwel.com/wp-content/uploads/2026/05/Mike-Gallagher.png"",""id"":486804,""extension"":""png"",""width"":300,""height"":200}",[],false,false,,,2026-05-21 22:45:14,2026-05-22 03:45:14,true,true,,,
2026-09-30T13:59:37Z,kwel.com,https://www.kwel.com/wp-json/tribe/events/v1/events,33,10027646,kwel.com?id=10027646,Hugh Hewitt,2027-02-05 23:00:00,2027-02-06 05:00:00,2027-02-06 02:00:00,2027-02-06 08:00:00,America/Chicago,false,false,publish,https://kwel.com/event/hugh-hewitt/2027-02-05/,,,,"{""currency_symbol"":""$"",""currency_code"":""USD"",""currency_position"":""prefix"",""values"":[]}",[],[],[],[],,,"{""url"":""https://kwel.com/wp-content/uploads/2026/05/Hugh-Hewitt.png"",""id"":486801,""extension"":""png"",""width"":300,""height"":200}",[],false,false,,,2026-05-21 23:21:01,2026-05-22 04:21:01,true,true,,,
2026-09-30T13:59:37Z,kwel.com,https://www.kwel.com/wp-json/tribe/events/v1/events,33,10071434,kwel.com?id=10071434,America in the Morning &#8211; Sat.,2027-02-06 06:00:00,2027-02-06 12:00:00,2027-02-06 06:30:00,2027-02-06 12:30:00,America/Chicago,false,false,publish,https://kwel.com/event/america-in-the-morning-sat/2027-02-06/,,,,"{""currency_symbol"":""$"",""currency_code"":""USD"",""currency_position"":""prefix"",""values"":[]}",[],[],[],[],,,"{""url"":""https://kwel.com/wp-content/uploads/2026/05/America-in-the-Morning.png"",""id"":486797,""extension"":""png"",""width"":300,""height"":200}",[],false,false,,,2026-05-21 23:04:09,2026-05-22 04:04:09,true,true,,,
2026-09-30T13:59:37Z,kwel.com,https://www.kwel.com/wp-json/tribe/events/v1/events,33,10081613,kwel.com?id=10081613,Oldies Music Show,2027-02-06 06:30:00,2027-02-06 12:30:00,2027-02-06 09:00:00,2027-02-06 15:00:00,America/Chicago,false,false,publish,https://kwel.com/event/oldies-music-show/2027-02-06/,,,,"{""currency_symbol"":""$"",""currency_code"":""USD"",""currency_position"":""prefix"",""values"":[]}",[],[],[],[],,,false,[],false,false,,,2026-05-21 23:46:45,2026-05-22 04:46:45,true,true,,,
2026-09-30T13:59:37Z,kwel.com,https://www.kwel.com/wp-json/tribe/events/v1/events,33,10081352,kwel.com?id=10081352,The Oil Mix Show w/ Kym Balado,2027-02-06 09:00:00,2027-02-06 15:00:00,2027-02-06 10:00:00,2027-02-06 16:00:00,America/Chicago,false,false,publish,https://kwel.com/event/inside-the-oil-patch-with-kim-balado/2027-02-06/,,,,"{""currency_symbol"":""$"",""currency_code"":""USD"",""currency_position"":""prefix"",""values"":[]}",[],[],[],[],,,false,[],false,false,,,2026-05-21 23:45:16,2026-05-22 04:45:16,true,true,,,
2026-09-30T13:59:37Z,kwel.com,https://www.kwel.com/wp-json/tribe/events/v1/events,33,10083201,kwel.com?id=10083201,Hoyl Financial,2027-02-06 10:00:00,2027-02-06 16:00:00,2027-02-06 10:30:00,2027-02-06 16:30:00,America/Chicago,false,false,publish,https://kwel.com/event/hoyl-financial/2027-02-06/,,,,"{""currency_symbol"":""$"",""currency_code"":""USD"",""currency_position"":""prefix"",""values"":[]}",[],[],[],[],,,false,[],false,false,,,2026-05-22 00:04:04,2026-05-22 05:04:04,true,true,,,
2026-09-30T13:59:37Z,kwel.com,https://www.kwel.com/wp-json/tribe/events/v1/events,33,10036165,kwel.com?id=10036165,Dr. Bob Martin,2027-02-06 11:00:00,2027-02-06 17:00:00,2027-02-06 13:00:00,2027-02-06 19:00:00,America/Chicago,false,false,publish,https://kwel.com/event/dr-bob-martin/2027-02-06/,,,,"{""currency_symbol"":""$"",""currency_code"":""USD"",""currency_position"":""prefix"",""values"":[]}",[],[],[],[],<p>Presented by Natural Foods Market</p>,,"{""url"":""https://kwel.com/wp-content/uploads/2024/12/Dr.-Bob-Martin.png"",""id"":486828,""extension"":""png"",""width"":300,""height"":200}",[],false,false,,,2026-05-21 23:23:52,2026-05-22 04:23:52,true,true,,,
2026-09-30T13:59:37Z,kwel.com,https://www.kwel.com/wp-json/tribe/events/v1/events,33,10082940,kwel.com?id=10082940,Body Talk with Dr. Bill Dodson,2027-02-06 13:00:00,2027-02-06 19:00:00,2027-02-06 15:00:00,2027-02-06 21:00:00,America/Chicago,false,false,publish,https://kwel.com/event/body-talk-with-dr-bill-dodson/2027-02-06/,,,,"{""currency_symbol"":""$"",""currency_code"":""USD"",""currency_position"":""prefix"",""values"":[]}",[],[],[],[],<p>Paradigm Physical Therapy &#8211; LIVE AND LOCAL</p>,,"{""url"":""https://kwel.com/wp-content/uploads/2024/12/Bill-Dodson.png"",""id"":486852,""extension"":""png"",""width"":300,""height"":200}",[],false,false,,,2026-05-22 00:01:52,2026-05-22 05:01:52,true,true,,,
2026-09-30T13:59:37Z,kwel.com,https://www.kwel.com/wp-json/tribe/events/v1/events,33,10083723,kwel.com?id=10083723,The CC Auto Show,2027-02-06 15:00:00,2027-02-06 21:00:00,2027-02-06 17:00:00,2027-02-06 23:00:00,America/Chicago,false,false,publish,https://kwel.com/event/the-best-of-hoss-duggar/2027-02-06/,,,,"{""currency_symbol"":""$"",""currency_code"":""USD"",""currency_position"":""prefix"",""values"":[]}",[],[],[],[],,,false,[],false,false,,,2026-05-22 00:06:03,2026-05-22 05:06:03,true,true,,,
2026-09-30T13:59:37Z,kwel.com,https://www.kwel.com/wp-json/tribe/events/v1/events,33,10083984,kwel.com?id=10083984,The Pet Show,2027-02-06 17:00:00,2027-02-06 23:00:00,2027-02-06 19:00:00,2027-02-07 01:00:00,America/Chicago,false,false,publish,https://kwel.com/event/the-pet-show/2027-02-06/,,,,"{""currency_symbol"":""$"",""currency_code"":""USD"",""currency_position"":""prefix"",""values"":[]}",[],[],[],[],,,false,[],false,false,,,2026-05-22 00:07:14,2026-05-22 05:07:14,true,true,,,
2026-09-30T13:59:37Z,kwel.com,https://www.kwel.com/wp-json/tribe/events/v1/events,33,10084245,kwel.com?id=10084245,The Best of Hoss Duggar &#8211; PM,2027-02-06 19:00:00,2027-02-07 01:00:00,2027-02-06 19:30:00,2027-02-07 01:30:00,America/Chicago,false,false,publish,https://kwel.com/event/the-best-of-hoss-duggar-pm/2027-02-06/,,,,"{""currency_symbol"":""$"",""currency_code"":""USD"",""currency_position"":""prefix"",""values"":[]}",[],[],[],[],,,false,[],false,false,,,2026-05-22 00:08:01,2026-05-22 05:08:01,true,true,,,
2026-09-30T13:59:37Z,kwel.com,https://www.kwel.com/wp-json/tribe/events/v1/events,33,10084506,kwel.com?id=10084506,The Best of Keith Stretcher &#8211; Sat.,2027-02-06 19:30:00,2027-02-07 01:30:00,2027-02-06 20:00:00,2027-02-07 02:00:00,America/Chicago,false,false,publish,https://kwel.com/event/the-best-of-keith-stretcher-sat/2027-02-06/,,,,"{""currency_symbol"":""$"",""currency_code"":""USD"",""currency_position"":""prefix"",""values"":[]}",[],[],[],[],,,false,[],false,false,,,2026-05-22 00:09:06,2026-05-22 05:09:06,true,true,,,
2026-09-30T13:59:37Z,kwel.com,https://www.kwel.com/wp-json/tribe/events/v1/events,33,10086855,kwel.com?id=10086855,Rick Valdez,2027-02-06 20:00:00,2027-02-07 02:00:00,2027-02-07 00:00:00,2027-02-07 06:00:00,America/Chicago,false,false,publish,https://kwel.com/event/rick-valdez/2027-02-06/,,,,"{""currency_symbol"":""$"",""currency_code"":""USD"",""currency_position"":""prefix"",""values"":[]}",[],[],[],[],,,false,[],false,false,,,2026-05-22 00:25:00,2026-05-22 05:25:00,true,true,,,
2026-09-30T13:59:37Z,kwel.com,https://www.kwel.com/wp-json/tribe/events/v1/events,33,10087116,kwel.com?id=10087116,Kevin McCullough,2027-02-07 00:00:00,2027-02-07 06:00:00,2027-02-07 03:00:00,2027-02-07 09:00:00,America/Chicago,false,false,publish,https://kwel.com/event/kevin-mccullough/2027-02-07/,,,,"{""currency_symbol"":""$"",""currency_code"":""USD"",""currency_position"":""prefix"",""values"":[]}",[],[],[],[],,,false,[],false,false,,,2026-05-29 20:04:05,2026-05-30 01:04:05,true,true,,,
2026-09-30T13:59:37Z,kwel.com,https://www.kwel.com/wp-json/tribe/events/v1/events,33,10066830,kwel.com?id=10066830,Mike Gallagher &#8211; Sunday,2027-02-07 03:00:00,2027-02-07 09:00:00,2027-02-07 06:00:00,2027-02-07 12:00:00,America/Chicago,false,false,publish,https://kwel.com/event/mike-gallagher-4-3/2027-02-07/,,,,"{""currency_symbol"":""$"",""currency_code"":""USD"",""currency_position"":""prefix"",""values"":[]}",[],[],[],[],,,"{""url"":""https://kwel.com/wp-content/uploads/2026/05/Mike-Gallagher.png"",""id"":486804,""extension"":""png"",""width"":300,""height"":200}",[],false,false,,,2026-05-21 22:51:50,2026-05-22 03:51:50,true,true,,,
2026-09-30T13:59:37Z,kwel.com,https://www.kwel.com/wp-json/tribe/events/v1/events,33,10084767,kwel.com?id=10084767,The Best of Keith Stretcher &#8211; Sun.,2027-02-07 06:30:00,2027-02-07 12:30:00,2027-02-07 07:00:00,2027-02-07 13:00:00,America/Chicago,false,false,publish,https://kwel.com/event/the-best-of-keith-stretcher-sun/2027-02-07/,,,,"{""currency_symbol"":""$"",""currency_code"":""USD"",""currency_position"":""prefix"",""values"":[]}",[],[],[],[],,,false,[],false,false,,,2026-05-22 00:10:38,2026-05-22 05:10:38,true,true,,,
2026-09-30T13:59:37Z,kwel.com,https://www.kwel.com/wp-json/tribe/events/v1/events,33,10085028,kwel.com?id=10085028,Wall Builders &#8211; 7am,2027-02-07 07:00:00,2027-02-07 13:00:00,2027-02-07 07:30:00,2027-02-07 13:30:00,America/Chicago,false,false,publish,https://kwel.com/event/wall-builders-7am/2027-02-07/,,,,"{""currency_symbol"":""$"",""currency_code"":""USD"",""currency_position"":""prefix"",""values"":[]}",[],[],[],[],,,"{""url"":""https://kwel.com/wp-content/uploads/2026/05/Wall-Builders.png"",""id"":486877,""extension"":""png"",""width"":300,""height"":200}",[],false,false,,,2026-05-22 00:15:13,2026-05-22 05:15:13,true,true,,,
2026-09-30T13:59:37Z,kwel.com,https://www.kwel.com/wp-json/tribe/events/v1/events,33,10031785,kwel.com?id=10031785,Lutheran Hour &#8211; Family Shield- Sponsored by Grace Lutheran and Holy Cross Lutheran,2027-02-07 07:30:00,2027-02-07 13:30:00,2027-02-07 08:30:00,2027-02-07 14:30:00,America/Chicago,false,false,publish,https://kwel.com/event/lutheran-hour-family-shield-sponsored-by-grace-lutheran-and-holy-cross-lutheran/2027-02-07/,,,,"{""currency_symbol"":""$"",""currency_code"":""USD"",""currency_position"":""prefix"",""values"":[]}",[],[],[],[],,,false,[],false,false,,,2026-05-21 23:59:20,2026-05-22 04:59:20,true,true,,,
2026-09-30T13:59:37Z,kwel.com,https://www.kwel.com/wp-json/tribe/events/v1/events,33,10085289,kwel.com?id=10085289,Wall Builders &#8211; 8am,2027-02-07 08:00:00,2027-02-07 14:00:00,2027-02-07 08:30:00,2027-02-07 14:30:00,America/Chicago,false,false,publish,https://kwel.com/event/wall-builders-8am/2027-02-07/,,,,"{""currency_symbol"":""$"",""currency_code"":""USD"",""currency_position"":""prefix"",""values"":[]}",[],[],[],[],,,"{""url"":""https://kwel.com/wp-content/uploads/2026/05/Wall-Builders.png"",""id"":486877,""extension"":""png"",""width"":300,""height"":200}",[],false,false,,,2026-05-22 00:16:04,2026-05-22 05:16:04,true,true,,,
2026-09-30T13:59:37Z,kwel.com,https://www.kwel.com/wp-json/tribe/events/v1/events,33,10031150,kwel.com?id=10031150,Family Gospel Music Hour w/ Warren Bell,2027-02-07 08:30:00,2027-02-07 14:30:00,2027-02-07 09:30:00,2027-02-07 15:30:00,America/Chicago,false,false,publish,https://kwel.com/event/family-gospel-music-hour-sponsored-by-warren-bell/2027-02-07/,,,,"{""currency_symbol"":""$"",""currency_code"":""USD"",""currency_position"":""prefix"",""values"":[]}",[],[],[],[],,,false,[],false,false,,,2026-05-21 23:48:07,2026-05-22 04:48:07,true,true,,,
2026-09-30T13:59:37Z,kwel.com,https://www.kwel.com/wp-json/tribe/events/v1/events,33,10085811,kwel.com?id=10085811,ReNew Your Mind w. RC Sproul,2027-02-07 09:30:00,2027-02-07 15:30:00,2027-02-07 10:00:00,2027-02-07 16:00:00,America/Chicago,false,false,publish,https://kwel.com/event/renew-your-mind-w-rc-sproul/2027-02-07/,,,,"{""currency_symbol"":""$"",""currency_code"":""USD"",""currency_position"":""prefix"",""values"":[]}",[],[],[],[],,,false,[],false,false,,,2026-05-22 00:19:04,2026-05-22 05:19:04,true,true,,,
2026-09-30T13:59:37Z,kwel.com,https://www.kwel.com/wp-json/tribe/events/v1/events,33,10030155,kwel.com?id=10030155,Save the Cowboy,2027-02-07 10:00:00,2027-02-07 16:00:00,2027-02-07 10:30:00,2027-02-07 16:30:00,America/Chicago,false,false,publish,https://kwel.com/event/save-the-cowboy-sponsored-by-western-llc-2/2027-02-07/,,,,"{""currency_symbol"":""$"",""currency_code"":""USD"",""currency_position"":""prefix"",""values"":[]}",[],[],[],[],,,false,[],false,false,,,2026-05-21 23:58:20,2026-05-22 04:58:20,true,true,,,
2026-09-30T13:59:37Z,kwel.com,https://www.kwel.com/wp-json/tribe/events/v1/events,33,10029520,kwel.com?id=10029520,Kelview Heights Baptist Church,2027-02-07 10:30:00,2027-02-07 16:30:00,2027-02-07 11:00:00,2027-02-07 17:00:00,America/Chicago,false,false,publish,https://kwel.com/event/kelview-heights-baptist-church/2027-02-07/,,,,"{""currency_symbol"":""$"",""currency_code"":""USD"",""currency_position"":""prefix"",""values"":[]}",[],[],[],[],,,false,[],false,false,,,2026-05-21 23:57:15,2026-05-22 04:57:15,true,true,,,
2026-09-30T13:59:37Z,kwel.com,https://www.kwel.com/wp-json/tribe/events/v1/events,33,10086072,kwel.com?id=10086072,Through the Bible,2027-02-07 11:00:00,2027-02-07 17:00:00,2027-02-07 12:00:00,2027-02-07 18:00:00,America/Chicago,false,false,publish,https://kwel.com/event/through-the-bible/2027-02-07/,,,,"{""currency_symbol"":""$"",""currency_code"":""USD"",""currency_position"":""prefix"",""values"":[]}",[],[],[],[],,,false,[],false,false,,,2026-05-22 00:19:43,2026-05-22 05:19:43,true,true,,,
2026-09-30T13:59:37Z,kwel.com,https://www.kwel.com/wp-json/tribe/events/v1/events,33,10086333,kwel.com?id=10086333,The One of a Kind Financial Show w/ Mike,2027-02-07 12:00:00,2027-02-07 18:00:00,2027-02-07 13:00:00,2027-02-07 19:00:00,America/Chicago,false,false,publish,https://kwel.com/event/kline-marketing-financial-show/2027-02-07/,,,,"{""currency_symbol"":""$"",""currency_code"":""USD"",""currency_position"":""prefix"",""values"":[]}",[],[],[],[],"<p><span data-olk-copy-source=""MessageBody"">The One of a Kind Financial Show with Mike Milligan, CFP delivers story-first financial wisdom—covering taxes, retirement income, investments, long-term care, and legacy—empowering listeners to build a truly one-of-a-kind financial plan.</span></p>",,"{""url"":""https://kwel.com/wp-content/uploads/2026/05/One-of-a-kind-financial-show.png"",""id"":486911,""extension"":""png"",""width"":300,""height"":200}",[],false,false,,,2026-05-29 20:02:25,2026-05-30 01:02:25,true,true,,,
2026-09-30T13:59:37Z,kwel.com,https://www.kwel.com/wp-json/tribe/events/v1/events,33,10085550,kwel.com?id=10085550,Wall Builders &#8211; 1pm,2027-02-07 13:00:00,2027-02-07 19:00:00,2027-02-07 14:00:00,2027-02-07 20:00:00,America/Chicago,false,false,publish,https://kwel.com/event/wall-builders-1pm/2027-02-07/,,,,"{""currency_symbol"":""$"",""currency_code"":""USD"",""currency_position"":""prefix"",""values"":[]}",[],[],[],[],,,"{""url"":""https://kwel.com/wp-content/uploads/2026/05/Wall-Builders.png"",""id"":486877,""extension"":""png"",""width"":300,""height"":200}",[],false,false,,,2026-05-22 00:17:07,2026-05-22 05:17:07,true,true,,,
2026-09-30T13:59:37Z,kwel.com,https://www.kwel.com/wp-json/tribe/events/v1/events,33,10081945,kwel.com?id=10081945,Gun Talk,2027-02-07 14:00:00,2027-02-07 20:00:00,2027-02-07 17:00:00,2027-02-07 23:00:00,America/Chicago,false,false,publish,https://kwel.com/event/gun-talk-2/2027-02-07/,,,,"{""currency_symbol"":""$"",""currency_code"":""USD"",""currency_position"":""prefix"",""values"":[]}",[],[],[],[],,,false,[],false,false,,,2026-05-21 23:51:02,2026-05-22 04:51:02,true,true,,,
2026-09-30T13:59:37Z,kwel.com,https://www.kwel.com/wp-json/tribe/events/v1/events,33,10074302,kwel.com?id=10074302,Larry Elder &#8211; Sunday,2027-02-07 17:00:00,2027-02-07 23:00:00,2027-02-07 19:00:00,2027-02-08 01:00:00,America/Chicago,false,false,publish,https://kwel.com/event/larry-elder-sunday/2027-02-07/,,,,"{""currency_symbol"":""$"",""currency_code"":""USD"",""currency_position"":""prefix"",""values"":[]}",[],[],[],[],,,"{""url"":""https://kwel.com/wp-content/uploads/2026/05/Larry-Elder.png"",""id"":486802,""extension"":""png"",""width"":300,""height"":200}",[],false,false,,,2026-05-21 23:10:20,2026-05-22 04:10:20,true,true,,,
2026-09-30T13:59:37Z,kwel.com,https://www.kwel.com/wp-json/tribe/events/v1/events,33,10041688,kwel.com?id=10041688,Armed American Radio,2027-02-07 19:00:00,2027-02-08 01:00:00,2027-02-07 22:00:00,2027-02-08 04:00:00,America/Chicago,false,false,publish,https://kwel.com/event/armed-american-radio/2027-02-07/,,,,"{""currency_symbol"":""$"",""currency_code"":""USD"",""currency_position"":""prefix"",""values"":[]}",[],[],[],[],,,false,[],false,false,,,2026-05-21 23:55:59,2026-05-22 04:55:59,true,true,,,
2026-09-30T13:59:37Z,kwel.com,https://www.kwel.com/wp-json/tribe/events/v1/events,33,10086594,kwel.com?id=10086594,Wall Builders &#8211; 10pm,2027-02-07 22:00:00,2027-02-08 04:00:00,2027-02-08 00:00:00,2027-02-08 06:00:00,America/Chicago,false,false,publish,https://kwel.com/event/wall-builders-10pm/2027-02-07/,,,,"{""currency_symbol"":""$"",""currency_code"":""USD"",""currency_position"":""prefix"",""values"":[]}",[],[],[],[],,,"{""url"":""https://kwel.com/wp-content/uploads/2026/05/Wall-Builders.png"",""id"":486877,""extension"":""png"",""width"":300,""height"":200}",[],false,false,,,2026-05-22 00:22:52,2026-05-22 05:22:52,true,true,,,
2026-09-30T13:59:37Z,kwel.com,https://www.kwel.com/wp-json/tribe/events/v1/events,33,10071843,kwel.com?id=10071843,Larry Elder,2027-02-08 02:00:00,2027-02-08 08:00:00,2027-02-08 05:00:00,2027-02-08 11:00:00,America/Chicago,false,false,publish,https://kwel.com/event/larry-elder-2/2027-02-08/,,,,"{""currency_symbol"":""$"",""currency_code"":""USD"",""currency_position"":""prefix"",""values"":[]}",[],[],[],[],,,"{""url"":""https://kwel.com/wp-content/uploads/2026/05/Larry-Elder.png"",""id"":486802,""extension"":""png"",""width"":300,""height"":200}",[],false,false,,,2026-05-21 23:52:47,2026-05-22 04:52:47,true,true,,,
2026-09-30T13:59:37Z,kwel.com,https://www.kwel.com/wp-json/tribe/events/v1/events,33,10055083,kwel.com?id=10055083,America in the Morning,2027-02-08 05:00:00,2027-02-08 11:00:00,2027-02-08 06:00:00,2027-02-08 12:00:00,America/Chicago,false,false,publish,https://kwel.com/event/america-in-the-morning/2027-02-08/,,,,"{""currency_symbol"":""$"",""currency_code"":""USD"",""currency_position"":""prefix"",""values"":[]}",[],[],[],[],,,"{""url"":""https://kwel.com/wp-content/uploads/2026/05/America-in-the-Morning.png"",""id"":486797,""extension"":""png"",""width"":300,""height"":200}",[],false,false,,,2026-05-21 23:04:52,2026-05-22 04:04:52,true,true,,,
2026-09-30T13:59:37Z,kwel.com,https://www.kwel.com/wp-json/tribe/events/v1/events,34,10012033,kwel.com?id=10012033,The Morning Show with Craig Anderson &#038; Lisa Kay,2027-02-08 06:00:00,2027-02-08 12:00:00,2027-02-08 10:00:00,2027-02-08 16:00:00,America/Chicago,false,false,publish,https://kwel.com/event/the-morning-show-with-craig-anderson-2/2027-02-08/,,,,"{""currency_symbol"":""$"",""currency_code"":""USD"",""currency_position"":""prefix"",""values"":[]}",[],[],[],[],<p>Local and streaming live!</p>,,"{""url"":""https://kwel.com/wp-content/uploads/2026/05/Craig-and-Lisa-1.png"",""id"":486798,""extension"":""png"",""width"":300,""height"":200}",[],false,false,,,2026-05-21 23:18:43,2026-05-22 04:18:43,true,true,,,
2026-09-30T13:59:37Z,kwel.com,https://www.kwel.com/wp-json/tribe/events/v1/events,34,10059154,kwel.com?id=10059154,Mike Gallagher &#8211; AM,2027-02-08 10:00:00,2027-02-08 16:00:00,2027-02-08 11:00:00,2027-02-08 17:00:00,America/Chicago,false,false,publish,https://kwel.com/event/mike-gallagher-am-2/2027-02-08/,,,,"{""currency_symbol"":""$"",""currency_code"":""USD"",""currency_position"":""prefix"",""values"":[]}",[],[],[],[],,,"{""url"":""https://kwel.com/wp-content/uploads/2026/05/Mike-Gallagher.png"",""id"":486804,""extension"":""png"",""width"":300,""height"":200}",[],false,false,,,2026-05-21 22:43:18,2026-05-22 03:43:18,true,true,,,
2026-09-30T13:59:37Z,kwel.com,https://www.kwel.com/wp-json/tribe/events/v1/events,34,10075860,kwel.com?id=10075860,Alex Marlow,2027-02-08 11:00:00,2027-02-08 17:00:00,2027-02-08 12:00:00,2027-02-08 18:00:00,America/Chicago,false,false,publish,https://kwel.com/event/alex-marlow/2027-02-08/,,,,"{""currency_symbol"":""$"",""currency_code"":""USD"",""currency_position"":""prefix"",""values"":[]}",[],[],[],[],,,"{""url"":""https://kwel.com/wp-content/uploads/2026/05/Alex-Marlow.png"",""id"":486796,""extension"":""png"",""width"":300,""height"":200}",[],false,false,,,2026-05-21 23:33:23,2026-05-22 04:33:23,true,true,,,
2026-09-30T13:59:37Z,kwel.com,https://www.kwel.com/wp-json/tribe/events/v1/events,34,10077165,kwel.com?id=10077165,Scott Jennings Show,2027-02-08 12:00:00,2027-02-08 18:00:00,2027-02-08 13:00:00,2027-02-08 19:00:00,America/Chicago,false,false,publish,https://kwel.com/event/scott-jennings/2027-02-08/,,,,"{""currency_symbol"":""$"",""currency_code"":""USD"",""currency_position"":""prefix"",""values"":[]}",[],[],[],[],,,"{""url"":""https://kwel.com/wp-content/uploads/2026/05/Scott-Jennings.png"",""id"":486807,""extension"":""png"",""width"":300,""height"":200}",[],false,false,,,2026-05-21 23:37:53,2026-05-22 04:37:53,true,true,,,
2026-09-30T13:59:37Z,kwel.com,https://www.kwel.com/wp-json/tribe/events/v1/events,34,10064372,kwel.com?id=10064372,Dave Ramsey,2027-02-08 13:00:00,2027-02-08 19:00:00,2027-02-08 15:00:00,2027-02-08 21:00:00,America/Chicago,false,false,publish,https://kwel.com/event/dave-ramsey/2027-02-08/,,,,"{""currency_symbol"":""$"",""currency_code"":""USD"",""currency_position"":""prefix"",""values"":[]}",[],[],[],[],,,"{""url"":""https://kwel.com/wp-content/uploads/2026/05/Dave-Ramsey.png"",""id"":486800,""extension"":""png"",""width"":300,""height"":200}",[],false,false,,,2026-05-21 22:58:20,2026-05-22 03:58:20,true,true,,,
2026-09-30T13:59:37Z,kwel.com,https://www.kwel.com/wp-json/tribe/events/v1/events,34,10061762,kwel.com?id=10061762,Tall City Talk,2027-02-08 15:00:00,2027-02-08 21:00:00,2027-02-08 17:00:00,2027-02-08 23:00:00,America/Chicago,false,false,publish,https://kwel.com/event/patriot-call/2027-02-08/,,,,"{""currency_symbol"":""$"",""currency_code"":""USD"",""currency_position"":""prefix"",""values"":[]}",[],[],[],[],,,"{""url"":""https://kwel.com/wp-content/uploads/2026/06/Tall-City-Talk-image-1.png"",""id"":487032,""extension"":""png"",""width"":300,""height"":200}",[],false,false,,,2026-06-12 11:20:35,2026-06-12 16:20:35,true,true,,,
2026-09-30T13:59:37Z,kwel.com,https://www.kwel.com/wp-json/tribe/events/v1/events,34,10051530,kwel.com?id=10051530,Mark Levin,2027-02-08 17:00:00,2027-02-08 23:00:00,2027-02-08 20:00:00,2027-02-09 02:00:00,America/Chicago,false,false,publish,https://kwel.com/event/mark-levin-2/2027-02-08/,,,,"{""currency_symbol"":""$"",""currency_code"":""USD"",""currency_position"":""prefix"",""values"":[]}",[],[],[],[],,,"{""url"":""https://kwel.com/wp-content/uploads/2026/05/Mark-Levin.png"",""id"":486803,""extension"":""png"",""width"":300,""height"":200}",[],false,false,,,2026-05-21 23:20:02,2026-05-22 04:20:02,true,true,,,
2026-09-30T13:59:37Z,kwel.com,https://www.kwel.com/wp-json/tribe/events/v1/events,34,10079773,kwel.com?id=10079773,Scott Jennings Show &#8211; PM,2027-02-08 20:00:00,2027-02-09 02:00:00,2027-02-08 21:00:00,2027-02-09 03:00:00,America/Chicago,false,false,publish,https://kwel.com/event/scott-jennings-show-pm/2027-02-08/,,,,"{""currency_symbol"":""$"",""currency_code"":""USD"",""currency_position"":""prefix"",""values"":[]}",[],[],[],[],,,"{""url"":""https://kwel.com/wp-content/uploads/2026/05/Scott-Jennings.png"",""id"":486807,""extension"":""png"",""width"":300,""height"":200}",[],false,false,,,2026-05-21 23:38:26,2026-05-22 04:38:26,true,true,,,
2026-09-30T13:59:37Z,kwel.com,https://www.kwel.com/wp-json/tribe/events/v1/events,34,10065676,kwel.com?id=10065676,Mike Gallagher &#8211; PM,2027-02-08 21:00:00,2027-02-09 03:00:00,2027-02-08 23:00:00,2027-02-09 05:00:00,America/Chicago,false,false,publish,https://kwel.com/event/mike-gallagher-4-2/2027-02-08/,,,,"{""currency_symbol"":""$"",""currency_code"":""USD"",""currency_position"":""prefix"",""values"":[]}",[],[],[],[],,,"{""url"":""https://kwel.com/wp-content/uploads/2026/05/Mike-Gallagher.png"",""id"":486804,""extension"":""png"",""width"":300,""height"":200}",[],false,false,,,2026-05-21 22:45:14,2026-05-22 03:45:14,true,true,,,
2026-09-30T13:59:37Z,kwel.com,https://www.kwel.com/wp-json/tribe/events/v1/events,34,10027647,kwel.com?id=10027647,Hugh Hewitt,2027-02-08 23:00:00,2027-02-09 05:00:00,2027-02-09 02:00:00,2027-02-09 08:00:00,America/Chicago,false,false,publish,https://kwel.com/event/hugh-hewitt/2027-02-08/,,,,"{""currency_symbol"":""$"",""currency_code"":""USD"",""currency_position"":""prefix"",""values"":[]}",[],[],[],[],,,"{""url"":""https://kwel.com/wp-content/uploads/2026/05/Hugh-Hewitt.png"",""id"":486801,""extension"":""png"",""width"":300,""height"":200}",[],false,false,,,2026-05-21 23:21:01,2026-05-22 04:21:01,true,true,,,
2026-09-30T13:59:37Z,kwel.com,https://www.kwel.com/wp-json/tribe/events/v1/events,34,10071844,kwel.com?id=10071844,Larry Elder,2027-02-09 02:00:00,2027-02-09 08:00:00,2027-02-09 05:00:00,2027-02-09 11:00:00,America/Chicago,false,false,publish,https://kwel.com/event/larry-elder-2/2027-02-09/,,,,"{""currency_symbol"":""$"",""currency_code"":""USD"",""currency_position"":""prefix"",""values"":[]}",[],[],[],[],,,"{""url"":""https://kwel.com/wp-content/uploads/2026/05/Larry-Elder.png"",""id"":486802,""extension"":""png"",""width"":300,""height"":200}",[],false,false,,,2026-05-21 23:52:47,2026-05-22 04:52:47,true,true,,,
2026-09-30T13:59:37Z,kwel.com,https://www.kwel.com/wp-json/tribe/events/v1/events,34,10055084,kwel.com?id=10055084,America in the Morning,2027-02-09 05:00:00,2027-02-09 11:00:00,2027-02-09 06:00:00,2027-02-09 12:00:00,America/Chicago,false,false,publish,https://kwel.com/event/america-in-the-morning/2027-02-09/,,,,"{""currency_symbol"":""$"",""currency_code"":""USD"",""currency_position"":""prefix"",""values"":[]}",[],[],[],[],,,"{""url"":""https://kwel.com/wp-content/uploads/2026/05/America-in-the-Morning.png"",""id"":486797,""extension"":""png"",""width"":300,""height"":200}",[],false,false,,,2026-05-21 23:04:52,2026-05-22 04:04:52,true,true,,,
2026-09-30T13:59:37Z,kwel.com,https://www.kwel.com/wp-json/tribe/events/v1/events,34,10012034,kwel.com?id=10012034,The Morning Show with Craig Anderson &#038; Lisa Kay,2027-02-09 06:00:00,2027-02-09 12:00:00,2027-02-09 10:00:00,2027-02-09 16:00:00,America/Chicago,false,false,publish,https://kwel.com/event/the-morning-show-with-craig-anderson-2/2027-02-09/,,,,"{""currency_symbol"":""$"",""currency_code"":""USD"",""currency_position"":""prefix"",""values"":[]}",[],[],[],[],<p>Local and streaming live!</p>,,"{""url"":""https://kwel.com/wp-content/uploads/2026/05/Craig-and-Lisa-1.png"",""id"":486798,""extension"":""png"",""width"":300,""height"":200}",[],false,false,,,2026-05-21 23:18:43,2026-05-22 04:18:43,true,true,,,
2026-09-30T13:59:37Z,kwel.com,https://www.kwel.com/wp-json/tribe/events/v1/events,34,10059155,kwel.com?id=10059155,Mike Gallagher &#8211; AM,2027-02-09 10:00:00,2027-02-09 16:00:00,2027-02-09 11:00:00,2027-02-09 17:00:00,America/Chicago,false,false,publish,https://kwel.com/event/mike-gallagher-am-2/2027-02-09/,,,,"{""currency_symbol"":""$"",""currency_code"":""USD"",""currency_position"":""prefix"",""values"":[]}",[],[],[],[],,,"{""url"":""https://kwel.com/wp-content/uploads/2026/05/Mike-Gallagher.png"",""id"":486804,""extension"":""png"",""width"":300,""height"":200}",[],false,false,,,2026-05-21 22:43:18,2026-05-22 03:43:18,true,true,,,
2026-09-30T13:59:37Z,kwel.com,https://www.kwel.com/wp-json/tribe/events/v1/events,34,10075861,kwel.com?id=10075861,Alex Marlow,2027-02-09 11:00:00,2027-02-09 17:00:00,2027-02-09 12:00:00,2027-02-09 18:00:00,America/Chicago,false,false,publish,https://kwel.com/event/alex-marlow/2027-02-09/,,,,"{""currency_symbol"":""$"",""currency_code"":""USD"",""currency_position"":""prefix"",""values"":[]}",[],[],[],[],,,"{""url"":""https://kwel.com/wp-content/uploads/2026/05/Alex-Marlow.png"",""id"":486796,""extension"":""png"",""width"":300,""height"":200}",[],false,false,,,2026-05-21 23:33:23,2026-05-22 04:33:23,true,true,,,
2026-09-30T13:59:37Z,kwel.com,https://www.kwel.com/wp-json/tribe/events/v1/events,34,10077166,kwel.com?id=10077166,Scott Jennings Show,2027-02-09 12:00:00,2027-02-09 18:00:00,2027-02-09 13:00:00,2027-02-09 19:00:00,America/Chicago,false,false,publish,https://kwel.com/event/scott-jennings/2027-02-09/,,,,"{""currency_symbol"":""$"",""currency_code"":""USD"",""currency_position"":""prefix"",""values"":[]}",[],[],[],[],,,"{""url"":""https://kwel.com/wp-content/uploads/2026/05/Scott-Jennings.png"",""id"":486807,""extension"":""png"",""width"":300,""height"":200}",[],false,false,,,2026-05-21 23:37:53,2026-05-22 04:37:53,true,true,,,
2026-09-30T13:59:37Z,kwel.com,https://www.kwel.com/wp-json/tribe/events/v1/events,34,10064373,kwel.com?id=10064373,Dave Ramsey,2027-02-09 13:00:00,2027-02-09 19:00:00,2027-02-09 15:00:00,2027-02-09 21:00:00,America/Chicago,false,false,publish,https://kwel.com/event/dave-ramsey/2027-02-09/,,,,"{""currency_symbol"":""$"",""currency_code"":""USD"",""currency_position"":""prefix"",""values"":[]}",[],[],[],[],,,"{""url"":""https://kwel.com/wp-content/uploads/2026/05/Dave-Ramsey.png"",""id"":486800,""extension"":""png"",""width"":300,""height"":200}",[],false,false,,,2026-05-21 22:58:20,2026-05-22 03:58:20,true,true,,,
2026-09-30T13:59:37Z,kwel.com,https://www.kwel.com/wp-json/tribe/events/v1/events,34,10061763,kwel.com?id=10061763,Tall City Talk,2027-02-09 15:00:00,2027-02-09 21:00:00,2027-02-09 17:00:00,2027-02-09 23:00:00,America/Chicago,false,false,publish,https://kwel.com/event/patriot-call/2027-02-09/,,,,"{""currency_symbol"":""$"",""currency_code"":""USD"",""currency_position"":""prefix"",""values"":[]}",[],[],[],[],,,"{""url"":""https://kwel.com/wp-content/uploads/2026/06/Tall-City-Talk-image-1.png"",""id"":487032,""extension"":""png"",""width"":300,""height"":200}",[],false,false,,,2026-06-12 11:20:35,2026-06-12 16:20:35,true,true,,,
2026-09-30T13:59:37Z,kwel.com,https://www.kwel.com/wp-json/tribe/events/v1/events,34,10051531,kwel.com?id=10051531,Mark Levin,2027-02-09 17:00:00,2027-02-09 23:00:00,2027-02-09 20:00:00,2027-02-10 02:00:00,America/Chicago,false,false,publish,https://kwel.com/event/mark-levin-2/2027-02-09/,,,,"{""currency_symbol"":""$"",""currency_code"":""USD"",""currency_position"":""prefix"",""values"":[]}",[],[],[],[],,,"{""url"":""https://kwel.com/wp-content/uploads/2026/05/Mark-Levin.png"",""id"":486803,""extension"":""png"",""width"":300,""height"":200}",[],false,false,,,2026-05-21 23:20:02,2026-05-22 04:20:02,true,true,,,
2026-09-30T13:59:37Z,kwel.com,https://www.kwel.com/wp-json/tribe/events/v1/events,34,10079774,kwel.com?id=10079774,Scott Jennings Show &#8211; PM,2027-02-09 20:00:00,2027-02-10 02:00:00,2027-02-09 21:00:00,2027-02-10 03:00:00,America/Chicago,false,false,publish,https://kwel.com/event/scott-jennings-show-pm/2027-02-09/,,,,"{""currency_symbol"":""$"",""currency_code"":""USD"",""currency_position"":""prefix"",""values"":[]}",[],[],[],[],,,"{""url"":""https://kwel.com/wp-content/uploads/2026/05/Scott-Jennings.png"",""id"":486807,""extension"":""png"",""width"":300,""height"":200}",[],false,false,,,2026-05-21 23:38:26,2026-05-22 04:38:26,true,true,,,
2026-09-30T13:59:37Z,kwel.com,https://www.kwel.com/wp-json/tribe/events/v1/events,34,10065677,kwel.com?id=10065677,Mike Gallagher &#8211; PM,2027-02-09 21:00:00,2027-02-10 03:00:00,2027-02-09 23:00:00,2027-02-10 05:00:00,America/Chicago,false,false,publish,https://kwel.com/event/mike-gallagher-4-2/2027-02-09/,,,,"{""currency_symbol"":""$"",""currency_code"":""USD"",""currency_position"":""prefix"",""values"":[]}",[],[],[],[],,,"{""url"":""https://kwel.com/wp-content/uploads/2026/05/Mike-Gallagher.png"",""id"":486804,""extension"":""png"",""width"":300,""height"":200}",[],false,false,,,2026-05-21 22:45:14,2026-05-22 03:45:14,true,true,,,
2026-09-30T13:59:37Z,kwel.com,https://www.kwel.com/wp-json/tribe/events/v1/events,34,10027648,kwel.com?id=10027648,Hugh Hewitt,2027-02-09 23:00:00,2027-02-10 05:00:00,2027-02-10 02:00:00,2027-02-10 08:00:00,America/Chicago,false,false,publish,https://kwel.com/event/hugh-hewitt/2027-02-09/,,,,"{""currency_symbol"":""$"",""currency_code"":""USD"",""currency_position"":""prefix"",""values"":[]}",[],[],[],[],,,"{""url"":""https://kwel.com/wp-content/uploads/2026/05/Hugh-Hewitt.png"",""id"":486801,""extension"":""png"",""width"":300,""height"":200}",[],false,false,,,2026-05-21 23:21:01,2026-05-22 04:21:01,true,true,,,
2026-09-30T13:59:37Z,kwel.com,https://www.kwel.com/wp-json/tribe/events/v1/events,34,10071845,kwel.com?id=10071845,Larry Elder,2027-02-10 02:00:00,2027-02-10 08:00:00,2027-02-10 05:00:00,2027-02-10 11:00:00,America/Chicago,false,false,publish,https://kwel.com/event/larry-elder-2/2027-02-10/,,,,"{""currency_symbol"":""$"",""currency_code"":""USD"",""currency_position"":""prefix"",""values"":[]}",[],[],[],[],,,"{""url"":""https://kwel.com/wp-content/uploads/2026/05/Larry-Elder.png"",""id"":486802,""extension"":""png"",""width"":300,""height"":200}",[],false,false,,,2026-05-21 23:52:47,2026-05-22 04:52:47,true,true,,,
2026-09-30T13:59:37Z,kwel.com,https://www.kwel.com/wp-json/tribe/events/v1/events,34,10055085,kwel.com?id=10055085,America in the Morning,2027-02-10 05:00:00,2027-02-10 11:00:00,2027-02-10 06:00:00,2027-02-10 12:00:00,America/Chicago,false,false,publish,https://kwel.com/event/america-in-the-morning/2027-02-10/,,,,"{""currency_symbol"":""$"",""currency_code"":""USD"",""currency_position"":""prefix"",""values"":[]}",[],[],[],[],,,"{""url"":""https://kwel.com/wp-content/uploads/2026/05/America-in-the-Morning.png"",""id"":486797,""extension"":""png"",""width"":300,""height"":200}",[],false,false,,,2026-05-21 23:04:52,2026-05-22 04:04:52,true,true,,,
2026-09-30T13:59:37Z,kwel.com,https://www.kwel.com/wp-json/tribe/events/v1/events,34,10012035,kwel.com?id=10012035,The Morning Show with Craig Anderson &#038; Lisa Kay,2027-02-10 06:00:00,2027-02-10 12:00:00,2027-02-10 10:00:00,2027-02-10 16:00:00,America/Chicago,false,false,publish,https://kwel.com/event/the-morning-show-with-craig-anderson-2/2027-02-10/,,,,"{""currency_symbol"":""$"",""currency_code"":""USD"",""currency_position"":""prefix"",""values"":[]}",[],[],[],[],<p>Local and streaming live!</p>,,"{""url"":""https://kwel.com/wp-content/uploads/2026/05/Craig-and-Lisa-1.png"",""id"":486798,""extension"":""png"",""width"":300,""height"":200}",[],false,false,,,2026-05-21 23:18:43,2026-05-22 04:18:43,true,true,,,
2026-09-30T13:59:37Z,kwel.com,https://www.kwel.com/wp-json/tribe/events/v1/events,34,10059156,kwel.com?id=10059156,Mike Gallagher &#8211; AM,2027-02-10 10:00:00,2027-02-10 16:00:00,2027-02-10 11:00:00,2027-02-10 17:00:00,America/Chicago,false,false,publish,https://kwel.com/event/mike-gallagher-am-2/2027-02-10/,,,,"{""currency_symbol"":""$"",""currency_code"":""USD"",""currency_position"":""prefix"",""values"":[]}",[],[],[],[],,,"{""url"":""https://kwel.com/wp-content/uploads/2026/05/Mike-Gallagher.png"",""id"":486804,""extension"":""png"",""width"":300,""height"":200}",[],false,false,,,2026-05-21 22:43:18,2026-05-22 03:43:18,true,true,,,
2026-09-30T13:59:37Z,kwel.com,https://www.kwel.com/wp-json/tribe/events/v1/events,34,10075862,kwel.com?id=10075862,Alex Marlow,2027-02-10 11:00:00,2027-02-10 17:00:00,2027-02-10 12:00:00,2027-02-10 18:00:00,America/Chicago,false,false,publish,https://kwel.com/event/alex-marlow/2027-02-10/,,,,"{""currency_symbol"":""$"",""currency_code"":""USD"",""currency_position"":""prefix"",""values"":[]}",[],[],[],[],,,"{""url"":""https://kwel.com/wp-content/uploads/2026/05/Alex-Marlow.png"",""id"":486796,""extension"":""png"",""width"":300,""height"":200}",[],false,false,,,2026-05-21 23:33:23,2026-05-22 04:33:23,true,true,,,
2026-09-30T13:59:37Z,kwel.com,https://www.kwel.com/wp-json/tribe/events/v1/events,34,10077167,kwel.com?id=10077167,Scott Jennings Show,2027-02-10 12:00:00,2027-02-10 18:00:00,2027-02-10 13:00:00,2027-02-10 19:00:00,America/Chicago,false,false,publish,https://kwel.com/event/scott-jennings/2027-02-10/,,,,"{""currency_symbol"":""$"",""currency_code"":""USD"",""currency_position"":""prefix"",""values"":[]}",[],[],[],[],,,"{""url"":""https://kwel.com/wp-content/uploads/2026/05/Scott-Jennings.png"",""id"":486807,""extension"":""png"",""width"":300,""height"":200}",[],false,false,,,2026-05-21 23:37:53,2026-05-22 04:37:53,true,true,,,
2026-09-30T13:59:37Z,kwel.com,https://www.kwel.com/wp-json/tribe/events/v1/events,34,10064374,kwel.com?id=10064374,Dave Ramsey,2027-02-10 13:00:00,2027-02-10 19:00:00,2027-02-10 15:00:00,2027-02-10 21:00:00,America/Chicago,false,false,publish,https://kwel.com/event/dave-ramsey/2027-02-10/,,,,"{""currency_symbol"":""$"",""currency_code"":""USD"",""currency_position"":""prefix"",""values"":[]}",[],[],[],[],,,"{""url"":""https://kwel.com/wp-content/uploads/2026/05/Dave-Ramsey.png"",""id"":486800,""extension"":""png"",""width"":300,""height"":200}",[],false,false,,,2026-05-21 22:58:20,2026-05-22 03:58:20,true,true,,,
2026-09-30T13:59:37Z,kwel.com,https://www.kwel.com/wp-json/tribe/events/v1/events,34,10061764,kwel.com?id=10061764,Tall City Talk,2027-02-10 15:00:00,2027-02-10 21:00:00,2027-02-10 17:00:00,2027-02-10 23:00:00,America/Chicago,false,false,publish,https://kwel.com/event/patriot-call/2027-02-10/,,,,"{""currency_symbol"":""$"",""currency_code"":""USD"",""currency_position"":""prefix"",""values"":[]}",[],[],[],[],,,"{""url"":""https://kwel.com/wp-content/uploads/2026/06/Tall-City-Talk-image-1.png"",""id"":487032,""extension"":""png"",""width"":300,""height"":200}",[],false,false,,,2026-06-12 11:20:35,2026-06-12 16:20:35,true,true,,,
2026-09-30T13:59:37Z,kwel.com,https://www.kwel.com/wp-json/tribe/events/v1/events,34,10051532,kwel.com?id=10051532,Mark Levin,2027-02-10 17:00:00,2027-02-10 23:00:00,2027-02-10 20:00:00,2027-02-11 02:00:00,America/Chicago,false,false,publish,https://kwel.com/event/mark-levin-2/2027-02-10/,,,,"{""currency_symbol"":""$"",""currency_code"":""USD"",""currency_position"":""prefix"",""values"":[]}",[],[],[],[],,,"{""url"":""https://kwel.com/wp-content/uploads/2026/05/Mark-Levin.png"",""id"":486803,""extension"":""png"",""width"":300,""height"":200}",[],false,false,,,2026-05-21 23:20:02,2026-05-22 04:20:02,true,true,,,
2026-09-30T13:59:37Z,kwel.com,https://www.kwel.com/wp-json/tribe/events/v1/events,34,10079775,kwel.com?id=10079775,Scott Jennings Show &#8211; PM,2027-02-10 20:00:00,2027-02-11 02:00:00,2027-02-10 21:00:00,2027-02-11 03:00:00,America/Chicago,false,false,publish,https://kwel.com/event/scott-jennings-show-pm/2027-02-10/,,,,"{""currency_symbol"":""$"",""currency_code"":""USD"",""currency_position"":""prefix"",""values"":[]}",[],[],[],[],,,"{""url"":""https://kwel.com/wp-content/uploads/2026/05/Scott-Jennings.png"",""id"":486807,""extension"":""png"",""width"":300,""height"":200}",[],false,false,,,2026-05-21 23:38:26,2026-05-22 04:38:26,true,true,,,
2026-09-30T13:59:37Z,kwel.com,https://www.kwel.com/wp-json/tribe/events/v1/events,34,10065678,kwel.com?id=10065678,Mike Gallagher &#8211; PM,2027-02-10 21:00:00,2027-02-11 03:00:00,2027-02-10 23:00:00,2027-02-11 05:00:00,America/Chicago,false,false,publish,https://kwel.com/event/mike-gallagher-4-2/2027-02-10/,,,,"{""currency_symbol"":""$"",""currency_code"":""USD"",""currency_position"":""prefix"",""values"":[]}",[],[],[],[],,,"{""url"":""https://kwel.com/wp-content/uploads/2026/05/Mike-Gallagher.png"",""id"":486804,""extension"":""png"",""width"":300,""height"":200}",[],false,false,,,2026-05-21 22:45:14,2026-05-22 03:45:14,true,true,,,
2026-09-30T13:59:37Z,kwel.com,https://www.kwel.com/wp-json/tribe/events/v1/events,34,10027649,kwel.com?id=10027649,Hugh Hewitt,2027-02-10 23:00:00,2027-02-11 05:00:00,2027-02-11 02:00:00,2027-02-11 08:00:00,America/Chicago,false,false,publish,https://kwel.com/event/hugh-hewitt/2027-02-10/,,,,"{""currency_symbol"":""$"",""currency_code"":""USD"",""currency_position"":""prefix"",""values"":[]}",[],[],[],[],,,"{""url"":""https://kwel.com/wp-content/uploads/2026/05/Hugh-Hewitt.png"",""id"":486801,""extension"":""png"",""width"":300,""height"":200}",[],false,false,,,2026-05-21 23:21:01,2026-05-22 04:21:01,true,true,,,
2026-09-30T13:59:37Z,kwel.com,https://www.kwel.com/wp-json/tribe/events/v1/events,34,10071846,kwel.com?id=10071846,Larry Elder,2027-02-11 02:00:00,2027-02-11 08:00:00,2027-02-11 05:00:00,2027-02-11 11:00:00,America/Chicago,false,false,publish,https://kwel.com/event/larry-elder-2/2027-02-11/,,,,"{""currency_symbol"":""$"",""currency_code"":""USD"",""currency_position"":""prefix"",""values"":[]}",[],[],[],[],,,"{""url"":""https://kwel.com/wp-content/uploads/2026/05/Larry-Elder.png"",""id"":486802,""extension"":""png"",""width"":300,""height"":200}",[],false,false,,,2026-05-21 23:52:47,2026-05-22 04:52:47,true,true,,,
2026-09-30T13:59:37Z,kwel.com,https://www.kwel.com/wp-json/tribe/events/v1/events,34,10055086,kwel.com?id=10055086,America in the Morning,2027-02-11 05:00:00,2027-02-11 11:00:00,2027-02-11 06:00:00,2027-02-11 12:00:00,America/Chicago,false,false,publish,https://kwel.com/event/america-in-the-morning/2027-02-11/,,,,"{""currency_symbol"":""$"",""currency_code"":""USD"",""currency_position"":""prefix"",""values"":[]}",[],[],[],[],,,"{""url"":""https://kwel.com/wp-content/uploads/2026/05/America-in-the-Morning.png"",""id"":486797,""extension"":""png"",""width"":300,""height"":200}",[],false,false,,,2026-05-21 23:04:52,2026-05-22 04:04:52,true,true,,,
2026-09-30T13:59:37Z,kwel.com,https://www.kwel.com/wp-json/tribe/events/v1/events,34,10012036,kwel.com?id=10012036,The Morning Show with Craig Anderson &#038; Lisa Kay,2027-02-11 06:00:00,2027-02-11 12:00:00,2027-02-11 10:00:00,2027-02-11 16:00:00,America/Chicago,false,false,publish,https://kwel.com/event/the-morning-show-with-craig-anderson-2/2027-02-11/,,,,"{""currency_symbol"":""$"",""currency_code"":""USD"",""currency_position"":""prefix"",""values"":[]}",[],[],[],[],<p>Local and streaming live!</p>,,"{""url"":""https://kwel.com/wp-content/uploads/2026/05/Craig-and-Lisa-1.png"",""id"":486798,""extension"":""png"",""width"":300,""height"":200}",[],false,false,,,2026-05-21 23:18:43,2026-05-22 04:18:43,true,true,,,
2026-09-30T13:59:37Z,kwel.com,https://www.kwel.com/wp-json/tribe/events/v1/events,34,10059157,kwel.com?id=10059157,Mike Gallagher &#8211; AM,2027-02-11 10:00:00,2027-02-11 16:00:00,2027-02-11 11:00:00,2027-02-11 17:00:00,America/Chicago,false,false,publish,https://kwel.com/event/mike-gallagher-am-2/2027-02-11/,,,,"{""currency_symbol"":""$"",""currency_code"":""USD"",""currency_position"":""prefix"",""values"":[]}",[],[],[],[],,,"{""url"":""https://kwel.com/wp-content/uploads/2026/05/Mike-Gallagher.png"",""id"":486804,""extension"":""png"",""width"":300,""height"":200}",[],false,false,,,2026-05-21 22:43:18,2026-05-22 03:43:18,true,true,,,
2026-09-30T13:59:37Z,kwel.com,https://www.kwel.com/wp-json/tribe/events/v1/events,34,10075863,kwel.com?id=10075863,Alex Marlow,2027-02-11 11:00:00,2027-02-11 17:00:00,2027-02-11 12:00:00,2027-02-11 18:00:00,America/Chicago,false,false,publish,https://kwel.com/event/alex-marlow/2027-02-11/,,,,"{""currency_symbol"":""$"",""currency_code"":""USD"",""currency_position"":""prefix"",""values"":[]}",[],[],[],[],,,"{""url"":""https://kwel.com/wp-content/uploads/2026/05/Alex-Marlow.png"",""id"":486796,""extension"":""png"",""width"":300,""height"":200}",[],false,false,,,2026-05-21 23:33:23,2026-05-22 04:33:23,true,true,,,
2026-09-30T13:59:37Z,kwel.com,https://www.kwel.com/wp-json/tribe/events/v1/events,34,10077168,kwel.com?id=10077168,Scott Jennings Show,2027-02-11 12:00:00,2027-02-11 18:00:00,2027-02-11 13:00:00,2027-02-11 19:00:00,America/Chicago,false,false,publish,https://kwel.com/event/scott-jennings/2027-02-11/,,,,"{""currency_symbol"":""$"",""currency_code"":""USD"",""currency_position"":""prefix"",""values"":[]}",[],[],[],[],,,"{""url"":""https://kwel.com/wp-content/uploads/2026/05/Scott-Jennings.png"",""id"":486807,""extension"":""png"",""width"":300,""height"":200}",[],false,false,,,2026-05-21 23:37:53,2026-05-22 04:37:53,true,true,,,
2026-09-30T13:59:37Z,kwel.com,https://www.kwel.com/wp-json/tribe/events/v1/events,34,10064375,kwel.com?id=10064375,Dave Ramsey,2027-02-11 13:00:00,2027-02-11 19:00:00,2027-02-11 15:00:00,2027-02-11 21:00:00,America/Chicago,false,false,publish,https://kwel.com/event/dave-ramsey/2027-02-11/,,,,"{""currency_symbol"":""$"",""currency_code"":""USD"",""currency_position"":""prefix"",""values"":[]}",[],[],[],[],,,"{""url"":""https://kwel.com/wp-content/uploads/2026/05/Dave-Ramsey.png"",""id"":486800,""extension"":""png"",""width"":300,""height"":200}",[],false,false,,,2026-05-21 22:58:20,2026-05-22 03:58:20,true,true,,,
2026-09-30T13:59:37Z,kwel.com,https://www.kwel.com/wp-json/tribe/events/v1/events,34,10061765,kwel.com?id=10061765,Tall City Talk,2027-02-11 15:00:00,2027-02-11 21:00:00,2027-02-11 17:00:00,2027-02-11 23:00:00,America/Chicago,false,false,publish,https://kwel.com/event/patriot-call/2027-02-11/,,,,"{""currency_symbol"":""$"",""currency_code"":""USD"",""currency_position"":""prefix"",""values"":[]}",[],[],[],[],,,"{""url"":""https://kwel.com/wp-content/uploads/2026/06/Tall-City-Talk-image-1.png"",""id"":487032,""extension"":""png"",""width"":300,""height"":200}",[],false,false,,,2026-06-12 11:20:35,2026-06-12 16:20:35,true,true,,,
2026-09-30T13:59:37Z,kwel.com,https://www.kwel.com/wp-json/tribe/events/v1/events,34,10051533,kwel.com?id=10051533,Mark Levin,2027-02-11 17:00:00,2027-02-11 23:00:00,2027-02-11 20:00:00,2027-02-12 02:00:00,America/Chicago,false,false,publish,https://kwel.com/event/mark-levin-2/2027-02-11/,,,,"{""currency_symbol"":""$"",""currency_code"":""USD"",""currency_position"":""prefix"",""values"":[]}",[],[],[],[],,,"{""url"":""https://kwel.com/wp-content/uploads/2026/05/Mark-Levin.png"",""id"":486803,""extension"":""png"",""width"":300,""height"":200}",[],false,false,,,2026-05-21 23:20:02,2026-05-22 04:20:02,true,true,,,
2026-09-30T13:59:37Z,kwel.com,https://www.kwel.com/wp-json/tribe/events/v1/events,34,10079776,kwel.com?id=10079776,Scott Jennings Show &#8211; PM,2027-02-11 20:00:00,2027-02-12 02:00:00,2027-02-11 21:00:00,2027-02-12 03:00:00,America/Chicago,false,false,publish,https://kwel.com/event/scott-jennings-show-pm/2027-02-11/,,,,"{""currency_symbol"":""$"",""currency_code"":""USD"",""currency_position"":""prefix"",""values"":[]}",[],[],[],[],,,"{""url"":""https://kwel.com/wp-content/uploads/2026/05/Scott-Jennings.png"",""id"":486807,""extension"":""png"",""width"":300,""height"":200}",[],false,false,,,2026-05-21 23:38:26,2026-05-22 04:38:26,true,true,,,
2026-09-30T13:59:37Z,kwel.com,https://www.kwel.com/wp-json/tribe/events/v1/events,34,10065679,kwel.com?id=10065679,Mike Gallagher &#8211; PM,2027-02-11 21:00:00,2027-02-12 03:00:00,2027-02-11 23:00:00,2027-02-12 05:00:00,America/Chicago,false,false,publish,https://kwel.com/event/mike-gallagher-4-2/2027-02-11/,,,,"{""currency_symbol"":""$"",""currency_code"":""USD"",""currency_position"":""prefix"",""values"":[]}",[],[],[],[],,,"{""url"":""https://kwel.com/wp-content/uploads/2026/05/Mike-Gallagher.png"",""id"":486804,""extension"":""png"",""width"":300,""height"":200}",[],false,false,,,2026-05-21 22:45:14,2026-05-22 03:45:14,true,true,,,
2026-09-30T13:59:37Z,kwel.com,https://www.kwel.com/wp-json/tribe/events/v1/events,34,10027650,kwel.com?id=10027650,Hugh Hewitt,2027-02-11 23:00:00,2027-02-12 05:00:00,2027-02-12 02:00:00,2027-02-12 08:00:00,America/Chicago,false,false,publish,https://kwel.com/event/hugh-hewitt/2027-02-11/,,,,"{""currency_symbol"":""$"",""currency_code"":""USD"",""currency_position"":""prefix"",""values"":[]}",[],[],[],[],,,"{""url"":""https://kwel.com/wp-content/uploads/2026/05/Hugh-Hewitt.png"",""id"":486801,""extension"":""png"",""width"":300,""height"":200}",[],false,false,,,2026-05-21 23:21:01,2026-05-22 04:21:01,true,true,,,
2026-09-30T13:59:37Z,kwel.com,https://www.kwel.com/wp-json/tribe/events/v1/events,34,10071847,kwel.com?id=10071847,Larry Elder,2027-02-12 02:00:00,2027-02-12 08:00:00,2027-02-12 05:00:00,2027-02-12 11:00:00,America/Chicago,false,false,publish,https://kwel.com/event/larry-elder-2/2027-02-12/,,,,"{""currency_symbol"":""$"",""currency_code"":""USD"",""currency_position"":""prefix"",""values"":[]}",[],[],[],[],,,"{""url"":""https://kwel.com/wp-content/uploads/2026/05/Larry-Elder.png"",""id"":486802,""extension"":""png"",""width"":300,""height"":200}",[],false,false,,,2026-05-21 23:52:47,2026-05-22 04:52:47,true,true,,,
2026-09-30T13:59:37Z,kwel.com,https://www.kwel.com/wp-json/tribe/events/v1/events,34,10055087,kwel.com?id=10055087,America in the Morning,2027-02-12 05:00:00,2027-02-12 11:00:00,2027-02-12 06:00:00,2027-02-12 12:00:00,America/Chicago,false,false,publish,https://kwel.com/event/america-in-the-morning/2027-02-12/,,,,"{""currency_symbol"":""$"",""currency_code"":""USD"",""currency_position"":""prefix"",""values"":[]}",[],[],[],[],,,"{""url"":""https://kwel.com/wp-content/uploads/2026/05/America-in-the-Morning.png"",""id"":486797,""extension"":""png"",""width"":300,""height"":200}",[],false,false,,,2026-05-21 23:04:52,2026-05-22 04:04:52,true,true,,,
2026-09-30T13:59:37Z,kwel.com,https://www.kwel.com/wp-json/tribe/events/v1/events,34,10012037,kwel.com?id=10012037,The Morning Show with Craig Anderson &#038; Lisa Kay,2027-02-12 06:00:00,2027-02-12 12:00:00,2027-02-12 10:00:00,2027-02-12 16:00:00,America/Chicago,false,false,publish,https://kwel.com/event/the-morning-show-with-craig-anderson-2/2027-02-12/,,,,"{""currency_symbol"":""$"",""currency_code"":""USD"",""currency_position"":""prefix"",""values"":[]}",[],[],[],[],<p>Local and streaming live!</p>,,"{""url"":""https://kwel.com/wp-content/uploads/2026/05/Craig-and-Lisa-1.png"",""id"":486798,""extension"":""png"",""width"":300,""height"":200}",[],false,false,,,2026-05-21 23:18:43,2026-05-22 04:18:43,true,true,,,
2026-09-30T13:59:37Z,kwel.com,https://www.kwel.com/wp-json/tribe/events/v1/events,34,10059158,kwel.com?id=10059158,Mike Gallagher &#8211; AM,2027-02-12 10:00:00,2027-02-12 16:00:00,2027-02-12 11:00:00,2027-02-12 17:00:00,America/Chicago,false,false,publish,https://kwel.com/event/mike-gallagher-am-2/2027-02-12/,,,,"{""currency_symbol"":""$"",""currency_code"":""USD"",""currency_position"":""prefix"",""values"":[]}",[],[],[],[],,,"{""url"":""https://kwel.com/wp-content/uploads/2026/05/Mike-Gallagher.png"",""id"":486804,""extension"":""png"",""width"":300,""height"":200}",[],false,false,,,2026-05-21 22:43:18,2026-05-22 03:43:18,true,true,,,
2026-09-30T13:59:37Z,kwel.com,https://www.kwel.com/wp-json/tribe/events/v1/events,35,10075864,kwel.com?id=10075864,Alex Marlow,2027-02-12 11:00:00,2027-02-12 17:00:00,2027-02-12 12:00:00,2027-02-12 18:00:00,America/Chicago,false,false,publish,https://kwel.com/event/alex-marlow/2027-02-12/,,,,"{""currency_symbol"":""$"",""currency_code"":""USD"",""currency_position"":""prefix"",""values"":[]}",[],[],[],[],,,"{""url"":""https://kwel.com/wp-content/uploads/2026/05/Alex-Marlow.png"",""id"":486796,""extension"":""png"",""width"":300,""height"":200}",[],false,false,,,2026-05-21 23:33:23,2026-05-22 04:33:23,true,true,,,
2026-09-30T13:59:37Z,kwel.com,https://www.kwel.com/wp-json/tribe/events/v1/events,35,10077169,kwel.com?id=10077169,Scott Jennings Show,2027-02-12 12:00:00,2027-02-12 18:00:00,2027-02-12 13:00:00,2027-02-12 19:00:00,America/Chicago,false,false,publish,https://kwel.com/event/scott-jennings/2027-02-12/,,,,"{""currency_symbol"":""$"",""currency_code"":""USD"",""currency_position"":""prefix"",""values"":[]}",[],[],[],[],,,"{""url"":""https://kwel.com/wp-content/uploads/2026/05/Scott-Jennings.png"",""id"":486807,""extension"":""png"",""width"":300,""height"":200}",[],false,false,,,2026-05-21 23:37:53,2026-05-22 04:37:53,true,true,,,
2026-09-30T13:59:37Z,kwel.com,https://www.kwel.com/wp-json/tribe/events/v1/events,35,10064376,kwel.com?id=10064376,Dave Ramsey,2027-02-12 13:00:00,2027-02-12 19:00:00,2027-02-12 15:00:00,2027-02-12 21:00:00,America/Chicago,false,false,publish,https://kwel.com/event/dave-ramsey/2027-02-12/,,,,"{""currency_symbol"":""$"",""currency_code"":""USD"",""currency_position"":""prefix"",""values"":[]}",[],[],[],[],,,"{""url"":""https://kwel.com/wp-content/uploads/2026/05/Dave-Ramsey.png"",""id"":486800,""extension"":""png"",""width"":300,""height"":200}",[],false,false,,,2026-05-21 22:58:20,2026-05-22 03:58:20,true,true,,,
2026-09-30T13:59:37Z,kwel.com,https://www.kwel.com/wp-json/tribe/events/v1/events,35,10061766,kwel.com?id=10061766,Tall City Talk,2027-02-12 15:00:00,2027-02-12 21:00:00,2027-02-12 17:00:00,2027-02-12 23:00:00,America/Chicago,false,false,publish,https://kwel.com/event/patriot-call/2027-02-12/,,,,"{""currency_symbol"":""$"",""currency_code"":""USD"",""currency_position"":""prefix"",""values"":[]}",[],[],[],[],,,"{""url"":""https://kwel.com/wp-content/uploads/2026/06/Tall-City-Talk-image-1.png"",""id"":487032,""extension"":""png"",""width"":300,""height"":200}",[],false,false,,,2026-06-12 11:20:35,2026-06-12 16:20:35,true,true,,,
2026-09-30T13:59:37Z,kwel.com,https://www.kwel.com/wp-json/tribe/events/v1/events,35,10051534,kwel.com?id=10051534,Mark Levin,2027-02-12 17:00:00,2027-02-12 23:00:00,2027-02-12 20:00:00,2027-02-13 02:00:00,America/Chicago,false,false,publish,https://kwel.com/event/mark-levin-2/2027-02-12/,,,,"{""currency_symbol"":""$"",""currency_code"":""USD"",""currency_position"":""prefix"",""values"":[]}",[],[],[],[],,,"{""url"":""https://kwel.com/wp-content/uploads/2026/05/Mark-Levin.png"",""id"":486803,""extension"":""png"",""width"":300,""height"":200}",[],false,false,,,2026-05-21 23:20:02,2026-05-22 04:20:02,true,true,,,
2026-09-30T13:59:37Z,kwel.com,https://www.kwel.com/wp-json/tribe/events/v1/events,35,10079777,kwel.com?id=10079777,Scott Jennings Show &#8211; PM,2027-02-12 20:00:00,2027-02-13 02:00:00,2027-02-12 21:00:00,2027-02-13 03:00:00,America/Chicago,false,false,publish,https://kwel.com/event/scott-jennings-show-pm/2027-02-12/,,,,"{""currency_symbol"":""$"",""currency_code"":""USD"",""currency_position"":""prefix"",""values"":[]}",[],[],[],[],,,"{""url"":""https://kwel.com/wp-content/uploads/2026/05/Scott-Jennings.png"",""id"":486807,""extension"":""png"",""width"":300,""height"":200}",[],false,false,,,2026-05-21 23:38:26,2026-05-22 04:38:26,true,true,,,
2026-09-30T13:59:37Z,kwel.com,https://www.kwel.com/wp-json/tribe/events/v1/events,35,10065680,kwel.com?id=10065680,Mike Gallagher &#8211; PM,2027-02-12 21:00:00,2027-02-13 03:00:00,2027-02-12 23:00:00,2027-02-13 05:00:00,America/Chicago,false,false,publish,https://kwel.com/event/mike-gallagher-4-2/2027-02-12/,,,,"{""currency_symbol"":""$"",""currency_code"":""USD"",""currency_position"":""prefix"",""values"":[]}",[],[],[],[],,,"{""url"":""https://kwel.com/wp-content/uploads/2026/05/Mike-Gallagher.png"",""id"":486804,""extension"":""png"",""width"":300,""height"":200}",[],false,false,,,2026-05-21 22:45:14,2026-05-22 03:45:14,true,true,,,
2026-09-30T13:59:37Z,kwel.com,https://www.kwel.com/wp-json/tribe/events/v1/events,35,10027651,kwel.com?id=10027651,Hugh Hewitt,2027-02-12 23:00:00,2027-02-13 05:00:00,2027-02-13 02:00:00,2027-02-13 08:00:00,America/Chicago,false,false,publish,https://kwel.com/event/hugh-hewitt/2027-02-12/,,,,"{""currency_symbol"":""$"",""currency_code"":""USD"",""currency_position"":""prefix"",""values"":[]}",[],[],[],[],,,"{""url"":""https://kwel.com/wp-content/uploads/2026/05/Hugh-Hewitt.png"",""id"":486801,""extension"":""png"",""width"":300,""height"":200}",[],false,false,,,2026-05-21 23:21:01,2026-05-22 04:21:01,true,true,,,
2026-09-30T13:59:37Z,kwel.com,https://www.kwel.com/wp-json/tribe/events/v1/events,35,10071435,kwel.com?id=10071435,America in the Morning &#8211; Sat.,2027-02-13 06:00:00,2027-02-13 12:00:00,2027-02-13 06:30:00,2027-02-13 12:30:00,America/Chicago,false,false,publish,https://kwel.com/event/america-in-the-morning-sat/2027-02-13/,,,,"{""currency_symbol"":""$"",""currency_code"":""USD"",""currency_position"":""prefix"",""values"":[]}",[],[],[],[],,,"{""url"":""https://kwel.com/wp-content/uploads/2026/05/America-in-the-Morning.png"",""id"":486797,""extension"":""png"",""width"":300,""height"":200}",[],false,false,,,2026-05-21 23:04:09,2026-05-22 04:04:09,true,true,,,
2026-09-30T13:59:37Z,kwel.com,https://www.kwel.com/wp-json/tribe/events/v1/events,35,10081614,kwel.com?id=10081614,Oldies Music Show,2027-02-13 06:30:00,2027-02-13 12:30:00,2027-02-13 09:00:00,2027-02-13 15:00:00,America/Chicago,false,false,publish,https://kwel.com/event/oldies-music-show/2027-02-13/,,,,"{""currency_symbol"":""$"",""currency_code"":""USD"",""currency_position"":""prefix"",""values"":[]}",[],[],[],[],,,false,[],false,false,,,2026-05-21 23:46:45,2026-05-22 04:46:45,true,true,,,
2026-09-30T13:59:37Z,kwel.com,https://www.kwel.com/wp-json/tribe/events/v1/events,35,10081353,kwel.com?id=10081353,The Oil Mix Show w/ Kym Balado,2027-02-13 09:00:00,2027-02-13 15:00:00,2027-02-13 10:00:00,2027-02-13 16:00:00,America/Chicago,false,false,publish,https://kwel.com/event/inside-the-oil-patch-with-kim-balado/2027-02-13/,,,,"{""currency_symbol"":""$"",""currency_code"":""USD"",""currency_position"":""prefix"",""values"":[]}",[],[],[],[],,,false,[],false,false,,,2026-05-21 23:45:16,2026-05-22 04:45:16,true,true,,,
2026-09-30T13:59:37Z,kwel.com,https://www.kwel.com/wp-json/tribe/events/v1/events,35,10083202,kwel.com?id=10083202,Hoyl Financial,2027-02-13 10:00:00,2027-02-13 16:00:00,2027-02-13 10:30:00,2027-02-13 16:30:00,America/Chicago,false,false,publish,https://kwel.com/event/hoyl-financial/2027-02-13/,,,,"{""currency_symbol"":""$"",""currency_code"":""USD"",""currency_position"":""prefix"",""values"":[]}",[],[],[],[],,,false,[],false,false,,,2026-05-22 00:04:04,2026-05-22 05:04:04,true,true,,,
2026-09-30T13:59:37Z,kwel.com,https://www.kwel.com/wp-json/tribe/events/v1/events,35,10036166,kwel.com?id=10036166,Dr. Bob Martin,2027-02-13 11:00:00,2027-02-13 17:00:00,2027-02-13 13:00:00,2027-02-13 19:00:00,America/Chicago,false,false,publish,https://kwel.com/event/dr-bob-martin/2027-02-13/,,,,"{""currency_symbol"":""$"",""currency_code"":""USD"",""currency_position"":""prefix"",""values"":[]}",[],[],[],[],<p>Presented by Natural Foods Market</p>,,"{""url"":""https://kwel.com/wp-content/uploads/2024/12/Dr.-Bob-Martin.png"",""id"":486828,""extension"":""png"",""width"":300,""height"":200}",[],false,false,,,2026-05-21 23:23:52,2026-05-22 04:23:52,true,true,,,
2026-09-30T13:59:37Z,kwel.com,https://www.kwel.com/wp-json/tribe/events/v1/events,35,10082941,kwel.com?id=10082941,Body Talk with Dr. Bill Dodson,2027-02-13 13:00:00,2027-02-13 19:00:00,2027-02-13 15:00:00,2027-02-13 21:00:00,America/Chicago,false,false,publish,https://kwel.com/event/body-talk-with-dr-bill-dodson/2027-02-13/,,,,"{""currency_symbol"":""$"",""currency_code"":""USD"",""currency_position"":""prefix"",""values"":[]}",[],[],[],[],<p>Paradigm Physical Therapy &#8211; LIVE AND LOCAL</p>,,"{""url"":""https://kwel.com/wp-content/uploads/2024/12/Bill-Dodson.png"",""id"":486852,""extension"":""png"",""width"":300,""height"":200}",[],false,false,,,2026-05-22 00:01:52,2026-05-22 05:01:52,true,true,,,
2026-09-30T13:59:37Z,kwel.com,https://www.kwel.com/wp-json/tribe/events/v1/events,35,10083724,kwel.com?id=10083724,The CC Auto Show,2027-02-13 15:00:00,2027-02-13 21:00:00,2027-02-13 17:00:00,2027-02-13 23:00:00,America/Chicago,false,false,publish,https://kwel.com/event/the-best-of-hoss-duggar/2027-02-13/,,,,"{""currency_symbol"":""$"",""currency_code"":""USD"",""currency_position"":""prefix"",""values"":[]}",[],[],[],[],,,false,[],false,false,,,2026-05-22 00:06:03,2026-05-22 05:06:03,true,true,,,
2026-09-30T13:59:37Z,kwel.com,https://www.kwel.com/wp-json/tribe/events/v1/events,35,10083985,kwel.com?id=10083985,The Pet Show,2027-02-13 17:00:00,2027-02-13 23:00:00,2027-02-13 19:00:00,2027-02-14 01:00:00,America/Chicago,false,false,publish,https://kwel.com/event/the-pet-show/2027-02-13/,,,,"{""currency_symbol"":""$"",""currency_code"":""USD"",""currency_position"":""prefix"",""values"":[]}",[],[],[],[],,,false,[],false,false,,,2026-05-22 00:07:14,2026-05-22 05:07:14,true,true,,,
2026-09-30T13:59:37Z,kwel.com,https://www.kwel.com/wp-json/tribe/events/v1/events,35,10084246,kwel.com?id=10084246,The Best of Hoss Duggar &#8211; PM,2027-02-13 19:00:00,2027-02-14 01:00:00,2027-02-13 19:30:00,2027-02-14 01:30:00,America/Chicago,false,false,publish,https://kwel.com/event/the-best-of-hoss-duggar-pm/2027-02-13/,,,,"{""currency_symbol"":""$"",""currency_code"":""USD"",""currency_position"":""prefix"",""values"":[]}",[],[],[],[],,,false,[],false,false,,,2026-05-22 00:08:01,2026-05-22 05:08:01,true,true,,,
2026-09-30T13:59:37Z,kwel.com,https://www.kwel.com/wp-json/tribe/events/v1/events,35,10084507,kwel.com?id=10084507,The Best of Keith Stretcher &#8211; Sat.,2027-02-13 19:30:00,2027-02-14 01:30:00,2027-02-13 20:00:00,2027-02-14 02:00:00,America/Chicago,false,false,publish,https://kwel.com/event/the-best-of-keith-stretcher-sat/2027-02-13/,,,,"{""currency_symbol"":""$"",""currency_code"":""USD"",""currency_position"":""prefix"",""values"":[]}",[],[],[],[],,,false,[],false,false,,,2026-05-22 00:09:06,2026-05-22 05:09:06,true,true,,,
2026-09-30T13:59:37Z,kwel.com,https://www.kwel.com/wp-json/tribe/events/v1/events,35,10086856,kwel.com?id=10086856,Rick Valdez,2027-02-13 20:00:00,2027-02-14 02:00:00,2027-02-14 00:00:00,2027-02-14 06:00:00,America/Chicago,false,false,publish,https://kwel.com/event/rick-valdez/2027-02-13/,,,,"{""currency_symbol"":""$"",""currency_code"":""USD"",""currency_position"":""prefix"",""values"":[]}",[],[],[],[],,,false,[],false,false,,,2026-05-22 00:25:00,2026-05-22 05:25:00,true,true,,,
2026-09-30T13:59:37Z,kwel.com,https://www.kwel.com/wp-json/tribe/events/v1/events,35,10087117,kwel.com?id=10087117,Kevin McCullough,2027-02-14 00:00:00,2027-02-14 06:00:00,2027-02-14 03:00:00,2027-02-14 09:00:00,America/Chicago,false,false,publish,https://kwel.com/event/kevin-mccullough/2027-02-14/,,,,"{""currency_symbol"":""$"",""currency_code"":""USD"",""currency_position"":""prefix"",""values"":[]}",[],[],[],[],,,false,[],false,false,,,2026-05-29 20:04:05,2026-05-30 01:04:05,true,true,,,
2026-09-30T13:59:37Z,kwel.com,https://www.kwel.com/wp-json/tribe/events/v1/events,35,10066831,kwel.com?id=10066831,Mike Gallagher &#8211; Sunday,2027-02-14 03:00:00,2027-02-14 09:00:00,2027-02-14 06:00:00,2027-02-14 12:00:00,America/Chicago,false,false,publish,https://kwel.com/event/mike-gallagher-4-3/2027-02-14/,,,,"{""currency_symbol"":""$"",""currency_code"":""USD"",""currency_position"":""prefix"",""values"":[]}",[],[],[],[],,,"{""url"":""https://kwel.com/wp-content/uploads/2026/05/Mike-Gallagher.png"",""id"":486804,""extension"":""png"",""width"":300,""height"":200}",[],false,false,,,2026-05-21 22:51:50,2026-05-22 03:51:50,true,true,,,
2026-09-30T13:59:37Z,kwel.com,https://www.kwel.com/wp-json/tribe/events/v1/events,35,10084768,kwel.com?id=10084768,The Best of Keith Stretcher &#8211; Sun.,2027-02-14 06:30:00,2027-02-14 12:30:00,2027-02-14 07:00:00,2027-02-14 13:00:00,America/Chicago,false,false,publish,https://kwel.com/event/the-best-of-keith-stretcher-sun/2027-02-14/,,,,"{""currency_symbol"":""$"",""currency_code"":""USD"",""currency_position"":""prefix"",""values"":[]}",[],[],[],[],,,false,[],false,false,,,2026-05-22 00:10:38,2026-05-22 05:10:38,true,true,,,
2026-09-30T13:59:37Z,kwel.com,https://www.kwel.com/wp-json/tribe/events/v1/events,35,10085029,kwel.com?id=10085029,Wall Builders &#8211; 7am,2027-02-14 07:00:00,2027-02-14 13:00:00,2027-02-14 07:30:00,2027-02-14 13:30:00,America/Chicago,false,false,publish,https://kwel.com/event/wall-builders-7am/2027-02-14/,,,,"{""currency_symbol"":""$"",""currency_code"":""USD"",""currency_position"":""prefix"",""values"":[]}",[],[],[],[],,,"{""url"":""https://kwel.com/wp-content/uploads/2026/05/Wall-Builders.png"",""id"":486877,""extension"":""png"",""width"":300,""height"":200}",[],false,false,,,2026-05-22 00:15:13,2026-05-22 05:15:13,true,true,,,
2026-09-30T13:59:37Z,kwel.com,https://www.kwel.com/wp-json/tribe/events/v1/events,35,10031786,kwel.com?id=10031786,Lutheran Hour &#8211; Family Shield- Sponsored by Grace Lutheran and Holy Cross Lutheran,2027-02-14 07:30:00,2027-02-14 13:30:00,2027-02-14 08:30:00,2027-02-14 14:30:00,America/Chicago,false,false,publish,https://kwel.com/event/lutheran-hour-family-shield-sponsored-by-grace-lutheran-and-holy-cross-lutheran/2027-02-14/,,,,"{""currency_symbol"":""$"",""currency_code"":""USD"",""currency_position"":""prefix"",""values"":[]}",[],[],[],[],,,false,[],false,false,,,2026-05-21 23:59:20,2026-05-22 04:59:20,true,true,,,
2026-09-30T13:59:37Z,kwel.com,https://www.kwel.com/wp-json/tribe/events/v1/events,35,10085290,kwel.com?id=10085290,Wall Builders &#8211; 8am,2027-02-14 08:00:00,2027-02-14 14:00:00,2027-02-14 08:30:00,2027-02-14 14:30:00,America/Chicago,false,false,publish,https://kwel.com/event/wall-builders-8am/2027-02-14/,,,,"{""currency_symbol"":""$"",""currency_code"":""USD"",""currency_position"":""prefix"",""values"":[]}",[],[],[],[],,,"{""url"":""https://kwel.com/wp-content/uploads/2026/05/Wall-Builders.png"",""id"":486877,""extension"":""png"",""width"":300,""height"":200}",[],false,false,,,2026-05-22 00:16:04,2026-05-22 05:16:04,true,true,,,
2026-09-30T13:59:37Z,kwel.com,https://www.kwel.com/wp-json/tribe/events/v1/events,35,10031151,kwel.com?id=10031151,Family Gospel Music Hour w/ Warren Bell,2027-02-14 08:30:00,2027-02-14 14:30:00,2027-02-14 09:30:00,2027-02-14 15:30:00,America/Chicago,false,false,publish,https://kwel.com/event/family-gospel-music-hour-sponsored-by-warren-bell/2027-02-14/,,,,"{""currency_symbol"":""$"",""currency_code"":""USD"",""currency_position"":""prefix"",""values"":[]}",[],[],[],[],,,false,[],false,false,,,2026-05-21 23:48:07,2026-05-22 04:48:07,true,true,,,
2026-09-30T13:59:37Z,kwel.com,https://www.kwel.com/wp-json/tribe/events/v1/events,35,10085812,kwel.com?id=10085812,ReNew Your Mind w. RC Sproul,2027-02-14 09:30:00,2027-02-14 15:30:00,2027-02-14 10:00:00,2027-02-14 16:00:00,America/Chicago,false,false,publish,https://kwel.com/event/renew-your-mind-w-rc-sproul/2027-02-14/,,,,"{""currency_symbol"":""$"",""currency_code"":""USD"",""currency_position"":""prefix"",""values"":[]}",[],[],[],[],,,false,[],false,false,,,2026-05-22 00:19:04,2026-05-22 05:19:04,true,true,,,
2026-09-30T13:59:37Z,kwel.com,https://www.kwel.com/wp-json/tribe/events/v1/events,35,10030156,kwel.com?id=10030156,Save the Cowboy,2027-02-14 10:00:00,2027-02-14 16:00:00,2027-02-14 10:30:00,2027-02-14 16:30:00,America/Chicago,false,false,publish,https://kwel.com/event/save-the-cowboy-sponsored-by-western-llc-2/2027-02-14/,,,,"{""currency_symbol"":""$"",""currency_code"":""USD"",""currency_position"":""prefix"",""values"":[]}",[],[],[],[],,,false,[],false,false,,,2026-05-21 23:58:20,2026-05-22 04:58:20,true,true,,,
2026-09-30T13:59:37Z,kwel.com,https://www.kwel.com/wp-json/tribe/events/v1/events,35,10029521,kwel.com?id=10029521,Kelview Heights Baptist Church,2027-02-14 10:30:00,2027-02-14 16:30:00,2027-02-14 11:00:00,2027-02-14 17:00:00,America/Chicago,false,false,publish,https://kwel.com/event/kelview-heights-baptist-church/2027-02-14/,,,,"{""currency_symbol"":""$"",""currency_code"":""USD"",""currency_position"":""prefix"",""values"":[]}",[],[],[],[],,,false,[],false,false,,,2026-05-21 23:57:15,2026-05-22 04:57:15,true,true,,,
2026-09-30T13:59:37Z,kwel.com,https://www.kwel.com/wp-json/tribe/events/v1/events,35,10086073,kwel.com?id=10086073,Through the Bible,2027-02-14 11:00:00,2027-02-14 17:00:00,2027-02-14 12:00:00,2027-02-14 18:00:00,America/Chicago,false,false,publish,https://kwel.com/event/through-the-bible/2027-02-14/,,,,"{""currency_symbol"":""$"",""currency_code"":""USD"",""currency_position"":""prefix"",""values"":[]}",[],[],[],[],,,false,[],false,false,,,2026-05-22 00:19:43,2026-05-22 05:19:43,true,true,,,
2026-09-30T13:59:37Z,kwel.com,https://www.kwel.com/wp-json/tribe/events/v1/events,35,10086334,kwel.com?id=10086334,The One of a Kind Financial Show w/ Mike,2027-02-14 12:00:00,2027-02-14 18:00:00,2027-02-14 13:00:00,2027-02-14 19:00:00,America/Chicago,false,false,publish,https://kwel.com/event/kline-marketing-financial-show/2027-02-14/,,,,"{""currency_symbol"":""$"",""currency_code"":""USD"",""currency_position"":""prefix"",""values"":[]}",[],[],[],[],"<p><span data-olk-copy-source=""MessageBody"">The One of a Kind Financial Show with Mike Milligan, CFP delivers story-first financial wisdom—covering taxes, retirement income, investments, long-term care, and legacy—empowering listeners to build a truly one-of-a-kind financial plan.</span></p>",,"{""url"":""https://kwel.com/wp-content/uploads/2026/05/One-of-a-kind-financial-show.png"",""id"":486911,""extension"":""png"",""width"":300,""height"":200}",[],false,false,,,2026-05-29 20:02:25,2026-05-30 01:02:25,true,true,,,
2026-09-30T13:59:37Z,kwel.com,https://www.kwel.com/wp-json/tribe/events/v1/events,35,10085551,kwel.com?id=10085551,Wall Builders &#8211; 1pm,2027-02-14 13:00:00,2027-02-14 19:00:00,2027-02-14 14:00:00,2027-02-14 20:00:00,America/Chicago,false,false,publish,https://kwel.com/event/wall-builders-1pm/2027-02-14/,,,,"{""currency_symbol"":""$"",""currency_code"":""USD"",""currency_position"":""prefix"",""values"":[]}",[],[],[],[],,,"{""url"":""https://kwel.com/wp-content/uploads/2026/05/Wall-Builders.png"",""id"":486877,""extension"":""png"",""width"":300,""height"":200}",[],false,false,,,2026-05-22 00:17:07,2026-05-22 05:17:07,true,true,,,
2026-09-30T13:59:37Z,kwel.com,https://www.kwel.com/wp-json/tribe/events/v1/events,35,10081946,kwel.com?id=10081946,Gun Talk,2027-02-14 14:00:00,2027-02-14 20:00:00,2027-02-14 17:00:00,2027-02-14 23:00:00,America/Chicago,false,false,publish,https://kwel.com/event/gun-talk-2/2027-02-14/,,,,"{""currency_symbol"":""$"",""currency_code"":""USD"",""currency_position"":""prefix"",""values"":[]}",[],[],[],[],,,false,[],false,false,,,2026-05-21 23:51:02,2026-05-22 04:51:02,true,true,,,
2026-09-30T13:59:37Z,kwel.com,https://www.kwel.com/wp-json/tribe/events/v1/events,35,10074303,kwel.com?id=10074303,Larry Elder &#8211; Sunday,2027-02-14 17:00:00,2027-02-14 23:00:00,2027-02-14 19:00:00,2027-02-15 01:00:00,America/Chicago,false,false,publish,https://kwel.com/event/larry-elder-sunday/2027-02-14/,,,,"{""currency_symbol"":""$"",""currency_code"":""USD"",""currency_position"":""prefix"",""values"":[]}",[],[],[],[],,,"{""url"":""https://kwel.com/wp-content/uploads/2026/05/Larry-Elder.png"",""id"":486802,""extension"":""png"",""width"":300,""height"":200}",[],false,false,,,2026-05-21 23:10:20,2026-05-22 04:10:20,true,true,,,
2026-09-30T13:59:37Z,kwel.com,https://www.kwel.com/wp-json/tribe/events/v1/events,35,10041689,kwel.com?id=10041689,Armed American Radio,2027-02-14 19:00:00,2027-02-15 01:00:00,2027-02-14 22:00:00,2027-02-15 04:00:00,America/Chicago,false,false,publish,https://kwel.com/event/armed-american-radio/2027-02-14/,,,,"{""currency_symbol"":""$"",""currency_code"":""USD"",""currency_position"":""prefix"",""values"":[]}",[],[],[],[],,,false,[],false,false,,,2026-05-21 23:55:59,2026-05-22 04:55:59,true,true,,,
2026-09-30T13:59:37Z,kwel.com,https://www.kwel.com/wp-json/tribe/events/v1/events,35,10086595,kwel.com?id=10086595,Wall Builders &#8211; 10pm,2027-02-14 22:00:00,2027-02-15 04:00:00,2027-02-15 00:00:00,2027-02-15 06:00:00,America/Chicago,false,false,publish,https://kwel.com/event/wall-builders-10pm/2027-02-14/,,,,"{""currency_symbol"":""$"",""currency_code"":""USD"",""currency_position"":""prefix"",""values"":[]}",[],[],[],[],,,"{""url"":""https://kwel.com/wp-content/uploads/2026/05/Wall-Builders.png"",""id"":486877,""extension"":""png"",""width"":300,""height"":200}",[],false,false,,,2026-05-22 00:22:52,2026-05-22 05:22:52,true,true,,,
2026-09-30T13:59:37Z,kwel.com,https://www.kwel.com/wp-json/tribe/events/v1/events,35,10071848,kwel.com?id=10071848,Larry Elder,2027-02-15 02:00:00,2027-02-15 08:00:00,2027-02-15 05:00:00,2027-02-15 11:00:00,America/Chicago,false,false,publish,https://kwel.com/event/larry-elder-2/2027-02-15/,,,,"{""currency_symbol"":""$"",""currency_code"":""USD"",""currency_position"":""prefix"",""values"":[]}",[],[],[],[],,,"{""url"":""https://kwel.com/wp-content/uploads/2026/05/Larry-Elder.png"",""id"":486802,""extension"":""png"",""width"":300,""height"":200}",[],false,false,,,2026-05-21 23:52:47,2026-05-22 04:52:47,true,true,,,
2026-09-30T13:59:37Z,kwel.com,https://www.kwel.com/wp-json/tribe/events/v1/events,35,10055089,kwel.com?id=10055089,America in the Morning,2027-02-15 05:00:00,2027-02-15 11:00:00,2027-02-15 06:00:00,2027-02-15 12:00:00,America/Chicago,false,false,publish,https://kwel.com/event/america-in-the-morning/2027-02-15/,,,,"{""currency_symbol"":""$"",""currency_code"":""USD"",""currency_position"":""prefix"",""values"":[]}",[],[],[],[],,,"{""url"":""https://kwel.com/wp-content/uploads/2026/05/America-in-the-Morning.png"",""id"":486797,""extension"":""png"",""width"":300,""height"":200}",[],false,false,,,2026-05-21 23:04:52,2026-05-22 04:04:52,true,true,,,
2026-09-30T13:59:37Z,kwel.com,https://www.kwel.com/wp-json/tribe/events/v1/events,35,10012038,kwel.com?id=10012038,The Morning Show with Craig Anderson &#038; Lisa Kay,2027-02-15 06:00:00,2027-02-15 12:00:00,2027-02-15 10:00:00,2027-02-15 16:00:00,America/Chicago,false,false,publish,https://kwel.com/event/the-morning-show-with-craig-anderson-2/2027-02-15/,,,,"{""currency_symbol"":""$"",""currency_code"":""USD"",""currency_position"":""prefix"",""values"":[]}",[],[],[],[],<p>Local and streaming live!</p>,,"{""url"":""https://kwel.com/wp-content/uploads/2026/05/Craig-and-Lisa-1.png"",""id"":486798,""extension"":""png"",""width"":300,""height"":200}",[],false,false,,,2026-05-21 23:18:43,2026-05-22 04:18:43,true,true,,,
2026-09-30T13:59:37Z,kwel.com,https://www.kwel.com/wp-json/tribe/events/v1/events,35,10059159,kwel.com?id=10059159,Mike Gallagher &#8211; AM,2027-02-15 10:00:00,2027-02-15 16:00:00,2027-02-15 11:00:00,2027-02-15 17:00:00,America/Chicago,false,false,publish,https://kwel.com/event/mike-gallagher-am-2/2027-02-15/,,,,"{""currency_symbol"":""$"",""currency_code"":""USD"",""currency_position"":""prefix"",""values"":[]}",[],[],[],[],,,"{""url"":""https://kwel.com/wp-content/uploads/2026/05/Mike-Gallagher.png"",""id"":486804,""extension"":""png"",""width"":300,""height"":200}",[],false,false,,,2026-05-21 22:43:18,2026-05-22 03:43:18,true,true,,,
2026-09-30T13:59:37Z,kwel.com,https://www.kwel.com/wp-json/tribe/events/v1/events,35,10075865,kwel.com?id=10075865,Alex Marlow,2027-02-15 11:00:00,2027-02-15 17:00:00,2027-02-15 12:00:00,2027-02-15 18:00:00,America/Chicago,false,false,publish,https://kwel.com/event/alex-marlow/2027-02-15/,,,,"{""currency_symbol"":""$"",""currency_code"":""USD"",""currency_position"":""prefix"",""values"":[]}",[],[],[],[],,,"{""url"":""https://kwel.com/wp-content/uploads/2026/05/Alex-Marlow.png"",""id"":486796,""extension"":""png"",""width"":300,""height"":200}",[],false,false,,,2026-05-21 23:33:23,2026-05-22 04:33:23,true,true,,,
2026-09-30T13:59:37Z,kwel.com,https://www.kwel.com/wp-json/tribe/events/v1/events,35,10077170,kwel.com?id=10077170,Scott Jennings Show,2027-02-15 12:00:00,2027-02-15 18:00:00,2027-02-15 13:00:00,2027-02-15 19:00:00,America/Chicago,false,false,publish,https://kwel.com/event/scott-jennings/2027-02-15/,,,,"{""currency_symbol"":""$"",""currency_code"":""USD"",""currency_position"":""prefix"",""values"":[]}",[],[],[],[],,,"{""url"":""https://kwel.com/wp-content/uploads/2026/05/Scott-Jennings.png"",""id"":486807,""extension"":""png"",""width"":300,""height"":200}",[],false,false,,,2026-05-21 23:37:53,2026-05-22 04:37:53,true,true,,,
2026-09-30T13:59:37Z,kwel.com,https://www.kwel.com/wp-json/tribe/events/v1/events,35,10064377,kwel.com?id=10064377,Dave Ramsey,2027-02-15 13:00:00,2027-02-15 19:00:00,2027-02-15 15:00:00,2027-02-15 21:00:00,America/Chicago,false,false,publish,https://kwel.com/event/dave-ramsey/2027-02-15/,,,,"{""currency_symbol"":""$"",""currency_code"":""USD"",""currency_position"":""prefix"",""values"":[]}",[],[],[],[],,,"{""url"":""https://kwel.com/wp-content/uploads/2026/05/Dave-Ramsey.png"",""id"":486800,""extension"":""png"",""width"":300,""height"":200}",[],false,false,,,2026-05-21 22:58:20,2026-05-22 03:58:20,true,true,,,
2026-09-30T13:59:37Z,kwel.com,https://www.kwel.com/wp-json/tribe/events/v1/events,35,10061767,kwel.com?id=10061767,Tall City Talk,2027-02-15 15:00:00,2027-02-15 21:00:00,2027-02-15 17:00:00,2027-02-15 23:00:00,America/Chicago,false,false,publish,https://kwel.com/event/patriot-call/2027-02-15/,,,,"{""currency_symbol"":""$"",""currency_code"":""USD"",""currency_position"":""prefix"",""values"":[]}",[],[],[],[],,,"{""url"":""https://kwel.com/wp-content/uploads/2026/06/Tall-City-Talk-image-1.png"",""id"":487032,""extension"":""png"",""width"":300,""height"":200}",[],false,false,,,2026-06-12 11:20:35,2026-06-12 16:20:35,true,true,,,
2026-09-30T13:59:37Z,kwel.com,https://www.kwel.com/wp-json/tribe/events/v1/events,35,10051535,kwel.com?id=10051535,Mark Levin,2027-02-15 17:00:00,2027-02-15 23:00:00,2027-02-15 20:00:00,2027-02-16 02:00:00,America/Chicago,false,false,publish,https://kwel.com/event/mark-levin-2/2027-02-15/,,,,"{""currency_symbol"":""$"",""currency_code"":""USD"",""currency_position"":""prefix"",""values"":[]}",[],[],[],[],,,"{""url"":""https://kwel.com/wp-content/uploads/2026/05/Mark-Levin.png"",""id"":486803,""extension"":""png"",""width"":300,""height"":200}",[],false,false,,,2026-05-21 23:20:02,2026-05-22 04:20:02,true,true,,,
2026-09-30T13:59:37Z,kwel.com,https://www.kwel.com/wp-json/tribe/events/v1/events,35,10079778,kwel.com?id=10079778,Scott Jennings Show &#8211; PM,2027-02-15 20:00:00,2027-02-16 02:00:00,2027-02-15 21:00:00,2027-02-16 03:00:00,America/Chicago,false,false,publish,https://kwel.com/event/scott-jennings-show-pm/2027-02-15/,,,,"{""currency_symbol"":""$"",""currency_code"":""USD"",""currency_position"":""prefix"",""values"":[]}",[],[],[],[],,,"{""url"":""https://kwel.com/wp-content/uploads/2026/05/Scott-Jennings.png"",""id"":486807,""extension"":""png"",""width"":300,""height"":200}",[],false,false,,,2026-05-21 23:38:26,2026-05-22 04:38:26,true,true,,,
2026-09-30T13:59:37Z,kwel.com,https://www.kwel.com/wp-json/tribe/events/v1/events,35,10065681,kwel.com?id=10065681,Mike Gallagher &#8211; PM,2027-02-15 21:00:00,2027-02-16 03:00:00,2027-02-15 23:00:00,2027-02-16 05:00:00,America/Chicago,false,false,publish,https://kwel.com/event/mike-gallagher-4-2/2027-02-15/,,,,"{""currency_symbol"":""$"",""currency_code"":""USD"",""currency_position"":""prefix"",""values"":[]}",[],[],[],[],,,"{""url"":""https://kwel.com/wp-content/uploads/2026/05/Mike-Gallagher.png"",""id"":486804,""extension"":""png"",""width"":300,""height"":200}",[],false,false,,,2026-05-21 22:45:14,2026-05-22 03:45:14,true,true,,,
2026-09-30T13:59:37Z,kwel.com,https://www.kwel.com/wp-json/tribe/events/v1/events,35,10027652,kwel.com?id=10027652,Hugh Hewitt,2027-02-15 23:00:00,2027-02-16 05:00:00,2027-02-16 02:00:00,2027-02-16 08:00:00,America/Chicago,false,false,publish,https://kwel.com/event/hugh-hewitt/2027-02-15/,,,,"{""currency_symbol"":""$"",""currency_code"":""USD"",""currency_position"":""prefix"",""values"":[]}",[],[],[],[],,,"{""url"":""https://kwel.com/wp-content/uploads/2026/05/Hugh-Hewitt.png"",""id"":486801,""extension"":""png"",""width"":300,""height"":200}",[],false,false,,,2026-05-21 23:21:01,2026-05-22 04:21:01,true,true,,,
2026-09-30T13:59:37Z,kwel.com,https://www.kwel.com/wp-json/tribe/events/v1/events,35,10071849,kwel.com?id=10071849,Larry Elder,2027-02-16 02:00:00,2027-02-16 08:00:00,2027-02-16 05:00:00,2027-02-16 11:00:00,America/Chicago,false,false,publish,https://kwel.com/event/larry-elder-2/2027-02-16/,,,,"{""currency_symbol"":""$"",""currency_code"":""USD"",""currency_position"":""prefix"",""values"":[]}",[],[],[],[],,,"{""url"":""https://kwel.com/wp-content/uploads/2026/05/Larry-Elder.png"",""id"":486802,""extension"":""png"",""width"":300,""height"":200}",[],false,false,,,2026-05-21 23:52:47,2026-05-22 04:52:47,true,true,,,
2026-09-30T13:59:37Z,kwel.com,https://www.kwel.com/wp-json/tribe/events/v1/events,35,10055090,kwel.com?id=10055090,America in the Morning,2027-02-16 05:00:00,2027-02-16 11:00:00,2027-02-16 06:00:00,2027-02-16 12:00:00,America/Chicago,false,false,publish,https://kwel.com/event/america-in-the-morning/2027-02-16/,,,,"{""currency_symbol"":""$"",""currency_code"":""USD"",""currency_position"":""prefix"",""values"":[]}",[],[],[],[],,,"{""url"":""https://kwel.com/wp-content/uploads/2026/05/America-in-the-Morning.png"",""id"":486797,""extension"":""png"",""width"":300,""height"":200}",[],false,false,,,2026-05-21 23:04:52,2026-05-22 04:04:52,true,true,,,
2026-09-30T13:59:37Z,kwel.com,https://www.kwel.com/wp-json/tribe/events/v1/events,36,10012039,kwel.com?id=10012039,The Morning Show with Craig Anderson &#038; Lisa Kay,2027-02-16 06:00:00,2027-02-16 12:00:00,2027-02-16 10:00:00,2027-02-16 16:00:00,America/Chicago,false,false,publish,https://kwel.com/event/the-morning-show-with-craig-anderson-2/2027-02-16/,,,,"{""currency_symbol"":""$"",""currency_code"":""USD"",""currency_position"":""prefix"",""values"":[]}",[],[],[],[],<p>Local and streaming live!</p>,,"{""url"":""https://kwel.com/wp-content/uploads/2026/05/Craig-and-Lisa-1.png"",""id"":486798,""extension"":""png"",""width"":300,""height"":200}",[],false,false,,,2026-05-21 23:18:43,2026-05-22 04:18:43,true,true,,,
2026-09-30T13:59:37Z,kwel.com,https://www.kwel.com/wp-json/tribe/events/v1/events,36,10059160,kwel.com?id=10059160,Mike Gallagher &#8211; AM,2027-02-16 10:00:00,2027-02-16 16:00:00,2027-02-16 11:00:00,2027-02-16 17:00:00,America/Chicago,false,false,publish,https://kwel.com/event/mike-gallagher-am-2/2027-02-16/,,,,"{""currency_symbol"":""$"",""currency_code"":""USD"",""currency_position"":""prefix"",""values"":[]}",[],[],[],[],,,"{""url"":""https://kwel.com/wp-content/uploads/2026/05/Mike-Gallagher.png"",""id"":486804,""extension"":""png"",""width"":300,""height"":200}",[],false,false,,,2026-05-21 22:43:18,2026-05-22 03:43:18,true,true,,,
2026-09-30T13:59:37Z,kwel.com,https://www.kwel.com/wp-json/tribe/events/v1/events,36,10075866,kwel.com?id=10075866,Alex Marlow,2027-02-16 11:00:00,2027-02-16 17:00:00,2027-02-16 12:00:00,2027-02-16 18:00:00,America/Chicago,false,false,publish,https://kwel.com/event/alex-marlow/2027-02-16/,,,,"{""currency_symbol"":""$"",""currency_code"":""USD"",""currency_position"":""prefix"",""values"":[]}",[],[],[],[],,,"{""url"":""https://kwel.com/wp-content/uploads/2026/05/Alex-Marlow.png"",""id"":486796,""extension"":""png"",""width"":300,""height"":200}",[],false,false,,,2026-05-21 23:33:23,2026-05-22 04:33:23,true,true,,,
2026-09-30T13:59:37Z,kwel.com,https://www.kwel.com/wp-json/tribe/events/v1/events,36,10077171,kwel.com?id=10077171,Scott Jennings Show,2027-02-16 12:00:00,2027-02-16 18:00:00,2027-02-16 13:00:00,2027-02-16 19:00:00,America/Chicago,false,false,publish,https://kwel.com/event/scott-jennings/2027-02-16/,,,,"{""currency_symbol"":""$"",""currency_code"":""USD"",""currency_position"":""prefix"",""values"":[]}",[],[],[],[],,,"{""url"":""https://kwel.com/wp-content/uploads/2026/05/Scott-Jennings.png"",""id"":486807,""extension"":""png"",""width"":300,""height"":200}",[],false,false,,,2026-05-21 23:37:53,2026-05-22 04:37:53,true,true,,,
2026-09-30T13:59:37Z,kwel.com,https://www.kwel.com/wp-json/tribe/events/v1/events,36,10064378,kwel.com?id=10064378,Dave Ramsey,2027-02-16 13:00:00,2027-02-16 19:00:00,2027-02-16 15:00:00,2027-02-16 21:00:00,America/Chicago,false,false,publish,https://kwel.com/event/dave-ramsey/2027-02-16/,,,,"{""currency_symbol"":""$"",""currency_code"":""USD"",""currency_position"":""prefix"",""values"":[]}",[],[],[],[],,,"{""url"":""https://kwel.com/wp-content/uploads/2026/05/Dave-Ramsey.png"",""id"":486800,""extension"":""png"",""width"":300,""height"":200}",[],false,false,,,2026-05-21 22:58:20,2026-05-22 03:58:20,true,true,,,
2026-09-30T13:59:37Z,kwel.com,https://www.kwel.com/wp-json/tribe/events/v1/events,36,10061768,kwel.com?id=10061768,Tall City Talk,2027-02-16 15:00:00,2027-02-16 21:00:00,2027-02-16 17:00:00,2027-02-16 23:00:00,America/Chicago,false,false,publish,https://kwel.com/event/patriot-call/2027-02-16/,,,,"{""currency_symbol"":""$"",""currency_code"":""USD"",""currency_position"":""prefix"",""values"":[]}",[],[],[],[],,,"{""url"":""https://kwel.com/wp-content/uploads/2026/06/Tall-City-Talk-image-1.png"",""id"":487032,""extension"":""png"",""width"":300,""height"":200}",[],false,false,,,2026-06-12 11:20:35,2026-06-12 16:20:35,true,true,,,
2026-09-30T13:59:37Z,kwel.com,https://www.kwel.com/wp-json/tribe/events/v1/events,36,10051536,kwel.com?id=10051536,Mark Levin,2027-02-16 17:00:00,2027-02-16 23:00:00,2027-02-16 20:00:00,2027-02-17 02:00:00,America/Chicago,false,false,publish,https://kwel.com/event/mark-levin-2/2027-02-16/,,,,"{""currency_symbol"":""$"",""currency_code"":""USD"",""currency_position"":""prefix"",""values"":[]}",[],[],[],[],,,"{""url"":""https://kwel.com/wp-content/uploads/2026/05/Mark-Levin.png"",""id"":486803,""extension"":""png"",""width"":300,""height"":200}",[],false,false,,,2026-05-21 23:20:02,2026-05-22 04:20:02,true,true,,,
2026-09-30T13:59:37Z,kwel.com,https://www.kwel.com/wp-json/tribe/events/v1/events,36,10079779,kwel.com?id=10079779,Scott Jennings Show &#8211; PM,2027-02-16 20:00:00,2027-02-17 02:00:00,2027-02-16 21:00:00,2027-02-17 03:00:00,America/Chicago,false,false,publish,https://kwel.com/event/scott-jennings-show-pm/2027-02-16/,,,,"{""currency_symbol"":""$"",""currency_code"":""USD"",""currency_position"":""prefix"",""values"":[]}",[],[],[],[],,,"{""url"":""https://kwel.com/wp-content/uploads/2026/05/Scott-Jennings.png"",""id"":486807,""extension"":""png"",""width"":300,""height"":200}",[],false,false,,,2026-05-21 23:38:26,2026-05-22 04:38:26,true,true,,,
2026-09-30T13:59:37Z,kwel.com,https://www.kwel.com/wp-json/tribe/events/v1/events,36,10065682,kwel.com?id=10065682,Mike Gallagher &#8211; PM,2027-02-16 21:00:00,2027-02-17 03:00:00,2027-02-16 23:00:00,2027-02-17 05:00:00,America/Chicago,false,false,publish,https://kwel.com/event/mike-gallagher-4-2/2027-02-16/,,,,"{""currency_symbol"":""$"",""currency_code"":""USD"",""currency_position"":""prefix"",""values"":[]}",[],[],[],[],,,"{""url"":""https://kwel.com/wp-content/uploads/2026/05/Mike-Gallagher.png"",""id"":486804,""extension"":""png"",""width"":300,""height"":200}",[],false,false,,,2026-05-21 22:45:14,2026-05-22 03:45:14,true,true,,,
2026-09-30T13:59:37Z,kwel.com,https://www.kwel.com/wp-json/tribe/events/v1/events,36,10027653,kwel.com?id=10027653,Hugh Hewitt,2027-02-16 23:00:00,2027-02-17 05:00:00,2027-02-17 02:00:00,2027-02-17 08:00:00,America/Chicago,false,false,publish,https://kwel.com/event/hugh-hewitt/2027-02-16/,,,,"{""currency_symbol"":""$"",""currency_code"":""USD"",""currency_position"":""prefix"",""values"":[]}",[],[],[],[],,,"{""url"":""https://kwel.com/wp-content/uploads/2026/05/Hugh-Hewitt.png"",""id"":486801,""extension"":""png"",""width"":300,""height"":200}",[],false,false,,,2026-05-21 23:21:01,2026-05-22 04:21:01,true,true,,,
2026-09-30T13:59:37Z,kwel.com,https://www.kwel.com/wp-json/tribe/events/v1/events,36,10071850,kwel.com?id=10071850,Larry Elder,2027-02-17 02:00:00,2027-02-17 08:00:00,2027-02-17 05:00:00,2027-02-17 11:00:00,America/Chicago,false,false,publish,https://kwel.com/event/larry-elder-2/2027-02-17/,,,,"{""currency_symbol"":""$"",""currency_code"":""USD"",""currency_position"":""prefix"",""values"":[]}",[],[],[],[],,,"{""url"":""https://kwel.com/wp-content/uploads/2026/05/Larry-Elder.png"",""id"":486802,""extension"":""png"",""width"":300,""height"":200}",[],false,false,,,2026-05-21 23:52:47,2026-05-22 04:52:47,true,true,,,
2026-09-30T13:59:37Z,kwel.com,https://www.kwel.com/wp-json/tribe/events/v1/events,36,10055091,kwel.com?id=10055091,America in the Morning,2027-02-17 05:00:00,2027-02-17 11:00:00,2027-02-17 06:00:00,2027-02-17 12:00:00,America/Chicago,false,false,publish,https://kwel.com/event/america-in-the-morning/2027-02-17/,,,,"{""currency_symbol"":""$"",""currency_code"":""USD"",""currency_position"":""prefix"",""values"":[]}",[],[],[],[],,,"{""url"":""https://kwel.com/wp-content/uploads/2026/05/America-in-the-Morning.png"",""id"":486797,""extension"":""png"",""width"":300,""height"":200}",[],false,false,,,2026-05-21 23:04:52,2026-05-22 04:04:52,true,true,,,
2026-09-30T13:59:37Z,kwel.com,https://www.kwel.com/wp-json/tribe/events/v1/events,36,10012040,kwel.com?id=10012040,The Morning Show with Craig Anderson &#038; Lisa Kay,2027-02-17 06:00:00,2027-02-17 12:00:00,2027-02-17 10:00:00,2027-02-17 16:00:00,America/Chicago,false,false,publish,https://kwel.com/event/the-morning-show-with-craig-anderson-2/2027-02-17/,,,,"{""currency_symbol"":""$"",""currency_code"":""USD"",""currency_position"":""prefix"",""values"":[]}",[],[],[],[],<p>Local and streaming live!</p>,,"{""url"":""https://kwel.com/wp-content/uploads/2026/05/Craig-and-Lisa-1.png"",""id"":486798,""extension"":""png"",""width"":300,""height"":200}",[],false,false,,,2026-05-21 23:18:43,2026-05-22 04:18:43,true,true,,,
2026-09-30T13:59:37Z,kwel.com,https://www.kwel.com/wp-json/tribe/events/v1/events,36,10059161,kwel.com?id=10059161,Mike Gallagher &#8211; AM,2027-02-17 10:00:00,2027-02-17 16:00:00,2027-02-17 11:00:00,2027-02-17 17:00:00,America/Chicago,false,false,publish,https://kwel.com/event/mike-gallagher-am-2/2027-02-17/,,,,"{""currency_symbol"":""$"",""currency_code"":""USD"",""currency_position"":""prefix"",""values"":[]}",[],[],[],[],,,"{""url"":""https://kwel.com/wp-content/uploads/2026/05/Mike-Gallagher.png"",""id"":486804,""extension"":""png"",""width"":300,""height"":200}",[],false,false,,,2026-05-21 22:43:18,2026-05-22 03:43:18,true,true,,,
2026-09-30T13:59:37Z,kwel.com,https://www.kwel.com/wp-json/tribe/events/v1/events,36,10075867,kwel.com?id=10075867,Alex Marlow,2027-02-17 11:00:00,2027-02-17 17:00:00,2027-02-17 12:00:00,2027-02-17 18:00:00,America/Chicago,false,false,publish,https://kwel.com/event/alex-marlow/2027-02-17/,,,,"{""currency_symbol"":""$"",""currency_code"":""USD"",""currency_position"":""prefix"",""values"":[]}",[],[],[],[],,,"{""url"":""https://kwel.com/wp-content/uploads/2026/05/Alex-Marlow.png"",""id"":486796,""extension"":""png"",""width"":300,""height"":200}",[],false,false,,,2026-05-21 23:33:23,2026-05-22 04:33:23,true,true,,,
2026-09-30T13:59:37Z,kwel.com,https://www.kwel.com/wp-json/tribe/events/v1/events,36,10077172,kwel.com?id=10077172,Scott Jennings Show,2027-02-17 12:00:00,2027-02-17 18:00:00,2027-02-17 13:00:00,2027-02-17 19:00:00,America/Chicago,false,false,publish,https://kwel.com/event/scott-jennings/2027-02-17/,,,,"{""currency_symbol"":""$"",""currency_code"":""USD"",""currency_position"":""prefix"",""values"":[]}",[],[],[],[],,,"{""url"":""https://kwel.com/wp-content/uploads/2026/05/Scott-Jennings.png"",""id"":486807,""extension"":""png"",""width"":300,""height"":200}",[],false,false,,,2026-05-21 23:37:53,2026-05-22 04:37:53,true,true,,,
2026-09-30T13:59:37Z,kwel.com,https://www.kwel.com/wp-json/tribe/events/v1/events,36,10064379,kwel.com?id=10064379,Dave Ramsey,2027-02-17 13:00:00,2027-02-17 19:00:00,2027-02-17 15:00:00,2027-02-17 21:00:00,America/Chicago,false,false,publish,https://kwel.com/event/dave-ramsey/2027-02-17/,,,,"{""currency_symbol"":""$"",""currency_code"":""USD"",""currency_position"":""prefix"",""values"":[]}",[],[],[],[],,,"{""url"":""https://kwel.com/wp-content/uploads/2026/05/Dave-Ramsey.png"",""id"":486800,""extension"":""png"",""width"":300,""height"":200}",[],false,false,,,2026-05-21 22:58:20,2026-05-22 03:58:20,true,true,,,
2026-09-30T13:59:37Z,kwel.com,https://www.kwel.com/wp-json/tribe/events/v1/events,36,10061769,kwel.com?id=10061769,Tall City Talk,2027-02-17 15:00:00,2027-02-17 21:00:00,2027-02-17 17:00:00,2027-02-17 23:00:00,America/Chicago,false,false,publish,https://kwel.com/event/patriot-call/2027-02-17/,,,,"{""currency_symbol"":""$"",""currency_code"":""USD"",""currency_position"":""prefix"",""values"":[]}",[],[],[],[],,,"{""url"":""https://kwel.com/wp-content/uploads/2026/06/Tall-City-Talk-image-1.png"",""id"":487032,""extension"":""png"",""width"":300,""height"":200}",[],false,false,,,2026-06-12 11:20:35,2026-06-12 16:20:35,true,true,,,
2026-09-30T13:59:37Z,kwel.com,https://www.kwel.com/wp-json/tribe/events/v1/events,36,10051537,kwel.com?id=10051537,Mark Levin,2027-02-17 17:00:00,2027-02-17 23:00:00,2027-02-17 20:00:00,2027-02-18 02:00:00,America/Chicago,false,false,publish,https://kwel.com/event/mark-levin-2/2027-02-17/,,,,"{""currency_symbol"":""$"",""currency_code"":""USD"",""currency_position"":""prefix"",""values"":[]}",[],[],[],[],,,"{""url"":""https://kwel.com/wp-content/uploads/2026/05/Mark-Levin.png"",""id"":486803,""extension"":""png"",""width"":300,""height"":200}",[],false,false,,,2026-05-21 23:20:02,2026-05-22 04:20:02,true,true,,,
2026-09-30T13:59:37Z,kwel.com,https://www.kwel.com/wp-json/tribe/events/v1/events,36,10079780,kwel.com?id=10079780,Scott Jennings Show &#8211; PM,2027-02-17 20:00:00,2027-02-18 02:00:00,2027-02-17 21:00:00,2027-02-18 03:00:00,America/Chicago,false,false,publish,https://kwel.com/event/scott-jennings-show-pm/2027-02-17/,,,,"{""currency_symbol"":""$"",""currency_code"":""USD"",""currency_position"":""prefix"",""values"":[]}",[],[],[],[],,,"{""url"":""https://kwel.com/wp-content/uploads/2026/05/Scott-Jennings.png"",""id"":486807,""extension"":""png"",""width"":300,""height"":200}",[],false,false,,,2026-05-21 23:38:26,2026-05-22 04:38:26,true,true,,,
2026-09-30T13:59:37Z,kwel.com,https://www.kwel.com/wp-json/tribe/events/v1/events,36,10065683,kwel.com?id=10065683,Mike Gallagher &#8211; PM,2027-02-17 21:00:00,2027-02-18 03:00:00,2027-02-17 23:00:00,2027-02-18 05:00:00,America/Chicago,false,false,publish,https://kwel.com/event/mike-gallagher-4-2/2027-02-17/,,,,"{""currency_symbol"":""$"",""currency_code"":""USD"",""currency_position"":""prefix"",""values"":[]}",[],[],[],[],,,"{""url"":""https://kwel.com/wp-content/uploads/2026/05/Mike-Gallagher.png"",""id"":486804,""extension"":""png"",""width"":300,""height"":200}",[],false,false,,,2026-05-21 22:45:14,2026-05-22 03:45:14,true,true,,,
2026-09-30T13:59:37Z,kwel.com,https://www.kwel.com/wp-json/tribe/events/v1/events,36,10027654,kwel.com?id=10027654,Hugh Hewitt,2027-02-17 23:00:00,2027-02-18 05:00:00,2027-02-18 02:00:00,2027-02-18 08:00:00,America/Chicago,false,false,publish,https://kwel.com/event/hugh-hewitt/2027-02-17/,,,,"{""currency_symbol"":""$"",""currency_code"":""USD"",""currency_position"":""prefix"",""values"":[]}",[],[],[],[],,,"{""url"":""https://kwel.com/wp-content/uploads/2026/05/Hugh-Hewitt.png"",""id"":486801,""extension"":""png"",""width"":300,""height"":200}",[],false,false,,,2026-05-21 23:21:01,2026-05-22 04:21:01,true,true,,,
2026-09-30T13:59:37Z,kwel.com,https://www.kwel.com/wp-json/tribe/events/v1/events,36,10071851,kwel.com?id=10071851,Larry Elder,2027-02-18 02:00:00,2027-02-18 08:00:00,2027-02-18 05:00:00,2027-02-18 11:00:00,America/Chicago,false,false,publish,https://kwel.com/event/larry-elder-2/2027-02-18/,,,,"{""currency_symbol"":""$"",""currency_code"":""USD"",""currency_position"":""prefix"",""values"":[]}",[],[],[],[],,,"{""url"":""https://kwel.com/wp-content/uploads/2026/05/Larry-Elder.png"",""id"":486802,""extension"":""png"",""width"":300,""height"":200}",[],false,false,,,2026-05-21 23:52:47,2026-05-22 04:52:47,true,true,,,
2026-09-30T13:59:37Z,kwel.com,https://www.kwel.com/wp-json/tribe/events/v1/events,36,10055092,kwel.com?id=10055092,America in the Morning,2027-02-18 05:00:00,2027-02-18 11:00:00,2027-02-18 06:00:00,2027-02-18 12:00:00,America/Chicago,false,false,publish,https://kwel.com/event/america-in-the-morning/2027-02-18/,,,,"{""currency_symbol"":""$"",""currency_code"":""USD"",""currency_position"":""prefix"",""values"":[]}",[],[],[],[],,,"{""url"":""https://kwel.com/wp-content/uploads/2026/05/America-in-the-Morning.png"",""id"":486797,""extension"":""png"",""width"":300,""height"":200}",[],false,false,,,2026-05-21 23:04:52,2026-05-22 04:04:52,true,true,,,
2026-09-30T13:59:37Z,kwel.com,https://www.kwel.com/wp-json/tribe/events/v1/events,36,10012041,kwel.com?id=10012041,The Morning Show with Craig Anderson &#038; Lisa Kay,2027-02-18 06:00:00,2027-02-18 12:00:00,2027-02-18 10:00:00,2027-02-18 16:00:00,America/Chicago,false,false,publish,https://kwel.com/event/the-morning-show-with-craig-anderson-2/2027-02-18/,,,,"{""currency_symbol"":""$"",""currency_code"":""USD"",""currency_position"":""prefix"",""values"":[]}",[],[],[],[],<p>Local and streaming live!</p>,,"{""url"":""https://kwel.com/wp-content/uploads/2026/05/Craig-and-Lisa-1.png"",""id"":486798,""extension"":""png"",""width"":300,""height"":200}",[],false,false,,,2026-05-21 23:18:43,2026-05-22 04:18:43,true,true,,,
2026-09-30T13:59:37Z,kwel.com,https://www.kwel.com/wp-json/tribe/events/v1/events,36,10059162,kwel.com?id=10059162,Mike Gallagher &#8211; AM,2027-02-18 10:00:00,2027-02-18 16:00:00,2027-02-18 11:00:00,2027-02-18 17:00:00,America/Chicago,false,false,publish,https://kwel.com/event/mike-gallagher-am-2/2027-02-18/,,,,"{""currency_symbol"":""$"",""currency_code"":""USD"",""currency_position"":""prefix"",""values"":[]}",[],[],[],[],,,"{""url"":""https://kwel.com/wp-content/uploads/2026/05/Mike-Gallagher.png"",""id"":486804,""extension"":""png"",""width"":300,""height"":200}",[],false,false,,,2026-05-21 22:43:18,2026-05-22 03:43:18,true,true,,,
2026-09-30T13:59:37Z,kwel.com,https://www.kwel.com/wp-json/tribe/events/v1/events,36,10075868,kwel.com?id=10075868,Alex Marlow,2027-02-18 11:00:00,2027-02-18 17:00:00,2027-02-18 12:00:00,2027-02-18 18:00:00,America/Chicago,false,false,publish,https://kwel.com/event/alex-marlow/2027-02-18/,,,,"{""currency_symbol"":""$"",""currency_code"":""USD"",""currency_position"":""prefix"",""values"":[]}",[],[],[],[],,,"{""url"":""https://kwel.com/wp-content/uploads/2026/05/Alex-Marlow.png"",""id"":486796,""extension"":""png"",""width"":300,""height"":200}",[],false,false,,,2026-05-21 23:33:23,2026-05-22 04:33:23,true,true,,,
2026-09-30T13:59:37Z,kwel.com,https://www.kwel.com/wp-json/tribe/events/v1/events,36,10077173,kwel.com?id=10077173,Scott Jennings Show,2027-02-18 12:00:00,2027-02-18 18:00:00,2027-02-18 13:00:00,2027-02-18 19:00:00,America/Chicago,false,false,publish,https://kwel.com/event/scott-jennings/2027-02-18/,,,,"{""currency_symbol"":""$"",""currency_code"":""USD"",""currency_position"":""prefix"",""values"":[]}",[],[],[],[],,,"{""url"":""https://kwel.com/wp-content/uploads/2026/05/Scott-Jennings.png"",""id"":486807,""extension"":""png"",""width"":300,""height"":200}",[],false,false,,,2026-05-21 23:37:53,2026-05-22 04:37:53,true,true,,,
2026-09-30T13:59:37Z,kwel.com,https://www.kwel.com/wp-json/tribe/events/v1/events,36,10064380,kwel.com?id=10064380,Dave Ramsey,2027-02-18 13:00:00,2027-02-18 19:00:00,2027-02-18 15:00:00,2027-02-18 21:00:00,America/Chicago,false,false,publish,https://kwel.com/event/dave-ramsey/2027-02-18/,,,,"{""currency_symbol"":""$"",""currency_code"":""USD"",""currency_position"":""prefix"",""values"":[]}",[],[],[],[],,,"{""url"":""https://kwel.com/wp-content/uploads/2026/05/Dave-Ramsey.png"",""id"":486800,""extension"":""png"",""width"":300,""height"":200}",[],false,false,,,2026-05-21 22:58:20,2026-05-22 03:58:20,true,true,,,
2026-09-30T13:59:37Z,kwel.com,https://www.kwel.com/wp-json/tribe/events/v1/events,36,10061770,kwel.com?id=10061770,Tall City Talk,2027-02-18 15:00:00,2027-02-18 21:00:00,2027-02-18 17:00:00,2027-02-18 23:00:00,America/Chicago,false,false,publish,https://kwel.com/event/patriot-call/2027-02-18/,,,,"{""currency_symbol"":""$"",""currency_code"":""USD"",""currency_position"":""prefix"",""values"":[]}",[],[],[],[],,,"{""url"":""https://kwel.com/wp-content/uploads/2026/06/Tall-City-Talk-image-1.png"",""id"":487032,""extension"":""png"",""width"":300,""height"":200}",[],false,false,,,2026-06-12 11:20:35,2026-06-12 16:20:35,true,true,,,
2026-09-30T13:59:37Z,kwel.com,https://www.kwel.com/wp-json/tribe/events/v1/events,36,10051538,kwel.com?id=10051538,Mark Levin,2027-02-18 17:00:00,2027-02-18 23:00:00,2027-02-18 20:00:00,2027-02-19 02:00:00,America/Chicago,false,false,publish,https://kwel.com/event/mark-levin-2/2027-02-18/,,,,"{""currency_symbol"":""$"",""currency_code"":""USD"",""currency_position"":""prefix"",""values"":[]}",[],[],[],[],,,"{""url"":""https://kwel.com/wp-content/uploads/2026/05/Mark-Levin.png"",""id"":486803,""extension"":""png"",""width"":300,""height"":200}",[],false,false,,,2026-05-21 23:20:02,2026-05-22 04:20:02,true,true,,,
2026-09-30T13:59:37Z,kwel.com,https://www.kwel.com/wp-json/tribe/events/v1/events,36,10079781,kwel.com?id=10079781,Scott Jennings Show &#8211; PM,2027-02-18 20:00:00,2027-02-19 02:00:00,2027-02-18 21:00:00,2027-02-19 03:00:00,America/Chicago,false,false,publish,https://kwel.com/event/scott-jennings-show-pm/2027-02-18/,,,,"{""currency_symbol"":""$"",""currency_code"":""USD"",""currency_position"":""prefix"",""values"":[]}",[],[],[],[],,,"{""url"":""https://kwel.com/wp-content/uploads/2026/05/Scott-Jennings.png"",""id"":486807,""extension"":""png"",""width"":300,""height"":200}",[],false,false,,,2026-05-21 23:38:26,2026-05-22 04:38:26,true,true,,,
2026-09-30T13:59:37Z,kwel.com,https://www.kwel.com/wp-json/tribe/events/v1/events,36,10065684,kwel.com?id=10065684,Mike Gallagher &#8211; PM,2027-02-18 21:00:00,2027-02-19 03:00:00,2027-02-18 23:00:00,2027-02-19 05:00:00,America/Chicago,false,false,publish,https://kwel.com/event/mike-gallagher-4-2/2027-02-18/,,,,"{""currency_symbol"":""$"",""currency_code"":""USD"",""currency_position"":""prefix"",""values"":[]}",[],[],[],[],,,"{""url"":""https://kwel.com/wp-content/uploads/2026/05/Mike-Gallagher.png"",""id"":486804,""extension"":""png"",""width"":300,""height"":200}",[],false,false,,,2026-05-21 22:45:14,2026-05-22 03:45:14,true,true,,,
2026-09-30T13:59:37Z,kwel.com,https://www.kwel.com/wp-json/tribe/events/v1/events,36,10027655,kwel.com?id=10027655,Hugh Hewitt,2027-02-18 23:00:00,2027-02-19 05:00:00,2027-02-19 02:00:00,2027-02-19 08:00:00,America/Chicago,false,false,publish,https://kwel.com/event/hugh-hewitt/2027-02-18/,,,,"{""currency_symbol"":""$"",""currency_code"":""USD"",""currency_position"":""prefix"",""values"":[]}",[],[],[],[],,,"{""url"":""https://kwel.com/wp-content/uploads/2026/05/Hugh-Hewitt.png"",""id"":486801,""extension"":""png"",""width"":300,""height"":200}",[],false,false,,,2026-05-21 23:21:01,2026-05-22 04:21:01,true,true,,,
2026-09-30T13:59:37Z,kwel.com,https://www.kwel.com/wp-json/tribe/events/v1/events,36,10071852,kwel.com?id=10071852,Larry Elder,2027-02-19 02:00:00,2027-02-19 08:00:00,2027-02-19 05:00:00,2027-02-19 11:00:00,America/Chicago,false,false,publish,https://kwel.com/event/larry-elder-2/2027-02-19/,,,,"{""currency_symbol"":""$"",""currency_code"":""USD"",""currency_position"":""prefix"",""values"":[]}",[],[],[],[],,,"{""url"":""https://kwel.com/wp-content/uploads/2026/05/Larry-Elder.png"",""id"":486802,""extension"":""png"",""width"":300,""height"":200}",[],false,false,,,2026-05-21 23:52:47,2026-05-22 04:52:47,true,true,,,
2026-09-30T13:59:37Z,kwel.com,https://www.kwel.com/wp-json/tribe/events/v1/events,36,10055093,kwel.com?id=10055093,America in the Morning,2027-02-19 05:00:00,2027-02-19 11:00:00,2027-02-19 06:00:00,2027-02-19 12:00:00,America/Chicago,false,false,publish,https://kwel.com/event/america-in-the-morning/2027-02-19/,,,,"{""currency_symbol"":""$"",""currency_code"":""USD"",""currency_position"":""prefix"",""values"":[]}",[],[],[],[],,,"{""url"":""https://kwel.com/wp-content/uploads/2026/05/America-in-the-Morning.png"",""id"":486797,""extension"":""png"",""width"":300,""height"":200}",[],false,false,,,2026-05-21 23:04:52,2026-05-22 04:04:52,true,true,,,
2026-09-30T13:59:37Z,kwel.com,https://www.kwel.com/wp-json/tribe/events/v1/events,36,10012042,kwel.com?id=10012042,The Morning Show with Craig Anderson &#038; Lisa Kay,2027-02-19 06:00:00,2027-02-19 12:00:00,2027-02-19 10:00:00,2027-02-19 16:00:00,America/Chicago,false,false,publish,https://kwel.com/event/the-morning-show-with-craig-anderson-2/2027-02-19/,,,,"{""currency_symbol"":""$"",""currency_code"":""USD"",""currency_position"":""prefix"",""values"":[]}",[],[],[],[],<p>Local and streaming live!</p>,,"{""url"":""https://kwel.com/wp-content/uploads/2026/05/Craig-and-Lisa-1.png"",""id"":486798,""extension"":""png"",""width"":300,""height"":200}",[],false,false,,,2026-05-21 23:18:43,2026-05-22 04:18:43,true,true,,,
2026-09-30T13:59:37Z,kwel.com,https://www.kwel.com/wp-json/tribe/events/v1/events,36,10059163,kwel.com?id=10059163,Mike Gallagher &#8211; AM,2027-02-19 10:00:00,2027-02-19 16:00:00,2027-02-19 11:00:00,2027-02-19 17:00:00,America/Chicago,false,false,publish,https://kwel.com/event/mike-gallagher-am-2/2027-02-19/,,,,"{""currency_symbol"":""$"",""currency_code"":""USD"",""currency_position"":""prefix"",""values"":[]}",[],[],[],[],,,"{""url"":""https://kwel.com/wp-content/uploads/2026/05/Mike-Gallagher.png"",""id"":486804,""extension"":""png"",""width"":300,""height"":200}",[],false,false,,,2026-05-21 22:43:18,2026-05-22 03:43:18,true,true,,,
2026-09-30T13:59:37Z,kwel.com,https://www.kwel.com/wp-json/tribe/events/v1/events,36,10075869,kwel.com?id=10075869,Alex Marlow,2027-02-19 11:00:00,2027-02-19 17:00:00,2027-02-19 12:00:00,2027-02-19 18:00:00,America/Chicago,false,false,publish,https://kwel.com/event/alex-marlow/2027-02-19/,,,,"{""currency_symbol"":""$"",""currency_code"":""USD"",""currency_position"":""prefix"",""values"":[]}",[],[],[],[],,,"{""url"":""https://kwel.com/wp-content/uploads/2026/05/Alex-Marlow.png"",""id"":486796,""extension"":""png"",""width"":300,""height"":200}",[],false,false,,,2026-05-21 23:33:23,2026-05-22 04:33:23,true,true,,,
2026-09-30T13:59:37Z,kwel.com,https://www.kwel.com/wp-json/tribe/events/v1/events,36,10077174,kwel.com?id=10077174,Scott Jennings Show,2027-02-19 12:00:00,2027-02-19 18:00:00,2027-02-19 13:00:00,2027-02-19 19:00:00,America/Chicago,false,false,publish,https://kwel.com/event/scott-jennings/2027-02-19/,,,,"{""currency_symbol"":""$"",""currency_code"":""USD"",""currency_position"":""prefix"",""values"":[]}",[],[],[],[],,,"{""url"":""https://kwel.com/wp-content/uploads/2026/05/Scott-Jennings.png"",""id"":486807,""extension"":""png"",""width"":300,""height"":200}",[],false,false,,,2026-05-21 23:37:53,2026-05-22 04:37:53,true,true,,,
2026-09-30T13:59:37Z,kwel.com,https://www.kwel.com/wp-json/tribe/events/v1/events,36,10064381,kwel.com?id=10064381,Dave Ramsey,2027-02-19 13:00:00,2027-02-19 19:00:00,2027-02-19 15:00:00,2027-02-19 21:00:00,America/Chicago,false,false,publish,https://kwel.com/event/dave-ramsey/2027-02-19/,,,,"{""currency_symbol"":""$"",""currency_code"":""USD"",""currency_position"":""prefix"",""values"":[]}",[],[],[],[],,,"{""url"":""https://kwel.com/wp-content/uploads/2026/05/Dave-Ramsey.png"",""id"":486800,""extension"":""png"",""width"":300,""height"":200}",[],false,false,,,2026-05-21 22:58:20,2026-05-22 03:58:20,true,true,,,
2026-09-30T13:59:37Z,kwel.com,https://www.kwel.com/wp-json/tribe/events/v1/events,36,10061771,kwel.com?id=10061771,Tall City Talk,2027-02-19 15:00:00,2027-02-19 21:00:00,2027-02-19 17:00:00,2027-02-19 23:00:00,America/Chicago,false,false,publish,https://kwel.com/event/patriot-call/2027-02-19/,,,,"{""currency_symbol"":""$"",""currency_code"":""USD"",""currency_position"":""prefix"",""values"":[]}",[],[],[],[],,,"{""url"":""https://kwel.com/wp-content/uploads/2026/06/Tall-City-Talk-image-1.png"",""id"":487032,""extension"":""png"",""width"":300,""height"":200}",[],false,false,,,2026-06-12 11:20:35,2026-06-12 16:20:35,true,true,,,
2026-09-30T13:59:37Z,kwel.com,https://www.kwel.com/wp-json/tribe/events/v1/events,36,10051539,kwel.com?id=10051539,Mark Levin,2027-02-19 17:00:00,2027-02-19 23:00:00,2027-02-19 20:00:00,2027-02-20 02:00:00,America/Chicago,false,false,publish,https://kwel.com/event/mark-levin-2/2027-02-19/,,,,"{""currency_symbol"":""$"",""currency_code"":""USD"",""currency_position"":""prefix"",""values"":[]}",[],[],[],[],,,"{""url"":""https://kwel.com/wp-content/uploads/2026/05/Mark-Levin.png"",""id"":486803,""extension"":""png"",""width"":300,""height"":200}",[],false,false,,,2026-05-21 23:20:02,2026-05-22 04:20:02,true,true,,,
2026-09-30T13:59:37Z,kwel.com,https://www.kwel.com/wp-json/tribe/events/v1/events,36,10079782,kwel.com?id=10079782,Scott Jennings Show &#8211; PM,2027-02-19 20:00:00,2027-02-20 02:00:00,2027-02-19 21:00:00,2027-02-20 03:00:00,America/Chicago,false,false,publish,https://kwel.com/event/scott-jennings-show-pm/2027-02-19/,,,,"{""currency_symbol"":""$"",""currency_code"":""USD"",""currency_position"":""prefix"",""values"":[]}",[],[],[],[],,,"{""url"":""https://kwel.com/wp-content/uploads/2026/05/Scott-Jennings.png"",""id"":486807,""extension"":""png"",""width"":300,""height"":200}",[],false,false,,,2026-05-21 23:38:26,2026-05-22 04:38:26,true,true,,,
2026-09-30T13:59:37Z,kwel.com,https://www.kwel.com/wp-json/tribe/events/v1/events,36,10065685,kwel.com?id=10065685,Mike Gallagher &#8211; PM,2027-02-19 21:00:00,2027-02-20 03:00:00,2027-02-19 23:00:00,2027-02-20 05:00:00,America/Chicago,false,false,publish,https://kwel.com/event/mike-gallagher-4-2/2027-02-19/,,,,"{""currency_symbol"":""$"",""currency_code"":""USD"",""currency_position"":""prefix"",""values"":[]}",[],[],[],[],,,"{""url"":""https://kwel.com/wp-content/uploads/2026/05/Mike-Gallagher.png"",""id"":486804,""extension"":""png"",""width"":300,""height"":200}",[],false,false,,,2026-05-21 22:45:14,2026-05-22 03:45:14,true,true,,,
2026-09-30T13:59:37Z,kwel.com,https://www.kwel.com/wp-json/tribe/events/v1/events,36,10027656,kwel.com?id=10027656,Hugh Hewitt,2027-02-19 23:00:00,2027-02-20 05:00:00,2027-02-20 02:00:00,2027-02-20 08:00:00,America/Chicago,false,false,publish,https://kwel.com/event/hugh-hewitt/2027-02-19/,,,,"{""currency_symbol"":""$"",""currency_code"":""USD"",""currency_position"":""prefix"",""values"":[]}",[],[],[],[],,,"{""url"":""https://kwel.com/wp-content/uploads/2026/05/Hugh-Hewitt.png"",""id"":486801,""extension"":""png"",""width"":300,""height"":200}",[],false,false,,,2026-05-21 23:21:01,2026-05-22 04:21:01,true,true,,,
2026-09-30T13:59:37Z,kwel.com,https://www.kwel.com/wp-json/tribe/events/v1/events,36,10071436,kwel.com?id=10071436,America in the Morning &#8211; Sat.,2027-02-20 06:00:00,2027-02-20 12:00:00,2027-02-20 06:30:00,2027-02-20 12:30:00,America/Chicago,false,false,publish,https://kwel.com/event/america-in-the-morning-sat/2027-02-20/,,,,"{""currency_symbol"":""$"",""currency_code"":""USD"",""currency_position"":""prefix"",""values"":[]}",[],[],[],[],,,"{""url"":""https://kwel.com/wp-content/uploads/2026/05/America-in-the-Morning.png"",""id"":486797,""extension"":""png"",""width"":300,""height"":200}",[],false,false,,,2026-05-21 23:04:09,2026-05-22 04:04:09,true,true,,,
2026-09-30T13:59:37Z,kwel.com,https://www.kwel.com/wp-json/tribe/events/v1/events,36,10081615,kwel.com?id=10081615,Oldies Music Show,2027-02-20 06:30:00,2027-02-20 12:30:00,2027-02-20 09:00:00,2027-02-20 15:00:00,America/Chicago,false,false,publish,https://kwel.com/event/oldies-music-show/2027-02-20/,,,,"{""currency_symbol"":""$"",""currency_code"":""USD"",""currency_position"":""prefix"",""values"":[]}",[],[],[],[],,,false,[],false,false,,,2026-05-21 23:46:45,2026-05-22 04:46:45,true,true,,,
2026-09-30T13:59:37Z,kwel.com,https://www.kwel.com/wp-json/tribe/events/v1/events,36,10081354,kwel.com?id=10081354,The Oil Mix Show w/ Kym Balado,2027-02-20 09:00:00,2027-02-20 15:00:00,2027-02-20 10:00:00,2027-02-20 16:00:00,America/Chicago,false,false,publish,https://kwel.com/event/inside-the-oil-patch-with-kim-balado/2027-02-20/,,,,"{""currency_symbol"":""$"",""currency_code"":""USD"",""currency_position"":""prefix"",""values"":[]}",[],[],[],[],,,false,[],false,false,,,2026-05-21 23:45:16,2026-05-22 04:45:16,true,true,,,
2026-09-30T13:59:37Z,kwel.com,https://www.kwel.com/wp-json/tribe/events/v1/events,36,10083203,kwel.com?id=10083203,Hoyl Financial,2027-02-20 10:00:00,2027-02-20 16:00:00,2027-02-20 10:30:00,2027-02-20 16:30:00,America/Chicago,false,false,publish,https://kwel.com/event/hoyl-financial/2027-02-20/,,,,"{""currency_symbol"":""$"",""currency_code"":""USD"",""currency_position"":""prefix"",""values"":[]}",[],[],[],[],,,false,[],false,false,,,2026-05-22 00:04:04,2026-05-22 05:04:04,true,true,,,
2026-09-30T13:59:37Z,kwel.com,https://www.kwel.com/wp-json/tribe/events/v1/events,37,10036167,kwel.com?id=10036167,Dr. Bob Martin,2027-02-20 11:00:00,2027-02-20 17:00:00,2027-02-20 13:00:00,2027-02-20 19:00:00,America/Chicago,false,false,publish,https://kwel.com/event/dr-bob-martin/2027-02-20/,,,,"{""currency_symbol"":""$"",""currency_code"":""USD"",""currency_position"":""prefix"",""values"":[]}",[],[],[],[],<p>Presented by Natural Foods Market</p>,,"{""url"":""https://kwel.com/wp-content/uploads/2024/12/Dr.-Bob-Martin.png"",""id"":486828,""extension"":""png"",""width"":300,""height"":200}",[],false,false,,,2026-05-21 23:23:52,2026-05-22 04:23:52,true,true,,,
2026-09-30T13:59:37Z,kwel.com,https://www.kwel.com/wp-json/tribe/events/v1/events,37,10082942,kwel.com?id=10082942,Body Talk with Dr. Bill Dodson,2027-02-20 13:00:00,2027-02-20 19:00:00,2027-02-20 15:00:00,2027-02-20 21:00:00,America/Chicago,false,false,publish,https://kwel.com/event/body-talk-with-dr-bill-dodson/2027-02-20/,,,,"{""currency_symbol"":""$"",""currency_code"":""USD"",""currency_position"":""prefix"",""values"":[]}",[],[],[],[],<p>Paradigm Physical Therapy &#8211; LIVE AND LOCAL</p>,,"{""url"":""https://kwel.com/wp-content/uploads/2024/12/Bill-Dodson.png"",""id"":486852,""extension"":""png"",""width"":300,""height"":200}",[],false,false,,,2026-05-22 00:01:52,2026-05-22 05:01:52,true,true,,,
2026-09-30T13:59:37Z,kwel.com,https://www.kwel.com/wp-json/tribe/events/v1/events,37,10083725,kwel.com?id=10083725,The CC Auto Show,2027-02-20 15:00:00,2027-02-20 21:00:00,2027-02-20 17:00:00,2027-02-20 23:00:00,America/Chicago,false,false,publish,https://kwel.com/event/the-best-of-hoss-duggar/2027-02-20/,,,,"{""currency_symbol"":""$"",""currency_code"":""USD"",""currency_position"":""prefix"",""values"":[]}",[],[],[],[],,,false,[],false,false,,,2026-05-22 00:06:03,2026-05-22 05:06:03,true,true,,,
2026-09-30T13:59:37Z,kwel.com,https://www.kwel.com/wp-json/tribe/events/v1/events,37,10083986,kwel.com?id=10083986,The Pet Show,2027-02-20 17:00:00,2027-02-20 23:00:00,2027-02-20 19:00:00,2027-02-21 01:00:00,America/Chicago,false,false,publish,https://kwel.com/event/the-pet-show/2027-02-20/,,,,"{""currency_symbol"":""$"",""currency_code"":""USD"",""currency_position"":""prefix"",""values"":[]}",[],[],[],[],,,false,[],false,false,,,2026-05-22 00:07:14,2026-05-22 05:07:14,true,true,,,
2026-09-30T13:59:37Z,kwel.com,https://www.kwel.com/wp-json/tribe/events/v1/events,37,10084247,kwel.com?id=10084247,The Best of Hoss Duggar &#8211; PM,2027-02-20 19:00:00,2027-02-21 01:00:00,2027-02-20 19:30:00,2027-02-21 01:30:00,America/Chicago,false,false,publish,https://kwel.com/event/the-best-of-hoss-duggar-pm/2027-02-20/,,,,"{""currency_symbol"":""$"",""currency_code"":""USD"",""currency_position"":""prefix"",""values"":[]}",[],[],[],[],,,false,[],false,false,,,2026-05-22 00:08:01,2026-05-22 05:08:01,true,true,,,
2026-09-30T13:59:37Z,kwel.com,https://www.kwel.com/wp-json/tribe/events/v1/events,37,10084508,kwel.com?id=10084508,The Best of Keith Stretcher &#8211; Sat.,2027-02-20 19:30:00,2027-02-21 01:30:00,2027-02-20 20:00:00,2027-02-21 02:00:00,America/Chicago,false,false,publish,https://kwel.com/event/the-best-of-keith-stretcher-sat/2027-02-20/,,,,"{""currency_symbol"":""$"",""currency_code"":""USD"",""currency_position"":""prefix"",""values"":[]}",[],[],[],[],,,false,[],false,false,,,2026-05-22 00:09:06,2026-05-22 05:09:06,true,true,,,
2026-09-30T13:59:37Z,kwel.com,https://www.kwel.com/wp-json/tribe/events/v1/events,37,10086857,kwel.com?id=10086857,Rick Valdez,2027-02-20 20:00:00,2027-02-21 02:00:00,2027-02-21 00:00:00,2027-02-21 06:00:00,America/Chicago,false,false,publish,https://kwel.com/event/rick-valdez/2027-02-20/,,,,"{""currency_symbol"":""$"",""currency_code"":""USD"",""currency_position"":""prefix"",""values"":[]}",[],[],[],[],,,false,[],false,false,,,2026-05-22 00:25:00,2026-05-22 05:25:00,true,true,,,
2026-09-30T13:59:37Z,kwel.com,https://www.kwel.com/wp-json/tribe/events/v1/events,37,10087118,kwel.com?id=10087118,Kevin McCullough,2027-02-21 00:00:00,2027-02-21 06:00:00,2027-02-21 03:00:00,2027-02-21 09:00:00,America/Chicago,false,false,publish,https://kwel.com/event/kevin-mccullough/2027-02-21/,,,,"{""currency_symbol"":""$"",""currency_code"":""USD"",""currency_position"":""prefix"",""values"":[]}",[],[],[],[],,,false,[],false,false,,,2026-05-29 20:04:05,2026-05-30 01:04:05,true,true,,,
2026-09-30T13:59:37Z,kwel.com,https://www.kwel.com/wp-json/tribe/events/v1/events,37,10066832,kwel.com?id=10066832,Mike Gallagher &#8211; Sunday,2027-02-21 03:00:00,2027-02-21 09:00:00,2027-02-21 06:00:00,2027-02-21 12:00:00,America/Chicago,false,false,publish,https://kwel.com/event/mike-gallagher-4-3/2027-02-21/,,,,"{""currency_symbol"":""$"",""currency_code"":""USD"",""currency_position"":""prefix"",""values"":[]}",[],[],[],[],,,"{""url"":""https://kwel.com/wp-content/uploads/2026/05/Mike-Gallagher.png"",""id"":486804,""extension"":""png"",""width"":300,""height"":200}",[],false,false,,,2026-05-21 22:51:50,2026-05-22 03:51:50,true,true,,,
2026-09-30T13:59:37Z,kwel.com,https://www.kwel.com/wp-json/tribe/events/v1/events,37,10084769,kwel.com?id=10084769,The Best of Keith Stretcher &#8211; Sun.,2027-02-21 06:30:00,2027-02-21 12:30:00,2027-02-21 07:00:00,2027-02-21 13:00:00,America/Chicago,false,false,publish,https://kwel.com/event/the-best-of-keith-stretcher-sun/2027-02-21/,,,,"{""currency_symbol"":""$"",""currency_code"":""USD"",""currency_position"":""prefix"",""values"":[]}",[],[],[],[],,,false,[],false,false,,,2026-05-22 00:10:38,2026-05-22 05:10:38,true,true,,,
2026-09-30T13:59:37Z,kwel.com,https://www.kwel.com/wp-json/tribe/events/v1/events,37,10085030,kwel.com?id=10085030,Wall Builders &#8211; 7am,2027-02-21 07:00:00,2027-02-21 13:00:00,2027-02-21 07:30:00,2027-02-21 13:30:00,America/Chicago,false,false,publish,https://kwel.com/event/wall-builders-7am/2027-02-21/,,,,"{""currency_symbol"":""$"",""currency_code"":""USD"",""currency_position"":""prefix"",""values"":[]}",[],[],[],[],,,"{""url"":""https://kwel.com/wp-content/uploads/2026/05/Wall-Builders.png"",""id"":486877,""extension"":""png"",""width"":300,""height"":200}",[],false,false,,,2026-05-22 00:15:13,2026-05-22 05:15:13,true,true,,,
2026-09-30T13:59:37Z,kwel.com,https://www.kwel.com/wp-json/tribe/events/v1/events,37,10031787,kwel.com?id=10031787,Lutheran Hour &#8211; Family Shield- Sponsored by Grace Lutheran and Holy Cross Lutheran,2027-02-21 07:30:00,2027-02-21 13:30:00,2027-02-21 08:30:00,2027-02-21 14:30:00,America/Chicago,false,false,publish,https://kwel.com/event/lutheran-hour-family-shield-sponsored-by-grace-lutheran-and-holy-cross-lutheran/2027-02-21/,,,,"{""currency_symbol"":""$"",""currency_code"":""USD"",""currency_position"":""prefix"",""values"":[]}",[],[],[],[],,,false,[],false,false,,,2026-05-21 23:59:20,2026-05-22 04:59:20,true,true,,,
2026-09-30T13:59:37Z,kwel.com,https://www.kwel.com/wp-json/tribe/events/v1/events,37,10085291,kwel.com?id=10085291,Wall Builders &#8211; 8am,2027-02-21 08:00:00,2027-02-21 14:00:00,2027-02-21 08:30:00,2027-02-21 14:30:00,America/Chicago,false,false,publish,https://kwel.com/event/wall-builders-8am/2027-02-21/,,,,"{""currency_symbol"":""$"",""currency_code"":""USD"",""currency_position"":""prefix"",""values"":[]}",[],[],[],[],,,"{""url"":""https://kwel.com/wp-content/uploads/2026/05/Wall-Builders.png"",""id"":486877,""extension"":""png"",""width"":300,""height"":200}",[],false,false,,,2026-05-22 00:16:04,2026-05-22 05:16:04,true,true,,,
2026-09-30T13:59:37Z,kwel.com,https://www.kwel.com/wp-json/tribe/events/v1/events,37,10031152,kwel.com?id=10031152,Family Gospel Music Hour w/ Warren Bell,2027-02-21 08:30:00,2027-02-21 14:30:00,2027-02-21 09:30:00,2027-02-21 15:30:00,America/Chicago,false,false,publish,https://kwel.com/event/family-gospel-music-hour-sponsored-by-warren-bell/2027-02-21/,,,,"{""currency_symbol"":""$"",""currency_code"":""USD"",""currency_position"":""prefix"",""values"":[]}",[],[],[],[],,,false,[],false,false,,,2026-05-21 23:48:07,2026-05-22 04:48:07,true,true,,,
2026-09-30T13:59:37Z,kwel.com,https://www.kwel.com/wp-json/tribe/events/v1/events,37,10085813,kwel.com?id=10085813,ReNew Your Mind w. RC Sproul,2027-02-21 09:30:00,2027-02-21 15:30:00,2027-02-21 10:00:00,2027-02-21 16:00:00,America/Chicago,false,false,publish,https://kwel.com/event/renew-your-mind-w-rc-sproul/2027-02-21/,,,,"{""currency_symbol"":""$"",""currency_code"":""USD"",""currency_position"":""prefix"",""values"":[]}",[],[],[],[],,,false,[],false,false,,,2026-05-22 00:19:04,2026-05-22 05:19:04,true,true,,,
2026-09-30T13:59:37Z,kwel.com,https://www.kwel.com/wp-json/tribe/events/v1/events,37,10030157,kwel.com?id=10030157,Save the Cowboy,2027-02-21 10:00:00,2027-02-21 16:00:00,2027-02-21 10:30:00,2027-02-21 16:30:00,America/Chicago,false,false,publish,https://kwel.com/event/save-the-cowboy-sponsored-by-western-llc-2/2027-02-21/,,,,"{""currency_symbol"":""$"",""currency_code"":""USD"",""currency_position"":""prefix"",""values"":[]}",[],[],[],[],,,false,[],false,false,,,2026-05-21 23:58:20,2026-05-22 04:58:20,true,true,,,
2026-09-30T13:59:37Z,kwel.com,https://www.kwel.com/wp-json/tribe/events/v1/events,37,10029522,kwel.com?id=10029522,Kelview Heights Baptist Church,2027-02-21 10:30:00,2027-02-21 16:30:00,2027-02-21 11:00:00,2027-02-21 17:00:00,America/Chicago,false,false,publish,https://kwel.com/event/kelview-heights-baptist-church/2027-02-21/,,,,"{""currency_symbol"":""$"",""currency_code"":""USD"",""currency_position"":""prefix"",""values"":[]}",[],[],[],[],,,false,[],false,false,,,2026-05-21 23:57:15,2026-05-22 04:57:15,true,true,,,
2026-09-30T13:59:37Z,kwel.com,https://www.kwel.com/wp-json/tribe/events/v1/events,37,10086074,kwel.com?id=10086074,Through the Bible,2027-02-21 11:00:00,2027-02-21 17:00:00,2027-02-21 12:00:00,2027-02-21 18:00:00,America/Chicago,false,false,publish,https://kwel.com/event/through-the-bible/2027-02-21/,,,,"{""currency_symbol"":""$"",""currency_code"":""USD"",""currency_position"":""prefix"",""values"":[]}",[],[],[],[],,,false,[],false,false,,,2026-05-22 00:19:43,2026-05-22 05:19:43,true,true,,,
2026-09-30T13:59:37Z,kwel.com,https://www.kwel.com/wp-json/tribe/events/v1/events,37,10086335,kwel.com?id=10086335,The One of a Kind Financial Show w/ Mike,2027-02-21 12:00:00,2027-02-21 18:00:00,2027-02-21 13:00:00,2027-02-21 19:00:00,America/Chicago,false,false,publish,https://kwel.com/event/kline-marketing-financial-show/2027-02-21/,,,,"{""currency_symbol"":""$"",""currency_code"":""USD"",""currency_position"":""prefix"",""values"":[]}",[],[],[],[],"<p><span data-olk-copy-source=""MessageBody"">The One of a Kind Financial Show with Mike Milligan, CFP delivers story-first financial wisdom—covering taxes, retirement income, investments, long-term care, and legacy—empowering listeners to build a truly one-of-a-kind financial plan.</span></p>",,"{""url"":""https://kwel.com/wp-content/uploads/2026/05/One-of-a-kind-financial-show.png"",""id"":486911,""extension"":""png"",""width"":300,""height"":200}",[],false,false,,,2026-05-29 20:02:25,2026-05-30 01:02:25,true,true,,,
2026-09-30T13:59:37Z,kwel.com,https://www.kwel.com/wp-json/tribe/events/v1/events,37,10085552,kwel.com?id=10085552,Wall Builders &#8211; 1pm,2027-02-21 13:00:00,2027-02-21 19:00:00,2027-02-21 14:00:00,2027-02-21 20:00:00,America/Chicago,false,false,publish,https://kwel.com/event/wall-builders-1pm/2027-02-21/,,,,"{""currency_symbol"":""$"",""currency_code"":""USD"",""currency_position"":""prefix"",""values"":[]}",[],[],[],[],,,"{""url"":""https://kwel.com/wp-content/uploads/2026/05/Wall-Builders.png"",""id"":486877,""extension"":""png"",""width"":300,""height"":200}",[],false,false,,,2026-05-22 00:17:07,2026-05-22 05:17:07,true,true,,,
2026-09-30T13:59:37Z,kwel.com,https://www.kwel.com/wp-json/tribe/events/v1/events,37,10081947,kwel.com?id=10081947,Gun Talk,2027-02-21 14:00:00,2027-02-21 20:00:00,2027-02-21 17:00:00,2027-02-21 23:00:00,America/Chicago,false,false,publish,https://kwel.com/event/gun-talk-2/2027-02-21/,,,,"{""currency_symbol"":""$"",""currency_code"":""USD"",""currency_position"":""prefix"",""values"":[]}",[],[],[],[],,,false,[],false,false,,,2026-05-21 23:51:02,2026-05-22 04:51:02,true,true,,,
2026-09-30T13:59:37Z,kwel.com,https://www.kwel.com/wp-json/tribe/events/v1/events,37,10074304,kwel.com?id=10074304,Larry Elder &#8211; Sunday,2027-02-21 17:00:00,2027-02-21 23:00:00,2027-02-21 19:00:00,2027-02-22 01:00:00,America/Chicago,false,false,publish,https://kwel.com/event/larry-elder-sunday/2027-02-21/,,,,"{""currency_symbol"":""$"",""currency_code"":""USD"",""currency_position"":""prefix"",""values"":[]}",[],[],[],[],,,"{""url"":""https://kwel.com/wp-content/uploads/2026/05/Larry-Elder.png"",""id"":486802,""extension"":""png"",""width"":300,""height"":200}",[],false,false,,,2026-05-21 23:10:20,2026-05-22 04:10:20,true,true,,,
2026-09-30T13:59:37Z,kwel.com,https://www.kwel.com/wp-json/tribe/events/v1/events,37,10041690,kwel.com?id=10041690,Armed American Radio,2027-02-21 19:00:00,2027-02-22 01:00:00,2027-02-21 22:00:00,2027-02-22 04:00:00,America/Chicago,false,false,publish,https://kwel.com/event/armed-american-radio/2027-02-21/,,,,"{""currency_symbol"":""$"",""currency_code"":""USD"",""currency_position"":""prefix"",""values"":[]}",[],[],[],[],,,false,[],false,false,,,2026-05-21 23:55:59,2026-05-22 04:55:59,true,true,,,
2026-09-30T13:59:37Z,kwel.com,https://www.kwel.com/wp-json/tribe/events/v1/events,37,10086596,kwel.com?id=10086596,Wall Builders &#8211; 10pm,2027-02-21 22:00:00,2027-02-22 04:00:00,2027-02-22 00:00:00,2027-02-22 06:00:00,America/Chicago,false,false,publish,https://kwel.com/event/wall-builders-10pm/2027-02-21/,,,,"{""currency_symbol"":""$"",""currency_code"":""USD"",""currency_position"":""prefix"",""values"":[]}",[],[],[],[],,,"{""url"":""https://kwel.com/wp-content/uploads/2026/05/Wall-Builders.png"",""id"":486877,""extension"":""png"",""width"":300,""height"":200}",[],false,false,,,2026-05-22 00:22:52,2026-05-22 05:22:52,true,true,,,
2026-09-30T13:59:37Z,kwel.com,https://www.kwel.com/wp-json/tribe/events/v1/events,37,10071853,kwel.com?id=10071853,Larry Elder,2027-02-22 02:00:00,2027-02-22 08:00:00,2027-02-22 05:00:00,2027-02-22 11:00:00,America/Chicago,false,false,publish,https://kwel.com/event/larry-elder-2/2027-02-22/,,,,"{""currency_symbol"":""$"",""currency_code"":""USD"",""currency_position"":""prefix"",""values"":[]}",[],[],[],[],,,"{""url"":""https://kwel.com/wp-content/uploads/2026/05/Larry-Elder.png"",""id"":486802,""extension"":""png"",""width"":300,""height"":200}",[],false,false,,,2026-05-21 23:52:47,2026-05-22 04:52:47,true,true,,,
2026-09-30T13:59:37Z,kwel.com,https://www.kwel.com/wp-json/tribe/events/v1/events,37,10055095,kwel.com?id=10055095,America in the Morning,2027-02-22 05:00:00,2027-02-22 11:00:00,2027-02-22 06:00:00,2027-02-22 12:00:00,America/Chicago,false,false,publish,https://kwel.com/event/america-in-the-morning/2027-02-22/,,,,"{""currency_symbol"":""$"",""currency_code"":""USD"",""currency_position"":""prefix"",""values"":[]}",[],[],[],[],,,"{""url"":""https://kwel.com/wp-content/uploads/2026/05/America-in-the-Morning.png"",""id"":486797,""extension"":""png"",""width"":300,""height"":200}",[],false,false,,,2026-05-21 23:04:52,2026-05-22 04:04:52,true,true,,,
2026-09-30T13:59:37Z,kwel.com,https://www.kwel.com/wp-json/tribe/events/v1/events,37,10012043,kwel.com?id=10012043,The Morning Show with Craig Anderson &#038; Lisa Kay,2027-02-22 06:00:00,2027-02-22 12:00:00,2027-02-22 10:00:00,2027-02-22 16:00:00,America/Chicago,false,false,publish,https://kwel.com/event/the-morning-show-with-craig-anderson-2/2027-02-22/,,,,"{""currency_symbol"":""$"",""currency_code"":""USD"",""currency_position"":""prefix"",""values"":[]}",[],[],[],[],<p>Local and streaming live!</p>,,"{""url"":""https://kwel.com/wp-content/uploads/2026/05/Craig-and-Lisa-1.png"",""id"":486798,""extension"":""png"",""width"":300,""height"":200}",[],false,false,,,2026-05-21 23:18:43,2026-05-22 04:18:43,true,true,,,
2026-09-30T13:59:37Z,kwel.com,https://www.kwel.com/wp-json/tribe/events/v1/events,37,10059164,kwel.com?id=10059164,Mike Gallagher &#8211; AM,2027-02-22 10:00:00,2027-02-22 16:00:00,2027-02-22 11:00:00,2027-02-22 17:00:00,America/Chicago,false,false,publish,https://kwel.com/event/mike-gallagher-am-2/2027-02-22/,,,,"{""currency_symbol"":""$"",""currency_code"":""USD"",""currency_position"":""prefix"",""values"":[]}",[],[],[],[],,,"{""url"":""https://kwel.com/wp-content/uploads/2026/05/Mike-Gallagher.png"",""id"":486804,""extension"":""png"",""width"":300,""height"":200}",[],false,false,,,2026-05-21 22:43:18,2026-05-22 03:43:18,true,true,,,
2026-09-30T13:59:37Z,kwel.com,https://www.kwel.com/wp-json/tribe/events/v1/events,37,10075870,kwel.com?id=10075870,Alex Marlow,2027-02-22 11:00:00,2027-02-22 17:00:00,2027-02-22 12:00:00,2027-02-22 18:00:00,America/Chicago,false,false,publish,https://kwel.com/event/alex-marlow/2027-02-22/,,,,"{""currency_symbol"":""$"",""currency_code"":""USD"",""currency_position"":""prefix"",""values"":[]}",[],[],[],[],,,"{""url"":""https://kwel.com/wp-content/uploads/2026/05/Alex-Marlow.png"",""id"":486796,""extension"":""png"",""width"":300,""height"":200}",[],false,false,,,2026-05-21 23:33:23,2026-05-22 04:33:23,true,true,,,
2026-09-30T13:59:37Z,kwel.com,https://www.kwel.com/wp-json/tribe/events/v1/events,37,10077175,kwel.com?id=10077175,Scott Jennings Show,2027-02-22 12:00:00,2027-02-22 18:00:00,2027-02-22 13:00:00,2027-02-22 19:00:00,America/Chicago,false,false,publish,https://kwel.com/event/scott-jennings/2027-02-22/,,,,"{""currency_symbol"":""$"",""currency_code"":""USD"",""currency_position"":""prefix"",""values"":[]}",[],[],[],[],,,"{""url"":""https://kwel.com/wp-content/uploads/2026/05/Scott-Jennings.png"",""id"":486807,""extension"":""png"",""width"":300,""height"":200}",[],false,false,,,2026-05-21 23:37:53,2026-05-22 04:37:53,true,true,,,
2026-09-30T13:59:37Z,kwel.com,https://www.kwel.com/wp-json/tribe/events/v1/events,37,10064382,kwel.com?id=10064382,Dave Ramsey,2027-02-22 13:00:00,2027-02-22 19:00:00,2027-02-22 15:00:00,2027-02-22 21:00:00,America/Chicago,false,false,publish,https://kwel.com/event/dave-ramsey/2027-02-22/,,,,"{""currency_symbol"":""$"",""currency_code"":""USD"",""currency_position"":""prefix"",""values"":[]}",[],[],[],[],,,"{""url"":""https://kwel.com/wp-content/uploads/2026/05/Dave-Ramsey.png"",""id"":486800,""extension"":""png"",""width"":300,""height"":200}",[],false,false,,,2026-05-21 22:58:20,2026-05-22 03:58:20,true,true,,,
2026-09-30T13:59:37Z,kwel.com,https://www.kwel.com/wp-json/tribe/events/v1/events,37,10061772,kwel.com?id=10061772,Tall City Talk,2027-02-22 15:00:00,2027-02-22 21:00:00,2027-02-22 17:00:00,2027-02-22 23:00:00,America/Chicago,false,false,publish,https://kwel.com/event/patriot-call/2027-02-22/,,,,"{""currency_symbol"":""$"",""currency_code"":""USD"",""currency_position"":""prefix"",""values"":[]}",[],[],[],[],,,"{""url"":""https://kwel.com/wp-content/uploads/2026/06/Tall-City-Talk-image-1.png"",""id"":487032,""extension"":""png"",""width"":300,""height"":200}",[],false,false,,,2026-06-12 11:20:35,2026-06-12 16:20:35,true,true,,,
2026-09-30T13:59:37Z,kwel.com,https://www.kwel.com/wp-json/tribe/events/v1/events,37,10051540,kwel.com?id=10051540,Mark Levin,2027-02-22 17:00:00,2027-02-22 23:00:00,2027-02-22 20:00:00,2027-02-23 02:00:00,America/Chicago,false,false,publish,https://kwel.com/event/mark-levin-2/2027-02-22/,,,,"{""currency_symbol"":""$"",""currency_code"":""USD"",""currency_position"":""prefix"",""values"":[]}",[],[],[],[],,,"{""url"":""https://kwel.com/wp-content/uploads/2026/05/Mark-Levin.png"",""id"":486803,""extension"":""png"",""width"":300,""height"":200}",[],false,false,,,2026-05-21 23:20:02,2026-05-22 04:20:02,true,true,,,
2026-09-30T13:59:37Z,kwel.com,https://www.kwel.com/wp-json/tribe/events/v1/events,37,10079783,kwel.com?id=10079783,Scott Jennings Show &#8211; PM,2027-02-22 20:00:00,2027-02-23 02:00:00,2027-02-22 21:00:00,2027-02-23 03:00:00,America/Chicago,false,false,publish,https://kwel.com/event/scott-jennings-show-pm/2027-02-22/,,,,"{""currency_symbol"":""$"",""currency_code"":""USD"",""currency_position"":""prefix"",""values"":[]}",[],[],[],[],,,"{""url"":""https://kwel.com/wp-content/uploads/2026/05/Scott-Jennings.png"",""id"":486807,""extension"":""png"",""width"":300,""height"":200}",[],false,false,,,2026-05-21 23:38:26,2026-05-22 04:38:26,true,true,,,
2026-09-30T13:59:37Z,kwel.com,https://www.kwel.com/wp-json/tribe/events/v1/events,37,10065686,kwel.com?id=10065686,Mike Gallagher &#8211; PM,2027-02-22 21:00:00,2027-02-23 03:00:00,2027-02-22 23:00:00,2027-02-23 05:00:00,America/Chicago,false,false,publish,https://kwel.com/event/mike-gallagher-4-2/2027-02-22/,,,,"{""currency_symbol"":""$"",""currency_code"":""USD"",""currency_position"":""prefix"",""values"":[]}",[],[],[],[],,,"{""url"":""https://kwel.com/wp-content/uploads/2026/05/Mike-Gallagher.png"",""id"":486804,""extension"":""png"",""width"":300,""height"":200}",[],false,false,,,2026-05-21 22:45:14,2026-05-22 03:45:14,true,true,,,
2026-09-30T13:59:37Z,kwel.com,https://www.kwel.com/wp-json/tribe/events/v1/events,37,10027657,kwel.com?id=10027657,Hugh Hewitt,2027-02-22 23:00:00,2027-02-23 05:00:00,2027-02-23 02:00:00,2027-02-23 08:00:00,America/Chicago,false,false,publish,https://kwel.com/event/hugh-hewitt/2027-02-22/,,,,"{""currency_symbol"":""$"",""currency_code"":""USD"",""currency_position"":""prefix"",""values"":[]}",[],[],[],[],,,"{""url"":""https://kwel.com/wp-content/uploads/2026/05/Hugh-Hewitt.png"",""id"":486801,""extension"":""png"",""width"":300,""height"":200}",[],false,false,,,2026-05-21 23:21:01,2026-05-22 04:21:01,true,true,,,
2026-09-30T13:59:37Z,kwel.com,https://www.kwel.com/wp-json/tribe/events/v1/events,37,10071854,kwel.com?id=10071854,Larry Elder,2027-02-23 02:00:00,2027-02-23 08:00:00,2027-02-23 05:00:00,2027-02-23 11:00:00,America/Chicago,false,false,publish,https://kwel.com/event/larry-elder-2/2027-02-23/,,,,"{""currency_symbol"":""$"",""currency_code"":""USD"",""currency_position"":""prefix"",""values"":[]}",[],[],[],[],,,"{""url"":""https://kwel.com/wp-content/uploads/2026/05/Larry-Elder.png"",""id"":486802,""extension"":""png"",""width"":300,""height"":200}",[],false,false,,,2026-05-21 23:52:47,2026-05-22 04:52:47,true,true,,,
2026-09-30T13:59:37Z,kwel.com,https://www.kwel.com/wp-json/tribe/events/v1/events,37,10055096,kwel.com?id=10055096,America in the Morning,2027-02-23 05:00:00,2027-02-23 11:00:00,2027-02-23 06:00:00,2027-02-23 12:00:00,America/Chicago,false,false,publish,https://kwel.com/event/america-in-the-morning/2027-02-23/,,,,"{""currency_symbol"":""$"",""currency_code"":""USD"",""currency_position"":""prefix"",""values"":[]}",[],[],[],[],,,"{""url"":""https://kwel.com/wp-content/uploads/2026/05/America-in-the-Morning.png"",""id"":486797,""extension"":""png"",""width"":300,""height"":200}",[],false,false,,,2026-05-21 23:04:52,2026-05-22 04:04:52,true,true,,,
2026-09-30T13:59:37Z,kwel.com,https://www.kwel.com/wp-json/tribe/events/v1/events,37,10012044,kwel.com?id=10012044,The Morning Show with Craig Anderson &#038; Lisa Kay,2027-02-23 06:00:00,2027-02-23 12:00:00,2027-02-23 10:00:00,2027-02-23 16:00:00,America/Chicago,false,false,publish,https://kwel.com/event/the-morning-show-with-craig-anderson-2/2027-02-23/,,,,"{""currency_symbol"":""$"",""currency_code"":""USD"",""currency_position"":""prefix"",""values"":[]}",[],[],[],[],<p>Local and streaming live!</p>,,"{""url"":""https://kwel.com/wp-content/uploads/2026/05/Craig-and-Lisa-1.png"",""id"":486798,""extension"":""png"",""width"":300,""height"":200}",[],false,false,,,2026-05-21 23:18:43,2026-05-22 04:18:43,true,true,,,
2026-09-30T13:59:37Z,kwel.com,https://www.kwel.com/wp-json/tribe/events/v1/events,37,10059165,kwel.com?id=10059165,Mike Gallagher &#8211; AM,2027-02-23 10:00:00,2027-02-23 16:00:00,2027-02-23 11:00:00,2027-02-23 17:00:00,America/Chicago,false,false,publish,https://kwel.com/event/mike-gallagher-am-2/2027-02-23/,,,,"{""currency_symbol"":""$"",""currency_code"":""USD"",""currency_position"":""prefix"",""values"":[]}",[],[],[],[],,,"{""url"":""https://kwel.com/wp-content/uploads/2026/05/Mike-Gallagher.png"",""id"":486804,""extension"":""png"",""width"":300,""height"":200}",[],false,false,,,2026-05-21 22:43:18,2026-05-22 03:43:18,true,true,,,
2026-09-30T13:59:37Z,kwel.com,https://www.kwel.com/wp-json/tribe/events/v1/events,37,10075871,kwel.com?id=10075871,Alex Marlow,2027-02-23 11:00:00,2027-02-23 17:00:00,2027-02-23 12:00:00,2027-02-23 18:00:00,America/Chicago,false,false,publish,https://kwel.com/event/alex-marlow/2027-02-23/,,,,"{""currency_symbol"":""$"",""currency_code"":""USD"",""currency_position"":""prefix"",""values"":[]}",[],[],[],[],,,"{""url"":""https://kwel.com/wp-content/uploads/2026/05/Alex-Marlow.png"",""id"":486796,""extension"":""png"",""width"":300,""height"":200}",[],false,false,,,2026-05-21 23:33:23,2026-05-22 04:33:23,true,true,,,
2026-09-30T13:59:37Z,kwel.com,https://www.kwel.com/wp-json/tribe/events/v1/events,37,10077176,kwel.com?id=10077176,Scott Jennings Show,2027-02-23 12:00:00,2027-02-23 18:00:00,2027-02-23 13:00:00,2027-02-23 19:00:00,America/Chicago,false,false,publish,https://kwel.com/event/scott-jennings/2027-02-23/,,,,"{""currency_symbol"":""$"",""currency_code"":""USD"",""currency_position"":""prefix"",""values"":[]}",[],[],[],[],,,"{""url"":""https://kwel.com/wp-content/uploads/2026/05/Scott-Jennings.png"",""id"":486807,""extension"":""png"",""width"":300,""height"":200}",[],false,false,,,2026-05-21 23:37:53,2026-05-22 04:37:53,true,true,,,
2026-09-30T13:59:37Z,kwel.com,https://www.kwel.com/wp-json/tribe/events/v1/events,37,10064383,kwel.com?id=10064383,Dave Ramsey,2027-02-23 13:00:00,2027-02-23 19:00:00,2027-02-23 15:00:00,2027-02-23 21:00:00,America/Chicago,false,false,publish,https://kwel.com/event/dave-ramsey/2027-02-23/,,,,"{""currency_symbol"":""$"",""currency_code"":""USD"",""currency_position"":""prefix"",""values"":[]}",[],[],[],[],,,"{""url"":""https://kwel.com/wp-content/uploads/2026/05/Dave-Ramsey.png"",""id"":486800,""extension"":""png"",""width"":300,""height"":200}",[],false,false,,,2026-05-21 22:58:20,2026-05-22 03:58:20,true,true,,,
2026-09-30T13:59:37Z,kwel.com,https://www.kwel.com/wp-json/tribe/events/v1/events,37,10061773,kwel.com?id=10061773,Tall City Talk,2027-02-23 15:00:00,2027-02-23 21:00:00,2027-02-23 17:00:00,2027-02-23 23:00:00,America/Chicago,false,false,publish,https://kwel.com/event/patriot-call/2027-02-23/,,,,"{""currency_symbol"":""$"",""currency_code"":""USD"",""currency_position"":""prefix"",""values"":[]}",[],[],[],[],,,"{""url"":""https://kwel.com/wp-content/uploads/2026/06/Tall-City-Talk-image-1.png"",""id"":487032,""extension"":""png"",""width"":300,""height"":200}",[],false,false,,,2026-06-12 11:20:35,2026-06-12 16:20:35,true,true,,,
2026-09-30T13:59:37Z,kwel.com,https://www.kwel.com/wp-json/tribe/events/v1/events,37,10051541,kwel.com?id=10051541,Mark Levin,2027-02-23 17:00:00,2027-02-23 23:00:00,2027-02-23 20:00:00,2027-02-24 02:00:00,America/Chicago,false,false,publish,https://kwel.com/event/mark-levin-2/2027-02-23/,,,,"{""currency_symbol"":""$"",""currency_code"":""USD"",""currency_position"":""prefix"",""values"":[]}",[],[],[],[],,,"{""url"":""https://kwel.com/wp-content/uploads/2026/05/Mark-Levin.png"",""id"":486803,""extension"":""png"",""width"":300,""height"":200}",[],false,false,,,2026-05-21 23:20:02,2026-05-22 04:20:02,true,true,,,
2026-09-30T13:59:37Z,kwel.com,https://www.kwel.com/wp-json/tribe/events/v1/events,37,10079784,kwel.com?id=10079784,Scott Jennings Show &#8211; PM,2027-02-23 20:00:00,2027-02-24 02:00:00,2027-02-23 21:00:00,2027-02-24 03:00:00,America/Chicago,false,false,publish,https://kwel.com/event/scott-jennings-show-pm/2027-02-23/,,,,"{""currency_symbol"":""$"",""currency_code"":""USD"",""currency_position"":""prefix"",""values"":[]}",[],[],[],[],,,"{""url"":""https://kwel.com/wp-content/uploads/2026/05/Scott-Jennings.png"",""id"":486807,""extension"":""png"",""width"":300,""height"":200}",[],false,false,,,2026-05-21 23:38:26,2026-05-22 04:38:26,true,true,,,
2026-09-30T13:59:37Z,kwel.com,https://www.kwel.com/wp-json/tribe/events/v1/events,37,10065687,kwel.com?id=10065687,Mike Gallagher &#8211; PM,2027-02-23 21:00:00,2027-02-24 03:00:00,2027-02-23 23:00:00,2027-02-24 05:00:00,America/Chicago,false,false,publish,https://kwel.com/event/mike-gallagher-4-2/2027-02-23/,,,,"{""currency_symbol"":""$"",""currency_code"":""USD"",""currency_position"":""prefix"",""values"":[]}",[],[],[],[],,,"{""url"":""https://kwel.com/wp-content/uploads/2026/05/Mike-Gallagher.png"",""id"":486804,""extension"":""png"",""width"":300,""height"":200}",[],false,false,,,2026-05-21 22:45:14,2026-05-22 03:45:14,true,true,,,
2026-09-30T13:59:37Z,kwel.com,https://www.kwel.com/wp-json/tribe/events/v1/events,37,10027658,kwel.com?id=10027658,Hugh Hewitt,2027-02-23 23:00:00,2027-02-24 05:00:00,2027-02-24 02:00:00,2027-02-24 08:00:00,America/Chicago,false,false,publish,https://kwel.com/event/hugh-hewitt/2027-02-23/,,,,"{""currency_symbol"":""$"",""currency_code"":""USD"",""currency_position"":""prefix"",""values"":[]}",[],[],[],[],,,"{""url"":""https://kwel.com/wp-content/uploads/2026/05/Hugh-Hewitt.png"",""id"":486801,""extension"":""png"",""width"":300,""height"":200}",[],false,false,,,2026-05-21 23:21:01,2026-05-22 04:21:01,true,true,,,
2026-09-30T13:59:37Z,kwel.com,https://www.kwel.com/wp-json/tribe/events/v1/events,37,10071855,kwel.com?id=10071855,Larry Elder,2027-02-24 02:00:00,2027-02-24 08:00:00,2027-02-24 05:00:00,2027-02-24 11:00:00,America/Chicago,false,false,publish,https://kwel.com/event/larry-elder-2/2027-02-24/,,,,"{""currency_symbol"":""$"",""currency_code"":""USD"",""currency_position"":""prefix"",""values"":[]}",[],[],[],[],,,"{""url"":""https://kwel.com/wp-content/uploads/2026/05/Larry-Elder.png"",""id"":486802,""extension"":""png"",""width"":300,""height"":200}",[],false,false,,,2026-05-21 23:52:47,2026-05-22 04:52:47,true,true,,,
2026-09-30T13:59:37Z,kwel.com,https://www.kwel.com/wp-json/tribe/events/v1/events,37,10055097,kwel.com?id=10055097,America in the Morning,2027-02-24 05:00:00,2027-02-24 11:00:00,2027-02-24 06:00:00,2027-02-24 12:00:00,America/Chicago,false,false,publish,https://kwel.com/event/america-in-the-morning/2027-02-24/,,,,"{""currency_symbol"":""$"",""currency_code"":""USD"",""currency_position"":""prefix"",""values"":[]}",[],[],[],[],,,"{""url"":""https://kwel.com/wp-content/uploads/2026/05/America-in-the-Morning.png"",""id"":486797,""extension"":""png"",""width"":300,""height"":200}",[],false,false,,,2026-05-21 23:04:52,2026-05-22 04:04:52,true,true,,,
2026-09-30T13:59:37Z,kwel.com,https://www.kwel.com/wp-json/tribe/events/v1/events,38,10012045,kwel.com?id=10012045,The Morning Show with Craig Anderson &#038; Lisa Kay,2027-02-24 06:00:00,2027-02-24 12:00:00,2027-02-24 10:00:00,2027-02-24 16:00:00,America/Chicago,false,false,publish,https://kwel.com/event/the-morning-show-with-craig-anderson-2/2027-02-24/,,,,"{""currency_symbol"":""$"",""currency_code"":""USD"",""currency_position"":""prefix"",""values"":[]}",[],[],[],[],<p>Local and streaming live!</p>,,"{""url"":""https://kwel.com/wp-content/uploads/2026/05/Craig-and-Lisa-1.png"",""id"":486798,""extension"":""png"",""width"":300,""height"":200}",[],false,false,,,2026-05-21 23:18:43,2026-05-22 04:18:43,true,true,,,
2026-09-30T13:59:37Z,kwel.com,https://www.kwel.com/wp-json/tribe/events/v1/events,38,10059166,kwel.com?id=10059166,Mike Gallagher &#8211; AM,2027-02-24 10:00:00,2027-02-24 16:00:00,2027-02-24 11:00:00,2027-02-24 17:00:00,America/Chicago,false,false,publish,https://kwel.com/event/mike-gallagher-am-2/2027-02-24/,,,,"{""currency_symbol"":""$"",""currency_code"":""USD"",""currency_position"":""prefix"",""values"":[]}",[],[],[],[],,,"{""url"":""https://kwel.com/wp-content/uploads/2026/05/Mike-Gallagher.png"",""id"":486804,""extension"":""png"",""width"":300,""height"":200}",[],false,false,,,2026-05-21 22:43:18,2026-05-22 03:43:18,true,true,,,
2026-09-30T13:59:37Z,kwel.com,https://www.kwel.com/wp-json/tribe/events/v1/events,38,10075872,kwel.com?id=10075872,Alex Marlow,2027-02-24 11:00:00,2027-02-24 17:00:00,2027-02-24 12:00:00,2027-02-24 18:00:00,America/Chicago,false,false,publish,https://kwel.com/event/alex-marlow/2027-02-24/,,,,"{""currency_symbol"":""$"",""currency_code"":""USD"",""currency_position"":""prefix"",""values"":[]}",[],[],[],[],,,"{""url"":""https://kwel.com/wp-content/uploads/2026/05/Alex-Marlow.png"",""id"":486796,""extension"":""png"",""width"":300,""height"":200}",[],false,false,,,2026-05-21 23:33:23,2026-05-22 04:33:23,true,true,,,
2026-09-30T13:59:37Z,kwel.com,https://www.kwel.com/wp-json/tribe/events/v1/events,38,10077177,kwel.com?id=10077177,Scott Jennings Show,2027-02-24 12:00:00,2027-02-24 18:00:00,2027-02-24 13:00:00,2027-02-24 19:00:00,America/Chicago,false,false,publish,https://kwel.com/event/scott-jennings/2027-02-24/,,,,"{""currency_symbol"":""$"",""currency_code"":""USD"",""currency_position"":""prefix"",""values"":[]}",[],[],[],[],,,"{""url"":""https://kwel.com/wp-content/uploads/2026/05/Scott-Jennings.png"",""id"":486807,""extension"":""png"",""width"":300,""height"":200}",[],false,false,,,2026-05-21 23:37:53,2026-05-22 04:37:53,true,true,,,
2026-09-30T13:59:37Z,kwel.com,https://www.kwel.com/wp-json/tribe/events/v1/events,38,10064384,kwel.com?id=10064384,Dave Ramsey,2027-02-24 13:00:00,2027-02-24 19:00:00,2027-02-24 15:00:00,2027-02-24 21:00:00,America/Chicago,false,false,publish,https://kwel.com/event/dave-ramsey/2027-02-24/,,,,"{""currency_symbol"":""$"",""currency_code"":""USD"",""currency_position"":""prefix"",""values"":[]}",[],[],[],[],,,"{""url"":""https://kwel.com/wp-content/uploads/2026/05/Dave-Ramsey.png"",""id"":486800,""extension"":""png"",""width"":300,""height"":200}",[],false,false,,,2026-05-21 22:58:20,2026-05-22 03:58:20,true,true,,,
2026-09-30T13:59:37Z,kwel.com,https://www.kwel.com/wp-json/tribe/events/v1/events,38,10061774,kwel.com?id=10061774,Tall City Talk,2027-02-24 15:00:00,2027-02-24 21:00:00,2027-02-24 17:00:00,2027-02-24 23:00:00,America/Chicago,false,false,publish,https://kwel.com/event/patriot-call/2027-02-24/,,,,"{""currency_symbol"":""$"",""currency_code"":""USD"",""currency_position"":""prefix"",""values"":[]}",[],[],[],[],,,"{""url"":""https://kwel.com/wp-content/uploads/2026/06/Tall-City-Talk-image-1.png"",""id"":487032,""extension"":""png"",""width"":300,""height"":200}",[],false,false,,,2026-06-12 11:20:35,2026-06-12 16:20:35,true,true,,,
2026-09-30T13:59:37Z,kwel.com,https://www.kwel.com/wp-json/tribe/events/v1/events,38,10051542,kwel.com?id=10051542,Mark Levin,2027-02-24 17:00:00,2027-02-24 23:00:00,2027-02-24 20:00:00,2027-02-25 02:00:00,America/Chicago,false,false,publish,https://kwel.com/event/mark-levin-2/2027-02-24/,,,,"{""currency_symbol"":""$"",""currency_code"":""USD"",""currency_position"":""prefix"",""values"":[]}",[],[],[],[],,,"{""url"":""https://kwel.com/wp-content/uploads/2026/05/Mark-Levin.png"",""id"":486803,""extension"":""png"",""width"":300,""height"":200}",[],false,false,,,2026-05-21 23:20:02,2026-05-22 04:20:02,true,true,,,
2026-09-30T13:59:37Z,kwel.com,https://www.kwel.com/wp-json/tribe/events/v1/events,38,10079785,kwel.com?id=10079785,Scott Jennings Show &#8211; PM,2027-02-24 20:00:00,2027-02-25 02:00:00,2027-02-24 21:00:00,2027-02-25 03:00:00,America/Chicago,false,false,publish,https://kwel.com/event/scott-jennings-show-pm/2027-02-24/,,,,"{""currency_symbol"":""$"",""currency_code"":""USD"",""currency_position"":""prefix"",""values"":[]}",[],[],[],[],,,"{""url"":""https://kwel.com/wp-content/uploads/2026/05/Scott-Jennings.png"",""id"":486807,""extension"":""png"",""width"":300,""height"":200}",[],false,false,,,2026-05-21 23:38:26,2026-05-22 04:38:26,true,true,,,
2026-09-30T13:59:37Z,kwel.com,https://www.kwel.com/wp-json/tribe/events/v1/events,38,10065688,kwel.com?id=10065688,Mike Gallagher &#8211; PM,2027-02-24 21:00:00,2027-02-25 03:00:00,2027-02-24 23:00:00,2027-02-25 05:00:00,America/Chicago,false,false,publish,https://kwel.com/event/mike-gallagher-4-2/2027-02-24/,,,,"{""currency_symbol"":""$"",""currency_code"":""USD"",""currency_position"":""prefix"",""values"":[]}",[],[],[],[],,,"{""url"":""https://kwel.com/wp-content/uploads/2026/05/Mike-Gallagher.png"",""id"":486804,""extension"":""png"",""width"":300,""height"":200}",[],false,false,,,2026-05-21 22:45:14,2026-05-22 03:45:14,true,true,,,
2026-09-30T13:59:37Z,kwel.com,https://www.kwel.com/wp-json/tribe/events/v1/events,38,10027659,kwel.com?id=10027659,Hugh Hewitt,2027-02-24 23:00:00,2027-02-25 05:00:00,2027-02-25 02:00:00,2027-02-25 08:00:00,America/Chicago,false,false,publish,https://kwel.com/event/hugh-hewitt/2027-02-24/,,,,"{""currency_symbol"":""$"",""currency_code"":""USD"",""currency_position"":""prefix"",""values"":[]}",[],[],[],[],,,"{""url"":""https://kwel.com/wp-content/uploads/2026/05/Hugh-Hewitt.png"",""id"":486801,""extension"":""png"",""width"":300,""height"":200}",[],false,false,,,2026-05-21 23:21:01,2026-05-22 04:21:01,true,true,,,
2026-09-30T13:59:37Z,kwel.com,https://www.kwel.com/wp-json/tribe/events/v1/events,38,10071856,kwel.com?id=10071856,Larry Elder,2027-02-25 02:00:00,2027-02-25 08:00:00,2027-02-25 05:00:00,2027-02-25 11:00:00,America/Chicago,false,false,publish,https://kwel.com/event/larry-elder-2/2027-02-25/,,,,"{""currency_symbol"":""$"",""currency_code"":""USD"",""currency_position"":""prefix"",""values"":[]}",[],[],[],[],,,"{""url"":""https://kwel.com/wp-content/uploads/2026/05/Larry-Elder.png"",""id"":486802,""extension"":""png"",""width"":300,""height"":200}",[],false,false,,,2026-05-21 23:52:47,2026-05-22 04:52:47,true,true,,,
2026-09-30T13:59:37Z,kwel.com,https://www.kwel.com/wp-json/tribe/events/v1/events,38,10055098,kwel.com?id=10055098,America in the Morning,2027-02-25 05:00:00,2027-02-25 11:00:00,2027-02-25 06:00:00,2027-02-25 12:00:00,America/Chicago,false,false,publish,https://kwel.com/event/america-in-the-morning/2027-02-25/,,,,"{""currency_symbol"":""$"",""currency_code"":""USD"",""currency_position"":""prefix"",""values"":[]}",[],[],[],[],,,"{""url"":""https://kwel.com/wp-content/uploads/2026/05/America-in-the-Morning.png"",""id"":486797,""extension"":""png"",""width"":300,""height"":200}",[],false,false,,,2026-05-21 23:04:52,2026-05-22 04:04:52,true,true,,,
2026-09-30T13:59:37Z,kwel.com,https://www.kwel.com/wp-json/tribe/events/v1/events,38,10012046,kwel.com?id=10012046,The Morning Show with Craig Anderson &#038; Lisa Kay,2027-02-25 06:00:00,2027-02-25 12:00:00,2027-02-25 10:00:00,2027-02-25 16:00:00,America/Chicago,false,false,publish,https://kwel.com/event/the-morning-show-with-craig-anderson-2/2027-02-25/,,,,"{""currency_symbol"":""$"",""currency_code"":""USD"",""currency_position"":""prefix"",""values"":[]}",[],[],[],[],<p>Local and streaming live!</p>,,"{""url"":""https://kwel.com/wp-content/uploads/2026/05/Craig-and-Lisa-1.png"",""id"":486798,""extension"":""png"",""width"":300,""height"":200}",[],false,false,,,2026-05-21 23:18:43,2026-05-22 04:18:43,true,true,,,
2026-09-30T13:59:37Z,kwel.com,https://www.kwel.com/wp-json/tribe/events/v1/events,38,10059167,kwel.com?id=10059167,Mike Gallagher &#8211; AM,2027-02-25 10:00:00,2027-02-25 16:00:00,2027-02-25 11:00:00,2027-02-25 17:00:00,America/Chicago,false,false,publish,https://kwel.com/event/mike-gallagher-am-2/2027-02-25/,,,,"{""currency_symbol"":""$"",""currency_code"":""USD"",""currency_position"":""prefix"",""values"":[]}",[],[],[],[],,,"{""url"":""https://kwel.com/wp-content/uploads/2026/05/Mike-Gallagher.png"",""id"":486804,""extension"":""png"",""width"":300,""height"":200}",[],false,false,,,2026-05-21 22:43:18,2026-05-22 03:43:18,true,true,,,
2026-09-30T13:59:37Z,kwel.com,https://www.kwel.com/wp-json/tribe/events/v1/events,38,10075873,kwel.com?id=10075873,Alex Marlow,2027-02-25 11:00:00,2027-02-25 17:00:00,2027-02-25 12:00:00,2027-02-25 18:00:00,America/Chicago,false,false,publish,https://kwel.com/event/alex-marlow/2027-02-25/,,,,"{""currency_symbol"":""$"",""currency_code"":""USD"",""currency_position"":""prefix"",""values"":[]}",[],[],[],[],,,"{""url"":""https://kwel.com/wp-content/uploads/2026/05/Alex-Marlow.png"",""id"":486796,""extension"":""png"",""width"":300,""height"":200}",[],false,false,,,2026-05-21 23:33:23,2026-05-22 04:33:23,true,true,,,
2026-09-30T13:59:37Z,kwel.com,https://www.kwel.com/wp-json/tribe/events/v1/events,38,10077178,kwel.com?id=10077178,Scott Jennings Show,2027-02-25 12:00:00,2027-02-25 18:00:00,2027-02-25 13:00:00,2027-02-25 19:00:00,America/Chicago,false,false,publish,https://kwel.com/event/scott-jennings/2027-02-25/,,,,"{""currency_symbol"":""$"",""currency_code"":""USD"",""currency_position"":""prefix"",""values"":[]}",[],[],[],[],,,"{""url"":""https://kwel.com/wp-content/uploads/2026/05/Scott-Jennings.png"",""id"":486807,""extension"":""png"",""width"":300,""height"":200}",[],false,false,,,2026-05-21 23:37:53,2026-05-22 04:37:53,true,true,,,
2026-09-30T13:59:37Z,kwel.com,https://www.kwel.com/wp-json/tribe/events/v1/events,38,10064385,kwel.com?id=10064385,Dave Ramsey,2027-02-25 13:00:00,2027-02-25 19:00:00,2027-02-25 15:00:00,2027-02-25 21:00:00,America/Chicago,false,false,publish,https://kwel.com/event/dave-ramsey/2027-02-25/,,,,"{""currency_symbol"":""$"",""currency_code"":""USD"",""currency_position"":""prefix"",""values"":[]}",[],[],[],[],,,"{""url"":""https://kwel.com/wp-content/uploads/2026/05/Dave-Ramsey.png"",""id"":486800,""extension"":""png"",""width"":300,""height"":200}",[],false,false,,,2026-05-21 22:58:20,2026-05-22 03:58:20,true,true,,,
2026-09-30T13:59:37Z,kwel.com,https://www.kwel.com/wp-json/tribe/events/v1/events,38,10061775,kwel.com?id=10061775,Tall City Talk,2027-02-25 15:00:00,2027-02-25 21:00:00,2027-02-25 17:00:00,2027-02-25 23:00:00,America/Chicago,false,false,publish,https://kwel.com/event/patriot-call/2027-02-25/,,,,"{""currency_symbol"":""$"",""currency_code"":""USD"",""currency_position"":""prefix"",""values"":[]}",[],[],[],[],,,"{""url"":""https://kwel.com/wp-content/uploads/2026/06/Tall-City-Talk-image-1.png"",""id"":487032,""extension"":""png"",""width"":300,""height"":200}",[],false,false,,,2026-06-12 11:20:35,2026-06-12 16:20:35,true,true,,,
2026-09-30T13:59:37Z,kwel.com,https://www.kwel.com/wp-json/tribe/events/v1/events,38,10051543,kwel.com?id=10051543,Mark Levin,2027-02-25 17:00:00,2027-02-25 23:00:00,2027-02-25 20:00:00,2027-02-26 02:00:00,America/Chicago,false,false,publish,https://kwel.com/event/mark-levin-2/2027-02-25/,,,,"{""currency_symbol"":""$"",""currency_code"":""USD"",""currency_position"":""prefix"",""values"":[]}",[],[],[],[],,,"{""url"":""https://kwel.com/wp-content/uploads/2026/05/Mark-Levin.png"",""id"":486803,""extension"":""png"",""width"":300,""height"":200}",[],false,false,,,2026-05-21 23:20:02,2026-05-22 04:20:02,true,true,,,
2026-09-30T13:59:37Z,kwel.com,https://www.kwel.com/wp-json/tribe/events/v1/events,38,10079786,kwel.com?id=10079786,Scott Jennings Show &#8211; PM,2027-02-25 20:00:00,2027-02-26 02:00:00,2027-02-25 21:00:00,2027-02-26 03:00:00,America/Chicago,false,false,publish,https://kwel.com/event/scott-jennings-show-pm/2027-02-25/,,,,"{""currency_symbol"":""$"",""currency_code"":""USD"",""currency_position"":""prefix"",""values"":[]}",[],[],[],[],,,"{""url"":""https://kwel.com/wp-content/uploads/2026/05/Scott-Jennings.png"",""id"":486807,""extension"":""png"",""width"":300,""height"":200}",[],false,false,,,2026-05-21 23:38:26,2026-05-22 04:38:26,true,true,,,
2026-09-30T13:59:37Z,kwel.com,https://www.kwel.com/wp-json/tribe/events/v1/events,38,10065689,kwel.com?id=10065689,Mike Gallagher &#8211; PM,2027-02-25 21:00:00,2027-02-26 03:00:00,2027-02-25 23:00:00,2027-02-26 05:00:00,America/Chicago,false,false,publish,https://kwel.com/event/mike-gallagher-4-2/2027-02-25/,,,,"{""currency_symbol"":""$"",""currency_code"":""USD"",""currency_position"":""prefix"",""values"":[]}",[],[],[],[],,,"{""url"":""https://kwel.com/wp-content/uploads/2026/05/Mike-Gallagher.png"",""id"":486804,""extension"":""png"",""width"":300,""height"":200}",[],false,false,,,2026-05-21 22:45:14,2026-05-22 03:45:14,true,true,,,
2026-09-30T13:59:37Z,kwel.com,https://www.kwel.com/wp-json/tribe/events/v1/events,38,10027660,kwel.com?id=10027660,Hugh Hewitt,2027-02-25 23:00:00,2027-02-26 05:00:00,2027-02-26 02:00:00,2027-02-26 08:00:00,America/Chicago,false,false,publish,https://kwel.com/event/hugh-hewitt/2027-02-25/,,,,"{""currency_symbol"":""$"",""currency_code"":""USD"",""currency_position"":""prefix"",""values"":[]}",[],[],[],[],,,"{""url"":""https://kwel.com/wp-content/uploads/2026/05/Hugh-Hewitt.png"",""id"":486801,""extension"":""png"",""width"":300,""height"":200}",[],false,false,,,2026-05-21 23:21:01,2026-05-22 04:21:01,true,true,,,
2026-09-30T13:59:37Z,kwel.com,https://www.kwel.com/wp-json/tribe/events/v1/events,38,10071857,kwel.com?id=10071857,Larry Elder,2027-02-26 02:00:00,2027-02-26 08:00:00,2027-02-26 05:00:00,2027-02-26 11:00:00,America/Chicago,false,false,publish,https://kwel.com/event/larry-elder-2/2027-02-26/,,,,"{""currency_symbol"":""$"",""currency_code"":""USD"",""currency_position"":""prefix"",""values"":[]}",[],[],[],[],,,"{""url"":""https://kwel.com/wp-content/uploads/2026/05/Larry-Elder.png"",""id"":486802,""extension"":""png"",""width"":300,""height"":200}",[],false,false,,,2026-05-21 23:52:47,2026-05-22 04:52:47,true,true,,,
2026-09-30T13:59:37Z,kwel.com,https://www.kwel.com/wp-json/tribe/events/v1/events,38,10055099,kwel.com?id=10055099,America in the Morning,2027-02-26 05:00:00,2027-02-26 11:00:00,2027-02-26 06:00:00,2027-02-26 12:00:00,America/Chicago,false,false,publish,https://kwel.com/event/america-in-the-morning/2027-02-26/,,,,"{""currency_symbol"":""$"",""currency_code"":""USD"",""currency_position"":""prefix"",""values"":[]}",[],[],[],[],,,"{""url"":""https://kwel.com/wp-content/uploads/2026/05/America-in-the-Morning.png"",""id"":486797,""extension"":""png"",""width"":300,""height"":200}",[],false,false,,,2026-05-21 23:04:52,2026-05-22 04:04:52,true,true,,,
2026-09-30T13:59:37Z,kwel.com,https://www.kwel.com/wp-json/tribe/events/v1/events,38,10012047,kwel.com?id=10012047,The Morning Show with Craig Anderson &#038; Lisa Kay,2027-02-26 06:00:00,2027-02-26 12:00:00,2027-02-26 10:00:00,2027-02-26 16:00:00,America/Chicago,false,false,publish,https://kwel.com/event/the-morning-show-with-craig-anderson-2/2027-02-26/,,,,"{""currency_symbol"":""$"",""currency_code"":""USD"",""currency_position"":""prefix"",""values"":[]}",[],[],[],[],<p>Local and streaming live!</p>,,"{""url"":""https://kwel.com/wp-content/uploads/2026/05/Craig-and-Lisa-1.png"",""id"":486798,""extension"":""png"",""width"":300,""height"":200}",[],false,false,,,2026-05-21 23:18:43,2026-05-22 04:18:43,true,true,,,
2026-09-30T13:59:37Z,kwel.com,https://www.kwel.com/wp-json/tribe/events/v1/events,38,10059168,kwel.com?id=10059168,Mike Gallagher &#8211; AM,2027-02-26 10:00:00,2027-02-26 16:00:00,2027-02-26 11:00:00,2027-02-26 17:00:00,America/Chicago,false,false,publish,https://kwel.com/event/mike-gallagher-am-2/2027-02-26/,,,,"{""currency_symbol"":""$"",""currency_code"":""USD"",""currency_position"":""prefix"",""values"":[]}",[],[],[],[],,,"{""url"":""https://kwel.com/wp-content/uploads/2026/05/Mike-Gallagher.png"",""id"":486804,""extension"":""png"",""width"":300,""height"":200}",[],false,false,,,2026-05-21 22:43:18,2026-05-22 03:43:18,true,true,,,
2026-09-30T13:59:37Z,kwel.com,https://www.kwel.com/wp-json/tribe/events/v1/events,38,10075874,kwel.com?id=10075874,Alex Marlow,2027-02-26 11:00:00,2027-02-26 17:00:00,2027-02-26 12:00:00,2027-02-26 18:00:00,America/Chicago,false,false,publish,https://kwel.com/event/alex-marlow/2027-02-26/,,,,"{""currency_symbol"":""$"",""currency_code"":""USD"",""currency_position"":""prefix"",""values"":[]}",[],[],[],[],,,"{""url"":""https://kwel.com/wp-content/uploads/2026/05/Alex-Marlow.png"",""id"":486796,""extension"":""png"",""width"":300,""height"":200}",[],false,false,,,2026-05-21 23:33:23,2026-05-22 04:33:23,true,true,,,
2026-09-30T13:59:37Z,kwel.com,https://www.kwel.com/wp-json/tribe/events/v1/events,38,10077179,kwel.com?id=10077179,Scott Jennings Show,2027-02-26 12:00:00,2027-02-26 18:00:00,2027-02-26 13:00:00,2027-02-26 19:00:00,America/Chicago,false,false,publish,https://kwel.com/event/scott-jennings/2027-02-26/,,,,"{""currency_symbol"":""$"",""currency_code"":""USD"",""currency_position"":""prefix"",""values"":[]}",[],[],[],[],,,"{""url"":""https://kwel.com/wp-content/uploads/2026/05/Scott-Jennings.png"",""id"":486807,""extension"":""png"",""width"":300,""height"":200}",[],false,false,,,2026-05-21 23:37:53,2026-05-22 04:37:53,true,true,,,
2026-09-30T13:59:37Z,kwel.com,https://www.kwel.com/wp-json/tribe/events/v1/events,38,10064386,kwel.com?id=10064386,Dave Ramsey,2027-02-26 13:00:00,2027-02-26 19:00:00,2027-02-26 15:00:00,2027-02-26 21:00:00,America/Chicago,false,false,publish,https://kwel.com/event/dave-ramsey/2027-02-26/,,,,"{""currency_symbol"":""$"",""currency_code"":""USD"",""currency_position"":""prefix"",""values"":[]}",[],[],[],[],,,"{""url"":""https://kwel.com/wp-content/uploads/2026/05/Dave-Ramsey.png"",""id"":486800,""extension"":""png"",""width"":300,""height"":200}",[],false,false,,,2026-05-21 22:58:20,2026-05-22 03:58:20,true,true,,,
2026-09-30T13:59:37Z,kwel.com,https://www.kwel.com/wp-json/tribe/events/v1/events,38,10061776,kwel.com?id=10061776,Tall City Talk,2027-02-26 15:00:00,2027-02-26 21:00:00,2027-02-26 17:00:00,2027-02-26 23:00:00,America/Chicago,false,false,publish,https://kwel.com/event/patriot-call/2027-02-26/,,,,"{""currency_symbol"":""$"",""currency_code"":""USD"",""currency_position"":""prefix"",""values"":[]}",[],[],[],[],,,"{""url"":""https://kwel.com/wp-content/uploads/2026/06/Tall-City-Talk-image-1.png"",""id"":487032,""extension"":""png"",""width"":300,""height"":200}",[],false,false,,,2026-06-12 11:20:35,2026-06-12 16:20:35,true,true,,,
2026-09-30T13:59:37Z,kwel.com,https://www.kwel.com/wp-json/tribe/events/v1/events,38,10051544,kwel.com?id=10051544,Mark Levin,2027-02-26 17:00:00,2027-02-26 23:00:00,2027-02-26 20:00:00,2027-02-27 02:00:00,America/Chicago,false,false,publish,https://kwel.com/event/mark-levin-2/2027-02-26/,,,,"{""currency_symbol"":""$"",""currency_code"":""USD"",""currency_position"":""prefix"",""values"":[]}",[],[],[],[],,,"{""url"":""https://kwel.com/wp-content/uploads/2026/05/Mark-Levin.png"",""id"":486803,""extension"":""png"",""width"":300,""height"":200}",[],false,false,,,2026-05-21 23:20:02,2026-05-22 04:20:02,true,true,,,
2026-09-30T13:59:37Z,kwel.com,https://www.kwel.com/wp-json/tribe/events/v1/events,38,10079787,kwel.com?id=10079787,Scott Jennings Show &#8211; PM,2027-02-26 20:00:00,2027-02-27 02:00:00,2027-02-26 21:00:00,2027-02-27 03:00:00,America/Chicago,false,false,publish,https://kwel.com/event/scott-jennings-show-pm/2027-02-26/,,,,"{""currency_symbol"":""$"",""currency_code"":""USD"",""currency_position"":""prefix"",""values"":[]}",[],[],[],[],,,"{""url"":""https://kwel.com/wp-content/uploads/2026/05/Scott-Jennings.png"",""id"":486807,""extension"":""png"",""width"":300,""height"":200}",[],false,false,,,2026-05-21 23:38:26,2026-05-22 04:38:26,true,true,,,
2026-09-30T13:59:37Z,kwel.com,https://www.kwel.com/wp-json/tribe/events/v1/events,38,10065690,kwel.com?id=10065690,Mike Gallagher &#8211; PM,2027-02-26 21:00:00,2027-02-27 03:00:00,2027-02-26 23:00:00,2027-02-27 05:00:00,America/Chicago,false,false,publish,https://kwel.com/event/mike-gallagher-4-2/2027-02-26/,,,,"{""currency_symbol"":""$"",""currency_code"":""USD"",""currency_position"":""prefix"",""values"":[]}",[],[],[],[],,,"{""url"":""https://kwel.com/wp-content/uploads/2026/05/Mike-Gallagher.png"",""id"":486804,""extension"":""png"",""width"":300,""height"":200}",[],false,false,,,2026-05-21 22:45:14,2026-05-22 03:45:14,true,true,,,
2026-09-30T13:59:37Z,kwel.com,https://www.kwel.com/wp-json/tribe/events/v1/events,38,10027661,kwel.com?id=10027661,Hugh Hewitt,2027-02-26 23:00:00,2027-02-27 05:00:00,2027-02-27 02:00:00,2027-02-27 08:00:00,America/Chicago,false,false,publish,https://kwel.com/event/hugh-hewitt/2027-02-26/,,,,"{""currency_symbol"":""$"",""currency_code"":""USD"",""currency_position"":""prefix"",""values"":[]}",[],[],[],[],,,"{""url"":""https://kwel.com/wp-content/uploads/2026/05/Hugh-Hewitt.png"",""id"":486801,""extension"":""png"",""width"":300,""height"":200}",[],false,false,,,2026-05-21 23:21:01,2026-05-22 04:21:01,true,true,,,
2026-09-30T13:59:37Z,kwel.com,https://www.kwel.com/wp-json/tribe/events/v1/events,38,10071437,kwel.com?id=10071437,America in the Morning &#8211; Sat.,2027-02-27 06:00:00,2027-02-27 12:00:00,2027-02-27 06:30:00,2027-02-27 12:30:00,America/Chicago,false,false,publish,https://kwel.com/event/america-in-the-morning-sat/2027-02-27/,,,,"{""currency_symbol"":""$"",""currency_code"":""USD"",""currency_position"":""prefix"",""values"":[]}",[],[],[],[],,,"{""url"":""https://kwel.com/wp-content/uploads/2026/05/America-in-the-Morning.png"",""id"":486797,""extension"":""png"",""width"":300,""height"":200}",[],false,false,,,2026-05-21 23:04:09,2026-05-22 04:04:09,true,true,,,
2026-09-30T13:59:37Z,kwel.com,https://www.kwel.com/wp-json/tribe/events/v1/events,38,10081616,kwel.com?id=10081616,Oldies Music Show,2027-02-27 06:30:00,2027-02-27 12:30:00,2027-02-27 09:00:00,2027-02-27 15:00:00,America/Chicago,false,false,publish,https://kwel.com/event/oldies-music-show/2027-02-27/,,,,"{""currency_symbol"":""$"",""currency_code"":""USD"",""currency_position"":""prefix"",""values"":[]}",[],[],[],[],,,false,[],false,false,,,2026-05-21 23:46:45,2026-05-22 04:46:45,true,true,,,
2026-09-30T13:59:37Z,kwel.com,https://www.kwel.com/wp-json/tribe/events/v1/events,38,10081355,kwel.com?id=10081355,The Oil Mix Show w/ Kym Balado,2027-02-27 09:00:00,2027-02-27 15:00:00,2027-02-27 10:00:00,2027-02-27 16:00:00,America/Chicago,false,false,publish,https://kwel.com/event/inside-the-oil-patch-with-kim-balado/2027-02-27/,,,,"{""currency_symbol"":""$"",""currency_code"":""USD"",""currency_position"":""prefix"",""values"":[]}",[],[],[],[],,,false,[],false,false,,,2026-05-21 23:45:16,2026-05-22 04:45:16,true,true,,,
2026-09-30T13:59:37Z,kwel.com,https://www.kwel.com/wp-json/tribe/events/v1/events,38,10083204,kwel.com?id=10083204,Hoyl Financial,2027-02-27 10:00:00,2027-02-27 16:00:00,2027-02-27 10:30:00,2027-02-27 16:30:00,America/Chicago,false,false,publish,https://kwel.com/event/hoyl-financial/2027-02-27/,,,,"{""currency_symbol"":""$"",""currency_code"":""USD"",""currency_position"":""prefix"",""values"":[]}",[],[],[],[],,,false,[],false,false,,,2026-05-22 00:04:04,2026-05-22 05:04:04,true,true,,,
2026-09-30T13:59:37Z,kwel.com,https://www.kwel.com/wp-json/tribe/events/v1/events,38,10036168,kwel.com?id=10036168,Dr. Bob Martin,2027-02-27 11:00:00,2027-02-27 17:00:00,2027-02-27 13:00:00,2027-02-27 19:00:00,America/Chicago,false,false,publish,https://kwel.com/event/dr-bob-martin/2027-02-27/,,,,"{""currency_symbol"":""$"",""currency_code"":""USD"",""currency_position"":""prefix"",""values"":[]}",[],[],[],[],<p>Presented by Natural Foods Market</p>,,"{""url"":""https://kwel.com/wp-content/uploads/2024/12/Dr.-Bob-Martin.png"",""id"":486828,""extension"":""png"",""width"":300,""height"":200}",[],false,false,,,2026-05-21 23:23:52,2026-05-22 04:23:52,true,true,,,
2026-09-30T13:59:37Z,kwel.com,https://www.kwel.com/wp-json/tribe/events/v1/events,38,10082943,kwel.com?id=10082943,Body Talk with Dr. Bill Dodson,2027-02-27 13:00:00,2027-02-27 19:00:00,2027-02-27 15:00:00,2027-02-27 21:00:00,America/Chicago,false,false,publish,https://kwel.com/event/body-talk-with-dr-bill-dodson/2027-02-27/,,,,"{""currency_symbol"":""$"",""currency_code"":""USD"",""currency_position"":""prefix"",""values"":[]}",[],[],[],[],<p>Paradigm Physical Therapy &#8211; LIVE AND LOCAL</p>,,"{""url"":""https://kwel.com/wp-content/uploads/2024/12/Bill-Dodson.png"",""id"":486852,""extension"":""png"",""width"":300,""height"":200}",[],false,false,,,2026-05-22 00:01:52,2026-05-22 05:01:52,true,true,,,
2026-09-30T13:59:37Z,kwel.com,https://www.kwel.com/wp-json/tribe/events/v1/events,38,10083726,kwel.com?id=10083726,The CC Auto Show,2027-02-27 15:00:00,2027-02-27 21:00:00,2027-02-27 17:00:00,2027-02-27 23:00:00,America/Chicago,false,false,publish,https://kwel.com/event/the-best-of-hoss-duggar/2027-02-27/,,,,"{""currency_symbol"":""$"",""currency_code"":""USD"",""currency_position"":""prefix"",""values"":[]}",[],[],[],[],,,false,[],false,false,,,2026-05-22 00:06:03,2026-05-22 05:06:03,true,true,,,
2026-09-30T13:59:37Z,kwel.com,https://www.kwel.com/wp-json/tribe/events/v1/events,38,10083987,kwel.com?id=10083987,The Pet Show,2027-02-27 17:00:00,2027-02-27 23:00:00,2027-02-27 19:00:00,2027-02-28 01:00:00,America/Chicago,false,false,publish,https://kwel.com/event/the-pet-show/2027-02-27/,,,,"{""currency_symbol"":""$"",""currency_code"":""USD"",""currency_position"":""prefix"",""values"":[]}",[],[],[],[],,,false,[],false,false,,,2026-05-22 00:07:14,2026-05-22 05:07:14,true,true,,,
2026-09-30T13:59:37Z,kwel.com,https://www.kwel.com/wp-json/tribe/events/v1/events,38,10084248,kwel.com?id=10084248,The Best of Hoss Duggar &#8211; PM,2027-02-27 19:00:00,2027-02-28 01:00:00,2027-02-27 19:30:00,2027-02-28 01:30:00,America/Chicago,false,false,publish,https://kwel.com/event/the-best-of-hoss-duggar-pm/2027-02-27/,,,,"{""currency_symbol"":""$"",""currency_code"":""USD"",""currency_position"":""prefix"",""values"":[]}",[],[],[],[],,,false,[],false,false,,,2026-05-22 00:08:01,2026-05-22 05:08:01,true,true,,,
2026-09-30T13:59:37Z,kwel.com,https://www.kwel.com/wp-json/tribe/events/v1/events,38,10084509,kwel.com?id=10084509,The Best of Keith Stretcher &#8211; Sat.,2027-02-27 19:30:00,2027-02-28 01:30:00,2027-02-27 20:00:00,2027-02-28 02:00:00,America/Chicago,false,false,publish,https://kwel.com/event/the-best-of-keith-stretcher-sat/2027-02-27/,,,,"{""currency_symbol"":""$"",""currency_code"":""USD"",""currency_position"":""prefix"",""values"":[]}",[],[],[],[],,,false,[],false,false,,,2026-05-22 00:09:06,2026-05-22 05:09:06,true,true,,,
2026-09-30T13:59:37Z,kwel.com,https://www.kwel.com/wp-json/tribe/events/v1/events,38,10086858,kwel.com?id=10086858,Rick Valdez,2027-02-27 20:00:00,2027-02-28 02:00:00,2027-02-28 00:00:00,2027-02-28 06:00:00,America/Chicago,false,false,publish,https://kwel.com/event/rick-valdez/2027-02-27/,,,,"{""currency_symbol"":""$"",""currency_code"":""USD"",""currency_position"":""prefix"",""values"":[]}",[],[],[],[],,,false,[],false,false,,,2026-05-22 00:25:00,2026-05-22 05:25:00,true,true,,,
2026-09-30T13:59:37Z,kwel.com,https://www.kwel.com/wp-json/tribe/events/v1/events,38,10087119,kwel.com?id=10087119,Kevin McCullough,2027-02-28 00:00:00,2027-02-28 06:00:00,2027-02-28 03:00:00,2027-02-28 09:00:00,America/Chicago,false,false,publish,https://kwel.com/event/kevin-mccullough/2027-02-28/,,,,"{""currency_symbol"":""$"",""currency_code"":""USD"",""currency_position"":""prefix"",""values"":[]}",[],[],[],[],,,false,[],false,false,,,2026-05-29 20:04:05,2026-05-30 01:04:05,true,true,,,
2026-09-30T13:59:37Z,kwel.com,https://www.kwel.com/wp-json/tribe/events/v1/events,38,10066833,kwel.com?id=10066833,Mike Gallagher &#8211; Sunday,2027-02-28 03:00:00,2027-02-28 09:00:00,2027-02-28 06:00:00,2027-02-28 12:00:00,America/Chicago,false,false,publish,https://kwel.com/event/mike-gallagher-4-3/2027-02-28/,,,,"{""currency_symbol"":""$"",""currency_code"":""USD"",""currency_position"":""prefix"",""values"":[]}",[],[],[],[],,,"{""url"":""https://kwel.com/wp-content/uploads/2026/05/Mike-Gallagher.png"",""id"":486804,""extension"":""png"",""width"":300,""height"":200}",[],false,false,,,2026-05-21 22:51:50,2026-05-22 03:51:50,true,true,,,
2026-09-30T13:59:37Z,kwel.com,https://www.kwel.com/wp-json/tribe/events/v1/events,38,10084770,kwel.com?id=10084770,The Best of Keith Stretcher &#8211; Sun.,2027-02-28 06:30:00,2027-02-28 12:30:00,2027-02-28 07:00:00,2027-02-28 13:00:00,America/Chicago,false,false,publish,https://kwel.com/event/the-best-of-keith-stretcher-sun/2027-02-28/,,,,"{""currency_symbol"":""$"",""currency_code"":""USD"",""currency_position"":""prefix"",""values"":[]}",[],[],[],[],,,false,[],false,false,,,2026-05-22 00:10:38,2026-05-22 05:10:38,true,true,,,
2026-09-30T13:59:37Z,kwel.com,https://www.kwel.com/wp-json/tribe/events/v1/events,38,10085031,kwel.com?id=10085031,Wall Builders &#8211; 7am,2027-02-28 07:00:00,2027-02-28 13:00:00,2027-02-28 07:30:00,2027-02-28 13:30:00,America/Chicago,false,false,publish,https://kwel.com/event/wall-builders-7am/2027-02-28/,,,,"{""currency_symbol"":""$"",""currency_code"":""USD"",""currency_position"":""prefix"",""values"":[]}",[],[],[],[],,,"{""url"":""https://kwel.com/wp-content/uploads/2026/05/Wall-Builders.png"",""id"":486877,""extension"":""png"",""width"":300,""height"":200}",[],false,false,,,2026-05-22 00:15:13,2026-05-22 05:15:13,true,true,,,
2026-09-30T13:59:37Z,kwel.com,https://www.kwel.com/wp-json/tribe/events/v1/events,38,10031788,kwel.com?id=10031788,Lutheran Hour &#8211; Family Shield- Sponsored by Grace Lutheran and Holy Cross Lutheran,2027-02-28 07:30:00,2027-02-28 13:30:00,2027-02-28 08:30:00,2027-02-28 14:30:00,America/Chicago,false,false,publish,https://kwel.com/event/lutheran-hour-family-shield-sponsored-by-grace-lutheran-and-holy-cross-lutheran/2027-02-28/,,,,"{""currency_symbol"":""$"",""currency_code"":""USD"",""currency_position"":""prefix"",""values"":[]}",[],[],[],[],,,false,[],false,false,,,2026-05-21 23:59:20,2026-05-22 04:59:20,true,true,,,
2026-09-30T13:59:37Z,kwel.com,https://www.kwel.com/wp-json/tribe/events/v1/events,39,10085292,kwel.com?id=10085292,Wall Builders &#8211; 8am,2027-02-28 08:00:00,2027-02-28 14:00:00,2027-02-28 08:30:00,2027-02-28 14:30:00,America/Chicago,false,false,publish,https://kwel.com/event/wall-builders-8am/2027-02-28/,,,,"{""currency_symbol"":""$"",""currency_code"":""USD"",""currency_position"":""prefix"",""values"":[]}",[],[],[],[],,,"{""url"":""https://kwel.com/wp-content/uploads/2026/05/Wall-Builders.png"",""id"":486877,""extension"":""png"",""width"":300,""height"":200}",[],false,false,,,2026-05-22 00:16:04,2026-05-22 05:16:04,true,true,,,
2026-09-30T13:59:37Z,kwel.com,https://www.kwel.com/wp-json/tribe/events/v1/events,39,10031153,kwel.com?id=10031153,Family Gospel Music Hour w/ Warren Bell,2027-02-28 08:30:00,2027-02-28 14:30:00,2027-02-28 09:30:00,2027-02-28 15:30:00,America/Chicago,false,false,publish,https://kwel.com/event/family-gospel-music-hour-sponsored-by-warren-bell/2027-02-28/,,,,"{""currency_symbol"":""$"",""currency_code"":""USD"",""currency_position"":""prefix"",""values"":[]}",[],[],[],[],,,false,[],false,false,,,2026-05-21 23:48:07,2026-05-22 04:48:07,true,true,,,
2026-09-30T13:59:37Z,kwel.com,https://www.kwel.com/wp-json/tribe/events/v1/events,39,10085814,kwel.com?id=10085814,ReNew Your Mind w. RC Sproul,2027-02-28 09:30:00,2027-02-28 15:30:00,2027-02-28 10:00:00,2027-02-28 16:00:00,America/Chicago,false,false,publish,https://kwel.com/event/renew-your-mind-w-rc-sproul/2027-02-28/,,,,"{""currency_symbol"":""$"",""currency_code"":""USD"",""currency_position"":""prefix"",""values"":[]}",[],[],[],[],,,false,[],false,false,,,2026-05-22 00:19:04,2026-05-22 05:19:04,true,true,,,
2026-09-30T13:59:37Z,kwel.com,https://www.kwel.com/wp-json/tribe/events/v1/events,39,10030158,kwel.com?id=10030158,Save the Cowboy,2027-02-28 10:00:00,2027-02-28 16:00:00,2027-02-28 10:30:00,2027-02-28 16:30:00,America/Chicago,false,false,publish,https://kwel.com/event/save-the-cowboy-sponsored-by-western-llc-2/2027-02-28/,,,,"{""currency_symbol"":""$"",""currency_code"":""USD"",""currency_position"":""prefix"",""values"":[]}",[],[],[],[],,,false,[],false,false,,,2026-05-21 23:58:20,2026-05-22 04:58:20,true,true,,,
2026-09-30T13:59:37Z,kwel.com,https://www.kwel.com/wp-json/tribe/events/v1/events,39,10029523,kwel.com?id=10029523,Kelview Heights Baptist Church,2027-02-28 10:30:00,2027-02-28 16:30:00,2027-02-28 11:00:00,2027-02-28 17:00:00,America/Chicago,false,false,publish,https://kwel.com/event/kelview-heights-baptist-church/2027-02-28/,,,,"{""currency_symbol"":""$"",""currency_code"":""USD"",""currency_position"":""prefix"",""values"":[]}",[],[],[],[],,,false,[],false,false,,,2026-05-21 23:57:15,2026-05-22 04:57:15,true,true,,,
2026-09-30T13:59:37Z,kwel.com,https://www.kwel.com/wp-json/tribe/events/v1/events,39,10086075,kwel.com?id=10086075,Through the Bible,2027-02-28 11:00:00,2027-02-28 17:00:00,2027-02-28 12:00:00,2027-02-28 18:00:00,America/Chicago,false,false,publish,https://kwel.com/event/through-the-bible/2027-02-28/,,,,"{""currency_symbol"":""$"",""currency_code"":""USD"",""currency_position"":""prefix"",""values"":[]}",[],[],[],[],,,false,[],false,false,,,2026-05-22 00:19:43,2026-05-22 05:19:43,true,true,,,
2026-09-30T13:59:37Z,kwel.com,https://www.kwel.com/wp-json/tribe/events/v1/events,39,10086336,kwel.com?id=10086336,The One of a Kind Financial Show w/ Mike,2027-02-28 12:00:00,2027-02-28 18:00:00,2027-02-28 13:00:00,2027-02-28 19:00:00,America/Chicago,false,false,publish,https://kwel.com/event/kline-marketing-financial-show/2027-02-28/,,,,"{""currency_symbol"":""$"",""currency_code"":""USD"",""currency_position"":""prefix"",""values"":[]}",[],[],[],[],"<p><span data-olk-copy-source=""MessageBody"">The One of a Kind Financial Show with Mike Milligan, CFP delivers story-first financial wisdom—covering taxes, retirement income, investments, long-term care, and legacy—empowering listeners to build a truly one-of-a-kind financial plan.</span></p>",,"{""url"":""https://kwel.com/wp-content/uploads/2026/05/One-of-a-kind-financial-show.png"",""id"":486911,""extension"":""png"",""width"":300,""height"":200}",[],false,false,,,2026-05-29 20:02:25,2026-05-30 01:02:25,true,true,,,
2026-09-30T13:59:37Z,kwel.com,https://www.kwel.com/wp-json/tribe/events/v1/events,39,10085553,kwel.com?id=10085553,Wall Builders &#8211; 1pm,2027-02-28 13:00:00,2027-02-28 19:00:00,2027-02-28 14:00:00,2027-02-28 20:00:00,America/Chicago,false,false,publish,https://kwel.com/event/wall-builders-1pm/2027-02-28/,,,,"{""currency_symbol"":""$"",""currency_code"":""USD"",""currency_position"":""prefix"",""values"":[]}",[],[],[],[],,,"{""url"":""https://kwel.com/wp-content/uploads/2026/05/Wall-Builders.png"",""id"":486877,""extension"":""png"",""width"":300,""height"":200}",[],false,false,,,2026-05-22 00:17:07,2026-05-22 05:17:07,true,true,,,
2026-09-30T13:59:37Z,kwel.com,https://www.kwel.com/wp-json/tribe/events/v1/events,39,10081948,kwel.com?id=10081948,Gun Talk,2027-02-28 14:00:00,2027-02-28 20:00:00,2027-02-28 17:00:00,2027-02-28 23:00:00,America/Chicago,false,false,publish,https://kwel.com/event/gun-talk-2/2027-02-28/,,,,"{""currency_symbol"":""$"",""currency_code"":""USD"",""currency_position"":""prefix"",""values"":[]}",[],[],[],[],,,false,[],false,false,,,2026-05-21 23:51:02,2026-05-22 04:51:02,true,true,,,
2026-09-30T13:59:37Z,kwel.com,https://www.kwel.com/wp-json/tribe/events/v1/events,39,10074305,kwel.com?id=10074305,Larry Elder &#8211; Sunday,2027-02-28 17:00:00,2027-02-28 23:00:00,2027-02-28 19:00:00,2027-03-01 01:00:00,America/Chicago,false,false,publish,https://kwel.com/event/larry-elder-sunday/2027-02-28/,,,,"{""currency_symbol"":""$"",""currency_code"":""USD"",""currency_position"":""prefix"",""values"":[]}",[],[],[],[],,,"{""url"":""https://kwel.com/wp-content/uploads/2026/05/Larry-Elder.png"",""id"":486802,""extension"":""png"",""width"":300,""height"":200}",[],false,false,,,2026-05-21 23:10:20,2026-05-22 04:10:20,true,true,,,
2026-09-30T13:59:37Z,kwel.com,https://www.kwel.com/wp-json/tribe/events/v1/events,39,10041691,kwel.com?id=10041691,Armed American Radio,2027-02-28 19:00:00,2027-03-01 01:00:00,2027-02-28 22:00:00,2027-03-01 04:00:00,America/Chicago,false,false,publish,https://kwel.com/event/armed-american-radio/2027-02-28/,,,,"{""currency_symbol"":""$"",""currency_code"":""USD"",""currency_position"":""prefix"",""values"":[]}",[],[],[],[],,,false,[],false,false,,,2026-05-21 23:55:59,2026-05-22 04:55:59,true,true,,,
2026-09-30T13:59:37Z,kwel.com,https://www.kwel.com/wp-json/tribe/events/v1/events,39,10086597,kwel.com?id=10086597,Wall Builders &#8211; 10pm,2027-02-28 22:00:00,2027-03-01 04:00:00,2027-03-01 00:00:00,2027-03-01 06:00:00,America/Chicago,false,false,publish,https://kwel.com/event/wall-builders-10pm/2027-02-28/,,,,"{""currency_symbol"":""$"",""currency_code"":""USD"",""currency_position"":""prefix"",""values"":[]}",[],[],[],[],,,"{""url"":""https://kwel.com/wp-content/uploads/2026/05/Wall-Builders.png"",""id"":486877,""extension"":""png"",""width"":300,""height"":200}",[],false,false,,,2026-05-22 00:22:52,2026-05-22 05:22:52,true,true,,,
2026-09-30T13:59:37Z,kwel.com,https://www.kwel.com/wp-json/tribe/events/v1/events,39,10071858,kwel.com?id=10071858,Larry Elder,2027-03-01 02:00:00,2027-03-01 08:00:00,2027-03-01 05:00:00,2027-03-01 11:00:00,America/Chicago,false,false,publish,https://kwel.com/event/larry-elder-2/2027-03-01/,,,,"{""currency_symbol"":""$"",""currency_code"":""USD"",""currency_position"":""prefix"",""values"":[]}",[],[],[],[],,,"{""url"":""https://kwel.com/wp-content/uploads/2026/05/Larry-Elder.png"",""id"":486802,""extension"":""png"",""width"":300,""height"":200}",[],false,false,,,2026-05-21 23:52:47,2026-05-22 04:52:47,true,true,,,
2026-09-30T13:59:37Z,kwel.com,https://www.kwel.com/wp-json/tribe/events/v1/events,39,10055101,kwel.com?id=10055101,America in the Morning,2027-03-01 05:00:00,2027-03-01 11:00:00,2027-03-01 06:00:00,2027-03-01 12:00:00,America/Chicago,false,false,publish,https://kwel.com/event/america-in-the-morning/2027-03-01/,,,,"{""currency_symbol"":""$"",""currency_code"":""USD"",""currency_position"":""prefix"",""values"":[]}",[],[],[],[],,,"{""url"":""https://kwel.com/wp-content/uploads/2026/05/America-in-the-Morning.png"",""id"":486797,""extension"":""png"",""width"":300,""height"":200}",[],false,false,,,2026-05-21 23:04:52,2026-05-22 04:04:52,true,true,,,
2026-09-30T13:59:37Z,kwel.com,https://www.kwel.com/wp-json/tribe/events/v1/events,39,10012048,kwel.com?id=10012048,The Morning Show with Craig Anderson &#038; Lisa Kay,2027-03-01 06:00:00,2027-03-01 12:00:00,2027-03-01 10:00:00,2027-03-01 16:00:00,America/Chicago,false,false,publish,https://kwel.com/event/the-morning-show-with-craig-anderson-2/2027-03-01/,,,,"{""currency_symbol"":""$"",""currency_code"":""USD"",""currency_position"":""prefix"",""values"":[]}",[],[],[],[],<p>Local and streaming live!</p>,,"{""url"":""https://kwel.com/wp-content/uploads/2026/05/Craig-and-Lisa-1.png"",""id"":486798,""extension"":""png"",""width"":300,""height"":200}",[],false,false,,,2026-05-21 23:18:43,2026-05-22 04:18:43,true,true,,,
2026-09-30T13:59:37Z,kwel.com,https://www.kwel.com/wp-json/tribe/events/v1/events,39,10059169,kwel.com?id=10059169,Mike Gallagher &#8211; AM,2027-03-01 10:00:00,2027-03-01 16:00:00,2027-03-01 11:00:00,2027-03-01 17:00:00,America/Chicago,false,false,publish,https://kwel.com/event/mike-gallagher-am-2/2027-03-01/,,,,"{""currency_symbol"":""$"",""currency_code"":""USD"",""currency_position"":""prefix"",""values"":[]}",[],[],[],[],,,"{""url"":""https://kwel.com/wp-content/uploads/2026/05/Mike-Gallagher.png"",""id"":486804,""extension"":""png"",""width"":300,""height"":200}",[],false,false,,,2026-05-21 22:43:18,2026-05-22 03:43:18,true,true,,,
2026-09-30T13:59:37Z,kwel.com,https://www.kwel.com/wp-json/tribe/events/v1/events,39,10075875,kwel.com?id=10075875,Alex Marlow,2027-03-01 11:00:00,2027-03-01 17:00:00,2027-03-01 12:00:00,2027-03-01 18:00:00,America/Chicago,false,false,publish,https://kwel.com/event/alex-marlow/2027-03-01/,,,,"{""currency_symbol"":""$"",""currency_code"":""USD"",""currency_position"":""prefix"",""values"":[]}",[],[],[],[],,,"{""url"":""https://kwel.com/wp-content/uploads/2026/05/Alex-Marlow.png"",""id"":486796,""extension"":""png"",""width"":300,""height"":200}",[],false,false,,,2026-05-21 23:33:23,2026-05-22 04:33:23,true,true,,,
2026-09-30T13:59:37Z,kwel.com,https://www.kwel.com/wp-json/tribe/events/v1/events,39,10077180,kwel.com?id=10077180,Scott Jennings Show,2027-03-01 12:00:00,2027-03-01 18:00:00,2027-03-01 13:00:00,2027-03-01 19:00:00,America/Chicago,false,false,publish,https://kwel.com/event/scott-jennings/2027-03-01/,,,,"{""currency_symbol"":""$"",""currency_code"":""USD"",""currency_position"":""prefix"",""values"":[]}",[],[],[],[],,,"{""url"":""https://kwel.com/wp-content/uploads/2026/05/Scott-Jennings.png"",""id"":486807,""extension"":""png"",""width"":300,""height"":200}",[],false,false,,,2026-05-21 23:37:53,2026-05-22 04:37:53,true,true,,,
2026-09-30T13:59:37Z,kwel.com,https://www.kwel.com/wp-json/tribe/events/v1/events,39,10064387,kwel.com?id=10064387,Dave Ramsey,2027-03-01 13:00:00,2027-03-01 19:00:00,2027-03-01 15:00:00,2027-03-01 21:00:00,America/Chicago,false,false,publish,https://kwel.com/event/dave-ramsey/2027-03-01/,,,,"{""currency_symbol"":""$"",""currency_code"":""USD"",""currency_position"":""prefix"",""values"":[]}",[],[],[],[],,,"{""url"":""https://kwel.com/wp-content/uploads/2026/05/Dave-Ramsey.png"",""id"":486800,""extension"":""png"",""width"":300,""height"":200}",[],false,false,,,2026-05-21 22:58:20,2026-05-22 03:58:20,true,true,,,
2026-09-30T13:59:37Z,kwel.com,https://www.kwel.com/wp-json/tribe/events/v1/events,39,10061777,kwel.com?id=10061777,Tall City Talk,2027-03-01 15:00:00,2027-03-01 21:00:00,2027-03-01 17:00:00,2027-03-01 23:00:00,America/Chicago,false,false,publish,https://kwel.com/event/patriot-call/2027-03-01/,,,,"{""currency_symbol"":""$"",""currency_code"":""USD"",""currency_position"":""prefix"",""values"":[]}",[],[],[],[],,,"{""url"":""https://kwel.com/wp-content/uploads/2026/06/Tall-City-Talk-image-1.png"",""id"":487032,""extension"":""png"",""width"":300,""height"":200}",[],false,false,,,2026-06-12 11:20:35,2026-06-12 16:20:35,true,true,,,
2026-09-30T13:59:37Z,kwel.com,https://www.kwel.com/wp-json/tribe/events/v1/events,39,10051545,kwel.com?id=10051545,Mark Levin,2027-03-01 17:00:00,2027-03-01 23:00:00,2027-03-01 20:00:00,2027-03-02 02:00:00,America/Chicago,false,false,publish,https://kwel.com/event/mark-levin-2/2027-03-01/,,,,"{""currency_symbol"":""$"",""currency_code"":""USD"",""currency_position"":""prefix"",""values"":[]}",[],[],[],[],,,"{""url"":""https://kwel.com/wp-content/uploads/2026/05/Mark-Levin.png"",""id"":486803,""extension"":""png"",""width"":300,""height"":200}",[],false,false,,,2026-05-21 23:20:02,2026-05-22 04:20:02,true,true,,,
2026-09-30T13:59:37Z,kwel.com,https://www.kwel.com/wp-json/tribe/events/v1/events,39,10079788,kwel.com?id=10079788,Scott Jennings Show &#8211; PM,2027-03-01 20:00:00,2027-03-02 02:00:00,2027-03-01 21:00:00,2027-03-02 03:00:00,America/Chicago,false,false,publish,https://kwel.com/event/scott-jennings-show-pm/2027-03-01/,,,,"{""currency_symbol"":""$"",""currency_code"":""USD"",""currency_position"":""prefix"",""values"":[]}",[],[],[],[],,,"{""url"":""https://kwel.com/wp-content/uploads/2026/05/Scott-Jennings.png"",""id"":486807,""extension"":""png"",""width"":300,""height"":200}",[],false,false,,,2026-05-21 23:38:26,2026-05-22 04:38:26,true,true,,,
2026-09-30T13:59:37Z,kwel.com,https://www.kwel.com/wp-json/tribe/events/v1/events,39,10065691,kwel.com?id=10065691,Mike Gallagher &#8211; PM,2027-03-01 21:00:00,2027-03-02 03:00:00,2027-03-01 23:00:00,2027-03-02 05:00:00,America/Chicago,false,false,publish,https://kwel.com/event/mike-gallagher-4-2/2027-03-01/,,,,"{""currency_symbol"":""$"",""currency_code"":""USD"",""currency_position"":""prefix"",""values"":[]}",[],[],[],[],,,"{""url"":""https://kwel.com/wp-content/uploads/2026/05/Mike-Gallagher.png"",""id"":486804,""extension"":""png"",""width"":300,""height"":200}",[],false,false,,,2026-05-21 22:45:14,2026-05-22 03:45:14,true,true,,,
2026-09-30T13:59:37Z,kwel.com,https://www.kwel.com/wp-json/tribe/events/v1/events,39,10027662,kwel.com?id=10027662,Hugh Hewitt,2027-03-01 23:00:00,2027-03-02 05:00:00,2027-03-02 02:00:00,2027-03-02 08:00:00,America/Chicago,false,false,publish,https://kwel.com/event/hugh-hewitt/2027-03-01/,,,,"{""currency_symbol"":""$"",""currency_code"":""USD"",""currency_position"":""prefix"",""values"":[]}",[],[],[],[],,,"{""url"":""https://kwel.com/wp-content/uploads/2026/05/Hugh-Hewitt.png"",""id"":486801,""extension"":""png"",""width"":300,""height"":200}",[],false,false,,,2026-05-21 23:21:01,2026-05-22 04:21:01,true,true,,,
2026-09-30T13:59:37Z,kwel.com,https://www.kwel.com/wp-json/tribe/events/v1/events,39,10071859,kwel.com?id=10071859,Larry Elder,2027-03-02 02:00:00,2027-03-02 08:00:00,2027-03-02 05:00:00,2027-03-02 11:00:00,America/Chicago,false,false,publish,https://kwel.com/event/larry-elder-2/2027-03-02/,,,,"{""currency_symbol"":""$"",""currency_code"":""USD"",""currency_position"":""prefix"",""values"":[]}",[],[],[],[],,,"{""url"":""https://kwel.com/wp-content/uploads/2026/05/Larry-Elder.png"",""id"":486802,""extension"":""png"",""width"":300,""height"":200}",[],false,false,,,2026-05-21 23:52:47,2026-05-22 04:52:47,true,true,,,
2026-09-30T13:59:37Z,kwel.com,https://www.kwel.com/wp-json/tribe/events/v1/events,39,10055102,kwel.com?id=10055102,America in the Morning,2027-03-02 05:00:00,2027-03-02 11:00:00,2027-03-02 06:00:00,2027-03-02 12:00:00,America/Chicago,false,false,publish,https://kwel.com/event/america-in-the-morning/2027-03-02/,,,,"{""currency_symbol"":""$"",""currency_code"":""USD"",""currency_position"":""prefix"",""values"":[]}",[],[],[],[],,,"{""url"":""https://kwel.com/wp-content/uploads/2026/05/America-in-the-Morning.png"",""id"":486797,""extension"":""png"",""width"":300,""height"":200}",[],false,false,,,2026-05-21 23:04:52,2026-05-22 04:04:52,true,true,,,
2026-09-30T13:59:37Z,kwel.com,https://www.kwel.com/wp-json/tribe/events/v1/events,39,10012049,kwel.com?id=10012049,The Morning Show with Craig Anderson &#038; Lisa Kay,2027-03-02 06:00:00,2027-03-02 12:00:00,2027-03-02 10:00:00,2027-03-02 16:00:00,America/Chicago,false,false,publish,https://kwel.com/event/the-morning-show-with-craig-anderson-2/2027-03-02/,,,,"{""currency_symbol"":""$"",""currency_code"":""USD"",""currency_position"":""prefix"",""values"":[]}",[],[],[],[],<p>Local and streaming live!</p>,,"{""url"":""https://kwel.com/wp-content/uploads/2026/05/Craig-and-Lisa-1.png"",""id"":486798,""extension"":""png"",""width"":300,""height"":200}",[],false,false,,,2026-05-21 23:18:43,2026-05-22 04:18:43,true,true,,,
2026-09-30T13:59:37Z,kwel.com,https://www.kwel.com/wp-json/tribe/events/v1/events,39,10059170,kwel.com?id=10059170,Mike Gallagher &#8211; AM,2027-03-02 10:00:00,2027-03-02 16:00:00,2027-03-02 11:00:00,2027-03-02 17:00:00,America/Chicago,false,false,publish,https://kwel.com/event/mike-gallagher-am-2/2027-03-02/,,,,"{""currency_symbol"":""$"",""currency_code"":""USD"",""currency_position"":""prefix"",""values"":[]}",[],[],[],[],,,"{""url"":""https://kwel.com/wp-content/uploads/2026/05/Mike-Gallagher.png"",""id"":486804,""extension"":""png"",""width"":300,""height"":200}",[],false,false,,,2026-05-21 22:43:18,2026-05-22 03:43:18,true,true,,,
2026-09-30T13:59:37Z,kwel.com,https://www.kwel.com/wp-json/tribe/events/v1/events,39,10075876,kwel.com?id=10075876,Alex Marlow,2027-03-02 11:00:00,2027-03-02 17:00:00,2027-03-02 12:00:00,2027-03-02 18:00:00,America/Chicago,false,false,publish,https://kwel.com/event/alex-marlow/2027-03-02/,,,,"{""currency_symbol"":""$"",""currency_code"":""USD"",""currency_position"":""prefix"",""values"":[]}",[],[],[],[],,,"{""url"":""https://kwel.com/wp-content/uploads/2026/05/Alex-Marlow.png"",""id"":486796,""extension"":""png"",""width"":300,""height"":200}",[],false,false,,,2026-05-21 23:33:23,2026-05-22 04:33:23,true,true,,,
2026-09-30T13:59:37Z,kwel.com,https://www.kwel.com/wp-json/tribe/events/v1/events,39,10077181,kwel.com?id=10077181,Scott Jennings Show,2027-03-02 12:00:00,2027-03-02 18:00:00,2027-03-02 13:00:00,2027-03-02 19:00:00,America/Chicago,false,false,publish,https://kwel.com/event/scott-jennings/2027-03-02/,,,,"{""currency_symbol"":""$"",""currency_code"":""USD"",""currency_position"":""prefix"",""values"":[]}",[],[],[],[],,,"{""url"":""https://kwel.com/wp-content/uploads/2026/05/Scott-Jennings.png"",""id"":486807,""extension"":""png"",""width"":300,""height"":200}",[],false,false,,,2026-05-21 23:37:53,2026-05-22 04:37:53,true,true,,,
2026-09-30T13:59:37Z,kwel.com,https://www.kwel.com/wp-json/tribe/events/v1/events,39,10064388,kwel.com?id=10064388,Dave Ramsey,2027-03-02 13:00:00,2027-03-02 19:00:00,2027-03-02 15:00:00,2027-03-02 21:00:00,America/Chicago,false,false,publish,https://kwel.com/event/dave-ramsey/2027-03-02/,,,,"{""currency_symbol"":""$"",""currency_code"":""USD"",""currency_position"":""prefix"",""values"":[]}",[],[],[],[],,,"{""url"":""https://kwel.com/wp-content/uploads/2026/05/Dave-Ramsey.png"",""id"":486800,""extension"":""png"",""width"":300,""height"":200}",[],false,false,,,2026-05-21 22:58:20,2026-05-22 03:58:20,true,true,,,
2026-09-30T13:59:37Z,kwel.com,https://www.kwel.com/wp-json/tribe/events/v1/events,39,10061778,kwel.com?id=10061778,Tall City Talk,2027-03-02 15:00:00,2027-03-02 21:00:00,2027-03-02 17:00:00,2027-03-02 23:00:00,America/Chicago,false,false,publish,https://kwel.com/event/patriot-call/2027-03-02/,,,,"{""currency_symbol"":""$"",""currency_code"":""USD"",""currency_position"":""prefix"",""values"":[]}",[],[],[],[],,,"{""url"":""https://kwel.com/wp-content/uploads/2026/06/Tall-City-Talk-image-1.png"",""id"":487032,""extension"":""png"",""width"":300,""height"":200}",[],false,false,,,2026-06-12 11:20:35,2026-06-12 16:20:35,true,true,,,
2026-09-30T13:59:37Z,kwel.com,https://www.kwel.com/wp-json/tribe/events/v1/events,39,10051546,kwel.com?id=10051546,Mark Levin,2027-03-02 17:00:00,2027-03-02 23:00:00,2027-03-02 20:00:00,2027-03-03 02:00:00,America/Chicago,false,false,publish,https://kwel.com/event/mark-levin-2/2027-03-02/,,,,"{""currency_symbol"":""$"",""currency_code"":""USD"",""currency_position"":""prefix"",""values"":[]}",[],[],[],[],,,"{""url"":""https://kwel.com/wp-content/uploads/2026/05/Mark-Levin.png"",""id"":486803,""extension"":""png"",""width"":300,""height"":200}",[],false,false,,,2026-05-21 23:20:02,2026-05-22 04:20:02,true,true,,,
2026-09-30T13:59:37Z,kwel.com,https://www.kwel.com/wp-json/tribe/events/v1/events,39,10079789,kwel.com?id=10079789,Scott Jennings Show &#8211; PM,2027-03-02 20:00:00,2027-03-03 02:00:00,2027-03-02 21:00:00,2027-03-03 03:00:00,America/Chicago,false,false,publish,https://kwel.com/event/scott-jennings-show-pm/2027-03-02/,,,,"{""currency_symbol"":""$"",""currency_code"":""USD"",""currency_position"":""prefix"",""values"":[]}",[],[],[],[],,,"{""url"":""https://kwel.com/wp-content/uploads/2026/05/Scott-Jennings.png"",""id"":486807,""extension"":""png"",""width"":300,""height"":200}",[],false,false,,,2026-05-21 23:38:26,2026-05-22 04:38:26,true,true,,,
2026-09-30T13:59:37Z,kwel.com,https://www.kwel.com/wp-json/tribe/events/v1/events,39,10065692,kwel.com?id=10065692,Mike Gallagher &#8211; PM,2027-03-02 21:00:00,2027-03-03 03:00:00,2027-03-02 23:00:00,2027-03-03 05:00:00,America/Chicago,false,false,publish,https://kwel.com/event/mike-gallagher-4-2/2027-03-02/,,,,"{""currency_symbol"":""$"",""currency_code"":""USD"",""currency_position"":""prefix"",""values"":[]}",[],[],[],[],,,"{""url"":""https://kwel.com/wp-content/uploads/2026/05/Mike-Gallagher.png"",""id"":486804,""extension"":""png"",""width"":300,""height"":200}",[],false,false,,,2026-05-21 22:45:14,2026-05-22 03:45:14,true,true,,,
2026-09-30T13:59:37Z,kwel.com,https://www.kwel.com/wp-json/tribe/events/v1/events,39,10027663,kwel.com?id=10027663,Hugh Hewitt,2027-03-02 23:00:00,2027-03-03 05:00:00,2027-03-03 02:00:00,2027-03-03 08:00:00,America/Chicago,false,false,publish,https://kwel.com/event/hugh-hewitt/2027-03-02/,,,,"{""currency_symbol"":""$"",""currency_code"":""USD"",""currency_position"":""prefix"",""values"":[]}",[],[],[],[],,,"{""url"":""https://kwel.com/wp-content/uploads/2026/05/Hugh-Hewitt.png"",""id"":486801,""extension"":""png"",""width"":300,""height"":200}",[],false,false,,,2026-05-21 23:21:01,2026-05-22 04:21:01,true,true,,,
2026-09-30T13:59:37Z,kwel.com,https://www.kwel.com/wp-json/tribe/events/v1/events,39,10071860,kwel.com?id=10071860,Larry Elder,2027-03-03 02:00:00,2027-03-03 08:00:00,2027-03-03 05:00:00,2027-03-03 11:00:00,America/Chicago,false,false,publish,https://kwel.com/event/larry-elder-2/2027-03-03/,,,,"{""currency_symbol"":""$"",""currency_code"":""USD"",""currency_position"":""prefix"",""values"":[]}",[],[],[],[],,,"{""url"":""https://kwel.com/wp-content/uploads/2026/05/Larry-Elder.png"",""id"":486802,""extension"":""png"",""width"":300,""height"":200}",[],false,false,,,2026-05-21 23:52:47,2026-05-22 04:52:47,true,true,,,
2026-09-30T13:59:37Z,kwel.com,https://www.kwel.com/wp-json/tribe/events/v1/events,39,10055103,kwel.com?id=10055103,America in the Morning,2027-03-03 05:00:00,2027-03-03 11:00:00,2027-03-03 06:00:00,2027-03-03 12:00:00,America/Chicago,false,false,publish,https://kwel.com/event/america-in-the-morning/2027-03-03/,,,,"{""currency_symbol"":""$"",""currency_code"":""USD"",""currency_position"":""prefix"",""values"":[]}",[],[],[],[],,,"{""url"":""https://kwel.com/wp-content/uploads/2026/05/America-in-the-Morning.png"",""id"":486797,""extension"":""png"",""width"":300,""height"":200}",[],false,false,,,2026-05-21 23:04:52,2026-05-22 04:04:52,true,true,,,
2026-09-30T13:59:37Z,kwel.com,https://www.kwel.com/wp-json/tribe/events/v1/events,39,10012050,kwel.com?id=10012050,The Morning Show with Craig Anderson &#038; Lisa Kay,2027-03-03 06:00:00,2027-03-03 12:00:00,2027-03-03 10:00:00,2027-03-03 16:00:00,America/Chicago,false,false,publish,https://kwel.com/event/the-morning-show-with-craig-anderson-2/2027-03-03/,,,,"{""currency_symbol"":""$"",""currency_code"":""USD"",""currency_position"":""prefix"",""values"":[]}",[],[],[],[],<p>Local and streaming live!</p>,,"{""url"":""https://kwel.com/wp-content/uploads/2026/05/Craig-and-Lisa-1.png"",""id"":486798,""extension"":""png"",""width"":300,""height"":200}",[],false,false,,,2026-05-21 23:18:43,2026-05-22 04:18:43,true,true,,,
2026-09-30T13:59:37Z,kwel.com,https://www.kwel.com/wp-json/tribe/events/v1/events,39,10059171,kwel.com?id=10059171,Mike Gallagher &#8211; AM,2027-03-03 10:00:00,2027-03-03 16:00:00,2027-03-03 11:00:00,2027-03-03 17:00:00,America/Chicago,false,false,publish,https://kwel.com/event/mike-gallagher-am-2/2027-03-03/,,,,"{""currency_symbol"":""$"",""currency_code"":""USD"",""currency_position"":""prefix"",""values"":[]}",[],[],[],[],,,"{""url"":""https://kwel.com/wp-content/uploads/2026/05/Mike-Gallagher.png"",""id"":486804,""extension"":""png"",""width"":300,""height"":200}",[],false,false,,,2026-05-21 22:43:18,2026-05-22 03:43:18,true,true,,,
2026-09-30T13:59:37Z,kwel.com,https://www.kwel.com/wp-json/tribe/events/v1/events,39,10075877,kwel.com?id=10075877,Alex Marlow,2027-03-03 11:00:00,2027-03-03 17:00:00,2027-03-03 12:00:00,2027-03-03 18:00:00,America/Chicago,false,false,publish,https://kwel.com/event/alex-marlow/2027-03-03/,,,,"{""currency_symbol"":""$"",""currency_code"":""USD"",""currency_position"":""prefix"",""values"":[]}",[],[],[],[],,,"{""url"":""https://kwel.com/wp-content/uploads/2026/05/Alex-Marlow.png"",""id"":486796,""extension"":""png"",""width"":300,""height"":200}",[],false,false,,,2026-05-21 23:33:23,2026-05-22 04:33:23,true,true,,,
2026-09-30T13:59:37Z,kwel.com,https://www.kwel.com/wp-json/tribe/events/v1/events,39,10077182,kwel.com?id=10077182,Scott Jennings Show,2027-03-03 12:00:00,2027-03-03 18:00:00,2027-03-03 13:00:00,2027-03-03 19:00:00,America/Chicago,false,false,publish,https://kwel.com/event/scott-jennings/2027-03-03/,,,,"{""currency_symbol"":""$"",""currency_code"":""USD"",""currency_position"":""prefix"",""values"":[]}",[],[],[],[],,,"{""url"":""https://kwel.com/wp-content/uploads/2026/05/Scott-Jennings.png"",""id"":486807,""extension"":""png"",""width"":300,""height"":200}",[],false,false,,,2026-05-21 23:37:53,2026-05-22 04:37:53,true,true,,,
2026-09-30T13:59:37Z,kwel.com,https://www.kwel.com/wp-json/tribe/events/v1/events,39,10064389,kwel.com?id=10064389,Dave Ramsey,2027-03-03 13:00:00,2027-03-03 19:00:00,2027-03-03 15:00:00,2027-03-03 21:00:00,America/Chicago,false,false,publish,https://kwel.com/event/dave-ramsey/2027-03-03/,,,,"{""currency_symbol"":""$"",""currency_code"":""USD"",""currency_position"":""prefix"",""values"":[]}",[],[],[],[],,,"{""url"":""https://kwel.com/wp-content/uploads/2026/05/Dave-Ramsey.png"",""id"":486800,""extension"":""png"",""width"":300,""height"":200}",[],false,false,,,2026-05-21 22:58:20,2026-05-22 03:58:20,true,true,,,
2026-09-30T13:59:37Z,kwel.com,https://www.kwel.com/wp-json/tribe/events/v1/events,39,10061779,kwel.com?id=10061779,Tall City Talk,2027-03-03 15:00:00,2027-03-03 21:00:00,2027-03-03 17:00:00,2027-03-03 23:00:00,America/Chicago,false,false,publish,https://kwel.com/event/patriot-call/2027-03-03/,,,,"{""currency_symbol"":""$"",""currency_code"":""USD"",""currency_position"":""prefix"",""values"":[]}",[],[],[],[],,,"{""url"":""https://kwel.com/wp-content/uploads/2026/06/Tall-City-Talk-image-1.png"",""id"":487032,""extension"":""png"",""width"":300,""height"":200}",[],false,false,,,2026-06-12 11:20:35,2026-06-12 16:20:35,true,true,,,
2026-09-30T13:59:37Z,kwel.com,https://www.kwel.com/wp-json/tribe/events/v1/events,39,10051547,kwel.com?id=10051547,Mark Levin,2027-03-03 17:00:00,2027-03-03 23:00:00,2027-03-03 20:00:00,2027-03-04 02:00:00,America/Chicago,false,false,publish,https://kwel.com/event/mark-levin-2/2027-03-03/,,,,"{""currency_symbol"":""$"",""currency_code"":""USD"",""currency_position"":""prefix"",""values"":[]}",[],[],[],[],,,"{""url"":""https://kwel.com/wp-content/uploads/2026/05/Mark-Levin.png"",""id"":486803,""extension"":""png"",""width"":300,""height"":200}",[],false,false,,,2026-05-21 23:20:02,2026-05-22 04:20:02,true,true,,,
2026-09-30T13:59:37Z,kwel.com,https://www.kwel.com/wp-json/tribe/events/v1/events,39,10079790,kwel.com?id=10079790,Scott Jennings Show &#8211; PM,2027-03-03 20:00:00,2027-03-04 02:00:00,2027-03-03 21:00:00,2027-03-04 03:00:00,America/Chicago,false,false,publish,https://kwel.com/event/scott-jennings-show-pm/2027-03-03/,,,,"{""currency_symbol"":""$"",""currency_code"":""USD"",""currency_position"":""prefix"",""values"":[]}",[],[],[],[],,,"{""url"":""https://kwel.com/wp-content/uploads/2026/05/Scott-Jennings.png"",""id"":486807,""extension"":""png"",""width"":300,""height"":200}",[],false,false,,,2026-05-21 23:38:26,2026-05-22 04:38:26,true,true,,,
2026-09-30T13:59:37Z,kwel.com,https://www.kwel.com/wp-json/tribe/events/v1/events,39,10065693,kwel.com?id=10065693,Mike Gallagher &#8211; PM,2027-03-03 21:00:00,2027-03-04 03:00:00,2027-03-03 23:00:00,2027-03-04 05:00:00,America/Chicago,false,false,publish,https://kwel.com/event/mike-gallagher-4-2/2027-03-03/,,,,"{""currency_symbol"":""$"",""currency_code"":""USD"",""currency_position"":""prefix"",""values"":[]}",[],[],[],[],,,"{""url"":""https://kwel.com/wp-content/uploads/2026/05/Mike-Gallagher.png"",""id"":486804,""extension"":""png"",""width"":300,""height"":200}",[],false,false,,,2026-05-21 22:45:14,2026-05-22 03:45:14,true,true,,,
2026-09-30T13:59:37Z,kwel.com,https://www.kwel.com/wp-json/tribe/events/v1/events,39,10027664,kwel.com?id=10027664,Hugh Hewitt,2027-03-03 23:00:00,2027-03-04 05:00:00,2027-03-04 02:00:00,2027-03-04 08:00:00,America/Chicago,false,false,publish,https://kwel.com/event/hugh-hewitt/2027-03-03/,,,,"{""currency_symbol"":""$"",""currency_code"":""USD"",""currency_position"":""prefix"",""values"":[]}",[],[],[],[],,,"{""url"":""https://kwel.com/wp-content/uploads/2026/05/Hugh-Hewitt.png"",""id"":486801,""extension"":""png"",""width"":300,""height"":200}",[],false,false,,,2026-05-21 23:21:01,2026-05-22 04:21:01,true,true,,,
2026-09-30T13:59:37Z,kwel.com,https://www.kwel.com/wp-json/tribe/events/v1/events,39,10071861,kwel.com?id=10071861,Larry Elder,2027-03-04 02:00:00,2027-03-04 08:00:00,2027-03-04 05:00:00,2027-03-04 11:00:00,America/Chicago,false,false,publish,https://kwel.com/event/larry-elder-2/2027-03-04/,,,,"{""currency_symbol"":""$"",""currency_code"":""USD"",""currency_position"":""prefix"",""values"":[]}",[],[],[],[],,,"{""url"":""https://kwel.com/wp-content/uploads/2026/05/Larry-Elder.png"",""id"":486802,""extension"":""png"",""width"":300,""height"":200}",[],false,false,,,2026-05-21 23:52:47,2026-05-22 04:52:47,true,true,,,
2026-09-30T13:59:37Z,kwel.com,https://www.kwel.com/wp-json/tribe/events/v1/events,39,10055104,kwel.com?id=10055104,America in the Morning,2027-03-04 05:00:00,2027-03-04 11:00:00,2027-03-04 06:00:00,2027-03-04 12:00:00,America/Chicago,false,false,publish,https://kwel.com/event/america-in-the-morning/2027-03-04/,,,,"{""currency_symbol"":""$"",""currency_code"":""USD"",""currency_position"":""prefix"",""values"":[]}",[],[],[],[],,,"{""url"":""https://kwel.com/wp-content/uploads/2026/05/America-in-the-Morning.png"",""id"":486797,""extension"":""png"",""width"":300,""height"":200}",[],false,false,,,2026-05-21 23:04:52,2026-05-22 04:04:52,true,true,,,
2026-09-30T13:59:37Z,kwel.com,https://www.kwel.com/wp-json/tribe/events/v1/events,40,10012051,kwel.com?id=10012051,The Morning Show with Craig Anderson &#038; Lisa Kay,2027-03-04 06:00:00,2027-03-04 12:00:00,2027-03-04 10:00:00,2027-03-04 16:00:00,America/Chicago,false,false,publish,https://kwel.com/event/the-morning-show-with-craig-anderson-2/2027-03-04/,,,,"{""currency_symbol"":""$"",""currency_code"":""USD"",""currency_position"":""prefix"",""values"":[]}",[],[],[],[],<p>Local and streaming live!</p>,,"{""url"":""https://kwel.com/wp-content/uploads/2026/05/Craig-and-Lisa-1.png"",""id"":486798,""extension"":""png"",""width"":300,""height"":200}",[],false,false,,,2026-05-21 23:18:43,2026-05-22 04:18:43,true,true,,,
2026-09-30T13:59:37Z,kwel.com,https://www.kwel.com/wp-json/tribe/events/v1/events,40,10059172,kwel.com?id=10059172,Mike Gallagher &#8211; AM,2027-03-04 10:00:00,2027-03-04 16:00:00,2027-03-04 11:00:00,2027-03-04 17:00:00,America/Chicago,false,false,publish,https://kwel.com/event/mike-gallagher-am-2/2027-03-04/,,,,"{""currency_symbol"":""$"",""currency_code"":""USD"",""currency_position"":""prefix"",""values"":[]}",[],[],[],[],,,"{""url"":""https://kwel.com/wp-content/uploads/2026/05/Mike-Gallagher.png"",""id"":486804,""extension"":""png"",""width"":300,""height"":200}",[],false,false,,,2026-05-21 22:43:18,2026-05-22 03:43:18,true,true,,,
2026-09-30T13:59:37Z,kwel.com,https://www.kwel.com/wp-json/tribe/events/v1/events,40,10075878,kwel.com?id=10075878,Alex Marlow,2027-03-04 11:00:00,2027-03-04 17:00:00,2027-03-04 12:00:00,2027-03-04 18:00:00,America/Chicago,false,false,publish,https://kwel.com/event/alex-marlow/2027-03-04/,,,,"{""currency_symbol"":""$"",""currency_code"":""USD"",""currency_position"":""prefix"",""values"":[]}",[],[],[],[],,,"{""url"":""https://kwel.com/wp-content/uploads/2026/05/Alex-Marlow.png"",""id"":486796,""extension"":""png"",""width"":300,""height"":200}",[],false,false,,,2026-05-21 23:33:23,2026-05-22 04:33:23,true,true,,,
2026-09-30T13:59:37Z,kwel.com,https://www.kwel.com/wp-json/tribe/events/v1/events,40,10077183,kwel.com?id=10077183,Scott Jennings Show,2027-03-04 12:00:00,2027-03-04 18:00:00,2027-03-04 13:00:00,2027-03-04 19:00:00,America/Chicago,false,false,publish,https://kwel.com/event/scott-jennings/2027-03-04/,,,,"{""currency_symbol"":""$"",""currency_code"":""USD"",""currency_position"":""prefix"",""values"":[]}",[],[],[],[],,,"{""url"":""https://kwel.com/wp-content/uploads/2026/05/Scott-Jennings.png"",""id"":486807,""extension"":""png"",""width"":300,""height"":200}",[],false,false,,,2026-05-21 23:37:53,2026-05-22 04:37:53,true,true,,,
2026-09-30T13:59:37Z,kwel.com,https://www.kwel.com/wp-json/tribe/events/v1/events,40,10064390,kwel.com?id=10064390,Dave Ramsey,2027-03-04 13:00:00,2027-03-04 19:00:00,2027-03-04 15:00:00,2027-03-04 21:00:00,America/Chicago,false,false,publish,https://kwel.com/event/dave-ramsey/2027-03-04/,,,,"{""currency_symbol"":""$"",""currency_code"":""USD"",""currency_position"":""prefix"",""values"":[]}",[],[],[],[],,,"{""url"":""https://kwel.com/wp-content/uploads/2026/05/Dave-Ramsey.png"",""id"":486800,""extension"":""png"",""width"":300,""height"":200}",[],false,false,,,2026-05-21 22:58:20,2026-05-22 03:58:20,true,true,,,
2026-09-30T13:59:37Z,kwel.com,https://www.kwel.com/wp-json/tribe/events/v1/events,40,10061780,kwel.com?id=10061780,Tall City Talk,2027-03-04 15:00:00,2027-03-04 21:00:00,2027-03-04 17:00:00,2027-03-04 23:00:00,America/Chicago,false,false,publish,https://kwel.com/event/patriot-call/2027-03-04/,,,,"{""currency_symbol"":""$"",""currency_code"":""USD"",""currency_position"":""prefix"",""values"":[]}",[],[],[],[],,,"{""url"":""https://kwel.com/wp-content/uploads/2026/06/Tall-City-Talk-image-1.png"",""id"":487032,""extension"":""png"",""width"":300,""height"":200}",[],false,false,,,2026-06-12 11:20:35,2026-06-12 16:20:35,true,true,,,
2026-09-30T13:59:37Z,kwel.com,https://www.kwel.com/wp-json/tribe/events/v1/events,40,10051548,kwel.com?id=10051548,Mark Levin,2027-03-04 17:00:00,2027-03-04 23:00:00,2027-03-04 20:00:00,2027-03-05 02:00:00,America/Chicago,false,false,publish,https://kwel.com/event/mark-levin-2/2027-03-04/,,,,"{""currency_symbol"":""$"",""currency_code"":""USD"",""currency_position"":""prefix"",""values"":[]}",[],[],[],[],,,"{""url"":""https://kwel.com/wp-content/uploads/2026/05/Mark-Levin.png"",""id"":486803,""extension"":""png"",""width"":300,""height"":200}",[],false,false,,,2026-05-21 23:20:02,2026-05-22 04:20:02,true,true,,,
2026-09-30T13:59:37Z,kwel.com,https://www.kwel.com/wp-json/tribe/events/v1/events,40,10079791,kwel.com?id=10079791,Scott Jennings Show &#8211; PM,2027-03-04 20:00:00,2027-03-05 02:00:00,2027-03-04 21:00:00,2027-03-05 03:00:00,America/Chicago,false,false,publish,https://kwel.com/event/scott-jennings-show-pm/2027-03-04/,,,,"{""currency_symbol"":""$"",""currency_code"":""USD"",""currency_position"":""prefix"",""values"":[]}",[],[],[],[],,,"{""url"":""https://kwel.com/wp-content/uploads/2026/05/Scott-Jennings.png"",""id"":486807,""extension"":""png"",""width"":300,""height"":200}",[],false,false,,,2026-05-21 23:38:26,2026-05-22 04:38:26,true,true,,,
2026-09-30T13:59:37Z,kwel.com,https://www.kwel.com/wp-json/tribe/events/v1/events,40,10065694,kwel.com?id=10065694,Mike Gallagher &#8211; PM,2027-03-04 21:00:00,2027-03-05 03:00:00,2027-03-04 23:00:00,2027-03-05 05:00:00,America/Chicago,false,false,publish,https://kwel.com/event/mike-gallagher-4-2/2027-03-04/,,,,"{""currency_symbol"":""$"",""currency_code"":""USD"",""currency_position"":""prefix"",""values"":[]}",[],[],[],[],,,"{""url"":""https://kwel.com/wp-content/uploads/2026/05/Mike-Gallagher.png"",""id"":486804,""extension"":""png"",""width"":300,""height"":200}",[],false,false,,,2026-05-21 22:45:14,2026-05-22 03:45:14,true,true,,,
2026-09-30T13:59:37Z,kwel.com,https://www.kwel.com/wp-json/tribe/events/v1/events,40,10027665,kwel.com?id=10027665,Hugh Hewitt,2027-03-04 23:00:00,2027-03-05 05:00:00,2027-03-05 02:00:00,2027-03-05 08:00:00,America/Chicago,false,false,publish,https://kwel.com/event/hugh-hewitt/2027-03-04/,,,,"{""currency_symbol"":""$"",""currency_code"":""USD"",""currency_position"":""prefix"",""values"":[]}",[],[],[],[],,,"{""url"":""https://kwel.com/wp-content/uploads/2026/05/Hugh-Hewitt.png"",""id"":486801,""extension"":""png"",""width"":300,""height"":200}",[],false,false,,,2026-05-21 23:21:01,2026-05-22 04:21:01,true,true,,,
2026-09-30T13:59:37Z,kwel.com,https://www.kwel.com/wp-json/tribe/events/v1/events,40,10071862,kwel.com?id=10071862,Larry Elder,2027-03-05 02:00:00,2027-03-05 08:00:00,2027-03-05 05:00:00,2027-03-05 11:00:00,America/Chicago,false,false,publish,https://kwel.com/event/larry-elder-2/2027-03-05/,,,,"{""currency_symbol"":""$"",""currency_code"":""USD"",""currency_position"":""prefix"",""values"":[]}",[],[],[],[],,,"{""url"":""https://kwel.com/wp-content/uploads/2026/05/Larry-Elder.png"",""id"":486802,""extension"":""png"",""width"":300,""height"":200}",[],false,false,,,2026-05-21 23:52:47,2026-05-22 04:52:47,true,true,,,
2026-09-30T13:59:37Z,kwel.com,https://www.kwel.com/wp-json/tribe/events/v1/events,40,10055105,kwel.com?id=10055105,America in the Morning,2027-03-05 05:00:00,2027-03-05 11:00:00,2027-03-05 06:00:00,2027-03-05 12:00:00,America/Chicago,false,false,publish,https://kwel.com/event/america-in-the-morning/2027-03-05/,,,,"{""currency_symbol"":""$"",""currency_code"":""USD"",""currency_position"":""prefix"",""values"":[]}",[],[],[],[],,,"{""url"":""https://kwel.com/wp-content/uploads/2026/05/America-in-the-Morning.png"",""id"":486797,""extension"":""png"",""width"":300,""height"":200}",[],false,false,,,2026-05-21 23:04:52,2026-05-22 04:04:52,true,true,,,
2026-09-30T13:59:37Z,kwel.com,https://www.kwel.com/wp-json/tribe/events/v1/events,40,10012052,kwel.com?id=10012052,The Morning Show with Craig Anderson &#038; Lisa Kay,2027-03-05 06:00:00,2027-03-05 12:00:00,2027-03-05 10:00:00,2027-03-05 16:00:00,America/Chicago,false,false,publish,https://kwel.com/event/the-morning-show-with-craig-anderson-2/2027-03-05/,,,,"{""currency_symbol"":""$"",""currency_code"":""USD"",""currency_position"":""prefix"",""values"":[]}",[],[],[],[],<p>Local and streaming live!</p>,,"{""url"":""https://kwel.com/wp-content/uploads/2026/05/Craig-and-Lisa-1.png"",""id"":486798,""extension"":""png"",""width"":300,""height"":200}",[],false,false,,,2026-05-21 23:18:43,2026-05-22 04:18:43,true,true,,,
2026-09-30T13:59:37Z,kwel.com,https://www.kwel.com/wp-json/tribe/events/v1/events,40,10059173,kwel.com?id=10059173,Mike Gallagher &#8211; AM,2027-03-05 10:00:00,2027-03-05 16:00:00,2027-03-05 11:00:00,2027-03-05 17:00:00,America/Chicago,false,false,publish,https://kwel.com/event/mike-gallagher-am-2/2027-03-05/,,,,"{""currency_symbol"":""$"",""currency_code"":""USD"",""currency_position"":""prefix"",""values"":[]}",[],[],[],[],,,"{""url"":""https://kwel.com/wp-content/uploads/2026/05/Mike-Gallagher.png"",""id"":486804,""extension"":""png"",""width"":300,""height"":200}",[],false,false,,,2026-05-21 22:43:18,2026-05-22 03:43:18,true,true,,,
2026-09-30T13:59:37Z,kwel.com,https://www.kwel.com/wp-json/tribe/events/v1/events,40,10075879,kwel.com?id=10075879,Alex Marlow,2027-03-05 11:00:00,2027-03-05 17:00:00,2027-03-05 12:00:00,2027-03-05 18:00:00,America/Chicago,false,false,publish,https://kwel.com/event/alex-marlow/2027-03-05/,,,,"{""currency_symbol"":""$"",""currency_code"":""USD"",""currency_position"":""prefix"",""values"":[]}",[],[],[],[],,,"{""url"":""https://kwel.com/wp-content/uploads/2026/05/Alex-Marlow.png"",""id"":486796,""extension"":""png"",""width"":300,""height"":200}",[],false,false,,,2026-05-21 23:33:23,2026-05-22 04:33:23,true,true,,,
2026-09-30T13:59:37Z,kwel.com,https://www.kwel.com/wp-json/tribe/events/v1/events,40,10077184,kwel.com?id=10077184,Scott Jennings Show,2027-03-05 12:00:00,2027-03-05 18:00:00,2027-03-05 13:00:00,2027-03-05 19:00:00,America/Chicago,false,false,publish,https://kwel.com/event/scott-jennings/2027-03-05/,,,,"{""currency_symbol"":""$"",""currency_code"":""USD"",""currency_position"":""prefix"",""values"":[]}",[],[],[],[],,,"{""url"":""https://kwel.com/wp-content/uploads/2026/05/Scott-Jennings.png"",""id"":486807,""extension"":""png"",""width"":300,""height"":200}",[],false,false,,,2026-05-21 23:37:53,2026-05-22 04:37:53,true,true,,,
2026-09-30T13:59:37Z,kwel.com,https://www.kwel.com/wp-json/tribe/events/v1/events,40,10064391,kwel.com?id=10064391,Dave Ramsey,2027-03-05 13:00:00,2027-03-05 19:00:00,2027-03-05 15:00:00,2027-03-05 21:00:00,America/Chicago,false,false,publish,https://kwel.com/event/dave-ramsey/2027-03-05/,,,,"{""currency_symbol"":""$"",""currency_code"":""USD"",""currency_position"":""prefix"",""values"":[]}",[],[],[],[],,,"{""url"":""https://kwel.com/wp-content/uploads/2026/05/Dave-Ramsey.png"",""id"":486800,""extension"":""png"",""width"":300,""height"":200}",[],false,false,,,2026-05-21 22:58:20,2026-05-22 03:58:20,true,true,,,
2026-09-30T13:59:37Z,kwel.com,https://www.kwel.com/wp-json/tribe/events/v1/events,40,10061781,kwel.com?id=10061781,Tall City Talk,2027-03-05 15:00:00,2027-03-05 21:00:00,2027-03-05 17:00:00,2027-03-05 23:00:00,America/Chicago,false,false,publish,https://kwel.com/event/patriot-call/2027-03-05/,,,,"{""currency_symbol"":""$"",""currency_code"":""USD"",""currency_position"":""prefix"",""values"":[]}",[],[],[],[],,,"{""url"":""https://kwel.com/wp-content/uploads/2026/06/Tall-City-Talk-image-1.png"",""id"":487032,""extension"":""png"",""width"":300,""height"":200}",[],false,false,,,2026-06-12 11:20:35,2026-06-12 16:20:35,true,true,,,
2026-09-30T13:59:37Z,kwel.com,https://www.kwel.com/wp-json/tribe/events/v1/events,40,10051549,kwel.com?id=10051549,Mark Levin,2027-03-05 17:00:00,2027-03-05 23:00:00,2027-03-05 20:00:00,2027-03-06 02:00:00,America/Chicago,false,false,publish,https://kwel.com/event/mark-levin-2/2027-03-05/,,,,"{""currency_symbol"":""$"",""currency_code"":""USD"",""currency_position"":""prefix"",""values"":[]}",[],[],[],[],,,"{""url"":""https://kwel.com/wp-content/uploads/2026/05/Mark-Levin.png"",""id"":486803,""extension"":""png"",""width"":300,""height"":200}",[],false,false,,,2026-05-21 23:20:02,2026-05-22 04:20:02,true,true,,,
2026-09-30T13:59:37Z,kwel.com,https://www.kwel.com/wp-json/tribe/events/v1/events,40,10079792,kwel.com?id=10079792,Scott Jennings Show &#8211; PM,2027-03-05 20:00:00,2027-03-06 02:00:00,2027-03-05 21:00:00,2027-03-06 03:00:00,America/Chicago,false,false,publish,https://kwel.com/event/scott-jennings-show-pm/2027-03-05/,,,,"{""currency_symbol"":""$"",""currency_code"":""USD"",""currency_position"":""prefix"",""values"":[]}",[],[],[],[],,,"{""url"":""https://kwel.com/wp-content/uploads/2026/05/Scott-Jennings.png"",""id"":486807,""extension"":""png"",""width"":300,""height"":200}",[],false,false,,,2026-05-21 23:38:26,2026-05-22 04:38:26,true,true,,,
2026-09-30T13:59:37Z,kwel.com,https://www.kwel.com/wp-json/tribe/events/v1/events,40,10065695,kwel.com?id=10065695,Mike Gallagher &#8211; PM,2027-03-05 21:00:00,2027-03-06 03:00:00,2027-03-05 23:00:00,2027-03-06 05:00:00,America/Chicago,false,false,publish,https://kwel.com/event/mike-gallagher-4-2/2027-03-05/,,,,"{""currency_symbol"":""$"",""currency_code"":""USD"",""currency_position"":""prefix"",""values"":[]}",[],[],[],[],,,"{""url"":""https://kwel.com/wp-content/uploads/2026/05/Mike-Gallagher.png"",""id"":486804,""extension"":""png"",""width"":300,""height"":200}",[],false,false,,,2026-05-21 22:45:14,2026-05-22 03:45:14,true,true,,,
2026-09-30T13:59:37Z,kwel.com,https://www.kwel.com/wp-json/tribe/events/v1/events,40,10027666,kwel.com?id=10027666,Hugh Hewitt,2027-03-05 23:00:00,2027-03-06 05:00:00,2027-03-06 02:00:00,2027-03-06 08:00:00,America/Chicago,false,false,publish,https://kwel.com/event/hugh-hewitt/2027-03-05/,,,,"{""currency_symbol"":""$"",""currency_code"":""USD"",""currency_position"":""prefix"",""values"":[]}",[],[],[],[],,,"{""url"":""https://kwel.com/wp-content/uploads/2026/05/Hugh-Hewitt.png"",""id"":486801,""extension"":""png"",""width"":300,""height"":200}",[],false,false,,,2026-05-21 23:21:01,2026-05-22 04:21:01,true,true,,,
2026-09-30T13:59:37Z,kwel.com,https://www.kwel.com/wp-json/tribe/events/v1/events,40,10071438,kwel.com?id=10071438,America in the Morning &#8211; Sat.,2027-03-06 06:00:00,2027-03-06 12:00:00,2027-03-06 06:30:00,2027-03-06 12:30:00,America/Chicago,false,false,publish,https://kwel.com/event/america-in-the-morning-sat/2027-03-06/,,,,"{""currency_symbol"":""$"",""currency_code"":""USD"",""currency_position"":""prefix"",""values"":[]}",[],[],[],[],,,"{""url"":""https://kwel.com/wp-content/uploads/2026/05/America-in-the-Morning.png"",""id"":486797,""extension"":""png"",""width"":300,""height"":200}",[],false,false,,,2026-05-21 23:04:09,2026-05-22 04:04:09,true,true,,,
2026-09-30T13:59:37Z,kwel.com,https://www.kwel.com/wp-json/tribe/events/v1/events,40,10081617,kwel.com?id=10081617,Oldies Music Show,2027-03-06 06:30:00,2027-03-06 12:30:00,2027-03-06 09:00:00,2027-03-06 15:00:00,America/Chicago,false,false,publish,https://kwel.com/event/oldies-music-show/2027-03-06/,,,,"{""currency_symbol"":""$"",""currency_code"":""USD"",""currency_position"":""prefix"",""values"":[]}",[],[],[],[],,,false,[],false,false,,,2026-05-21 23:46:45,2026-05-22 04:46:45,true,true,,,
2026-09-30T13:59:37Z,kwel.com,https://www.kwel.com/wp-json/tribe/events/v1/events,40,10081356,kwel.com?id=10081356,The Oil Mix Show w/ Kym Balado,2027-03-06 09:00:00,2027-03-06 15:00:00,2027-03-06 10:00:00,2027-03-06 16:00:00,America/Chicago,false,false,publish,https://kwel.com/event/inside-the-oil-patch-with-kim-balado/2027-03-06/,,,,"{""currency_symbol"":""$"",""currency_code"":""USD"",""currency_position"":""prefix"",""values"":[]}",[],[],[],[],,,false,[],false,false,,,2026-05-21 23:45:16,2026-05-22 04:45:16,true,true,,,
2026-09-30T13:59:37Z,kwel.com,https://www.kwel.com/wp-json/tribe/events/v1/events,40,10083205,kwel.com?id=10083205,Hoyl Financial,2027-03-06 10:00:00,2027-03-06 16:00:00,2027-03-06 10:30:00,2027-03-06 16:30:00,America/Chicago,false,false,publish,https://kwel.com/event/hoyl-financial/2027-03-06/,,,,"{""currency_symbol"":""$"",""currency_code"":""USD"",""currency_position"":""prefix"",""values"":[]}",[],[],[],[],,,false,[],false,false,,,2026-05-22 00:04:04,2026-05-22 05:04:04,true,true,,,
2026-09-30T13:59:37Z,kwel.com,https://www.kwel.com/wp-json/tribe/events/v1/events,40,10036169,kwel.com?id=10036169,Dr. Bob Martin,2027-03-06 11:00:00,2027-03-06 17:00:00,2027-03-06 13:00:00,2027-03-06 19:00:00,America/Chicago,false,false,publish,https://kwel.com/event/dr-bob-martin/2027-03-06/,,,,"{""currency_symbol"":""$"",""currency_code"":""USD"",""currency_position"":""prefix"",""values"":[]}",[],[],[],[],<p>Presented by Natural Foods Market</p>,,"{""url"":""https://kwel.com/wp-content/uploads/2024/12/Dr.-Bob-Martin.png"",""id"":486828,""extension"":""png"",""width"":300,""height"":200}",[],false,false,,,2026-05-21 23:23:52,2026-05-22 04:23:52,true,true,,,
2026-09-30T13:59:37Z,kwel.com,https://www.kwel.com/wp-json/tribe/events/v1/events,40,10082944,kwel.com?id=10082944,Body Talk with Dr. Bill Dodson,2027-03-06 13:00:00,2027-03-06 19:00:00,2027-03-06 15:00:00,2027-03-06 21:00:00,America/Chicago,false,false,publish,https://kwel.com/event/body-talk-with-dr-bill-dodson/2027-03-06/,,,,"{""currency_symbol"":""$"",""currency_code"":""USD"",""currency_position"":""prefix"",""values"":[]}",[],[],[],[],<p>Paradigm Physical Therapy &#8211; LIVE AND LOCAL</p>,,"{""url"":""https://kwel.com/wp-content/uploads/2024/12/Bill-Dodson.png"",""id"":486852,""extension"":""png"",""width"":300,""height"":200}",[],false,false,,,2026-05-22 00:01:52,2026-05-22 05:01:52,true,true,,,
2026-09-30T13:59:37Z,kwel.com,https://www.kwel.com/wp-json/tribe/events/v1/events,40,10083727,kwel.com?id=10083727,The CC Auto Show,2027-03-06 15:00:00,2027-03-06 21:00:00,2027-03-06 17:00:00,2027-03-06 23:00:00,America/Chicago,false,false,publish,https://kwel.com/event/the-best-of-hoss-duggar/2027-03-06/,,,,"{""currency_symbol"":""$"",""currency_code"":""USD"",""currency_position"":""prefix"",""values"":[]}",[],[],[],[],,,false,[],false,false,,,2026-05-22 00:06:03,2026-05-22 05:06:03,true,true,,,
2026-09-30T13:59:37Z,kwel.com,https://www.kwel.com/wp-json/tribe/events/v1/events,40,10083988,kwel.com?id=10083988,The Pet Show,2027-03-06 17:00:00,2027-03-06 23:00:00,2027-03-06 19:00:00,2027-03-07 01:00:00,America/Chicago,false,false,publish,https://kwel.com/event/the-pet-show/2027-03-06/,,,,"{""currency_symbol"":""$"",""currency_code"":""USD"",""currency_position"":""prefix"",""values"":[]}",[],[],[],[],,,false,[],false,false,,,2026-05-22 00:07:14,2026-05-22 05:07:14,true,true,,,
2026-09-30T13:59:37Z,kwel.com,https://www.kwel.com/wp-json/tribe/events/v1/events,40,10084249,kwel.com?id=10084249,The Best of Hoss Duggar &#8211; PM,2027-03-06 19:00:00,2027-03-07 01:00:00,2027-03-06 19:30:00,2027-03-07 01:30:00,America/Chicago,false,false,publish,https://kwel.com/event/the-best-of-hoss-duggar-pm/2027-03-06/,,,,"{""currency_symbol"":""$"",""currency_code"":""USD"",""currency_position"":""prefix"",""values"":[]}",[],[],[],[],,,false,[],false,false,,,2026-05-22 00:08:01,2026-05-22 05:08:01,true,true,,,
2026-09-30T13:59:37Z,kwel.com,https://www.kwel.com/wp-json/tribe/events/v1/events,40,10084510,kwel.com?id=10084510,The Best of Keith Stretcher &#8211; Sat.,2027-03-06 19:30:00,2027-03-07 01:30:00,2027-03-06 20:00:00,2027-03-07 02:00:00,America/Chicago,false,false,publish,https://kwel.com/event/the-best-of-keith-stretcher-sat/2027-03-06/,,,,"{""currency_symbol"":""$"",""currency_code"":""USD"",""currency_position"":""prefix"",""values"":[]}",[],[],[],[],,,false,[],false,false,,,2026-05-22 00:09:06,2026-05-22 05:09:06,true,true,,,
2026-09-30T13:59:37Z,kwel.com,https://www.kwel.com/wp-json/tribe/events/v1/events,40,10086859,kwel.com?id=10086859,Rick Valdez,2027-03-06 20:00:00,2027-03-07 02:00:00,2027-03-07 00:00:00,2027-03-07 06:00:00,America/Chicago,false,false,publish,https://kwel.com/event/rick-valdez/2027-03-06/,,,,"{""currency_symbol"":""$"",""currency_code"":""USD"",""currency_position"":""prefix"",""values"":[]}",[],[],[],[],,,false,[],false,false,,,2026-05-22 00:25:00,2026-05-22 05:25:00,true,true,,,
2026-09-30T13:59:37Z,kwel.com,https://www.kwel.com/wp-json/tribe/events/v1/events,40,10087120,kwel.com?id=10087120,Kevin McCullough,2027-03-07 00:00:00,2027-03-07 06:00:00,2027-03-07 03:00:00,2027-03-07 09:00:00,America/Chicago,false,false,publish,https://kwel.com/event/kevin-mccullough/2027-03-07/,,,,"{""currency_symbol"":""$"",""currency_code"":""USD"",""currency_position"":""prefix"",""values"":[]}",[],[],[],[],,,false,[],false,false,,,2026-05-29 20:04:05,2026-05-30 01:04:05,true,true,,,
2026-09-30T13:59:37Z,kwel.com,https://www.kwel.com/wp-json/tribe/events/v1/events,40,10066834,kwel.com?id=10066834,Mike Gallagher &#8211; Sunday,2027-03-07 03:00:00,2027-03-07 09:00:00,2027-03-07 06:00:00,2027-03-07 12:00:00,America/Chicago,false,false,publish,https://kwel.com/event/mike-gallagher-4-3/2027-03-07/,,,,"{""currency_symbol"":""$"",""currency_code"":""USD"",""currency_position"":""prefix"",""values"":[]}",[],[],[],[],,,"{""url"":""https://kwel.com/wp-content/uploads/2026/05/Mike-Gallagher.png"",""id"":486804,""extension"":""png"",""width"":300,""height"":200}",[],false,false,,,2026-05-21 22:51:50,2026-05-22 03:51:50,true,true,,,
2026-09-30T13:59:37Z,kwel.com,https://www.kwel.com/wp-json/tribe/events/v1/events,40,10084771,kwel.com?id=10084771,The Best of Keith Stretcher &#8211; Sun.,2027-03-07 06:30:00,2027-03-07 12:30:00,2027-03-07 07:00:00,2027-03-07 13:00:00,America/Chicago,false,false,publish,https://kwel.com/event/the-best-of-keith-stretcher-sun/2027-03-07/,,,,"{""currency_symbol"":""$"",""currency_code"":""USD"",""currency_position"":""prefix"",""values"":[]}",[],[],[],[],,,false,[],false,false,,,2026-05-22 00:10:38,2026-05-22 05:10:38,true,true,,,
2026-09-30T13:59:37Z,kwel.com,https://www.kwel.com/wp-json/tribe/events/v1/events,40,10085032,kwel.com?id=10085032,Wall Builders &#8211; 7am,2027-03-07 07:00:00,2027-03-07 13:00:00,2027-03-07 07:30:00,2027-03-07 13:30:00,America/Chicago,false,false,publish,https://kwel.com/event/wall-builders-7am/2027-03-07/,,,,"{""currency_symbol"":""$"",""currency_code"":""USD"",""currency_position"":""prefix"",""values"":[]}",[],[],[],[],,,"{""url"":""https://kwel.com/wp-content/uploads/2026/05/Wall-Builders.png"",""id"":486877,""extension"":""png"",""width"":300,""height"":200}",[],false,false,,,2026-05-22 00:15:13,2026-05-22 05:15:13,true,true,,,
2026-09-30T13:59:37Z,kwel.com,https://www.kwel.com/wp-json/tribe/events/v1/events,40,10031789,kwel.com?id=10031789,Lutheran Hour &#8211; Family Shield- Sponsored by Grace Lutheran and Holy Cross Lutheran,2027-03-07 07:30:00,2027-03-07 13:30:00,2027-03-07 08:30:00,2027-03-07 14:30:00,America/Chicago,false,false,publish,https://kwel.com/event/lutheran-hour-family-shield-sponsored-by-grace-lutheran-and-holy-cross-lutheran/2027-03-07/,,,,"{""currency_symbol"":""$"",""currency_code"":""USD"",""currency_position"":""prefix"",""values"":[]}",[],[],[],[],,,false,[],false,false,,,2026-05-21 23:59:20,2026-05-22 04:59:20,true,true,,,
2026-09-30T13:59:37Z,kwel.com,https://www.kwel.com/wp-json/tribe/events/v1/events,40,10085293,kwel.com?id=10085293,Wall Builders &#8211; 8am,2027-03-07 08:00:00,2027-03-07 14:00:00,2027-03-07 08:30:00,2027-03-07 14:30:00,America/Chicago,false,false,publish,https://kwel.com/event/wall-builders-8am/2027-03-07/,,,,"{""currency_symbol"":""$"",""currency_code"":""USD"",""currency_position"":""prefix"",""values"":[]}",[],[],[],[],,,"{""url"":""https://kwel.com/wp-content/uploads/2026/05/Wall-Builders.png"",""id"":486877,""extension"":""png"",""width"":300,""height"":200}",[],false,false,,,2026-05-22 00:16:04,2026-05-22 05:16:04,true,true,,,
2026-09-30T13:59:37Z,kwel.com,https://www.kwel.com/wp-json/tribe/events/v1/events,40,10031154,kwel.com?id=10031154,Family Gospel Music Hour w/ Warren Bell,2027-03-07 08:30:00,2027-03-07 14:30:00,2027-03-07 09:30:00,2027-03-07 15:30:00,America/Chicago,false,false,publish,https://kwel.com/event/family-gospel-music-hour-sponsored-by-warren-bell/2027-03-07/,,,,"{""currency_symbol"":""$"",""currency_code"":""USD"",""currency_position"":""prefix"",""values"":[]}",[],[],[],[],,,false,[],false,false,,,2026-05-21 23:48:07,2026-05-22 04:48:07,true,true,,,
2026-09-30T13:59:37Z,kwel.com,https://www.kwel.com/wp-json/tribe/events/v1/events,40,10085815,kwel.com?id=10085815,ReNew Your Mind w. RC Sproul,2027-03-07 09:30:00,2027-03-07 15:30:00,2027-03-07 10:00:00,2027-03-07 16:00:00,America/Chicago,false,false,publish,https://kwel.com/event/renew-your-mind-w-rc-sproul/2027-03-07/,,,,"{""currency_symbol"":""$"",""currency_code"":""USD"",""currency_position"":""prefix"",""values"":[]}",[],[],[],[],,,false,[],false,false,,,2026-05-22 00:19:04,2026-05-22 05:19:04,true,true,,,
2026-09-30T13:59:37Z,kwel.com,https://www.kwel.com/wp-json/tribe/events/v1/events,40,10030159,kwel.com?id=10030159,Save the Cowboy,2027-03-07 10:00:00,2027-03-07 16:00:00,2027-03-07 10:30:00,2027-03-07 16:30:00,America/Chicago,false,false,publish,https://kwel.com/event/save-the-cowboy-sponsored-by-western-llc-2/2027-03-07/,,,,"{""currency_symbol"":""$"",""currency_code"":""USD"",""currency_position"":""prefix"",""values"":[]}",[],[],[],[],,,false,[],false,false,,,2026-05-21 23:58:20,2026-05-22 04:58:20,true,true,,,
2026-09-30T13:59:37Z,kwel.com,https://www.kwel.com/wp-json/tribe/events/v1/events,40,10029524,kwel.com?id=10029524,Kelview Heights Baptist Church,2027-03-07 10:30:00,2027-03-07 16:30:00,2027-03-07 11:00:00,2027-03-07 17:00:00,America/Chicago,false,false,publish,https://kwel.com/event/kelview-heights-baptist-church/2027-03-07/,,,,"{""currency_symbol"":""$"",""currency_code"":""USD"",""currency_position"":""prefix"",""values"":[]}",[],[],[],[],,,false,[],false,false,,,2026-05-21 23:57:15,2026-05-22 04:57:15,true,true,,,
2026-09-30T13:59:37Z,kwel.com,https://www.kwel.com/wp-json/tribe/events/v1/events,40,10086076,kwel.com?id=10086076,Through the Bible,2027-03-07 11:00:00,2027-03-07 17:00:00,2027-03-07 12:00:00,2027-03-07 18:00:00,America/Chicago,false,false,publish,https://kwel.com/event/through-the-bible/2027-03-07/,,,,"{""currency_symbol"":""$"",""currency_code"":""USD"",""currency_position"":""prefix"",""values"":[]}",[],[],[],[],,,false,[],false,false,,,2026-05-22 00:19:43,2026-05-22 05:19:43,true,true,,,
2026-09-30T13:59:37Z,kwel.com,https://www.kwel.com/wp-json/tribe/events/v1/events,40,10086337,kwel.com?id=10086337,The One of a Kind Financial Show w/ Mike,2027-03-07 12:00:00,2027-03-07 18:00:00,2027-03-07 13:00:00,2027-03-07 19:00:00,America/Chicago,false,false,publish,https://kwel.com/event/kline-marketing-financial-show/2027-03-07/,,,,"{""currency_symbol"":""$"",""currency_code"":""USD"",""currency_position"":""prefix"",""values"":[]}",[],[],[],[],"<p><span data-olk-copy-source=""MessageBody"">The One of a Kind Financial Show with Mike Milligan, CFP delivers story-first financial wisdom—covering taxes, retirement income, investments, long-term care, and legacy—empowering listeners to build a truly one-of-a-kind financial plan.</span></p>",,"{""url"":""https://kwel.com/wp-content/uploads/2026/05/One-of-a-kind-financial-show.png"",""id"":486911,""extension"":""png"",""width"":300,""height"":200}",[],false,false,,,2026-05-29 20:02:25,2026-05-30 01:02:25,true,true,,,
2026-09-30T13:59:37Z,kwel.com,https://www.kwel.com/wp-json/tribe/events/v1/events,40,10085554,kwel.com?id=10085554,Wall Builders &#8211; 1pm,2027-03-07 13:00:00,2027-03-07 19:00:00,2027-03-07 14:00:00,2027-03-07 20:00:00,America/Chicago,false,false,publish,https://kwel.com/event/wall-builders-1pm/2027-03-07/,,,,"{""currency_symbol"":""$"",""currency_code"":""USD"",""currency_position"":""prefix"",""values"":[]}",[],[],[],[],,,"{""url"":""https://kwel.com/wp-content/uploads/2026/05/Wall-Builders.png"",""id"":486877,""extension"":""png"",""width"":300,""height"":200}",[],false,false,,,2026-05-22 00:17:07,2026-05-22 05:17:07,true,true,,,
2026-09-30T13:59:37Z,kwel.com,https://www.kwel.com/wp-json/tribe/events/v1/events,40,10081949,kwel.com?id=10081949,Gun Talk,2027-03-07 14:00:00,2027-03-07 20:00:00,2027-03-07 17:00:00,2027-03-07 23:00:00,America/Chicago,false,false,publish,https://kwel.com/event/gun-talk-2/2027-03-07/,,,,"{""currency_symbol"":""$"",""currency_code"":""USD"",""currency_position"":""prefix"",""values"":[]}",[],[],[],[],,,false,[],false,false,,,2026-05-21 23:51:02,2026-05-22 04:51:02,true,true,,,
2026-09-30T13:59:37Z,kwel.com,https://www.kwel.com/wp-json/tribe/events/v1/events,40,10074306,kwel.com?id=10074306,Larry Elder &#8211; Sunday,2027-03-07 17:00:00,2027-03-07 23:00:00,2027-03-07 19:00:00,2027-03-08 01:00:00,America/Chicago,false,false,publish,https://kwel.com/event/larry-elder-sunday/2027-03-07/,,,,"{""currency_symbol"":""$"",""currency_code"":""USD"",""currency_position"":""prefix"",""values"":[]}",[],[],[],[],,,"{""url"":""https://kwel.com/wp-content/uploads/2026/05/Larry-Elder.png"",""id"":486802,""extension"":""png"",""width"":300,""height"":200}",[],false,false,,,2026-05-21 23:10:20,2026-05-22 04:10:20,true,true,,,
2026-09-30T13:59:37Z,kwel.com,https://www.kwel.com/wp-json/tribe/events/v1/events,40,10041692,kwel.com?id=10041692,Armed American Radio,2027-03-07 19:00:00,2027-03-08 01:00:00,2027-03-07 22:00:00,2027-03-08 04:00:00,America/Chicago,false,false,publish,https://kwel.com/event/armed-american-radio/2027-03-07/,,,,"{""currency_symbol"":""$"",""currency_code"":""USD"",""currency_position"":""prefix"",""values"":[]}",[],[],[],[],,,false,[],false,false,,,2026-05-21 23:55:59,2026-05-22 04:55:59,true,true,,,
2026-09-30T13:59:37Z,kwel.com,https://www.kwel.com/wp-json/tribe/events/v1/events,40,10086598,kwel.com?id=10086598,Wall Builders &#8211; 10pm,2027-03-07 22:00:00,2027-03-08 04:00:00,2027-03-08 00:00:00,2027-03-08 06:00:00,America/Chicago,false,false,publish,https://kwel.com/event/wall-builders-10pm/2027-03-07/,,,,"{""currency_symbol"":""$"",""currency_code"":""USD"",""currency_position"":""prefix"",""values"":[]}",[],[],[],[],,,"{""url"":""https://kwel.com/wp-content/uploads/2026/05/Wall-Builders.png"",""id"":486877,""extension"":""png"",""width"":300,""height"":200}",[],false,false,,,2026-05-22 00:22:52,2026-05-22 05:22:52,true,true,,,
2026-09-30T13:59:37Z,kwel.com,https://www.kwel.com/wp-json/tribe/events/v1/events,41,10071863,kwel.com?id=10071863,Larry Elder,2027-03-08 02:00:00,2027-03-08 08:00:00,2027-03-08 05:00:00,2027-03-08 11:00:00,America/Chicago,false,false,publish,https://kwel.com/event/larry-elder-2/2027-03-08/,,,,"{""currency_symbol"":""$"",""currency_code"":""USD"",""currency_position"":""prefix"",""values"":[]}",[],[],[],[],,,"{""url"":""https://kwel.com/wp-content/uploads/2026/05/Larry-Elder.png"",""id"":486802,""extension"":""png"",""width"":300,""height"":200}",[],false,false,,,2026-05-21 23:52:47,2026-05-22 04:52:47,true,true,,,
2026-09-30T13:59:37Z,kwel.com,https://www.kwel.com/wp-json/tribe/events/v1/events,41,10055107,kwel.com?id=10055107,America in the Morning,2027-03-08 05:00:00,2027-03-08 11:00:00,2027-03-08 06:00:00,2027-03-08 12:00:00,America/Chicago,false,false,publish,https://kwel.com/event/america-in-the-morning/2027-03-08/,,,,"{""currency_symbol"":""$"",""currency_code"":""USD"",""currency_position"":""prefix"",""values"":[]}",[],[],[],[],,,"{""url"":""https://kwel.com/wp-content/uploads/2026/05/America-in-the-Morning.png"",""id"":486797,""extension"":""png"",""width"":300,""height"":200}",[],false,false,,,2026-05-21 23:04:52,2026-05-22 04:04:52,true,true,,,
2026-09-30T13:59:37Z,kwel.com,https://www.kwel.com/wp-json/tribe/events/v1/events,41,10012053,kwel.com?id=10012053,The Morning Show with Craig Anderson &#038; Lisa Kay,2027-03-08 06:00:00,2027-03-08 12:00:00,2027-03-08 10:00:00,2027-03-08 16:00:00,America/Chicago,false,false,publish,https://kwel.com/event/the-morning-show-with-craig-anderson-2/2027-03-08/,,,,"{""currency_symbol"":""$"",""currency_code"":""USD"",""currency_position"":""prefix"",""values"":[]}",[],[],[],[],<p>Local and streaming live!</p>,,"{""url"":""https://kwel.com/wp-content/uploads/2026/05/Craig-and-Lisa-1.png"",""id"":486798,""extension"":""png"",""width"":300,""height"":200}",[],false,false,,,2026-05-21 23:18:43,2026-05-22 04:18:43,true,true,,,
2026-09-30T13:59:37Z,kwel.com,https://www.kwel.com/wp-json/tribe/events/v1/events,41,10059174,kwel.com?id=10059174,Mike Gallagher &#8211; AM,2027-03-08 10:00:00,2027-03-08 16:00:00,2027-03-08 11:00:00,2027-03-08 17:00:00,America/Chicago,false,false,publish,https://kwel.com/event/mike-gallagher-am-2/2027-03-08/,,,,"{""currency_symbol"":""$"",""currency_code"":""USD"",""currency_position"":""prefix"",""values"":[]}",[],[],[],[],,,"{""url"":""https://kwel.com/wp-content/uploads/2026/05/Mike-Gallagher.png"",""id"":486804,""extension"":""png"",""width"":300,""height"":200}",[],false,false,,,2026-05-21 22:43:18,2026-05-22 03:43:18,true,true,,,
2026-09-30T13:59:37Z,kwel.com,https://www.kwel.com/wp-json/tribe/events/v1/events,41,10075880,kwel.com?id=10075880,Alex Marlow,2027-03-08 11:00:00,2027-03-08 17:00:00,2027-03-08 12:00:00,2027-03-08 18:00:00,America/Chicago,false,false,publish,https://kwel.com/event/alex-marlow/2027-03-08/,,,,"{""currency_symbol"":""$"",""currency_code"":""USD"",""currency_position"":""prefix"",""values"":[]}",[],[],[],[],,,"{""url"":""https://kwel.com/wp-content/uploads/2026/05/Alex-Marlow.png"",""id"":486796,""extension"":""png"",""width"":300,""height"":200}",[],false,false,,,2026-05-21 23:33:23,2026-05-22 04:33:23,true,true,,,
2026-09-30T13:59:37Z,kwel.com,https://www.kwel.com/wp-json/tribe/events/v1/events,41,10077185,kwel.com?id=10077185,Scott Jennings Show,2027-03-08 12:00:00,2027-03-08 18:00:00,2027-03-08 13:00:00,2027-03-08 19:00:00,America/Chicago,false,false,publish,https://kwel.com/event/scott-jennings/2027-03-08/,,,,"{""currency_symbol"":""$"",""currency_code"":""USD"",""currency_position"":""prefix"",""values"":[]}",[],[],[],[],,,"{""url"":""https://kwel.com/wp-content/uploads/2026/05/Scott-Jennings.png"",""id"":486807,""extension"":""png"",""width"":300,""height"":200}",[],false,false,,,2026-05-21 23:37:53,2026-05-22 04:37:53,true,true,,,
2026-09-30T13:59:37Z,kwel.com,https://www.kwel.com/wp-json/tribe/events/v1/events,41,10064392,kwel.com?id=10064392,Dave Ramsey,2027-03-08 13:00:00,2027-03-08 19:00:00,2027-03-08 15:00:00,2027-03-08 21:00:00,America/Chicago,false,false,publish,https://kwel.com/event/dave-ramsey/2027-03-08/,,,,"{""currency_symbol"":""$"",""currency_code"":""USD"",""currency_position"":""prefix"",""values"":[]}",[],[],[],[],,,"{""url"":""https://kwel.com/wp-content/uploads/2026/05/Dave-Ramsey.png"",""id"":486800,""extension"":""png"",""width"":300,""height"":200}",[],false,false,,,2026-05-21 22:58:20,2026-05-22 03:58:20,true,true,,,
2026-09-30T13:59:37Z,kwel.com,https://www.kwel.com/wp-json/tribe/events/v1/events,41,10061782,kwel.com?id=10061782,Tall City Talk,2027-03-08 15:00:00,2027-03-08 21:00:00,2027-03-08 17:00:00,2027-03-08 23:00:00,America/Chicago,false,false,publish,https://kwel.com/event/patriot-call/2027-03-08/,,,,"{""currency_symbol"":""$"",""currency_code"":""USD"",""currency_position"":""prefix"",""values"":[]}",[],[],[],[],,,"{""url"":""https://kwel.com/wp-content/uploads/2026/06/Tall-City-Talk-image-1.png"",""id"":487032,""extension"":""png"",""width"":300,""height"":200}",[],false,false,,,2026-06-12 11:20:35,2026-06-12 16:20:35,true,true,,,
2026-09-30T13:59:37Z,kwel.com,https://www.kwel.com/wp-json/tribe/events/v1/events,41,10051550,kwel.com?id=10051550,Mark Levin,2027-03-08 17:00:00,2027-03-08 23:00:00,2027-03-08 20:00:00,2027-03-09 02:00:00,America/Chicago,false,false,publish,https://kwel.com/event/mark-levin-2/2027-03-08/,,,,"{""currency_symbol"":""$"",""currency_code"":""USD"",""currency_position"":""prefix"",""values"":[]}",[],[],[],[],,,"{""url"":""https://kwel.com/wp-content/uploads/2026/05/Mark-Levin.png"",""id"":486803,""extension"":""png"",""width"":300,""height"":200}",[],false,false,,,2026-05-21 23:20:02,2026-05-22 04:20:02,true,true,,,
2026-09-30T13:59:37Z,kwel.com,https://www.kwel.com/wp-json/tribe/events/v1/events,41,10079793,kwel.com?id=10079793,Scott Jennings Show &#8211; PM,2027-03-08 20:00:00,2027-03-09 02:00:00,2027-03-08 21:00:00,2027-03-09 03:00:00,America/Chicago,false,false,publish,https://kwel.com/event/scott-jennings-show-pm/2027-03-08/,,,,"{""currency_symbol"":""$"",""currency_code"":""USD"",""currency_position"":""prefix"",""values"":[]}",[],[],[],[],,,"{""url"":""https://kwel.com/wp-content/uploads/2026/05/Scott-Jennings.png"",""id"":486807,""extension"":""png"",""width"":300,""height"":200}",[],false,false,,,2026-05-21 23:38:26,2026-05-22 04:38:26,true,true,,,
2026-09-30T13:59:37Z,kwel.com,https://www.kwel.com/wp-json/tribe/events/v1/events,41,10065696,kwel.com?id=10065696,Mike Gallagher &#8211; PM,2027-03-08 21:00:00,2027-03-09 03:00:00,2027-03-08 23:00:00,2027-03-09 05:00:00,America/Chicago,false,false,publish,https://kwel.com/event/mike-gallagher-4-2/2027-03-08/,,,,"{""currency_symbol"":""$"",""currency_code"":""USD"",""currency_position"":""prefix"",""values"":[]}",[],[],[],[],,,"{""url"":""https://kwel.com/wp-content/uploads/2026/05/Mike-Gallagher.png"",""id"":486804,""extension"":""png"",""width"":300,""height"":200}",[],false,false,,,2026-05-21 22:45:14,2026-05-22 03:45:14,true,true,,,
2026-09-30T13:59:37Z,kwel.com,https://www.kwel.com/wp-json/tribe/events/v1/events,41,10027667,kwel.com?id=10027667,Hugh Hewitt,2027-03-08 23:00:00,2027-03-09 05:00:00,2027-03-09 02:00:00,2027-03-09 08:00:00,America/Chicago,false,false,publish,https://kwel.com/event/hugh-hewitt/2027-03-08/,,,,"{""currency_symbol"":""$"",""currency_code"":""USD"",""currency_position"":""prefix"",""values"":[]}",[],[],[],[],,,"{""url"":""https://kwel.com/wp-content/uploads/2026/05/Hugh-Hewitt.png"",""id"":486801,""extension"":""png"",""width"":300,""height"":200}",[],false,false,,,2026-05-21 23:21:01,2026-05-22 04:21:01,true,true,,,
2026-09-30T13:59:37Z,kwel.com,https://www.kwel.com/wp-json/tribe/events/v1/events,41,10071864,kwel.com?id=10071864,Larry Elder,2027-03-09 02:00:00,2027-03-09 08:00:00,2027-03-09 05:00:00,2027-03-09 11:00:00,America/Chicago,false,false,publish,https://kwel.com/event/larry-elder-2/2027-03-09/,,,,"{""currency_symbol"":""$"",""currency_code"":""USD"",""currency_position"":""prefix"",""values"":[]}",[],[],[],[],,,"{""url"":""https://kwel.com/wp-content/uploads/2026/05/Larry-Elder.png"",""id"":486802,""extension"":""png"",""width"":300,""height"":200}",[],false,false,,,2026-05-21 23:52:47,2026-05-22 04:52:47,true,true,,,
2026-09-30T13:59:37Z,kwel.com,https://www.kwel.com/wp-json/tribe/events/v1/events,41,10055108,kwel.com?id=10055108,America in the Morning,2027-03-09 05:00:00,2027-03-09 11:00:00,2027-03-09 06:00:00,2027-03-09 12:00:00,America/Chicago,false,false,publish,https://kwel.com/event/america-in-the-morning/2027-03-09/,,,,"{""currency_symbol"":""$"",""currency_code"":""USD"",""currency_position"":""prefix"",""values"":[]}",[],[],[],[],,,"{""url"":""https://kwel.com/wp-content/uploads/2026/05/America-in-the-Morning.png"",""id"":486797,""extension"":""png"",""width"":300,""height"":200}",[],false,false,,,2026-05-21 23:04:52,2026-05-22 04:04:52,true,true,,,
2026-09-30T13:59:37Z,kwel.com,https://www.kwel.com/wp-json/tribe/events/v1/events,41,10012054,kwel.com?id=10012054,The Morning Show with Craig Anderson &#038; Lisa Kay,2027-03-09 06:00:00,2027-03-09 12:00:00,2027-03-09 10:00:00,2027-03-09 16:00:00,America/Chicago,false,false,publish,https://kwel.com/event/the-morning-show-with-craig-anderson-2/2027-03-09/,,,,"{""currency_symbol"":""$"",""currency_code"":""USD"",""currency_position"":""prefix"",""values"":[]}",[],[],[],[],<p>Local and streaming live!</p>,,"{""url"":""https://kwel.com/wp-content/uploads/2026/05/Craig-and-Lisa-1.png"",""id"":486798,""extension"":""png"",""width"":300,""height"":200}",[],false,false,,,2026-05-21 23:18:43,2026-05-22 04:18:43,true,true,,,
2026-09-30T13:59:37Z,kwel.com,https://www.kwel.com/wp-json/tribe/events/v1/events,41,10059175,kwel.com?id=10059175,Mike Gallagher &#8211; AM,2027-03-09 10:00:00,2027-03-09 16:00:00,2027-03-09 11:00:00,2027-03-09 17:00:00,America/Chicago,false,false,publish,https://kwel.com/event/mike-gallagher-am-2/2027-03-09/,,,,"{""currency_symbol"":""$"",""currency_code"":""USD"",""currency_position"":""prefix"",""values"":[]}",[],[],[],[],,,"{""url"":""https://kwel.com/wp-content/uploads/2026/05/Mike-Gallagher.png"",""id"":486804,""extension"":""png"",""width"":300,""height"":200}",[],false,false,,,2026-05-21 22:43:18,2026-05-22 03:43:18,true,true,,,
2026-09-30T13:59:37Z,kwel.com,https://www.kwel.com/wp-json/tribe/events/v1/events,41,10075881,kwel.com?id=10075881,Alex Marlow,2027-03-09 11:00:00,2027-03-09 17:00:00,2027-03-09 12:00:00,2027-03-09 18:00:00,America/Chicago,false,false,publish,https://kwel.com/event/alex-marlow/2027-03-09/,,,,"{""currency_symbol"":""$"",""currency_code"":""USD"",""currency_position"":""prefix"",""values"":[]}",[],[],[],[],,,"{""url"":""https://kwel.com/wp-content/uploads/2026/05/Alex-Marlow.png"",""id"":486796,""extension"":""png"",""width"":300,""height"":200}",[],false,false,,,2026-05-21 23:33:23,2026-05-22 04:33:23,true,true,,,
2026-09-30T13:59:37Z,kwel.com,https://www.kwel.com/wp-json/tribe/events/v1/events,41,10077186,kwel.com?id=10077186,Scott Jennings Show,2027-03-09 12:00:00,2027-03-09 18:00:00,2027-03-09 13:00:00,2027-03-09 19:00:00,America/Chicago,false,false,publish,https://kwel.com/event/scott-jennings/2027-03-09/,,,,"{""currency_symbol"":""$"",""currency_code"":""USD"",""currency_position"":""prefix"",""values"":[]}",[],[],[],[],,,"{""url"":""https://kwel.com/wp-content/uploads/2026/05/Scott-Jennings.png"",""id"":486807,""extension"":""png"",""width"":300,""height"":200}",[],false,false,,,2026-05-21 23:37:53,2026-05-22 04:37:53,true,true,,,
2026-09-30T13:59:37Z,kwel.com,https://www.kwel.com/wp-json/tribe/events/v1/events,41,10064393,kwel.com?id=10064393,Dave Ramsey,2027-03-09 13:00:00,2027-03-09 19:00:00,2027-03-09 15:00:00,2027-03-09 21:00:00,America/Chicago,false,false,publish,https://kwel.com/event/dave-ramsey/2027-03-09/,,,,"{""currency_symbol"":""$"",""currency_code"":""USD"",""currency_position"":""prefix"",""values"":[]}",[],[],[],[],,,"{""url"":""https://kwel.com/wp-content/uploads/2026/05/Dave-Ramsey.png"",""id"":486800,""extension"":""png"",""width"":300,""height"":200}",[],false,false,,,2026-05-21 22:58:20,2026-05-22 03:58:20,true,true,,,
2026-09-30T13:59:37Z,kwel.com,https://www.kwel.com/wp-json/tribe/events/v1/events,41,10061783,kwel.com?id=10061783,Tall City Talk,2027-03-09 15:00:00,2027-03-09 21:00:00,2027-03-09 17:00:00,2027-03-09 23:00:00,America/Chicago,false,false,publish,https://kwel.com/event/patriot-call/2027-03-09/,,,,"{""currency_symbol"":""$"",""currency_code"":""USD"",""currency_position"":""prefix"",""values"":[]}",[],[],[],[],,,"{""url"":""https://kwel.com/wp-content/uploads/2026/06/Tall-City-Talk-image-1.png"",""id"":487032,""extension"":""png"",""width"":300,""height"":200}",[],false,false,,,2026-06-12 11:20:35,2026-06-12 16:20:35,true,true,,,
2026-09-30T13:59:37Z,kwel.com,https://www.kwel.com/wp-json/tribe/events/v1/events,41,10051551,kwel.com?id=10051551,Mark Levin,2027-03-09 17:00:00,2027-03-09 23:00:00,2027-03-09 20:00:00,2027-03-10 02:00:00,America/Chicago,false,false,publish,https://kwel.com/event/mark-levin-2/2027-03-09/,,,,"{""currency_symbol"":""$"",""currency_code"":""USD"",""currency_position"":""prefix"",""values"":[]}",[],[],[],[],,,"{""url"":""https://kwel.com/wp-content/uploads/2026/05/Mark-Levin.png"",""id"":486803,""extension"":""png"",""width"":300,""height"":200}",[],false,false,,,2026-05-21 23:20:02,2026-05-22 04:20:02,true,true,,,
2026-09-30T13:59:37Z,kwel.com,https://www.kwel.com/wp-json/tribe/events/v1/events,41,10079794,kwel.com?id=10079794,Scott Jennings Show &#8211; PM,2027-03-09 20:00:00,2027-03-10 02:00:00,2027-03-09 21:00:00,2027-03-10 03:00:00,America/Chicago,false,false,publish,https://kwel.com/event/scott-jennings-show-pm/2027-03-09/,,,,"{""currency_symbol"":""$"",""currency_code"":""USD"",""currency_position"":""prefix"",""values"":[]}",[],[],[],[],,,"{""url"":""https://kwel.com/wp-content/uploads/2026/05/Scott-Jennings.png"",""id"":486807,""extension"":""png"",""width"":300,""height"":200}",[],false,false,,,2026-05-21 23:38:26,2026-05-22 04:38:26,true,true,,,
2026-09-30T13:59:37Z,kwel.com,https://www.kwel.com/wp-json/tribe/events/v1/events,41,10065697,kwel.com?id=10065697,Mike Gallagher &#8211; PM,2027-03-09 21:00:00,2027-03-10 03:00:00,2027-03-09 23:00:00,2027-03-10 05:00:00,America/Chicago,false,false,publish,https://kwel.com/event/mike-gallagher-4-2/2027-03-09/,,,,"{""currency_symbol"":""$"",""currency_code"":""USD"",""currency_position"":""prefix"",""values"":[]}",[],[],[],[],,,"{""url"":""https://kwel.com/wp-content/uploads/2026/05/Mike-Gallagher.png"",""id"":486804,""extension"":""png"",""width"":300,""height"":200}",[],false,false,,,2026-05-21 22:45:14,2026-05-22 03:45:14,true,true,,,
2026-09-30T13:59:37Z,kwel.com,https://www.kwel.com/wp-json/tribe/events/v1/events,41,10027668,kwel.com?id=10027668,Hugh Hewitt,2027-03-09 23:00:00,2027-03-10 05:00:00,2027-03-10 02:00:00,2027-03-10 08:00:00,America/Chicago,false,false,publish,https://kwel.com/event/hugh-hewitt/2027-03-09/,,,,"{""currency_symbol"":""$"",""currency_code"":""USD"",""currency_position"":""prefix"",""values"":[]}",[],[],[],[],,,"{""url"":""https://kwel.com/wp-content/uploads/2026/05/Hugh-Hewitt.png"",""id"":486801,""extension"":""png"",""width"":300,""height"":200}",[],false,false,,,2026-05-21 23:21:01,2026-05-22 04:21:01,true,true,,,
2026-09-30T13:59:37Z,kwel.com,https://www.kwel.com/wp-json/tribe/events/v1/events,41,10071865,kwel.com?id=10071865,Larry Elder,2027-03-10 02:00:00,2027-03-10 08:00:00,2027-03-10 05:00:00,2027-03-10 11:00:00,America/Chicago,false,false,publish,https://kwel.com/event/larry-elder-2/2027-03-10/,,,,"{""currency_symbol"":""$"",""currency_code"":""USD"",""currency_position"":""prefix"",""values"":[]}",[],[],[],[],,,"{""url"":""https://kwel.com/wp-content/uploads/2026/05/Larry-Elder.png"",""id"":486802,""extension"":""png"",""width"":300,""height"":200}",[],false,false,,,2026-05-21 23:52:47,2026-05-22 04:52:47,true,true,,,
2026-09-30T13:59:37Z,kwel.com,https://www.kwel.com/wp-json/tribe/events/v1/events,41,10055109,kwel.com?id=10055109,America in the Morning,2027-03-10 05:00:00,2027-03-10 11:00:00,2027-03-10 06:00:00,2027-03-10 12:00:00,America/Chicago,false,false,publish,https://kwel.com/event/america-in-the-morning/2027-03-10/,,,,"{""currency_symbol"":""$"",""currency_code"":""USD"",""currency_position"":""prefix"",""values"":[]}",[],[],[],[],,,"{""url"":""https://kwel.com/wp-content/uploads/2026/05/America-in-the-Morning.png"",""id"":486797,""extension"":""png"",""width"":300,""height"":200}",[],false,false,,,2026-05-21 23:04:52,2026-05-22 04:04:52,true,true,,,
2026-09-30T13:59:37Z,kwel.com,https://www.kwel.com/wp-json/tribe/events/v1/events,41,10012055,kwel.com?id=10012055,The Morning Show with Craig Anderson &#038; Lisa Kay,2027-03-10 06:00:00,2027-03-10 12:00:00,2027-03-10 10:00:00,2027-03-10 16:00:00,America/Chicago,false,false,publish,https://kwel.com/event/the-morning-show-with-craig-anderson-2/2027-03-10/,,,,"{""currency_symbol"":""$"",""currency_code"":""USD"",""currency_position"":""prefix"",""values"":[]}",[],[],[],[],<p>Local and streaming live!</p>,,"{""url"":""https://kwel.com/wp-content/uploads/2026/05/Craig-and-Lisa-1.png"",""id"":486798,""extension"":""png"",""width"":300,""height"":200}",[],false,false,,,2026-05-21 23:18:43,2026-05-22 04:18:43,true,true,,,
2026-09-30T13:59:37Z,kwel.com,https://www.kwel.com/wp-json/tribe/events/v1/events,41,10059176,kwel.com?id=10059176,Mike Gallagher &#8211; AM,2027-03-10 10:00:00,2027-03-10 16:00:00,2027-03-10 11:00:00,2027-03-10 17:00:00,America/Chicago,false,false,publish,https://kwel.com/event/mike-gallagher-am-2/2027-03-10/,,,,"{""currency_symbol"":""$"",""currency_code"":""USD"",""currency_position"":""prefix"",""values"":[]}",[],[],[],[],,,"{""url"":""https://kwel.com/wp-content/uploads/2026/05/Mike-Gallagher.png"",""id"":486804,""extension"":""png"",""width"":300,""height"":200}",[],false,false,,,2026-05-21 22:43:18,2026-05-22 03:43:18,true,true,,,
2026-09-30T13:59:37Z,kwel.com,https://www.kwel.com/wp-json/tribe/events/v1/events,41,10075882,kwel.com?id=10075882,Alex Marlow,2027-03-10 11:00:00,2027-03-10 17:00:00,2027-03-10 12:00:00,2027-03-10 18:00:00,America/Chicago,false,false,publish,https://kwel.com/event/alex-marlow/2027-03-10/,,,,"{""currency_symbol"":""$"",""currency_code"":""USD"",""currency_position"":""prefix"",""values"":[]}",[],[],[],[],,,"{""url"":""https://kwel.com/wp-content/uploads/2026/05/Alex-Marlow.png"",""id"":486796,""extension"":""png"",""width"":300,""height"":200}",[],false,false,,,2026-05-21 23:33:23,2026-05-22 04:33:23,true,true,,,
2026-09-30T13:59:37Z,kwel.com,https://www.kwel.com/wp-json/tribe/events/v1/events,41,10077187,kwel.com?id=10077187,Scott Jennings Show,2027-03-10 12:00:00,2027-03-10 18:00:00,2027-03-10 13:00:00,2027-03-10 19:00:00,America/Chicago,false,false,publish,https://kwel.com/event/scott-jennings/2027-03-10/,,,,"{""currency_symbol"":""$"",""currency_code"":""USD"",""currency_position"":""prefix"",""values"":[]}",[],[],[],[],,,"{""url"":""https://kwel.com/wp-content/uploads/2026/05/Scott-Jennings.png"",""id"":486807,""extension"":""png"",""width"":300,""height"":200}",[],false,false,,,2026-05-21 23:37:53,2026-05-22 04:37:53,true,true,,,
2026-09-30T13:59:37Z,kwel.com,https://www.kwel.com/wp-json/tribe/events/v1/events,41,10064394,kwel.com?id=10064394,Dave Ramsey,2027-03-10 13:00:00,2027-03-10 19:00:00,2027-03-10 15:00:00,2027-03-10 21:00:00,America/Chicago,false,false,publish,https://kwel.com/event/dave-ramsey/2027-03-10/,,,,"{""currency_symbol"":""$"",""currency_code"":""USD"",""currency_position"":""prefix"",""values"":[]}",[],[],[],[],,,"{""url"":""https://kwel.com/wp-content/uploads/2026/05/Dave-Ramsey.png"",""id"":486800,""extension"":""png"",""width"":300,""height"":200}",[],false,false,,,2026-05-21 22:58:20,2026-05-22 03:58:20,true,true,,,
2026-09-30T13:59:37Z,kwel.com,https://www.kwel.com/wp-json/tribe/events/v1/events,41,10061784,kwel.com?id=10061784,Tall City Talk,2027-03-10 15:00:00,2027-03-10 21:00:00,2027-03-10 17:00:00,2027-03-10 23:00:00,America/Chicago,false,false,publish,https://kwel.com/event/patriot-call/2027-03-10/,,,,"{""currency_symbol"":""$"",""currency_code"":""USD"",""currency_position"":""prefix"",""values"":[]}",[],[],[],[],,,"{""url"":""https://kwel.com/wp-content/uploads/2026/06/Tall-City-Talk-image-1.png"",""id"":487032,""extension"":""png"",""width"":300,""height"":200}",[],false,false,,,2026-06-12 11:20:35,2026-06-12 16:20:35,true,true,,,
2026-09-30T13:59:37Z,kwel.com,https://www.kwel.com/wp-json/tribe/events/v1/events,41,10051552,kwel.com?id=10051552,Mark Levin,2027-03-10 17:00:00,2027-03-10 23:00:00,2027-03-10 20:00:00,2027-03-11 02:00:00,America/Chicago,false,false,publish,https://kwel.com/event/mark-levin-2/2027-03-10/,,,,"{""currency_symbol"":""$"",""currency_code"":""USD"",""currency_position"":""prefix"",""values"":[]}",[],[],[],[],,,"{""url"":""https://kwel.com/wp-content/uploads/2026/05/Mark-Levin.png"",""id"":486803,""extension"":""png"",""width"":300,""height"":200}",[],false,false,,,2026-05-21 23:20:02,2026-05-22 04:20:02,true,true,,,
2026-09-30T13:59:37Z,kwel.com,https://www.kwel.com/wp-json/tribe/events/v1/events,41,10079795,kwel.com?id=10079795,Scott Jennings Show &#8211; PM,2027-03-10 20:00:00,2027-03-11 02:00:00,2027-03-10 21:00:00,2027-03-11 03:00:00,America/Chicago,false,false,publish,https://kwel.com/event/scott-jennings-show-pm/2027-03-10/,,,,"{""currency_symbol"":""$"",""currency_code"":""USD"",""currency_position"":""prefix"",""values"":[]}",[],[],[],[],,,"{""url"":""https://kwel.com/wp-content/uploads/2026/05/Scott-Jennings.png"",""id"":486807,""extension"":""png"",""width"":300,""height"":200}",[],false,false,,,2026-05-21 23:38:26,2026-05-22 04:38:26,true,true,,,
2026-09-30T13:59:37Z,kwel.com,https://www.kwel.com/wp-json/tribe/events/v1/events,41,10065698,kwel.com?id=10065698,Mike Gallagher &#8211; PM,2027-03-10 21:00:00,2027-03-11 03:00:00,2027-03-10 23:00:00,2027-03-11 05:00:00,America/Chicago,false,false,publish,https://kwel.com/event/mike-gallagher-4-2/2027-03-10/,,,,"{""currency_symbol"":""$"",""currency_code"":""USD"",""currency_position"":""prefix"",""values"":[]}",[],[],[],[],,,"{""url"":""https://kwel.com/wp-content/uploads/2026/05/Mike-Gallagher.png"",""id"":486804,""extension"":""png"",""width"":300,""height"":200}",[],false,false,,,2026-05-21 22:45:14,2026-05-22 03:45:14,true,true,,,
2026-09-30T13:59:37Z,kwel.com,https://www.kwel.com/wp-json/tribe/events/v1/events,41,10027669,kwel.com?id=10027669,Hugh Hewitt,2027-03-10 23:00:00,2027-03-11 05:00:00,2027-03-11 02:00:00,2027-03-11 08:00:00,America/Chicago,false,false,publish,https://kwel.com/event/hugh-hewitt/2027-03-10/,,,,"{""currency_symbol"":""$"",""currency_code"":""USD"",""currency_position"":""prefix"",""values"":[]}",[],[],[],[],,,"{""url"":""https://kwel.com/wp-content/uploads/2026/05/Hugh-Hewitt.png"",""id"":486801,""extension"":""png"",""width"":300,""height"":200}",[],false,false,,,2026-05-21 23:21:01,2026-05-22 04:21:01,true,true,,,
2026-09-30T13:59:37Z,kwel.com,https://www.kwel.com/wp-json/tribe/events/v1/events,41,10071866,kwel.com?id=10071866,Larry Elder,2027-03-11 02:00:00,2027-03-11 08:00:00,2027-03-11 05:00:00,2027-03-11 11:00:00,America/Chicago,false,false,publish,https://kwel.com/event/larry-elder-2/2027-03-11/,,,,"{""currency_symbol"":""$"",""currency_code"":""USD"",""currency_position"":""prefix"",""values"":[]}",[],[],[],[],,,"{""url"":""https://kwel.com/wp-content/uploads/2026/05/Larry-Elder.png"",""id"":486802,""extension"":""png"",""width"":300,""height"":200}",[],false,false,,,2026-05-21 23:52:47,2026-05-22 04:52:47,true,true,,,
2026-09-30T13:59:37Z,kwel.com,https://www.kwel.com/wp-json/tribe/events/v1/events,41,10055110,kwel.com?id=10055110,America in the Morning,2027-03-11 05:00:00,2027-03-11 11:00:00,2027-03-11 06:00:00,2027-03-11 12:00:00,America/Chicago,false,false,publish,https://kwel.com/event/america-in-the-morning/2027-03-11/,,,,"{""currency_symbol"":""$"",""currency_code"":""USD"",""currency_position"":""prefix"",""values"":[]}",[],[],[],[],,,"{""url"":""https://kwel.com/wp-content/uploads/2026/05/America-in-the-Morning.png"",""id"":486797,""extension"":""png"",""width"":300,""height"":200}",[],false,false,,,2026-05-21 23:04:52,2026-05-22 04:04:52,true,true,,,
2026-09-30T13:59:37Z,kwel.com,https://www.kwel.com/wp-json/tribe/events/v1/events,41,10012056,kwel.com?id=10012056,The Morning Show with Craig Anderson &#038; Lisa Kay,2027-03-11 06:00:00,2027-03-11 12:00:00,2027-03-11 10:00:00,2027-03-11 16:00:00,America/Chicago,false,false,publish,https://kwel.com/event/the-morning-show-with-craig-anderson-2/2027-03-11/,,,,"{""currency_symbol"":""$"",""currency_code"":""USD"",""currency_position"":""prefix"",""values"":[]}",[],[],[],[],<p>Local and streaming live!</p>,,"{""url"":""https://kwel.com/wp-content/uploads/2026/05/Craig-and-Lisa-1.png"",""id"":486798,""extension"":""png"",""width"":300,""height"":200}",[],false,false,,,2026-05-21 23:18:43,2026-05-22 04:18:43,true,true,,,
2026-09-30T13:59:37Z,kwel.com,https://www.kwel.com/wp-json/tribe/events/v1/events,41,10059177,kwel.com?id=10059177,Mike Gallagher &#8211; AM,2027-03-11 10:00:00,2027-03-11 16:00:00,2027-03-11 11:00:00,2027-03-11 17:00:00,America/Chicago,false,false,publish,https://kwel.com/event/mike-gallagher-am-2/2027-03-11/,,,,"{""currency_symbol"":""$"",""currency_code"":""USD"",""currency_position"":""prefix"",""values"":[]}",[],[],[],[],,,"{""url"":""https://kwel.com/wp-content/uploads/2026/05/Mike-Gallagher.png"",""id"":486804,""extension"":""png"",""width"":300,""height"":200}",[],false,false,,,2026-05-21 22:43:18,2026-05-22 03:43:18,true,true,,,
2026-09-30T13:59:37Z,kwel.com,https://www.kwel.com/wp-json/tribe/events/v1/events,41,10075883,kwel.com?id=10075883,Alex Marlow,2027-03-11 11:00:00,2027-03-11 17:00:00,2027-03-11 12:00:00,2027-03-11 18:00:00,America/Chicago,false,false,publish,https://kwel.com/event/alex-marlow/2027-03-11/,,,,"{""currency_symbol"":""$"",""currency_code"":""USD"",""currency_position"":""prefix"",""values"":[]}",[],[],[],[],,,"{""url"":""https://kwel.com/wp-content/uploads/2026/05/Alex-Marlow.png"",""id"":486796,""extension"":""png"",""width"":300,""height"":200}",[],false,false,,,2026-05-21 23:33:23,2026-05-22 04:33:23,true,true,,,
2026-09-30T13:59:37Z,kwel.com,https://www.kwel.com/wp-json/tribe/events/v1/events,41,10077188,kwel.com?id=10077188,Scott Jennings Show,2027-03-11 12:00:00,2027-03-11 18:00:00,2027-03-11 13:00:00,2027-03-11 19:00:00,America/Chicago,false,false,publish,https://kwel.com/event/scott-jennings/2027-03-11/,,,,"{""currency_symbol"":""$"",""currency_code"":""USD"",""currency_position"":""prefix"",""values"":[]}",[],[],[],[],,,"{""url"":""https://kwel.com/wp-content/uploads/2026/05/Scott-Jennings.png"",""id"":486807,""extension"":""png"",""width"":300,""height"":200}",[],false,false,,,2026-05-21 23:37:53,2026-05-22 04:37:53,true,true,,,
2026-09-30T13:59:37Z,kwel.com,https://www.kwel.com/wp-json/tribe/events/v1/events,41,10064395,kwel.com?id=10064395,Dave Ramsey,2027-03-11 13:00:00,2027-03-11 19:00:00,2027-03-11 15:00:00,2027-03-11 21:00:00,America/Chicago,false,false,publish,https://kwel.com/event/dave-ramsey/2027-03-11/,,,,"{""currency_symbol"":""$"",""currency_code"":""USD"",""currency_position"":""prefix"",""values"":[]}",[],[],[],[],,,"{""url"":""https://kwel.com/wp-content/uploads/2026/05/Dave-Ramsey.png"",""id"":486800,""extension"":""png"",""width"":300,""height"":200}",[],false,false,,,2026-05-21 22:58:20,2026-05-22 03:58:20,true,true,,,
2026-09-30T13:59:37Z,kwel.com,https://www.kwel.com/wp-json/tribe/events/v1/events,41,10061785,kwel.com?id=10061785,Tall City Talk,2027-03-11 15:00:00,2027-03-11 21:00:00,2027-03-11 17:00:00,2027-03-11 23:00:00,America/Chicago,false,false,publish,https://kwel.com/event/patriot-call/2027-03-11/,,,,"{""currency_symbol"":""$"",""currency_code"":""USD"",""currency_position"":""prefix"",""values"":[]}",[],[],[],[],,,"{""url"":""https://kwel.com/wp-content/uploads/2026/06/Tall-City-Talk-image-1.png"",""id"":487032,""extension"":""png"",""width"":300,""height"":200}",[],false,false,,,2026-06-12 11:20:35,2026-06-12 16:20:35,true,true,,,
2026-09-30T13:59:37Z,kwel.com,https://www.kwel.com/wp-json/tribe/events/v1/events,41,10051553,kwel.com?id=10051553,Mark Levin,2027-03-11 17:00:00,2027-03-11 23:00:00,2027-03-11 20:00:00,2027-03-12 02:00:00,America/Chicago,false,false,publish,https://kwel.com/event/mark-levin-2/2027-03-11/,,,,"{""currency_symbol"":""$"",""currency_code"":""USD"",""currency_position"":""prefix"",""values"":[]}",[],[],[],[],,,"{""url"":""https://kwel.com/wp-content/uploads/2026/05/Mark-Levin.png"",""id"":486803,""extension"":""png"",""width"":300,""height"":200}",[],false,false,,,2026-05-21 23:20:02,2026-05-22 04:20:02,true,true,,,
2026-09-30T13:59:37Z,kwel.com,https://www.kwel.com/wp-json/tribe/events/v1/events,41,10079796,kwel.com?id=10079796,Scott Jennings Show &#8211; PM,2027-03-11 20:00:00,2027-03-12 02:00:00,2027-03-11 21:00:00,2027-03-12 03:00:00,America/Chicago,false,false,publish,https://kwel.com/event/scott-jennings-show-pm/2027-03-11/,,,,"{""currency_symbol"":""$"",""currency_code"":""USD"",""currency_position"":""prefix"",""values"":[]}",[],[],[],[],,,"{""url"":""https://kwel.com/wp-content/uploads/2026/05/Scott-Jennings.png"",""id"":486807,""extension"":""png"",""width"":300,""height"":200}",[],false,false,,,2026-05-21 23:38:26,2026-05-22 04:38:26,true,true,,,
2026-09-30T13:59:37Z,kwel.com,https://www.kwel.com/wp-json/tribe/events/v1/events,41,10065699,kwel.com?id=10065699,Mike Gallagher &#8211; PM,2027-03-11 21:00:00,2027-03-12 03:00:00,2027-03-11 23:00:00,2027-03-12 05:00:00,America/Chicago,false,false,publish,https://kwel.com/event/mike-gallagher-4-2/2027-03-11/,,,,"{""currency_symbol"":""$"",""currency_code"":""USD"",""currency_position"":""prefix"",""values"":[]}",[],[],[],[],,,"{""url"":""https://kwel.com/wp-content/uploads/2026/05/Mike-Gallagher.png"",""id"":486804,""extension"":""png"",""width"":300,""height"":200}",[],false,false,,,2026-05-21 22:45:14,2026-05-22 03:45:14,true,true,,,
2026-09-30T13:59:37Z,kwel.com,https://www.kwel.com/wp-json/tribe/events/v1/events,41,10027670,kwel.com?id=10027670,Hugh Hewitt,2027-03-11 23:00:00,2027-03-12 05:00:00,2027-03-12 02:00:00,2027-03-12 08:00:00,America/Chicago,false,false,publish,https://kwel.com/event/hugh-hewitt/2027-03-11/,,,,"{""currency_symbol"":""$"",""currency_code"":""USD"",""currency_position"":""prefix"",""values"":[]}",[],[],[],[],,,"{""url"":""https://kwel.com/wp-content/uploads/2026/05/Hugh-Hewitt.png"",""id"":486801,""extension"":""png"",""width"":300,""height"":200}",[],false,false,,,2026-05-21 23:21:01,2026-05-22 04:21:01,true,true,,,
2026-09-30T13:59:37Z,kwel.com,https://www.kwel.com/wp-json/tribe/events/v1/events,41,10071867,kwel.com?id=10071867,Larry Elder,2027-03-12 02:00:00,2027-03-12 08:00:00,2027-03-12 05:00:00,2027-03-12 11:00:00,America/Chicago,false,false,publish,https://kwel.com/event/larry-elder-2/2027-03-12/,,,,"{""currency_symbol"":""$"",""currency_code"":""USD"",""currency_position"":""prefix"",""values"":[]}",[],[],[],[],,,"{""url"":""https://kwel.com/wp-content/uploads/2026/05/Larry-Elder.png"",""id"":486802,""extension"":""png"",""width"":300,""height"":200}",[],false,false,,,2026-05-21 23:52:47,2026-05-22 04:52:47,true,true,,,
2026-09-30T13:59:37Z,kwel.com,https://www.kwel.com/wp-json/tribe/events/v1/events,41,10055111,kwel.com?id=10055111,America in the Morning,2027-03-12 05:00:00,2027-03-12 11:00:00,2027-03-12 06:00:00,2027-03-12 12:00:00,America/Chicago,false,false,publish,https://kwel.com/event/america-in-the-morning/2027-03-12/,,,,"{""currency_symbol"":""$"",""currency_code"":""USD"",""currency_position"":""prefix"",""values"":[]}",[],[],[],[],,,"{""url"":""https://kwel.com/wp-content/uploads/2026/05/America-in-the-Morning.png"",""id"":486797,""extension"":""png"",""width"":300,""height"":200}",[],false,false,,,2026-05-21 23:04:52,2026-05-22 04:04:52,true,true,,,
2026-09-30T13:59:37Z,kwel.com,https://www.kwel.com/wp-json/tribe/events/v1/events,42,10012057,kwel.com?id=10012057,The Morning Show with Craig Anderson &#038; Lisa Kay,2027-03-12 06:00:00,2027-03-12 12:00:00,2027-03-12 10:00:00,2027-03-12 16:00:00,America/Chicago,false,false,publish,https://kwel.com/event/the-morning-show-with-craig-anderson-2/2027-03-12/,,,,"{""currency_symbol"":""$"",""currency_code"":""USD"",""currency_position"":""prefix"",""values"":[]}",[],[],[],[],<p>Local and streaming live!</p>,,"{""url"":""https://kwel.com/wp-content/uploads/2026/05/Craig-and-Lisa-1.png"",""id"":486798,""extension"":""png"",""width"":300,""height"":200}",[],false,false,,,2026-05-21 23:18:43,2026-05-22 04:18:43,true,true,,,
2026-09-30T13:59:37Z,kwel.com,https://www.kwel.com/wp-json/tribe/events/v1/events,42,10059178,kwel.com?id=10059178,Mike Gallagher &#8211; AM,2027-03-12 10:00:00,2027-03-12 16:00:00,2027-03-12 11:00:00,2027-03-12 17:00:00,America/Chicago,false,false,publish,https://kwel.com/event/mike-gallagher-am-2/2027-03-12/,,,,"{""currency_symbol"":""$"",""currency_code"":""USD"",""currency_position"":""prefix"",""values"":[]}",[],[],[],[],,,"{""url"":""https://kwel.com/wp-content/uploads/2026/05/Mike-Gallagher.png"",""id"":486804,""extension"":""png"",""width"":300,""height"":200}",[],false,false,,,2026-05-21 22:43:18,2026-05-22 03:43:18,true,true,,,
2026-09-30T13:59:37Z,kwel.com,https://www.kwel.com/wp-json/tribe/events/v1/events,42,10075884,kwel.com?id=10075884,Alex Marlow,2027-03-12 11:00:00,2027-03-12 17:00:00,2027-03-12 12:00:00,2027-03-12 18:00:00,America/Chicago,false,false,publish,https://kwel.com/event/alex-marlow/2027-03-12/,,,,"{""currency_symbol"":""$"",""currency_code"":""USD"",""currency_position"":""prefix"",""values"":[]}",[],[],[],[],,,"{""url"":""https://kwel.com/wp-content/uploads/2026/05/Alex-Marlow.png"",""id"":486796,""extension"":""png"",""width"":300,""height"":200}",[],false,false,,,2026-05-21 23:33:23,2026-05-22 04:33:23,true,true,,,
2026-09-30T13:59:37Z,kwel.com,https://www.kwel.com/wp-json/tribe/events/v1/events,42,10077189,kwel.com?id=10077189,Scott Jennings Show,2027-03-12 12:00:00,2027-03-12 18:00:00,2027-03-12 13:00:00,2027-03-12 19:00:00,America/Chicago,false,false,publish,https://kwel.com/event/scott-jennings/2027-03-12/,,,,"{""currency_symbol"":""$"",""currency_code"":""USD"",""currency_position"":""prefix"",""values"":[]}",[],[],[],[],,,"{""url"":""https://kwel.com/wp-content/uploads/2026/05/Scott-Jennings.png"",""id"":486807,""extension"":""png"",""width"":300,""height"":200}",[],false,false,,,2026-05-21 23:37:53,2026-05-22 04:37:53,true,true,,,
2026-09-30T13:59:37Z,kwel.com,https://www.kwel.com/wp-json/tribe/events/v1/events,42,10064396,kwel.com?id=10064396,Dave Ramsey,2027-03-12 13:00:00,2027-03-12 19:00:00,2027-03-12 15:00:00,2027-03-12 21:00:00,America/Chicago,false,false,publish,https://kwel.com/event/dave-ramsey/2027-03-12/,,,,"{""currency_symbol"":""$"",""currency_code"":""USD"",""currency_position"":""prefix"",""values"":[]}",[],[],[],[],,,"{""url"":""https://kwel.com/wp-content/uploads/2026/05/Dave-Ramsey.png"",""id"":486800,""extension"":""png"",""width"":300,""height"":200}",[],false,false,,,2026-05-21 22:58:20,2026-05-22 03:58:20,true,true,,,
2026-09-30T13:59:37Z,kwel.com,https://www.kwel.com/wp-json/tribe/events/v1/events,42,10061786,kwel.com?id=10061786,Tall City Talk,2027-03-12 15:00:00,2027-03-12 21:00:00,2027-03-12 17:00:00,2027-03-12 23:00:00,America/Chicago,false,false,publish,https://kwel.com/event/patriot-call/2027-03-12/,,,,"{""currency_symbol"":""$"",""currency_code"":""USD"",""currency_position"":""prefix"",""values"":[]}",[],[],[],[],,,"{""url"":""https://kwel.com/wp-content/uploads/2026/06/Tall-City-Talk-image-1.png"",""id"":487032,""extension"":""png"",""width"":300,""height"":200}",[],false,false,,,2026-06-12 11:20:35,2026-06-12 16:20:35,true,true,,,
2026-09-30T13:59:37Z,kwel.com,https://www.kwel.com/wp-json/tribe/events/v1/events,42,10051554,kwel.com?id=10051554,Mark Levin,2027-03-12 17:00:00,2027-03-12 23:00:00,2027-03-12 20:00:00,2027-03-13 02:00:00,America/Chicago,false,false,publish,https://kwel.com/event/mark-levin-2/2027-03-12/,,,,"{""currency_symbol"":""$"",""currency_code"":""USD"",""currency_position"":""prefix"",""values"":[]}",[],[],[],[],,,"{""url"":""https://kwel.com/wp-content/uploads/2026/05/Mark-Levin.png"",""id"":486803,""extension"":""png"",""width"":300,""height"":200}",[],false,false,,,2026-05-21 23:20:02,2026-05-22 04:20:02,true,true,,,
2026-09-30T13:59:37Z,kwel.com,https://www.kwel.com/wp-json/tribe/events/v1/events,42,10079797,kwel.com?id=10079797,Scott Jennings Show &#8211; PM,2027-03-12 20:00:00,2027-03-13 02:00:00,2027-03-12 21:00:00,2027-03-13 03:00:00,America/Chicago,false,false,publish,https://kwel.com/event/scott-jennings-show-pm/2027-03-12/,,,,"{""currency_symbol"":""$"",""currency_code"":""USD"",""currency_position"":""prefix"",""values"":[]}",[],[],[],[],,,"{""url"":""https://kwel.com/wp-content/uploads/2026/05/Scott-Jennings.png"",""id"":486807,""extension"":""png"",""width"":300,""height"":200}",[],false,false,,,2026-05-21 23:38:26,2026-05-22 04:38:26,true,true,,,
2026-09-30T13:59:37Z,kwel.com,https://www.kwel.com/wp-json/tribe/events/v1/events,42,10065700,kwel.com?id=10065700,Mike Gallagher &#8211; PM,2027-03-12 21:00:00,2027-03-13 03:00:00,2027-03-12 23:00:00,2027-03-13 05:00:00,America/Chicago,false,false,publish,https://kwel.com/event/mike-gallagher-4-2/2027-03-12/,,,,"{""currency_symbol"":""$"",""currency_code"":""USD"",""currency_position"":""prefix"",""values"":[]}",[],[],[],[],,,"{""url"":""https://kwel.com/wp-content/uploads/2026/05/Mike-Gallagher.png"",""id"":486804,""extension"":""png"",""width"":300,""height"":200}",[],false,false,,,2026-05-21 22:45:14,2026-05-22 03:45:14,true,true,,,
2026-09-30T13:59:37Z,kwel.com,https://www.kwel.com/wp-json/tribe/events/v1/events,42,10027671,kwel.com?id=10027671,Hugh Hewitt,2027-03-12 23:00:00,2027-03-13 05:00:00,2027-03-13 02:00:00,2027-03-13 08:00:00,America/Chicago,false,false,publish,https://kwel.com/event/hugh-hewitt/2027-03-12/,,,,"{""currency_symbol"":""$"",""currency_code"":""USD"",""currency_position"":""prefix"",""values"":[]}",[],[],[],[],,,"{""url"":""https://kwel.com/wp-content/uploads/2026/05/Hugh-Hewitt.png"",""id"":486801,""extension"":""png"",""width"":300,""height"":200}",[],false,false,,,2026-05-21 23:21:01,2026-05-22 04:21:01,true,true,,,
2026-09-30T13:59:37Z,kwel.com,https://www.kwel.com/wp-json/tribe/events/v1/events,42,10071439,kwel.com?id=10071439,America in the Morning &#8211; Sat.,2027-03-13 06:00:00,2027-03-13 12:00:00,2027-03-13 06:30:00,2027-03-13 12:30:00,America/Chicago,false,false,publish,https://kwel.com/event/america-in-the-morning-sat/2027-03-13/,,,,"{""currency_symbol"":""$"",""currency_code"":""USD"",""currency_position"":""prefix"",""values"":[]}",[],[],[],[],,,"{""url"":""https://kwel.com/wp-content/uploads/2026/05/America-in-the-Morning.png"",""id"":486797,""extension"":""png"",""width"":300,""height"":200}",[],false,false,,,2026-05-21 23:04:09,2026-05-22 04:04:09,true,true,,,
2026-09-30T13:59:37Z,kwel.com,https://www.kwel.com/wp-json/tribe/events/v1/events,42,10081618,kwel.com?id=10081618,Oldies Music Show,2027-03-13 06:30:00,2027-03-13 12:30:00,2027-03-13 09:00:00,2027-03-13 15:00:00,America/Chicago,false,false,publish,https://kwel.com/event/oldies-music-show/2027-03-13/,,,,"{""currency_symbol"":""$"",""currency_code"":""USD"",""currency_position"":""prefix"",""values"":[]}",[],[],[],[],,,false,[],false,false,,,2026-05-21 23:46:45,2026-05-22 04:46:45,true,true,,,
2026-09-30T13:59:37Z,kwel.com,https://www.kwel.com/wp-json/tribe/events/v1/events,42,10081357,kwel.com?id=10081357,The Oil Mix Show w/ Kym Balado,2027-03-13 09:00:00,2027-03-13 15:00:00,2027-03-13 10:00:00,2027-03-13 16:00:00,America/Chicago,false,false,publish,https://kwel.com/event/inside-the-oil-patch-with-kim-balado/2027-03-13/,,,,"{""currency_symbol"":""$"",""currency_code"":""USD"",""currency_position"":""prefix"",""values"":[]}",[],[],[],[],,,false,[],false,false,,,2026-05-21 23:45:16,2026-05-22 04:45:16,true,true,,,
2026-09-30T13:59:37Z,kwel.com,https://www.kwel.com/wp-json/tribe/events/v1/events,42,10083206,kwel.com?id=10083206,Hoyl Financial,2027-03-13 10:00:00,2027-03-13 16:00:00,2027-03-13 10:30:00,2027-03-13 16:30:00,America/Chicago,false,false,publish,https://kwel.com/event/hoyl-financial/2027-03-13/,,,,"{""currency_symbol"":""$"",""currency_code"":""USD"",""currency_position"":""prefix"",""values"":[]}",[],[],[],[],,,false,[],false,false,,,2026-05-22 00:04:04,2026-05-22 05:04:04,true,true,,,
2026-09-30T13:59:37Z,kwel.com,https://www.kwel.com/wp-json/tribe/events/v1/events,42,10036170,kwel.com?id=10036170,Dr. Bob Martin,2027-03-13 11:00:00,2027-03-13 17:00:00,2027-03-13 13:00:00,2027-03-13 19:00:00,America/Chicago,false,false,publish,https://kwel.com/event/dr-bob-martin/2027-03-13/,,,,"{""currency_symbol"":""$"",""currency_code"":""USD"",""currency_position"":""prefix"",""values"":[]}",[],[],[],[],<p>Presented by Natural Foods Market</p>,,"{""url"":""https://kwel.com/wp-content/uploads/2024/12/Dr.-Bob-Martin.png"",""id"":486828,""extension"":""png"",""width"":300,""height"":200}",[],false,false,,,2026-05-21 23:23:52,2026-05-22 04:23:52,true,true,,,
2026-09-30T13:59:37Z,kwel.com,https://www.kwel.com/wp-json/tribe/events/v1/events,42,10082945,kwel.com?id=10082945,Body Talk with Dr. Bill Dodson,2027-03-13 13:00:00,2027-03-13 19:00:00,2027-03-13 15:00:00,2027-03-13 21:00:00,America/Chicago,false,false,publish,https://kwel.com/event/body-talk-with-dr-bill-dodson/2027-03-13/,,,,"{""currency_symbol"":""$"",""currency_code"":""USD"",""currency_position"":""prefix"",""values"":[]}",[],[],[],[],<p>Paradigm Physical Therapy &#8211; LIVE AND LOCAL</p>,,"{""url"":""https://kwel.com/wp-content/uploads/2024/12/Bill-Dodson.png"",""id"":486852,""extension"":""png"",""width"":300,""height"":200}",[],false,false,,,2026-05-22 00:01:52,2026-05-22 05:01:52,true,true,,,
2026-09-30T13:59:37Z,kwel.com,https://www.kwel.com/wp-json/tribe/events/v1/events,42,10083728,kwel.com?id=10083728,The CC Auto Show,2027-03-13 15:00:00,2027-03-13 21:00:00,2027-03-13 17:00:00,2027-03-13 23:00:00,America/Chicago,false,false,publish,https://kwel.com/event/the-best-of-hoss-duggar/2027-03-13/,,,,"{""currency_symbol"":""$"",""currency_code"":""USD"",""currency_position"":""prefix"",""values"":[]}",[],[],[],[],,,false,[],false,false,,,2026-05-22 00:06:03,2026-05-22 05:06:03,true,true,,,
2026-09-30T13:59:37Z,kwel.com,https://www.kwel.com/wp-json/tribe/events/v1/events,42,10083989,kwel.com?id=10083989,The Pet Show,2027-03-13 17:00:00,2027-03-13 23:00:00,2027-03-13 19:00:00,2027-03-14 01:00:00,America/Chicago,false,false,publish,https://kwel.com/event/the-pet-show/2027-03-13/,,,,"{""currency_symbol"":""$"",""currency_code"":""USD"",""currency_position"":""prefix"",""values"":[]}",[],[],[],[],,,false,[],false,false,,,2026-05-22 00:07:14,2026-05-22 05:07:14,true,true,,,
2026-09-30T13:59:37Z,kwel.com,https://www.kwel.com/wp-json/tribe/events/v1/events,42,10084250,kwel.com?id=10084250,The Best of Hoss Duggar &#8211; PM,2027-03-13 19:00:00,2027-03-14 01:00:00,2027-03-13 19:30:00,2027-03-14 01:30:00,America/Chicago,false,false,publish,https://kwel.com/event/the-best-of-hoss-duggar-pm/2027-03-13/,,,,"{""currency_symbol"":""$"",""currency_code"":""USD"",""currency_position"":""prefix"",""values"":[]}",[],[],[],[],,,false,[],false,false,,,2026-05-22 00:08:01,2026-05-22 05:08:01,true,true,,,
2026-09-30T13:59:37Z,kwel.com,https://www.kwel.com/wp-json/tribe/events/v1/events,42,10084511,kwel.com?id=10084511,The Best of Keith Stretcher &#8211; Sat.,2027-03-13 19:30:00,2027-03-14 01:30:00,2027-03-13 20:00:00,2027-03-14 02:00:00,America/Chicago,false,false,publish,https://kwel.com/event/the-best-of-keith-stretcher-sat/2027-03-13/,,,,"{""currency_symbol"":""$"",""currency_code"":""USD"",""currency_position"":""prefix"",""values"":[]}",[],[],[],[],,,false,[],false,false,,,2026-05-22 00:09:06,2026-05-22 05:09:06,true,true,,,
2026-09-30T13:59:37Z,kwel.com,https://www.kwel.com/wp-json/tribe/events/v1/events,42,10086860,kwel.com?id=10086860,Rick Valdez,2027-03-13 20:00:00,2027-03-14 02:00:00,2027-03-14 00:00:00,2027-03-14 06:00:00,America/Chicago,false,false,publish,https://kwel.com/event/rick-valdez/2027-03-13/,,,,"{""currency_symbol"":""$"",""currency_code"":""USD"",""currency_position"":""prefix"",""values"":[]}",[],[],[],[],,,false,[],false,false,,,2026-05-22 00:25:00,2026-05-22 05:25:00,true,true,,,
2026-09-30T13:59:37Z,kwel.com,https://www.kwel.com/wp-json/tribe/events/v1/events,42,10087121,kwel.com?id=10087121,Kevin McCullough,2027-03-14 00:00:00,2027-03-14 06:00:00,2027-03-14 04:00:00,2027-03-14 09:00:00,America/Chicago,false,false,publish,https://kwel.com/event/kevin-mccullough/2027-03-14/,,,,"{""currency_symbol"":""$"",""currency_code"":""USD"",""currency_position"":""prefix"",""values"":[]}",[],[],[],[],,,false,[],false,false,,,2026-05-29 20:04:05,2026-05-30 01:04:05,true,true,,,
2026-09-30T13:59:37Z,kwel.com,https://www.kwel.com/wp-json/tribe/events/v1/events,42,10066835,kwel.com?id=10066835,Mike Gallagher &#8211; Sunday,2027-03-14 03:00:00,2027-03-14 08:00:00,2027-03-14 06:00:00,2027-03-14 11:00:00,America/Chicago,false,false,publish,https://kwel.com/event/mike-gallagher-4-3/2027-03-14/,,,,"{""currency_symbol"":""$"",""currency_code"":""USD"",""currency_position"":""prefix"",""values"":[]}",[],[],[],[],,,"{""url"":""https://kwel.com/wp-content/uploads/2026/05/Mike-Gallagher.png"",""id"":486804,""extension"":""png"",""width"":300,""height"":200}",[],false,false,,,2026-05-21 22:51:50,2026-05-22 03:51:50,true,true,,,
2026-09-30T13:59:37Z,kwel.com,https://www.kwel.com/wp-json/tribe/events/v1/events,42,10084772,kwel.com?id=10084772,The Best of Keith Stretcher &#8211; Sun.,2027-03-14 06:30:00,2027-03-14 11:30:00,2027-03-14 07:00:00,2027-03-14 12:00:00,America/Chicago,false,false,publish,https://kwel.com/event/the-best-of-keith-stretcher-sun/2027-03-14/,,,,"{""currency_symbol"":""$"",""currency_code"":""USD"",""currency_position"":""prefix"",""values"":[]}",[],[],[],[],,,false,[],false,false,,,2026-05-22 00:10:38,2026-05-22 05:10:38,true,true,,,
2026-09-30T13:59:37Z,kwel.com,https://www.kwel.com/wp-json/tribe/events/v1/events,42,10085033,kwel.com?id=10085033,Wall Builders &#8211; 7am,2027-03-14 07:00:00,2027-03-14 12:00:00,2027-03-14 07:30:00,2027-03-14 12:30:00,America/Chicago,false,false,publish,https://kwel.com/event/wall-builders-7am/2027-03-14/,,,,"{""currency_symbol"":""$"",""currency_code"":""USD"",""currency_position"":""prefix"",""values"":[]}",[],[],[],[],,,"{""url"":""https://kwel.com/wp-content/uploads/2026/05/Wall-Builders.png"",""id"":486877,""extension"":""png"",""width"":300,""height"":200}",[],false,false,,,2026-05-22 00:15:13,2026-05-22 05:15:13,true,true,,,
2026-09-30T13:59:37Z,kwel.com,https://www.kwel.com/wp-json/tribe/events/v1/events,42,10031790,kwel.com?id=10031790,Lutheran Hour &#8211; Family Shield- Sponsored by Grace Lutheran and Holy Cross Lutheran,2027-03-14 07:30:00,2027-03-14 12:30:00,2027-03-14 08:30:00,2027-03-14 13:30:00,America/Chicago,false,false,publish,https://kwel.com/event/lutheran-hour-family-shield-sponsored-by-grace-lutheran-and-holy-cross-lutheran/2027-03-14/,,,,"{""currency_symbol"":""$"",""currency_code"":""USD"",""currency_position"":""prefix"",""values"":[]}",[],[],[],[],,,false,[],false,false,,,2026-05-21 23:59:20,2026-05-22 04:59:20,true,true,,,
2026-09-30T13:59:37Z,kwel.com,https://www.kwel.com/wp-json/tribe/events/v1/events,42,10085294,kwel.com?id=10085294,Wall Builders &#8211; 8am,2027-03-14 08:00:00,2027-03-14 13:00:00,2027-03-14 08:30:00,2027-03-14 13:30:00,America/Chicago,false,false,publish,https://kwel.com/event/wall-builders-8am/2027-03-14/,,,,"{""currency_symbol"":""$"",""currency_code"":""USD"",""currency_position"":""prefix"",""values"":[]}",[],[],[],[],,,"{""url"":""https://kwel.com/wp-content/uploads/2026/05/Wall-Builders.png"",""id"":486877,""extension"":""png"",""width"":300,""height"":200}",[],false,false,,,2026-05-22 00:16:04,2026-05-22 05:16:04,true,true,,,
2026-09-30T13:59:37Z,kwel.com,https://www.kwel.com/wp-json/tribe/events/v1/events,42,10031155,kwel.com?id=10031155,Family Gospel Music Hour w/ Warren Bell,2027-03-14 08:30:00,2027-03-14 13:30:00,2027-03-14 09:30:00,2027-03-14 14:30:00,America/Chicago,false,false,publish,https://kwel.com/event/family-gospel-music-hour-sponsored-by-warren-bell/2027-03-14/,,,,"{""currency_symbol"":""$"",""currency_code"":""USD"",""currency_position"":""prefix"",""values"":[]}",[],[],[],[],,,false,[],false,false,,,2026-05-21 23:48:07,2026-05-22 04:48:07,true,true,,,
2026-09-30T13:59:37Z,kwel.com,https://www.kwel.com/wp-json/tribe/events/v1/events,42,10085816,kwel.com?id=10085816,ReNew Your Mind w. RC Sproul,2027-03-14 09:30:00,2027-03-14 14:30:00,2027-03-14 10:00:00,2027-03-14 15:00:00,America/Chicago,false,false,publish,https://kwel.com/event/renew-your-mind-w-rc-sproul/2027-03-14/,,,,"{""currency_symbol"":""$"",""currency_code"":""USD"",""currency_position"":""prefix"",""values"":[]}",[],[],[],[],,,false,[],false,false,,,2026-05-22 00:19:04,2026-05-22 05:19:04,true,true,,,
2026-09-30T13:59:37Z,kwel.com,https://www.kwel.com/wp-json/tribe/events/v1/events,42,10030160,kwel.com?id=10030160,Save the Cowboy,2027-03-14 10:00:00,2027-03-14 15:00:00,2027-03-14 10:30:00,2027-03-14 15:30:00,America/Chicago,false,false,publish,https://kwel.com/event/save-the-cowboy-sponsored-by-western-llc-2/2027-03-14/,,,,"{""currency_symbol"":""$"",""currency_code"":""USD"",""currency_position"":""prefix"",""values"":[]}",[],[],[],[],,,false,[],false,false,,,2026-05-21 23:58:20,2026-05-22 04:58:20,true,true,,,
2026-09-30T13:59:37Z,kwel.com,https://www.kwel.com/wp-json/tribe/events/v1/events,42,10029525,kwel.com?id=10029525,Kelview Heights Baptist Church,2027-03-14 10:30:00,2027-03-14 15:30:00,2027-03-14 11:00:00,2027-03-14 16:00:00,America/Chicago,false,false,publish,https://kwel.com/event/kelview-heights-baptist-church/2027-03-14/,,,,"{""currency_symbol"":""$"",""currency_code"":""USD"",""currency_position"":""prefix"",""values"":[]}",[],[],[],[],,,false,[],false,false,,,2026-05-21 23:57:15,2026-05-22 04:57:15,true,true,,,
2026-09-30T13:59:37Z,kwel.com,https://www.kwel.com/wp-json/tribe/events/v1/events,42,10086077,kwel.com?id=10086077,Through the Bible,2027-03-14 11:00:00,2027-03-14 16:00:00,2027-03-14 12:00:00,2027-03-14 17:00:00,America/Chicago,false,false,publish,https://kwel.com/event/through-the-bible/2027-03-14/,,,,"{""currency_symbol"":""$"",""currency_code"":""USD"",""currency_position"":""prefix"",""values"":[]}",[],[],[],[],,,false,[],false,false,,,2026-05-22 00:19:43,2026-05-22 05:19:43,true,true,,,
2026-09-30T13:59:37Z,kwel.com,https://www.kwel.com/wp-json/tribe/events/v1/events,42,10086338,kwel.com?id=10086338,The One of a Kind Financial Show w/ Mike,2027-03-14 12:00:00,2027-03-14 17:00:00,2027-03-14 13:00:00,2027-03-14 18:00:00,America/Chicago,false,false,publish,https://kwel.com/event/kline-marketing-financial-show/2027-03-14/,,,,"{""currency_symbol"":""$"",""currency_code"":""USD"",""currency_position"":""prefix"",""values"":[]}",[],[],[],[],"<p><span data-olk-copy-source=""MessageBody"">The One of a Kind Financial Show with Mike Milligan, CFP delivers story-first financial wisdom—covering taxes, retirement income, investments, long-term care, and legacy—empowering listeners to build a truly one-of-a-kind financial plan.</span></p>",,"{""url"":""https://kwel.com/wp-content/uploads/2026/05/One-of-a-kind-financial-show.png"",""id"":486911,""extension"":""png"",""width"":300,""height"":200}",[],false,false,,,2026-05-29 20:02:25,2026-05-30 01:02:25,true,true,,,
2026-09-30T13:59:37Z,kwel.com,https://www.kwel.com/wp-json/tribe/events/v1/events,42,10085555,kwel.com?id=10085555,Wall Builders &#8211; 1pm,2027-03-14 13:00:00,2027-03-14 18:00:00,2027-03-14 14:00:00,2027-03-14 19:00:00,America/Chicago,false,false,publish,https://kwel.com/event/wall-builders-1pm/2027-03-14/,,,,"{""currency_symbol"":""$"",""currency_code"":""USD"",""currency_position"":""prefix"",""values"":[]}",[],[],[],[],,,"{""url"":""https://kwel.com/wp-content/uploads/2026/05/Wall-Builders.png"",""id"":486877,""extension"":""png"",""width"":300,""height"":200}",[],false,false,,,2026-05-22 00:17:07,2026-05-22 05:17:07,true,true,,,
2026-09-30T13:59:37Z,kwel.com,https://www.kwel.com/wp-json/tribe/events/v1/events,42,10081950,kwel.com?id=10081950,Gun Talk,2027-03-14 14:00:00,2027-03-14 19:00:00,2027-03-14 17:00:00,2027-03-14 22:00:00,America/Chicago,false,false,publish,https://kwel.com/event/gun-talk-2/2027-03-14/,,,,"{""currency_symbol"":""$"",""currency_code"":""USD"",""currency_position"":""prefix"",""values"":[]}",[],[],[],[],,,false,[],false,false,,,2026-05-21 23:51:02,2026-05-22 04:51:02,true,true,,,
2026-09-30T13:59:37Z,kwel.com,https://www.kwel.com/wp-json/tribe/events/v1/events,42,10074307,kwel.com?id=10074307,Larry Elder &#8211; Sunday,2027-03-14 17:00:00,2027-03-14 22:00:00,2027-03-14 19:00:00,2027-03-15 00:00:00,America/Chicago,false,false,publish,https://kwel.com/event/larry-elder-sunday/2027-03-14/,,,,"{""currency_symbol"":""$"",""currency_code"":""USD"",""currency_position"":""prefix"",""values"":[]}",[],[],[],[],,,"{""url"":""https://kwel.com/wp-content/uploads/2026/05/Larry-Elder.png"",""id"":486802,""extension"":""png"",""width"":300,""height"":200}",[],false,false,,,2026-05-21 23:10:20,2026-05-22 04:10:20,true,true,,,
2026-09-30T13:59:37Z,kwel.com,https://www.kwel.com/wp-json/tribe/events/v1/events,42,10041693,kwel.com?id=10041693,Armed American Radio,2027-03-14 19:00:00,2027-03-15 00:00:00,2027-03-14 22:00:00,2027-03-15 03:00:00,America/Chicago,false,false,publish,https://kwel.com/event/armed-american-radio/2027-03-14/,,,,"{""currency_symbol"":""$"",""currency_code"":""USD"",""currency_position"":""prefix"",""values"":[]}",[],[],[],[],,,false,[],false,false,,,2026-05-21 23:55:59,2026-05-22 04:55:59,true,true,,,
2026-09-30T13:59:37Z,kwel.com,https://www.kwel.com/wp-json/tribe/events/v1/events,42,10086599,kwel.com?id=10086599,Wall Builders &#8211; 10pm,2027-03-14 22:00:00,2027-03-15 03:00:00,2027-03-15 00:00:00,2027-03-15 05:00:00,America/Chicago,false,false,publish,https://kwel.com/event/wall-builders-10pm/2027-03-14/,,,,"{""currency_symbol"":""$"",""currency_code"":""USD"",""currency_position"":""prefix"",""values"":[]}",[],[],[],[],,,"{""url"":""https://kwel.com/wp-content/uploads/2026/05/Wall-Builders.png"",""id"":486877,""extension"":""png"",""width"":300,""height"":200}",[],false,false,,,2026-05-22 00:22:52,2026-05-22 05:22:52,true,true,,,
2026-09-30T13:59:37Z,kwel.com,https://www.kwel.com/wp-json/tribe/events/v1/events,42,10071868,kwel.com?id=10071868,Larry Elder,2027-03-15 02:00:00,2027-03-15 07:00:00,2027-03-15 05:00:00,2027-03-15 10:00:00,America/Chicago,false,false,publish,https://kwel.com/event/larry-elder-2/2027-03-15/,,,,"{""currency_symbol"":""$"",""currency_code"":""USD"",""currency_position"":""prefix"",""values"":[]}",[],[],[],[],,,"{""url"":""https://kwel.com/wp-content/uploads/2026/05/Larry-Elder.png"",""id"":486802,""extension"":""png"",""width"":300,""height"":200}",[],false,false,,,2026-05-21 23:52:47,2026-05-22 04:52:47,true,true,,,
2026-09-30T13:59:37Z,kwel.com,https://www.kwel.com/wp-json/tribe/events/v1/events,42,10055113,kwel.com?id=10055113,America in the Morning,2027-03-15 05:00:00,2027-03-15 10:00:00,2027-03-15 06:00:00,2027-03-15 11:00:00,America/Chicago,false,false,publish,https://kwel.com/event/america-in-the-morning/2027-03-15/,,,,"{""currency_symbol"":""$"",""currency_code"":""USD"",""currency_position"":""prefix"",""values"":[]}",[],[],[],[],,,"{""url"":""https://kwel.com/wp-content/uploads/2026/05/America-in-the-Morning.png"",""id"":486797,""extension"":""png"",""width"":300,""height"":200}",[],false,false,,,2026-05-21 23:04:52,2026-05-22 04:04:52,true,true,,,
2026-09-30T13:59:37Z,kwel.com,https://www.kwel.com/wp-json/tribe/events/v1/events,42,10012058,kwel.com?id=10012058,The Morning Show with Craig Anderson &#038; Lisa Kay,2027-03-15 06:00:00,2027-03-15 11:00:00,2027-03-15 10:00:00,2027-03-15 15:00:00,America/Chicago,false,false,publish,https://kwel.com/event/the-morning-show-with-craig-anderson-2/2027-03-15/,,,,"{""currency_symbol"":""$"",""currency_code"":""USD"",""currency_position"":""prefix"",""values"":[]}",[],[],[],[],<p>Local and streaming live!</p>,,"{""url"":""https://kwel.com/wp-content/uploads/2026/05/Craig-and-Lisa-1.png"",""id"":486798,""extension"":""png"",""width"":300,""height"":200}",[],false,false,,,2026-05-21 23:18:43,2026-05-22 04:18:43,true,true,,,
2026-09-30T13:59:37Z,kwel.com,https://www.kwel.com/wp-json/tribe/events/v1/events,42,10059179,kwel.com?id=10059179,Mike Gallagher &#8211; AM,2027-03-15 10:00:00,2027-03-15 15:00:00,2027-03-15 11:00:00,2027-03-15 16:00:00,America/Chicago,false,false,publish,https://kwel.com/event/mike-gallagher-am-2/2027-03-15/,,,,"{""currency_symbol"":""$"",""currency_code"":""USD"",""currency_position"":""prefix"",""values"":[]}",[],[],[],[],,,"{""url"":""https://kwel.com/wp-content/uploads/2026/05/Mike-Gallagher.png"",""id"":486804,""extension"":""png"",""width"":300,""height"":200}",[],false,false,,,2026-05-21 22:43:18,2026-05-22 03:43:18,true,true,,,
2026-09-30T13:59:37Z,kwel.com,https://www.kwel.com/wp-json/tribe/events/v1/events,42,10075885,kwel.com?id=10075885,Alex Marlow,2027-03-15 11:00:00,2027-03-15 16:00:00,2027-03-15 12:00:00,2027-03-15 17:00:00,America/Chicago,false,false,publish,https://kwel.com/event/alex-marlow/2027-03-15/,,,,"{""currency_symbol"":""$"",""currency_code"":""USD"",""currency_position"":""prefix"",""values"":[]}",[],[],[],[],,,"{""url"":""https://kwel.com/wp-content/uploads/2026/05/Alex-Marlow.png"",""id"":486796,""extension"":""png"",""width"":300,""height"":200}",[],false,false,,,2026-05-21 23:33:23,2026-05-22 04:33:23,true,true,,,
2026-09-30T13:59:37Z,kwel.com,https://www.kwel.com/wp-json/tribe/events/v1/events,42,10077190,kwel.com?id=10077190,Scott Jennings Show,2027-03-15 12:00:00,2027-03-15 17:00:00,2027-03-15 13:00:00,2027-03-15 18:00:00,America/Chicago,false,false,publish,https://kwel.com/event/scott-jennings/2027-03-15/,,,,"{""currency_symbol"":""$"",""currency_code"":""USD"",""currency_position"":""prefix"",""values"":[]}",[],[],[],[],,,"{""url"":""https://kwel.com/wp-content/uploads/2026/05/Scott-Jennings.png"",""id"":486807,""extension"":""png"",""width"":300,""height"":200}",[],false,false,,,2026-05-21 23:37:53,2026-05-22 04:37:53,true,true,,,
2026-09-30T13:59:37Z,kwel.com,https://www.kwel.com/wp-json/tribe/events/v1/events,42,10064397,kwel.com?id=10064397,Dave Ramsey,2027-03-15 13:00:00,2027-03-15 18:00:00,2027-03-15 15:00:00,2027-03-15 20:00:00,America/Chicago,false,false,publish,https://kwel.com/event/dave-ramsey/2027-03-15/,,,,"{""currency_symbol"":""$"",""currency_code"":""USD"",""currency_position"":""prefix"",""values"":[]}",[],[],[],[],,,"{""url"":""https://kwel.com/wp-content/uploads/2026/05/Dave-Ramsey.png"",""id"":486800,""extension"":""png"",""width"":300,""height"":200}",[],false,false,,,2026-05-21 22:58:20,2026-05-22 03:58:20,true,true,,,
2026-09-30T13:59:37Z,kwel.com,https://www.kwel.com/wp-json/tribe/events/v1/events,42,10061787,kwel.com?id=10061787,Tall City Talk,2027-03-15 15:00:00,2027-03-15 20:00:00,2027-03-15 17:00:00,2027-03-15 22:00:00,America/Chicago,false,false,publish,https://kwel.com/event/patriot-call/2027-03-15/,,,,"{""currency_symbol"":""$"",""currency_code"":""USD"",""currency_position"":""prefix"",""values"":[]}",[],[],[],[],,,"{""url"":""https://kwel.com/wp-content/uploads/2026/06/Tall-City-Talk-image-1.png"",""id"":487032,""extension"":""png"",""width"":300,""height"":200}",[],false,false,,,2026-06-12 11:20:35,2026-06-12 16:20:35,true,true,,,
2026-09-30T13:59:37Z,kwel.com,https://www.kwel.com/wp-json/tribe/events/v1/events,42,10051555,kwel.com?id=10051555,Mark Levin,2027-03-15 17:00:00,2027-03-15 22:00:00,2027-03-15 20:00:00,2027-03-16 01:00:00,America/Chicago,false,false,publish,https://kwel.com/event/mark-levin-2/2027-03-15/,,,,"{""currency_symbol"":""$"",""currency_code"":""USD"",""currency_position"":""prefix"",""values"":[]}",[],[],[],[],,,"{""url"":""https://kwel.com/wp-content/uploads/2026/05/Mark-Levin.png"",""id"":486803,""extension"":""png"",""width"":300,""height"":200}",[],false,false,,,2026-05-21 23:20:02,2026-05-22 04:20:02,true,true,,,
2026-09-30T13:59:37Z,kwel.com,https://www.kwel.com/wp-json/tribe/events/v1/events,42,10079798,kwel.com?id=10079798,Scott Jennings Show &#8211; PM,2027-03-15 20:00:00,2027-03-16 01:00:00,2027-03-15 21:00:00,2027-03-16 02:00:00,America/Chicago,false,false,publish,https://kwel.com/event/scott-jennings-show-pm/2027-03-15/,,,,"{""currency_symbol"":""$"",""currency_code"":""USD"",""currency_position"":""prefix"",""values"":[]}",[],[],[],[],,,"{""url"":""https://kwel.com/wp-content/uploads/2026/05/Scott-Jennings.png"",""id"":486807,""extension"":""png"",""width"":300,""height"":200}",[],false,false,,,2026-05-21 23:38:26,2026-05-22 04:38:26,true,true,,,
2026-09-30T13:59:37Z,kwel.com,https://www.kwel.com/wp-json/tribe/events/v1/events,42,10065701,kwel.com?id=10065701,Mike Gallagher &#8211; PM,2027-03-15 21:00:00,2027-03-16 02:00:00,2027-03-15 23:00:00,2027-03-16 04:00:00,America/Chicago,false,false,publish,https://kwel.com/event/mike-gallagher-4-2/2027-03-15/,,,,"{""currency_symbol"":""$"",""currency_code"":""USD"",""currency_position"":""prefix"",""values"":[]}",[],[],[],[],,,"{""url"":""https://kwel.com/wp-content/uploads/2026/05/Mike-Gallagher.png"",""id"":486804,""extension"":""png"",""width"":300,""height"":200}",[],false,false,,,2026-05-21 22:45:14,2026-05-22 03:45:14,true,true,,,
2026-09-30T13:59:37Z,kwel.com,https://www.kwel.com/wp-json/tribe/events/v1/events,42,10027672,kwel.com?id=10027672,Hugh Hewitt,2027-03-15 23:00:00,2027-03-16 04:00:00,2027-03-16 02:00:00,2027-03-16 07:00:00,America/Chicago,false,false,publish,https://kwel.com/event/hugh-hewitt/2027-03-15/,,,,"{""currency_symbol"":""$"",""currency_code"":""USD"",""currency_position"":""prefix"",""values"":[]}",[],[],[],[],,,"{""url"":""https://kwel.com/wp-content/uploads/2026/05/Hugh-Hewitt.png"",""id"":486801,""extension"":""png"",""width"":300,""height"":200}",[],false,false,,,2026-05-21 23:21:01,2026-05-22 04:21:01,true,true,,,
2026-09-30T13:59:37Z,kwel.com,https://www.kwel.com/wp-json/tribe/events/v1/events,43,10071869,kwel.com?id=10071869,Larry Elder,2027-03-16 02:00:00,2027-03-16 07:00:00,2027-03-16 05:00:00,2027-03-16 10:00:00,America/Chicago,false,false,publish,https://kwel.com/event/larry-elder-2/2027-03-16/,,,,"{""currency_symbol"":""$"",""currency_code"":""USD"",""currency_position"":""prefix"",""values"":[]}",[],[],[],[],,,"{""url"":""https://kwel.com/wp-content/uploads/2026/05/Larry-Elder.png"",""id"":486802,""extension"":""png"",""width"":300,""height"":200}",[],false,false,,,2026-05-21 23:52:47,2026-05-22 04:52:47,true,true,,,
2026-09-30T13:59:37Z,kwel.com,https://www.kwel.com/wp-json/tribe/events/v1/events,43,10055114,kwel.com?id=10055114,America in the Morning,2027-03-16 05:00:00,2027-03-16 10:00:00,2027-03-16 06:00:00,2027-03-16 11:00:00,America/Chicago,false,false,publish,https://kwel.com/event/america-in-the-morning/2027-03-16/,,,,"{""currency_symbol"":""$"",""currency_code"":""USD"",""currency_position"":""prefix"",""values"":[]}",[],[],[],[],,,"{""url"":""https://kwel.com/wp-content/uploads/2026/05/America-in-the-Morning.png"",""id"":486797,""extension"":""png"",""width"":300,""height"":200}",[],false,false,,,2026-05-21 23:04:52,2026-05-22 04:04:52,true,true,,,
2026-09-30T13:59:37Z,kwel.com,https://www.kwel.com/wp-json/tribe/events/v1/events,43,10012059,kwel.com?id=10012059,The Morning Show with Craig Anderson &#038; Lisa Kay,2027-03-16 06:00:00,2027-03-16 11:00:00,2027-03-16 10:00:00,2027-03-16 15:00:00,America/Chicago,false,false,publish,https://kwel.com/event/the-morning-show-with-craig-anderson-2/2027-03-16/,,,,"{""currency_symbol"":""$"",""currency_code"":""USD"",""currency_position"":""prefix"",""values"":[]}",[],[],[],[],<p>Local and streaming live!</p>,,"{""url"":""https://kwel.com/wp-content/uploads/2026/05/Craig-and-Lisa-1.png"",""id"":486798,""extension"":""png"",""width"":300,""height"":200}",[],false,false,,,2026-05-21 23:18:43,2026-05-22 04:18:43,true,true,,,
2026-09-30T13:59:37Z,kwel.com,https://www.kwel.com/wp-json/tribe/events/v1/events,43,10059180,kwel.com?id=10059180,Mike Gallagher &#8211; AM,2027-03-16 10:00:00,2027-03-16 15:00:00,2027-03-16 11:00:00,2027-03-16 16:00:00,America/Chicago,false,false,publish,https://kwel.com/event/mike-gallagher-am-2/2027-03-16/,,,,"{""currency_symbol"":""$"",""currency_code"":""USD"",""currency_position"":""prefix"",""values"":[]}",[],[],[],[],,,"{""url"":""https://kwel.com/wp-content/uploads/2026/05/Mike-Gallagher.png"",""id"":486804,""extension"":""png"",""width"":300,""height"":200}",[],false,false,,,2026-05-21 22:43:18,2026-05-22 03:43:18,true,true,,,
2026-09-30T13:59:37Z,kwel.com,https://www.kwel.com/wp-json/tribe/events/v1/events,43,10075886,kwel.com?id=10075886,Alex Marlow,2027-03-16 11:00:00,2027-03-16 16:00:00,2027-03-16 12:00:00,2027-03-16 17:00:00,America/Chicago,false,false,publish,https://kwel.com/event/alex-marlow/2027-03-16/,,,,"{""currency_symbol"":""$"",""currency_code"":""USD"",""currency_position"":""prefix"",""values"":[]}",[],[],[],[],,,"{""url"":""https://kwel.com/wp-content/uploads/2026/05/Alex-Marlow.png"",""id"":486796,""extension"":""png"",""width"":300,""height"":200}",[],false,false,,,2026-05-21 23:33:23,2026-05-22 04:33:23,true,true,,,
2026-09-30T13:59:37Z,kwel.com,https://www.kwel.com/wp-json/tribe/events/v1/events,43,10077191,kwel.com?id=10077191,Scott Jennings Show,2027-03-16 12:00:00,2027-03-16 17:00:00,2027-03-16 13:00:00,2027-03-16 18:00:00,America/Chicago,false,false,publish,https://kwel.com/event/scott-jennings/2027-03-16/,,,,"{""currency_symbol"":""$"",""currency_code"":""USD"",""currency_position"":""prefix"",""values"":[]}",[],[],[],[],,,"{""url"":""https://kwel.com/wp-content/uploads/2026/05/Scott-Jennings.png"",""id"":486807,""extension"":""png"",""width"":300,""height"":200}",[],false,false,,,2026-05-21 23:37:53,2026-05-22 04:37:53,true,true,,,
2026-09-30T13:59:37Z,kwel.com,https://www.kwel.com/wp-json/tribe/events/v1/events,43,10064398,kwel.com?id=10064398,Dave Ramsey,2027-03-16 13:00:00,2027-03-16 18:00:00,2027-03-16 15:00:00,2027-03-16 20:00:00,America/Chicago,false,false,publish,https://kwel.com/event/dave-ramsey/2027-03-16/,,,,"{""currency_symbol"":""$"",""currency_code"":""USD"",""currency_position"":""prefix"",""values"":[]}",[],[],[],[],,,"{""url"":""https://kwel.com/wp-content/uploads/2026/05/Dave-Ramsey.png"",""id"":486800,""extension"":""png"",""width"":300,""height"":200}",[],false,false,,,2026-05-21 22:58:20,2026-05-22 03:58:20,true,true,,,
2026-09-30T13:59:37Z,kwel.com,https://www.kwel.com/wp-json/tribe/events/v1/events,43,10061788,kwel.com?id=10061788,Tall City Talk,2027-03-16 15:00:00,2027-03-16 20:00:00,2027-03-16 17:00:00,2027-03-16 22:00:00,America/Chicago,false,false,publish,https://kwel.com/event/patriot-call/2027-03-16/,,,,"{""currency_symbol"":""$"",""currency_code"":""USD"",""currency_position"":""prefix"",""values"":[]}",[],[],[],[],,,"{""url"":""https://kwel.com/wp-content/uploads/2026/06/Tall-City-Talk-image-1.png"",""id"":487032,""extension"":""png"",""width"":300,""height"":200}",[],false,false,,,2026-06-12 11:20:35,2026-06-12 16:20:35,true,true,,,
2026-09-30T13:59:37Z,kwel.com,https://www.kwel.com/wp-json/tribe/events/v1/events,43,10051556,kwel.com?id=10051556,Mark Levin,2027-03-16 17:00:00,2027-03-16 22:00:00,2027-03-16 20:00:00,2027-03-17 01:00:00,America/Chicago,false,false,publish,https://kwel.com/event/mark-levin-2/2027-03-16/,,,,"{""currency_symbol"":""$"",""currency_code"":""USD"",""currency_position"":""prefix"",""values"":[]}",[],[],[],[],,,"{""url"":""https://kwel.com/wp-content/uploads/2026/05/Mark-Levin.png"",""id"":486803,""extension"":""png"",""width"":300,""height"":200}",[],false,false,,,2026-05-21 23:20:02,2026-05-22 04:20:02,true,true,,,
2026-09-30T13:59:37Z,kwel.com,https://www.kwel.com/wp-json/tribe/events/v1/events,43,10079799,kwel.com?id=10079799,Scott Jennings Show &#8211; PM,2027-03-16 20:00:00,2027-03-17 01:00:00,2027-03-16 21:00:00,2027-03-17 02:00:00,America/Chicago,false,false,publish,https://kwel.com/event/scott-jennings-show-pm/2027-03-16/,,,,"{""currency_symbol"":""$"",""currency_code"":""USD"",""currency_position"":""prefix"",""values"":[]}",[],[],[],[],,,"{""url"":""https://kwel.com/wp-content/uploads/2026/05/Scott-Jennings.png"",""id"":486807,""extension"":""png"",""width"":300,""height"":200}",[],false,false,,,2026-05-21 23:38:26,2026-05-22 04:38:26,true,true,,,
2026-09-30T13:59:37Z,kwel.com,https://www.kwel.com/wp-json/tribe/events/v1/events,43,10065702,kwel.com?id=10065702,Mike Gallagher &#8211; PM,2027-03-16 21:00:00,2027-03-17 02:00:00,2027-03-16 23:00:00,2027-03-17 04:00:00,America/Chicago,false,false,publish,https://kwel.com/event/mike-gallagher-4-2/2027-03-16/,,,,"{""currency_symbol"":""$"",""currency_code"":""USD"",""currency_position"":""prefix"",""values"":[]}",[],[],[],[],,,"{""url"":""https://kwel.com/wp-content/uploads/2026/05/Mike-Gallagher.png"",""id"":486804,""extension"":""png"",""width"":300,""height"":200}",[],false,false,,,2026-05-21 22:45:14,2026-05-22 03:45:14,true,true,,,
2026-09-30T13:59:37Z,kwel.com,https://www.kwel.com/wp-json/tribe/events/v1/events,43,10027673,kwel.com?id=10027673,Hugh Hewitt,2027-03-16 23:00:00,2027-03-17 04:00:00,2027-03-17 02:00:00,2027-03-17 07:00:00,America/Chicago,false,false,publish,https://kwel.com/event/hugh-hewitt/2027-03-16/,,,,"{""currency_symbol"":""$"",""currency_code"":""USD"",""currency_position"":""prefix"",""values"":[]}",[],[],[],[],,,"{""url"":""https://kwel.com/wp-content/uploads/2026/05/Hugh-Hewitt.png"",""id"":486801,""extension"":""png"",""width"":300,""height"":200}",[],false,false,,,2026-05-21 23:21:01,2026-05-22 04:21:01,true,true,,,
2026-09-30T13:59:37Z,kwel.com,https://www.kwel.com/wp-json/tribe/events/v1/events,43,10071870,kwel.com?id=10071870,Larry Elder,2027-03-17 02:00:00,2027-03-17 07:00:00,2027-03-17 05:00:00,2027-03-17 10:00:00,America/Chicago,false,false,publish,https://kwel.com/event/larry-elder-2/2027-03-17/,,,,"{""currency_symbol"":""$"",""currency_code"":""USD"",""currency_position"":""prefix"",""values"":[]}",[],[],[],[],,,"{""url"":""https://kwel.com/wp-content/uploads/2026/05/Larry-Elder.png"",""id"":486802,""extension"":""png"",""width"":300,""height"":200}",[],false,false,,,2026-05-21 23:52:47,2026-05-22 04:52:47,true,true,,,
2026-09-30T13:59:37Z,kwel.com,https://www.kwel.com/wp-json/tribe/events/v1/events,43,10055115,kwel.com?id=10055115,America in the Morning,2027-03-17 05:00:00,2027-03-17 10:00:00,2027-03-17 06:00:00,2027-03-17 11:00:00,America/Chicago,false,false,publish,https://kwel.com/event/america-in-the-morning/2027-03-17/,,,,"{""currency_symbol"":""$"",""currency_code"":""USD"",""currency_position"":""prefix"",""values"":[]}",[],[],[],[],,,"{""url"":""https://kwel.com/wp-content/uploads/2026/05/America-in-the-Morning.png"",""id"":486797,""extension"":""png"",""width"":300,""height"":200}",[],false,false,,,2026-05-21 23:04:52,2026-05-22 04:04:52,true,true,,,
2026-09-30T13:59:37Z,kwel.com,https://www.kwel.com/wp-json/tribe/events/v1/events,43,10012060,kwel.com?id=10012060,The Morning Show with Craig Anderson &#038; Lisa Kay,2027-03-17 06:00:00,2027-03-17 11:00:00,2027-03-17 10:00:00,2027-03-17 15:00:00,America/Chicago,false,false,publish,https://kwel.com/event/the-morning-show-with-craig-anderson-2/2027-03-17/,,,,"{""currency_symbol"":""$"",""currency_code"":""USD"",""currency_position"":""prefix"",""values"":[]}",[],[],[],[],<p>Local and streaming live!</p>,,"{""url"":""https://kwel.com/wp-content/uploads/2026/05/Craig-and-Lisa-1.png"",""id"":486798,""extension"":""png"",""width"":300,""height"":200}",[],false,false,,,2026-05-21 23:18:43,2026-05-22 04:18:43,true,true,,,
2026-09-30T13:59:37Z,kwel.com,https://www.kwel.com/wp-json/tribe/events/v1/events,43,10059181,kwel.com?id=10059181,Mike Gallagher &#8211; AM,2027-03-17 10:00:00,2027-03-17 15:00:00,2027-03-17 11:00:00,2027-03-17 16:00:00,America/Chicago,false,false,publish,https://kwel.com/event/mike-gallagher-am-2/2027-03-17/,,,,"{""currency_symbol"":""$"",""currency_code"":""USD"",""currency_position"":""prefix"",""values"":[]}",[],[],[],[],,,"{""url"":""https://kwel.com/wp-content/uploads/2026/05/Mike-Gallagher.png"",""id"":486804,""extension"":""png"",""width"":300,""height"":200}",[],false,false,,,2026-05-21 22:43:18,2026-05-22 03:43:18,true,true,,,
2026-09-30T13:59:37Z,kwel.com,https://www.kwel.com/wp-json/tribe/events/v1/events,43,10075887,kwel.com?id=10075887,Alex Marlow,2027-03-17 11:00:00,2027-03-17 16:00:00,2027-03-17 12:00:00,2027-03-17 17:00:00,America/Chicago,false,false,publish,https://kwel.com/event/alex-marlow/2027-03-17/,,,,"{""currency_symbol"":""$"",""currency_code"":""USD"",""currency_position"":""prefix"",""values"":[]}",[],[],[],[],,,"{""url"":""https://kwel.com/wp-content/uploads/2026/05/Alex-Marlow.png"",""id"":486796,""extension"":""png"",""width"":300,""height"":200}",[],false,false,,,2026-05-21 23:33:23,2026-05-22 04:33:23,true,true,,,
2026-09-30T13:59:37Z,kwel.com,https://www.kwel.com/wp-json/tribe/events/v1/events,43,10077192,kwel.com?id=10077192,Scott Jennings Show,2027-03-17 12:00:00,2027-03-17 17:00:00,2027-03-17 13:00:00,2027-03-17 18:00:00,America/Chicago,false,false,publish,https://kwel.com/event/scott-jennings/2027-03-17/,,,,"{""currency_symbol"":""$"",""currency_code"":""USD"",""currency_position"":""prefix"",""values"":[]}",[],[],[],[],,,"{""url"":""https://kwel.com/wp-content/uploads/2026/05/Scott-Jennings.png"",""id"":486807,""extension"":""png"",""width"":300,""height"":200}",[],false,false,,,2026-05-21 23:37:53,2026-05-22 04:37:53,true,true,,,
2026-09-30T13:59:37Z,kwel.com,https://www.kwel.com/wp-json/tribe/events/v1/events,43,10064399,kwel.com?id=10064399,Dave Ramsey,2027-03-17 13:00:00,2027-03-17 18:00:00,2027-03-17 15:00:00,2027-03-17 20:00:00,America/Chicago,false,false,publish,https://kwel.com/event/dave-ramsey/2027-03-17/,,,,"{""currency_symbol"":""$"",""currency_code"":""USD"",""currency_position"":""prefix"",""values"":[]}",[],[],[],[],,,"{""url"":""https://kwel.com/wp-content/uploads/2026/05/Dave-Ramsey.png"",""id"":486800,""extension"":""png"",""width"":300,""height"":200}",[],false,false,,,2026-05-21 22:58:20,2026-05-22 03:58:20,true,true,,,
2026-09-30T13:59:37Z,kwel.com,https://www.kwel.com/wp-json/tribe/events/v1/events,43,10061789,kwel.com?id=10061789,Tall City Talk,2027-03-17 15:00:00,2027-03-17 20:00:00,2027-03-17 17:00:00,2027-03-17 22:00:00,America/Chicago,false,false,publish,https://kwel.com/event/patriot-call/2027-03-17/,,,,"{""currency_symbol"":""$"",""currency_code"":""USD"",""currency_position"":""prefix"",""values"":[]}",[],[],[],[],,,"{""url"":""https://kwel.com/wp-content/uploads/2026/06/Tall-City-Talk-image-1.png"",""id"":487032,""extension"":""png"",""width"":300,""height"":200}",[],false,false,,,2026-06-12 11:20:35,2026-06-12 16:20:35,true,true,,,
2026-09-30T13:59:37Z,kwel.com,https://www.kwel.com/wp-json/tribe/events/v1/events,43,10051557,kwel.com?id=10051557,Mark Levin,2027-03-17 17:00:00,2027-03-17 22:00:00,2027-03-17 20:00:00,2027-03-18 01:00:00,America/Chicago,false,false,publish,https://kwel.com/event/mark-levin-2/2027-03-17/,,,,"{""currency_symbol"":""$"",""currency_code"":""USD"",""currency_position"":""prefix"",""values"":[]}",[],[],[],[],,,"{""url"":""https://kwel.com/wp-content/uploads/2026/05/Mark-Levin.png"",""id"":486803,""extension"":""png"",""width"":300,""height"":200}",[],false,false,,,2026-05-21 23:20:02,2026-05-22 04:20:02,true,true,,,
2026-09-30T13:59:37Z,kwel.com,https://www.kwel.com/wp-json/tribe/events/v1/events,43,10079800,kwel.com?id=10079800,Scott Jennings Show &#8211; PM,2027-03-17 20:00:00,2027-03-18 01:00:00,2027-03-17 21:00:00,2027-03-18 02:00:00,America/Chicago,false,false,publish,https://kwel.com/event/scott-jennings-show-pm/2027-03-17/,,,,"{""currency_symbol"":""$"",""currency_code"":""USD"",""currency_position"":""prefix"",""values"":[]}",[],[],[],[],,,"{""url"":""https://kwel.com/wp-content/uploads/2026/05/Scott-Jennings.png"",""id"":486807,""extension"":""png"",""width"":300,""height"":200}",[],false,false,,,2026-05-21 23:38:26,2026-05-22 04:38:26,true,true,,,
2026-09-30T13:59:37Z,kwel.com,https://www.kwel.com/wp-json/tribe/events/v1/events,43,10065703,kwel.com?id=10065703,Mike Gallagher &#8211; PM,2027-03-17 21:00:00,2027-03-18 02:00:00,2027-03-17 23:00:00,2027-03-18 04:00:00,America/Chicago,false,false,publish,https://kwel.com/event/mike-gallagher-4-2/2027-03-17/,,,,"{""currency_symbol"":""$"",""currency_code"":""USD"",""currency_position"":""prefix"",""values"":[]}",[],[],[],[],,,"{""url"":""https://kwel.com/wp-content/uploads/2026/05/Mike-Gallagher.png"",""id"":486804,""extension"":""png"",""width"":300,""height"":200}",[],false,false,,,2026-05-21 22:45:14,2026-05-22 03:45:14,true,true,,,
2026-09-30T13:59:37Z,kwel.com,https://www.kwel.com/wp-json/tribe/events/v1/events,43,10027674,kwel.com?id=10027674,Hugh Hewitt,2027-03-17 23:00:00,2027-03-18 04:00:00,2027-03-18 02:00:00,2027-03-18 07:00:00,America/Chicago,false,false,publish,https://kwel.com/event/hugh-hewitt/2027-03-17/,,,,"{""currency_symbol"":""$"",""currency_code"":""USD"",""currency_position"":""prefix"",""values"":[]}",[],[],[],[],,,"{""url"":""https://kwel.com/wp-content/uploads/2026/05/Hugh-Hewitt.png"",""id"":486801,""extension"":""png"",""width"":300,""height"":200}",[],false,false,,,2026-05-21 23:21:01,2026-05-22 04:21:01,true,true,,,
2026-09-30T13:59:37Z,kwel.com,https://www.kwel.com/wp-json/tribe/events/v1/events,43,10071871,kwel.com?id=10071871,Larry Elder,2027-03-18 02:00:00,2027-03-18 07:00:00,2027-03-18 05:00:00,2027-03-18 10:00:00,America/Chicago,false,false,publish,https://kwel.com/event/larry-elder-2/2027-03-18/,,,,"{""currency_symbol"":""$"",""currency_code"":""USD"",""currency_position"":""prefix"",""values"":[]}",[],[],[],[],,,"{""url"":""https://kwel.com/wp-content/uploads/2026/05/Larry-Elder.png"",""id"":486802,""extension"":""png"",""width"":300,""height"":200}",[],false,false,,,2026-05-21 23:52:47,2026-05-22 04:52:47,true,true,,,
2026-09-30T13:59:37Z,kwel.com,https://www.kwel.com/wp-json/tribe/events/v1/events,43,10055116,kwel.com?id=10055116,America in the Morning,2027-03-18 05:00:00,2027-03-18 10:00:00,2027-03-18 06:00:00,2027-03-18 11:00:00,America/Chicago,false,false,publish,https://kwel.com/event/america-in-the-morning/2027-03-18/,,,,"{""currency_symbol"":""$"",""currency_code"":""USD"",""currency_position"":""prefix"",""values"":[]}",[],[],[],[],,,"{""url"":""https://kwel.com/wp-content/uploads/2026/05/America-in-the-Morning.png"",""id"":486797,""extension"":""png"",""width"":300,""height"":200}",[],false,false,,,2026-05-21 23:04:52,2026-05-22 04:04:52,true,true,,,
2026-09-30T13:59:37Z,kwel.com,https://www.kwel.com/wp-json/tribe/events/v1/events,43,10012061,kwel.com?id=10012061,The Morning Show with Craig Anderson &#038; Lisa Kay,2027-03-18 06:00:00,2027-03-18 11:00:00,2027-03-18 10:00:00,2027-03-18 15:00:00,America/Chicago,false,false,publish,https://kwel.com/event/the-morning-show-with-craig-anderson-2/2027-03-18/,,,,"{""currency_symbol"":""$"",""currency_code"":""USD"",""currency_position"":""prefix"",""values"":[]}",[],[],[],[],<p>Local and streaming live!</p>,,"{""url"":""https://kwel.com/wp-content/uploads/2026/05/Craig-and-Lisa-1.png"",""id"":486798,""extension"":""png"",""width"":300,""height"":200}",[],false,false,,,2026-05-21 23:18:43,2026-05-22 04:18:43,true,true,,,
2026-09-30T13:59:37Z,kwel.com,https://www.kwel.com/wp-json/tribe/events/v1/events,43,10059182,kwel.com?id=10059182,Mike Gallagher &#8211; AM,2027-03-18 10:00:00,2027-03-18 15:00:00,2027-03-18 11:00:00,2027-03-18 16:00:00,America/Chicago,false,false,publish,https://kwel.com/event/mike-gallagher-am-2/2027-03-18/,,,,"{""currency_symbol"":""$"",""currency_code"":""USD"",""currency_position"":""prefix"",""values"":[]}",[],[],[],[],,,"{""url"":""https://kwel.com/wp-content/uploads/2026/05/Mike-Gallagher.png"",""id"":486804,""extension"":""png"",""width"":300,""height"":200}",[],false,false,,,2026-05-21 22:43:18,2026-05-22 03:43:18,true,true,,,
2026-09-30T13:59:37Z,kwel.com,https://www.kwel.com/wp-json/tribe/events/v1/events,43,10075888,kwel.com?id=10075888,Alex Marlow,2027-03-18 11:00:00,2027-03-18 16:00:00,2027-03-18 12:00:00,2027-03-18 17:00:00,America/Chicago,false,false,publish,https://kwel.com/event/alex-marlow/2027-03-18/,,,,"{""currency_symbol"":""$"",""currency_code"":""USD"",""currency_position"":""prefix"",""values"":[]}",[],[],[],[],,,"{""url"":""https://kwel.com/wp-content/uploads/2026/05/Alex-Marlow.png"",""id"":486796,""extension"":""png"",""width"":300,""height"":200}",[],false,false,,,2026-05-21 23:33:23,2026-05-22 04:33:23,true,true,,,
2026-09-30T13:59:37Z,kwel.com,https://www.kwel.com/wp-json/tribe/events/v1/events,43,10077193,kwel.com?id=10077193,Scott Jennings Show,2027-03-18 12:00:00,2027-03-18 17:00:00,2027-03-18 13:00:00,2027-03-18 18:00:00,America/Chicago,false,false,publish,https://kwel.com/event/scott-jennings/2027-03-18/,,,,"{""currency_symbol"":""$"",""currency_code"":""USD"",""currency_position"":""prefix"",""values"":[]}",[],[],[],[],,,"{""url"":""https://kwel.com/wp-content/uploads/2026/05/Scott-Jennings.png"",""id"":486807,""extension"":""png"",""width"":300,""height"":200}",[],false,false,,,2026-05-21 23:37:53,2026-05-22 04:37:53,true,true,,,
2026-09-30T13:59:37Z,kwel.com,https://www.kwel.com/wp-json/tribe/events/v1/events,43,10064400,kwel.com?id=10064400,Dave Ramsey,2027-03-18 13:00:00,2027-03-18 18:00:00,2027-03-18 15:00:00,2027-03-18 20:00:00,America/Chicago,false,false,publish,https://kwel.com/event/dave-ramsey/2027-03-18/,,,,"{""currency_symbol"":""$"",""currency_code"":""USD"",""currency_position"":""prefix"",""values"":[]}",[],[],[],[],,,"{""url"":""https://kwel.com/wp-content/uploads/2026/05/Dave-Ramsey.png"",""id"":486800,""extension"":""png"",""width"":300,""height"":200}",[],false,false,,,2026-05-21 22:58:20,2026-05-22 03:58:20,true,true,,,
2026-09-30T13:59:37Z,kwel.com,https://www.kwel.com/wp-json/tribe/events/v1/events,43,10061790,kwel.com?id=10061790,Tall City Talk,2027-03-18 15:00:00,2027-03-18 20:00:00,2027-03-18 17:00:00,2027-03-18 22:00:00,America/Chicago,false,false,publish,https://kwel.com/event/patriot-call/2027-03-18/,,,,"{""currency_symbol"":""$"",""currency_code"":""USD"",""currency_position"":""prefix"",""values"":[]}",[],[],[],[],,,"{""url"":""https://kwel.com/wp-content/uploads/2026/06/Tall-City-Talk-image-1.png"",""id"":487032,""extension"":""png"",""width"":300,""height"":200}",[],false,false,,,2026-06-12 11:20:35,2026-06-12 16:20:35,true,true,,,
2026-09-30T13:59:37Z,kwel.com,https://www.kwel.com/wp-json/tribe/events/v1/events,43,10051558,kwel.com?id=10051558,Mark Levin,2027-03-18 17:00:00,2027-03-18 22:00:00,2027-03-18 20:00:00,2027-03-19 01:00:00,America/Chicago,false,false,publish,https://kwel.com/event/mark-levin-2/2027-03-18/,,,,"{""currency_symbol"":""$"",""currency_code"":""USD"",""currency_position"":""prefix"",""values"":[]}",[],[],[],[],,,"{""url"":""https://kwel.com/wp-content/uploads/2026/05/Mark-Levin.png"",""id"":486803,""extension"":""png"",""width"":300,""height"":200}",[],false,false,,,2026-05-21 23:20:02,2026-05-22 04:20:02,true,true,,,
2026-09-30T13:59:37Z,kwel.com,https://www.kwel.com/wp-json/tribe/events/v1/events,43,10079801,kwel.com?id=10079801,Scott Jennings Show &#8211; PM,2027-03-18 20:00:00,2027-03-19 01:00:00,2027-03-18 21:00:00,2027-03-19 02:00:00,America/Chicago,false,false,publish,https://kwel.com/event/scott-jennings-show-pm/2027-03-18/,,,,"{""currency_symbol"":""$"",""currency_code"":""USD"",""currency_position"":""prefix"",""values"":[]}",[],[],[],[],,,"{""url"":""https://kwel.com/wp-content/uploads/2026/05/Scott-Jennings.png"",""id"":486807,""extension"":""png"",""width"":300,""height"":200}",[],false,false,,,2026-05-21 23:38:26,2026-05-22 04:38:26,true,true,,,
2026-09-30T13:59:37Z,kwel.com,https://www.kwel.com/wp-json/tribe/events/v1/events,43,10065704,kwel.com?id=10065704,Mike Gallagher &#8211; PM,2027-03-18 21:00:00,2027-03-19 02:00:00,2027-03-18 23:00:00,2027-03-19 04:00:00,America/Chicago,false,false,publish,https://kwel.com/event/mike-gallagher-4-2/2027-03-18/,,,,"{""currency_symbol"":""$"",""currency_code"":""USD"",""currency_position"":""prefix"",""values"":[]}",[],[],[],[],,,"{""url"":""https://kwel.com/wp-content/uploads/2026/05/Mike-Gallagher.png"",""id"":486804,""extension"":""png"",""width"":300,""height"":200}",[],false,false,,,2026-05-21 22:45:14,2026-05-22 03:45:14,true,true,,,
2026-09-30T13:59:37Z,kwel.com,https://www.kwel.com/wp-json/tribe/events/v1/events,43,10027675,kwel.com?id=10027675,Hugh Hewitt,2027-03-18 23:00:00,2027-03-19 04:00:00,2027-03-19 02:00:00,2027-03-19 07:00:00,America/Chicago,false,false,publish,https://kwel.com/event/hugh-hewitt/2027-03-18/,,,,"{""currency_symbol"":""$"",""currency_code"":""USD"",""currency_position"":""prefix"",""values"":[]}",[],[],[],[],,,"{""url"":""https://kwel.com/wp-content/uploads/2026/05/Hugh-Hewitt.png"",""id"":486801,""extension"":""png"",""width"":300,""height"":200}",[],false,false,,,2026-05-21 23:21:01,2026-05-22 04:21:01,true,true,,,
2026-09-30T13:59:37Z,kwel.com,https://www.kwel.com/wp-json/tribe/events/v1/events,43,10071872,kwel.com?id=10071872,Larry Elder,2027-03-19 02:00:00,2027-03-19 07:00:00,2027-03-19 05:00:00,2027-03-19 10:00:00,America/Chicago,false,false,publish,https://kwel.com/event/larry-elder-2/2027-03-19/,,,,"{""currency_symbol"":""$"",""currency_code"":""USD"",""currency_position"":""prefix"",""values"":[]}",[],[],[],[],,,"{""url"":""https://kwel.com/wp-content/uploads/2026/05/Larry-Elder.png"",""id"":486802,""extension"":""png"",""width"":300,""height"":200}",[],false,false,,,2026-05-21 23:52:47,2026-05-22 04:52:47,true,true,,,
2026-09-30T13:59:37Z,kwel.com,https://www.kwel.com/wp-json/tribe/events/v1/events,43,10055117,kwel.com?id=10055117,America in the Morning,2027-03-19 05:00:00,2027-03-19 10:00:00,2027-03-19 06:00:00,2027-03-19 11:00:00,America/Chicago,false,false,publish,https://kwel.com/event/america-in-the-morning/2027-03-19/,,,,"{""currency_symbol"":""$"",""currency_code"":""USD"",""currency_position"":""prefix"",""values"":[]}",[],[],[],[],,,"{""url"":""https://kwel.com/wp-content/uploads/2026/05/America-in-the-Morning.png"",""id"":486797,""extension"":""png"",""width"":300,""height"":200}",[],false,false,,,2026-05-21 23:04:52,2026-05-22 04:04:52,true,true,,,
2026-09-30T13:59:37Z,kwel.com,https://www.kwel.com/wp-json/tribe/events/v1/events,43,10012062,kwel.com?id=10012062,The Morning Show with Craig Anderson &#038; Lisa Kay,2027-03-19 06:00:00,2027-03-19 11:00:00,2027-03-19 10:00:00,2027-03-19 15:00:00,America/Chicago,false,false,publish,https://kwel.com/event/the-morning-show-with-craig-anderson-2/2027-03-19/,,,,"{""currency_symbol"":""$"",""currency_code"":""USD"",""currency_position"":""prefix"",""values"":[]}",[],[],[],[],<p>Local and streaming live!</p>,,"{""url"":""https://kwel.com/wp-content/uploads/2026/05/Craig-and-Lisa-1.png"",""id"":486798,""extension"":""png"",""width"":300,""height"":200}",[],false,false,,,2026-05-21 23:18:43,2026-05-22 04:18:43,true,true,,,
2026-09-30T13:59:37Z,kwel.com,https://www.kwel.com/wp-json/tribe/events/v1/events,43,10059183,kwel.com?id=10059183,Mike Gallagher &#8211; AM,2027-03-19 10:00:00,2027-03-19 15:00:00,2027-03-19 11:00:00,2027-03-19 16:00:00,America/Chicago,false,false,publish,https://kwel.com/event/mike-gallagher-am-2/2027-03-19/,,,,"{""currency_symbol"":""$"",""currency_code"":""USD"",""currency_position"":""prefix"",""values"":[]}",[],[],[],[],,,"{""url"":""https://kwel.com/wp-content/uploads/2026/05/Mike-Gallagher.png"",""id"":486804,""extension"":""png"",""width"":300,""height"":200}",[],false,false,,,2026-05-21 22:43:18,2026-05-22 03:43:18,true,true,,,
2026-09-30T13:59:37Z,kwel.com,https://www.kwel.com/wp-json/tribe/events/v1/events,43,10075889,kwel.com?id=10075889,Alex Marlow,2027-03-19 11:00:00,2027-03-19 16:00:00,2027-03-19 12:00:00,2027-03-19 17:00:00,America/Chicago,false,false,publish,https://kwel.com/event/alex-marlow/2027-03-19/,,,,"{""currency_symbol"":""$"",""currency_code"":""USD"",""currency_position"":""prefix"",""values"":[]}",[],[],[],[],,,"{""url"":""https://kwel.com/wp-content/uploads/2026/05/Alex-Marlow.png"",""id"":486796,""extension"":""png"",""width"":300,""height"":200}",[],false,false,,,2026-05-21 23:33:23,2026-05-22 04:33:23,true,true,,,
2026-09-30T13:59:37Z,kwel.com,https://www.kwel.com/wp-json/tribe/events/v1/events,43,10077194,kwel.com?id=10077194,Scott Jennings Show,2027-03-19 12:00:00,2027-03-19 17:00:00,2027-03-19 13:00:00,2027-03-19 18:00:00,America/Chicago,false,false,publish,https://kwel.com/event/scott-jennings/2027-03-19/,,,,"{""currency_symbol"":""$"",""currency_code"":""USD"",""currency_position"":""prefix"",""values"":[]}",[],[],[],[],,,"{""url"":""https://kwel.com/wp-content/uploads/2026/05/Scott-Jennings.png"",""id"":486807,""extension"":""png"",""width"":300,""height"":200}",[],false,false,,,2026-05-21 23:37:53,2026-05-22 04:37:53,true,true,,,
2026-09-30T13:59:37Z,kwel.com,https://www.kwel.com/wp-json/tribe/events/v1/events,43,10064401,kwel.com?id=10064401,Dave Ramsey,2027-03-19 13:00:00,2027-03-19 18:00:00,2027-03-19 15:00:00,2027-03-19 20:00:00,America/Chicago,false,false,publish,https://kwel.com/event/dave-ramsey/2027-03-19/,,,,"{""currency_symbol"":""$"",""currency_code"":""USD"",""currency_position"":""prefix"",""values"":[]}",[],[],[],[],,,"{""url"":""https://kwel.com/wp-content/uploads/2026/05/Dave-Ramsey.png"",""id"":486800,""extension"":""png"",""width"":300,""height"":200}",[],false,false,,,2026-05-21 22:58:20,2026-05-22 03:58:20,true,true,,,
2026-09-30T13:59:37Z,kwel.com,https://www.kwel.com/wp-json/tribe/events/v1/events,43,10061791,kwel.com?id=10061791,Tall City Talk,2027-03-19 15:00:00,2027-03-19 20:00:00,2027-03-19 17:00:00,2027-03-19 22:00:00,America/Chicago,false,false,publish,https://kwel.com/event/patriot-call/2027-03-19/,,,,"{""currency_symbol"":""$"",""currency_code"":""USD"",""currency_position"":""prefix"",""values"":[]}",[],[],[],[],,,"{""url"":""https://kwel.com/wp-content/uploads/2026/06/Tall-City-Talk-image-1.png"",""id"":487032,""extension"":""png"",""width"":300,""height"":200}",[],false,false,,,2026-06-12 11:20:35,2026-06-12 16:20:35,true,true,,,
2026-09-30T13:59:37Z,kwel.com,https://www.kwel.com/wp-json/tribe/events/v1/events,43,10051559,kwel.com?id=10051559,Mark Levin,2027-03-19 17:00:00,2027-03-19 22:00:00,2027-03-19 20:00:00,2027-03-20 01:00:00,America/Chicago,false,false,publish,https://kwel.com/event/mark-levin-2/2027-03-19/,,,,"{""currency_symbol"":""$"",""currency_code"":""USD"",""currency_position"":""prefix"",""values"":[]}",[],[],[],[],,,"{""url"":""https://kwel.com/wp-content/uploads/2026/05/Mark-Levin.png"",""id"":486803,""extension"":""png"",""width"":300,""height"":200}",[],false,false,,,2026-05-21 23:20:02,2026-05-22 04:20:02,true,true,,,
2026-09-30T13:59:37Z,kwel.com,https://www.kwel.com/wp-json/tribe/events/v1/events,43,10079802,kwel.com?id=10079802,Scott Jennings Show &#8211; PM,2027-03-19 20:00:00,2027-03-20 01:00:00,2027-03-19 21:00:00,2027-03-20 02:00:00,America/Chicago,false,false,publish,https://kwel.com/event/scott-jennings-show-pm/2027-03-19/,,,,"{""currency_symbol"":""$"",""currency_code"":""USD"",""currency_position"":""prefix"",""values"":[]}",[],[],[],[],,,"{""url"":""https://kwel.com/wp-content/uploads/2026/05/Scott-Jennings.png"",""id"":486807,""extension"":""png"",""width"":300,""height"":200}",[],false,false,,,2026-05-21 23:38:26,2026-05-22 04:38:26,true,true,,,
2026-09-30T13:59:37Z,kwel.com,https://www.kwel.com/wp-json/tribe/events/v1/events,43,10065705,kwel.com?id=10065705,Mike Gallagher &#8211; PM,2027-03-19 21:00:00,2027-03-20 02:00:00,2027-03-19 23:00:00,2027-03-20 04:00:00,America/Chicago,false,false,publish,https://kwel.com/event/mike-gallagher-4-2/2027-03-19/,,,,"{""currency_symbol"":""$"",""currency_code"":""USD"",""currency_position"":""prefix"",""values"":[]}",[],[],[],[],,,"{""url"":""https://kwel.com/wp-content/uploads/2026/05/Mike-Gallagher.png"",""id"":486804,""extension"":""png"",""width"":300,""height"":200}",[],false,false,,,2026-05-21 22:45:14,2026-05-22 03:45:14,true,true,,,
2026-09-30T13:59:37Z,kwel.com,https://www.kwel.com/wp-json/tribe/events/v1/events,43,10027676,kwel.com?id=10027676,Hugh Hewitt,2027-03-19 23:00:00,2027-03-20 04:00:00,2027-03-20 02:00:00,2027-03-20 07:00:00,America/Chicago,false,false,publish,https://kwel.com/event/hugh-hewitt/2027-03-19/,,,,"{""currency_symbol"":""$"",""currency_code"":""USD"",""currency_position"":""prefix"",""values"":[]}",[],[],[],[],,,"{""url"":""https://kwel.com/wp-content/uploads/2026/05/Hugh-Hewitt.png"",""id"":486801,""extension"":""png"",""width"":300,""height"":200}",[],false,false,,,2026-05-21 23:21:01,2026-05-22 04:21:01,true,true,,,
2026-09-30T13:59:37Z,kwel.com,https://www.kwel.com/wp-json/tribe/events/v1/events,43,10071440,kwel.com?id=10071440,America in the Morning &#8211; Sat.,2027-03-20 06:00:00,2027-03-20 11:00:00,2027-03-20 06:30:00,2027-03-20 11:30:00,America/Chicago,false,false,publish,https://kwel.com/event/america-in-the-morning-sat/2027-03-20/,,,,"{""currency_symbol"":""$"",""currency_code"":""USD"",""currency_position"":""prefix"",""values"":[]}",[],[],[],[],,,"{""url"":""https://kwel.com/wp-content/uploads/2026/05/America-in-the-Morning.png"",""id"":486797,""extension"":""png"",""width"":300,""height"":200}",[],false,false,,,2026-05-21 23:04:09,2026-05-22 04:04:09,true,true,,,
2026-09-30T13:59:37Z,kwel.com,https://www.kwel.com/wp-json/tribe/events/v1/events,43,10081619,kwel.com?id=10081619,Oldies Music Show,2027-03-20 06:30:00,2027-03-20 11:30:00,2027-03-20 09:00:00,2027-03-20 14:00:00,America/Chicago,false,false,publish,https://kwel.com/event/oldies-music-show/2027-03-20/,,,,"{""currency_symbol"":""$"",""currency_code"":""USD"",""currency_position"":""prefix"",""values"":[]}",[],[],[],[],,,false,[],false,false,,,2026-05-21 23:46:45,2026-05-22 04:46:45,true,true,,,
2026-09-30T13:59:37Z,kwel.com,https://www.kwel.com/wp-json/tribe/events/v1/events,44,10081358,kwel.com?id=10081358,The Oil Mix Show w/ Kym Balado,2027-03-20 09:00:00,2027-03-20 14:00:00,2027-03-20 10:00:00,2027-03-20 15:00:00,America/Chicago,false,false,publish,https://kwel.com/event/inside-the-oil-patch-with-kim-balado/2027-03-20/,,,,"{""currency_symbol"":""$"",""currency_code"":""USD"",""currency_position"":""prefix"",""values"":[]}",[],[],[],[],,,false,[],false,false,,,2026-05-21 23:45:16,2026-05-22 04:45:16,true,true,,,
2026-09-30T13:59:37Z,kwel.com,https://www.kwel.com/wp-json/tribe/events/v1/events,44,10083207,kwel.com?id=10083207,Hoyl Financial,2027-03-20 10:00:00,2027-03-20 15:00:00,2027-03-20 10:30:00,2027-03-20 15:30:00,America/Chicago,false,false,publish,https://kwel.com/event/hoyl-financial/2027-03-20/,,,,"{""currency_symbol"":""$"",""currency_code"":""USD"",""currency_position"":""prefix"",""values"":[]}",[],[],[],[],,,false,[],false,false,,,2026-05-22 00:04:04,2026-05-22 05:04:04,true,true,,,
2026-09-30T13:59:37Z,kwel.com,https://www.kwel.com/wp-json/tribe/events/v1/events,44,10036171,kwel.com?id=10036171,Dr. Bob Martin,2027-03-20 11:00:00,2027-03-20 16:00:00,2027-03-20 13:00:00,2027-03-20 18:00:00,America/Chicago,false,false,publish,https://kwel.com/event/dr-bob-martin/2027-03-20/,,,,"{""currency_symbol"":""$"",""currency_code"":""USD"",""currency_position"":""prefix"",""values"":[]}",[],[],[],[],<p>Presented by Natural Foods Market</p>,,"{""url"":""https://kwel.com/wp-content/uploads/2024/12/Dr.-Bob-Martin.png"",""id"":486828,""extension"":""png"",""width"":300,""height"":200}",[],false,false,,,2026-05-21 23:23:52,2026-05-22 04:23:52,true,true,,,
2026-09-30T13:59:37Z,kwel.com,https://www.kwel.com/wp-json/tribe/events/v1/events,44,10082946,kwel.com?id=10082946,Body Talk with Dr. Bill Dodson,2027-03-20 13:00:00,2027-03-20 18:00:00,2027-03-20 15:00:00,2027-03-20 20:00:00,America/Chicago,false,false,publish,https://kwel.com/event/body-talk-with-dr-bill-dodson/2027-03-20/,,,,"{""currency_symbol"":""$"",""currency_code"":""USD"",""currency_position"":""prefix"",""values"":[]}",[],[],[],[],<p>Paradigm Physical Therapy &#8211; LIVE AND LOCAL</p>,,"{""url"":""https://kwel.com/wp-content/uploads/2024/12/Bill-Dodson.png"",""id"":486852,""extension"":""png"",""width"":300,""height"":200}",[],false,false,,,2026-05-22 00:01:52,2026-05-22 05:01:52,true,true,,,
2026-09-30T13:59:37Z,kwel.com,https://www.kwel.com/wp-json/tribe/events/v1/events,44,10083729,kwel.com?id=10083729,The CC Auto Show,2027-03-20 15:00:00,2027-03-20 20:00:00,2027-03-20 17:00:00,2027-03-20 22:00:00,America/Chicago,false,false,publish,https://kwel.com/event/the-best-of-hoss-duggar/2027-03-20/,,,,"{""currency_symbol"":""$"",""currency_code"":""USD"",""currency_position"":""prefix"",""values"":[]}",[],[],[],[],,,false,[],false,false,,,2026-05-22 00:06:03,2026-05-22 05:06:03,true,true,,,
2026-09-30T13:59:37Z,kwel.com,https://www.kwel.com/wp-json/tribe/events/v1/events,44,10083990,kwel.com?id=10083990,The Pet Show,2027-03-20 17:00:00,2027-03-20 22:00:00,2027-03-20 19:00:00,2027-03-21 00:00:00,America/Chicago,false,false,publish,https://kwel.com/event/the-pet-show/2027-03-20/,,,,"{""currency_symbol"":""$"",""currency_code"":""USD"",""currency_position"":""prefix"",""values"":[]}",[],[],[],[],,,false,[],false,false,,,2026-05-22 00:07:14,2026-05-22 05:07:14,true,true,,,
2026-09-30T13:59:37Z,kwel.com,https://www.kwel.com/wp-json/tribe/events/v1/events,44,10084251,kwel.com?id=10084251,The Best of Hoss Duggar &#8211; PM,2027-03-20 19:00:00,2027-03-21 00:00:00,2027-03-20 19:30:00,2027-03-21 00:30:00,America/Chicago,false,false,publish,https://kwel.com/event/the-best-of-hoss-duggar-pm/2027-03-20/,,,,"{""currency_symbol"":""$"",""currency_code"":""USD"",""currency_position"":""prefix"",""values"":[]}",[],[],[],[],,,false,[],false,false,,,2026-05-22 00:08:01,2026-05-22 05:08:01,true,true,,,
2026-09-30T13:59:37Z,kwel.com,https://www.kwel.com/wp-json/tribe/events/v1/events,44,10084512,kwel.com?id=10084512,The Best of Keith Stretcher &#8211; Sat.,2027-03-20 19:30:00,2027-03-21 00:30:00,2027-03-20 20:00:00,2027-03-21 01:00:00,America/Chicago,false,false,publish,https://kwel.com/event/the-best-of-keith-stretcher-sat/2027-03-20/,,,,"{""currency_symbol"":""$"",""currency_code"":""USD"",""currency_position"":""prefix"",""values"":[]}",[],[],[],[],,,false,[],false,false,,,2026-05-22 00:09:06,2026-05-22 05:09:06,true,true,,,
2026-09-30T13:59:37Z,kwel.com,https://www.kwel.com/wp-json/tribe/events/v1/events,44,10086861,kwel.com?id=10086861,Rick Valdez,2027-03-20 20:00:00,2027-03-21 01:00:00,2027-03-21 00:00:00,2027-03-21 05:00:00,America/Chicago,false,false,publish,https://kwel.com/event/rick-valdez/2027-03-20/,,,,"{""currency_symbol"":""$"",""currency_code"":""USD"",""currency_position"":""prefix"",""values"":[]}",[],[],[],[],,,false,[],false,false,,,2026-05-22 00:25:00,2026-05-22 05:25:00,true,true,,,
2026-09-30T13:59:37Z,kwel.com,https://www.kwel.com/wp-json/tribe/events/v1/events,44,10087122,kwel.com?id=10087122,Kevin McCullough,2027-03-21 00:00:00,2027-03-21 05:00:00,2027-03-21 03:00:00,2027-03-21 08:00:00,America/Chicago,false,false,publish,https://kwel.com/event/kevin-mccullough/2027-03-21/,,,,"{""currency_symbol"":""$"",""currency_code"":""USD"",""currency_position"":""prefix"",""values"":[]}",[],[],[],[],,,false,[],false,false,,,2026-05-29 20:04:05,2026-05-30 01:04:05,true,true,,,
2026-09-30T13:59:37Z,kwel.com,https://www.kwel.com/wp-json/tribe/events/v1/events,44,10066836,kwel.com?id=10066836,Mike Gallagher &#8211; Sunday,2027-03-21 03:00:00,2027-03-21 08:00:00,2027-03-21 06:00:00,2027-03-21 11:00:00,America/Chicago,false,false,publish,https://kwel.com/event/mike-gallagher-4-3/2027-03-21/,,,,"{""currency_symbol"":""$"",""currency_code"":""USD"",""currency_position"":""prefix"",""values"":[]}",[],[],[],[],,,"{""url"":""https://kwel.com/wp-content/uploads/2026/05/Mike-Gallagher.png"",""id"":486804,""extension"":""png"",""width"":300,""height"":200}",[],false,false,,,2026-05-21 22:51:50,2026-05-22 03:51:50,true,true,,,
2026-09-30T13:59:37Z,kwel.com,https://www.kwel.com/wp-json/tribe/events/v1/events,44,10084773,kwel.com?id=10084773,The Best of Keith Stretcher &#8211; Sun.,2027-03-21 06:30:00,2027-03-21 11:30:00,2027-03-21 07:00:00,2027-03-21 12:00:00,America/Chicago,false,false,publish,https://kwel.com/event/the-best-of-keith-stretcher-sun/2027-03-21/,,,,"{""currency_symbol"":""$"",""currency_code"":""USD"",""currency_position"":""prefix"",""values"":[]}",[],[],[],[],,,false,[],false,false,,,2026-05-22 00:10:38,2026-05-22 05:10:38,true,true,,,
2026-09-30T13:59:37Z,kwel.com,https://www.kwel.com/wp-json/tribe/events/v1/events,44,10085034,kwel.com?id=10085034,Wall Builders &#8211; 7am,2027-03-21 07:00:00,2027-03-21 12:00:00,2027-03-21 07:30:00,2027-03-21 12:30:00,America/Chicago,false,false,publish,https://kwel.com/event/wall-builders-7am/2027-03-21/,,,,"{""currency_symbol"":""$"",""currency_code"":""USD"",""currency_position"":""prefix"",""values"":[]}",[],[],[],[],,,"{""url"":""https://kwel.com/wp-content/uploads/2026/05/Wall-Builders.png"",""id"":486877,""extension"":""png"",""width"":300,""height"":200}",[],false,false,,,2026-05-22 00:15:13,2026-05-22 05:15:13,true,true,,,
2026-09-30T13:59:37Z,kwel.com,https://www.kwel.com/wp-json/tribe/events/v1/events,44,10031791,kwel.com?id=10031791,Lutheran Hour &#8211; Family Shield- Sponsored by Grace Lutheran and Holy Cross Lutheran,2027-03-21 07:30:00,2027-03-21 12:30:00,2027-03-21 08:30:00,2027-03-21 13:30:00,America/Chicago,false,false,publish,https://kwel.com/event/lutheran-hour-family-shield-sponsored-by-grace-lutheran-and-holy-cross-lutheran/2027-03-21/,,,,"{""currency_symbol"":""$"",""currency_code"":""USD"",""currency_position"":""prefix"",""values"":[]}",[],[],[],[],,,false,[],false,false,,,2026-05-21 23:59:20,2026-05-22 04:59:20,true,true,,,
2026-09-30T13:59:37Z,kwel.com,https://www.kwel.com/wp-json/tribe/events/v1/events,44,10085295,kwel.com?id=10085295,Wall Builders &#8211; 8am,2027-03-21 08:00:00,2027-03-21 13:00:00,2027-03-21 08:30:00,2027-03-21 13:30:00,America/Chicago,false,false,publish,https://kwel.com/event/wall-builders-8am/2027-03-21/,,,,"{""currency_symbol"":""$"",""currency_code"":""USD"",""currency_position"":""prefix"",""values"":[]}",[],[],[],[],,,"{""url"":""https://kwel.com/wp-content/uploads/2026/05/Wall-Builders.png"",""id"":486877,""extension"":""png"",""width"":300,""height"":200}",[],false,false,,,2026-05-22 00:16:04,2026-05-22 05:16:04,true,true,,,
2026-09-30T13:59:37Z,kwel.com,https://www.kwel.com/wp-json/tribe/events/v1/events,44,10031156,kwel.com?id=10031156,Family Gospel Music Hour w/ Warren Bell,2027-03-21 08:30:00,2027-03-21 13:30:00,2027-03-21 09:30:00,2027-03-21 14:30:00,America/Chicago,false,false,publish,https://kwel.com/event/family-gospel-music-hour-sponsored-by-warren-bell/2027-03-21/,,,,"{""currency_symbol"":""$"",""currency_code"":""USD"",""currency_position"":""prefix"",""values"":[]}",[],[],[],[],,,false,[],false,false,,,2026-05-21 23:48:07,2026-05-22 04:48:07,true,true,,,
2026-09-30T13:59:37Z,kwel.com,https://www.kwel.com/wp-json/tribe/events/v1/events,44,10085817,kwel.com?id=10085817,ReNew Your Mind w. RC Sproul,2027-03-21 09:30:00,2027-03-21 14:30:00,2027-03-21 10:00:00,2027-03-21 15:00:00,America/Chicago,false,false,publish,https://kwel.com/event/renew-your-mind-w-rc-sproul/2027-03-21/,,,,"{""currency_symbol"":""$"",""currency_code"":""USD"",""currency_position"":""prefix"",""values"":[]}",[],[],[],[],,,false,[],false,false,,,2026-05-22 00:19:04,2026-05-22 05:19:04,true,true,,,
2026-09-30T13:59:37Z,kwel.com,https://www.kwel.com/wp-json/tribe/events/v1/events,44,10030161,kwel.com?id=10030161,Save the Cowboy,2027-03-21 10:00:00,2027-03-21 15:00:00,2027-03-21 10:30:00,2027-03-21 15:30:00,America/Chicago,false,false,publish,https://kwel.com/event/save-the-cowboy-sponsored-by-western-llc-2/2027-03-21/,,,,"{""currency_symbol"":""$"",""currency_code"":""USD"",""currency_position"":""prefix"",""values"":[]}",[],[],[],[],,,false,[],false,false,,,2026-05-21 23:58:20,2026-05-22 04:58:20,true,true,,,
2026-09-30T13:59:37Z,kwel.com,https://www.kwel.com/wp-json/tribe/events/v1/events,44,10029526,kwel.com?id=10029526,Kelview Heights Baptist Church,2027-03-21 10:30:00,2027-03-21 15:30:00,2027-03-21 11:00:00,2027-03-21 16:00:00,America/Chicago,false,false,publish,https://kwel.com/event/kelview-heights-baptist-church/2027-03-21/,,,,"{""currency_symbol"":""$"",""currency_code"":""USD"",""currency_position"":""prefix"",""values"":[]}",[],[],[],[],,,false,[],false,false,,,2026-05-21 23:57:15,2026-05-22 04:57:15,true,true,,,
2026-09-30T13:59:37Z,kwel.com,https://www.kwel.com/wp-json/tribe/events/v1/events,44,10086078,kwel.com?id=10086078,Through the Bible,2027-03-21 11:00:00,2027-03-21 16:00:00,2027-03-21 12:00:00,2027-03-21 17:00:00,America/Chicago,false,false,publish,https://kwel.com/event/through-the-bible/2027-03-21/,,,,"{""currency_symbol"":""$"",""currency_code"":""USD"",""currency_position"":""prefix"",""values"":[]}",[],[],[],[],,,false,[],false,false,,,2026-05-22 00:19:43,2026-05-22 05:19:43,true,true,,,
2026-09-30T13:59:37Z,kwel.com,https://www.kwel.com/wp-json/tribe/events/v1/events,44,10086339,kwel.com?id=10086339,The One of a Kind Financial Show w/ Mike,2027-03-21 12:00:00,2027-03-21 17:00:00,2027-03-21 13:00:00,2027-03-21 18:00:00,America/Chicago,false,false,publish,https://kwel.com/event/kline-marketing-financial-show/2027-03-21/,,,,"{""currency_symbol"":""$"",""currency_code"":""USD"",""currency_position"":""prefix"",""values"":[]}",[],[],[],[],"<p><span data-olk-copy-source=""MessageBody"">The One of a Kind Financial Show with Mike Milligan, CFP delivers story-first financial wisdom—covering taxes, retirement income, investments, long-term care, and legacy—empowering listeners to build a truly one-of-a-kind financial plan.</span></p>",,"{""url"":""https://kwel.com/wp-content/uploads/2026/05/One-of-a-kind-financial-show.png"",""id"":486911,""extension"":""png"",""width"":300,""height"":200}",[],false,false,,,2026-05-29 20:02:25,2026-05-30 01:02:25,true,true,,,
2026-09-30T13:59:37Z,kwel.com,https://www.kwel.com/wp-json/tribe/events/v1/events,44,10085556,kwel.com?id=10085556,Wall Builders &#8211; 1pm,2027-03-21 13:00:00,2027-03-21 18:00:00,2027-03-21 14:00:00,2027-03-21 19:00:00,America/Chicago,false,false,publish,https://kwel.com/event/wall-builders-1pm/2027-03-21/,,,,"{""currency_symbol"":""$"",""currency_code"":""USD"",""currency_position"":""prefix"",""values"":[]}",[],[],[],[],,,"{""url"":""https://kwel.com/wp-content/uploads/2026/05/Wall-Builders.png"",""id"":486877,""extension"":""png"",""width"":300,""height"":200}",[],false,false,,,2026-05-22 00:17:07,2026-05-22 05:17:07,true,true,,,
2026-09-30T13:59:37Z,kwel.com,https://www.kwel.com/wp-json/tribe/events/v1/events,44,10081951,kwel.com?id=10081951,Gun Talk,2027-03-21 14:00:00,2027-03-21 19:00:00,2027-03-21 17:00:00,2027-03-21 22:00:00,America/Chicago,false,false,publish,https://kwel.com/event/gun-talk-2/2027-03-21/,,,,"{""currency_symbol"":""$"",""currency_code"":""USD"",""currency_position"":""prefix"",""values"":[]}",[],[],[],[],,,false,[],false,false,,,2026-05-21 23:51:02,2026-05-22 04:51:02,true,true,,,
2026-09-30T13:59:37Z,kwel.com,https://www.kwel.com/wp-json/tribe/events/v1/events,44,10074308,kwel.com?id=10074308,Larry Elder &#8211; Sunday,2027-03-21 17:00:00,2027-03-21 22:00:00,2027-03-21 19:00:00,2027-03-22 00:00:00,America/Chicago,false,false,publish,https://kwel.com/event/larry-elder-sunday/2027-03-21/,,,,"{""currency_symbol"":""$"",""currency_code"":""USD"",""currency_position"":""prefix"",""values"":[]}",[],[],[],[],,,"{""url"":""https://kwel.com/wp-content/uploads/2026/05/Larry-Elder.png"",""id"":486802,""extension"":""png"",""width"":300,""height"":200}",[],false,false,,,2026-05-21 23:10:20,2026-05-22 04:10:20,true,true,,,
2026-09-30T13:59:37Z,kwel.com,https://www.kwel.com/wp-json/tribe/events/v1/events,44,10041694,kwel.com?id=10041694,Armed American Radio,2027-03-21 19:00:00,2027-03-22 00:00:00,2027-03-21 22:00:00,2027-03-22 03:00:00,America/Chicago,false,false,publish,https://kwel.com/event/armed-american-radio/2027-03-21/,,,,"{""currency_symbol"":""$"",""currency_code"":""USD"",""currency_position"":""prefix"",""values"":[]}",[],[],[],[],,,false,[],false,false,,,2026-05-21 23:55:59,2026-05-22 04:55:59,true,true,,,
2026-09-30T13:59:37Z,kwel.com,https://www.kwel.com/wp-json/tribe/events/v1/events,44,10086600,kwel.com?id=10086600,Wall Builders &#8211; 10pm,2027-03-21 22:00:00,2027-03-22 03:00:00,2027-03-22 00:00:00,2027-03-22 05:00:00,America/Chicago,false,false,publish,https://kwel.com/event/wall-builders-10pm/2027-03-21/,,,,"{""currency_symbol"":""$"",""currency_code"":""USD"",""currency_position"":""prefix"",""values"":[]}",[],[],[],[],,,"{""url"":""https://kwel.com/wp-content/uploads/2026/05/Wall-Builders.png"",""id"":486877,""extension"":""png"",""width"":300,""height"":200}",[],false,false,,,2026-05-22 00:22:52,2026-05-22 05:22:52,true,true,,,
2026-09-30T13:59:37Z,kwel.com,https://www.kwel.com/wp-json/tribe/events/v1/events,44,10071873,kwel.com?id=10071873,Larry Elder,2027-03-22 02:00:00,2027-03-22 07:00:00,2027-03-22 05:00:00,2027-03-22 10:00:00,America/Chicago,false,false,publish,https://kwel.com/event/larry-elder-2/2027-03-22/,,,,"{""currency_symbol"":""$"",""currency_code"":""USD"",""currency_position"":""prefix"",""values"":[]}",[],[],[],[],,,"{""url"":""https://kwel.com/wp-content/uploads/2026/05/Larry-Elder.png"",""id"":486802,""extension"":""png"",""width"":300,""height"":200}",[],false,false,,,2026-05-21 23:52:47,2026-05-22 04:52:47,true,true,,,
2026-09-30T13:59:37Z,kwel.com,https://www.kwel.com/wp-json/tribe/events/v1/events,44,10055119,kwel.com?id=10055119,America in the Morning,2027-03-22 05:00:00,2027-03-22 10:00:00,2027-03-22 06:00:00,2027-03-22 11:00:00,America/Chicago,false,false,publish,https://kwel.com/event/america-in-the-morning/2027-03-22/,,,,"{""currency_symbol"":""$"",""currency_code"":""USD"",""currency_position"":""prefix"",""values"":[]}",[],[],[],[],,,"{""url"":""https://kwel.com/wp-content/uploads/2026/05/America-in-the-Morning.png"",""id"":486797,""extension"":""png"",""width"":300,""height"":200}",[],false,false,,,2026-05-21 23:04:52,2026-05-22 04:04:52,true,true,,,
2026-09-30T13:59:37Z,kwel.com,https://www.kwel.com/wp-json/tribe/events/v1/events,44,10012063,kwel.com?id=10012063,The Morning Show with Craig Anderson &#038; Lisa Kay,2027-03-22 06:00:00,2027-03-22 11:00:00,2027-03-22 10:00:00,2027-03-22 15:00:00,America/Chicago,false,false,publish,https://kwel.com/event/the-morning-show-with-craig-anderson-2/2027-03-22/,,,,"{""currency_symbol"":""$"",""currency_code"":""USD"",""currency_position"":""prefix"",""values"":[]}",[],[],[],[],<p>Local and streaming live!</p>,,"{""url"":""https://kwel.com/wp-content/uploads/2026/05/Craig-and-Lisa-1.png"",""id"":486798,""extension"":""png"",""width"":300,""height"":200}",[],false,false,,,2026-05-21 23:18:43,2026-05-22 04:18:43,true,true,,,
2026-09-30T13:59:37Z,kwel.com,https://www.kwel.com/wp-json/tribe/events/v1/events,44,10059184,kwel.com?id=10059184,Mike Gallagher &#8211; AM,2027-03-22 10:00:00,2027-03-22 15:00:00,2027-03-22 11:00:00,2027-03-22 16:00:00,America/Chicago,false,false,publish,https://kwel.com/event/mike-gallagher-am-2/2027-03-22/,,,,"{""currency_symbol"":""$"",""currency_code"":""USD"",""currency_position"":""prefix"",""values"":[]}",[],[],[],[],,,"{""url"":""https://kwel.com/wp-content/uploads/2026/05/Mike-Gallagher.png"",""id"":486804,""extension"":""png"",""width"":300,""height"":200}",[],false,false,,,2026-05-21 22:43:18,2026-05-22 03:43:18,true,true,,,
2026-09-30T13:59:37Z,kwel.com,https://www.kwel.com/wp-json/tribe/events/v1/events,44,10075890,kwel.com?id=10075890,Alex Marlow,2027-03-22 11:00:00,2027-03-22 16:00:00,2027-03-22 12:00:00,2027-03-22 17:00:00,America/Chicago,false,false,publish,https://kwel.com/event/alex-marlow/2027-03-22/,,,,"{""currency_symbol"":""$"",""currency_code"":""USD"",""currency_position"":""prefix"",""values"":[]}",[],[],[],[],,,"{""url"":""https://kwel.com/wp-content/uploads/2026/05/Alex-Marlow.png"",""id"":486796,""extension"":""png"",""width"":300,""height"":200}",[],false,false,,,2026-05-21 23:33:23,2026-05-22 04:33:23,true,true,,,
2026-09-30T13:59:37Z,kwel.com,https://www.kwel.com/wp-json/tribe/events/v1/events,44,10077195,kwel.com?id=10077195,Scott Jennings Show,2027-03-22 12:00:00,2027-03-22 17:00:00,2027-03-22 13:00:00,2027-03-22 18:00:00,America/Chicago,false,false,publish,https://kwel.com/event/scott-jennings/2027-03-22/,,,,"{""currency_symbol"":""$"",""currency_code"":""USD"",""currency_position"":""prefix"",""values"":[]}",[],[],[],[],,,"{""url"":""https://kwel.com/wp-content/uploads/2026/05/Scott-Jennings.png"",""id"":486807,""extension"":""png"",""width"":300,""height"":200}",[],false,false,,,2026-05-21 23:37:53,2026-05-22 04:37:53,true,true,,,
2026-09-30T13:59:37Z,kwel.com,https://www.kwel.com/wp-json/tribe/events/v1/events,44,10064402,kwel.com?id=10064402,Dave Ramsey,2027-03-22 13:00:00,2027-03-22 18:00:00,2027-03-22 15:00:00,2027-03-22 20:00:00,America/Chicago,false,false,publish,https://kwel.com/event/dave-ramsey/2027-03-22/,,,,"{""currency_symbol"":""$"",""currency_code"":""USD"",""currency_position"":""prefix"",""values"":[]}",[],[],[],[],,,"{""url"":""https://kwel.com/wp-content/uploads/2026/05/Dave-Ramsey.png"",""id"":486800,""extension"":""png"",""width"":300,""height"":200}",[],false,false,,,2026-05-21 22:58:20,2026-05-22 03:58:20,true,true,,,
2026-09-30T13:59:37Z,kwel.com,https://www.kwel.com/wp-json/tribe/events/v1/events,44,10061792,kwel.com?id=10061792,Tall City Talk,2027-03-22 15:00:00,2027-03-22 20:00:00,2027-03-22 17:00:00,2027-03-22 22:00:00,America/Chicago,false,false,publish,https://kwel.com/event/patriot-call/2027-03-22/,,,,"{""currency_symbol"":""$"",""currency_code"":""USD"",""currency_position"":""prefix"",""values"":[]}",[],[],[],[],,,"{""url"":""https://kwel.com/wp-content/uploads/2026/06/Tall-City-Talk-image-1.png"",""id"":487032,""extension"":""png"",""width"":300,""height"":200}",[],false,false,,,2026-06-12 11:20:35,2026-06-12 16:20:35,true,true,,,
2026-09-30T13:59:37Z,kwel.com,https://www.kwel.com/wp-json/tribe/events/v1/events,44,10051560,kwel.com?id=10051560,Mark Levin,2027-03-22 17:00:00,2027-03-22 22:00:00,2027-03-22 20:00:00,2027-03-23 01:00:00,America/Chicago,false,false,publish,https://kwel.com/event/mark-levin-2/2027-03-22/,,,,"{""currency_symbol"":""$"",""currency_code"":""USD"",""currency_position"":""prefix"",""values"":[]}",[],[],[],[],,,"{""url"":""https://kwel.com/wp-content/uploads/2026/05/Mark-Levin.png"",""id"":486803,""extension"":""png"",""width"":300,""height"":200}",[],false,false,,,2026-05-21 23:20:02,2026-05-22 04:20:02,true,true,,,
2026-09-30T13:59:37Z,kwel.com,https://www.kwel.com/wp-json/tribe/events/v1/events,44,10079803,kwel.com?id=10079803,Scott Jennings Show &#8211; PM,2027-03-22 20:00:00,2027-03-23 01:00:00,2027-03-22 21:00:00,2027-03-23 02:00:00,America/Chicago,false,false,publish,https://kwel.com/event/scott-jennings-show-pm/2027-03-22/,,,,"{""currency_symbol"":""$"",""currency_code"":""USD"",""currency_position"":""prefix"",""values"":[]}",[],[],[],[],,,"{""url"":""https://kwel.com/wp-content/uploads/2026/05/Scott-Jennings.png"",""id"":486807,""extension"":""png"",""width"":300,""height"":200}",[],false,false,,,2026-05-21 23:38:26,2026-05-22 04:38:26,true,true,,,
2026-09-30T13:59:37Z,kwel.com,https://www.kwel.com/wp-json/tribe/events/v1/events,44,10065706,kwel.com?id=10065706,Mike Gallagher &#8211; PM,2027-03-22 21:00:00,2027-03-23 02:00:00,2027-03-22 23:00:00,2027-03-23 04:00:00,America/Chicago,false,false,publish,https://kwel.com/event/mike-gallagher-4-2/2027-03-22/,,,,"{""currency_symbol"":""$"",""currency_code"":""USD"",""currency_position"":""prefix"",""values"":[]}",[],[],[],[],,,"{""url"":""https://kwel.com/wp-content/uploads/2026/05/Mike-Gallagher.png"",""id"":486804,""extension"":""png"",""width"":300,""height"":200}",[],false,false,,,2026-05-21 22:45:14,2026-05-22 03:45:14,true,true,,,
2026-09-30T13:59:37Z,kwel.com,https://www.kwel.com/wp-json/tribe/events/v1/events,44,10027677,kwel.com?id=10027677,Hugh Hewitt,2027-03-22 23:00:00,2027-03-23 04:00:00,2027-03-23 02:00:00,2027-03-23 07:00:00,America/Chicago,false,false,publish,https://kwel.com/event/hugh-hewitt/2027-03-22/,,,,"{""currency_symbol"":""$"",""currency_code"":""USD"",""currency_position"":""prefix"",""values"":[]}",[],[],[],[],,,"{""url"":""https://kwel.com/wp-content/uploads/2026/05/Hugh-Hewitt.png"",""id"":486801,""extension"":""png"",""width"":300,""height"":200}",[],false,false,,,2026-05-21 23:21:01,2026-05-22 04:21:01,true,true,,,
2026-09-30T13:59:37Z,kwel.com,https://www.kwel.com/wp-json/tribe/events/v1/events,44,10071874,kwel.com?id=10071874,Larry Elder,2027-03-23 02:00:00,2027-03-23 07:00:00,2027-03-23 05:00:00,2027-03-23 10:00:00,America/Chicago,false,false,publish,https://kwel.com/event/larry-elder-2/2027-03-23/,,,,"{""currency_symbol"":""$"",""currency_code"":""USD"",""currency_position"":""prefix"",""values"":[]}",[],[],[],[],,,"{""url"":""https://kwel.com/wp-content/uploads/2026/05/Larry-Elder.png"",""id"":486802,""extension"":""png"",""width"":300,""height"":200}",[],false,false,,,2026-05-21 23:52:47,2026-05-22 04:52:47,true,true,,,
2026-09-30T13:59:37Z,kwel.com,https://www.kwel.com/wp-json/tribe/events/v1/events,44,10055120,kwel.com?id=10055120,America in the Morning,2027-03-23 05:00:00,2027-03-23 10:00:00,2027-03-23 06:00:00,2027-03-23 11:00:00,America/Chicago,false,false,publish,https://kwel.com/event/america-in-the-morning/2027-03-23/,,,,"{""currency_symbol"":""$"",""currency_code"":""USD"",""currency_position"":""prefix"",""values"":[]}",[],[],[],[],,,"{""url"":""https://kwel.com/wp-content/uploads/2026/05/America-in-the-Morning.png"",""id"":486797,""extension"":""png"",""width"":300,""height"":200}",[],false,false,,,2026-05-21 23:04:52,2026-05-22 04:04:52,true,true,,,
2026-09-30T13:59:37Z,kwel.com,https://www.kwel.com/wp-json/tribe/events/v1/events,44,10012064,kwel.com?id=10012064,The Morning Show with Craig Anderson &#038; Lisa Kay,2027-03-23 06:00:00,2027-03-23 11:00:00,2027-03-23 10:00:00,2027-03-23 15:00:00,America/Chicago,false,false,publish,https://kwel.com/event/the-morning-show-with-craig-anderson-2/2027-03-23/,,,,"{""currency_symbol"":""$"",""currency_code"":""USD"",""currency_position"":""prefix"",""values"":[]}",[],[],[],[],<p>Local and streaming live!</p>,,"{""url"":""https://kwel.com/wp-content/uploads/2026/05/Craig-and-Lisa-1.png"",""id"":486798,""extension"":""png"",""width"":300,""height"":200}",[],false,false,,,2026-05-21 23:18:43,2026-05-22 04:18:43,true,true,,,
2026-09-30T13:59:37Z,kwel.com,https://www.kwel.com/wp-json/tribe/events/v1/events,44,10059185,kwel.com?id=10059185,Mike Gallagher &#8211; AM,2027-03-23 10:00:00,2027-03-23 15:00:00,2027-03-23 11:00:00,2027-03-23 16:00:00,America/Chicago,false,false,publish,https://kwel.com/event/mike-gallagher-am-2/2027-03-23/,,,,"{""currency_symbol"":""$"",""currency_code"":""USD"",""currency_position"":""prefix"",""values"":[]}",[],[],[],[],,,"{""url"":""https://kwel.com/wp-content/uploads/2026/05/Mike-Gallagher.png"",""id"":486804,""extension"":""png"",""width"":300,""height"":200}",[],false,false,,,2026-05-21 22:43:18,2026-05-22 03:43:18,true,true,,,
2026-09-30T13:59:37Z,kwel.com,https://www.kwel.com/wp-json/tribe/events/v1/events,44,10075891,kwel.com?id=10075891,Alex Marlow,2027-03-23 11:00:00,2027-03-23 16:00:00,2027-03-23 12:00:00,2027-03-23 17:00:00,America/Chicago,false,false,publish,https://kwel.com/event/alex-marlow/2027-03-23/,,,,"{""currency_symbol"":""$"",""currency_code"":""USD"",""currency_position"":""prefix"",""values"":[]}",[],[],[],[],,,"{""url"":""https://kwel.com/wp-content/uploads/2026/05/Alex-Marlow.png"",""id"":486796,""extension"":""png"",""width"":300,""height"":200}",[],false,false,,,2026-05-21 23:33:23,2026-05-22 04:33:23,true,true,,,
2026-09-30T13:59:37Z,kwel.com,https://www.kwel.com/wp-json/tribe/events/v1/events,44,10077196,kwel.com?id=10077196,Scott Jennings Show,2027-03-23 12:00:00,2027-03-23 17:00:00,2027-03-23 13:00:00,2027-03-23 18:00:00,America/Chicago,false,false,publish,https://kwel.com/event/scott-jennings/2027-03-23/,,,,"{""currency_symbol"":""$"",""currency_code"":""USD"",""currency_position"":""prefix"",""values"":[]}",[],[],[],[],,,"{""url"":""https://kwel.com/wp-content/uploads/2026/05/Scott-Jennings.png"",""id"":486807,""extension"":""png"",""width"":300,""height"":200}",[],false,false,,,2026-05-21 23:37:53,2026-05-22 04:37:53,true,true,,,
2026-09-30T13:59:37Z,kwel.com,https://www.kwel.com/wp-json/tribe/events/v1/events,44,10064403,kwel.com?id=10064403,Dave Ramsey,2027-03-23 13:00:00,2027-03-23 18:00:00,2027-03-23 15:00:00,2027-03-23 20:00:00,America/Chicago,false,false,publish,https://kwel.com/event/dave-ramsey/2027-03-23/,,,,"{""currency_symbol"":""$"",""currency_code"":""USD"",""currency_position"":""prefix"",""values"":[]}",[],[],[],[],,,"{""url"":""https://kwel.com/wp-content/uploads/2026/05/Dave-Ramsey.png"",""id"":486800,""extension"":""png"",""width"":300,""height"":200}",[],false,false,,,2026-05-21 22:58:20,2026-05-22 03:58:20,true,true,,,
2026-09-30T13:59:37Z,kwel.com,https://www.kwel.com/wp-json/tribe/events/v1/events,44,10061793,kwel.com?id=10061793,Tall City Talk,2027-03-23 15:00:00,2027-03-23 20:00:00,2027-03-23 17:00:00,2027-03-23 22:00:00,America/Chicago,false,false,publish,https://kwel.com/event/patriot-call/2027-03-23/,,,,"{""currency_symbol"":""$"",""currency_code"":""USD"",""currency_position"":""prefix"",""values"":[]}",[],[],[],[],,,"{""url"":""https://kwel.com/wp-content/uploads/2026/06/Tall-City-Talk-image-1.png"",""id"":487032,""extension"":""png"",""width"":300,""height"":200}",[],false,false,,,2026-06-12 11:20:35,2026-06-12 16:20:35,true,true,,,
2026-09-30T13:59:37Z,kwel.com,https://www.kwel.com/wp-json/tribe/events/v1/events,44,10051561,kwel.com?id=10051561,Mark Levin,2027-03-23 17:00:00,2027-03-23 22:00:00,2027-03-23 20:00:00,2027-03-24 01:00:00,America/Chicago,false,false,publish,https://kwel.com/event/mark-levin-2/2027-03-23/,,,,"{""currency_symbol"":""$"",""currency_code"":""USD"",""currency_position"":""prefix"",""values"":[]}",[],[],[],[],,,"{""url"":""https://kwel.com/wp-content/uploads/2026/05/Mark-Levin.png"",""id"":486803,""extension"":""png"",""width"":300,""height"":200}",[],false,false,,,2026-05-21 23:20:02,2026-05-22 04:20:02,true,true,,,
2026-09-30T13:59:37Z,kwel.com,https://www.kwel.com/wp-json/tribe/events/v1/events,44,10079804,kwel.com?id=10079804,Scott Jennings Show &#8211; PM,2027-03-23 20:00:00,2027-03-24 01:00:00,2027-03-23 21:00:00,2027-03-24 02:00:00,America/Chicago,false,false,publish,https://kwel.com/event/scott-jennings-show-pm/2027-03-23/,,,,"{""currency_symbol"":""$"",""currency_code"":""USD"",""currency_position"":""prefix"",""values"":[]}",[],[],[],[],,,"{""url"":""https://kwel.com/wp-content/uploads/2026/05/Scott-Jennings.png"",""id"":486807,""extension"":""png"",""width"":300,""height"":200}",[],false,false,,,2026-05-21 23:38:26,2026-05-22 04:38:26,true,true,,,
2026-09-30T13:59:37Z,kwel.com,https://www.kwel.com/wp-json/tribe/events/v1/events,44,10065707,kwel.com?id=10065707,Mike Gallagher &#8211; PM,2027-03-23 21:00:00,2027-03-24 02:00:00,2027-03-23 23:00:00,2027-03-24 04:00:00,America/Chicago,false,false,publish,https://kwel.com/event/mike-gallagher-4-2/2027-03-23/,,,,"{""currency_symbol"":""$"",""currency_code"":""USD"",""currency_position"":""prefix"",""values"":[]}",[],[],[],[],,,"{""url"":""https://kwel.com/wp-content/uploads/2026/05/Mike-Gallagher.png"",""id"":486804,""extension"":""png"",""width"":300,""height"":200}",[],false,false,,,2026-05-21 22:45:14,2026-05-22 03:45:14,true,true,,,
2026-09-30T13:59:37Z,kwel.com,https://www.kwel.com/wp-json/tribe/events/v1/events,44,10027678,kwel.com?id=10027678,Hugh Hewitt,2027-03-23 23:00:00,2027-03-24 04:00:00,2027-03-24 02:00:00,2027-03-24 07:00:00,America/Chicago,false,false,publish,https://kwel.com/event/hugh-hewitt/2027-03-23/,,,,"{""currency_symbol"":""$"",""currency_code"":""USD"",""currency_position"":""prefix"",""values"":[]}",[],[],[],[],,,"{""url"":""https://kwel.com/wp-content/uploads/2026/05/Hugh-Hewitt.png"",""id"":486801,""extension"":""png"",""width"":300,""height"":200}",[],false,false,,,2026-05-21 23:21:01,2026-05-22 04:21:01,true,true,,,
2026-09-30T13:59:37Z,kwel.com,https://www.kwel.com/wp-json/tribe/events/v1/events,45,10071875,kwel.com?id=10071875,Larry Elder,2027-03-24 02:00:00,2027-03-24 07:00:00,2027-03-24 05:00:00,2027-03-24 10:00:00,America/Chicago,false,false,publish,https://kwel.com/event/larry-elder-2/2027-03-24/,,,,"{""currency_symbol"":""$"",""currency_code"":""USD"",""currency_position"":""prefix"",""values"":[]}",[],[],[],[],,,"{""url"":""https://kwel.com/wp-content/uploads/2026/05/Larry-Elder.png"",""id"":486802,""extension"":""png"",""width"":300,""height"":200}",[],false,false,,,2026-05-21 23:52:47,2026-05-22 04:52:47,true,true,,,
2026-09-30T13:59:37Z,kwel.com,https://www.kwel.com/wp-json/tribe/events/v1/events,45,10055121,kwel.com?id=10055121,America in the Morning,2027-03-24 05:00:00,2027-03-24 10:00:00,2027-03-24 06:00:00,2027-03-24 11:00:00,America/Chicago,false,false,publish,https://kwel.com/event/america-in-the-morning/2027-03-24/,,,,"{""currency_symbol"":""$"",""currency_code"":""USD"",""currency_position"":""prefix"",""values"":[]}",[],[],[],[],,,"{""url"":""https://kwel.com/wp-content/uploads/2026/05/America-in-the-Morning.png"",""id"":486797,""extension"":""png"",""width"":300,""height"":200}",[],false,false,,,2026-05-21 23:04:52,2026-05-22 04:04:52,true,true,,,
2026-09-30T13:59:37Z,kwel.com,https://www.kwel.com/wp-json/tribe/events/v1/events,45,10012065,kwel.com?id=10012065,The Morning Show with Craig Anderson &#038; Lisa Kay,2027-03-24 06:00:00,2027-03-24 11:00:00,2027-03-24 10:00:00,2027-03-24 15:00:00,America/Chicago,false,false,publish,https://kwel.com/event/the-morning-show-with-craig-anderson-2/2027-03-24/,,,,"{""currency_symbol"":""$"",""currency_code"":""USD"",""currency_position"":""prefix"",""values"":[]}",[],[],[],[],<p>Local and streaming live!</p>,,"{""url"":""https://kwel.com/wp-content/uploads/2026/05/Craig-and-Lisa-1.png"",""id"":486798,""extension"":""png"",""width"":300,""height"":200}",[],false,false,,,2026-05-21 23:18:43,2026-05-22 04:18:43,true,true,,,
2026-09-30T13:59:37Z,kwel.com,https://www.kwel.com/wp-json/tribe/events/v1/events,45,10059186,kwel.com?id=10059186,Mike Gallagher &#8211; AM,2027-03-24 10:00:00,2027-03-24 15:00:00,2027-03-24 11:00:00,2027-03-24 16:00:00,America/Chicago,false,false,publish,https://kwel.com/event/mike-gallagher-am-2/2027-03-24/,,,,"{""currency_symbol"":""$"",""currency_code"":""USD"",""currency_position"":""prefix"",""values"":[]}",[],[],[],[],,,"{""url"":""https://kwel.com/wp-content/uploads/2026/05/Mike-Gallagher.png"",""id"":486804,""extension"":""png"",""width"":300,""height"":200}",[],false,false,,,2026-05-21 22:43:18,2026-05-22 03:43:18,true,true,,,
2026-09-30T13:59:37Z,kwel.com,https://www.kwel.com/wp-json/tribe/events/v1/events,45,10075892,kwel.com?id=10075892,Alex Marlow,2027-03-24 11:00:00,2027-03-24 16:00:00,2027-03-24 12:00:00,2027-03-24 17:00:00,America/Chicago,false,false,publish,https://kwel.com/event/alex-marlow/2027-03-24/,,,,"{""currency_symbol"":""$"",""currency_code"":""USD"",""currency_position"":""prefix"",""values"":[]}",[],[],[],[],,,"{""url"":""https://kwel.com/wp-content/uploads/2026/05/Alex-Marlow.png"",""id"":486796,""extension"":""png"",""width"":300,""height"":200}",[],false,false,,,2026-05-21 23:33:23,2026-05-22 04:33:23,true,true,,,
2026-09-30T13:59:37Z,kwel.com,https://www.kwel.com/wp-json/tribe/events/v1/events,45,10077197,kwel.com?id=10077197,Scott Jennings Show,2027-03-24 12:00:00,2027-03-24 17:00:00,2027-03-24 13:00:00,2027-03-24 18:00:00,America/Chicago,false,false,publish,https://kwel.com/event/scott-jennings/2027-03-24/,,,,"{""currency_symbol"":""$"",""currency_code"":""USD"",""currency_position"":""prefix"",""values"":[]}",[],[],[],[],,,"{""url"":""https://kwel.com/wp-content/uploads/2026/05/Scott-Jennings.png"",""id"":486807,""extension"":""png"",""width"":300,""height"":200}",[],false,false,,,2026-05-21 23:37:53,2026-05-22 04:37:53,true,true,,,
2026-09-30T13:59:37Z,kwel.com,https://www.kwel.com/wp-json/tribe/events/v1/events,45,10064404,kwel.com?id=10064404,Dave Ramsey,2027-03-24 13:00:00,2027-03-24 18:00:00,2027-03-24 15:00:00,2027-03-24 20:00:00,America/Chicago,false,false,publish,https://kwel.com/event/dave-ramsey/2027-03-24/,,,,"{""currency_symbol"":""$"",""currency_code"":""USD"",""currency_position"":""prefix"",""values"":[]}",[],[],[],[],,,"{""url"":""https://kwel.com/wp-content/uploads/2026/05/Dave-Ramsey.png"",""id"":486800,""extension"":""png"",""width"":300,""height"":200}",[],false,false,,,2026-05-21 22:58:20,2026-05-22 03:58:20,true,true,,,
2026-09-30T13:59:37Z,kwel.com,https://www.kwel.com/wp-json/tribe/events/v1/events,45,10061794,kwel.com?id=10061794,Tall City Talk,2027-03-24 15:00:00,2027-03-24 20:00:00,2027-03-24 17:00:00,2027-03-24 22:00:00,America/Chicago,false,false,publish,https://kwel.com/event/patriot-call/2027-03-24/,,,,"{""currency_symbol"":""$"",""currency_code"":""USD"",""currency_position"":""prefix"",""values"":[]}",[],[],[],[],,,"{""url"":""https://kwel.com/wp-content/uploads/2026/06/Tall-City-Talk-image-1.png"",""id"":487032,""extension"":""png"",""width"":300,""height"":200}",[],false,false,,,2026-06-12 11:20:35,2026-06-12 16:20:35,true,true,,,
2026-09-30T13:59:37Z,kwel.com,https://www.kwel.com/wp-json/tribe/events/v1/events,45,10051562,kwel.com?id=10051562,Mark Levin,2027-03-24 17:00:00,2027-03-24 22:00:00,2027-03-24 20:00:00,2027-03-25 01:00:00,America/Chicago,false,false,publish,https://kwel.com/event/mark-levin-2/2027-03-24/,,,,"{""currency_symbol"":""$"",""currency_code"":""USD"",""currency_position"":""prefix"",""values"":[]}",[],[],[],[],,,"{""url"":""https://kwel.com/wp-content/uploads/2026/05/Mark-Levin.png"",""id"":486803,""extension"":""png"",""width"":300,""height"":200}",[],false,false,,,2026-05-21 23:20:02,2026-05-22 04:20:02,true,true,,,
2026-09-30T13:59:37Z,kwel.com,https://www.kwel.com/wp-json/tribe/events/v1/events,45,10079805,kwel.com?id=10079805,Scott Jennings Show &#8211; PM,2027-03-24 20:00:00,2027-03-25 01:00:00,2027-03-24 21:00:00,2027-03-25 02:00:00,America/Chicago,false,false,publish,https://kwel.com/event/scott-jennings-show-pm/2027-03-24/,,,,"{""currency_symbol"":""$"",""currency_code"":""USD"",""currency_position"":""prefix"",""values"":[]}",[],[],[],[],,,"{""url"":""https://kwel.com/wp-content/uploads/2026/05/Scott-Jennings.png"",""id"":486807,""extension"":""png"",""width"":300,""height"":200}",[],false,false,,,2026-05-21 23:38:26,2026-05-22 04:38:26,true,true,,,
2026-09-30T13:59:37Z,kwel.com,https://www.kwel.com/wp-json/tribe/events/v1/events,45,10065708,kwel.com?id=10065708,Mike Gallagher &#8211; PM,2027-03-24 21:00:00,2027-03-25 02:00:00,2027-03-24 23:00:00,2027-03-25 04:00:00,America/Chicago,false,false,publish,https://kwel.com/event/mike-gallagher-4-2/2027-03-24/,,,,"{""currency_symbol"":""$"",""currency_code"":""USD"",""currency_position"":""prefix"",""values"":[]}",[],[],[],[],,,"{""url"":""https://kwel.com/wp-content/uploads/2026/05/Mike-Gallagher.png"",""id"":486804,""extension"":""png"",""width"":300,""height"":200}",[],false,false,,,2026-05-21 22:45:14,2026-05-22 03:45:14,true,true,,,
2026-09-30T13:59:37Z,kwel.com,https://www.kwel.com/wp-json/tribe/events/v1/events,45,10027679,kwel.com?id=10027679,Hugh Hewitt,2027-03-24 23:00:00,2027-03-25 04:00:00,2027-03-25 02:00:00,2027-03-25 07:00:00,America/Chicago,false,false,publish,https://kwel.com/event/hugh-hewitt/2027-03-24/,,,,"{""currency_symbol"":""$"",""currency_code"":""USD"",""currency_position"":""prefix"",""values"":[]}",[],[],[],[],,,"{""url"":""https://kwel.com/wp-content/uploads/2026/05/Hugh-Hewitt.png"",""id"":486801,""extension"":""png"",""width"":300,""height"":200}",[],false,false,,,2026-05-21 23:21:01,2026-05-22 04:21:01,true,true,,,
2026-09-30T13:59:37Z,kwel.com,https://www.kwel.com/wp-json/tribe/events/v1/events,45,10071876,kwel.com?id=10071876,Larry Elder,2027-03-25 02:00:00,2027-03-25 07:00:00,2027-03-25 05:00:00,2027-03-25 10:00:00,America/Chicago,false,false,publish,https://kwel.com/event/larry-elder-2/2027-03-25/,,,,"{""currency_symbol"":""$"",""currency_code"":""USD"",""currency_position"":""prefix"",""values"":[]}",[],[],[],[],,,"{""url"":""https://kwel.com/wp-content/uploads/2026/05/Larry-Elder.png"",""id"":486802,""extension"":""png"",""width"":300,""height"":200}",[],false,false,,,2026-05-21 23:52:47,2026-05-22 04:52:47,true,true,,,
2026-09-30T13:59:37Z,kwel.com,https://www.kwel.com/wp-json/tribe/events/v1/events,45,10055122,kwel.com?id=10055122,America in the Morning,2027-03-25 05:00:00,2027-03-25 10:00:00,2027-03-25 06:00:00,2027-03-25 11:00:00,America/Chicago,false,false,publish,https://kwel.com/event/america-in-the-morning/2027-03-25/,,,,"{""currency_symbol"":""$"",""currency_code"":""USD"",""currency_position"":""prefix"",""values"":[]}",[],[],[],[],,,"{""url"":""https://kwel.com/wp-content/uploads/2026/05/America-in-the-Morning.png"",""id"":486797,""extension"":""png"",""width"":300,""height"":200}",[],false,false,,,2026-05-21 23:04:52,2026-05-22 04:04:52,true,true,,,
2026-09-30T13:59:37Z,kwel.com,https://www.kwel.com/wp-json/tribe/events/v1/events,45,10012066,kwel.com?id=10012066,The Morning Show with Craig Anderson &#038; Lisa Kay,2027-03-25 06:00:00,2027-03-25 11:00:00,2027-03-25 10:00:00,2027-03-25 15:00:00,America/Chicago,false,false,publish,https://kwel.com/event/the-morning-show-with-craig-anderson-2/2027-03-25/,,,,"{""currency_symbol"":""$"",""currency_code"":""USD"",""currency_position"":""prefix"",""values"":[]}",[],[],[],[],<p>Local and streaming live!</p>,,"{""url"":""https://kwel.com/wp-content/uploads/2026/05/Craig-and-Lisa-1.png"",""id"":486798,""extension"":""png"",""width"":300,""height"":200}",[],false,false,,,2026-05-21 23:18:43,2026-05-22 04:18:43,true,true,,,
2026-09-30T13:59:37Z,kwel.com,https://www.kwel.com/wp-json/tribe/events/v1/events,45,10059187,kwel.com?id=10059187,Mike Gallagher &#8211; AM,2027-03-25 10:00:00,2027-03-25 15:00:00,2027-03-25 11:00:00,2027-03-25 16:00:00,America/Chicago,false,false,publish,https://kwel.com/event/mike-gallagher-am-2/2027-03-25/,,,,"{""currency_symbol"":""$"",""currency_code"":""USD"",""currency_position"":""prefix"",""values"":[]}",[],[],[],[],,,"{""url"":""https://kwel.com/wp-content/uploads/2026/05/Mike-Gallagher.png"",""id"":486804,""extension"":""png"",""width"":300,""height"":200}",[],false,false,,,2026-05-21 22:43:18,2026-05-22 03:43:18,true,true,,,
2026-09-30T13:59:37Z,kwel.com,https://www.kwel.com/wp-json/tribe/events/v1/events,45,10075893,kwel.com?id=10075893,Alex Marlow,2027-03-25 11:00:00,2027-03-25 16:00:00,2027-03-25 12:00:00,2027-03-25 17:00:00,America/Chicago,false,false,publish,https://kwel.com/event/alex-marlow/2027-03-25/,,,,"{""currency_symbol"":""$"",""currency_code"":""USD"",""currency_position"":""prefix"",""values"":[]}",[],[],[],[],,,"{""url"":""https://kwel.com/wp-content/uploads/2026/05/Alex-Marlow.png"",""id"":486796,""extension"":""png"",""width"":300,""height"":200}",[],false,false,,,2026-05-21 23:33:23,2026-05-22 04:33:23,true,true,,,
2026-09-30T13:59:37Z,kwel.com,https://www.kwel.com/wp-json/tribe/events/v1/events,45,10077198,kwel.com?id=10077198,Scott Jennings Show,2027-03-25 12:00:00,2027-03-25 17:00:00,2027-03-25 13:00:00,2027-03-25 18:00:00,America/Chicago,false,false,publish,https://kwel.com/event/scott-jennings/2027-03-25/,,,,"{""currency_symbol"":""$"",""currency_code"":""USD"",""currency_position"":""prefix"",""values"":[]}",[],[],[],[],,,"{""url"":""https://kwel.com/wp-content/uploads/2026/05/Scott-Jennings.png"",""id"":486807,""extension"":""png"",""width"":300,""height"":200}",[],false,false,,,2026-05-21 23:37:53,2026-05-22 04:37:53,true,true,,,
2026-09-30T13:59:37Z,kwel.com,https://www.kwel.com/wp-json/tribe/events/v1/events,45,10064405,kwel.com?id=10064405,Dave Ramsey,2027-03-25 13:00:00,2027-03-25 18:00:00,2027-03-25 15:00:00,2027-03-25 20:00:00,America/Chicago,false,false,publish,https://kwel.com/event/dave-ramsey/2027-03-25/,,,,"{""currency_symbol"":""$"",""currency_code"":""USD"",""currency_position"":""prefix"",""values"":[]}",[],[],[],[],,,"{""url"":""https://kwel.com/wp-content/uploads/2026/05/Dave-Ramsey.png"",""id"":486800,""extension"":""png"",""width"":300,""height"":200}",[],false,false,,,2026-05-21 22:58:20,2026-05-22 03:58:20,true,true,,,
2026-09-30T13:59:37Z,kwel.com,https://www.kwel.com/wp-json/tribe/events/v1/events,45,10061795,kwel.com?id=10061795,Tall City Talk,2027-03-25 15:00:00,2027-03-25 20:00:00,2027-03-25 17:00:00,2027-03-25 22:00:00,America/Chicago,false,false,publish,https://kwel.com/event/patriot-call/2027-03-25/,,,,"{""currency_symbol"":""$"",""currency_code"":""USD"",""currency_position"":""prefix"",""values"":[]}",[],[],[],[],,,"{""url"":""https://kwel.com/wp-content/uploads/2026/06/Tall-City-Talk-image-1.png"",""id"":487032,""extension"":""png"",""width"":300,""height"":200}",[],false,false,,,2026-06-12 11:20:35,2026-06-12 16:20:35,true,true,,,
2026-09-30T13:59:37Z,kwel.com,https://www.kwel.com/wp-json/tribe/events/v1/events,45,10051563,kwel.com?id=10051563,Mark Levin,2027-03-25 17:00:00,2027-03-25 22:00:00,2027-03-25 20:00:00,2027-03-26 01:00:00,America/Chicago,false,false,publish,https://kwel.com/event/mark-levin-2/2027-03-25/,,,,"{""currency_symbol"":""$"",""currency_code"":""USD"",""currency_position"":""prefix"",""values"":[]}",[],[],[],[],,,"{""url"":""https://kwel.com/wp-content/uploads/2026/05/Mark-Levin.png"",""id"":486803,""extension"":""png"",""width"":300,""height"":200}",[],false,false,,,2026-05-21 23:20:02,2026-05-22 04:20:02,true,true,,,
2026-09-30T13:59:37Z,kwel.com,https://www.kwel.com/wp-json/tribe/events/v1/events,45,10079806,kwel.com?id=10079806,Scott Jennings Show &#8211; PM,2027-03-25 20:00:00,2027-03-26 01:00:00,2027-03-25 21:00:00,2027-03-26 02:00:00,America/Chicago,false,false,publish,https://kwel.com/event/scott-jennings-show-pm/2027-03-25/,,,,"{""currency_symbol"":""$"",""currency_code"":""USD"",""currency_position"":""prefix"",""values"":[]}",[],[],[],[],,,"{""url"":""https://kwel.com/wp-content/uploads/2026/05/Scott-Jennings.png"",""id"":486807,""extension"":""png"",""width"":300,""height"":200}",[],false,false,,,2026-05-21 23:38:26,2026-05-22 04:38:26,true,true,,,
2026-09-30T13:59:37Z,kwel.com,https://www.kwel.com/wp-json/tribe/events/v1/events,45,10065709,kwel.com?id=10065709,Mike Gallagher &#8211; PM,2027-03-25 21:00:00,2027-03-26 02:00:00,2027-03-25 23:00:00,2027-03-26 04:00:00,America/Chicago,false,false,publish,https://kwel.com/event/mike-gallagher-4-2/2027-03-25/,,,,"{""currency_symbol"":""$"",""currency_code"":""USD"",""currency_position"":""prefix"",""values"":[]}",[],[],[],[],,,"{""url"":""https://kwel.com/wp-content/uploads/2026/05/Mike-Gallagher.png"",""id"":486804,""extension"":""png"",""width"":300,""height"":200}",[],false,false,,,2026-05-21 22:45:14,2026-05-22 03:45:14,true,true,,,
2026-09-30T13:59:37Z,kwel.com,https://www.kwel.com/wp-json/tribe/events/v1/events,45,10027680,kwel.com?id=10027680,Hugh Hewitt,2027-03-25 23:00:00,2027-03-26 04:00:00,2027-03-26 02:00:00,2027-03-26 07:00:00,America/Chicago,false,false,publish,https://kwel.com/event/hugh-hewitt/2027-03-25/,,,,"{""currency_symbol"":""$"",""currency_code"":""USD"",""currency_position"":""prefix"",""values"":[]}",[],[],[],[],,,"{""url"":""https://kwel.com/wp-content/uploads/2026/05/Hugh-Hewitt.png"",""id"":486801,""extension"":""png"",""width"":300,""height"":200}",[],false,false,,,2026-05-21 23:21:01,2026-05-22 04:21:01,true,true,,,
2026-09-30T13:59:37Z,kwel.com,https://www.kwel.com/wp-json/tribe/events/v1/events,45,10071877,kwel.com?id=10071877,Larry Elder,2027-03-26 02:00:00,2027-03-26 07:00:00,2027-03-26 05:00:00,2027-03-26 10:00:00,America/Chicago,false,false,publish,https://kwel.com/event/larry-elder-2/2027-03-26/,,,,"{""currency_symbol"":""$"",""currency_code"":""USD"",""currency_position"":""prefix"",""values"":[]}",[],[],[],[],,,"{""url"":""https://kwel.com/wp-content/uploads/2026/05/Larry-Elder.png"",""id"":486802,""extension"":""png"",""width"":300,""height"":200}",[],false,false,,,2026-05-21 23:52:47,2026-05-22 04:52:47,true,true,,,
2026-09-30T13:59:37Z,kwel.com,https://www.kwel.com/wp-json/tribe/events/v1/events,45,10055123,kwel.com?id=10055123,America in the Morning,2027-03-26 05:00:00,2027-03-26 10:00:00,2027-03-26 06:00:00,2027-03-26 11:00:00,America/Chicago,false,false,publish,https://kwel.com/event/america-in-the-morning/2027-03-26/,,,,"{""currency_symbol"":""$"",""currency_code"":""USD"",""currency_position"":""prefix"",""values"":[]}",[],[],[],[],,,"{""url"":""https://kwel.com/wp-content/uploads/2026/05/America-in-the-Morning.png"",""id"":486797,""extension"":""png"",""width"":300,""height"":200}",[],false,false,,,2026-05-21 23:04:52,2026-05-22 04:04:52,true,true,,,
2026-09-30T13:59:37Z,kwel.com,https://www.kwel.com/wp-json/tribe/events/v1/events,45,10012067,kwel.com?id=10012067,The Morning Show with Craig Anderson &#038; Lisa Kay,2027-03-26 06:00:00,2027-03-26 11:00:00,2027-03-26 10:00:00,2027-03-26 15:00:00,America/Chicago,false,false,publish,https://kwel.com/event/the-morning-show-with-craig-anderson-2/2027-03-26/,,,,"{""currency_symbol"":""$"",""currency_code"":""USD"",""currency_position"":""prefix"",""values"":[]}",[],[],[],[],<p>Local and streaming live!</p>,,"{""url"":""https://kwel.com/wp-content/uploads/2026/05/Craig-and-Lisa-1.png"",""id"":486798,""extension"":""png"",""width"":300,""height"":200}",[],false,false,,,2026-05-21 23:18:43,2026-05-22 04:18:43,true,true,,,
2026-09-30T13:59:37Z,kwel.com,https://www.kwel.com/wp-json/tribe/events/v1/events,45,10059188,kwel.com?id=10059188,Mike Gallagher &#8211; AM,2027-03-26 10:00:00,2027-03-26 15:00:00,2027-03-26 11:00:00,2027-03-26 16:00:00,America/Chicago,false,false,publish,https://kwel.com/event/mike-gallagher-am-2/2027-03-26/,,,,"{""currency_symbol"":""$"",""currency_code"":""USD"",""currency_position"":""prefix"",""values"":[]}",[],[],[],[],,,"{""url"":""https://kwel.com/wp-content/uploads/2026/05/Mike-Gallagher.png"",""id"":486804,""extension"":""png"",""width"":300,""height"":200}",[],false,false,,,2026-05-21 22:43:18,2026-05-22 03:43:18,true,true,,,
2026-09-30T13:59:37Z,kwel.com,https://www.kwel.com/wp-json/tribe/events/v1/events,45,10075894,kwel.com?id=10075894,Alex Marlow,2027-03-26 11:00:00,2027-03-26 16:00:00,2027-03-26 12:00:00,2027-03-26 17:00:00,America/Chicago,false,false,publish,https://kwel.com/event/alex-marlow/2027-03-26/,,,,"{""currency_symbol"":""$"",""currency_code"":""USD"",""currency_position"":""prefix"",""values"":[]}",[],[],[],[],,,"{""url"":""https://kwel.com/wp-content/uploads/2026/05/Alex-Marlow.png"",""id"":486796,""extension"":""png"",""width"":300,""height"":200}",[],false,false,,,2026-05-21 23:33:23,2026-05-22 04:33:23,true,true,,,
2026-09-30T13:59:37Z,kwel.com,https://www.kwel.com/wp-json/tribe/events/v1/events,45,10077199,kwel.com?id=10077199,Scott Jennings Show,2027-03-26 12:00:00,2027-03-26 17:00:00,2027-03-26 13:00:00,2027-03-26 18:00:00,America/Chicago,false,false,publish,https://kwel.com/event/scott-jennings/2027-03-26/,,,,"{""currency_symbol"":""$"",""currency_code"":""USD"",""currency_position"":""prefix"",""values"":[]}",[],[],[],[],,,"{""url"":""https://kwel.com/wp-content/uploads/2026/05/Scott-Jennings.png"",""id"":486807,""extension"":""png"",""width"":300,""height"":200}",[],false,false,,,2026-05-21 23:37:53,2026-05-22 04:37:53,true,true,,,
2026-09-30T13:59:37Z,kwel.com,https://www.kwel.com/wp-json/tribe/events/v1/events,45,10064406,kwel.com?id=10064406,Dave Ramsey,2027-03-26 13:00:00,2027-03-26 18:00:00,2027-03-26 15:00:00,2027-03-26 20:00:00,America/Chicago,false,false,publish,https://kwel.com/event/dave-ramsey/2027-03-26/,,,,"{""currency_symbol"":""$"",""currency_code"":""USD"",""currency_position"":""prefix"",""values"":[]}",[],[],[],[],,,"{""url"":""https://kwel.com/wp-content/uploads/2026/05/Dave-Ramsey.png"",""id"":486800,""extension"":""png"",""width"":300,""height"":200}",[],false,false,,,2026-05-21 22:58:20,2026-05-22 03:58:20,true,true,,,
2026-09-30T13:59:37Z,kwel.com,https://www.kwel.com/wp-json/tribe/events/v1/events,45,10061796,kwel.com?id=10061796,Tall City Talk,2027-03-26 15:00:00,2027-03-26 20:00:00,2027-03-26 17:00:00,2027-03-26 22:00:00,America/Chicago,false,false,publish,https://kwel.com/event/patriot-call/2027-03-26/,,,,"{""currency_symbol"":""$"",""currency_code"":""USD"",""currency_position"":""prefix"",""values"":[]}",[],[],[],[],,,"{""url"":""https://kwel.com/wp-content/uploads/2026/06/Tall-City-Talk-image-1.png"",""id"":487032,""extension"":""png"",""width"":300,""height"":200}",[],false,false,,,2026-06-12 11:20:35,2026-06-12 16:20:35,true,true,,,
2026-09-30T13:59:37Z,kwel.com,https://www.kwel.com/wp-json/tribe/events/v1/events,45,10051564,kwel.com?id=10051564,Mark Levin,2027-03-26 17:00:00,2027-03-26 22:00:00,2027-03-26 20:00:00,2027-03-27 01:00:00,America/Chicago,false,false,publish,https://kwel.com/event/mark-levin-2/2027-03-26/,,,,"{""currency_symbol"":""$"",""currency_code"":""USD"",""currency_position"":""prefix"",""values"":[]}",[],[],[],[],,,"{""url"":""https://kwel.com/wp-content/uploads/2026/05/Mark-Levin.png"",""id"":486803,""extension"":""png"",""width"":300,""height"":200}",[],false,false,,,2026-05-21 23:20:02,2026-05-22 04:20:02,true,true,,,
2026-09-30T13:59:37Z,kwel.com,https://www.kwel.com/wp-json/tribe/events/v1/events,45,10079807,kwel.com?id=10079807,Scott Jennings Show &#8211; PM,2027-03-26 20:00:00,2027-03-27 01:00:00,2027-03-26 21:00:00,2027-03-27 02:00:00,America/Chicago,false,false,publish,https://kwel.com/event/scott-jennings-show-pm/2027-03-26/,,,,"{""currency_symbol"":""$"",""currency_code"":""USD"",""currency_position"":""prefix"",""values"":[]}",[],[],[],[],,,"{""url"":""https://kwel.com/wp-content/uploads/2026/05/Scott-Jennings.png"",""id"":486807,""extension"":""png"",""width"":300,""height"":200}",[],false,false,,,2026-05-21 23:38:26,2026-05-22 04:38:26,true,true,,,
2026-09-30T13:59:37Z,kwel.com,https://www.kwel.com/wp-json/tribe/events/v1/events,45,10065710,kwel.com?id=10065710,Mike Gallagher &#8211; PM,2027-03-26 21:00:00,2027-03-27 02:00:00,2027-03-26 23:00:00,2027-03-27 04:00:00,America/Chicago,false,false,publish,https://kwel.com/event/mike-gallagher-4-2/2027-03-26/,,,,"{""currency_symbol"":""$"",""currency_code"":""USD"",""currency_position"":""prefix"",""values"":[]}",[],[],[],[],,,"{""url"":""https://kwel.com/wp-content/uploads/2026/05/Mike-Gallagher.png"",""id"":486804,""extension"":""png"",""width"":300,""height"":200}",[],false,false,,,2026-05-21 22:45:14,2026-05-22 03:45:14,true,true,,,
2026-09-30T13:59:37Z,kwel.com,https://www.kwel.com/wp-json/tribe/events/v1/events,45,10027681,kwel.com?id=10027681,Hugh Hewitt,2027-03-26 23:00:00,2027-03-27 04:00:00,2027-03-27 02:00:00,2027-03-27 07:00:00,America/Chicago,false,false,publish,https://kwel.com/event/hugh-hewitt/2027-03-26/,,,,"{""currency_symbol"":""$"",""currency_code"":""USD"",""currency_position"":""prefix"",""values"":[]}",[],[],[],[],,,"{""url"":""https://kwel.com/wp-content/uploads/2026/05/Hugh-Hewitt.png"",""id"":486801,""extension"":""png"",""width"":300,""height"":200}",[],false,false,,,2026-05-21 23:21:01,2026-05-22 04:21:01,true,true,,,
2026-09-30T13:59:37Z,kwel.com,https://www.kwel.com/wp-json/tribe/events/v1/events,45,10071441,kwel.com?id=10071441,America in the Morning &#8211; Sat.,2027-03-27 06:00:00,2027-03-27 11:00:00,2027-03-27 06:30:00,2027-03-27 11:30:00,America/Chicago,false,false,publish,https://kwel.com/event/america-in-the-morning-sat/2027-03-27/,,,,"{""currency_symbol"":""$"",""currency_code"":""USD"",""currency_position"":""prefix"",""values"":[]}",[],[],[],[],,,"{""url"":""https://kwel.com/wp-content/uploads/2026/05/America-in-the-Morning.png"",""id"":486797,""extension"":""png"",""width"":300,""height"":200}",[],false,false,,,2026-05-21 23:04:09,2026-05-22 04:04:09,true,true,,,
2026-09-30T13:59:37Z,kwel.com,https://www.kwel.com/wp-json/tribe/events/v1/events,45,10081620,kwel.com?id=10081620,Oldies Music Show,2027-03-27 06:30:00,2027-03-27 11:30:00,2027-03-27 09:00:00,2027-03-27 14:00:00,America/Chicago,false,false,publish,https://kwel.com/event/oldies-music-show/2027-03-27/,,,,"{""currency_symbol"":""$"",""currency_code"":""USD"",""currency_position"":""prefix"",""values"":[]}",[],[],[],[],,,false,[],false,false,,,2026-05-21 23:46:45,2026-05-22 04:46:45,true,true,,,
2026-09-30T13:59:37Z,kwel.com,https://www.kwel.com/wp-json/tribe/events/v1/events,45,10081359,kwel.com?id=10081359,The Oil Mix Show w/ Kym Balado,2027-03-27 09:00:00,2027-03-27 14:00:00,2027-03-27 10:00:00,2027-03-27 15:00:00,America/Chicago,false,false,publish,https://kwel.com/event/inside-the-oil-patch-with-kim-balado/2027-03-27/,,,,"{""currency_symbol"":""$"",""currency_code"":""USD"",""currency_position"":""prefix"",""values"":[]}",[],[],[],[],,,false,[],false,false,,,2026-05-21 23:45:16,2026-05-22 04:45:16,true,true,,,
2026-09-30T13:59:37Z,kwel.com,https://www.kwel.com/wp-json/tribe/events/v1/events,45,10083208,kwel.com?id=10083208,Hoyl Financial,2027-03-27 10:00:00,2027-03-27 15:00:00,2027-03-27 10:30:00,2027-03-27 15:30:00,America/Chicago,false,false,publish,https://kwel.com/event/hoyl-financial/2027-03-27/,,,,"{""currency_symbol"":""$"",""currency_code"":""USD"",""currency_position"":""prefix"",""values"":[]}",[],[],[],[],,,false,[],false,false,,,2026-05-22 00:04:04,2026-05-22 05:04:04,true,true,,,
2026-09-30T13:59:37Z,kwel.com,https://www.kwel.com/wp-json/tribe/events/v1/events,45,10036172,kwel.com?id=10036172,Dr. Bob Martin,2027-03-27 11:00:00,2027-03-27 16:00:00,2027-03-27 13:00:00,2027-03-27 18:00:00,America/Chicago,false,false,publish,https://kwel.com/event/dr-bob-martin/2027-03-27/,,,,"{""currency_symbol"":""$"",""currency_code"":""USD"",""currency_position"":""prefix"",""values"":[]}",[],[],[],[],<p>Presented by Natural Foods Market</p>,,"{""url"":""https://kwel.com/wp-content/uploads/2024/12/Dr.-Bob-Martin.png"",""id"":486828,""extension"":""png"",""width"":300,""height"":200}",[],false,false,,,2026-05-21 23:23:52,2026-05-22 04:23:52,true,true,,,
2026-09-30T13:59:37Z,kwel.com,https://www.kwel.com/wp-json/tribe/events/v1/events,45,10082947,kwel.com?id=10082947,Body Talk with Dr. Bill Dodson,2027-03-27 13:00:00,2027-03-27 18:00:00,2027-03-27 15:00:00,2027-03-27 20:00:00,America/Chicago,false,false,publish,https://kwel.com/event/body-talk-with-dr-bill-dodson/2027-03-27/,,,,"{""currency_symbol"":""$"",""currency_code"":""USD"",""currency_position"":""prefix"",""values"":[]}",[],[],[],[],<p>Paradigm Physical Therapy &#8211; LIVE AND LOCAL</p>,,"{""url"":""https://kwel.com/wp-content/uploads/2024/12/Bill-Dodson.png"",""id"":486852,""extension"":""png"",""width"":300,""height"":200}",[],false,false,,,2026-05-22 00:01:52,2026-05-22 05:01:52,true,true,,,
2026-09-30T13:59:37Z,kwel.com,https://www.kwel.com/wp-json/tribe/events/v1/events,45,10083730,kwel.com?id=10083730,The CC Auto Show,2027-03-27 15:00:00,2027-03-27 20:00:00,2027-03-27 17:00:00,2027-03-27 22:00:00,America/Chicago,false,false,publish,https://kwel.com/event/the-best-of-hoss-duggar/2027-03-27/,,,,"{""currency_symbol"":""$"",""currency_code"":""USD"",""currency_position"":""prefix"",""values"":[]}",[],[],[],[],,,false,[],false,false,,,2026-05-22 00:06:03,2026-05-22 05:06:03,true,true,,,
2026-09-30T13:59:37Z,kwel.com,https://www.kwel.com/wp-json/tribe/events/v1/events,45,10083991,kwel.com?id=10083991,The Pet Show,2027-03-27 17:00:00,2027-03-27 22:00:00,2027-03-27 19:00:00,2027-03-28 00:00:00,America/Chicago,false,false,publish,https://kwel.com/event/the-pet-show/2027-03-27/,,,,"{""currency_symbol"":""$"",""currency_code"":""USD"",""currency_position"":""prefix"",""values"":[]}",[],[],[],[],,,false,[],false,false,,,2026-05-22 00:07:14,2026-05-22 05:07:14,true,true,,,
2026-09-30T13:59:37Z,kwel.com,https://www.kwel.com/wp-json/tribe/events/v1/events,45,10084252,kwel.com?id=10084252,The Best of Hoss Duggar &#8211; PM,2027-03-27 19:00:00,2027-03-28 00:00:00,2027-03-27 19:30:00,2027-03-28 00:30:00,America/Chicago,false,false,publish,https://kwel.com/event/the-best-of-hoss-duggar-pm/2027-03-27/,,,,"{""currency_symbol"":""$"",""currency_code"":""USD"",""currency_position"":""prefix"",""values"":[]}",[],[],[],[],,,false,[],false,false,,,2026-05-22 00:08:01,2026-05-22 05:08:01,true,true,,,
2026-09-30T13:59:37Z,kwel.com,https://www.kwel.com/wp-json/tribe/events/v1/events,45,10084513,kwel.com?id=10084513,The Best of Keith Stretcher &#8211; Sat.,2027-03-27 19:30:00,2027-03-28 00:30:00,2027-03-27 20:00:00,2027-03-28 01:00:00,America/Chicago,false,false,publish,https://kwel.com/event/the-best-of-keith-stretcher-sat/2027-03-27/,,,,"{""currency_symbol"":""$"",""currency_code"":""USD"",""currency_position"":""prefix"",""values"":[]}",[],[],[],[],,,false,[],false,false,,,2026-05-22 00:09:06,2026-05-22 05:09:06,true,true,,,
2026-09-30T13:59:37Z,kwel.com,https://www.kwel.com/wp-json/tribe/events/v1/events,45,10086862,kwel.com?id=10086862,Rick Valdez,2027-03-27 20:00:00,2027-03-28 01:00:00,2027-03-28 00:00:00,2027-03-28 05:00:00,America/Chicago,false,false,publish,https://kwel.com/event/rick-valdez/2027-03-27/,,,,"{""currency_symbol"":""$"",""currency_code"":""USD"",""currency_position"":""prefix"",""values"":[]}",[],[],[],[],,,false,[],false,false,,,2026-05-22 00:25:00,2026-05-22 05:25:00,true,true,,,
2026-09-30T13:59:37Z,kwel.com,https://www.kwel.com/wp-json/tribe/events/v1/events,45,10087123,kwel.com?id=10087123,Kevin McCullough,2027-03-28 00:00:00,2027-03-28 05:00:00,2027-03-28 03:00:00,2027-03-28 08:00:00,America/Chicago,false,false,publish,https://kwel.com/event/kevin-mccullough/2027-03-28/,,,,"{""currency_symbol"":""$"",""currency_code"":""USD"",""currency_position"":""prefix"",""values"":[]}",[],[],[],[],,,false,[],false,false,,,2026-05-29 20:04:05,2026-05-30 01:04:05,true,true,,,
2026-09-30T13:59:37Z,kwel.com,https://www.kwel.com/wp-json/tribe/events/v1/events,45,10066837,kwel.com?id=10066837,Mike Gallagher &#8211; Sunday,2027-03-28 03:00:00,2027-03-28 08:00:00,2027-03-28 06:00:00,2027-03-28 11:00:00,America/Chicago,false,false,publish,https://kwel.com/event/mike-gallagher-4-3/2027-03-28/,,,,"{""currency_symbol"":""$"",""currency_code"":""USD"",""currency_position"":""prefix"",""values"":[]}",[],[],[],[],,,"{""url"":""https://kwel.com/wp-content/uploads/2026/05/Mike-Gallagher.png"",""id"":486804,""extension"":""png"",""width"":300,""height"":200}",[],false,false,,,2026-05-21 22:51:50,2026-05-22 03:51:50,true,true,,,
2026-09-30T13:59:37Z,kwel.com,https://www.kwel.com/wp-json/tribe/events/v1/events,45,10084774,kwel.com?id=10084774,The Best of Keith Stretcher &#8211; Sun.,2027-03-28 06:30:00,2027-03-28 11:30:00,2027-03-28 07:00:00,2027-03-28 12:00:00,America/Chicago,false,false,publish,https://kwel.com/event/the-best-of-keith-stretcher-sun/2027-03-28/,,,,"{""currency_symbol"":""$"",""currency_code"":""USD"",""currency_position"":""prefix"",""values"":[]}",[],[],[],[],,,false,[],false,false,,,2026-05-22 00:10:38,2026-05-22 05:10:38,true,true,,,
2026-09-30T13:59:37Z,kwel.com,https://www.kwel.com/wp-json/tribe/events/v1/events,46,10085035,kwel.com?id=10085035,Wall Builders &#8211; 7am,2027-03-28 07:00:00,2027-03-28 12:00:00,2027-03-28 07:30:00,2027-03-28 12:30:00,America/Chicago,false,false,publish,https://kwel.com/event/wall-builders-7am/2027-03-28/,,,,"{""currency_symbol"":""$"",""currency_code"":""USD"",""currency_position"":""prefix"",""values"":[]}",[],[],[],[],,,"{""url"":""https://kwel.com/wp-content/uploads/2026/05/Wall-Builders.png"",""id"":486877,""extension"":""png"",""width"":300,""height"":200}",[],false,false,,,2026-05-22 00:15:13,2026-05-22 05:15:13,true,true,,,
2026-09-30T13:59:37Z,kwel.com,https://www.kwel.com/wp-json/tribe/events/v1/events,46,10031792,kwel.com?id=10031792,Lutheran Hour &#8211; Family Shield- Sponsored by Grace Lutheran and Holy Cross Lutheran,2027-03-28 07:30:00,2027-03-28 12:30:00,2027-03-28 08:30:00,2027-03-28 13:30:00,America/Chicago,false,false,publish,https://kwel.com/event/lutheran-hour-family-shield-sponsored-by-grace-lutheran-and-holy-cross-lutheran/2027-03-28/,,,,"{""currency_symbol"":""$"",""currency_code"":""USD"",""currency_position"":""prefix"",""values"":[]}",[],[],[],[],,,false,[],false,false,,,2026-05-21 23:59:20,2026-05-22 04:59:20,true,true,,,
2026-09-30T13:59:37Z,kwel.com,https://www.kwel.com/wp-json/tribe/events/v1/events,46,10085296,kwel.com?id=10085296,Wall Builders &#8211; 8am,2027-03-28 08:00:00,2027-03-28 13:00:00,2027-03-28 08:30:00,2027-03-28 13:30:00,America/Chicago,false,false,publish,https://kwel.com/event/wall-builders-8am/2027-03-28/,,,,"{""currency_symbol"":""$"",""currency_code"":""USD"",""currency_position"":""prefix"",""values"":[]}",[],[],[],[],,,"{""url"":""https://kwel.com/wp-content/uploads/2026/05/Wall-Builders.png"",""id"":486877,""extension"":""png"",""width"":300,""height"":200}",[],false,false,,,2026-05-22 00:16:04,2026-05-22 05:16:04,true,true,,,
2026-09-30T13:59:37Z,kwel.com,https://www.kwel.com/wp-json/tribe/events/v1/events,46,10031157,kwel.com?id=10031157,Family Gospel Music Hour w/ Warren Bell,2027-03-28 08:30:00,2027-03-28 13:30:00,2027-03-28 09:30:00,2027-03-28 14:30:00,America/Chicago,false,false,publish,https://kwel.com/event/family-gospel-music-hour-sponsored-by-warren-bell/2027-03-28/,,,,"{""currency_symbol"":""$"",""currency_code"":""USD"",""currency_position"":""prefix"",""values"":[]}",[],[],[],[],,,false,[],false,false,,,2026-05-21 23:48:07,2026-05-22 04:48:07,true,true,,,
2026-09-30T13:59:37Z,kwel.com,https://www.kwel.com/wp-json/tribe/events/v1/events,46,10085818,kwel.com?id=10085818,ReNew Your Mind w. RC Sproul,2027-03-28 09:30:00,2027-03-28 14:30:00,2027-03-28 10:00:00,2027-03-28 15:00:00,America/Chicago,false,false,publish,https://kwel.com/event/renew-your-mind-w-rc-sproul/2027-03-28/,,,,"{""currency_symbol"":""$"",""currency_code"":""USD"",""currency_position"":""prefix"",""values"":[]}",[],[],[],[],,,false,[],false,false,,,2026-05-22 00:19:04,2026-05-22 05:19:04,true,true,,,
2026-09-30T13:59:37Z,kwel.com,https://www.kwel.com/wp-json/tribe/events/v1/events,46,10030162,kwel.com?id=10030162,Save the Cowboy,2027-03-28 10:00:00,2027-03-28 15:00:00,2027-03-28 10:30:00,2027-03-28 15:30:00,America/Chicago,false,false,publish,https://kwel.com/event/save-the-cowboy-sponsored-by-western-llc-2/2027-03-28/,,,,"{""currency_symbol"":""$"",""currency_code"":""USD"",""currency_position"":""prefix"",""values"":[]}",[],[],[],[],,,false,[],false,false,,,2026-05-21 23:58:20,2026-05-22 04:58:20,true,true,,,
2026-09-30T13:59:37Z,kwel.com,https://www.kwel.com/wp-json/tribe/events/v1/events,46,10029527,kwel.com?id=10029527,Kelview Heights Baptist Church,2027-03-28 10:30:00,2027-03-28 15:30:00,2027-03-28 11:00:00,2027-03-28 16:00:00,America/Chicago,false,false,publish,https://kwel.com/event/kelview-heights-baptist-church/2027-03-28/,,,,"{""currency_symbol"":""$"",""currency_code"":""USD"",""currency_position"":""prefix"",""values"":[]}",[],[],[],[],,,false,[],false,false,,,2026-05-21 23:57:15,2026-05-22 04:57:15,true,true,,,
2026-09-30T13:59:37Z,kwel.com,https://www.kwel.com/wp-json/tribe/events/v1/events,46,10086079,kwel.com?id=10086079,Through the Bible,2027-03-28 11:00:00,2027-03-28 16:00:00,2027-03-28 12:00:00,2027-03-28 17:00:00,America/Chicago,false,false,publish,https://kwel.com/event/through-the-bible/2027-03-28/,,,,"{""currency_symbol"":""$"",""currency_code"":""USD"",""currency_position"":""prefix"",""values"":[]}",[],[],[],[],,,false,[],false,false,,,2026-05-22 00:19:43,2026-05-22 05:19:43,true,true,,,
2026-09-30T13:59:37Z,kwel.com,https://www.kwel.com/wp-json/tribe/events/v1/events,46,10086340,kwel.com?id=10086340,The One of a Kind Financial Show w/ Mike,2027-03-28 12:00:00,2027-03-28 17:00:00,2027-03-28 13:00:00,2027-03-28 18:00:00,America/Chicago,false,false,publish,https://kwel.com/event/kline-marketing-financial-show/2027-03-28/,,,,"{""currency_symbol"":""$"",""currency_code"":""USD"",""currency_position"":""prefix"",""values"":[]}",[],[],[],[],"<p><span data-olk-copy-source=""MessageBody"">The One of a Kind Financial Show with Mike Milligan, CFP delivers story-first financial wisdom—covering taxes, retirement income, investments, long-term care, and legacy—empowering listeners to build a truly one-of-a-kind financial plan.</span></p>",,"{""url"":""https://kwel.com/wp-content/uploads/2026/05/One-of-a-kind-financial-show.png"",""id"":486911,""extension"":""png"",""width"":300,""height"":200}",[],false,false,,,2026-05-29 20:02:25,2026-05-30 01:02:25,true,true,,,
2026-09-30T13:59:37Z,kwel.com,https://www.kwel.com/wp-json/tribe/events/v1/events,46,10085557,kwel.com?id=10085557,Wall Builders &#8211; 1pm,2027-03-28 13:00:00,2027-03-28 18:00:00,2027-03-28 14:00:00,2027-03-28 19:00:00,America/Chicago,false,false,publish,https://kwel.com/event/wall-builders-1pm/2027-03-28/,,,,"{""currency_symbol"":""$"",""currency_code"":""USD"",""currency_position"":""prefix"",""values"":[]}",[],[],[],[],,,"{""url"":""https://kwel.com/wp-content/uploads/2026/05/Wall-Builders.png"",""id"":486877,""extension"":""png"",""width"":300,""height"":200}",[],false,false,,,2026-05-22 00:17:07,2026-05-22 05:17:07,true,true,,,
2026-09-30T13:59:37Z,kwel.com,https://www.kwel.com/wp-json/tribe/events/v1/events,46,10081952,kwel.com?id=10081952,Gun Talk,2027-03-28 14:00:00,2027-03-28 19:00:00,2027-03-28 17:00:00,2027-03-28 22:00:00,America/Chicago,false,false,publish,https://kwel.com/event/gun-talk-2/2027-03-28/,,,,"{""currency_symbol"":""$"",""currency_code"":""USD"",""currency_position"":""prefix"",""values"":[]}",[],[],[],[],,,false,[],false,false,,,2026-05-21 23:51:02,2026-05-22 04:51:02,true,true,,,
2026-09-30T13:59:37Z,kwel.com,https://www.kwel.com/wp-json/tribe/events/v1/events,46,10074309,kwel.com?id=10074309,Larry Elder &#8211; Sunday,2027-03-28 17:00:00,2027-03-28 22:00:00,2027-03-28 19:00:00,2027-03-29 00:00:00,America/Chicago,false,false,publish,https://kwel.com/event/larry-elder-sunday/2027-03-28/,,,,"{""currency_symbol"":""$"",""currency_code"":""USD"",""currency_position"":""prefix"",""values"":[]}",[],[],[],[],,,"{""url"":""https://kwel.com/wp-content/uploads/2026/05/Larry-Elder.png"",""id"":486802,""extension"":""png"",""width"":300,""height"":200}",[],false,false,,,2026-05-21 23:10:20,2026-05-22 04:10:20,true,true,,,
2026-09-30T13:59:37Z,kwel.com,https://www.kwel.com/wp-json/tribe/events/v1/events,46,10041695,kwel.com?id=10041695,Armed American Radio,2027-03-28 19:00:00,2027-03-29 00:00:00,2027-03-28 22:00:00,2027-03-29 03:00:00,America/Chicago,false,false,publish,https://kwel.com/event/armed-american-radio/2027-03-28/,,,,"{""currency_symbol"":""$"",""currency_code"":""USD"",""currency_position"":""prefix"",""values"":[]}",[],[],[],[],,,false,[],false,false,,,2026-05-21 23:55:59,2026-05-22 04:55:59,true,true,,,
2026-09-30T13:59:37Z,kwel.com,https://www.kwel.com/wp-json/tribe/events/v1/events,46,10086601,kwel.com?id=10086601,Wall Builders &#8211; 10pm,2027-03-28 22:00:00,2027-03-29 03:00:00,2027-03-29 00:00:00,2027-03-29 05:00:00,America/Chicago,false,false,publish,https://kwel.com/event/wall-builders-10pm/2027-03-28/,,,,"{""currency_symbol"":""$"",""currency_code"":""USD"",""currency_position"":""prefix"",""values"":[]}",[],[],[],[],,,"{""url"":""https://kwel.com/wp-content/uploads/2026/05/Wall-Builders.png"",""id"":486877,""extension"":""png"",""width"":300,""height"":200}",[],false,false,,,2026-05-22 00:22:52,2026-05-22 05:22:52,true,true,,,
2026-09-30T13:59:37Z,kwel.com,https://www.kwel.com/wp-json/tribe/events/v1/events,46,10071878,kwel.com?id=10071878,Larry Elder,2027-03-29 02:00:00,2027-03-29 07:00:00,2027-03-29 05:00:00,2027-03-29 10:00:00,America/Chicago,false,false,publish,https://kwel.com/event/larry-elder-2/2027-03-29/,,,,"{""currency_symbol"":""$"",""currency_code"":""USD"",""currency_position"":""prefix"",""values"":[]}",[],[],[],[],,,"{""url"":""https://kwel.com/wp-content/uploads/2026/05/Larry-Elder.png"",""id"":486802,""extension"":""png"",""width"":300,""height"":200}",[],false,false,,,2026-05-21 23:52:47,2026-05-22 04:52:47,true,true,,,
2026-09-30T13:59:37Z,kwel.com,https://www.kwel.com/wp-json/tribe/events/v1/events,46,10055125,kwel.com?id=10055125,America in the Morning,2027-03-29 05:00:00,2027-03-29 10:00:00,2027-03-29 06:00:00,2027-03-29 11:00:00,America/Chicago,false,false,publish,https://kwel.com/event/america-in-the-morning/2027-03-29/,,,,"{""currency_symbol"":""$"",""currency_code"":""USD"",""currency_position"":""prefix"",""values"":[]}",[],[],[],[],,,"{""url"":""https://kwel.com/wp-content/uploads/2026/05/America-in-the-Morning.png"",""id"":486797,""extension"":""png"",""width"":300,""height"":200}",[],false,false,,,2026-05-21 23:04:52,2026-05-22 04:04:52,true,true,,,
2026-09-30T13:59:37Z,kwel.com,https://www.kwel.com/wp-json/tribe/events/v1/events,46,10012068,kwel.com?id=10012068,The Morning Show with Craig Anderson &#038; Lisa Kay,2027-03-29 06:00:00,2027-03-29 11:00:00,2027-03-29 10:00:00,2027-03-29 15:00:00,America/Chicago,false,false,publish,https://kwel.com/event/the-morning-show-with-craig-anderson-2/2027-03-29/,,,,"{""currency_symbol"":""$"",""currency_code"":""USD"",""currency_position"":""prefix"",""values"":[]}",[],[],[],[],<p>Local and streaming live!</p>,,"{""url"":""https://kwel.com/wp-content/uploads/2026/05/Craig-and-Lisa-1.png"",""id"":486798,""extension"":""png"",""width"":300,""height"":200}",[],false,false,,,2026-05-21 23:18:43,2026-05-22 04:18:43,true,true,,,
2026-09-30T13:59:37Z,kwel.com,https://www.kwel.com/wp-json/tribe/events/v1/events,46,10059189,kwel.com?id=10059189,Mike Gallagher &#8211; AM,2027-03-29 10:00:00,2027-03-29 15:00:00,2027-03-29 11:00:00,2027-03-29 16:00:00,America/Chicago,false,false,publish,https://kwel.com/event/mike-gallagher-am-2/2027-03-29/,,,,"{""currency_symbol"":""$"",""currency_code"":""USD"",""currency_position"":""prefix"",""values"":[]}",[],[],[],[],,,"{""url"":""https://kwel.com/wp-content/uploads/2026/05/Mike-Gallagher.png"",""id"":486804,""extension"":""png"",""width"":300,""height"":200}",[],false,false,,,2026-05-21 22:43:18,2026-05-22 03:43:18,true,true,,,
2026-09-30T13:59:37Z,kwel.com,https://www.kwel.com/wp-json/tribe/events/v1/events,46,10075895,kwel.com?id=10075895,Alex Marlow,2027-03-29 11:00:00,2027-03-29 16:00:00,2027-03-29 12:00:00,2027-03-29 17:00:00,America/Chicago,false,false,publish,https://kwel.com/event/alex-marlow/2027-03-29/,,,,"{""currency_symbol"":""$"",""currency_code"":""USD"",""currency_position"":""prefix"",""values"":[]}",[],[],[],[],,,"{""url"":""https://kwel.com/wp-content/uploads/2026/05/Alex-Marlow.png"",""id"":486796,""extension"":""png"",""width"":300,""height"":200}",[],false,false,,,2026-05-21 23:33:23,2026-05-22 04:33:23,true,true,,,
2026-09-30T13:59:37Z,kwel.com,https://www.kwel.com/wp-json/tribe/events/v1/events,46,10077200,kwel.com?id=10077200,Scott Jennings Show,2027-03-29 12:00:00,2027-03-29 17:00:00,2027-03-29 13:00:00,2027-03-29 18:00:00,America/Chicago,false,false,publish,https://kwel.com/event/scott-jennings/2027-03-29/,,,,"{""currency_symbol"":""$"",""currency_code"":""USD"",""currency_position"":""prefix"",""values"":[]}",[],[],[],[],,,"{""url"":""https://kwel.com/wp-content/uploads/2026/05/Scott-Jennings.png"",""id"":486807,""extension"":""png"",""width"":300,""height"":200}",[],false,false,,,2026-05-21 23:37:53,2026-05-22 04:37:53,true,true,,,
2026-09-30T13:59:37Z,kwel.com,https://www.kwel.com/wp-json/tribe/events/v1/events,46,10064407,kwel.com?id=10064407,Dave Ramsey,2027-03-29 13:00:00,2027-03-29 18:00:00,2027-03-29 15:00:00,2027-03-29 20:00:00,America/Chicago,false,false,publish,https://kwel.com/event/dave-ramsey/2027-03-29/,,,,"{""currency_symbol"":""$"",""currency_code"":""USD"",""currency_position"":""prefix"",""values"":[]}",[],[],[],[],,,"{""url"":""https://kwel.com/wp-content/uploads/2026/05/Dave-Ramsey.png"",""id"":486800,""extension"":""png"",""width"":300,""height"":200}",[],false,false,,,2026-05-21 22:58:20,2026-05-22 03:58:20,true,true,,,
2026-09-30T13:59:37Z,kwel.com,https://www.kwel.com/wp-json/tribe/events/v1/events,46,10061797,kwel.com?id=10061797,Tall City Talk,2027-03-29 15:00:00,2027-03-29 20:00:00,2027-03-29 17:00:00,2027-03-29 22:00:00,America/Chicago,false,false,publish,https://kwel.com/event/patriot-call/2027-03-29/,,,,"{""currency_symbol"":""$"",""currency_code"":""USD"",""currency_position"":""prefix"",""values"":[]}",[],[],[],[],,,"{""url"":""https://kwel.com/wp-content/uploads/2026/06/Tall-City-Talk-image-1.png"",""id"":487032,""extension"":""png"",""width"":300,""height"":200}",[],false,false,,,2026-06-12 11:20:35,2026-06-12 16:20:35,true,true,,,
2026-09-30T13:59:37Z,kwel.com,https://www.kwel.com/wp-json/tribe/events/v1/events,46,10051565,kwel.com?id=10051565,Mark Levin,2027-03-29 17:00:00,2027-03-29 22:00:00,2027-03-29 20:00:00,2027-03-30 01:00:00,America/Chicago,false,false,publish,https://kwel.com/event/mark-levin-2/2027-03-29/,,,,"{""currency_symbol"":""$"",""currency_code"":""USD"",""currency_position"":""prefix"",""values"":[]}",[],[],[],[],,,"{""url"":""https://kwel.com/wp-content/uploads/2026/05/Mark-Levin.png"",""id"":486803,""extension"":""png"",""width"":300,""height"":200}",[],false,false,,,2026-05-21 23:20:02,2026-05-22 04:20:02,true,true,,,
2026-09-30T13:59:37Z,kwel.com,https://www.kwel.com/wp-json/tribe/events/v1/events,46,10079808,kwel.com?id=10079808,Scott Jennings Show &#8211; PM,2027-03-29 20:00:00,2027-03-30 01:00:00,2027-03-29 21:00:00,2027-03-30 02:00:00,America/Chicago,false,false,publish,https://kwel.com/event/scott-jennings-show-pm/2027-03-29/,,,,"{""currency_symbol"":""$"",""currency_code"":""USD"",""currency_position"":""prefix"",""values"":[]}",[],[],[],[],,,"{""url"":""https://kwel.com/wp-content/uploads/2026/05/Scott-Jennings.png"",""id"":486807,""extension"":""png"",""width"":300,""height"":200}",[],false,false,,,2026-05-21 23:38:26,2026-05-22 04:38:26,true,true,,,
2026-09-30T13:59:37Z,kwel.com,https://www.kwel.com/wp-json/tribe/events/v1/events,46,10065711,kwel.com?id=10065711,Mike Gallagher &#8211; PM,2027-03-29 21:00:00,2027-03-30 02:00:00,2027-03-29 23:00:00,2027-03-30 04:00:00,America/Chicago,false,false,publish,https://kwel.com/event/mike-gallagher-4-2/2027-03-29/,,,,"{""currency_symbol"":""$"",""currency_code"":""USD"",""currency_position"":""prefix"",""values"":[]}",[],[],[],[],,,"{""url"":""https://kwel.com/wp-content/uploads/2026/05/Mike-Gallagher.png"",""id"":486804,""extension"":""png"",""width"":300,""height"":200}",[],false,false,,,2026-05-21 22:45:14,2026-05-22 03:45:14,true,true,,,
2026-09-30T13:59:37Z,kwel.com,https://www.kwel.com/wp-json/tribe/events/v1/events,46,10027682,kwel.com?id=10027682,Hugh Hewitt,2027-03-29 23:00:00,2027-03-30 04:00:00,2027-03-30 02:00:00,2027-03-30 07:00:00,America/Chicago,false,false,publish,https://kwel.com/event/hugh-hewitt/2027-03-29/,,,,"{""currency_symbol"":""$"",""currency_code"":""USD"",""currency_position"":""prefix"",""values"":[]}",[],[],[],[],,,"{""url"":""https://kwel.com/wp-content/uploads/2026/05/Hugh-Hewitt.png"",""id"":486801,""extension"":""png"",""width"":300,""height"":200}",[],false,false,,,2026-05-21 23:21:01,2026-05-22 04:21:01,true,true,,,
2026-09-30T13:59:37Z,kwel.com,https://www.kwel.com/wp-json/tribe/events/v1/events,46,10071879,kwel.com?id=10071879,Larry Elder,2027-03-30 02:00:00,2027-03-30 07:00:00,2027-03-30 05:00:00,2027-03-30 10:00:00,America/Chicago,false,false,publish,https://kwel.com/event/larry-elder-2/2027-03-30/,,,,"{""currency_symbol"":""$"",""currency_code"":""USD"",""currency_position"":""prefix"",""values"":[]}",[],[],[],[],,,"{""url"":""https://kwel.com/wp-content/uploads/2026/05/Larry-Elder.png"",""id"":486802,""extension"":""png"",""width"":300,""height"":200}",[],false,false,,,2026-05-21 23:52:47,2026-05-22 04:52:47,true,true,,,
2026-09-30T13:59:37Z,kwel.com,https://www.kwel.com/wp-json/tribe/events/v1/events,46,10055126,kwel.com?id=10055126,America in the Morning,2027-03-30 05:00:00,2027-03-30 10:00:00,2027-03-30 06:00:00,2027-03-30 11:00:00,America/Chicago,false,false,publish,https://kwel.com/event/america-in-the-morning/2027-03-30/,,,,"{""currency_symbol"":""$"",""currency_code"":""USD"",""currency_position"":""prefix"",""values"":[]}",[],[],[],[],,,"{""url"":""https://kwel.com/wp-content/uploads/2026/05/America-in-the-Morning.png"",""id"":486797,""extension"":""png"",""width"":300,""height"":200}",[],false,false,,,2026-05-21 23:04:52,2026-05-22 04:04:52,true,true,,,
2026-09-30T13:59:37Z,kwel.com,https://www.kwel.com/wp-json/tribe/events/v1/events,46,10012069,kwel.com?id=10012069,The Morning Show with Craig Anderson &#038; Lisa Kay,2027-03-30 06:00:00,2027-03-30 11:00:00,2027-03-30 10:00:00,2027-03-30 15:00:00,America/Chicago,false,false,publish,https://kwel.com/event/the-morning-show-with-craig-anderson-2/2027-03-30/,,,,"{""currency_symbol"":""$"",""currency_code"":""USD"",""currency_position"":""prefix"",""values"":[]}",[],[],[],[],<p>Local and streaming live!</p>,,"{""url"":""https://kwel.com/wp-content/uploads/2026/05/Craig-and-Lisa-1.png"",""id"":486798,""extension"":""png"",""width"":300,""height"":200}",[],false,false,,,2026-05-21 23:18:43,2026-05-22 04:18:43,true,true,,,
2026-09-30T13:59:37Z,kwel.com,https://www.kwel.com/wp-json/tribe/events/v1/events,46,10059190,kwel.com?id=10059190,Mike Gallagher &#8211; AM,2027-03-30 10:00:00,2027-03-30 15:00:00,2027-03-30 11:00:00,2027-03-30 16:00:00,America/Chicago,false,false,publish,https://kwel.com/event/mike-gallagher-am-2/2027-03-30/,,,,"{""currency_symbol"":""$"",""currency_code"":""USD"",""currency_position"":""prefix"",""values"":[]}",[],[],[],[],,,"{""url"":""https://kwel.com/wp-content/uploads/2026/05/Mike-Gallagher.png"",""id"":486804,""extension"":""png"",""width"":300,""height"":200}",[],false,false,,,2026-05-21 22:43:18,2026-05-22 03:43:18,true,true,,,
2026-09-30T13:59:37Z,kwel.com,https://www.kwel.com/wp-json/tribe/events/v1/events,46,10075896,kwel.com?id=10075896,Alex Marlow,2027-03-30 11:00:00,2027-03-30 16:00:00,2027-03-30 12:00:00,2027-03-30 17:00:00,America/Chicago,false,false,publish,https://kwel.com/event/alex-marlow/2027-03-30/,,,,"{""currency_symbol"":""$"",""currency_code"":""USD"",""currency_position"":""prefix"",""values"":[]}",[],[],[],[],,,"{""url"":""https://kwel.com/wp-content/uploads/2026/05/Alex-Marlow.png"",""id"":486796,""extension"":""png"",""width"":300,""height"":200}",[],false,false,,,2026-05-21 23:33:23,2026-05-22 04:33:23,true,true,,,
2026-09-30T13:59:37Z,kwel.com,https://www.kwel.com/wp-json/tribe/events/v1/events,46,10077201,kwel.com?id=10077201,Scott Jennings Show,2027-03-30 12:00:00,2027-03-30 17:00:00,2027-03-30 13:00:00,2027-03-30 18:00:00,America/Chicago,false,false,publish,https://kwel.com/event/scott-jennings/2027-03-30/,,,,"{""currency_symbol"":""$"",""currency_code"":""USD"",""currency_position"":""prefix"",""values"":[]}",[],[],[],[],,,"{""url"":""https://kwel.com/wp-content/uploads/2026/05/Scott-Jennings.png"",""id"":486807,""extension"":""png"",""width"":300,""height"":200}",[],false,false,,,2026-05-21 23:37:53,2026-05-22 04:37:53,true,true,,,
2026-09-30T13:59:37Z,kwel.com,https://www.kwel.com/wp-json/tribe/events/v1/events,46,10064408,kwel.com?id=10064408,Dave Ramsey,2027-03-30 13:00:00,2027-03-30 18:00:00,2027-03-30 15:00:00,2027-03-30 20:00:00,America/Chicago,false,false,publish,https://kwel.com/event/dave-ramsey/2027-03-30/,,,,"{""currency_symbol"":""$"",""currency_code"":""USD"",""currency_position"":""prefix"",""values"":[]}",[],[],[],[],,,"{""url"":""https://kwel.com/wp-content/uploads/2026/05/Dave-Ramsey.png"",""id"":486800,""extension"":""png"",""width"":300,""height"":200}",[],false,false,,,2026-05-21 22:58:20,2026-05-22 03:58:20,true,true,,,
2026-09-30T13:59:37Z,kwel.com,https://www.kwel.com/wp-json/tribe/events/v1/events,46,10061798,kwel.com?id=10061798,Tall City Talk,2027-03-30 15:00:00,2027-03-30 20:00:00,2027-03-30 17:00:00,2027-03-30 22:00:00,America/Chicago,false,false,publish,https://kwel.com/event/patriot-call/2027-03-30/,,,,"{""currency_symbol"":""$"",""currency_code"":""USD"",""currency_position"":""prefix"",""values"":[]}",[],[],[],[],,,"{""url"":""https://kwel.com/wp-content/uploads/2026/06/Tall-City-Talk-image-1.png"",""id"":487032,""extension"":""png"",""width"":300,""height"":200}",[],false,false,,,2026-06-12 11:20:35,2026-06-12 16:20:35,true,true,,,
2026-09-30T13:59:37Z,kwel.com,https://www.kwel.com/wp-json/tribe/events/v1/events,46,10051566,kwel.com?id=10051566,Mark Levin,2027-03-30 17:00:00,2027-03-30 22:00:00,2027-03-30 20:00:00,2027-03-31 01:00:00,America/Chicago,false,false,publish,https://kwel.com/event/mark-levin-2/2027-03-30/,,,,"{""currency_symbol"":""$"",""currency_code"":""USD"",""currency_position"":""prefix"",""values"":[]}",[],[],[],[],,,"{""url"":""https://kwel.com/wp-content/uploads/2026/05/Mark-Levin.png"",""id"":486803,""extension"":""png"",""width"":300,""height"":200}",[],false,false,,,2026-05-21 23:20:02,2026-05-22 04:20:02,true,true,,,
2026-09-30T13:59:37Z,kwel.com,https://www.kwel.com/wp-json/tribe/events/v1/events,46,10079809,kwel.com?id=10079809,Scott Jennings Show &#8211; PM,2027-03-30 20:00:00,2027-03-31 01:00:00,2027-03-30 21:00:00,2027-03-31 02:00:00,America/Chicago,false,false,publish,https://kwel.com/event/scott-jennings-show-pm/2027-03-30/,,,,"{""currency_symbol"":""$"",""currency_code"":""USD"",""currency_position"":""prefix"",""values"":[]}",[],[],[],[],,,"{""url"":""https://kwel.com/wp-content/uploads/2026/05/Scott-Jennings.png"",""id"":486807,""extension"":""png"",""width"":300,""height"":200}",[],false,false,,,2026-05-21 23:38:26,2026-05-22 04:38:26,true,true,,,
2026-09-30T13:59:37Z,kwel.com,https://www.kwel.com/wp-json/tribe/events/v1/events,46,10065712,kwel.com?id=10065712,Mike Gallagher &#8211; PM,2027-03-30 21:00:00,2027-03-31 02:00:00,2027-03-30 23:00:00,2027-03-31 04:00:00,America/Chicago,false,false,publish,https://kwel.com/event/mike-gallagher-4-2/2027-03-30/,,,,"{""currency_symbol"":""$"",""currency_code"":""USD"",""currency_position"":""prefix"",""values"":[]}",[],[],[],[],,,"{""url"":""https://kwel.com/wp-content/uploads/2026/05/Mike-Gallagher.png"",""id"":486804,""extension"":""png"",""width"":300,""height"":200}",[],false,false,,,2026-05-21 22:45:14,2026-05-22 03:45:14,true,true,,,
2026-09-30T13:59:37Z,kwel.com,https://www.kwel.com/wp-json/tribe/events/v1/events,46,10027683,kwel.com?id=10027683,Hugh Hewitt,2027-03-30 23:00:00,2027-03-31 04:00:00,2027-03-31 02:00:00,2027-03-31 07:00:00,America/Chicago,false,false,publish,https://kwel.com/event/hugh-hewitt/2027-03-30/,,,,"{""currency_symbol"":""$"",""currency_code"":""USD"",""currency_position"":""prefix"",""values"":[]}",[],[],[],[],,,"{""url"":""https://kwel.com/wp-content/uploads/2026/05/Hugh-Hewitt.png"",""id"":486801,""extension"":""png"",""width"":300,""height"":200}",[],false,false,,,2026-05-21 23:21:01,2026-05-22 04:21:01,true,true,,,
2026-09-30T13:59:37Z,kwel.com,https://www.kwel.com/wp-json/tribe/events/v1/events,46,10071880,kwel.com?id=10071880,Larry Elder,2027-03-31 02:00:00,2027-03-31 07:00:00,2027-03-31 05:00:00,2027-03-31 10:00:00,America/Chicago,false,false,publish,https://kwel.com/event/larry-elder-2/2027-03-31/,,,,"{""currency_symbol"":""$"",""currency_code"":""USD"",""currency_position"":""prefix"",""values"":[]}",[],[],[],[],,,"{""url"":""https://kwel.com/wp-content/uploads/2026/05/Larry-Elder.png"",""id"":486802,""extension"":""png"",""width"":300,""height"":200}",[],false,false,,,2026-05-21 23:52:47,2026-05-22 04:52:47,true,true,,,
2026-09-30T13:59:37Z,kwel.com,https://www.kwel.com/wp-json/tribe/events/v1/events,46,10055127,kwel.com?id=10055127,America in the Morning,2027-03-31 05:00:00,2027-03-31 10:00:00,2027-03-31 06:00:00,2027-03-31 11:00:00,America/Chicago,false,false,publish,https://kwel.com/event/america-in-the-morning/2027-03-31/,,,,"{""currency_symbol"":""$"",""currency_code"":""USD"",""currency_position"":""prefix"",""values"":[]}",[],[],[],[],,,"{""url"":""https://kwel.com/wp-content/uploads/2026/05/America-in-the-Morning.png"",""id"":486797,""extension"":""png"",""width"":300,""height"":200}",[],false,false,,,2026-05-21 23:04:52,2026-05-22 04:04:52,true,true,,,
2026-09-30T13:59:37Z,kwel.com,https://www.kwel.com/wp-json/tribe/events/v1/events,46,10012070,kwel.com?id=10012070,The Morning Show with Craig Anderson &#038; Lisa Kay,2027-03-31 06:00:00,2027-03-31 11:00:00,2027-03-31 10:00:00,2027-03-31 15:00:00,America/Chicago,false,false,publish,https://kwel.com/event/the-morning-show-with-craig-anderson-2/2027-03-31/,,,,"{""currency_symbol"":""$"",""currency_code"":""USD"",""currency_position"":""prefix"",""values"":[]}",[],[],[],[],<p>Local and streaming live!</p>,,"{""url"":""https://kwel.com/wp-content/uploads/2026/05/Craig-and-Lisa-1.png"",""id"":486798,""extension"":""png"",""width"":300,""height"":200}",[],false,false,,,2026-05-21 23:18:43,2026-05-22 04:18:43,true,true,,,
2026-09-30T13:59:37Z,kwel.com,https://www.kwel.com/wp-json/tribe/events/v1/events,46,10059191,kwel.com?id=10059191,Mike Gallagher &#8211; AM,2027-03-31 10:00:00,2027-03-31 15:00:00,2027-03-31 11:00:00,2027-03-31 16:00:00,America/Chicago,false,false,publish,https://kwel.com/event/mike-gallagher-am-2/2027-03-31/,,,,"{""currency_symbol"":""$"",""currency_code"":""USD"",""currency_position"":""prefix"",""values"":[]}",[],[],[],[],,,"{""url"":""https://kwel.com/wp-content/uploads/2026/05/Mike-Gallagher.png"",""id"":486804,""extension"":""png"",""width"":300,""height"":200}",[],false,false,,,2026-05-21 22:43:18,2026-05-22 03:43:18,true,true,,,
2026-09-30T13:59:37Z,kwel.com,https://www.kwel.com/wp-json/tribe/events/v1/events,46,10075897,kwel.com?id=10075897,Alex Marlow,2027-03-31 11:00:00,2027-03-31 16:00:00,2027-03-31 12:00:00,2027-03-31 17:00:00,America/Chicago,false,false,publish,https://kwel.com/event/alex-marlow/2027-03-31/,,,,"{""currency_symbol"":""$"",""currency_code"":""USD"",""currency_position"":""prefix"",""values"":[]}",[],[],[],[],,,"{""url"":""https://kwel.com/wp-content/uploads/2026/05/Alex-Marlow.png"",""id"":486796,""extension"":""png"",""width"":300,""height"":200}",[],false,false,,,2026-05-21 23:33:23,2026-05-22 04:33:23,true,true,,,
2026-09-30T13:59:37Z,kwel.com,https://www.kwel.com/wp-json/tribe/events/v1/events,46,10077202,kwel.com?id=10077202,Scott Jennings Show,2027-03-31 12:00:00,2027-03-31 17:00:00,2027-03-31 13:00:00,2027-03-31 18:00:00,America/Chicago,false,false,publish,https://kwel.com/event/scott-jennings/2027-03-31/,,,,"{""currency_symbol"":""$"",""currency_code"":""USD"",""currency_position"":""prefix"",""values"":[]}",[],[],[],[],,,"{""url"":""https://kwel.com/wp-content/uploads/2026/05/Scott-Jennings.png"",""id"":486807,""extension"":""png"",""width"":300,""height"":200}",[],false,false,,,2026-05-21 23:37:53,2026-05-22 04:37:53,true,true,,,
2026-09-30T13:59:37Z,kwel.com,https://www.kwel.com/wp-json/tribe/events/v1/events,46,10064409,kwel.com?id=10064409,Dave Ramsey,2027-03-31 13:00:00,2027-03-31 18:00:00,2027-03-31 15:00:00,2027-03-31 20:00:00,America/Chicago,false,false,publish,https://kwel.com/event/dave-ramsey/2027-03-31/,,,,"{""currency_symbol"":""$"",""currency_code"":""USD"",""currency_position"":""prefix"",""values"":[]}",[],[],[],[],,,"{""url"":""https://kwel.com/wp-content/uploads/2026/05/Dave-Ramsey.png"",""id"":486800,""extension"":""png"",""width"":300,""height"":200}",[],false,false,,,2026-05-21 22:58:20,2026-05-22 03:58:20,true,true,,,
2026-09-30T13:59:37Z,kwel.com,https://www.kwel.com/wp-json/tribe/events/v1/events,46,10061799,kwel.com?id=10061799,Tall City Talk,2027-03-31 15:00:00,2027-03-31 20:00:00,2027-03-31 17:00:00,2027-03-31 22:00:00,America/Chicago,false,false,publish,https://kwel.com/event/patriot-call/2027-03-31/,,,,"{""currency_symbol"":""$"",""currency_code"":""USD"",""currency_position"":""prefix"",""values"":[]}",[],[],[],[],,,"{""url"":""https://kwel.com/wp-content/uploads/2026/06/Tall-City-Talk-image-1.png"",""id"":487032,""extension"":""png"",""width"":300,""height"":200}",[],false,false,,,2026-06-12 11:20:35,2026-06-12 16:20:35,true,true,,,
2026-09-30T13:59:37Z,kwel.com,https://www.kwel.com/wp-json/tribe/events/v1/events,46,10051567,kwel.com?id=10051567,Mark Levin,2027-03-31 17:00:00,2027-03-31 22:00:00,2027-03-31 20:00:00,2027-04-01 01:00:00,America/Chicago,false,false,publish,https://kwel.com/event/mark-levin-2/2027-03-31/,,,,"{""currency_symbol"":""$"",""currency_code"":""USD"",""currency_position"":""prefix"",""values"":[]}",[],[],[],[],,,"{""url"":""https://kwel.com/wp-content/uploads/2026/05/Mark-Levin.png"",""id"":486803,""extension"":""png"",""width"":300,""height"":200}",[],false,false,,,2026-05-21 23:20:02,2026-05-22 04:20:02,true,true,,,
2026-09-30T13:59:37Z,kwel.com,https://www.kwel.com/wp-json/tribe/events/v1/events,46,10079810,kwel.com?id=10079810,Scott Jennings Show &#8211; PM,2027-03-31 20:00:00,2027-04-01 01:00:00,2027-03-31 21:00:00,2027-04-01 02:00:00,America/Chicago,false,false,publish,https://kwel.com/event/scott-jennings-show-pm/2027-03-31/,,,,"{""currency_symbol"":""$"",""currency_code"":""USD"",""currency_position"":""prefix"",""values"":[]}",[],[],[],[],,,"{""url"":""https://kwel.com/wp-content/uploads/2026/05/Scott-Jennings.png"",""id"":486807,""extension"":""png"",""width"":300,""height"":200}",[],false,false,,,2026-05-21 23:38:26,2026-05-22 04:38:26,true,true,,,
2026-09-30T13:59:37Z,kwel.com,https://www.kwel.com/wp-json/tribe/events/v1/events,46,10065713,kwel.com?id=10065713,Mike Gallagher &#8211; PM,2027-03-31 21:00:00,2027-04-01 02:00:00,2027-03-31 23:00:00,2027-04-01 04:00:00,America/Chicago,false,false,publish,https://kwel.com/event/mike-gallagher-4-2/2027-03-31/,,,,"{""currency_symbol"":""$"",""currency_code"":""USD"",""currency_position"":""prefix"",""values"":[]}",[],[],[],[],,,"{""url"":""https://kwel.com/wp-content/uploads/2026/05/Mike-Gallagher.png"",""id"":486804,""extension"":""png"",""width"":300,""height"":200}",[],false,false,,,2026-05-21 22:45:14,2026-05-22 03:45:14,true,true,,,
2026-09-30T13:59:37Z,kwel.com,https://www.kwel.com/wp-json/tribe/events/v1/events,46,10027684,kwel.com?id=10027684,Hugh Hewitt,2027-03-31 23:00:00,2027-04-01 04:00:00,2027-04-01 02:00:00,2027-04-01 07:00:00,America/Chicago,false,false,publish,https://kwel.com/event/hugh-hewitt/2027-03-31/,,,,"{""currency_symbol"":""$"",""currency_code"":""USD"",""currency_position"":""prefix"",""values"":[]}",[],[],[],[],,,"{""url"":""https://kwel.com/wp-content/uploads/2026/05/Hugh-Hewitt.png"",""id"":486801,""extension"":""png"",""width"":300,""height"":200}",[],false,false,,,2026-05-21 23:21:01,2026-05-22 04:21:01,true,true,,,
2026-09-30T13:59:37Z,kwel.com,https://www.kwel.com/wp-json/tribe/events/v1/events,47,10071881,kwel.com?id=10071881,Larry Elder,2027-04-01 02:00:00,2027-04-01 07:00:00,2027-04-01 05:00:00,2027-04-01 10:00:00,America/Chicago,false,false,publish,https://kwel.com/event/larry-elder-2/2027-04-01/,,,,"{""currency_symbol"":""$"",""currency_code"":""USD"",""currency_position"":""prefix"",""values"":[]}",[],[],[],[],,,"{""url"":""https://kwel.com/wp-content/uploads/2026/05/Larry-Elder.png"",""id"":486802,""extension"":""png"",""width"":300,""height"":200}",[],false,false,,,2026-05-21 23:52:47,2026-05-22 04:52:47,true,true,,,
2026-09-30T13:59:37Z,kwel.com,https://www.kwel.com/wp-json/tribe/events/v1/events,47,10055128,kwel.com?id=10055128,America in the Morning,2027-04-01 05:00:00,2027-04-01 10:00:00,2027-04-01 06:00:00,2027-04-01 11:00:00,America/Chicago,false,false,publish,https://kwel.com/event/america-in-the-morning/2027-04-01/,,,,"{""currency_symbol"":""$"",""currency_code"":""USD"",""currency_position"":""prefix"",""values"":[]}",[],[],[],[],,,"{""url"":""https://kwel.com/wp-content/uploads/2026/05/America-in-the-Morning.png"",""id"":486797,""extension"":""png"",""width"":300,""height"":200}",[],false,false,,,2026-05-21 23:04:52,2026-05-22 04:04:52,true,true,,,
2026-09-30T13:59:37Z,kwel.com,https://www.kwel.com/wp-json/tribe/events/v1/events,47,10012071,kwel.com?id=10012071,The Morning Show with Craig Anderson &#038; Lisa Kay,2027-04-01 06:00:00,2027-04-01 11:00:00,2027-04-01 10:00:00,2027-04-01 15:00:00,America/Chicago,false,false,publish,https://kwel.com/event/the-morning-show-with-craig-anderson-2/2027-04-01/,,,,"{""currency_symbol"":""$"",""currency_code"":""USD"",""currency_position"":""prefix"",""values"":[]}",[],[],[],[],<p>Local and streaming live!</p>,,"{""url"":""https://kwel.com/wp-content/uploads/2026/05/Craig-and-Lisa-1.png"",""id"":486798,""extension"":""png"",""width"":300,""height"":200}",[],false,false,,,2026-05-21 23:18:43,2026-05-22 04:18:43,true,true,,,
2026-09-30T13:59:37Z,kwel.com,https://www.kwel.com/wp-json/tribe/events/v1/events,47,10059192,kwel.com?id=10059192,Mike Gallagher &#8211; AM,2027-04-01 10:00:00,2027-04-01 15:00:00,2027-04-01 11:00:00,2027-04-01 16:00:00,America/Chicago,false,false,publish,https://kwel.com/event/mike-gallagher-am-2/2027-04-01/,,,,"{""currency_symbol"":""$"",""currency_code"":""USD"",""currency_position"":""prefix"",""values"":[]}",[],[],[],[],,,"{""url"":""https://kwel.com/wp-content/uploads/2026/05/Mike-Gallagher.png"",""id"":486804,""extension"":""png"",""width"":300,""height"":200}",[],false,false,,,2026-05-21 22:43:18,2026-05-22 03:43:18,true,true,,,
2026-09-30T13:59:37Z,kwel.com,https://www.kwel.com/wp-json/tribe/events/v1/events,47,10075898,kwel.com?id=10075898,Alex Marlow,2027-04-01 11:00:00,2027-04-01 16:00:00,2027-04-01 12:00:00,2027-04-01 17:00:00,America/Chicago,false,false,publish,https://kwel.com/event/alex-marlow/2027-04-01/,,,,"{""currency_symbol"":""$"",""currency_code"":""USD"",""currency_position"":""prefix"",""values"":[]}",[],[],[],[],,,"{""url"":""https://kwel.com/wp-content/uploads/2026/05/Alex-Marlow.png"",""id"":486796,""extension"":""png"",""width"":300,""height"":200}",[],false,false,,,2026-05-21 23:33:23,2026-05-22 04:33:23,true,true,,,
2026-09-30T13:59:37Z,kwel.com,https://www.kwel.com/wp-json/tribe/events/v1/events,47,10077203,kwel.com?id=10077203,Scott Jennings Show,2027-04-01 12:00:00,2027-04-01 17:00:00,2027-04-01 13:00:00,2027-04-01 18:00:00,America/Chicago,false,false,publish,https://kwel.com/event/scott-jennings/2027-04-01/,,,,"{""currency_symbol"":""$"",""currency_code"":""USD"",""currency_position"":""prefix"",""values"":[]}",[],[],[],[],,,"{""url"":""https://kwel.com/wp-content/uploads/2026/05/Scott-Jennings.png"",""id"":486807,""extension"":""png"",""width"":300,""height"":200}",[],false,false,,,2026-05-21 23:37:53,2026-05-22 04:37:53,true,true,,,
2026-09-30T13:59:37Z,kwel.com,https://www.kwel.com/wp-json/tribe/events/v1/events,47,10064410,kwel.com?id=10064410,Dave Ramsey,2027-04-01 13:00:00,2027-04-01 18:00:00,2027-04-01 15:00:00,2027-04-01 20:00:00,America/Chicago,false,false,publish,https://kwel.com/event/dave-ramsey/2027-04-01/,,,,"{""currency_symbol"":""$"",""currency_code"":""USD"",""currency_position"":""prefix"",""values"":[]}",[],[],[],[],,,"{""url"":""https://kwel.com/wp-content/uploads/2026/05/Dave-Ramsey.png"",""id"":486800,""extension"":""png"",""width"":300,""height"":200}",[],false,false,,,2026-05-21 22:58:20,2026-05-22 03:58:20,true,true,,,
2026-09-30T13:59:37Z,kwel.com,https://www.kwel.com/wp-json/tribe/events/v1/events,47,10061800,kwel.com?id=10061800,Tall City Talk,2027-04-01 15:00:00,2027-04-01 20:00:00,2027-04-01 17:00:00,2027-04-01 22:00:00,America/Chicago,false,false,publish,https://kwel.com/event/patriot-call/2027-04-01/,,,,"{""currency_symbol"":""$"",""currency_code"":""USD"",""currency_position"":""prefix"",""values"":[]}",[],[],[],[],,,"{""url"":""https://kwel.com/wp-content/uploads/2026/06/Tall-City-Talk-image-1.png"",""id"":487032,""extension"":""png"",""width"":300,""height"":200}",[],false,false,,,2026-06-12 11:20:35,2026-06-12 16:20:35,true,true,,,
2026-09-30T13:59:37Z,kwel.com,https://www.kwel.com/wp-json/tribe/events/v1/events,47,10051568,kwel.com?id=10051568,Mark Levin,2027-04-01 17:00:00,2027-04-01 22:00:00,2027-04-01 20:00:00,2027-04-02 01:00:00,America/Chicago,false,false,publish,https://kwel.com/event/mark-levin-2/2027-04-01/,,,,"{""currency_symbol"":""$"",""currency_code"":""USD"",""currency_position"":""prefix"",""values"":[]}",[],[],[],[],,,"{""url"":""https://kwel.com/wp-content/uploads/2026/05/Mark-Levin.png"",""id"":486803,""extension"":""png"",""width"":300,""height"":200}",[],false,false,,,2026-05-21 23:20:02,2026-05-22 04:20:02,true,true,,,
2026-09-30T13:59:37Z,kwel.com,https://www.kwel.com/wp-json/tribe/events/v1/events,47,10079811,kwel.com?id=10079811,Scott Jennings Show &#8211; PM,2027-04-01 20:00:00,2027-04-02 01:00:00,2027-04-01 21:00:00,2027-04-02 02:00:00,America/Chicago,false,false,publish,https://kwel.com/event/scott-jennings-show-pm/2027-04-01/,,,,"{""currency_symbol"":""$"",""currency_code"":""USD"",""currency_position"":""prefix"",""values"":[]}",[],[],[],[],,,"{""url"":""https://kwel.com/wp-content/uploads/2026/05/Scott-Jennings.png"",""id"":486807,""extension"":""png"",""width"":300,""height"":200}",[],false,false,,,2026-05-21 23:38:26,2026-05-22 04:38:26,true,true,,,
2026-09-30T13:59:37Z,kwel.com,https://www.kwel.com/wp-json/tribe/events/v1/events,47,10065714,kwel.com?id=10065714,Mike Gallagher &#8211; PM,2027-04-01 21:00:00,2027-04-02 02:00:00,2027-04-01 23:00:00,2027-04-02 04:00:00,America/Chicago,false,false,publish,https://kwel.com/event/mike-gallagher-4-2/2027-04-01/,,,,"{""currency_symbol"":""$"",""currency_code"":""USD"",""currency_position"":""prefix"",""values"":[]}",[],[],[],[],,,"{""url"":""https://kwel.com/wp-content/uploads/2026/05/Mike-Gallagher.png"",""id"":486804,""extension"":""png"",""width"":300,""height"":200}",[],false,false,,,2026-05-21 22:45:14,2026-05-22 03:45:14,true,true,,,
2026-09-30T13:59:37Z,kwel.com,https://www.kwel.com/wp-json/tribe/events/v1/events,47,10027685,kwel.com?id=10027685,Hugh Hewitt,2027-04-01 23:00:00,2027-04-02 04:00:00,2027-04-02 02:00:00,2027-04-02 07:00:00,America/Chicago,false,false,publish,https://kwel.com/event/hugh-hewitt/2027-04-01/,,,,"{""currency_symbol"":""$"",""currency_code"":""USD"",""currency_position"":""prefix"",""values"":[]}",[],[],[],[],,,"{""url"":""https://kwel.com/wp-content/uploads/2026/05/Hugh-Hewitt.png"",""id"":486801,""extension"":""png"",""width"":300,""height"":200}",[],false,false,,,2026-05-21 23:21:01,2026-05-22 04:21:01,true,true,,,
2026-09-30T13:59:37Z,kwel.com,https://www.kwel.com/wp-json/tribe/events/v1/events,47,10071882,kwel.com?id=10071882,Larry Elder,2027-04-02 02:00:00,2027-04-02 07:00:00,2027-04-02 05:00:00,2027-04-02 10:00:00,America/Chicago,false,false,publish,https://kwel.com/event/larry-elder-2/2027-04-02/,,,,"{""currency_symbol"":""$"",""currency_code"":""USD"",""currency_position"":""prefix"",""values"":[]}",[],[],[],[],,,"{""url"":""https://kwel.com/wp-content/uploads/2026/05/Larry-Elder.png"",""id"":486802,""extension"":""png"",""width"":300,""height"":200}",[],false,false,,,2026-05-21 23:52:47,2026-05-22 04:52:47,true,true,,,
2026-09-30T13:59:37Z,kwel.com,https://www.kwel.com/wp-json/tribe/events/v1/events,47,10055129,kwel.com?id=10055129,America in the Morning,2027-04-02 05:00:00,2027-04-02 10:00:00,2027-04-02 06:00:00,2027-04-02 11:00:00,America/Chicago,false,false,publish,https://kwel.com/event/america-in-the-morning/2027-04-02/,,,,"{""currency_symbol"":""$"",""currency_code"":""USD"",""currency_position"":""prefix"",""values"":[]}",[],[],[],[],,,"{""url"":""https://kwel.com/wp-content/uploads/2026/05/America-in-the-Morning.png"",""id"":486797,""extension"":""png"",""width"":300,""height"":200}",[],false,false,,,2026-05-21 23:04:52,2026-05-22 04:04:52,true,true,,,
2026-09-30T13:59:37Z,kwel.com,https://www.kwel.com/wp-json/tribe/events/v1/events,47,10012072,kwel.com?id=10012072,The Morning Show with Craig Anderson &#038; Lisa Kay,2027-04-02 06:00:00,2027-04-02 11:00:00,2027-04-02 10:00:00,2027-04-02 15:00:00,America/Chicago,false,false,publish,https://kwel.com/event/the-morning-show-with-craig-anderson-2/2027-04-02/,,,,"{""currency_symbol"":""$"",""currency_code"":""USD"",""currency_position"":""prefix"",""values"":[]}",[],[],[],[],<p>Local and streaming live!</p>,,"{""url"":""https://kwel.com/wp-content/uploads/2026/05/Craig-and-Lisa-1.png"",""id"":486798,""extension"":""png"",""width"":300,""height"":200}",[],false,false,,,2026-05-21 23:18:43,2026-05-22 04:18:43,true,true,,,
2026-09-30T13:59:37Z,kwel.com,https://www.kwel.com/wp-json/tribe/events/v1/events,47,10059193,kwel.com?id=10059193,Mike Gallagher &#8211; AM,2027-04-02 10:00:00,2027-04-02 15:00:00,2027-04-02 11:00:00,2027-04-02 16:00:00,America/Chicago,false,false,publish,https://kwel.com/event/mike-gallagher-am-2/2027-04-02/,,,,"{""currency_symbol"":""$"",""currency_code"":""USD"",""currency_position"":""prefix"",""values"":[]}",[],[],[],[],,,"{""url"":""https://kwel.com/wp-content/uploads/2026/05/Mike-Gallagher.png"",""id"":486804,""extension"":""png"",""width"":300,""height"":200}",[],false,false,,,2026-05-21 22:43:18,2026-05-22 03:43:18,true,true,,,
2026-09-30T13:59:37Z,kwel.com,https://www.kwel.com/wp-json/tribe/events/v1/events,47,10075899,kwel.com?id=10075899,Alex Marlow,2027-04-02 11:00:00,2027-04-02 16:00:00,2027-04-02 12:00:00,2027-04-02 17:00:00,America/Chicago,false,false,publish,https://kwel.com/event/alex-marlow/2027-04-02/,,,,"{""currency_symbol"":""$"",""currency_code"":""USD"",""currency_position"":""prefix"",""values"":[]}",[],[],[],[],,,"{""url"":""https://kwel.com/wp-content/uploads/2026/05/Alex-Marlow.png"",""id"":486796,""extension"":""png"",""width"":300,""height"":200}",[],false,false,,,2026-05-21 23:33:23,2026-05-22 04:33:23,true,true,,,
2026-09-30T13:59:37Z,kwel.com,https://www.kwel.com/wp-json/tribe/events/v1/events,47,10077204,kwel.com?id=10077204,Scott Jennings Show,2027-04-02 12:00:00,2027-04-02 17:00:00,2027-04-02 13:00:00,2027-04-02 18:00:00,America/Chicago,false,false,publish,https://kwel.com/event/scott-jennings/2027-04-02/,,,,"{""currency_symbol"":""$"",""currency_code"":""USD"",""currency_position"":""prefix"",""values"":[]}",[],[],[],[],,,"{""url"":""https://kwel.com/wp-content/uploads/2026/05/Scott-Jennings.png"",""id"":486807,""extension"":""png"",""width"":300,""height"":200}",[],false,false,,,2026-05-21 23:37:53,2026-05-22 04:37:53,true,true,,,
2026-09-30T13:59:37Z,kwel.com,https://www.kwel.com/wp-json/tribe/events/v1/events,47,10064411,kwel.com?id=10064411,Dave Ramsey,2027-04-02 13:00:00,2027-04-02 18:00:00,2027-04-02 15:00:00,2027-04-02 20:00:00,America/Chicago,false,false,publish,https://kwel.com/event/dave-ramsey/2027-04-02/,,,,"{""currency_symbol"":""$"",""currency_code"":""USD"",""currency_position"":""prefix"",""values"":[]}",[],[],[],[],,,"{""url"":""https://kwel.com/wp-content/uploads/2026/05/Dave-Ramsey.png"",""id"":486800,""extension"":""png"",""width"":300,""height"":200}",[],false,false,,,2026-05-21 22:58:20,2026-05-22 03:58:20,true,true,,,
2026-09-30T13:59:37Z,kwel.com,https://www.kwel.com/wp-json/tribe/events/v1/events,47,10061801,kwel.com?id=10061801,Tall City Talk,2027-04-02 15:00:00,2027-04-02 20:00:00,2027-04-02 17:00:00,2027-04-02 22:00:00,America/Chicago,false,false,publish,https://kwel.com/event/patriot-call/2027-04-02/,,,,"{""currency_symbol"":""$"",""currency_code"":""USD"",""currency_position"":""prefix"",""values"":[]}",[],[],[],[],,,"{""url"":""https://kwel.com/wp-content/uploads/2026/06/Tall-City-Talk-image-1.png"",""id"":487032,""extension"":""png"",""width"":300,""height"":200}",[],false,false,,,2026-06-12 11:20:35,2026-06-12 16:20:35,true,true,,,
2026-09-30T13:59:37Z,kwel.com,https://www.kwel.com/wp-json/tribe/events/v1/events,47,10051569,kwel.com?id=10051569,Mark Levin,2027-04-02 17:00:00,2027-04-02 22:00:00,2027-04-02 20:00:00,2027-04-03 01:00:00,America/Chicago,false,false,publish,https://kwel.com/event/mark-levin-2/2027-04-02/,,,,"{""currency_symbol"":""$"",""currency_code"":""USD"",""currency_position"":""prefix"",""values"":[]}",[],[],[],[],,,"{""url"":""https://kwel.com/wp-content/uploads/2026/05/Mark-Levin.png"",""id"":486803,""extension"":""png"",""width"":300,""height"":200}",[],false,false,,,2026-05-21 23:20:02,2026-05-22 04:20:02,true,true,,,
2026-09-30T13:59:37Z,kwel.com,https://www.kwel.com/wp-json/tribe/events/v1/events,47,10079812,kwel.com?id=10079812,Scott Jennings Show &#8211; PM,2027-04-02 20:00:00,2027-04-03 01:00:00,2027-04-02 21:00:00,2027-04-03 02:00:00,America/Chicago,false,false,publish,https://kwel.com/event/scott-jennings-show-pm/2027-04-02/,,,,"{""currency_symbol"":""$"",""currency_code"":""USD"",""currency_position"":""prefix"",""values"":[]}",[],[],[],[],,,"{""url"":""https://kwel.com/wp-content/uploads/2026/05/Scott-Jennings.png"",""id"":486807,""extension"":""png"",""width"":300,""height"":200}",[],false,false,,,2026-05-21 23:38:26,2026-05-22 04:38:26,true,true,,,
2026-09-30T13:59:37Z,kwel.com,https://www.kwel.com/wp-json/tribe/events/v1/events,47,10065715,kwel.com?id=10065715,Mike Gallagher &#8211; PM,2027-04-02 21:00:00,2027-04-03 02:00:00,2027-04-02 23:00:00,2027-04-03 04:00:00,America/Chicago,false,false,publish,https://kwel.com/event/mike-gallagher-4-2/2027-04-02/,,,,"{""currency_symbol"":""$"",""currency_code"":""USD"",""currency_position"":""prefix"",""values"":[]}",[],[],[],[],,,"{""url"":""https://kwel.com/wp-content/uploads/2026/05/Mike-Gallagher.png"",""id"":486804,""extension"":""png"",""width"":300,""height"":200}",[],false,false,,,2026-05-21 22:45:14,2026-05-22 03:45:14,true,true,,,
2026-09-30T13:59:37Z,kwel.com,https://www.kwel.com/wp-json/tribe/events/v1/events,47,10027686,kwel.com?id=10027686,Hugh Hewitt,2027-04-02 23:00:00,2027-04-03 04:00:00,2027-04-03 02:00:00,2027-04-03 07:00:00,America/Chicago,false,false,publish,https://kwel.com/event/hugh-hewitt/2027-04-02/,,,,"{""currency_symbol"":""$"",""currency_code"":""USD"",""currency_position"":""prefix"",""values"":[]}",[],[],[],[],,,"{""url"":""https://kwel.com/wp-content/uploads/2026/05/Hugh-Hewitt.png"",""id"":486801,""extension"":""png"",""width"":300,""height"":200}",[],false,false,,,2026-05-21 23:21:01,2026-05-22 04:21:01,true,true,,,
2026-09-30T13:59:37Z,kwel.com,https://www.kwel.com/wp-json/tribe/events/v1/events,47,10071442,kwel.com?id=10071442,America in the Morning &#8211; Sat.,2027-04-03 06:00:00,2027-04-03 11:00:00,2027-04-03 06:30:00,2027-04-03 11:30:00,America/Chicago,false,false,publish,https://kwel.com/event/america-in-the-morning-sat/2027-04-03/,,,,"{""currency_symbol"":""$"",""currency_code"":""USD"",""currency_position"":""prefix"",""values"":[]}",[],[],[],[],,,"{""url"":""https://kwel.com/wp-content/uploads/2026/05/America-in-the-Morning.png"",""id"":486797,""extension"":""png"",""width"":300,""height"":200}",[],false,false,,,2026-05-21 23:04:09,2026-05-22 04:04:09,true,true,,,
2026-09-30T13:59:37Z,kwel.com,https://www.kwel.com/wp-json/tribe/events/v1/events,47,10081621,kwel.com?id=10081621,Oldies Music Show,2027-04-03 06:30:00,2027-04-03 11:30:00,2027-04-03 09:00:00,2027-04-03 14:00:00,America/Chicago,false,false,publish,https://kwel.com/event/oldies-music-show/2027-04-03/,,,,"{""currency_symbol"":""$"",""currency_code"":""USD"",""currency_position"":""prefix"",""values"":[]}",[],[],[],[],,,false,[],false,false,,,2026-05-21 23:46:45,2026-05-22 04:46:45,true,true,,,
2026-09-30T13:59:37Z,kwel.com,https://www.kwel.com/wp-json/tribe/events/v1/events,47,10081360,kwel.com?id=10081360,The Oil Mix Show w/ Kym Balado,2027-04-03 09:00:00,2027-04-03 14:00:00,2027-04-03 10:00:00,2027-04-03 15:00:00,America/Chicago,false,false,publish,https://kwel.com/event/inside-the-oil-patch-with-kim-balado/2027-04-03/,,,,"{""currency_symbol"":""$"",""currency_code"":""USD"",""currency_position"":""prefix"",""values"":[]}",[],[],[],[],,,false,[],false,false,,,2026-05-21 23:45:16,2026-05-22 04:45:16,true,true,,,
2026-09-30T13:59:37Z,kwel.com,https://www.kwel.com/wp-json/tribe/events/v1/events,47,10083209,kwel.com?id=10083209,Hoyl Financial,2027-04-03 10:00:00,2027-04-03 15:00:00,2027-04-03 10:30:00,2027-04-03 15:30:00,America/Chicago,false,false,publish,https://kwel.com/event/hoyl-financial/2027-04-03/,,,,"{""currency_symbol"":""$"",""currency_code"":""USD"",""currency_position"":""prefix"",""values"":[]}",[],[],[],[],,,false,[],false,false,,,2026-05-22 00:04:04,2026-05-22 05:04:04,true,true,,,
2026-09-30T13:59:37Z,kwel.com,https://www.kwel.com/wp-json/tribe/events/v1/events,47,10036173,kwel.com?id=10036173,Dr. Bob Martin,2027-04-03 11:00:00,2027-04-03 16:00:00,2027-04-03 13:00:00,2027-04-03 18:00:00,America/Chicago,false,false,publish,https://kwel.com/event/dr-bob-martin/2027-04-03/,,,,"{""currency_symbol"":""$"",""currency_code"":""USD"",""currency_position"":""prefix"",""values"":[]}",[],[],[],[],<p>Presented by Natural Foods Market</p>,,"{""url"":""https://kwel.com/wp-content/uploads/2024/12/Dr.-Bob-Martin.png"",""id"":486828,""extension"":""png"",""width"":300,""height"":200}",[],false,false,,,2026-05-21 23:23:52,2026-05-22 04:23:52,true,true,,,
2026-09-30T13:59:37Z,kwel.com,https://www.kwel.com/wp-json/tribe/events/v1/events,47,10082948,kwel.com?id=10082948,Body Talk with Dr. Bill Dodson,2027-04-03 13:00:00,2027-04-03 18:00:00,2027-04-03 15:00:00,2027-04-03 20:00:00,America/Chicago,false,false,publish,https://kwel.com/event/body-talk-with-dr-bill-dodson/2027-04-03/,,,,"{""currency_symbol"":""$"",""currency_code"":""USD"",""currency_position"":""prefix"",""values"":[]}",[],[],[],[],<p>Paradigm Physical Therapy &#8211; LIVE AND LOCAL</p>,,"{""url"":""https://kwel.com/wp-content/uploads/2024/12/Bill-Dodson.png"",""id"":486852,""extension"":""png"",""width"":300,""height"":200}",[],false,false,,,2026-05-22 00:01:52,2026-05-22 05:01:52,true,true,,,
2026-09-30T13:59:37Z,kwel.com,https://www.kwel.com/wp-json/tribe/events/v1/events,47,10083731,kwel.com?id=10083731,The CC Auto Show,2027-04-03 15:00:00,2027-04-03 20:00:00,2027-04-03 17:00:00,2027-04-03 22:00:00,America/Chicago,false,false,publish,https://kwel.com/event/the-best-of-hoss-duggar/2027-04-03/,,,,"{""currency_symbol"":""$"",""currency_code"":""USD"",""currency_position"":""prefix"",""values"":[]}",[],[],[],[],,,false,[],false,false,,,2026-05-22 00:06:03,2026-05-22 05:06:03,true,true,,,
2026-09-30T13:59:37Z,kwel.com,https://www.kwel.com/wp-json/tribe/events/v1/events,47,10083992,kwel.com?id=10083992,The Pet Show,2027-04-03 17:00:00,2027-04-03 22:00:00,2027-04-03 19:00:00,2027-04-04 00:00:00,America/Chicago,false,false,publish,https://kwel.com/event/the-pet-show/2027-04-03/,,,,"{""currency_symbol"":""$"",""currency_code"":""USD"",""currency_position"":""prefix"",""values"":[]}",[],[],[],[],,,false,[],false,false,,,2026-05-22 00:07:14,2026-05-22 05:07:14,true,true,,,
2026-09-30T13:59:37Z,kwel.com,https://www.kwel.com/wp-json/tribe/events/v1/events,47,10084253,kwel.com?id=10084253,The Best of Hoss Duggar &#8211; PM,2027-04-03 19:00:00,2027-04-04 00:00:00,2027-04-03 19:30:00,2027-04-04 00:30:00,America/Chicago,false,false,publish,https://kwel.com/event/the-best-of-hoss-duggar-pm/2027-04-03/,,,,"{""currency_symbol"":""$"",""currency_code"":""USD"",""currency_position"":""prefix"",""values"":[]}",[],[],[],[],,,false,[],false,false,,,2026-05-22 00:08:01,2026-05-22 05:08:01,true,true,,,
2026-09-30T13:59:37Z,kwel.com,https://www.kwel.com/wp-json/tribe/events/v1/events,47,10084514,kwel.com?id=10084514,The Best of Keith Stretcher &#8211; Sat.,2027-04-03 19:30:00,2027-04-04 00:30:00,2027-04-03 20:00:00,2027-04-04 01:00:00,America/Chicago,false,false,publish,https://kwel.com/event/the-best-of-keith-stretcher-sat/2027-04-03/,,,,"{""currency_symbol"":""$"",""currency_code"":""USD"",""currency_position"":""prefix"",""values"":[]}",[],[],[],[],,,false,[],false,false,,,2026-05-22 00:09:06,2026-05-22 05:09:06,true,true,,,
2026-09-30T13:59:37Z,kwel.com,https://www.kwel.com/wp-json/tribe/events/v1/events,47,10086863,kwel.com?id=10086863,Rick Valdez,2027-04-03 20:00:00,2027-04-04 01:00:00,2027-04-04 00:00:00,2027-04-04 05:00:00,America/Chicago,false,false,publish,https://kwel.com/event/rick-valdez/2027-04-03/,,,,"{""currency_symbol"":""$"",""currency_code"":""USD"",""currency_position"":""prefix"",""values"":[]}",[],[],[],[],,,false,[],false,false,,,2026-05-22 00:25:00,2026-05-22 05:25:00,true,true,,,
2026-09-30T13:59:37Z,kwel.com,https://www.kwel.com/wp-json/tribe/events/v1/events,47,10087124,kwel.com?id=10087124,Kevin McCullough,2027-04-04 00:00:00,2027-04-04 05:00:00,2027-04-04 03:00:00,2027-04-04 08:00:00,America/Chicago,false,false,publish,https://kwel.com/event/kevin-mccullough/2027-04-04/,,,,"{""currency_symbol"":""$"",""currency_code"":""USD"",""currency_position"":""prefix"",""values"":[]}",[],[],[],[],,,false,[],false,false,,,2026-05-29 20:04:05,2026-05-30 01:04:05,true,true,,,
2026-09-30T13:59:37Z,kwel.com,https://www.kwel.com/wp-json/tribe/events/v1/events,47,10066838,kwel.com?id=10066838,Mike Gallagher &#8211; Sunday,2027-04-04 03:00:00,2027-04-04 08:00:00,2027-04-04 06:00:00,2027-04-04 11:00:00,America/Chicago,false,false,publish,https://kwel.com/event/mike-gallagher-4-3/2027-04-04/,,,,"{""currency_symbol"":""$"",""currency_code"":""USD"",""currency_position"":""prefix"",""values"":[]}",[],[],[],[],,,"{""url"":""https://kwel.com/wp-content/uploads/2026/05/Mike-Gallagher.png"",""id"":486804,""extension"":""png"",""width"":300,""height"":200}",[],false,false,,,2026-05-21 22:51:50,2026-05-22 03:51:50,true,true,,,
2026-09-30T13:59:37Z,kwel.com,https://www.kwel.com/wp-json/tribe/events/v1/events,47,10084775,kwel.com?id=10084775,The Best of Keith Stretcher &#8211; Sun.,2027-04-04 06:30:00,2027-04-04 11:30:00,2027-04-04 07:00:00,2027-04-04 12:00:00,America/Chicago,false,false,publish,https://kwel.com/event/the-best-of-keith-stretcher-sun/2027-04-04/,,,,"{""currency_symbol"":""$"",""currency_code"":""USD"",""currency_position"":""prefix"",""values"":[]}",[],[],[],[],,,false,[],false,false,,,2026-05-22 00:10:38,2026-05-22 05:10:38,true,true,,,
2026-09-30T13:59:37Z,kwel.com,https://www.kwel.com/wp-json/tribe/events/v1/events,47,10085036,kwel.com?id=10085036,Wall Builders &#8211; 7am,2027-04-04 07:00:00,2027-04-04 12:00:00,2027-04-04 07:30:00,2027-04-04 12:30:00,America/Chicago,false,false,publish,https://kwel.com/event/wall-builders-7am/2027-04-04/,,,,"{""currency_symbol"":""$"",""currency_code"":""USD"",""currency_position"":""prefix"",""values"":[]}",[],[],[],[],,,"{""url"":""https://kwel.com/wp-content/uploads/2026/05/Wall-Builders.png"",""id"":486877,""extension"":""png"",""width"":300,""height"":200}",[],false,false,,,2026-05-22 00:15:13,2026-05-22 05:15:13,true,true,,,
2026-09-30T13:59:37Z,kwel.com,https://www.kwel.com/wp-json/tribe/events/v1/events,47,10031793,kwel.com?id=10031793,Lutheran Hour &#8211; Family Shield- Sponsored by Grace Lutheran and Holy Cross Lutheran,2027-04-04 07:30:00,2027-04-04 12:30:00,2027-04-04 08:30:00,2027-04-04 13:30:00,America/Chicago,false,false,publish,https://kwel.com/event/lutheran-hour-family-shield-sponsored-by-grace-lutheran-and-holy-cross-lutheran/2027-04-04/,,,,"{""currency_symbol"":""$"",""currency_code"":""USD"",""currency_position"":""prefix"",""values"":[]}",[],[],[],[],,,false,[],false,false,,,2026-05-21 23:59:20,2026-05-22 04:59:20,true,true,,,
2026-09-30T13:59:37Z,kwel.com,https://www.kwel.com/wp-json/tribe/events/v1/events,47,10085297,kwel.com?id=10085297,Wall Builders &#8211; 8am,2027-04-04 08:00:00,2027-04-04 13:00:00,2027-04-04 08:30:00,2027-04-04 13:30:00,America/Chicago,false,false,publish,https://kwel.com/event/wall-builders-8am/2027-04-04/,,,,"{""currency_symbol"":""$"",""currency_code"":""USD"",""currency_position"":""prefix"",""values"":[]}",[],[],[],[],,,"{""url"":""https://kwel.com/wp-content/uploads/2026/05/Wall-Builders.png"",""id"":486877,""extension"":""png"",""width"":300,""height"":200}",[],false,false,,,2026-05-22 00:16:04,2026-05-22 05:16:04,true,true,,,
2026-09-30T13:59:37Z,kwel.com,https://www.kwel.com/wp-json/tribe/events/v1/events,47,10031158,kwel.com?id=10031158,Family Gospel Music Hour w/ Warren Bell,2027-04-04 08:30:00,2027-04-04 13:30:00,2027-04-04 09:30:00,2027-04-04 14:30:00,America/Chicago,false,false,publish,https://kwel.com/event/family-gospel-music-hour-sponsored-by-warren-bell/2027-04-04/,,,,"{""currency_symbol"":""$"",""currency_code"":""USD"",""currency_position"":""prefix"",""values"":[]}",[],[],[],[],,,false,[],false,false,,,2026-05-21 23:48:07,2026-05-22 04:48:07,true,true,,,
2026-09-30T13:59:37Z,kwel.com,https://www.kwel.com/wp-json/tribe/events/v1/events,47,10085819,kwel.com?id=10085819,ReNew Your Mind w. RC Sproul,2027-04-04 09:30:00,2027-04-04 14:30:00,2027-04-04 10:00:00,2027-04-04 15:00:00,America/Chicago,false,false,publish,https://kwel.com/event/renew-your-mind-w-rc-sproul/2027-04-04/,,,,"{""currency_symbol"":""$"",""currency_code"":""USD"",""currency_position"":""prefix"",""values"":[]}",[],[],[],[],,,false,[],false,false,,,2026-05-22 00:19:04,2026-05-22 05:19:04,true,true,,,
2026-09-30T13:59:37Z,kwel.com,https://www.kwel.com/wp-json/tribe/events/v1/events,47,10030163,kwel.com?id=10030163,Save the Cowboy,2027-04-04 10:00:00,2027-04-04 15:00:00,2027-04-04 10:30:00,2027-04-04 15:30:00,America/Chicago,false,false,publish,https://kwel.com/event/save-the-cowboy-sponsored-by-western-llc-2/2027-04-04/,,,,"{""currency_symbol"":""$"",""currency_code"":""USD"",""currency_position"":""prefix"",""values"":[]}",[],[],[],[],,,false,[],false,false,,,2026-05-21 23:58:20,2026-05-22 04:58:20,true,true,,,
2026-09-30T13:59:37Z,kwel.com,https://www.kwel.com/wp-json/tribe/events/v1/events,47,10029528,kwel.com?id=10029528,Kelview Heights Baptist Church,2027-04-04 10:30:00,2027-04-04 15:30:00,2027-04-04 11:00:00,2027-04-04 16:00:00,America/Chicago,false,false,publish,https://kwel.com/event/kelview-heights-baptist-church/2027-04-04/,,,,"{""currency_symbol"":""$"",""currency_code"":""USD"",""currency_position"":""prefix"",""values"":[]}",[],[],[],[],,,false,[],false,false,,,2026-05-21 23:57:15,2026-05-22 04:57:15,true,true,,,
2026-09-30T13:59:37Z,kwel.com,https://www.kwel.com/wp-json/tribe/events/v1/events,47,10086080,kwel.com?id=10086080,Through the Bible,2027-04-04 11:00:00,2027-04-04 16:00:00,2027-04-04 12:00:00,2027-04-04 17:00:00,America/Chicago,false,false,publish,https://kwel.com/event/through-the-bible/2027-04-04/,,,,"{""currency_symbol"":""$"",""currency_code"":""USD"",""currency_position"":""prefix"",""values"":[]}",[],[],[],[],,,false,[],false,false,,,2026-05-22 00:19:43,2026-05-22 05:19:43,true,true,,,
2026-09-30T13:59:37Z,kwel.com,https://www.kwel.com/wp-json/tribe/events/v1/events,47,10086341,kwel.com?id=10086341,The One of a Kind Financial Show w/ Mike,2027-04-04 12:00:00,2027-04-04 17:00:00,2027-04-04 13:00:00,2027-04-04 18:00:00,America/Chicago,false,false,publish,https://kwel.com/event/kline-marketing-financial-show/2027-04-04/,,,,"{""currency_symbol"":""$"",""currency_code"":""USD"",""currency_position"":""prefix"",""values"":[]}",[],[],[],[],"<p><span data-olk-copy-source=""MessageBody"">The One of a Kind Financial Show with Mike Milligan, CFP delivers story-first financial wisdom—covering taxes, retirement income, investments, long-term care, and legacy—empowering listeners to build a truly one-of-a-kind financial plan.</span></p>",,"{""url"":""https://kwel.com/wp-content/uploads/2026/05/One-of-a-kind-financial-show.png"",""id"":486911,""extension"":""png"",""width"":300,""height"":200}",[],false,false,,,2026-05-29 20:02:25,2026-05-30 01:02:25,true,true,,,
2026-09-30T13:59:37Z,kwel.com,https://www.kwel.com/wp-json/tribe/events/v1/events,47,10085558,kwel.com?id=10085558,Wall Builders &#8211; 1pm,2027-04-04 13:00:00,2027-04-04 18:00:00,2027-04-04 14:00:00,2027-04-04 19:00:00,America/Chicago,false,false,publish,https://kwel.com/event/wall-builders-1pm/2027-04-04/,,,,"{""currency_symbol"":""$"",""currency_code"":""USD"",""currency_position"":""prefix"",""values"":[]}",[],[],[],[],,,"{""url"":""https://kwel.com/wp-content/uploads/2026/05/Wall-Builders.png"",""id"":486877,""extension"":""png"",""width"":300,""height"":200}",[],false,false,,,2026-05-22 00:17:07,2026-05-22 05:17:07,true,true,,,
2026-09-30T13:59:37Z,kwel.com,https://www.kwel.com/wp-json/tribe/events/v1/events,47,10081953,kwel.com?id=10081953,Gun Talk,2027-04-04 14:00:00,2027-04-04 19:00:00,2027-04-04 17:00:00,2027-04-04 22:00:00,America/Chicago,false,false,publish,https://kwel.com/event/gun-talk-2/2027-04-04/,,,,"{""currency_symbol"":""$"",""currency_code"":""USD"",""currency_position"":""prefix"",""values"":[]}",[],[],[],[],,,false,[],false,false,,,2026-05-21 23:51:02,2026-05-22 04:51:02,true,true,,,
2026-09-30T13:59:37Z,kwel.com,https://www.kwel.com/wp-json/tribe/events/v1/events,47,10074310,kwel.com?id=10074310,Larry Elder &#8211; Sunday,2027-04-04 17:00:00,2027-04-04 22:00:00,2027-04-04 19:00:00,2027-04-05 00:00:00,America/Chicago,false,false,publish,https://kwel.com/event/larry-elder-sunday/2027-04-04/,,,,"{""currency_symbol"":""$"",""currency_code"":""USD"",""currency_position"":""prefix"",""values"":[]}",[],[],[],[],,,"{""url"":""https://kwel.com/wp-content/uploads/2026/05/Larry-Elder.png"",""id"":486802,""extension"":""png"",""width"":300,""height"":200}",[],false,false,,,2026-05-21 23:10:20,2026-05-22 04:10:20,true,true,,,
2026-09-30T13:59:37Z,kwel.com,https://www.kwel.com/wp-json/tribe/events/v1/events,48,10041696,kwel.com?id=10041696,Armed American Radio,2027-04-04 19:00:00,2027-04-05 00:00:00,2027-04-04 22:00:00,2027-04-05 03:00:00,America/Chicago,false,false,publish,https://kwel.com/event/armed-american-radio/2027-04-04/,,,,"{""currency_symbol"":""$"",""currency_code"":""USD"",""currency_position"":""prefix"",""values"":[]}",[],[],[],[],,,false,[],false,false,,,2026-05-21 23:55:59,2026-05-22 04:55:59,true,true,,,
2026-09-30T13:59:37Z,kwel.com,https://www.kwel.com/wp-json/tribe/events/v1/events,48,10086602,kwel.com?id=10086602,Wall Builders &#8211; 10pm,2027-04-04 22:00:00,2027-04-05 03:00:00,2027-04-05 00:00:00,2027-04-05 05:00:00,America/Chicago,false,false,publish,https://kwel.com/event/wall-builders-10pm/2027-04-04/,,,,"{""currency_symbol"":""$"",""currency_code"":""USD"",""currency_position"":""prefix"",""values"":[]}",[],[],[],[],,,"{""url"":""https://kwel.com/wp-content/uploads/2026/05/Wall-Builders.png"",""id"":486877,""extension"":""png"",""width"":300,""height"":200}",[],false,false,,,2026-05-22 00:22:52,2026-05-22 05:22:52,true,true,,,
2026-09-30T13:59:37Z,kwel.com,https://www.kwel.com/wp-json/tribe/events/v1/events,48,10071883,kwel.com?id=10071883,Larry Elder,2027-04-05 02:00:00,2027-04-05 07:00:00,2027-04-05 05:00:00,2027-04-05 10:00:00,America/Chicago,false,false,publish,https://kwel.com/event/larry-elder-2/2027-04-05/,,,,"{""currency_symbol"":""$"",""currency_code"":""USD"",""currency_position"":""prefix"",""values"":[]}",[],[],[],[],,,"{""url"":""https://kwel.com/wp-content/uploads/2026/05/Larry-Elder.png"",""id"":486802,""extension"":""png"",""width"":300,""height"":200}",[],false,false,,,2026-05-21 23:52:47,2026-05-22 04:52:47,true,true,,,
2026-09-30T13:59:37Z,kwel.com,https://www.kwel.com/wp-json/tribe/events/v1/events,48,10055131,kwel.com?id=10055131,America in the Morning,2027-04-05 05:00:00,2027-04-05 10:00:00,2027-04-05 06:00:00,2027-04-05 11:00:00,America/Chicago,false,false,publish,https://kwel.com/event/america-in-the-morning/2027-04-05/,,,,"{""currency_symbol"":""$"",""currency_code"":""USD"",""currency_position"":""prefix"",""values"":[]}",[],[],[],[],,,"{""url"":""https://kwel.com/wp-content/uploads/2026/05/America-in-the-Morning.png"",""id"":486797,""extension"":""png"",""width"":300,""height"":200}",[],false,false,,,2026-05-21 23:04:52,2026-05-22 04:04:52,true,true,,,
2026-09-30T13:59:37Z,kwel.com,https://www.kwel.com/wp-json/tribe/events/v1/events,48,10012073,kwel.com?id=10012073,The Morning Show with Craig Anderson &#038; Lisa Kay,2027-04-05 06:00:00,2027-04-05 11:00:00,2027-04-05 10:00:00,2027-04-05 15:00:00,America/Chicago,false,false,publish,https://kwel.com/event/the-morning-show-with-craig-anderson-2/2027-04-05/,,,,"{""currency_symbol"":""$"",""currency_code"":""USD"",""currency_position"":""prefix"",""values"":[]}",[],[],[],[],<p>Local and streaming live!</p>,,"{""url"":""https://kwel.com/wp-content/uploads/2026/05/Craig-and-Lisa-1.png"",""id"":486798,""extension"":""png"",""width"":300,""height"":200}",[],false,false,,,2026-05-21 23:18:43,2026-05-22 04:18:43,true,true,,,
2026-09-30T13:59:37Z,kwel.com,https://www.kwel.com/wp-json/tribe/events/v1/events,48,10059194,kwel.com?id=10059194,Mike Gallagher &#8211; AM,2027-04-05 10:00:00,2027-04-05 15:00:00,2027-04-05 11:00:00,2027-04-05 16:00:00,America/Chicago,false,false,publish,https://kwel.com/event/mike-gallagher-am-2/2027-04-05/,,,,"{""currency_symbol"":""$"",""currency_code"":""USD"",""currency_position"":""prefix"",""values"":[]}",[],[],[],[],,,"{""url"":""https://kwel.com/wp-content/uploads/2026/05/Mike-Gallagher.png"",""id"":486804,""extension"":""png"",""width"":300,""height"":200}",[],false,false,,,2026-05-21 22:43:18,2026-05-22 03:43:18,true,true,,,
2026-09-30T13:59:37Z,kwel.com,https://www.kwel.com/wp-json/tribe/events/v1/events,48,10075900,kwel.com?id=10075900,Alex Marlow,2027-04-05 11:00:00,2027-04-05 16:00:00,2027-04-05 12:00:00,2027-04-05 17:00:00,America/Chicago,false,false,publish,https://kwel.com/event/alex-marlow/2027-04-05/,,,,"{""currency_symbol"":""$"",""currency_code"":""USD"",""currency_position"":""prefix"",""values"":[]}",[],[],[],[],,,"{""url"":""https://kwel.com/wp-content/uploads/2026/05/Alex-Marlow.png"",""id"":486796,""extension"":""png"",""width"":300,""height"":200}",[],false,false,,,2026-05-21 23:33:23,2026-05-22 04:33:23,true,true,,,
2026-09-30T13:59:37Z,kwel.com,https://www.kwel.com/wp-json/tribe/events/v1/events,48,10077205,kwel.com?id=10077205,Scott Jennings Show,2027-04-05 12:00:00,2027-04-05 17:00:00,2027-04-05 13:00:00,2027-04-05 18:00:00,America/Chicago,false,false,publish,https://kwel.com/event/scott-jennings/2027-04-05/,,,,"{""currency_symbol"":""$"",""currency_code"":""USD"",""currency_position"":""prefix"",""values"":[]}",[],[],[],[],,,"{""url"":""https://kwel.com/wp-content/uploads/2026/05/Scott-Jennings.png"",""id"":486807,""extension"":""png"",""width"":300,""height"":200}",[],false,false,,,2026-05-21 23:37:53,2026-05-22 04:37:53,true,true,,,
2026-09-30T13:59:37Z,kwel.com,https://www.kwel.com/wp-json/tribe/events/v1/events,48,10064412,kwel.com?id=10064412,Dave Ramsey,2027-04-05 13:00:00,2027-04-05 18:00:00,2027-04-05 15:00:00,2027-04-05 20:00:00,America/Chicago,false,false,publish,https://kwel.com/event/dave-ramsey/2027-04-05/,,,,"{""currency_symbol"":""$"",""currency_code"":""USD"",""currency_position"":""prefix"",""values"":[]}",[],[],[],[],,,"{""url"":""https://kwel.com/wp-content/uploads/2026/05/Dave-Ramsey.png"",""id"":486800,""extension"":""png"",""width"":300,""height"":200}",[],false,false,,,2026-05-21 22:58:20,2026-05-22 03:58:20,true,true,,,
2026-09-30T13:59:37Z,kwel.com,https://www.kwel.com/wp-json/tribe/events/v1/events,48,10061802,kwel.com?id=10061802,Tall City Talk,2027-04-05 15:00:00,2027-04-05 20:00:00,2027-04-05 17:00:00,2027-04-05 22:00:00,America/Chicago,false,false,publish,https://kwel.com/event/patriot-call/2027-04-05/,,,,"{""currency_symbol"":""$"",""currency_code"":""USD"",""currency_position"":""prefix"",""values"":[]}",[],[],[],[],,,"{""url"":""https://kwel.com/wp-content/uploads/2026/06/Tall-City-Talk-image-1.png"",""id"":487032,""extension"":""png"",""width"":300,""height"":200}",[],false,false,,,2026-06-12 11:20:35,2026-06-12 16:20:35,true,true,,,
2026-09-30T13:59:37Z,kwel.com,https://www.kwel.com/wp-json/tribe/events/v1/events,48,10051570,kwel.com?id=10051570,Mark Levin,2027-04-05 17:00:00,2027-04-05 22:00:00,2027-04-05 20:00:00,2027-04-06 01:00:00,America/Chicago,false,false,publish,https://kwel.com/event/mark-levin-2/2027-04-05/,,,,"{""currency_symbol"":""$"",""currency_code"":""USD"",""currency_position"":""prefix"",""values"":[]}",[],[],[],[],,,"{""url"":""https://kwel.com/wp-content/uploads/2026/05/Mark-Levin.png"",""id"":486803,""extension"":""png"",""width"":300,""height"":200}",[],false,false,,,2026-05-21 23:20:02,2026-05-22 04:20:02,true,true,,,
2026-09-30T13:59:37Z,kwel.com,https://www.kwel.com/wp-json/tribe/events/v1/events,48,10079813,kwel.com?id=10079813,Scott Jennings Show &#8211; PM,2027-04-05 20:00:00,2027-04-06 01:00:00,2027-04-05 21:00:00,2027-04-06 02:00:00,America/Chicago,false,false,publish,https://kwel.com/event/scott-jennings-show-pm/2027-04-05/,,,,"{""currency_symbol"":""$"",""currency_code"":""USD"",""currency_position"":""prefix"",""values"":[]}",[],[],[],[],,,"{""url"":""https://kwel.com/wp-content/uploads/2026/05/Scott-Jennings.png"",""id"":486807,""extension"":""png"",""width"":300,""height"":200}",[],false,false,,,2026-05-21 23:38:26,2026-05-22 04:38:26,true,true,,,
2026-09-30T13:59:37Z,kwel.com,https://www.kwel.com/wp-json/tribe/events/v1/events,48,10065716,kwel.com?id=10065716,Mike Gallagher &#8211; PM,2027-04-05 21:00:00,2027-04-06 02:00:00,2027-04-05 23:00:00,2027-04-06 04:00:00,America/Chicago,false,false,publish,https://kwel.com/event/mike-gallagher-4-2/2027-04-05/,,,,"{""currency_symbol"":""$"",""currency_code"":""USD"",""currency_position"":""prefix"",""values"":[]}",[],[],[],[],,,"{""url"":""https://kwel.com/wp-content/uploads/2026/05/Mike-Gallagher.png"",""id"":486804,""extension"":""png"",""width"":300,""height"":200}",[],false,false,,,2026-05-21 22:45:14,2026-05-22 03:45:14,true,true,,,
2026-09-30T13:59:37Z,kwel.com,https://www.kwel.com/wp-json/tribe/events/v1/events,48,10027687,kwel.com?id=10027687,Hugh Hewitt,2027-04-05 23:00:00,2027-04-06 04:00:00,2027-04-06 02:00:00,2027-04-06 07:00:00,America/Chicago,false,false,publish,https://kwel.com/event/hugh-hewitt/2027-04-05/,,,,"{""currency_symbol"":""$"",""currency_code"":""USD"",""currency_position"":""prefix"",""values"":[]}",[],[],[],[],,,"{""url"":""https://kwel.com/wp-content/uploads/2026/05/Hugh-Hewitt.png"",""id"":486801,""extension"":""png"",""width"":300,""height"":200}",[],false,false,,,2026-05-21 23:21:01,2026-05-22 04:21:01,true,true,,,
2026-09-30T13:59:37Z,kwel.com,https://www.kwel.com/wp-json/tribe/events/v1/events,48,10071884,kwel.com?id=10071884,Larry Elder,2027-04-06 02:00:00,2027-04-06 07:00:00,2027-04-06 05:00:00,2027-04-06 10:00:00,America/Chicago,false,false,publish,https://kwel.com/event/larry-elder-2/2027-04-06/,,,,"{""currency_symbol"":""$"",""currency_code"":""USD"",""currency_position"":""prefix"",""values"":[]}",[],[],[],[],,,"{""url"":""https://kwel.com/wp-content/uploads/2026/05/Larry-Elder.png"",""id"":486802,""extension"":""png"",""width"":300,""height"":200}",[],false,false,,,2026-05-21 23:52:47,2026-05-22 04:52:47,true,true,,,
2026-09-30T13:59:37Z,kwel.com,https://www.kwel.com/wp-json/tribe/events/v1/events,48,10055132,kwel.com?id=10055132,America in the Morning,2027-04-06 05:00:00,2027-04-06 10:00:00,2027-04-06 06:00:00,2027-04-06 11:00:00,America/Chicago,false,false,publish,https://kwel.com/event/america-in-the-morning/2027-04-06/,,,,"{""currency_symbol"":""$"",""currency_code"":""USD"",""currency_position"":""prefix"",""values"":[]}",[],[],[],[],,,"{""url"":""https://kwel.com/wp-content/uploads/2026/05/America-in-the-Morning.png"",""id"":486797,""extension"":""png"",""width"":300,""height"":200}",[],false,false,,,2026-05-21 23:04:52,2026-05-22 04:04:52,true,true,,,
2026-09-30T13:59:37Z,kwel.com,https://www.kwel.com/wp-json/tribe/events/v1/events,48,10012074,kwel.com?id=10012074,The Morning Show with Craig Anderson &#038; Lisa Kay,2027-04-06 06:00:00,2027-04-06 11:00:00,2027-04-06 10:00:00,2027-04-06 15:00:00,America/Chicago,false,false,publish,https://kwel.com/event/the-morning-show-with-craig-anderson-2/2027-04-06/,,,,"{""currency_symbol"":""$"",""currency_code"":""USD"",""currency_position"":""prefix"",""values"":[]}",[],[],[],[],<p>Local and streaming live!</p>,,"{""url"":""https://kwel.com/wp-content/uploads/2026/05/Craig-and-Lisa-1.png"",""id"":486798,""extension"":""png"",""width"":300,""height"":200}",[],false,false,,,2026-05-21 23:18:43,2026-05-22 04:18:43,true,true,,,
2026-09-30T13:59:37Z,kwel.com,https://www.kwel.com/wp-json/tribe/events/v1/events,48,10059195,kwel.com?id=10059195,Mike Gallagher &#8211; AM,2027-04-06 10:00:00,2027-04-06 15:00:00,2027-04-06 11:00:00,2027-04-06 16:00:00,America/Chicago,false,false,publish,https://kwel.com/event/mike-gallagher-am-2/2027-04-06/,,,,"{""currency_symbol"":""$"",""currency_code"":""USD"",""currency_position"":""prefix"",""values"":[]}",[],[],[],[],,,"{""url"":""https://kwel.com/wp-content/uploads/2026/05/Mike-Gallagher.png"",""id"":486804,""extension"":""png"",""width"":300,""height"":200}",[],false,false,,,2026-05-21 22:43:18,2026-05-22 03:43:18,true,true,,,
2026-09-30T13:59:37Z,kwel.com,https://www.kwel.com/wp-json/tribe/events/v1/events,48,10075901,kwel.com?id=10075901,Alex Marlow,2027-04-06 11:00:00,2027-04-06 16:00:00,2027-04-06 12:00:00,2027-04-06 17:00:00,America/Chicago,false,false,publish,https://kwel.com/event/alex-marlow/2027-04-06/,,,,"{""currency_symbol"":""$"",""currency_code"":""USD"",""currency_position"":""prefix"",""values"":[]}",[],[],[],[],,,"{""url"":""https://kwel.com/wp-content/uploads/2026/05/Alex-Marlow.png"",""id"":486796,""extension"":""png"",""width"":300,""height"":200}",[],false,false,,,2026-05-21 23:33:23,2026-05-22 04:33:23,true,true,,,
2026-09-30T13:59:37Z,kwel.com,https://www.kwel.com/wp-json/tribe/events/v1/events,48,10077206,kwel.com?id=10077206,Scott Jennings Show,2027-04-06 12:00:00,2027-04-06 17:00:00,2027-04-06 13:00:00,2027-04-06 18:00:00,America/Chicago,false,false,publish,https://kwel.com/event/scott-jennings/2027-04-06/,,,,"{""currency_symbol"":""$"",""currency_code"":""USD"",""currency_position"":""prefix"",""values"":[]}",[],[],[],[],,,"{""url"":""https://kwel.com/wp-content/uploads/2026/05/Scott-Jennings.png"",""id"":486807,""extension"":""png"",""width"":300,""height"":200}",[],false,false,,,2026-05-21 23:37:53,2026-05-22 04:37:53,true,true,,,
2026-09-30T13:59:37Z,kwel.com,https://www.kwel.com/wp-json/tribe/events/v1/events,48,10064413,kwel.com?id=10064413,Dave Ramsey,2027-04-06 13:00:00,2027-04-06 18:00:00,2027-04-06 15:00:00,2027-04-06 20:00:00,America/Chicago,false,false,publish,https://kwel.com/event/dave-ramsey/2027-04-06/,,,,"{""currency_symbol"":""$"",""currency_code"":""USD"",""currency_position"":""prefix"",""values"":[]}",[],[],[],[],,,"{""url"":""https://kwel.com/wp-content/uploads/2026/05/Dave-Ramsey.png"",""id"":486800,""extension"":""png"",""width"":300,""height"":200}",[],false,false,,,2026-05-21 22:58:20,2026-05-22 03:58:20,true,true,,,
2026-09-30T13:59:37Z,kwel.com,https://www.kwel.com/wp-json/tribe/events/v1/events,48,10061803,kwel.com?id=10061803,Tall City Talk,2027-04-06 15:00:00,2027-04-06 20:00:00,2027-04-06 17:00:00,2027-04-06 22:00:00,America/Chicago,false,false,publish,https://kwel.com/event/patriot-call/2027-04-06/,,,,"{""currency_symbol"":""$"",""currency_code"":""USD"",""currency_position"":""prefix"",""values"":[]}",[],[],[],[],,,"{""url"":""https://kwel.com/wp-content/uploads/2026/06/Tall-City-Talk-image-1.png"",""id"":487032,""extension"":""png"",""width"":300,""height"":200}",[],false,false,,,2026-06-12 11:20:35,2026-06-12 16:20:35,true,true,,,
2026-09-30T13:59:37Z,kwel.com,https://www.kwel.com/wp-json/tribe/events/v1/events,48,10051571,kwel.com?id=10051571,Mark Levin,2027-04-06 17:00:00,2027-04-06 22:00:00,2027-04-06 20:00:00,2027-04-07 01:00:00,America/Chicago,false,false,publish,https://kwel.com/event/mark-levin-2/2027-04-06/,,,,"{""currency_symbol"":""$"",""currency_code"":""USD"",""currency_position"":""prefix"",""values"":[]}",[],[],[],[],,,"{""url"":""https://kwel.com/wp-content/uploads/2026/05/Mark-Levin.png"",""id"":486803,""extension"":""png"",""width"":300,""height"":200}",[],false,false,,,2026-05-21 23:20:02,2026-05-22 04:20:02,true,true,,,
2026-09-30T13:59:37Z,kwel.com,https://www.kwel.com/wp-json/tribe/events/v1/events,48,10079814,kwel.com?id=10079814,Scott Jennings Show &#8211; PM,2027-04-06 20:00:00,2027-04-07 01:00:00,2027-04-06 21:00:00,2027-04-07 02:00:00,America/Chicago,false,false,publish,https://kwel.com/event/scott-jennings-show-pm/2027-04-06/,,,,"{""currency_symbol"":""$"",""currency_code"":""USD"",""currency_position"":""prefix"",""values"":[]}",[],[],[],[],,,"{""url"":""https://kwel.com/wp-content/uploads/2026/05/Scott-Jennings.png"",""id"":486807,""extension"":""png"",""width"":300,""height"":200}",[],false,false,,,2026-05-21 23:38:26,2026-05-22 04:38:26,true,true,,,
2026-09-30T13:59:37Z,kwel.com,https://www.kwel.com/wp-json/tribe/events/v1/events,48,10065717,kwel.com?id=10065717,Mike Gallagher &#8211; PM,2027-04-06 21:00:00,2027-04-07 02:00:00,2027-04-06 23:00:00,2027-04-07 04:00:00,America/Chicago,false,false,publish,https://kwel.com/event/mike-gallagher-4-2/2027-04-06/,,,,"{""currency_symbol"":""$"",""currency_code"":""USD"",""currency_position"":""prefix"",""values"":[]}",[],[],[],[],,,"{""url"":""https://kwel.com/wp-content/uploads/2026/05/Mike-Gallagher.png"",""id"":486804,""extension"":""png"",""width"":300,""height"":200}",[],false,false,,,2026-05-21 22:45:14,2026-05-22 03:45:14,true,true,,,
2026-09-30T13:59:37Z,kwel.com,https://www.kwel.com/wp-json/tribe/events/v1/events,48,10027688,kwel.com?id=10027688,Hugh Hewitt,2027-04-06 23:00:00,2027-04-07 04:00:00,2027-04-07 02:00:00,2027-04-07 07:00:00,America/Chicago,false,false,publish,https://kwel.com/event/hugh-hewitt/2027-04-06/,,,,"{""currency_symbol"":""$"",""currency_code"":""USD"",""currency_position"":""prefix"",""values"":[]}",[],[],[],[],,,"{""url"":""https://kwel.com/wp-content/uploads/2026/05/Hugh-Hewitt.png"",""id"":486801,""extension"":""png"",""width"":300,""height"":200}",[],false,false,,,2026-05-21 23:21:01,2026-05-22 04:21:01,true,true,,,
2026-09-30T13:59:37Z,kwel.com,https://www.kwel.com/wp-json/tribe/events/v1/events,48,10071885,kwel.com?id=10071885,Larry Elder,2027-04-07 02:00:00,2027-04-07 07:00:00,2027-04-07 05:00:00,2027-04-07 10:00:00,America/Chicago,false,false,publish,https://kwel.com/event/larry-elder-2/2027-04-07/,,,,"{""currency_symbol"":""$"",""currency_code"":""USD"",""currency_position"":""prefix"",""values"":[]}",[],[],[],[],,,"{""url"":""https://kwel.com/wp-content/uploads/2026/05/Larry-Elder.png"",""id"":486802,""extension"":""png"",""width"":300,""height"":200}",[],false,false,,,2026-05-21 23:52:47,2026-05-22 04:52:47,true,true,,,
2026-09-30T13:59:37Z,kwel.com,https://www.kwel.com/wp-json/tribe/events/v1/events,48,10055133,kwel.com?id=10055133,America in the Morning,2027-04-07 05:00:00,2027-04-07 10:00:00,2027-04-07 06:00:00,2027-04-07 11:00:00,America/Chicago,false,false,publish,https://kwel.com/event/america-in-the-morning/2027-04-07/,,,,"{""currency_symbol"":""$"",""currency_code"":""USD"",""currency_position"":""prefix"",""values"":[]}",[],[],[],[],,,"{""url"":""https://kwel.com/wp-content/uploads/2026/05/America-in-the-Morning.png"",""id"":486797,""extension"":""png"",""width"":300,""height"":200}",[],false,false,,,2026-05-21 23:04:52,2026-05-22 04:04:52,true,true,,,
2026-09-30T13:59:37Z,kwel.com,https://www.kwel.com/wp-json/tribe/events/v1/events,48,10012075,kwel.com?id=10012075,The Morning Show with Craig Anderson &#038; Lisa Kay,2027-04-07 06:00:00,2027-04-07 11:00:00,2027-04-07 10:00:00,2027-04-07 15:00:00,America/Chicago,false,false,publish,https://kwel.com/event/the-morning-show-with-craig-anderson-2/2027-04-07/,,,,"{""currency_symbol"":""$"",""currency_code"":""USD"",""currency_position"":""prefix"",""values"":[]}",[],[],[],[],<p>Local and streaming live!</p>,,"{""url"":""https://kwel.com/wp-content/uploads/2026/05/Craig-and-Lisa-1.png"",""id"":486798,""extension"":""png"",""width"":300,""height"":200}",[],false,false,,,2026-05-21 23:18:43,2026-05-22 04:18:43,true,true,,,
2026-09-30T13:59:37Z,kwel.com,https://www.kwel.com/wp-json/tribe/events/v1/events,48,10059196,kwel.com?id=10059196,Mike Gallagher &#8211; AM,2027-04-07 10:00:00,2027-04-07 15:00:00,2027-04-07 11:00:00,2027-04-07 16:00:00,America/Chicago,false,false,publish,https://kwel.com/event/mike-gallagher-am-2/2027-04-07/,,,,"{""currency_symbol"":""$"",""currency_code"":""USD"",""currency_position"":""prefix"",""values"":[]}",[],[],[],[],,,"{""url"":""https://kwel.com/wp-content/uploads/2026/05/Mike-Gallagher.png"",""id"":486804,""extension"":""png"",""width"":300,""height"":200}",[],false,false,,,2026-05-21 22:43:18,2026-05-22 03:43:18,true,true,,,
2026-09-30T13:59:37Z,kwel.com,https://www.kwel.com/wp-json/tribe/events/v1/events,48,10075902,kwel.com?id=10075902,Alex Marlow,2027-04-07 11:00:00,2027-04-07 16:00:00,2027-04-07 12:00:00,2027-04-07 17:00:00,America/Chicago,false,false,publish,https://kwel.com/event/alex-marlow/2027-04-07/,,,,"{""currency_symbol"":""$"",""currency_code"":""USD"",""currency_position"":""prefix"",""values"":[]}",[],[],[],[],,,"{""url"":""https://kwel.com/wp-content/uploads/2026/05/Alex-Marlow.png"",""id"":486796,""extension"":""png"",""width"":300,""height"":200}",[],false,false,,,2026-05-21 23:33:23,2026-05-22 04:33:23,true,true,,,
2026-09-30T13:59:37Z,kwel.com,https://www.kwel.com/wp-json/tribe/events/v1/events,48,10077207,kwel.com?id=10077207,Scott Jennings Show,2027-04-07 12:00:00,2027-04-07 17:00:00,2027-04-07 13:00:00,2027-04-07 18:00:00,America/Chicago,false,false,publish,https://kwel.com/event/scott-jennings/2027-04-07/,,,,"{""currency_symbol"":""$"",""currency_code"":""USD"",""currency_position"":""prefix"",""values"":[]}",[],[],[],[],,,"{""url"":""https://kwel.com/wp-content/uploads/2026/05/Scott-Jennings.png"",""id"":486807,""extension"":""png"",""width"":300,""height"":200}",[],false,false,,,2026-05-21 23:37:53,2026-05-22 04:37:53,true,true,,,
2026-09-30T13:59:37Z,kwel.com,https://www.kwel.com/wp-json/tribe/events/v1/events,48,10064414,kwel.com?id=10064414,Dave Ramsey,2027-04-07 13:00:00,2027-04-07 18:00:00,2027-04-07 15:00:00,2027-04-07 20:00:00,America/Chicago,false,false,publish,https://kwel.com/event/dave-ramsey/2027-04-07/,,,,"{""currency_symbol"":""$"",""currency_code"":""USD"",""currency_position"":""prefix"",""values"":[]}",[],[],[],[],,,"{""url"":""https://kwel.com/wp-content/uploads/2026/05/Dave-Ramsey.png"",""id"":486800,""extension"":""png"",""width"":300,""height"":200}",[],false,false,,,2026-05-21 22:58:20,2026-05-22 03:58:20,true,true,,,
2026-09-30T13:59:37Z,kwel.com,https://www.kwel.com/wp-json/tribe/events/v1/events,48,10061804,kwel.com?id=10061804,Tall City Talk,2027-04-07 15:00:00,2027-04-07 20:00:00,2027-04-07 17:00:00,2027-04-07 22:00:00,America/Chicago,false,false,publish,https://kwel.com/event/patriot-call/2027-04-07/,,,,"{""currency_symbol"":""$"",""currency_code"":""USD"",""currency_position"":""prefix"",""values"":[]}",[],[],[],[],,,"{""url"":""https://kwel.com/wp-content/uploads/2026/06/Tall-City-Talk-image-1.png"",""id"":487032,""extension"":""png"",""width"":300,""height"":200}",[],false,false,,,2026-06-12 11:20:35,2026-06-12 16:20:35,true,true,,,
2026-09-30T13:59:37Z,kwel.com,https://www.kwel.com/wp-json/tribe/events/v1/events,48,10051572,kwel.com?id=10051572,Mark Levin,2027-04-07 17:00:00,2027-04-07 22:00:00,2027-04-07 20:00:00,2027-04-08 01:00:00,America/Chicago,false,false,publish,https://kwel.com/event/mark-levin-2/2027-04-07/,,,,"{""currency_symbol"":""$"",""currency_code"":""USD"",""currency_position"":""prefix"",""values"":[]}",[],[],[],[],,,"{""url"":""https://kwel.com/wp-content/uploads/2026/05/Mark-Levin.png"",""id"":486803,""extension"":""png"",""width"":300,""height"":200}",[],false,false,,,2026-05-21 23:20:02,2026-05-22 04:20:02,true,true,,,
2026-09-30T13:59:37Z,kwel.com,https://www.kwel.com/wp-json/tribe/events/v1/events,48,10079815,kwel.com?id=10079815,Scott Jennings Show &#8211; PM,2027-04-07 20:00:00,2027-04-08 01:00:00,2027-04-07 21:00:00,2027-04-08 02:00:00,America/Chicago,false,false,publish,https://kwel.com/event/scott-jennings-show-pm/2027-04-07/,,,,"{""currency_symbol"":""$"",""currency_code"":""USD"",""currency_position"":""prefix"",""values"":[]}",[],[],[],[],,,"{""url"":""https://kwel.com/wp-content/uploads/2026/05/Scott-Jennings.png"",""id"":486807,""extension"":""png"",""width"":300,""height"":200}",[],false,false,,,2026-05-21 23:38:26,2026-05-22 04:38:26,true,true,,,
2026-09-30T13:59:37Z,kwel.com,https://www.kwel.com/wp-json/tribe/events/v1/events,48,10065718,kwel.com?id=10065718,Mike Gallagher &#8211; PM,2027-04-07 21:00:00,2027-04-08 02:00:00,2027-04-07 23:00:00,2027-04-08 04:00:00,America/Chicago,false,false,publish,https://kwel.com/event/mike-gallagher-4-2/2027-04-07/,,,,"{""currency_symbol"":""$"",""currency_code"":""USD"",""currency_position"":""prefix"",""values"":[]}",[],[],[],[],,,"{""url"":""https://kwel.com/wp-content/uploads/2026/05/Mike-Gallagher.png"",""id"":486804,""extension"":""png"",""width"":300,""height"":200}",[],false,false,,,2026-05-21 22:45:14,2026-05-22 03:45:14,true,true,,,
2026-09-30T13:59:37Z,kwel.com,https://www.kwel.com/wp-json/tribe/events/v1/events,48,10027689,kwel.com?id=10027689,Hugh Hewitt,2027-04-07 23:00:00,2027-04-08 04:00:00,2027-04-08 02:00:00,2027-04-08 07:00:00,America/Chicago,false,false,publish,https://kwel.com/event/hugh-hewitt/2027-04-07/,,,,"{""currency_symbol"":""$"",""currency_code"":""USD"",""currency_position"":""prefix"",""values"":[]}",[],[],[],[],,,"{""url"":""https://kwel.com/wp-content/uploads/2026/05/Hugh-Hewitt.png"",""id"":486801,""extension"":""png"",""width"":300,""height"":200}",[],false,false,,,2026-05-21 23:21:01,2026-05-22 04:21:01,true,true,,,
2026-09-30T13:59:37Z,kwel.com,https://www.kwel.com/wp-json/tribe/events/v1/events,48,10071886,kwel.com?id=10071886,Larry Elder,2027-04-08 02:00:00,2027-04-08 07:00:00,2027-04-08 05:00:00,2027-04-08 10:00:00,America/Chicago,false,false,publish,https://kwel.com/event/larry-elder-2/2027-04-08/,,,,"{""currency_symbol"":""$"",""currency_code"":""USD"",""currency_position"":""prefix"",""values"":[]}",[],[],[],[],,,"{""url"":""https://kwel.com/wp-content/uploads/2026/05/Larry-Elder.png"",""id"":486802,""extension"":""png"",""width"":300,""height"":200}",[],false,false,,,2026-05-21 23:52:47,2026-05-22 04:52:47,true,true,,,
2026-09-30T13:59:37Z,kwel.com,https://www.kwel.com/wp-json/tribe/events/v1/events,48,10055134,kwel.com?id=10055134,America in the Morning,2027-04-08 05:00:00,2027-04-08 10:00:00,2027-04-08 06:00:00,2027-04-08 11:00:00,America/Chicago,false,false,publish,https://kwel.com/event/america-in-the-morning/2027-04-08/,,,,"{""currency_symbol"":""$"",""currency_code"":""USD"",""currency_position"":""prefix"",""values"":[]}",[],[],[],[],,,"{""url"":""https://kwel.com/wp-content/uploads/2026/05/America-in-the-Morning.png"",""id"":486797,""extension"":""png"",""width"":300,""height"":200}",[],false,false,,,2026-05-21 23:04:52,2026-05-22 04:04:52,true,true,,,
2026-09-30T13:59:37Z,kwel.com,https://www.kwel.com/wp-json/tribe/events/v1/events,48,10012076,kwel.com?id=10012076,The Morning Show with Craig Anderson &#038; Lisa Kay,2027-04-08 06:00:00,2027-04-08 11:00:00,2027-04-08 10:00:00,2027-04-08 15:00:00,America/Chicago,false,false,publish,https://kwel.com/event/the-morning-show-with-craig-anderson-2/2027-04-08/,,,,"{""currency_symbol"":""$"",""currency_code"":""USD"",""currency_position"":""prefix"",""values"":[]}",[],[],[],[],<p>Local and streaming live!</p>,,"{""url"":""https://kwel.com/wp-content/uploads/2026/05/Craig-and-Lisa-1.png"",""id"":486798,""extension"":""png"",""width"":300,""height"":200}",[],false,false,,,2026-05-21 23:18:43,2026-05-22 04:18:43,true,true,,,
2026-09-30T13:59:37Z,kwel.com,https://www.kwel.com/wp-json/tribe/events/v1/events,48,10059197,kwel.com?id=10059197,Mike Gallagher &#8211; AM,2027-04-08 10:00:00,2027-04-08 15:00:00,2027-04-08 11:00:00,2027-04-08 16:00:00,America/Chicago,false,false,publish,https://kwel.com/event/mike-gallagher-am-2/2027-04-08/,,,,"{""currency_symbol"":""$"",""currency_code"":""USD"",""currency_position"":""prefix"",""values"":[]}",[],[],[],[],,,"{""url"":""https://kwel.com/wp-content/uploads/2026/05/Mike-Gallagher.png"",""id"":486804,""extension"":""png"",""width"":300,""height"":200}",[],false,false,,,2026-05-21 22:43:18,2026-05-22 03:43:18,true,true,,,
2026-09-30T13:59:37Z,kwel.com,https://www.kwel.com/wp-json/tribe/events/v1/events,48,10075903,kwel.com?id=10075903,Alex Marlow,2027-04-08 11:00:00,2027-04-08 16:00:00,2027-04-08 12:00:00,2027-04-08 17:00:00,America/Chicago,false,false,publish,https://kwel.com/event/alex-marlow/2027-04-08/,,,,"{""currency_symbol"":""$"",""currency_code"":""USD"",""currency_position"":""prefix"",""values"":[]}",[],[],[],[],,,"{""url"":""https://kwel.com/wp-content/uploads/2026/05/Alex-Marlow.png"",""id"":486796,""extension"":""png"",""width"":300,""height"":200}",[],false,false,,,2026-05-21 23:33:23,2026-05-22 04:33:23,true,true,,,
2026-09-30T13:59:37Z,kwel.com,https://www.kwel.com/wp-json/tribe/events/v1/events,48,10077208,kwel.com?id=10077208,Scott Jennings Show,2027-04-08 12:00:00,2027-04-08 17:00:00,2027-04-08 13:00:00,2027-04-08 18:00:00,America/Chicago,false,false,publish,https://kwel.com/event/scott-jennings/2027-04-08/,,,,"{""currency_symbol"":""$"",""currency_code"":""USD"",""currency_position"":""prefix"",""values"":[]}",[],[],[],[],,,"{""url"":""https://kwel.com/wp-content/uploads/2026/05/Scott-Jennings.png"",""id"":486807,""extension"":""png"",""width"":300,""height"":200}",[],false,false,,,2026-05-21 23:37:53,2026-05-22 04:37:53,true,true,,,
2026-09-30T13:59:37Z,kwel.com,https://www.kwel.com/wp-json/tribe/events/v1/events,48,10064415,kwel.com?id=10064415,Dave Ramsey,2027-04-08 13:00:00,2027-04-08 18:00:00,2027-04-08 15:00:00,2027-04-08 20:00:00,America/Chicago,false,false,publish,https://kwel.com/event/dave-ramsey/2027-04-08/,,,,"{""currency_symbol"":""$"",""currency_code"":""USD"",""currency_position"":""prefix"",""values"":[]}",[],[],[],[],,,"{""url"":""https://kwel.com/wp-content/uploads/2026/05/Dave-Ramsey.png"",""id"":486800,""extension"":""png"",""width"":300,""height"":200}",[],false,false,,,2026-05-21 22:58:20,2026-05-22 03:58:20,true,true,,,
2026-09-30T13:59:37Z,kwel.com,https://www.kwel.com/wp-json/tribe/events/v1/events,48,10061805,kwel.com?id=10061805,Tall City Talk,2027-04-08 15:00:00,2027-04-08 20:00:00,2027-04-08 17:00:00,2027-04-08 22:00:00,America/Chicago,false,false,publish,https://kwel.com/event/patriot-call/2027-04-08/,,,,"{""currency_symbol"":""$"",""currency_code"":""USD"",""currency_position"":""prefix"",""values"":[]}",[],[],[],[],,,"{""url"":""https://kwel.com/wp-content/uploads/2026/06/Tall-City-Talk-image-1.png"",""id"":487032,""extension"":""png"",""width"":300,""height"":200}",[],false,false,,,2026-06-12 11:20:35,2026-06-12 16:20:35,true,true,,,
2026-09-30T13:59:37Z,kwel.com,https://www.kwel.com/wp-json/tribe/events/v1/events,48,10051573,kwel.com?id=10051573,Mark Levin,2027-04-08 17:00:00,2027-04-08 22:00:00,2027-04-08 20:00:00,2027-04-09 01:00:00,America/Chicago,false,false,publish,https://kwel.com/event/mark-levin-2/2027-04-08/,,,,"{""currency_symbol"":""$"",""currency_code"":""USD"",""currency_position"":""prefix"",""values"":[]}",[],[],[],[],,,"{""url"":""https://kwel.com/wp-content/uploads/2026/05/Mark-Levin.png"",""id"":486803,""extension"":""png"",""width"":300,""height"":200}",[],false,false,,,2026-05-21 23:20:02,2026-05-22 04:20:02,true,true,,,
2026-09-30T13:59:37Z,kwel.com,https://www.kwel.com/wp-json/tribe/events/v1/events,48,10079816,kwel.com?id=10079816,Scott Jennings Show &#8211; PM,2027-04-08 20:00:00,2027-04-09 01:00:00,2027-04-08 21:00:00,2027-04-09 02:00:00,America/Chicago,false,false,publish,https://kwel.com/event/scott-jennings-show-pm/2027-04-08/,,,,"{""currency_symbol"":""$"",""currency_code"":""USD"",""currency_position"":""prefix"",""values"":[]}",[],[],[],[],,,"{""url"":""https://kwel.com/wp-content/uploads/2026/05/Scott-Jennings.png"",""id"":486807,""extension"":""png"",""width"":300,""height"":200}",[],false,false,,,2026-05-21 23:38:26,2026-05-22 04:38:26,true,true,,,
2026-09-30T13:59:37Z,kwel.com,https://www.kwel.com/wp-json/tribe/events/v1/events,48,10065719,kwel.com?id=10065719,Mike Gallagher &#8211; PM,2027-04-08 21:00:00,2027-04-09 02:00:00,2027-04-08 23:00:00,2027-04-09 04:00:00,America/Chicago,false,false,publish,https://kwel.com/event/mike-gallagher-4-2/2027-04-08/,,,,"{""currency_symbol"":""$"",""currency_code"":""USD"",""currency_position"":""prefix"",""values"":[]}",[],[],[],[],,,"{""url"":""https://kwel.com/wp-content/uploads/2026/05/Mike-Gallagher.png"",""id"":486804,""extension"":""png"",""width"":300,""height"":200}",[],false,false,,,2026-05-21 22:45:14,2026-05-22 03:45:14,true,true,,,
2026-09-30T13:59:37Z,kwel.com,https://www.kwel.com/wp-json/tribe/events/v1/events,48,10027690,kwel.com?id=10027690,Hugh Hewitt,2027-04-08 23:00:00,2027-04-09 04:00:00,2027-04-09 02:00:00,2027-04-09 07:00:00,America/Chicago,false,false,publish,https://kwel.com/event/hugh-hewitt/2027-04-08/,,,,"{""currency_symbol"":""$"",""currency_code"":""USD"",""currency_position"":""prefix"",""values"":[]}",[],[],[],[],,,"{""url"":""https://kwel.com/wp-content/uploads/2026/05/Hugh-Hewitt.png"",""id"":486801,""extension"":""png"",""width"":300,""height"":200}",[],false,false,,,2026-05-21 23:21:01,2026-05-22 04:21:01,true,true,,,
2026-09-30T13:59:37Z,kwel.com,https://www.kwel.com/wp-json/tribe/events/v1/events,49,10071887,kwel.com?id=10071887,Larry Elder,2027-04-09 02:00:00,2027-04-09 07:00:00,2027-04-09 05:00:00,2027-04-09 10:00:00,America/Chicago,false,false,publish,https://kwel.com/event/larry-elder-2/2027-04-09/,,,,"{""currency_symbol"":""$"",""currency_code"":""USD"",""currency_position"":""prefix"",""values"":[]}",[],[],[],[],,,"{""url"":""https://kwel.com/wp-content/uploads/2026/05/Larry-Elder.png"",""id"":486802,""extension"":""png"",""width"":300,""height"":200}",[],false,false,,,2026-05-21 23:52:47,2026-05-22 04:52:47,true,true,,,
2026-09-30T13:59:37Z,kwel.com,https://www.kwel.com/wp-json/tribe/events/v1/events,49,10055135,kwel.com?id=10055135,America in the Morning,2027-04-09 05:00:00,2027-04-09 10:00:00,2027-04-09 06:00:00,2027-04-09 11:00:00,America/Chicago,false,false,publish,https://kwel.com/event/america-in-the-morning/2027-04-09/,,,,"{""currency_symbol"":""$"",""currency_code"":""USD"",""currency_position"":""prefix"",""values"":[]}",[],[],[],[],,,"{""url"":""https://kwel.com/wp-content/uploads/2026/05/America-in-the-Morning.png"",""id"":486797,""extension"":""png"",""width"":300,""height"":200}",[],false,false,,,2026-05-21 23:04:52,2026-05-22 04:04:52,true,true,,,
2026-09-30T13:59:37Z,kwel.com,https://www.kwel.com/wp-json/tribe/events/v1/events,49,10012077,kwel.com?id=10012077,The Morning Show with Craig Anderson &#038; Lisa Kay,2027-04-09 06:00:00,2027-04-09 11:00:00,2027-04-09 10:00:00,2027-04-09 15:00:00,America/Chicago,false,false,publish,https://kwel.com/event/the-morning-show-with-craig-anderson-2/2027-04-09/,,,,"{""currency_symbol"":""$"",""currency_code"":""USD"",""currency_position"":""prefix"",""values"":[]}",[],[],[],[],<p>Local and streaming live!</p>,,"{""url"":""https://kwel.com/wp-content/uploads/2026/05/Craig-and-Lisa-1.png"",""id"":486798,""extension"":""png"",""width"":300,""height"":200}",[],false,false,,,2026-05-21 23:18:43,2026-05-22 04:18:43,true,true,,,
2026-09-30T13:59:37Z,kwel.com,https://www.kwel.com/wp-json/tribe/events/v1/events,49,10059198,kwel.com?id=10059198,Mike Gallagher &#8211; AM,2027-04-09 10:00:00,2027-04-09 15:00:00,2027-04-09 11:00:00,2027-04-09 16:00:00,America/Chicago,false,false,publish,https://kwel.com/event/mike-gallagher-am-2/2027-04-09/,,,,"{""currency_symbol"":""$"",""currency_code"":""USD"",""currency_position"":""prefix"",""values"":[]}",[],[],[],[],,,"{""url"":""https://kwel.com/wp-content/uploads/2026/05/Mike-Gallagher.png"",""id"":486804,""extension"":""png"",""width"":300,""height"":200}",[],false,false,,,2026-05-21 22:43:18,2026-05-22 03:43:18,true,true,,,
2026-09-30T13:59:37Z,kwel.com,https://www.kwel.com/wp-json/tribe/events/v1/events,49,10075904,kwel.com?id=10075904,Alex Marlow,2027-04-09 11:00:00,2027-04-09 16:00:00,2027-04-09 12:00:00,2027-04-09 17:00:00,America/Chicago,false,false,publish,https://kwel.com/event/alex-marlow/2027-04-09/,,,,"{""currency_symbol"":""$"",""currency_code"":""USD"",""currency_position"":""prefix"",""values"":[]}",[],[],[],[],,,"{""url"":""https://kwel.com/wp-content/uploads/2026/05/Alex-Marlow.png"",""id"":486796,""extension"":""png"",""width"":300,""height"":200}",[],false,false,,,2026-05-21 23:33:23,2026-05-22 04:33:23,true,true,,,
2026-09-30T13:59:37Z,kwel.com,https://www.kwel.com/wp-json/tribe/events/v1/events,49,10077209,kwel.com?id=10077209,Scott Jennings Show,2027-04-09 12:00:00,2027-04-09 17:00:00,2027-04-09 13:00:00,2027-04-09 18:00:00,America/Chicago,false,false,publish,https://kwel.com/event/scott-jennings/2027-04-09/,,,,"{""currency_symbol"":""$"",""currency_code"":""USD"",""currency_position"":""prefix"",""values"":[]}",[],[],[],[],,,"{""url"":""https://kwel.com/wp-content/uploads/2026/05/Scott-Jennings.png"",""id"":486807,""extension"":""png"",""width"":300,""height"":200}",[],false,false,,,2026-05-21 23:37:53,2026-05-22 04:37:53,true,true,,,
2026-09-30T13:59:37Z,kwel.com,https://www.kwel.com/wp-json/tribe/events/v1/events,49,10064416,kwel.com?id=10064416,Dave Ramsey,2027-04-09 13:00:00,2027-04-09 18:00:00,2027-04-09 15:00:00,2027-04-09 20:00:00,America/Chicago,false,false,publish,https://kwel.com/event/dave-ramsey/2027-04-09/,,,,"{""currency_symbol"":""$"",""currency_code"":""USD"",""currency_position"":""prefix"",""values"":[]}",[],[],[],[],,,"{""url"":""https://kwel.com/wp-content/uploads/2026/05/Dave-Ramsey.png"",""id"":486800,""extension"":""png"",""width"":300,""height"":200}",[],false,false,,,2026-05-21 22:58:20,2026-05-22 03:58:20,true,true,,,
2026-09-30T13:59:37Z,kwel.com,https://www.kwel.com/wp-json/tribe/events/v1/events,49,10061806,kwel.com?id=10061806,Tall City Talk,2027-04-09 15:00:00,2027-04-09 20:00:00,2027-04-09 17:00:00,2027-04-09 22:00:00,America/Chicago,false,false,publish,https://kwel.com/event/patriot-call/2027-04-09/,,,,"{""currency_symbol"":""$"",""currency_code"":""USD"",""currency_position"":""prefix"",""values"":[]}",[],[],[],[],,,"{""url"":""https://kwel.com/wp-content/uploads/2026/06/Tall-City-Talk-image-1.png"",""id"":487032,""extension"":""png"",""width"":300,""height"":200}",[],false,false,,,2026-06-12 11:20:35,2026-06-12 16:20:35,true,true,,,
2026-09-30T13:59:37Z,kwel.com,https://www.kwel.com/wp-json/tribe/events/v1/events,49,10051574,kwel.com?id=10051574,Mark Levin,2027-04-09 17:00:00,2027-04-09 22:00:00,2027-04-09 20:00:00,2027-04-10 01:00:00,America/Chicago,false,false,publish,https://kwel.com/event/mark-levin-2/2027-04-09/,,,,"{""currency_symbol"":""$"",""currency_code"":""USD"",""currency_position"":""prefix"",""values"":[]}",[],[],[],[],,,"{""url"":""https://kwel.com/wp-content/uploads/2026/05/Mark-Levin.png"",""id"":486803,""extension"":""png"",""width"":300,""height"":200}",[],false,false,,,2026-05-21 23:20:02,2026-05-22 04:20:02,true,true,,,
2026-09-30T13:59:37Z,kwel.com,https://www.kwel.com/wp-json/tribe/events/v1/events,49,10079817,kwel.com?id=10079817,Scott Jennings Show &#8211; PM,2027-04-09 20:00:00,2027-04-10 01:00:00,2027-04-09 21:00:00,2027-04-10 02:00:00,America/Chicago,false,false,publish,https://kwel.com/event/scott-jennings-show-pm/2027-04-09/,,,,"{""currency_symbol"":""$"",""currency_code"":""USD"",""currency_position"":""prefix"",""values"":[]}",[],[],[],[],,,"{""url"":""https://kwel.com/wp-content/uploads/2026/05/Scott-Jennings.png"",""id"":486807,""extension"":""png"",""width"":300,""height"":200}",[],false,false,,,2026-05-21 23:38:26,2026-05-22 04:38:26,true,true,,,
2026-09-30T13:59:37Z,kwel.com,https://www.kwel.com/wp-json/tribe/events/v1/events,49,10065720,kwel.com?id=10065720,Mike Gallagher &#8211; PM,2027-04-09 21:00:00,2027-04-10 02:00:00,2027-04-09 23:00:00,2027-04-10 04:00:00,America/Chicago,false,false,publish,https://kwel.com/event/mike-gallagher-4-2/2027-04-09/,,,,"{""currency_symbol"":""$"",""currency_code"":""USD"",""currency_position"":""prefix"",""values"":[]}",[],[],[],[],,,"{""url"":""https://kwel.com/wp-content/uploads/2026/05/Mike-Gallagher.png"",""id"":486804,""extension"":""png"",""width"":300,""height"":200}",[],false,false,,,2026-05-21 22:45:14,2026-05-22 03:45:14,true,true,,,
2026-09-30T13:59:37Z,kwel.com,https://www.kwel.com/wp-json/tribe/events/v1/events,49,10027691,kwel.com?id=10027691,Hugh Hewitt,2027-04-09 23:00:00,2027-04-10 04:00:00,2027-04-10 02:00:00,2027-04-10 07:00:00,America/Chicago,false,false,publish,https://kwel.com/event/hugh-hewitt/2027-04-09/,,,,"{""currency_symbol"":""$"",""currency_code"":""USD"",""currency_position"":""prefix"",""values"":[]}",[],[],[],[],,,"{""url"":""https://kwel.com/wp-content/uploads/2026/05/Hugh-Hewitt.png"",""id"":486801,""extension"":""png"",""width"":300,""height"":200}",[],false,false,,,2026-05-21 23:21:01,2026-05-22 04:21:01,true,true,,,
2026-09-30T13:59:37Z,kwel.com,https://www.kwel.com/wp-json/tribe/events/v1/events,49,10071443,kwel.com?id=10071443,America in the Morning &#8211; Sat.,2027-04-10 06:00:00,2027-04-10 11:00:00,2027-04-10 06:30:00,2027-04-10 11:30:00,America/Chicago,false,false,publish,https://kwel.com/event/america-in-the-morning-sat/2027-04-10/,,,,"{""currency_symbol"":""$"",""currency_code"":""USD"",""currency_position"":""prefix"",""values"":[]}",[],[],[],[],,,"{""url"":""https://kwel.com/wp-content/uploads/2026/05/America-in-the-Morning.png"",""id"":486797,""extension"":""png"",""width"":300,""height"":200}",[],false,false,,,2026-05-21 23:04:09,2026-05-22 04:04:09,true,true,,,
2026-09-30T13:59:37Z,kwel.com,https://www.kwel.com/wp-json/tribe/events/v1/events,49,10081622,kwel.com?id=10081622,Oldies Music Show,2027-04-10 06:30:00,2027-04-10 11:30:00,2027-04-10 09:00:00,2027-04-10 14:00:00,America/Chicago,false,false,publish,https://kwel.com/event/oldies-music-show/2027-04-10/,,,,"{""currency_symbol"":""$"",""currency_code"":""USD"",""currency_position"":""prefix"",""values"":[]}",[],[],[],[],,,false,[],false,false,,,2026-05-21 23:46:45,2026-05-22 04:46:45,true,true,,,
2026-09-30T13:59:37Z,kwel.com,https://www.kwel.com/wp-json/tribe/events/v1/events,49,10081361,kwel.com?id=10081361,The Oil Mix Show w/ Kym Balado,2027-04-10 09:00:00,2027-04-10 14:00:00,2027-04-10 10:00:00,2027-04-10 15:00:00,America/Chicago,false,false,publish,https://kwel.com/event/inside-the-oil-patch-with-kim-balado/2027-04-10/,,,,"{""currency_symbol"":""$"",""currency_code"":""USD"",""currency_position"":""prefix"",""values"":[]}",[],[],[],[],,,false,[],false,false,,,2026-05-21 23:45:16,2026-05-22 04:45:16,true,true,,,
