tec_run_started_utc,tec_canonical_host,tec_endpoint,tec_page,event.id,event.global_id,event.title,event.start_date,event.utc_start_date,event.end_date,event.utc_end_date,event.timezone,event.all_day,event.featured,event.status,event.url,event.website,event.purchase_link,event.cost,event.cost_details_json,event.categories_json,event.tags_json,event.venue_json,event.organizer_json,event.description,event.excerpt,event.image_json,event.custom_fields_json,event.hide_from_listings,event.is_virtual,event.virtual_url,event.virtual_video_source,event.modified,event.modified_utc,event.show_map,event.show_map_link,event.subevents_json,event.ticketed,event.ticketed_json
2026-09-30T15:38:46Z,nhccnm.org,https://nhccnm.org/wp-json/tribe/events/v1/events,1,26536,nhccnm.org?id=26536,"Mundos de Mestizaje, Torreón Tours",2026-10-02 00:00:00,2026-10-02 06:00:00,2026-10-03 23:59:59,2026-10-04 05:59:59,America/Denver,true,false,publish,https://nhccnm.org/event/mundos-de-mestizaje-torreon-tours-27/,,,,"{""currency_symbol"":""$"",""currency_code"":""USD"",""currency_position"":""prefix"",""values"":[]}","[{""id"":21,""name"":""Exhibitions"",""slug"":""exhibitions"",""parent"":0}]","[{""name"":""Classes"",""slug"":""classes"",""term_group"":0,""term_taxonomy_id"":59,""taxonomy"":""post_tag"",""description"":"""",""parent"":0,""count"":811,""filter"":""raw"",""id"":59,""urls"":{""self"":""https://nhccnm.org/wp-json/tribe/events/v1/tags/59"",""collection"":""https://nhccnm.org/wp-json/tribe/events/v1/tags""}},{""name"":""Community"",""slug"":""community"",""term_group"":0,""term_taxonomy_id"":33,""taxonomy"":""post_tag"",""description"":"""",""parent"":0,""count"":1591,""filter"":""raw"",""id"":33,""urls"":{""self"":""https://nhccnm.org/wp-json/tribe/events/v1/tags/33"",""collection"":""https://nhccnm.org/wp-json/tribe/events/v1/tags""}},{""name"":""Docent"",""slug"":""docent"",""term_group"":0,""term_taxonomy_id"":65,""taxonomy"":""post_tag"",""description"":"""",""parent"":0,""count"":213,""filter"":""raw"",""id"":65,""urls"":{""self"":""https://nhccnm.org/wp-json/tribe/events/v1/tags/65"",""collection"":""https://nhccnm.org/wp-json/tribe/events/v1/tags""}},{""name"":""Education"",""slug"":""education"",""term_group"":0,""term_taxonomy_id"":34,""taxonomy"":""post_tag"",""description"":"""",""parent"":0,""count"":1216,""filter"":""raw"",""id"":34,""urls"":{""self"":""https://nhccnm.org/wp-json/tribe/events/v1/tags/34"",""collection"":""https://nhccnm.org/wp-json/tribe/events/v1/tags""}},{""name"":""history"",""slug"":""history"",""term_group"":0,""term_taxonomy_id"":123,""taxonomy"":""post_tag"",""description"":"""",""parent"":0,""count"":220,""filter"":""raw"",""id"":123,""urls"":{""self"":""https://nhccnm.org/wp-json/tribe/events/v1/tags/123"",""collection"":""https://nhccnm.org/wp-json/tribe/events/v1/tags""}},{""name"":""Workshop"",""slug"":""workshop"",""term_group"":0,""term_taxonomy_id"":64,""taxonomy"":""post_tag"",""description"":"""",""parent"":0,""count"":955,""filter"":""raw"",""id"":64,""urls"":{""self"":""https://nhccnm.org/wp-json/tribe/events/v1/tags/64"",""collection"":""https://nhccnm.org/wp-json/tribe/events/v1/tags""}}]","{""id"":4066,""global_id"":""nhccnm.org?id=4066"",""venue"":""NHCC Torreón"",""address"":""1701 4th street SW"",""city"":""Albuquerque"",""country"":""United States"",""state"":""NM"",""zip"":""87102"",""phone"":""(505) 246-2261"",""url"":""https://nhccnm.org/venue/nhcc-torreon-2/"",""geo_lat"":35.068577,""geo_lng"":-106.655629,""show_map"":true,""show_map_link"":true}",[],"<p><strong>Fridays &amp; Saturdays</strong><br />
<strong>11:00 am</strong></p>
<p>NHCC | Welcome Center and the NHCC Torreón</p>
<p>Admission to the Torreon tour is $2. Tickets are available for advance purchase below or can also be purchased in the New Mexico Mutual Welcome Center, depending on availability. Capacity for each tour is limited.</p>
<h3><span style=""color: #0000ff;""><a style=""color: #0000ff;"" href=""https://my.nmculture.org/overview/53900"" target=""_blank"" rel=""noopener""><strong>PLEASE MAKE YOUR RESERVATION HERE!</strong></a></span></h3>
<p><em>A Vision of History through Fresco…</em><br />
<em>Mundos de Mestizaje</em> by Frederico Vigil is a mural housed in the Torreón on the campus of the National Hispanic Cultural Center. This monumental fresco depicts thousands of years of Hispanic history highlighting diverse cultural connections between people and places from the Iberian Peninsula to the Americas. The 4,000 square foot painting is one of the largest frescos in North America.</p>
<p>The digitized imagery of the painting ensures that this culturally significant work can be a sharing and learning experience for students and families anywhere. We invite you to explore the imagery, history and complexities of the <em>Mundos de Mestizaje</em> mural.</p>
<p><a href=""https://artsandculture.google.com/asset/mundos-de-mestizaje/tQFImh_lvC7RBw""><strong>Discover on your own by clicking the link HERE.</strong></a> (It may take a moment to load.  Microsoft Internet Explorer is NOT recommended.  Best experienced with Safari, Firefox or Chrome.)</p>
<p>&nbsp;</p>",,"{""url"":""https://nhccnm.org/wp-content/uploads/2026/05/Torreon-Photo-2026.jpg"",""id"":26534,""extension"":""jpg"",""width"":1200,""height"":1180}",[],false,,,,2026-07-18 12:56:59,2026-07-18 18:56:59,true,true,,,
2026-09-30T15:38:46Z,nhccnm.org,https://nhccnm.org/wp-json/tribe/events/v1/events,1,26767,nhccnm.org?id=26767,Artist Dialogue: Jesus Miguel Avena,2026-10-04 00:00:00,2026-10-04 06:00:00,2026-10-04 23:59:59,2026-10-05 05:59:59,America/Denver,true,false,publish,https://nhccnm.org/event/artist-dialogue-jesus-miguel-avena/,,,,"{""currency_symbol"":""$"",""currency_code"":""USD"",""currency_position"":""prefix"",""values"":[]}","[{""id"":22,""name"":""Visual Arts"",""slug"":""visual-arts"",""parent"":0}]","[{""name"":""Community"",""slug"":""community"",""term_group"":0,""term_taxonomy_id"":33,""taxonomy"":""post_tag"",""description"":"""",""parent"":0,""count"":1591,""filter"":""raw"",""id"":33,""urls"":{""self"":""https://nhccnm.org/wp-json/tribe/events/v1/tags/33"",""collection"":""https://nhccnm.org/wp-json/tribe/events/v1/tags""}},{""name"":""Community Gallery"",""slug"":""community-gallery"",""term_group"":0,""term_taxonomy_id"":228,""taxonomy"":""post_tag"",""description"":"""",""parent"":0,""count"":9,""filter"":""raw"",""id"":228,""urls"":{""self"":""https://nhccnm.org/wp-json/tribe/events/v1/tags/228"",""collection"":""https://nhccnm.org/wp-json/tribe/events/v1/tags""}},{""name"":""free"",""slug"":""free"",""term_group"":0,""term_taxonomy_id"":117,""taxonomy"":""post_tag"",""description"":"""",""parent"":0,""count"":208,""filter"":""raw"",""id"":117,""urls"":{""self"":""https://nhccnm.org/wp-json/tribe/events/v1/tags/117"",""collection"":""https://nhccnm.org/wp-json/tribe/events/v1/tags""}},{""name"":""Museum"",""slug"":""museum"",""term_group"":0,""term_taxonomy_id"":36,""taxonomy"":""post_tag"",""description"":"""",""parent"":0,""count"":385,""filter"":""raw"",""id"":36,""urls"":{""self"":""https://nhccnm.org/wp-json/tribe/events/v1/tags/36"",""collection"":""https://nhccnm.org/wp-json/tribe/events/v1/tags""}},{""name"":""speakers"",""slug"":""speakers"",""term_group"":0,""term_taxonomy_id"":161,""taxonomy"":""post_tag"",""description"":"""",""parent"":0,""count"":12,""filter"":""raw"",""id"":161,""urls"":{""self"":""https://nhccnm.org/wp-json/tribe/events/v1/tags/161"",""collection"":""https://nhccnm.org/wp-json/tribe/events/v1/tags""}},{""name"":""special event"",""slug"":""special-event"",""term_group"":0,""term_taxonomy_id"":246,""taxonomy"":""post_tag"",""description"":"""",""parent"":0,""count"":6,""filter"":""raw"",""id"":246,""urls"":{""self"":""https://nhccnm.org/wp-json/tribe/events/v1/tags/246"",""collection"":""https://nhccnm.org/wp-json/tribe/events/v1/tags""}},{""name"":""visual arts"",""slug"":""visual-arts"",""term_group"":0,""term_taxonomy_id"":167,""taxonomy"":""post_tag"",""description"":"""",""parent"":0,""count"":27,""filter"":""raw"",""id"":167,""urls"":{""self"":""https://nhccnm.org/wp-json/tribe/events/v1/tags/167"",""collection"":""https://nhccnm.org/wp-json/tribe/events/v1/tags""}}]","{""id"":679,""global_id"":""nhccnm.org?id=679"",""venue"":""Roy E. Disney Center for Performing Arts: Wells Fargo Auditorium"",""address"":""1701 4th Street SW"",""city"":""Albuquerque"",""province"":""NM"",""state"":""NM"",""zip"":""87102"",""phone"":""(505) 724-4771"",""url"":""https://nhccnm.org/venue/wells-fargo-auditorium/"",""geo_lat"":35.068577,""geo_lng"":-106.655629,""show_map"":false,""show_map_link"":true}",[],"<p>Artist Dialogue: Jesus Miguel Avena</p>
<p><strong><span class=""NormalTextRun SCXW19346708 BCX0"">A Dialogue on Memory and Ancestral Knowledge between Artist </span><span class=""NormalTextRun SCXW19346708 BCX0"">Jesus Miguel Avena </span><span class=""NormalTextRun SCXW19346708 BCX0"">and Curator hazel </span><span class=""NormalTextRun SpellingErrorV2Themed SCXW19346708 BCX0"">batrezchavez</span></strong></p>
<p>Sunday, October 4, 2026<br />
12:30 &#8211; 1:30 pm</p>
<p>NHCC | Wells Fargo Auditorium</p>
<p><span class=""TextRun SCXW213279552 BCX0"" lang=""EN-US"" xml:lang=""EN-US"" data-contrast=""none""><span class=""NormalTextRun SCXW213279552 BCX0"">Join NHCC </span><span class=""NormalTextRun SCXW213279552 BCX0"">C</span><span class=""NormalTextRun SCXW213279552 BCX0"">urator</span><span class=""NormalTextRun SCXW213279552 BCX0""> hazel </span><span class=""NormalTextRun SpellingErrorV2Themed SCXW213279552 BCX0"">batrezchavez</span><span class=""NormalTextRun SCXW213279552 BCX0""> for a dedicated series of one-on-one conversations in connection with our Community Gallery exhibition <em><span class=""TextRun SCXW197185394 BCX0"" lang=""EN-US"" xml:lang=""EN-US"" data-contrast=""none""><span class=""NormalTextRun SpellingErrorV2Themed SCXW197185394 BCX0"">i</span><span class=""NormalTextRun SCXW197185394 BCX0""> thought </span><span class=""NormalTextRun SpellingErrorV2Themed SCXW197185394 BCX0"">i</span><span class=""NormalTextRun SCXW197185394 BCX0""> saw you yesterday</span></span></em>. Each dialogue functions as an individual chapter, unpacking a single artist’s material practice, ancestral ties, and creative process.</span></span><span class=""EOP SCXW213279552 BCX0"" data-ccp-props=""{&quot;335559685&quot;:0,&quot;335559739&quot;:0}""> This dialogue with artist Jesus Miguel Avena focuses on n<span class=""TextRun SCXW18043474 BCX0"" lang=""EN-US"" xml:lang=""EN-US"" data-contrast=""none""><span class=""NormalTextRun SCXW18043474 BCX0"">avigating </span></span><em><span class=""TextRun SCXW18043474 BCX0"" lang=""EN-US"" xml:lang=""EN-US"" data-contrast=""none""><span class=""NormalTextRun SpellingErrorV2Themed SCXW18043474 BCX0"">Nepantla</span></span></em><span class=""TextRun SCXW18043474 BCX0"" lang=""EN-US"" xml:lang=""EN-US"" data-contrast=""none""><span class=""NormalTextRun SCXW18043474 BCX0"">, and the visceral connection </span><span class=""NormalTextRun SCXW18043474 BCX0"">to </span><span class=""NormalTextRun SCXW18043474 BCX0"">the spaces in between.</span></span></span></p>
<p><em><span class=""TextRun SCXW197185394 BCX0"" lang=""EN-US"" xml:lang=""EN-US"" data-contrast=""none""><span class=""NormalTextRun SpellingErrorV2Themed SCXW197185394 BCX0"">i</span><span class=""NormalTextRun SCXW197185394 BCX0""> thought </span><span class=""NormalTextRun SpellingErrorV2Themed SCXW197185394 BCX0"">i</span><span class=""NormalTextRun SCXW197185394 BCX0""> saw you yesterday </span></span></em><span class=""TextRun SCXW197185394 BCX0"" lang=""EN-US"" xml:lang=""EN-US"" data-contrast=""none""><span class=""NormalTextRun SCXW197185394 BCX0"">is a group exhibition that explores memory and ancestral knowledge to create a dialogue between life cycles, food, land, </span><span class=""NormalTextRun SCXW197185394 BCX0"">place</span><span class=""NormalTextRun SCXW197185394 BCX0"">,</span><span class=""NormalTextRun SCXW197185394 BCX0""> and the body. Featuring artworks by artists Amanda </span><span class=""NormalTextRun SCXW197185394 BCX0"">Dannáe Romero, </span><span class=""NormalTextRun SpellingErrorV2Themed SCXW197185394 BCX0"">ashleigh</span><span class=""NormalTextRun SCXW197185394 BCX0""> </span><span class=""NormalTextRun SpellingErrorV2Themed SCXW197185394 BCX0"">steele</span><span class=""NormalTextRun SCXW197185394 BCX0""> </span><span class=""NormalTextRun SpellingErrorV2Themed SCXW197185394 BCX0"">chavez</span><span class=""NormalTextRun SCXW197185394 BCX0"">, Caroline Liu, </span><span class=""NormalTextRun SpellingErrorV2Themed SCXW197185394 BCX0"">claudia</span><span class=""NormalTextRun SCXW197185394 BCX0""> </span><span class=""NormalTextRun SpellingErrorV2Themed SCXW197185394 BCX0"">hermano</span><span class=""NormalTextRun SCXW197185394 BCX0"">, Esteban Ismael Durán, Jesus Miguel Avena, Joe Ramiro Garcia, Margarita Paz-Pedro, and Stephanie J. Woods.</span></span></p>
<p>Free Community Event, please register in advance using the link below.</p>
<p><a href=""https://my.nmculture.org/56515/60520"" target=""_blank"" rel=""noopener"">PLEASE MAKE YOUR RESERVATION HERE!</a></p>
<p><strong>About the artist: </strong>Jesus Miguel Avena is a Mestizo, Queer Mexican American oil painter and ceramicist based in Santa Fe, New Mexico. His work explores identity, embodiment, and cultural hybridity through visual storytelling informed by Mesoamerican mythologies, Indigenous philosophies, and the concept of <i>Nepantla</i> — an in between space of transformation. Moving between painting and clay, Avena creates figurative works and ceramic objects that examine memory and layered Mexican American histories. He earned degrees from Santa Fe Community College (2022) and the Institute of American Indian Arts (IAIA,2024). Avena has exhibited nationally, participated in the Venice Biennale through an IAIA–Marist partnership, and currently serves as Visiting Assistant Professor of Ceramics at IAIA while preparing to pursue an MFA.</p>
<p><a href=""https://my.nmculture.org/56515/60520"">Artist Dialogue: Jesus Miguel Avena | New Mexico Department of Cultural Affairs</a></p>",,"{""url"":""https://nhccnm.org/wp-content/uploads/2026/08/Web-icon.png"",""id"":26896,""extension"":""png"",""width"":1200,""height"":1200}",[],false,,,,2026-09-14 14:53:43,2026-09-14 20:53:43,true,true,,,
2026-09-30T15:38:46Z,nhccnm.org,https://nhccnm.org/wp-json/tribe/events/v1/events,1,27154,nhccnm.org?id=27154,Film Screening: Eco Docs- The River That Harms,2026-10-04 00:00:00,2026-10-04 06:00:00,2026-10-04 23:59:59,2026-10-05 05:59:59,America/Denver,true,false,publish,https://nhccnm.org/event/film-screening-eco-docs-the-river-that-harms/,,,,"{""currency_symbol"":""$"",""currency_code"":""USD"",""currency_position"":""prefix"",""values"":[]}","[{""id"":53,""name"":""Film"",""slug"":""film"",""parent"":0}]","[{""name"":""Cine"",""slug"":""cine"",""term_group"":0,""term_taxonomy_id"":86,""taxonomy"":""post_tag"",""description"":"""",""parent"":0,""count"":407,""filter"":""raw"",""id"":86,""urls"":{""self"":""https://nhccnm.org/wp-json/tribe/events/v1/tags/86"",""collection"":""https://nhccnm.org/wp-json/tribe/events/v1/tags""}},{""name"":""Community"",""slug"":""community"",""term_group"":0,""term_taxonomy_id"":33,""taxonomy"":""post_tag"",""description"":"""",""parent"":0,""count"":1591,""filter"":""raw"",""id"":33,""urls"":{""self"":""https://nhccnm.org/wp-json/tribe/events/v1/tags/33"",""collection"":""https://nhccnm.org/wp-json/tribe/events/v1/tags""}},{""name"":""Film"",""slug"":""film"",""term_group"":0,""term_taxonomy_id"":54,""taxonomy"":""post_tag"",""description"":"""",""parent"":0,""count"":481,""filter"":""raw"",""id"":54,""urls"":{""self"":""https://nhccnm.org/wp-json/tribe/events/v1/tags/54"",""collection"":""https://nhccnm.org/wp-json/tribe/events/v1/tags""}},{""name"":""Theatre"",""slug"":""theatre"",""term_group"":0,""term_taxonomy_id"":46,""taxonomy"":""post_tag"",""description"":"""",""parent"":0,""count"":868,""filter"":""raw"",""id"":46,""urls"":{""self"":""https://nhccnm.org/wp-json/tribe/events/v1/tags/46"",""collection"":""https://nhccnm.org/wp-json/tribe/events/v1/tags""}}]","{""id"":676,""global_id"":""nhccnm.org?id=676"",""venue"":""Roy E. Disney Center for Performing Arts: Bank of America Theatre"",""address"":""1701 4th Street SW"",""city"":""Albuquerque"",""province"":""NM"",""zip"":""87102"",""phone"":""5057244771"",""url"":""https://nhccnm.org/venue/bank-of-america-film-theatre/"",""show_map"":true,""show_map_link"":true}",[],"<p>Film Screening: Eco Docs- <em>The River That Harms</em></p>
<p>Sunday, October 4 2026<br />
1:30 pm <span data-olk-copy-source=""MessageBody"">Paul Pino Opening Performance </span><br />
2:00 pm Film Begins</p>
<p>NHCC | Bank of America Theatre</p>
<p>NHCC presents a series of documentaries about environmental hardships from the Southwest throughout Latin America. These matinee film screenings pair perfectly with a visit to the Visual Arts Museum before or after. Explore the subject matter of environmental justice through multiple mediums in one afternoon.</p>
<p><em>The River That Harms</em>, Directed &amp; Produced by Colleen Ann Keane, documents the largest radioactive wastewater spill in United States history, a national tragedy that took place on the Navajo Nation.</p>
<p>In 1979, a United Nuclear Corporation tailings dam at Church Rock, New Mexico, collapsed, releasing 94 million gallons of radioactive wastewater and uranium mill waste into the Rio Puerco. The contaminated water flowed through Diné communities where the river served as a vital source of water for families, livestock, and farmland. Through interviews and firsthand testimony, <em>The River That Harms</em> documents the devastating environmental and human consequences of uranium extraction on Navajo land and preserves the voices and experiences of those directly impacted by the Church Rock uranium spill. More than four decades later, the film remains an urgent warning about the ongoing consequences of nuclear extraction and environmental contamination.</p>
<p>A performance by Paul Pino will open the event.</p>
<p>Director: Colleen Ann Keane | Producer: Colleen Ann Keane | 1987 | United States | Run time: 45:20 minutes</p>
<p>Free community event.</p>
<h4><span style=""color: #0000ff;""><a style=""color: #0000ff;"" href=""https://my.nmculture.org/61485/61486"">Reserve your tickets here!</a></span></h4>
<p><a href=""https://www.colleenannkeanearchives.com/the-river-that-harms-documentary"" target=""_blank"" rel=""noopener"">For <span style=""font-family: arial, sans-serif;"" data-olk-copy-source=""MessageBody"">more information about the film click here</span></a></p>
<p>&nbsp;</p>",,"{""url"":""https://nhccnm.org/wp-content/uploads/2026/09/The-River-That-Harms1200x1200.jpg"",""id"":27228,""extension"":""jpg"",""width"":1200,""height"":1200}",[],false,,,,2026-09-10 10:18:05,2026-09-10 16:18:05,true,true,,,
2026-09-30T15:38:46Z,nhccnm.org,https://nhccnm.org/wp-json/tribe/events/v1/events,1,26906,nhccnm.org?id=26906,Visual Arts Museum: First Sunday Free Admission,2026-10-04 00:00:00,2026-10-04 06:00:00,2026-10-04 23:59:59,2026-10-05 05:59:59,America/Denver,true,false,publish,https://nhccnm.org/event/visual-arts-museum-first-sunday-free-admission-51/,,,,"{""currency_symbol"":""$"",""currency_code"":""USD"",""currency_position"":""prefix"",""values"":[]}",[],"[{""name"":""Art Museum"",""slug"":""art-museum"",""term_group"":0,""term_taxonomy_id"":82,""taxonomy"":""post_tag"",""description"":"""",""parent"":0,""count"":377,""filter"":""raw"",""id"":82,""urls"":{""self"":""https://nhccnm.org/wp-json/tribe/events/v1/tags/82"",""collection"":""https://nhccnm.org/wp-json/tribe/events/v1/tags""}},{""name"":""Community"",""slug"":""community"",""term_group"":0,""term_taxonomy_id"":33,""taxonomy"":""post_tag"",""description"":"""",""parent"":0,""count"":1591,""filter"":""raw"",""id"":33,""urls"":{""self"":""https://nhccnm.org/wp-json/tribe/events/v1/tags/33"",""collection"":""https://nhccnm.org/wp-json/tribe/events/v1/tags""}},{""name"":""Spare Afternoon"",""slug"":""spare-afternoon"",""term_group"":0,""term_taxonomy_id"":23,""taxonomy"":""post_tag"",""description"":"""",""parent"":0,""count"":565,""filter"":""raw"",""id"":23,""urls"":{""self"":""https://nhccnm.org/wp-json/tribe/events/v1/tags/23"",""collection"":""https://nhccnm.org/wp-json/tribe/events/v1/tags""}}]","{""id"":678,""global_id"":""nhccnm.org?id=678"",""venue"":""Visual Art Museum"",""address"":""1701 4th Street SW"",""city"":""Albuquerque"",""country"":""United States"",""province"":""NM"",""state"":""NM"",""zip"":""87102"",""phone"":""5057244771"",""url"":""https://nhccnm.org/venue/art-museum/"",""show_map"":true,""show_map_link"":true}",[],"<p><strong>Visual Arts Museum: First Sunday Free Admission<br />
Sunday, October 4, 2026<br />
10:00 am to 4:00 pm</strong></p>
<p>The Art Museum presents multiple exhibitions in its three gallery spaces each year and welcomes visitors of all ages. Our three galleries showcase artworks from a range of media that focus on diverse subject matter and examine identity and culture.</p>
<p>On the first Sunday of every month, the Visual Arts Museum is free to all New Mexico residents!</p>
<h4><span style=""color: #0000ff;""><a style=""color: #0000ff;"" href=""https://my.nmculture.org/53898/58865""><strong>PLEASE MAKE YOUR RESERVATION HERE!</strong></a></span></h4>",,"{""url"":""https://nhccnm.org/wp-content/uploads/2024/08/VA-Museum-Feature-700x700-1.jpg"",""id"":21247,""extension"":""jpg"",""width"":700,""height"":568}",[],false,,,,2026-08-12 10:43:48,2026-08-12 16:43:48,true,true,,,
2026-09-30T15:38:46Z,nhccnm.org,https://nhccnm.org/wp-json/tribe/events/v1/events,1,26772,nhccnm.org?id=26772,Artist Dialogue: claudia hermano,2026-10-06 00:00:00,2026-10-06 06:00:00,2026-10-06 23:59:59,2026-10-07 05:59:59,America/Denver,true,false,publish,https://nhccnm.org/event/artist-dialogue-claudia-hermano/,,,,"{""currency_symbol"":""$"",""currency_code"":""USD"",""currency_position"":""prefix"",""values"":[]}","[{""id"":22,""name"":""Visual Arts"",""slug"":""visual-arts"",""parent"":0}]","[{""name"":""Art Museum"",""slug"":""art-museum"",""term_group"":0,""term_taxonomy_id"":82,""taxonomy"":""post_tag"",""description"":"""",""parent"":0,""count"":377,""filter"":""raw"",""id"":82,""urls"":{""self"":""https://nhccnm.org/wp-json/tribe/events/v1/tags/82"",""collection"":""https://nhccnm.org/wp-json/tribe/events/v1/tags""}},{""name"":""Community"",""slug"":""community"",""term_group"":0,""term_taxonomy_id"":33,""taxonomy"":""post_tag"",""description"":"""",""parent"":0,""count"":1591,""filter"":""raw"",""id"":33,""urls"":{""self"":""https://nhccnm.org/wp-json/tribe/events/v1/tags/33"",""collection"":""https://nhccnm.org/wp-json/tribe/events/v1/tags""}},{""name"":""Community Gallery"",""slug"":""community-gallery"",""term_group"":0,""term_taxonomy_id"":228,""taxonomy"":""post_tag"",""description"":"""",""parent"":0,""count"":9,""filter"":""raw"",""id"":228,""urls"":{""self"":""https://nhccnm.org/wp-json/tribe/events/v1/tags/228"",""collection"":""https://nhccnm.org/wp-json/tribe/events/v1/tags""}},{""name"":""speakers"",""slug"":""speakers"",""term_group"":0,""term_taxonomy_id"":161,""taxonomy"":""post_tag"",""description"":"""",""parent"":0,""count"":12,""filter"":""raw"",""id"":161,""urls"":{""self"":""https://nhccnm.org/wp-json/tribe/events/v1/tags/161"",""collection"":""https://nhccnm.org/wp-json/tribe/events/v1/tags""}},{""name"":""special event"",""slug"":""special-event"",""term_group"":0,""term_taxonomy_id"":246,""taxonomy"":""post_tag"",""description"":"""",""parent"":0,""count"":6,""filter"":""raw"",""id"":246,""urls"":{""self"":""https://nhccnm.org/wp-json/tribe/events/v1/tags/246"",""collection"":""https://nhccnm.org/wp-json/tribe/events/v1/tags""}},{""name"":""visual arts"",""slug"":""visual-arts"",""term_group"":0,""term_taxonomy_id"":167,""taxonomy"":""post_tag"",""description"":"""",""parent"":0,""count"":27,""filter"":""raw"",""id"":167,""urls"":{""self"":""https://nhccnm.org/wp-json/tribe/events/v1/tags/167"",""collection"":""https://nhccnm.org/wp-json/tribe/events/v1/tags""}}]","{""id"":679,""global_id"":""nhccnm.org?id=679"",""venue"":""Roy E. Disney Center for Performing Arts: Wells Fargo Auditorium"",""address"":""1701 4th Street SW"",""city"":""Albuquerque"",""province"":""NM"",""state"":""NM"",""zip"":""87102"",""phone"":""(505) 724-4771"",""url"":""https://nhccnm.org/venue/wells-fargo-auditorium/"",""geo_lat"":35.068577,""geo_lng"":-106.655629,""show_map"":false,""show_map_link"":true}",[],"<p>Artist Dialogue: claudia hermano</p>
<p><strong><span class=""TextRun SCXW214940549 BCX0"" lang=""EN-US"" xml:lang=""EN-US"" data-contrast=""auto""><span class=""NormalTextRun SCXW214940549 BCX0"">A Dialogue on Memory and Ancestral Knowledge between Artist </span></span><span class=""TextRun SCXW214940549 BCX0"" lang=""EN-US"" xml:lang=""EN-US"" data-contrast=""auto""><span class=""NormalTextRun SpellingErrorV2Themed SCXW214940549 BCX0"">claudia</span><span class=""NormalTextRun SCXW214940549 BCX0""> </span><span class=""NormalTextRun SpellingErrorV2Themed SCXW214940549 BCX0"">hermano</span></span><span class=""TextRun SCXW214940549 BCX0"" lang=""EN-US"" xml:lang=""EN-US"" data-contrast=""auto""><span class=""NormalTextRun SCXW214940549 BCX0""> and Curator hazel </span><span class=""NormalTextRun SpellingErrorV2Themed SCXW214940549 BCX0"">batrezchavez</span></span></strong></p>
<p>Tuesday, October 6, 2026<br />
12:30 &#8211; 1:30 pm</p>
<p>NHCC | Wells Fargo Auditorium</p>
<p><span class=""TextRun SCXW213279552 BCX0"" lang=""EN-US"" xml:lang=""EN-US"" data-contrast=""none""><span class=""NormalTextRun SCXW213279552 BCX0"">Join NHCC </span><span class=""NormalTextRun SCXW213279552 BCX0"">C</span><span class=""NormalTextRun SCXW213279552 BCX0"">urator</span><span class=""NormalTextRun SCXW213279552 BCX0""> hazel </span><span class=""NormalTextRun SpellingErrorV2Themed SCXW213279552 BCX0"">batrezchavez</span><span class=""NormalTextRun SCXW213279552 BCX0""> for a dedicated series of one-on-one conversations in connection with our Community Gallery exhibition <em><span class=""TextRun SCXW197185394 BCX0"" lang=""EN-US"" xml:lang=""EN-US"" data-contrast=""none""><span class=""NormalTextRun SpellingErrorV2Themed SCXW197185394 BCX0"">i</span><span class=""NormalTextRun SCXW197185394 BCX0""> thought </span><span class=""NormalTextRun SpellingErrorV2Themed SCXW197185394 BCX0"">i</span><span class=""NormalTextRun SCXW197185394 BCX0""> saw you yesterday</span></span></em>. Each dialogue functions as an individual chapter, unpacking a single artist’s material practice, ancestral ties, and creative process.</span></span><span class=""EOP SCXW213279552 BCX0"" data-ccp-props=""{&quot;335559685&quot;:0,&quot;335559739&quot;:0}""> This dialogue with artist claudia hermano focuses on m<span class=""TextRun SCXW145767861 BCX0"" lang=""EN-US"" xml:lang=""EN-US"" data-contrast=""none""><span class=""NormalTextRun SCXW145767861 BCX0"">apping seasonal life cycles alongside reflections of self across time and place.</span></span></span></p>
<p><em><span class=""TextRun SCXW197185394 BCX0"" lang=""EN-US"" xml:lang=""EN-US"" data-contrast=""none""><span class=""NormalTextRun SpellingErrorV2Themed SCXW197185394 BCX0"">i</span><span class=""NormalTextRun SCXW197185394 BCX0""> thought </span><span class=""NormalTextRun SpellingErrorV2Themed SCXW197185394 BCX0"">i</span><span class=""NormalTextRun SCXW197185394 BCX0""> saw you yesterday </span></span></em><span class=""TextRun SCXW197185394 BCX0"" lang=""EN-US"" xml:lang=""EN-US"" data-contrast=""none""><span class=""NormalTextRun SCXW197185394 BCX0"">is a group exhibition that explores memory and ancestral knowledge to create a dialogue between life cycles, food, land, </span><span class=""NormalTextRun SCXW197185394 BCX0"">place</span><span class=""NormalTextRun SCXW197185394 BCX0"">,</span><span class=""NormalTextRun SCXW197185394 BCX0""> and the body. Featuring artworks by artists Amanda </span><span class=""NormalTextRun SCXW197185394 BCX0"">Dannáe Romero, </span><span class=""NormalTextRun SpellingErrorV2Themed SCXW197185394 BCX0"">ashleigh</span><span class=""NormalTextRun SCXW197185394 BCX0""> </span><span class=""NormalTextRun SpellingErrorV2Themed SCXW197185394 BCX0"">steele</span><span class=""NormalTextRun SCXW197185394 BCX0""> </span><span class=""NormalTextRun SpellingErrorV2Themed SCXW197185394 BCX0"">chavez</span><span class=""NormalTextRun SCXW197185394 BCX0"">, Caroline Liu, </span><span class=""NormalTextRun SpellingErrorV2Themed SCXW197185394 BCX0"">claudia</span><span class=""NormalTextRun SCXW197185394 BCX0""> </span><span class=""NormalTextRun SpellingErrorV2Themed SCXW197185394 BCX0"">hermano</span><span class=""NormalTextRun SCXW197185394 BCX0"">, Esteban Ismael Durán, Jesus Miguel Avena, Joe Ramiro Garcia, Margarita Paz-Pedro, and Stephanie J. Woods.</span></span></p>
<p>Free Community Event, please register in advance using the link below.</p>
<h4><span style=""color: #0000ff;""><a style=""color: #0000ff;"" href=""https://my.nmculture.org/56515/60519"" target=""_blank"" rel=""noopener"">PLEASE MAKE YOUR RESERVATION HERE!</a></span></h4>
<p><strong>About the artist: </strong><span class=""TextRun SCXW189337481 BCX0"" lang=""EN-US"" xml:lang=""EN-US"" data-contrast=""none""><span class=""NormalTextRun SpellingErrorV2Themed SCXW189337481 BCX0"">claudia</span><span class=""NormalTextRun SCXW189337481 BCX0""> </span><span class=""NormalTextRun SpellingErrorV2Themed SCXW189337481 BCX0"">hermano</span><span class=""NormalTextRun SCXW189337481 BCX0""> (they/them) is a trans non-binary </span><span class=""NormalTextRun SCXW189337481 BCX0"">Filipino</span><span class=""NormalTextRun SCXW189337481 BCX0""> </span><span class=""NormalTextRun SCXW189337481 BCX0"">American</span><span class=""NormalTextRun SCXW189337481 BCX0""> artist and educator working primarily in photography, with a practice that extends into book arts, sculpture, and performance. Their work explores the intersections of embodiment, belonging, and representation, with a focus on queer, fat, and mixed-race identities. </span><span class=""NormalTextRun SpellingErrorV2Themed SCXW189337481 BCX0"">hermano</span><span class=""NormalTextRun SCXW189337481 BCX0""> was born in New York and spent their childhood moving between New York, California, Texas, and Massachusetts. They hold a BA in Photography from Hampshire College and an MFA in Studio Art from the University of New Mexico. They currently </span><span class=""NormalTextRun SCXW189337481 BCX0"">reside</span><span class=""NormalTextRun SCXW189337481 BCX0""> in Albuquerque, NM on unceded Tewa land. They work at the University of New Mexico as </span><span class=""NormalTextRun SCXW189337481 BCX0"">a </span><span class=""NormalTextRun SCXW189337481 BCX0"">g</span><span class=""NormalTextRun SCXW189337481 BCX0"">raduate </span><span class=""NormalTextRun SCXW189337481 BCX0"">s</span><span class=""NormalTextRun SCXW189337481 BCX0"">tudios </span><span class=""NormalTextRun SCXW189337481 BCX0"">m</span><span class=""NormalTextRun SCXW189337481 BCX0"">anager and </span><span class=""NormalTextRun SCXW189337481 BCX0"">a</span><span class=""NormalTextRun SCXW189337481 BCX0"">djunct </span><span class=""NormalTextRun SCXW189337481 BCX0"">f</span><span class=""NormalTextRun SCXW189337481 BCX0"">aculty</span><span class=""NormalTextRun SCXW189337481 BCX0""> member</span><span class=""NormalTextRun SCXW189337481 BCX0"">.</span></span><span class=""EOP SCXW189337481 BCX0"" data-ccp-props=""{&quot;134233117&quot;:false,&quot;134233118&quot;:false,&quot;335559738&quot;:0,&quot;335559739&quot;:0}""> </span></p>
<p><a href=""https://my.nmculture.org/56515/60519"">Artist Dialogue: claudia hermano | New Mexico Department of Cultural Affairs</a></p>",,"{""url"":""https://nhccnm.org/wp-content/uploads/2026/08/Web-icon.png"",""id"":26896,""extension"":""png"",""width"":1200,""height"":1200}",[],false,,,,2026-08-13 09:51:19,2026-08-13 15:51:19,true,true,,,
2026-09-30T15:38:46Z,nhccnm.org,https://nhccnm.org/wp-json/tribe/events/v1/events,1,26288,nhccnm.org?id=26288,Happy Arte Hour,2026-10-08 00:00:00,2026-10-08 06:00:00,2026-10-08 23:59:59,2026-10-09 05:59:59,America/Denver,true,false,publish,https://nhccnm.org/event/happy-arte-hour-27/,,,,"{""currency_symbol"":""$"",""currency_code"":""USD"",""currency_position"":""prefix"",""values"":[]}",[],"[{""name"":""Classes"",""slug"":""classes"",""term_group"":0,""term_taxonomy_id"":59,""taxonomy"":""post_tag"",""description"":"""",""parent"":0,""count"":811,""filter"":""raw"",""id"":59,""urls"":{""self"":""https://nhccnm.org/wp-json/tribe/events/v1/tags/59"",""collection"":""https://nhccnm.org/wp-json/tribe/events/v1/tags""}},{""name"":""Education"",""slug"":""education"",""term_group"":0,""term_taxonomy_id"":34,""taxonomy"":""post_tag"",""description"":"""",""parent"":0,""count"":1216,""filter"":""raw"",""id"":34,""urls"":{""self"":""https://nhccnm.org/wp-json/tribe/events/v1/tags/34"",""collection"":""https://nhccnm.org/wp-json/tribe/events/v1/tags""}},{""name"":""Happy Arte Hour"",""slug"":""happy-arte-hour"",""term_group"":0,""term_taxonomy_id"":67,""taxonomy"":""post_tag"",""description"":"""",""parent"":0,""count"":76,""filter"":""raw"",""id"":67,""urls"":{""self"":""https://nhccnm.org/wp-json/tribe/events/v1/tags/67"",""collection"":""https://nhccnm.org/wp-json/tribe/events/v1/tags""}},{""name"":""Workshop"",""slug"":""workshop"",""term_group"":0,""term_taxonomy_id"":64,""taxonomy"":""post_tag"",""description"":"""",""parent"":0,""count"":955,""filter"":""raw"",""id"":64,""urls"":{""self"":""https://nhccnm.org/wp-json/tribe/events/v1/tags/64"",""collection"":""https://nhccnm.org/wp-json/tribe/events/v1/tags""}}]","{""id"":5835,""global_id"":""nhccnm.org?id=5835"",""venue"":""NHCC | Education Building: Grand Hall"",""address"":""1701 4th Street SW"",""city"":""Albuquerque"",""country"":""United States"",""province"":""NM"",""state"":""NM"",""zip"":""87102"",""phone"":""5057244771"",""url"":""https://nhccnm.org/venue/grand-hall/"",""show_map"":true,""show_map_link"":true}",[],"<p><strong>Thursday, October 8, 2026 (please note date has changed from Oct 1)<br />
6:00 pm</strong></p>
<p>NHCC | Domenici Education Building</p>
<p>NHCC invites adults for artistic fun in a relaxed social setting. This is a great opportunity for friends to hang out, a unique date night option, or a place to come solo and connect with fellow art enthusiasts. Drinks and snacks will be available to purchase.</p>
<p>Join Artist Jessica Venzor for a Catrina Workshop</p>
<p>Explore the traditional art of cartoneria while creating your own Catrina sculpture. Participants will learn how to build and shape a wire and paper form. They will bring their Catrina to life with paint, color and personal details. Inspired by Mexican folk-art traditions, this hands-on workshop combines sculpture, creativity, and cultural storytelling</p>
<p><strong><span style=""color: #cd2652;"">Please pre-register with the link below (so we know how many materials to prepare).</span></strong> Registration for the following month is available the day after the current program month. For more information, please call or email Elena Baca at 505-246-2261 or <a href=""mailto:elenad.baca@dca.nm.gov"">elenad.baca@dca.nm.gov</a>.</p>
<p>Free Community Event. $5+ donations are encouraged to support the artists &amp; purchase supplies.</p>
<p><span style=""color: #cd2652;""><a style=""color: #cd2652;"" href=""https://my.nmculture.org/events/47454,56066?endDate=2027-06-30"" target=""_blank"" rel=""noopener""><strong>PLEASE MAKE YOUR RESERVATION HERE!</strong></a></span></p>",,"{""url"":""https://nhccnm.org/wp-content/uploads/2024/05/Happy-Arte-Hour-2024.jpg"",""id"":21302,""extension"":""jpg"",""width"":1161,""height"":971}",[],false,,,,2026-09-16 15:04:25,2026-09-16 21:04:25,true,true,,,
2026-09-30T15:38:46Z,nhccnm.org,https://nhccnm.org/wp-json/tribe/events/v1/events,1,27572,nhccnm.org?id=27572,Thriller Film Series: Cerdita/Piggy,2026-10-08 00:00:00,2026-10-08 06:00:00,2026-10-08 23:59:59,2026-10-09 05:59:59,America/Denver,true,false,publish,https://nhccnm.org/event/thriller-film-series-cerdita-piggy/,,,,"{""currency_symbol"":""$"",""currency_code"":""USD"",""currency_position"":""prefix"",""values"":[]}","[{""id"":53,""name"":""Film"",""slug"":""film"",""parent"":0},{""id"":24,""name"":""Performing Arts"",""slug"":""performing-arts"",""parent"":0},{""id"":37,""name"":""Seasonal Events"",""slug"":""seasonal-events"",""parent"":0}]","[{""name"":""Cine"",""slug"":""cine"",""term_group"":0,""term_taxonomy_id"":86,""taxonomy"":""post_tag"",""description"":"""",""parent"":0,""count"":407,""filter"":""raw"",""id"":86,""urls"":{""self"":""https://nhccnm.org/wp-json/tribe/events/v1/tags/86"",""collection"":""https://nhccnm.org/wp-json/tribe/events/v1/tags""}},{""name"":""Film"",""slug"":""film"",""term_group"":0,""term_taxonomy_id"":54,""taxonomy"":""post_tag"",""description"":"""",""parent"":0,""count"":481,""filter"":""raw"",""id"":54,""urls"":{""self"":""https://nhccnm.org/wp-json/tribe/events/v1/tags/54"",""collection"":""https://nhccnm.org/wp-json/tribe/events/v1/tags""}},{""name"":""free"",""slug"":""free"",""term_group"":0,""term_taxonomy_id"":117,""taxonomy"":""post_tag"",""description"":"""",""parent"":0,""count"":208,""filter"":""raw"",""id"":117,""urls"":{""self"":""https://nhccnm.org/wp-json/tribe/events/v1/tags/117"",""collection"":""https://nhccnm.org/wp-json/tribe/events/v1/tags""}},{""name"":""Instituto Cervantes"",""slug"":""instituto-cervantes"",""term_group"":0,""term_taxonomy_id"":105,""taxonomy"":""post_tag"",""description"":"""",""parent"":0,""count"":190,""filter"":""raw"",""id"":105,""urls"":{""self"":""https://nhccnm.org/wp-json/tribe/events/v1/tags/105"",""collection"":""https://nhccnm.org/wp-json/tribe/events/v1/tags""}},{""name"":""Performing Arts"",""slug"":""performing-arts"",""term_group"":0,""term_taxonomy_id"":42,""taxonomy"":""post_tag"",""description"":"""",""parent"":0,""count"":310,""filter"":""raw"",""id"":42,""urls"":{""self"":""https://nhccnm.org/wp-json/tribe/events/v1/tags/42"",""collection"":""https://nhccnm.org/wp-json/tribe/events/v1/tags""}},{""name"":""Seasonal Events"",""slug"":""seasonal-events"",""term_group"":0,""term_taxonomy_id"":206,""taxonomy"":""post_tag"",""description"":"""",""parent"":0,""count"":11,""filter"":""raw"",""id"":206,""urls"":{""self"":""https://nhccnm.org/wp-json/tribe/events/v1/tags/206"",""collection"":""https://nhccnm.org/wp-json/tribe/events/v1/tags""}}]","{""id"":676,""global_id"":""nhccnm.org?id=676"",""venue"":""Roy E. Disney Center for Performing Arts: Bank of America Theatre"",""address"":""1701 4th Street SW"",""city"":""Albuquerque"",""province"":""NM"",""zip"":""87102"",""phone"":""5057244771"",""url"":""https://nhccnm.org/venue/bank-of-america-film-theatre/"",""show_map"":true,""show_map_link"":true}",[],"<p><strong>Thriller Film Series: <em>Cerdita/Piggy</em></strong></p>
<p>Thursday, Oct. 8, 2026<br />
7:00 pm</p>
<p>NHCC | Bank of America Theatre</p>
<p><span data-olk-copy-source=""MessageBody"">Just in time for Halloween, join us for our <i>Thriller! </i>film series, in partnership with Instituto Cervantes de Albuquerque. </span>We will be screening four films, all from the thriller genre. Our series kicks off on Oct. 8 with <em>Cerdita/Piggy </em>(2022), a gripping vengeance tale set in Extremadura.</p>
<p>NOTE: All films in this series are intended for mature audiences.</p>
<p><strong>About the film: </strong>For Sara, summer means enduring the taunts of mean girls in her village in rural Extremadura. But everything changes when a stranger comes to town and the bullies mysteriously disappear. Does Sara know more about their whereabouts than she’s letting on? Will she alert the authorities or keep silent to protect her hero? Starring 2022 Goya Award Winner for Best New Actress Laura Galán. (Spain, 2022, dir. Carlota Pereda)</p>
<p>Director: Carlota Pereda | Spain, 2022 | In Spanish with English subtitles | 99 minutes | Rating: For audiences over 16 years of age; violence and strong language</p>
<p>Presented in collaboration with the Instituto Cervantes Albuquerque, NHCC, Spanish Agency for International Development Cooperation (AECID)</p>
<p>Free community event. Please let us know who will be attending below.</p>
<h4><a href=""https://my.nmculture.org/61485/61687"" target=""_blank"" rel=""noopener""><span style=""color: #0000ff;"">Reserve Your Tickets Here!</span></a></h4>",,"{""url"":""https://nhccnm.org/wp-content/uploads/2026/09/CERDITA-screenshot.jpg"",""id"":27619,""extension"":""jpg"",""width"":1200,""height"":1237}",[],false,,,,2026-09-24 10:56:57,2026-09-24 16:56:57,true,true,,,
2026-09-30T15:38:46Z,nhccnm.org,https://nhccnm.org/wp-json/tribe/events/v1/events,1,26312,nhccnm.org?id=26312,Visual Arts Museum Open Late!,2026-10-08 00:00:00,2026-10-08 06:00:00,2026-10-08 23:59:59,2026-10-09 05:59:59,America/Denver,true,false,publish,https://nhccnm.org/event/visual-arts-museum-open-late-2/,,,,"{""currency_symbol"":""$"",""currency_code"":""USD"",""currency_position"":""prefix"",""values"":[]}","[{""id"":22,""name"":""Visual Arts"",""slug"":""visual-arts"",""parent"":0}]","[{""name"":""Art Museum"",""slug"":""art-museum"",""term_group"":0,""term_taxonomy_id"":82,""taxonomy"":""post_tag"",""description"":"""",""parent"":0,""count"":377,""filter"":""raw"",""id"":82,""urls"":{""self"":""https://nhccnm.org/wp-json/tribe/events/v1/tags/82"",""collection"":""https://nhccnm.org/wp-json/tribe/events/v1/tags""}},{""name"":""Community"",""slug"":""community"",""term_group"":0,""term_taxonomy_id"":33,""taxonomy"":""post_tag"",""description"":"""",""parent"":0,""count"":1591,""filter"":""raw"",""id"":33,""urls"":{""self"":""https://nhccnm.org/wp-json/tribe/events/v1/tags/33"",""collection"":""https://nhccnm.org/wp-json/tribe/events/v1/tags""}},{""name"":""Food"",""slug"":""food"",""term_group"":0,""term_taxonomy_id"":49,""taxonomy"":""post_tag"",""description"":"""",""parent"":0,""count"":169,""filter"":""raw"",""id"":49,""urls"":{""self"":""https://nhccnm.org/wp-json/tribe/events/v1/tags/49"",""collection"":""https://nhccnm.org/wp-json/tribe/events/v1/tags""}}]","{""id"":678,""global_id"":""nhccnm.org?id=678"",""venue"":""Visual Art Museum"",""address"":""1701 4th Street SW"",""city"":""Albuquerque"",""country"":""United States"",""province"":""NM"",""state"":""NM"",""zip"":""87102"",""phone"":""5057244771"",""url"":""https://nhccnm.org/venue/art-museum/"",""show_map"":true,""show_map_link"":true}",[],"<p>Visual Arts Museum Open Late!</p>
<p>Thursday, October 8, 2026<br />
4:00 pm – 7:00 pm</p>
<p>NHCC | Visual Arts Museum</p>
<p>Join us for the first late night at the NHCC Museum! Visit between 4:00 pm – 7:00 pm for free museum entry <span data-olk-copy-source=""MessageBody"">and an opportunity to purchase catalogues from previous exhibitions (cash or check only).</span></p>
<p>The Visual Art Museum presents multiple exhibitions in its three gallery spaces each year and welcomes visitors of all ages. Our three galleries showcase artworks from a range of media that focus on diverse subject matter and examine identity and culture.</p>
<h4><span style=""color: #0000ff;""><a style=""color: #0000ff;"" href=""https://my.nmculture.org/56515/56516"" target=""_blank"" rel=""noopener""><strong>PLEASE MAKE YOUR RESERVATION HERE!</strong></a></span></h4>
<p>Photo by <span data-olk-copy-source=""MessageBody"">Pelícu.</span></p>",,"{""url"":""https://nhccnm.org/wp-content/uploads/2026/05/VA-Open-Late-photo.jpg"",""id"":26902,""extension"":""jpg"",""width"":1200,""height"":1208}",[],false,,,,2026-09-01 14:59:17,2026-09-01 20:59:17,true,true,,,
2026-09-30T15:38:46Z,nhccnm.org,https://nhccnm.org/wp-json/tribe/events/v1/events,1,26685,nhccnm.org?id=26685,"Mundos de Mestizaje, Torreón Tours",2026-10-09 00:00:00,2026-10-09 06:00:00,2026-10-10 23:59:59,2026-10-11 05:59:59,America/Denver,true,false,publish,https://nhccnm.org/event/mundos-de-mestizaje-torreon-tours-28/,,,,"{""currency_symbol"":""$"",""currency_code"":""USD"",""currency_position"":""prefix"",""values"":[]}","[{""id"":21,""name"":""Exhibitions"",""slug"":""exhibitions"",""parent"":0}]","[{""name"":""Classes"",""slug"":""classes"",""term_group"":0,""term_taxonomy_id"":59,""taxonomy"":""post_tag"",""description"":"""",""parent"":0,""count"":811,""filter"":""raw"",""id"":59,""urls"":{""self"":""https://nhccnm.org/wp-json/tribe/events/v1/tags/59"",""collection"":""https://nhccnm.org/wp-json/tribe/events/v1/tags""}},{""name"":""Community"",""slug"":""community"",""term_group"":0,""term_taxonomy_id"":33,""taxonomy"":""post_tag"",""description"":"""",""parent"":0,""count"":1591,""filter"":""raw"",""id"":33,""urls"":{""self"":""https://nhccnm.org/wp-json/tribe/events/v1/tags/33"",""collection"":""https://nhccnm.org/wp-json/tribe/events/v1/tags""}},{""name"":""Docent"",""slug"":""docent"",""term_group"":0,""term_taxonomy_id"":65,""taxonomy"":""post_tag"",""description"":"""",""parent"":0,""count"":213,""filter"":""raw"",""id"":65,""urls"":{""self"":""https://nhccnm.org/wp-json/tribe/events/v1/tags/65"",""collection"":""https://nhccnm.org/wp-json/tribe/events/v1/tags""}},{""name"":""Education"",""slug"":""education"",""term_group"":0,""term_taxonomy_id"":34,""taxonomy"":""post_tag"",""description"":"""",""parent"":0,""count"":1216,""filter"":""raw"",""id"":34,""urls"":{""self"":""https://nhccnm.org/wp-json/tribe/events/v1/tags/34"",""collection"":""https://nhccnm.org/wp-json/tribe/events/v1/tags""}},{""name"":""history"",""slug"":""history"",""term_group"":0,""term_taxonomy_id"":123,""taxonomy"":""post_tag"",""description"":"""",""parent"":0,""count"":220,""filter"":""raw"",""id"":123,""urls"":{""self"":""https://nhccnm.org/wp-json/tribe/events/v1/tags/123"",""collection"":""https://nhccnm.org/wp-json/tribe/events/v1/tags""}},{""name"":""Workshop"",""slug"":""workshop"",""term_group"":0,""term_taxonomy_id"":64,""taxonomy"":""post_tag"",""description"":"""",""parent"":0,""count"":955,""filter"":""raw"",""id"":64,""urls"":{""self"":""https://nhccnm.org/wp-json/tribe/events/v1/tags/64"",""collection"":""https://nhccnm.org/wp-json/tribe/events/v1/tags""}}]","{""id"":4066,""global_id"":""nhccnm.org?id=4066"",""venue"":""NHCC Torreón"",""address"":""1701 4th street SW"",""city"":""Albuquerque"",""country"":""United States"",""state"":""NM"",""zip"":""87102"",""phone"":""(505) 246-2261"",""url"":""https://nhccnm.org/venue/nhcc-torreon-2/"",""geo_lat"":35.068577,""geo_lng"":-106.655629,""show_map"":true,""show_map_link"":true}",[],"<p><strong>Fridays &amp; Saturdays</strong><br />
<strong>11:00 am</strong></p>
<p>NHCC | Welcome Center and the NHCC Torreón</p>
<p>Admission to the Torreon tour is $2. Tickets are available for advance purchase below or can also be purchased in the New Mexico Mutual Welcome Center, depending on availability. Capacity for each tour is limited.</p>
<h3><span style=""color: #0000ff;""><a style=""color: #0000ff;"" href=""https://my.nmculture.org/overview/53900"" target=""_blank"" rel=""noopener""><strong>PLEASE MAKE YOUR RESERVATION HERE!</strong></a></span></h3>
<p><em>A Vision of History through Fresco…</em><br />
<em>Mundos de Mestizaje</em> by Frederico Vigil is a mural housed in the Torreón on the campus of the National Hispanic Cultural Center. This monumental fresco depicts thousands of years of Hispanic history highlighting diverse cultural connections between people and places from the Iberian Peninsula to the Americas. The 4,000 square foot painting is one of the largest frescos in North America.</p>
<p>The digitized imagery of the painting ensures that this culturally significant work can be a sharing and learning experience for students and families anywhere. We invite you to explore the imagery, history and complexities of the <em>Mundos de Mestizaje</em> mural.</p>
<p><a href=""https://artsandculture.google.com/asset/mundos-de-mestizaje/tQFImh_lvC7RBw""><strong>Discover on your own by clicking the link HERE.</strong></a> (It may take a moment to load.  Microsoft Internet Explorer is NOT recommended.  Best experienced with Safari, Firefox or Chrome.)</p>
<p>&nbsp;</p>",,"{""url"":""https://nhccnm.org/wp-content/uploads/2026/05/Torreon-Photo-2026.jpg"",""id"":26534,""extension"":""jpg"",""width"":1200,""height"":1180}",[],false,,,,2026-07-18 12:57:39,2026-07-18 18:57:39,true,true,,,
2026-09-30T15:38:46Z,nhccnm.org,https://nhccnm.org/wp-json/tribe/events/v1/events,1,26935,nhccnm.org?id=26935,Herencia Speaker Series: Faith and Resilience,2026-10-10 00:00:00,2026-10-10 06:00:00,2026-10-10 23:59:59,2026-10-11 05:59:59,America/Denver,true,false,publish,https://nhccnm.org/event/herencia-speaker-series-faith-and-resilience/,,,,"{""currency_symbol"":""$"",""currency_code"":""USD"",""currency_position"":""prefix"",""values"":[]}","[{""id"":109,""name"":""History and Literary Arts"",""slug"":""history-and-literary-arts"",""parent"":0},{""id"":45,""name"":""Speakers"",""slug"":""speakers"",""parent"":0}]","[{""name"":""history and literary arts"",""slug"":""history-and-literary-arts"",""term_group"":0,""term_taxonomy_id"":110,""taxonomy"":""post_tag"",""description"":"""",""parent"":0,""count"":178,""filter"":""raw"",""id"":110,""urls"":{""self"":""https://nhccnm.org/wp-json/tribe/events/v1/tags/110"",""collection"":""https://nhccnm.org/wp-json/tribe/events/v1/tags""}},{""name"":""speaker"",""slug"":""speaker"",""term_group"":0,""term_taxonomy_id"":147,""taxonomy"":""post_tag"",""description"":"""",""parent"":0,""count"":15,""filter"":""raw"",""id"":147,""urls"":{""self"":""https://nhccnm.org/wp-json/tribe/events/v1/tags/147"",""collection"":""https://nhccnm.org/wp-json/tribe/events/v1/tags""}}]","{""id"":674,""global_id"":""nhccnm.org?id=674"",""venue"":""Salón Ortega"",""address"":""1701 4th Street SW"",""city"":""Albuquerque"",""province"":""NM"",""state"":""NM"",""zip"":""87102"",""phone"":""5057244771"",""url"":""https://nhccnm.org/venue/salon-ortega/"",""show_map"":true,""show_map_link"":true}",[],"<p>Herencia Speaker Series: Faith and Resilience</p>
<div>
<p><span data-olk-copy-source=""MessageBody"">Saturday, October 10, 2026,<br />
</span><span style=""font-size: 16px;"">10:00 am (Film) &amp; 11:00 (Presentation)<br />
</span><span style=""font-size: 16px;"">NHCC | Salón Ortega</span></p>
</div>
<div>
<p><span data-olk-copy-source=""MessageBody"">Head to the Center for a presentation by Cecilia Navarrete and Anthony DellaFlora on the centuries-old reverence for La Virgen de Guadalupe and the lives built around the Albuquerque’s historic railyard.</span></p>
</div>
<div>
<p>10:00am<br />
<span style=""font-size: 16px;"">Fiestas of Our Lady of Guadalupe:<br />
</span><span style=""font-size: 16px;"">A Century of Veneration<br />
</span><span style=""font-size: 16px;"">by Anthony DellaFlora</span></p>
</div>
<div>
<p>Anthony DellaFlora began his award-winning documentary film career more than 25 years ago as producer of the cult classic High Strange New Mexico, an independent production about the state’s UFO subculture. Since then, he has produced dozens of documentaries for PBS, GOV-TV and the city’s Public Art program on a variety of subjects including the Balloon Fiesta, Open Space, the National Senior Games, Breaking Bad, volcanoes, Native American cosmology, public art projects, and the federal judicial system.</p>
</div>
<p><!--more--></p>
<div>
<p>11:00am<br />
<span style=""font-size: 16px;"">Forged in Diversity: Albuquerque Railyard Workers (1880-1950)<br />
</span><span style=""font-size: 16px;"">by Cecilia Navarrete</span></p>
</div>
<div>
<p>Cecilia Navarrete is a native New Mexican who partnered with William Brown of the Wheels Museum to research the lives of Albuquerque railyards workers. Drawing on historical records, their work highlights the contributions of New Mexico Hispanos and Mexican immigrants to the railroad industry and Albuquerque’s growth. A former educator, researcher, and consultant with a Ph.D. from Stanford University, Cecilia brings more than 45 years of experience to preserving and sharing New Mexico history.</p>
</div>
<p>Free Community Event</p>
<h4><span style=""color: #0000ff;""><a style=""color: #0000ff;"" href=""https://my.nmculture.org/60766/60767"" target=""_blank"" rel=""noopener"">RESERVE YOUR TICKETS HERE!</a></span></h4>",,"{""url"":""https://nhccnm.org/wp-content/uploads/2026/08/Herencia-October-26-Web.png"",""id"":27548,""extension"":""png"",""width"":1200,""height"":1200}",[],false,,,,2026-09-29 11:38:14,2026-09-29 17:38:14,false,false,,,
2026-09-30T15:38:46Z,nhccnm.org,https://nhccnm.org/wp-json/tribe/events/v1/events,1,27286,nhccnm.org?id=27286,Muertos y Marigolds Workshop: Papel Picado,2026-10-10 00:00:00,2026-10-10 06:00:00,2026-10-10 23:59:59,2026-10-11 05:59:59,America/Denver,true,false,publish,https://nhccnm.org/event/muertos-y-marigolds-workshop-papel-picado/,,,,"{""currency_symbol"":""$"",""currency_code"":""USD"",""currency_position"":""prefix"",""values"":[]}","[{""id"":109,""name"":""History and Literary Arts"",""slug"":""history-and-literary-arts"",""parent"":0},{""id"":60,""name"":""Workshops"",""slug"":""workshops"",""parent"":0}]","[{""name"":""art"",""slug"":""art"",""term_group"":0,""term_taxonomy_id"":127,""taxonomy"":""post_tag"",""description"":"""",""parent"":0,""count"":39,""filter"":""raw"",""id"":127,""urls"":{""self"":""https://nhccnm.org/wp-json/tribe/events/v1/tags/127"",""collection"":""https://nhccnm.org/wp-json/tribe/events/v1/tags""}},{""name"":""Arte"",""slug"":""arte"",""term_group"":0,""term_taxonomy_id"":236,""taxonomy"":""post_tag"",""description"":"""",""parent"":0,""count"":9,""filter"":""raw"",""id"":236,""urls"":{""self"":""https://nhccnm.org/wp-json/tribe/events/v1/tags/236"",""collection"":""https://nhccnm.org/wp-json/tribe/events/v1/tags""}},{""name"":""free"",""slug"":""free"",""term_group"":0,""term_taxonomy_id"":117,""taxonomy"":""post_tag"",""description"":"""",""parent"":0,""count"":208,""filter"":""raw"",""id"":117,""urls"":{""self"":""https://nhccnm.org/wp-json/tribe/events/v1/tags/117"",""collection"":""https://nhccnm.org/wp-json/tribe/events/v1/tags""}},{""name"":""history and literary arts"",""slug"":""history-and-literary-arts"",""term_group"":0,""term_taxonomy_id"":110,""taxonomy"":""post_tag"",""description"":"""",""parent"":0,""count"":178,""filter"":""raw"",""id"":110,""urls"":{""self"":""https://nhccnm.org/wp-json/tribe/events/v1/tags/110"",""collection"":""https://nhccnm.org/wp-json/tribe/events/v1/tags""}},{""name"":""workshops"",""slug"":""workshops"",""term_group"":0,""term_taxonomy_id"":145,""taxonomy"":""post_tag"",""description"":"""",""parent"":0,""count"":7,""filter"":""raw"",""id"":145,""urls"":{""self"":""https://nhccnm.org/wp-json/tribe/events/v1/tags/145"",""collection"":""https://nhccnm.org/wp-json/tribe/events/v1/tags""}}]","{""id"":484,""global_id"":""nhccnm.org?id=484"",""venue"":""Domenici Education Building"",""address"":""1701 4th Street SW"",""city"":""Albuquerque"",""province"":""NM"",""state"":""NM"",""zip"":""87102"",""phone"":""5057244771"",""url"":""https://nhccnm.org/venue/domenici-education-building/"",""show_map"":false,""show_map_link"":false}",[],"<p><strong>Muertos y Marigolds Workshop: Papel Picado</strong></p>
<p>Saturday, October 10, 2026<br />
12:00 – 3:00 pm<br />
<span data-olk-copy-source=""MessageBody"">Pete V. Domenici Education Building – Creative Classroom</span></p>
<p><span data-olk-copy-source=""MessageBody"">Join local grassroots arts organization Muertos y Marigolds for their Papel Picado workshop! No registration required. First come, first served due to limited supplies.</span></p>
<p>&nbsp;</p>",,"{""url"":""https://nhccnm.org/wp-content/uploads/2026/09/Screenshot_2023-09-01_at_7.47.15_PM.jpeg"",""id"":27282,""extension"":""jpeg"",""width"":686,""height"":668}",[],false,,,,2026-09-16 17:16:09,2026-09-16 23:16:09,true,true,,,
2026-09-30T15:38:46Z,nhccnm.org,https://nhccnm.org/wp-json/tribe/events/v1/events,1,26843,nhccnm.org?id=26843,Saturday Special: Visual Arts Museum Tour,2026-10-10 00:00:00,2026-10-10 06:00:00,2026-10-10 23:59:59,2026-10-11 05:59:59,America/Denver,true,false,publish,https://nhccnm.org/event/saturday-special-visual-arts-museum-tour-5/,,,,"{""currency_symbol"":""$"",""currency_code"":""USD"",""currency_position"":""prefix"",""values"":[]}","[{""id"":41,""name"":""Education"",""slug"":""education"",""parent"":0}]","[{""name"":""Art Museum"",""slug"":""art-museum"",""term_group"":0,""term_taxonomy_id"":82,""taxonomy"":""post_tag"",""description"":"""",""parent"":0,""count"":377,""filter"":""raw"",""id"":82,""urls"":{""self"":""https://nhccnm.org/wp-json/tribe/events/v1/tags/82"",""collection"":""https://nhccnm.org/wp-json/tribe/events/v1/tags""}},{""name"":""Community"",""slug"":""community"",""term_group"":0,""term_taxonomy_id"":33,""taxonomy"":""post_tag"",""description"":"""",""parent"":0,""count"":1591,""filter"":""raw"",""id"":33,""urls"":{""self"":""https://nhccnm.org/wp-json/tribe/events/v1/tags/33"",""collection"":""https://nhccnm.org/wp-json/tribe/events/v1/tags""}},{""name"":""Docent"",""slug"":""docent"",""term_group"":0,""term_taxonomy_id"":65,""taxonomy"":""post_tag"",""description"":"""",""parent"":0,""count"":213,""filter"":""raw"",""id"":65,""urls"":{""self"":""https://nhccnm.org/wp-json/tribe/events/v1/tags/65"",""collection"":""https://nhccnm.org/wp-json/tribe/events/v1/tags""}},{""name"":""Education"",""slug"":""education"",""term_group"":0,""term_taxonomy_id"":34,""taxonomy"":""post_tag"",""description"":"""",""parent"":0,""count"":1216,""filter"":""raw"",""id"":34,""urls"":{""self"":""https://nhccnm.org/wp-json/tribe/events/v1/tags/34"",""collection"":""https://nhccnm.org/wp-json/tribe/events/v1/tags""}}]","{""id"":678,""global_id"":""nhccnm.org?id=678"",""venue"":""Visual Art Museum"",""address"":""1701 4th Street SW"",""city"":""Albuquerque"",""country"":""United States"",""province"":""NM"",""state"":""NM"",""zip"":""87102"",""phone"":""5057244771"",""url"":""https://nhccnm.org/venue/art-museum/"",""show_map"":true,""show_map_link"":true}",[],"<p><strong>1:00 pm</strong></p>
<p><strong>NHCC | Visual Arts Museum</strong></p>
<p>The art museum tour at the National Hispanic Cultural Center offers a journey through Hispanic, Chicano, LatinX and Latin American art. Visitors are guided through three galleries that highlight both historic traditions and modern artistic expressions, emphasizing cultural identity, creativity, and community stories.</p>
<p>Admission to the tour is free with the price of admission. Tickets are available for advance purchase below or can also be purchased in the New Mexico Mutual Welcome Center, depending on availability.</p>
<h4><span style=""color: #0000ff;""><a style=""color: #0000ff;"" href=""https://my.nmculture.org/events?kid=30"" target=""_blank"" rel=""noopener""><strong>PLEASE M</strong><strong>AKE YOUR RESERVATION HERE!</strong></a></span></h4>",,"{""url"":""https://nhccnm.org/wp-content/uploads/2026/07/nhcc-va-museum-graphic.jpg"",""id"":26842,""extension"":""jpg"",""width"":1200,""height"":1186}",[],false,,,,2026-07-29 11:56:05,2026-07-29 17:56:05,true,true,,,
2026-09-30T15:38:46Z,nhccnm.org,https://nhccnm.org/wp-json/tribe/events/v1/events,1,26732,nhccnm.org?id=26732,NM Philharmonic: Young Musical Stars Play Tchaikovsky &#038; Schumann,2026-10-11 00:00:00,2026-10-11 06:00:00,2026-10-11 23:59:59,2026-10-12 05:59:59,America/Denver,true,false,publish,https://nhccnm.org/event/nm-philharmonic-young-musical-stars-play-tchaikovsky-schumann/,,,,"{""currency_symbol"":""$"",""currency_code"":""USD"",""currency_position"":""prefix"",""values"":[]}","[{""id"":43,""name"":""Rental"",""slug"":""rental"",""parent"":0}]","[{""name"":""Community"",""slug"":""community"",""term_group"":0,""term_taxonomy_id"":33,""taxonomy"":""post_tag"",""description"":"""",""parent"":0,""count"":1591,""filter"":""raw"",""id"":33,""urls"":{""self"":""https://nhccnm.org/wp-json/tribe/events/v1/tags/33"",""collection"":""https://nhccnm.org/wp-json/tribe/events/v1/tags""}},{""name"":""Music"",""slug"":""music"",""term_group"":0,""term_taxonomy_id"":31,""taxonomy"":""post_tag"",""description"":"""",""parent"":0,""count"":508,""filter"":""raw"",""id"":31,""urls"":{""self"":""https://nhccnm.org/wp-json/tribe/events/v1/tags/31"",""collection"":""https://nhccnm.org/wp-json/tribe/events/v1/tags""}}]","{""id"":483,""global_id"":""nhccnm.org?id=483"",""venue"":""Roy E. Disney Center for Performing Arts: Albuquerque Journal Theatre"",""address"":""1701 4th St SW"",""city"":""Albuquerque"",""province"":""NM"",""state"":""NM"",""zip"":""87102"",""phone"":""(505)724-4771"",""url"":""https://nhccnm.org/venue/albuquerque-journal-theatre/"",""geo_lat"":35.068577,""geo_lng"":-106.655629,""show_map"":false,""show_map_link"":false}",[],"<p>NM Philharmonic: Young Musical Stars Play Tchaikovsky &amp; Schumann<br />
Sunday, October 11, 2026<br />
2:00 pm</p>
<p>NHCC | Albuquerque Journal Theatre</p>
<p>2026/2027 AFTERNOON CLASSICS at NHCC</p>
<p>New Mexico Philharmonic presents Young Musical Stars Play Tchaikovsky &amp; Schumann</p>
<p>Celebrate the artistry of the next generation of musicians as the Jackie McGehee Young Artists&#8217; Competition winners perform beloved concerto movements by Tchaikovsky and Schumann. The program also features Beethoven&#8217;s dramatic <em>Leonore </em>Overture No. 3, the third of four overtures he composed for his opera <em>Fidelio</em>. The afternoon concludes with Prokofiev&#8217;s sparkling <em>Classical Symphony</em>, a witty and affectionate tribute to the musical styles of an earlier era.</p>
<p>Roberto Minczuk Music Director<br />
Alicia Peng violin<br />
Sowmya Sankaran piano</p>
<p>Schumann: Piano Concerto in a minor, I. Allegro affettuoso<br />
Tchaikovsky: Violin Concerto in D major, I. Allegro moderato<br />
Beethoven: <em>Leonore</em> Overture No. 3<br />
Prokofiev: <em>Classical Symphony</em></p>
<p><a href=""https://nmphil.org/"">For more information on the New Mexico Philharmonic please call them at (505) 323-4343 or check out the website HERE.</a></p>
<p>$34, $44, $54 &amp; $78</p>
<h3><span style=""color: #0000ff;""><a style=""color: #0000ff;"" href=""https://my.nmculture.org/overview/59018"" target=""_blank"" rel=""noopener"">RESERVE YOUR TICKETS HERE!</a></span></h3>
<hr />
<p><em>*The event is a rental event not an NHCC production. The title, content, photos/images and description for this event were provided to the NHCC by the organization renting the NHCC venue for the event. By serving as a venue and posting the event on its website, the NHCC is not endorsing any views expressed in the title or description of the event, nor is it endorsing the content of the event.</em></p>
<p><em>*All NHCC performance/event ticket sales go through the National Hispanic Cultural Center Website. NHCC is a division of New Mexico Department of Cultural Affairs. You will be redirected to our central ticketing system. DO NOT BUY FROM THIRD PARTIES. If you see a third party app or website, please report it to the Center at (505) 246-2261.</em></p>",,"{""url"":""https://nhccnm.org/wp-content/uploads/2025/07/NM-Philharmonic-FB-Header.jpg"",""id"":24761,""extension"":""jpg"",""width"":1200,""height"":1122}",[],false,,,,2026-09-22 15:39:05,2026-09-22 21:39:05,true,true,,,
2026-09-30T15:38:46Z,nhccnm.org,https://nhccnm.org/wp-json/tribe/events/v1/events,1,27627,nhccnm.org?id=27627,The Curious Life of Edgar Allan Poe – Lecture with Julianna Rubio Slager and Harry Lee Poe,2026-10-15 00:00:00,2026-10-15 06:00:00,2026-10-15 23:59:59,2026-10-16 05:59:59,America/Denver,true,false,publish,https://nhccnm.org/event/the-curious-life-of-edgar-allan-poe-lecture-with-julianna-rubio-slager-and-harry-lee-poe/,,,,"{""currency_symbol"":""$"",""currency_code"":""USD"",""currency_position"":""prefix"",""values"":[]}","[{""id"":109,""name"":""History and Literary Arts"",""slug"":""history-and-literary-arts"",""parent"":0},{""id"":45,""name"":""Speakers"",""slug"":""speakers"",""parent"":0}]","[{""name"":""free"",""slug"":""free"",""term_group"":0,""term_taxonomy_id"":117,""taxonomy"":""post_tag"",""description"":"""",""parent"":0,""count"":208,""filter"":""raw"",""id"":117,""urls"":{""self"":""https://nhccnm.org/wp-json/tribe/events/v1/tags/117"",""collection"":""https://nhccnm.org/wp-json/tribe/events/v1/tags""}},{""name"":""history and literary arts"",""slug"":""history-and-literary-arts"",""term_group"":0,""term_taxonomy_id"":110,""taxonomy"":""post_tag"",""description"":"""",""parent"":0,""count"":178,""filter"":""raw"",""id"":110,""urls"":{""self"":""https://nhccnm.org/wp-json/tribe/events/v1/tags/110"",""collection"":""https://nhccnm.org/wp-json/tribe/events/v1/tags""}},{""name"":""Lecture"",""slug"":""lecture"",""term_group"":0,""term_taxonomy_id"":71,""taxonomy"":""post_tag"",""description"":"""",""parent"":0,""count"":122,""filter"":""raw"",""id"":71,""urls"":{""self"":""https://nhccnm.org/wp-json/tribe/events/v1/tags/71"",""collection"":""https://nhccnm.org/wp-json/tribe/events/v1/tags""}},{""name"":""Seasonal Events"",""slug"":""seasonal-events"",""term_group"":0,""term_taxonomy_id"":206,""taxonomy"":""post_tag"",""description"":"""",""parent"":0,""count"":11,""filter"":""raw"",""id"":206,""urls"":{""self"":""https://nhccnm.org/wp-json/tribe/events/v1/tags/206"",""collection"":""https://nhccnm.org/wp-json/tribe/events/v1/tags""}}]","{""id"":674,""global_id"":""nhccnm.org?id=674"",""venue"":""Salón Ortega"",""address"":""1701 4th Street SW"",""city"":""Albuquerque"",""province"":""NM"",""state"":""NM"",""zip"":""87102"",""phone"":""5057244771"",""url"":""https://nhccnm.org/venue/salon-ortega/"",""show_map"":true,""show_map_link"":true}",[],"<p>The Curious Life of Edgar Allan Poe – Lecture with Julianna Rubio Slager and Harry Lee Poe</p>
<p><span data-olk-copy-source=""MessageBody"">Thursday, October 15, 2026<br />
</span><span data-olk-copy-source=""MessageBody"">6:30 – 8:30 pm<br />
NHCC | Salón Ortega</span></p>
<p><span data-olk-copy-source=""MessageBody"">Julianna Rubio Slager invites audiences beyond the familiar myths surrounding Edgar Allan Poe to discover who he truly was. Drawing from resources provided by the Poe Museum and Harry Lee Poe’s family history of Poe’s journey, Julianna will explore the man behind the myth through his life, writing, relationships, faith, and the experiences that shaped his work. The conversation will also examine Poe’s complicated relationships with women and slavery, offering a richer and more human understanding of the writer and his legacy.</span></p>
<p>Free Community Event</p>
<p><a href=""https://my.nmculture.org/59005/61693"" target=""_blank"" rel=""noopener"">PLEASE REGISTER IN ADVANCE HERE!</a></p>",,"{""url"":""https://nhccnm.org/wp-content/uploads/2026/09/Edgar-Allan-Poe-2627-Season-1080-x-1080-px-1.jpg"",""id"":27628,""extension"":""jpg"",""width"":1080,""height"":1080}",[],false,,,,2026-09-25 13:23:13,2026-09-25 19:23:13,true,true,,,
2026-09-30T15:38:46Z,nhccnm.org,https://nhccnm.org/wp-json/tribe/events/v1/events,1,27575,nhccnm.org?id=27575,Thriller Film Series: Cien años de perdón/To Steal from a Thief,2026-10-15 00:00:00,2026-10-15 06:00:00,2026-10-15 23:59:59,2026-10-16 05:59:59,America/Denver,true,false,publish,https://nhccnm.org/event/thriller-film-series-cien-anos-de-perdon-to-steal-from-a-thief/,,,,"{""currency_symbol"":""$"",""currency_code"":""USD"",""currency_position"":""prefix"",""values"":[]}","[{""id"":53,""name"":""Film"",""slug"":""film"",""parent"":0},{""id"":101,""name"":""Instituto Cervantes"",""slug"":""instituto-cervantes"",""parent"":0},{""id"":24,""name"":""Performing Arts"",""slug"":""performing-arts"",""parent"":0},{""id"":37,""name"":""Seasonal Events"",""slug"":""seasonal-events"",""parent"":0}]","[{""name"":""Cine"",""slug"":""cine"",""term_group"":0,""term_taxonomy_id"":86,""taxonomy"":""post_tag"",""description"":"""",""parent"":0,""count"":407,""filter"":""raw"",""id"":86,""urls"":{""self"":""https://nhccnm.org/wp-json/tribe/events/v1/tags/86"",""collection"":""https://nhccnm.org/wp-json/tribe/events/v1/tags""}},{""name"":""Film"",""slug"":""film"",""term_group"":0,""term_taxonomy_id"":54,""taxonomy"":""post_tag"",""description"":"""",""parent"":0,""count"":481,""filter"":""raw"",""id"":54,""urls"":{""self"":""https://nhccnm.org/wp-json/tribe/events/v1/tags/54"",""collection"":""https://nhccnm.org/wp-json/tribe/events/v1/tags""}},{""name"":""free"",""slug"":""free"",""term_group"":0,""term_taxonomy_id"":117,""taxonomy"":""post_tag"",""description"":"""",""parent"":0,""count"":208,""filter"":""raw"",""id"":117,""urls"":{""self"":""https://nhccnm.org/wp-json/tribe/events/v1/tags/117"",""collection"":""https://nhccnm.org/wp-json/tribe/events/v1/tags""}},{""name"":""Instituto Cervantes"",""slug"":""instituto-cervantes"",""term_group"":0,""term_taxonomy_id"":105,""taxonomy"":""post_tag"",""description"":"""",""parent"":0,""count"":190,""filter"":""raw"",""id"":105,""urls"":{""self"":""https://nhccnm.org/wp-json/tribe/events/v1/tags/105"",""collection"":""https://nhccnm.org/wp-json/tribe/events/v1/tags""}},{""name"":""Performing Arts"",""slug"":""performing-arts"",""term_group"":0,""term_taxonomy_id"":42,""taxonomy"":""post_tag"",""description"":"""",""parent"":0,""count"":310,""filter"":""raw"",""id"":42,""urls"":{""self"":""https://nhccnm.org/wp-json/tribe/events/v1/tags/42"",""collection"":""https://nhccnm.org/wp-json/tribe/events/v1/tags""}},{""name"":""Seasonal Events"",""slug"":""seasonal-events"",""term_group"":0,""term_taxonomy_id"":206,""taxonomy"":""post_tag"",""description"":"""",""parent"":0,""count"":11,""filter"":""raw"",""id"":206,""urls"":{""self"":""https://nhccnm.org/wp-json/tribe/events/v1/tags/206"",""collection"":""https://nhccnm.org/wp-json/tribe/events/v1/tags""}}]","{""id"":676,""global_id"":""nhccnm.org?id=676"",""venue"":""Roy E. Disney Center for Performing Arts: Bank of America Theatre"",""address"":""1701 4th Street SW"",""city"":""Albuquerque"",""province"":""NM"",""zip"":""87102"",""phone"":""5057244771"",""url"":""https://nhccnm.org/venue/bank-of-america-film-theatre/"",""show_map"":true,""show_map_link"":true}",[],"<p><strong>Thriller Film Series: <em>Cien años de perdón/To Steal from a Thief </em></strong></p>
<p>Thursday, Oct. 15, 2026<br />
7:00 pm</p>
<p>NHCC | Bank of America Theatre</p>
<p><span data-olk-copy-source=""MessageBody"">Just in time for Halloween, join us for our <i>Thriller! </i>film series, in partnership with Instituto Cervantes de Albuquerque. </span>We will be screening four films, all from the thriller genre. Our series continues with <em>Cien años de perdón/To Steal from a Thief</em> (2016), a suspenseful bank heist thriller in Valencia.</p>
<p>NOTE: All films in this series are intended for mature audiences.</p>
<p><strong>About the film: </strong>On a rainy day in Valencia, a squad of crack safecrackers targets their latest quarry: a nondescript downtown bank. But what’s supposed to be a routine job turns into much more, exposing a high-level web of political and financial corruption that threatens to ensnare the thieves. Starring Luis Tosar. (Spain, 2016, dir. Daniel Calparsoro)</p>
<p>Director: Daniel Calparsoro | Spain, 2016 | In Spanish with English subtitles | 97 minutes | Rating: For audiences over 16 years of age</p>
<p>Presented in collaboration with the Instituto Cervantes Albuquerque, NHCC, Spanish Agency for International Development Cooperation (AECID)</p>
<p>Free community event. Please let us know who will be attending below.</p>
<h4><span style=""color: #0000ff;""><a style=""color: #0000ff;"" href=""https://my.nmculture.org/61485/61688"" target=""_blank"" rel=""noopener"">RESERVE YOUR TICKETS HERE!</a></span></h4>
<p>&nbsp;</p>",,"{""url"":""https://nhccnm.org/wp-content/uploads/2026/09/Cien_anos-1200x1200-1.jpg"",""id"":27621,""extension"":""jpg"",""width"":1200,""height"":1260}",[],false,,,,2026-09-24 11:32:22,2026-09-24 17:32:22,true,true,,,
2026-09-30T15:38:46Z,nhccnm.org,https://nhccnm.org/wp-json/tribe/events/v1/events,1,26687,nhccnm.org?id=26687,"Mundos de Mestizaje, Torreón Tours",2026-10-16 00:00:00,2026-10-16 06:00:00,2026-10-17 23:59:59,2026-10-18 05:59:59,America/Denver,true,false,publish,https://nhccnm.org/event/mundos-de-mestizaje-torreon-tours-29/,,,,"{""currency_symbol"":""$"",""currency_code"":""USD"",""currency_position"":""prefix"",""values"":[]}","[{""id"":21,""name"":""Exhibitions"",""slug"":""exhibitions"",""parent"":0}]","[{""name"":""Classes"",""slug"":""classes"",""term_group"":0,""term_taxonomy_id"":59,""taxonomy"":""post_tag"",""description"":"""",""parent"":0,""count"":811,""filter"":""raw"",""id"":59,""urls"":{""self"":""https://nhccnm.org/wp-json/tribe/events/v1/tags/59"",""collection"":""https://nhccnm.org/wp-json/tribe/events/v1/tags""}},{""name"":""Community"",""slug"":""community"",""term_group"":0,""term_taxonomy_id"":33,""taxonomy"":""post_tag"",""description"":"""",""parent"":0,""count"":1591,""filter"":""raw"",""id"":33,""urls"":{""self"":""https://nhccnm.org/wp-json/tribe/events/v1/tags/33"",""collection"":""https://nhccnm.org/wp-json/tribe/events/v1/tags""}},{""name"":""Docent"",""slug"":""docent"",""term_group"":0,""term_taxonomy_id"":65,""taxonomy"":""post_tag"",""description"":"""",""parent"":0,""count"":213,""filter"":""raw"",""id"":65,""urls"":{""self"":""https://nhccnm.org/wp-json/tribe/events/v1/tags/65"",""collection"":""https://nhccnm.org/wp-json/tribe/events/v1/tags""}},{""name"":""Education"",""slug"":""education"",""term_group"":0,""term_taxonomy_id"":34,""taxonomy"":""post_tag"",""description"":"""",""parent"":0,""count"":1216,""filter"":""raw"",""id"":34,""urls"":{""self"":""https://nhccnm.org/wp-json/tribe/events/v1/tags/34"",""collection"":""https://nhccnm.org/wp-json/tribe/events/v1/tags""}},{""name"":""history"",""slug"":""history"",""term_group"":0,""term_taxonomy_id"":123,""taxonomy"":""post_tag"",""description"":"""",""parent"":0,""count"":220,""filter"":""raw"",""id"":123,""urls"":{""self"":""https://nhccnm.org/wp-json/tribe/events/v1/tags/123"",""collection"":""https://nhccnm.org/wp-json/tribe/events/v1/tags""}},{""name"":""Workshop"",""slug"":""workshop"",""term_group"":0,""term_taxonomy_id"":64,""taxonomy"":""post_tag"",""description"":"""",""parent"":0,""count"":955,""filter"":""raw"",""id"":64,""urls"":{""self"":""https://nhccnm.org/wp-json/tribe/events/v1/tags/64"",""collection"":""https://nhccnm.org/wp-json/tribe/events/v1/tags""}}]","{""id"":4066,""global_id"":""nhccnm.org?id=4066"",""venue"":""NHCC Torreón"",""address"":""1701 4th street SW"",""city"":""Albuquerque"",""country"":""United States"",""state"":""NM"",""zip"":""87102"",""phone"":""(505) 246-2261"",""url"":""https://nhccnm.org/venue/nhcc-torreon-2/"",""geo_lat"":35.068577,""geo_lng"":-106.655629,""show_map"":true,""show_map_link"":true}",[],"<p><strong>Fridays &amp; Saturdays</strong><br />
<strong>11:00 am</strong></p>
<p>NHCC | Welcome Center and the NHCC Torreón</p>
<p>Admission to the Torreon tour is $2. Tickets are available for advance purchase below or can also be purchased in the New Mexico Mutual Welcome Center, depending on availability. Capacity for each tour is limited.</p>
<h3><span style=""color: #0000ff;""><a style=""color: #0000ff;"" href=""https://my.nmculture.org/events/30058,43481?view=calendarhttps://my.nmculture.org/overview/53900"" target=""_blank"" rel=""noopener""><strong>PLEASE MAKE YOUR RESERVATION HERE!</strong></a></span></h3>
<p><em>A Vision of History through Fresco…</em><br />
<em>Mundos de Mestizaje</em> by Frederico Vigil is a mural housed in the Torreón on the campus of the National Hispanic Cultural Center. This monumental fresco depicts thousands of years of Hispanic history highlighting diverse cultural connections between people and places from the Iberian Peninsula to the Americas. The 4,000 square foot painting is one of the largest frescos in North America.</p>
<p>The digitized imagery of the painting ensures that this culturally significant work can be a sharing and learning experience for students and families anywhere. We invite you to explore the imagery, history and complexities of the <em>Mundos de Mestizaje</em> mural.</p>
<p><a href=""https://artsandculture.google.com/asset/mundos-de-mestizaje/tQFImh_lvC7RBw""><strong>Discover on your own by clicking the link HERE.</strong></a> (It may take a moment to load.  Microsoft Internet Explorer is NOT recommended.  Best experienced with Safari, Firefox or Chrome.)</p>
<p>&nbsp;</p>",,"{""url"":""https://nhccnm.org/wp-content/uploads/2026/05/Torreon-Photo-2026.jpg"",""id"":26534,""extension"":""jpg"",""width"":1200,""height"":1180}",[],false,,,,2026-07-18 12:58:48,2026-07-18 18:58:48,true,true,,,
2026-09-30T15:38:46Z,nhccnm.org,https://nhccnm.org/wp-json/tribe/events/v1/events,1,26633,nhccnm.org?id=26633,Ballet 5:8: The Curious Life of Edgar Allan Poe,2026-10-17 00:00:00,2026-10-17 06:00:00,2026-10-17 23:59:59,2026-10-18 05:59:59,America/Denver,true,false,publish,https://nhccnm.org/event/ballet-58-the-curious-life-of-edgar-allan-poe/,,,,"{""currency_symbol"":""$"",""currency_code"":""USD"",""currency_position"":""prefix"",""values"":[]}","[{""id"":43,""name"":""Rental"",""slug"":""rental"",""parent"":0}]","[{""name"":""Baile!"",""slug"":""baile"",""term_group"":0,""term_taxonomy_id"":38,""taxonomy"":""post_tag"",""description"":"""",""parent"":0,""count"":374,""filter"":""raw"",""id"":38,""urls"":{""self"":""https://nhccnm.org/wp-json/tribe/events/v1/tags/38"",""collection"":""https://nhccnm.org/wp-json/tribe/events/v1/tags""}},{""name"":""Community"",""slug"":""community"",""term_group"":0,""term_taxonomy_id"":33,""taxonomy"":""post_tag"",""description"":"""",""parent"":0,""count"":1591,""filter"":""raw"",""id"":33,""urls"":{""self"":""https://nhccnm.org/wp-json/tribe/events/v1/tags/33"",""collection"":""https://nhccnm.org/wp-json/tribe/events/v1/tags""}},{""name"":""Dance"",""slug"":""dance"",""term_group"":0,""term_taxonomy_id"":39,""taxonomy"":""post_tag"",""description"":"""",""parent"":0,""count"":414,""filter"":""raw"",""id"":39,""urls"":{""self"":""https://nhccnm.org/wp-json/tribe/events/v1/tags/39"",""collection"":""https://nhccnm.org/wp-json/tribe/events/v1/tags""}},{""name"":""Performing Arts"",""slug"":""performing-arts"",""term_group"":0,""term_taxonomy_id"":42,""taxonomy"":""post_tag"",""description"":"""",""parent"":0,""count"":310,""filter"":""raw"",""id"":42,""urls"":{""self"":""https://nhccnm.org/wp-json/tribe/events/v1/tags/42"",""collection"":""https://nhccnm.org/wp-json/tribe/events/v1/tags""}},{""name"":""rental"",""slug"":""rental"",""term_group"":0,""term_taxonomy_id"":44,""taxonomy"":""post_tag"",""description"":"""",""parent"":0,""count"":274,""filter"":""raw"",""id"":44,""urls"":{""self"":""https://nhccnm.org/wp-json/tribe/events/v1/tags/44"",""collection"":""https://nhccnm.org/wp-json/tribe/events/v1/tags""}}]","{""id"":483,""global_id"":""nhccnm.org?id=483"",""venue"":""Roy E. Disney Center for Performing Arts: Albuquerque Journal Theatre"",""address"":""1701 4th St SW"",""city"":""Albuquerque"",""province"":""NM"",""state"":""NM"",""zip"":""87102"",""phone"":""(505)724-4771"",""url"":""https://nhccnm.org/venue/albuquerque-journal-theatre/"",""geo_lat"":35.068577,""geo_lng"":-106.655629,""show_map"":false,""show_map_link"":false}",[],"<p>Ballet 5:8: The Curious Life of Edgar Allan Poe<br />
Saturday, October 17, 2026<br />
7:00 pm</p>
<p>NHCC | Albuquerque Journal Theatre</p>
<p>Ballet 5:8 presents <em>The Curious Life of Edgar Allan Poe</em>. This haunting original ballet invites audiences inside the imagination of one of America’s greatest writers. As love, loss, obsession, and memory unfold, Poe’s most iconic stories—including &#8220;The Raven,&#8221; &#8220;The Tell-Tale Heart,&#8221; and &#8220;The Masque of the Red Death&#8221;—emerge through breathtaking dance, spoken word, and an evocative American score.</p>
<p>Performed without intermission, this 90-minute theatrical experience is as emotionally resonant as it is visually unforgettable.</p>
<p>$50 with a $10 discount for students and seniors.</p>
<h3><span style=""color: #0000ff;""><a style=""color: #0000ff;"" href=""https://my.nmculture.org/overview/59005"" target=""_blank"" rel=""noopener"">RESERVE YOUR TICKET HERE!</a></span></h3>
<p>Ballet 5:8 is a professional ballet company, dance school, touring company, and public humanities partner. Founded in 2012 by Julianna Rubio Slager and Amy Kozol Sanderson, Ballet 5:8 was created to meet a need: a professional ballet company that reflects the richness of its city, speaks to the soul, and nurtures both excellence and equity. Based in Chicago and the South Suburbs, Ballet 5:8 creates original story ballets, trains the next generation of artists, and brings dance into theaters, schools, libraries, churches, and community spaces.</p>
<p>For more information on Ballet 5:8 please go to their website here:<br />
<a href=""https://www.ballet58.org/about"">About Ballet 5:8 | Chicago Ballet Company, Dance School &amp; Original Story Ballets | Ballet 5:8</a><br />
<a href=""https://www.ballet58.org/about"">https://www.ballet58.org/about</a></p>
<hr />
<p><em>*The event is a rental event not an NHCC production. The title, content, photos/images and description for this event were provided to the NHCC by the organization renting the NHCC venue for the event. By serving as a venue and posting the event on its website, the NHCC is not endorsing any views expressed in the title or description of the event, nor is it endorsing the content of the event.</em></p>
<p><em>*All NHCC performance/event ticket sales go through the National Hispanic Cultural Center Website. NHCC is a division of New Mexico Department of Cultural Affairs. You will be redirected to our central ticketing system. DO NOT BUY FROM THIRD PARTIES. If you see a third-party app or website, please report it to the Center at (505) 246-2261.</em></p>",,"{""url"":""https://nhccnm.org/wp-content/uploads/2026/07/Edgar-Allan-Poe-graphic-120x1200-1.jpg"",""id"":26631,""extension"":""jpg"",""width"":1200,""height"":1200}",[],false,,,,2026-07-21 10:17:49,2026-07-21 16:17:49,true,true,,,
2026-09-30T15:38:46Z,nhccnm.org,https://nhccnm.org/wp-json/tribe/events/v1/events,1,27288,nhccnm.org?id=27288,Muertos y Marigolds Workshop: Mosaics,2026-10-17 00:00:00,2026-10-17 06:00:00,2026-10-17 23:59:59,2026-10-18 05:59:59,America/Denver,true,false,publish,https://nhccnm.org/event/muertos-y-marigolds-workshop-mosaics/,,,,"{""currency_symbol"":""$"",""currency_code"":""USD"",""currency_position"":""prefix"",""values"":[]}","[{""id"":109,""name"":""History and Literary Arts"",""slug"":""history-and-literary-arts"",""parent"":0},{""id"":60,""name"":""Workshops"",""slug"":""workshops"",""parent"":0}]","[{""name"":""art"",""slug"":""art"",""term_group"":0,""term_taxonomy_id"":127,""taxonomy"":""post_tag"",""description"":"""",""parent"":0,""count"":39,""filter"":""raw"",""id"":127,""urls"":{""self"":""https://nhccnm.org/wp-json/tribe/events/v1/tags/127"",""collection"":""https://nhccnm.org/wp-json/tribe/events/v1/tags""}},{""name"":""Arte"",""slug"":""arte"",""term_group"":0,""term_taxonomy_id"":236,""taxonomy"":""post_tag"",""description"":"""",""parent"":0,""count"":9,""filter"":""raw"",""id"":236,""urls"":{""self"":""https://nhccnm.org/wp-json/tribe/events/v1/tags/236"",""collection"":""https://nhccnm.org/wp-json/tribe/events/v1/tags""}},{""name"":""free"",""slug"":""free"",""term_group"":0,""term_taxonomy_id"":117,""taxonomy"":""post_tag"",""description"":"""",""parent"":0,""count"":208,""filter"":""raw"",""id"":117,""urls"":{""self"":""https://nhccnm.org/wp-json/tribe/events/v1/tags/117"",""collection"":""https://nhccnm.org/wp-json/tribe/events/v1/tags""}},{""name"":""history and literary arts"",""slug"":""history-and-literary-arts"",""term_group"":0,""term_taxonomy_id"":110,""taxonomy"":""post_tag"",""description"":"""",""parent"":0,""count"":178,""filter"":""raw"",""id"":110,""urls"":{""self"":""https://nhccnm.org/wp-json/tribe/events/v1/tags/110"",""collection"":""https://nhccnm.org/wp-json/tribe/events/v1/tags""}},{""name"":""workshops"",""slug"":""workshops"",""term_group"":0,""term_taxonomy_id"":145,""taxonomy"":""post_tag"",""description"":"""",""parent"":0,""count"":7,""filter"":""raw"",""id"":145,""urls"":{""self"":""https://nhccnm.org/wp-json/tribe/events/v1/tags/145"",""collection"":""https://nhccnm.org/wp-json/tribe/events/v1/tags""}}]","{""id"":484,""global_id"":""nhccnm.org?id=484"",""venue"":""Domenici Education Building"",""address"":""1701 4th Street SW"",""city"":""Albuquerque"",""province"":""NM"",""state"":""NM"",""zip"":""87102"",""phone"":""5057244771"",""url"":""https://nhccnm.org/venue/domenici-education-building/"",""show_map"":false,""show_map_link"":false}",[],"<p><strong>Muertos y Marigolds Workshop: Mosaics</strong></p>
<p>Saturday, October 17, 2026<br />
12:00 – 3:00 pm<br />
<span data-olk-copy-source=""MessageBody"">Pete V. Domenici Education Building – Creative Classroom</span></p>
<p><span data-olk-copy-source=""MessageBody"">Join local grassroots arts organization Muertos y Marigolds for their Mosaic workshop! No registration required. First come, first served due to limited supplies.</span></p>",,"{""url"":""https://nhccnm.org/wp-content/uploads/2026/09/Screenshot_2023-09-01_at_7.47.15_PM.jpeg"",""id"":27282,""extension"":""jpeg"",""width"":686,""height"":668}",[],false,,,,2026-09-16 17:19:15,2026-09-16 23:19:15,true,true,,,
2026-09-30T15:38:46Z,nhccnm.org,https://nhccnm.org/wp-json/tribe/events/v1/events,1,26635,nhccnm.org?id=26635,Ballet 5:8: La Llorona,2026-10-18 00:00:00,2026-10-18 06:00:00,2026-10-18 23:59:59,2026-10-19 05:59:59,America/Denver,true,false,publish,https://nhccnm.org/event/ballet-58-la-llorona/,,,,"{""currency_symbol"":""$"",""currency_code"":""USD"",""currency_position"":""prefix"",""values"":[]}","[{""id"":43,""name"":""Rental"",""slug"":""rental"",""parent"":0}]","[{""name"":""Baile!"",""slug"":""baile"",""term_group"":0,""term_taxonomy_id"":38,""taxonomy"":""post_tag"",""description"":"""",""parent"":0,""count"":374,""filter"":""raw"",""id"":38,""urls"":{""self"":""https://nhccnm.org/wp-json/tribe/events/v1/tags/38"",""collection"":""https://nhccnm.org/wp-json/tribe/events/v1/tags""}},{""name"":""Community"",""slug"":""community"",""term_group"":0,""term_taxonomy_id"":33,""taxonomy"":""post_tag"",""description"":"""",""parent"":0,""count"":1591,""filter"":""raw"",""id"":33,""urls"":{""self"":""https://nhccnm.org/wp-json/tribe/events/v1/tags/33"",""collection"":""https://nhccnm.org/wp-json/tribe/events/v1/tags""}},{""name"":""Dance"",""slug"":""dance"",""term_group"":0,""term_taxonomy_id"":39,""taxonomy"":""post_tag"",""description"":"""",""parent"":0,""count"":414,""filter"":""raw"",""id"":39,""urls"":{""self"":""https://nhccnm.org/wp-json/tribe/events/v1/tags/39"",""collection"":""https://nhccnm.org/wp-json/tribe/events/v1/tags""}},{""name"":""rental"",""slug"":""rental"",""term_group"":0,""term_taxonomy_id"":44,""taxonomy"":""post_tag"",""description"":"""",""parent"":0,""count"":274,""filter"":""raw"",""id"":44,""urls"":{""self"":""https://nhccnm.org/wp-json/tribe/events/v1/tags/44"",""collection"":""https://nhccnm.org/wp-json/tribe/events/v1/tags""}}]","{""id"":483,""global_id"":""nhccnm.org?id=483"",""venue"":""Roy E. Disney Center for Performing Arts: Albuquerque Journal Theatre"",""address"":""1701 4th St SW"",""city"":""Albuquerque"",""province"":""NM"",""state"":""NM"",""zip"":""87102"",""phone"":""(505)724-4771"",""url"":""https://nhccnm.org/venue/albuquerque-journal-theatre/"",""geo_lat"":35.068577,""geo_lng"":-106.655629,""show_map"":false,""show_map_link"":false}",[],"<p>Ballet 5:8: La Llorona<br />
Sunday, October 18, 2026<br />
3:00 pm</p>
<p>NHCC | Albuquerque Journal Theatre</p>
<p>Ballet 5:8 presents <em>La Llorona</em>. <em>La Llorona</em> reimagines the legendary figure through the story of Maria, a young mother experiencing postpartum depression. Rather than a tale of terror, this original ballet becomes a compassionate portrait of love, illness, family, and hope. Blending powerful choreography with an evocative original score, <em>La Llorona</em> invites audiences to see one of Latin America’s most enduring legends through a deeply human lens.</p>
<p>Performed without intermission, this 80-minute theatrical experience is both emotionally moving and profoundly relevant.</p>
<p>$50 with a $10 discount for students and seniors.</p>
<h3><a href=""https://my.nmculture.org/overview/59005"" target=""_blank"" rel=""noopener"">RESERVE YOUR TICKET HERE!</a></h3>
<p>Ballet 5:8 is a professional ballet company, dance school, touring company, and public humanities partner. Founded in 2012 by Julianna Rubio Slager and Amy Kozol Sanderson, Ballet 5:8 was created to meet a need: a professional ballet company that reflects the richness of its city, speaks to the soul, and nurtures both excellence and equity. Based in Chicago and the South Suburbs, Ballet 5:8 creates original story ballets, trains the next generation of artists, and brings dance into theaters, schools, libraries, churches, and community spaces.</p>
<p>For more information on Ballet 5:8 please go to their website here:<br />
<a href=""https://www.ballet58.org/about"">About Ballet 5:8 | Chicago Ballet Company, Dance School &amp; Original Story Ballets | Ballet 5:8</a><br />
<a href=""https://www.ballet58.org/about"">https://www.ballet58.org/about</a></p>
<hr />
<p><em>*The event is a rental event not an NHCC production. The title, content, photos/images and description for this event were provided to the NHCC by the organization renting the NHCC venue for the event. By serving as a venue and posting the event on its website, the NHCC is not endorsing any views expressed in the title or description of the event, nor is it endorsing the content of the event.</em></p>
<p><em>*All NHCC performance/event ticket sales go through the National Hispanic Cultural Center Website. NHCC is a division of New Mexico Department of Cultural Affairs. You will be redirected to our central ticketing system. DO NOT BUY FROM THIRD PARTIES. If you see a third-party app or website, please report it to the Center at (505) 246-2261.</em></p>
<p>&nbsp;</p>",,"{""url"":""https://nhccnm.org/wp-content/uploads/2026/07/La_Llorona_26_27_Square.jpg"",""id"":26632,""extension"":""jpg"",""width"":1080,""height"":1080}",[],false,,,,2026-07-21 11:42:19,2026-07-21 17:42:19,true,true,,,
2026-09-30T15:38:46Z,nhccnm.org,https://nhccnm.org/wp-json/tribe/events/v1/events,1,27579,nhccnm.org?id=27579,Thriller Film Series: Todos lo saben/Everybody Knows,2026-10-22 00:00:00,2026-10-22 06:00:00,2026-10-22 23:59:59,2026-10-23 05:59:59,America/Denver,true,false,publish,https://nhccnm.org/event/thriller-film-series-todos-lo-saben-everybody-knows/,,,,"{""currency_symbol"":""$"",""currency_code"":""USD"",""currency_position"":""prefix"",""values"":[]}","[{""id"":101,""name"":""Instituto Cervantes"",""slug"":""instituto-cervantes"",""parent"":0}]","[{""name"":""Cine"",""slug"":""cine"",""term_group"":0,""term_taxonomy_id"":86,""taxonomy"":""post_tag"",""description"":"""",""parent"":0,""count"":407,""filter"":""raw"",""id"":86,""urls"":{""self"":""https://nhccnm.org/wp-json/tribe/events/v1/tags/86"",""collection"":""https://nhccnm.org/wp-json/tribe/events/v1/tags""}},{""name"":""Film"",""slug"":""film"",""term_group"":0,""term_taxonomy_id"":54,""taxonomy"":""post_tag"",""description"":"""",""parent"":0,""count"":481,""filter"":""raw"",""id"":54,""urls"":{""self"":""https://nhccnm.org/wp-json/tribe/events/v1/tags/54"",""collection"":""https://nhccnm.org/wp-json/tribe/events/v1/tags""}},{""name"":""free"",""slug"":""free"",""term_group"":0,""term_taxonomy_id"":117,""taxonomy"":""post_tag"",""description"":"""",""parent"":0,""count"":208,""filter"":""raw"",""id"":117,""urls"":{""self"":""https://nhccnm.org/wp-json/tribe/events/v1/tags/117"",""collection"":""https://nhccnm.org/wp-json/tribe/events/v1/tags""}},{""name"":""Instituto Cervantes"",""slug"":""instituto-cervantes"",""term_group"":0,""term_taxonomy_id"":105,""taxonomy"":""post_tag"",""description"":"""",""parent"":0,""count"":190,""filter"":""raw"",""id"":105,""urls"":{""self"":""https://nhccnm.org/wp-json/tribe/events/v1/tags/105"",""collection"":""https://nhccnm.org/wp-json/tribe/events/v1/tags""}},{""name"":""Performing Arts"",""slug"":""performing-arts"",""term_group"":0,""term_taxonomy_id"":42,""taxonomy"":""post_tag"",""description"":"""",""parent"":0,""count"":310,""filter"":""raw"",""id"":42,""urls"":{""self"":""https://nhccnm.org/wp-json/tribe/events/v1/tags/42"",""collection"":""https://nhccnm.org/wp-json/tribe/events/v1/tags""}},{""name"":""Seasonal Events"",""slug"":""seasonal-events"",""term_group"":0,""term_taxonomy_id"":206,""taxonomy"":""post_tag"",""description"":"""",""parent"":0,""count"":11,""filter"":""raw"",""id"":206,""urls"":{""self"":""https://nhccnm.org/wp-json/tribe/events/v1/tags/206"",""collection"":""https://nhccnm.org/wp-json/tribe/events/v1/tags""}}]","{""id"":679,""global_id"":""nhccnm.org?id=679"",""venue"":""Roy E. Disney Center for Performing Arts: Wells Fargo Auditorium"",""address"":""1701 4th Street SW"",""city"":""Albuquerque"",""province"":""NM"",""state"":""NM"",""zip"":""87102"",""phone"":""(505) 724-4771"",""url"":""https://nhccnm.org/venue/wells-fargo-auditorium/"",""geo_lat"":35.068577,""geo_lng"":-106.655629,""show_map"":false,""show_map_link"":true}",[],"<p><strong>Thriller Film Series: <em>Todos lo saben/Everybody Knows</em></strong></p>
<p>Thursday, Oct. 22, 2026<br />
7:00 pm</p>
<p>NHCC | <span data-olk-copy-source=""MessageBody"">Wells Fargo Auditorium</span></p>
<p><span data-olk-copy-source=""MessageBody"">Just in time for Halloween, join us for our <i>Thriller! </i>film series, in partnership with Instituto Cervantes de Albuquerque. </span>We will be screening four films, all from the thriller genre. Our series continues with <i data-olk-copy-source=""MessageBody"">Todos lo saben/Everybody Knows</i>, about a young woman’s disappearance at a wedding outside Madrid.</p>
<p>NOTE: All films in the series are intended for mature audiences.</p>
<p><strong>About the film: </strong><span data-olk-copy-source=""MessageBody"">A mother-daughter trip to attend a family member’s wedding in their hometown outside Madrid turns into a nightmare after the daughter is kidnapped and long-buried family secrets resurface. Starring Penelope Cruz and Javier Bardem. (Spain, 2018, dir. Asghar Farhadi)</span></p>
<p>Director Asghar Farhadi | Spain, 2018, | In Spanish with English subtitles | 130 minutes | Rating: For audiences over 16 years of age</p>
<p>Presented in collaboration with the Instituto Cervantes Albuquerque, NHCC, Spanish Agency for International Development Cooperation (AECID)</p>
<p>Free community event. Please let us know who will be attending below.</p>
<h4><span style=""color: #0000ff;""><a style=""color: #0000ff;"" href=""https://my.nmculture.org/61485/61689"" target=""_blank"" rel=""noopener"">Reserve Your Tickets Here!</a></span></h4>",,"{""url"":""https://nhccnm.org/wp-content/uploads/2026/09/EVERYBODY_KNOWS-poster-1.jpg"",""id"":27618,""extension"":""jpg"",""width"":1453,""height"":1492}",[],false,,,,2026-09-29 13:33:34,2026-09-29 19:33:34,true,true,,,
2026-09-30T15:38:46Z,nhccnm.org,https://nhccnm.org/wp-json/tribe/events/v1/events,1,26689,nhccnm.org?id=26689,"Mundos de Mestizaje, Torreón Tours",2026-10-23 00:00:00,2026-10-23 06:00:00,2026-10-24 23:59:59,2026-10-25 05:59:59,America/Denver,true,false,publish,https://nhccnm.org/event/mundos-de-mestizaje-torreon-tours-30/,,,,"{""currency_symbol"":""$"",""currency_code"":""USD"",""currency_position"":""prefix"",""values"":[]}","[{""id"":21,""name"":""Exhibitions"",""slug"":""exhibitions"",""parent"":0}]","[{""name"":""Classes"",""slug"":""classes"",""term_group"":0,""term_taxonomy_id"":59,""taxonomy"":""post_tag"",""description"":"""",""parent"":0,""count"":811,""filter"":""raw"",""id"":59,""urls"":{""self"":""https://nhccnm.org/wp-json/tribe/events/v1/tags/59"",""collection"":""https://nhccnm.org/wp-json/tribe/events/v1/tags""}},{""name"":""Community"",""slug"":""community"",""term_group"":0,""term_taxonomy_id"":33,""taxonomy"":""post_tag"",""description"":"""",""parent"":0,""count"":1591,""filter"":""raw"",""id"":33,""urls"":{""self"":""https://nhccnm.org/wp-json/tribe/events/v1/tags/33"",""collection"":""https://nhccnm.org/wp-json/tribe/events/v1/tags""}},{""name"":""Docent"",""slug"":""docent"",""term_group"":0,""term_taxonomy_id"":65,""taxonomy"":""post_tag"",""description"":"""",""parent"":0,""count"":213,""filter"":""raw"",""id"":65,""urls"":{""self"":""https://nhccnm.org/wp-json/tribe/events/v1/tags/65"",""collection"":""https://nhccnm.org/wp-json/tribe/events/v1/tags""}},{""name"":""Education"",""slug"":""education"",""term_group"":0,""term_taxonomy_id"":34,""taxonomy"":""post_tag"",""description"":"""",""parent"":0,""count"":1216,""filter"":""raw"",""id"":34,""urls"":{""self"":""https://nhccnm.org/wp-json/tribe/events/v1/tags/34"",""collection"":""https://nhccnm.org/wp-json/tribe/events/v1/tags""}},{""name"":""history"",""slug"":""history"",""term_group"":0,""term_taxonomy_id"":123,""taxonomy"":""post_tag"",""description"":"""",""parent"":0,""count"":220,""filter"":""raw"",""id"":123,""urls"":{""self"":""https://nhccnm.org/wp-json/tribe/events/v1/tags/123"",""collection"":""https://nhccnm.org/wp-json/tribe/events/v1/tags""}},{""name"":""Workshop"",""slug"":""workshop"",""term_group"":0,""term_taxonomy_id"":64,""taxonomy"":""post_tag"",""description"":"""",""parent"":0,""count"":955,""filter"":""raw"",""id"":64,""urls"":{""self"":""https://nhccnm.org/wp-json/tribe/events/v1/tags/64"",""collection"":""https://nhccnm.org/wp-json/tribe/events/v1/tags""}}]","{""id"":4066,""global_id"":""nhccnm.org?id=4066"",""venue"":""NHCC Torreón"",""address"":""1701 4th street SW"",""city"":""Albuquerque"",""country"":""United States"",""state"":""NM"",""zip"":""87102"",""phone"":""(505) 246-2261"",""url"":""https://nhccnm.org/venue/nhcc-torreon-2/"",""geo_lat"":35.068577,""geo_lng"":-106.655629,""show_map"":true,""show_map_link"":true}",[],"<p><strong>Fridays &amp; Saturdays</strong><br />
<strong>11:00 am</strong></p>
<p>NHCC | Welcome Center and the NHCC Torreón</p>
<p>Admission to the Torreon tour is $2. Tickets are available for advance purchase below or can also be purchased in the New Mexico Mutual Welcome Center, depending on availability. Capacity for each tour is limited.</p>
<h3><span style=""color: #0000ff;""><a style=""color: #0000ff;"" href=""https://my.nmculture.org/overview/53900"" target=""_blank"" rel=""noopener""><strong>PLEASE MAKE YOUR RESERVATION HERE!</strong></a></span></h3>
<p><em>A Vision of History through Fresco…</em><br />
<em>Mundos de Mestizaje</em> by Frederico Vigil is a mural housed in the Torreón on the campus of the National Hispanic Cultural Center. This monumental fresco depicts thousands of years of Hispanic history highlighting diverse cultural connections between people and places from the Iberian Peninsula to the Americas. The 4,000 square foot painting is one of the largest frescos in North America.</p>
<p>The digitized imagery of the painting ensures that this culturally significant work can be a sharing and learning experience for students and families anywhere. We invite you to explore the imagery, history and complexities of the <em>Mundos de Mestizaje</em> mural.</p>
<p><a href=""https://artsandculture.google.com/asset/mundos-de-mestizaje/tQFImh_lvC7RBw""><strong>Discover on your own by clicking the link HERE.</strong></a> (It may take a moment to load.  Microsoft Internet Explorer is NOT recommended.  Best experienced with Safari, Firefox or Chrome.)</p>
<p>&nbsp;</p>",,"{""url"":""https://nhccnm.org/wp-content/uploads/2026/05/Torreon-Photo-2026.jpg"",""id"":26534,""extension"":""jpg"",""width"":1200,""height"":1180}",[],false,,,,2026-07-18 12:59:37,2026-07-18 18:59:37,true,true,,,
2026-09-30T15:38:46Z,nhccnm.org,https://nhccnm.org/wp-json/tribe/events/v1/events,1,26643,nhccnm.org?id=26643,Opera Southwest: Cavalleria rusticana,2026-10-25 00:00:00,2026-10-25 06:00:00,2026-11-01 23:59:59,2026-11-02 06:59:59,America/Denver,true,false,publish,https://nhccnm.org/event/opera-southwest-cavalleria-rusticana/,,,,"{""currency_symbol"":""$"",""currency_code"":""USD"",""currency_position"":""prefix"",""values"":[]}","[{""id"":43,""name"":""Rental"",""slug"":""rental"",""parent"":0}]","[{""name"":""Community"",""slug"":""community"",""term_group"":0,""term_taxonomy_id"":33,""taxonomy"":""post_tag"",""description"":"""",""parent"":0,""count"":1591,""filter"":""raw"",""id"":33,""urls"":{""self"":""https://nhccnm.org/wp-json/tribe/events/v1/tags/33"",""collection"":""https://nhccnm.org/wp-json/tribe/events/v1/tags""}},{""name"":""Music"",""slug"":""music"",""term_group"":0,""term_taxonomy_id"":31,""taxonomy"":""post_tag"",""description"":"""",""parent"":0,""count"":508,""filter"":""raw"",""id"":31,""urls"":{""self"":""https://nhccnm.org/wp-json/tribe/events/v1/tags/31"",""collection"":""https://nhccnm.org/wp-json/tribe/events/v1/tags""}},{""name"":""Opera"",""slug"":""opera"",""term_group"":0,""term_taxonomy_id"":107,""taxonomy"":""post_tag"",""description"":"""",""parent"":0,""count"":48,""filter"":""raw"",""id"":107,""urls"":{""self"":""https://nhccnm.org/wp-json/tribe/events/v1/tags/107"",""collection"":""https://nhccnm.org/wp-json/tribe/events/v1/tags""}},{""name"":""Performing Arts"",""slug"":""performing-arts"",""term_group"":0,""term_taxonomy_id"":42,""taxonomy"":""post_tag"",""description"":"""",""parent"":0,""count"":310,""filter"":""raw"",""id"":42,""urls"":{""self"":""https://nhccnm.org/wp-json/tribe/events/v1/tags/42"",""collection"":""https://nhccnm.org/wp-json/tribe/events/v1/tags""}},{""name"":""rental"",""slug"":""rental"",""term_group"":0,""term_taxonomy_id"":44,""taxonomy"":""post_tag"",""description"":"""",""parent"":0,""count"":274,""filter"":""raw"",""id"":44,""urls"":{""self"":""https://nhccnm.org/wp-json/tribe/events/v1/tags/44"",""collection"":""https://nhccnm.org/wp-json/tribe/events/v1/tags""}},{""name"":""Theatre"",""slug"":""theatre"",""term_group"":0,""term_taxonomy_id"":46,""taxonomy"":""post_tag"",""description"":"""",""parent"":0,""count"":868,""filter"":""raw"",""id"":46,""urls"":{""self"":""https://nhccnm.org/wp-json/tribe/events/v1/tags/46"",""collection"":""https://nhccnm.org/wp-json/tribe/events/v1/tags""}}]","{""id"":483,""global_id"":""nhccnm.org?id=483"",""venue"":""Roy E. Disney Center for Performing Arts: Albuquerque Journal Theatre"",""address"":""1701 4th St SW"",""city"":""Albuquerque"",""province"":""NM"",""state"":""NM"",""zip"":""87102"",""phone"":""(505)724-4771"",""url"":""https://nhccnm.org/venue/albuquerque-journal-theatre/"",""geo_lat"":35.068577,""geo_lng"":-106.655629,""show_map"":false,""show_map_link"":false}",[],"<p>Opera Southwest: <em>Cavalleria rusticana</em><br />
October 25, 28, 30 &amp; November 1, 2026<br />
2:00 pm Sundays and 7:30 pm Wednesday and Friday</p>
<p>NHCC | Albuquerque Journal Theatre</p>
<p>Music / Pietro Mascagni<br />
Libretto / Giovanni Targioni-Tozzetti and Guido Menasci</p>
<p><strong>Love, Honor, and a Bloody Sicilian Easter</strong><br />
This is red-sauce opera at its finest: passionate, visceral, and over before you know it, making it the perfect introduction for a first-time operagoer. Bring someone who is sure they don’t like opera. Former OSW Apprentice Artist Max Potter returns as Santuzza, and Jeremy Brauner makes his OSW debut as Turiddu.</p>
<p>CAST<br />
Turiddu / Jeremy Brauner<br />
Santuzza / Max Potter<br />
Alfio / Todd Thomas<br />
Mamma Lucia / Olga Perez Flora</p>
<p>CREATIVE TEAM<br />
Conductor / Robert Mollicone<br />
Director / Madeleine Snow<br />
Scenic and Lighting Designer / Daniel Chapman<br />
Wigs &amp; Makeup / Jacqueline Chavez<br />
Chorus Master / Aaron Howe</p>
<p>Piano tuning and preparation are provided by Albuquerque Piano Services: <a href=""http://www.albuquerque-piano-tuning.com"">http://www.albuquerque-piano-tuning.com</a></p>
<p>Running Time: 90 minutes</p>
<p>SUNG IN ITALIAN<br />
-English translations are projected above the stage for all operas-</p>
<p>Sundays – $35, $55, $75, $99, &amp; $119<br />
Wednesday – $19, $39, $59, $69, &amp; $99<br />
Friday &#8211; $29, $49, $69, $89, &amp; $109<br />
With discounts for anyone 30 years old and younger. Special <em>Opera for All</em> tickets for any seat in the theatre with proof of WIC or EBT cards. Limit only 2 tickets per</p>
<h3><span style=""color: #0000ff;""><a style=""color: #0000ff;"" href=""https://my.nmculture.org/events/58662,58944?endDate=2027-06-30"">RESERVE YOUR TICKETS HERE!</a></span></h3>
<p>45 Minutes before curtain, Opera Southwest offers our “Opera Insights” pre-opera talks. These take place in either the Bank of America auditorium or the Wells Fargo auditorium, both accessible from the shared lobby with the Journal Theatre.</p>
<p>For more information on Opera Southwest please click HERE.</p>
<p>Tickets are not available online for this event. Season tickets are available through the Opera offices or at <a href=""https://www.operasouthwest.org/"">https://www.operasouthwest.org/</a>. Single tickets are expected to go on sale starting on September 1. Please contact the NHCC Welcome Center at (505) 724-4771 to get updated ticket availability information.</p>
<hr />
<p><em>*In accordance with the ticketing policies of the event promoter, tickets for this event are not permitted to be advertised or re-sold for more than face value. All ticket sales must be purchased through National Hispanic Cultural Center or accompanying host partner.</em></p>
<p><em>*All NHCC performance/event ticket sales go through the National Hispanic Cultural Center Website. NHCC is a division of New Mexico Department of Cultural Affairs. You will be redirected to our central ticketing system. DO NOT BUY FROM THIRD PARTIES. If you see a third party app or website, please report it to the Center at (505) 246-2261.</em></p>
<p>&nbsp;</p>",,"{""url"":""https://nhccnm.org/wp-content/uploads/2026/07/CavCompositeWeb-scaled-1.jpg"",""id"":26644,""extension"":""jpg"",""width"":1187,""height"":1215}",[],false,,,,2026-07-21 10:54:11,2026-07-21 16:54:11,true,true,,,
2026-09-30T15:38:46Z,nhccnm.org,https://nhccnm.org/wp-json/tribe/events/v1/events,1,27583,nhccnm.org?id=27583,Thriller Film Series: Ventajas de viajar en tren/Advantages of Travelling by Train,2026-10-29 00:00:00,2026-10-29 06:00:00,2026-10-29 23:59:59,2026-10-30 05:59:59,America/Denver,true,false,publish,https://nhccnm.org/event/thriller-film-series-ventajas-de-viajar-en-tren-advantages-of-travelling-by-train/,,,,"{""currency_symbol"":""$"",""currency_code"":""USD"",""currency_position"":""prefix"",""values"":[]}","[{""id"":101,""name"":""Instituto Cervantes"",""slug"":""instituto-cervantes"",""parent"":0}]","[{""name"":""Cine"",""slug"":""cine"",""term_group"":0,""term_taxonomy_id"":86,""taxonomy"":""post_tag"",""description"":"""",""parent"":0,""count"":407,""filter"":""raw"",""id"":86,""urls"":{""self"":""https://nhccnm.org/wp-json/tribe/events/v1/tags/86"",""collection"":""https://nhccnm.org/wp-json/tribe/events/v1/tags""}},{""name"":""Film"",""slug"":""film"",""term_group"":0,""term_taxonomy_id"":54,""taxonomy"":""post_tag"",""description"":"""",""parent"":0,""count"":481,""filter"":""raw"",""id"":54,""urls"":{""self"":""https://nhccnm.org/wp-json/tribe/events/v1/tags/54"",""collection"":""https://nhccnm.org/wp-json/tribe/events/v1/tags""}},{""name"":""free"",""slug"":""free"",""term_group"":0,""term_taxonomy_id"":117,""taxonomy"":""post_tag"",""description"":"""",""parent"":0,""count"":208,""filter"":""raw"",""id"":117,""urls"":{""self"":""https://nhccnm.org/wp-json/tribe/events/v1/tags/117"",""collection"":""https://nhccnm.org/wp-json/tribe/events/v1/tags""}},{""name"":""Instituto Cervantes"",""slug"":""instituto-cervantes"",""term_group"":0,""term_taxonomy_id"":105,""taxonomy"":""post_tag"",""description"":"""",""parent"":0,""count"":190,""filter"":""raw"",""id"":105,""urls"":{""self"":""https://nhccnm.org/wp-json/tribe/events/v1/tags/105"",""collection"":""https://nhccnm.org/wp-json/tribe/events/v1/tags""}},{""name"":""Performing Arts"",""slug"":""performing-arts"",""term_group"":0,""term_taxonomy_id"":42,""taxonomy"":""post_tag"",""description"":"""",""parent"":0,""count"":310,""filter"":""raw"",""id"":42,""urls"":{""self"":""https://nhccnm.org/wp-json/tribe/events/v1/tags/42"",""collection"":""https://nhccnm.org/wp-json/tribe/events/v1/tags""}},{""name"":""Seasonal Events"",""slug"":""seasonal-events"",""term_group"":0,""term_taxonomy_id"":206,""taxonomy"":""post_tag"",""description"":"""",""parent"":0,""count"":11,""filter"":""raw"",""id"":206,""urls"":{""self"":""https://nhccnm.org/wp-json/tribe/events/v1/tags/206"",""collection"":""https://nhccnm.org/wp-json/tribe/events/v1/tags""}}]","{""id"":676,""global_id"":""nhccnm.org?id=676"",""venue"":""Roy E. Disney Center for Performing Arts: Bank of America Theatre"",""address"":""1701 4th Street SW"",""city"":""Albuquerque"",""province"":""NM"",""zip"":""87102"",""phone"":""5057244771"",""url"":""https://nhccnm.org/venue/bank-of-america-film-theatre/"",""show_map"":true,""show_map_link"":true}",[],"<p><strong>Thriller Film Series: <em>Ventajas de viajar en tren/Advantages of Travelling by Train</em></strong></p>
<p>Thursday, Oct. 29, 2026<br />
7:00 pm</p>
<p>NHCC | Bank of America Theatre</p>
<p><span data-olk-copy-source=""MessageBody"">Just in time for Halloween, join us for our <i>Thriller! </i>film series, in partnership with Instituto Cervantes de Albuquerque. </span>We will be screening four films, all from the thriller genre. Our series concludes with <em>Ventajas de viajar en tren/Advantages of Travelling by Train </em>(2019), <span data-olk-copy-source=""MessageBody"">a black comedy starring Luis Tosar set in Basque Country and Murcia. </span></p>
<p>NOTE: All films in the series are intended for mature audiences.</p>
<p><strong>About the film: </strong>A combination black comedy-psychological mind-bender, the film<i> </i>weaves together multiple stories of obsession and fantasy, as shared between two strangers on a train: one a chatty psychiatrist, the other Helga, who’s just committed her paranoid husband to a psychiatric ward. Starring Luis Tosar.</p>
<p>Director: Carlota Pereda | Spain, 2022 | In Spanish with English subtitles | 99 minutes | Rating: For audiences over 16 years of age; violence and strong language</p>
<p>Presented in collaboration with the Instituto Cervantes Albuquerque, NHCC, Spanish Agency for International Development Cooperation (AECID)</p>
<p>Free community event. Please let us know who will be attending below.</p>
<h4><span style=""color: #0000ff;""><a style=""color: #0000ff;"" href=""https://my.nmculture.org/61485/61690"" target=""_blank"" rel=""noopener"">Reserve Your Tickets Here!</a></span></h4>",,"{""url"":""https://nhccnm.org/wp-content/uploads/2026/09/Ventajas-1200x1200-1.jpg"",""id"":27620,""extension"":""jpg"",""width"":1200,""height"":1298}",[],false,,,,2026-09-24 11:15:42,2026-09-24 17:15:42,true,true,,,
2026-09-30T15:38:46Z,nhccnm.org,https://nhccnm.org/wp-json/tribe/events/v1/events,1,26691,nhccnm.org?id=26691,"Mundos de Mestizaje, Torreón Tours",2026-10-30 00:00:00,2026-10-30 06:00:00,2026-10-31 23:59:59,2026-11-01 05:59:59,America/Denver,true,false,publish,https://nhccnm.org/event/mundos-de-mestizaje-torreon-tours-31/,,,,"{""currency_symbol"":""$"",""currency_code"":""USD"",""currency_position"":""prefix"",""values"":[]}","[{""id"":21,""name"":""Exhibitions"",""slug"":""exhibitions"",""parent"":0}]","[{""name"":""Classes"",""slug"":""classes"",""term_group"":0,""term_taxonomy_id"":59,""taxonomy"":""post_tag"",""description"":"""",""parent"":0,""count"":811,""filter"":""raw"",""id"":59,""urls"":{""self"":""https://nhccnm.org/wp-json/tribe/events/v1/tags/59"",""collection"":""https://nhccnm.org/wp-json/tribe/events/v1/tags""}},{""name"":""Community"",""slug"":""community"",""term_group"":0,""term_taxonomy_id"":33,""taxonomy"":""post_tag"",""description"":"""",""parent"":0,""count"":1591,""filter"":""raw"",""id"":33,""urls"":{""self"":""https://nhccnm.org/wp-json/tribe/events/v1/tags/33"",""collection"":""https://nhccnm.org/wp-json/tribe/events/v1/tags""}},{""name"":""Docent"",""slug"":""docent"",""term_group"":0,""term_taxonomy_id"":65,""taxonomy"":""post_tag"",""description"":"""",""parent"":0,""count"":213,""filter"":""raw"",""id"":65,""urls"":{""self"":""https://nhccnm.org/wp-json/tribe/events/v1/tags/65"",""collection"":""https://nhccnm.org/wp-json/tribe/events/v1/tags""}},{""name"":""Education"",""slug"":""education"",""term_group"":0,""term_taxonomy_id"":34,""taxonomy"":""post_tag"",""description"":"""",""parent"":0,""count"":1216,""filter"":""raw"",""id"":34,""urls"":{""self"":""https://nhccnm.org/wp-json/tribe/events/v1/tags/34"",""collection"":""https://nhccnm.org/wp-json/tribe/events/v1/tags""}},{""name"":""history"",""slug"":""history"",""term_group"":0,""term_taxonomy_id"":123,""taxonomy"":""post_tag"",""description"":"""",""parent"":0,""count"":220,""filter"":""raw"",""id"":123,""urls"":{""self"":""https://nhccnm.org/wp-json/tribe/events/v1/tags/123"",""collection"":""https://nhccnm.org/wp-json/tribe/events/v1/tags""}},{""name"":""Workshop"",""slug"":""workshop"",""term_group"":0,""term_taxonomy_id"":64,""taxonomy"":""post_tag"",""description"":"""",""parent"":0,""count"":955,""filter"":""raw"",""id"":64,""urls"":{""self"":""https://nhccnm.org/wp-json/tribe/events/v1/tags/64"",""collection"":""https://nhccnm.org/wp-json/tribe/events/v1/tags""}}]","{""id"":4066,""global_id"":""nhccnm.org?id=4066"",""venue"":""NHCC Torreón"",""address"":""1701 4th street SW"",""city"":""Albuquerque"",""country"":""United States"",""state"":""NM"",""zip"":""87102"",""phone"":""(505) 246-2261"",""url"":""https://nhccnm.org/venue/nhcc-torreon-2/"",""geo_lat"":35.068577,""geo_lng"":-106.655629,""show_map"":true,""show_map_link"":true}",[],"<p><strong>Fridays &amp; Saturdays</strong><br />
<strong>11:00 am</strong></p>
<p>NHCC | Welcome Center and the NHCC Torreón</p>
<p>Admission to the Torreon tour is $2. Tickets are available for advance purchase below or can also be purchased in the New Mexico Mutual Welcome Center, depending on availability. Capacity for each tour is limited.</p>
<h3><span style=""color: #0000ff;""><a style=""color: #0000ff;"" href=""https://my.nmculture.org/overview/53900"" target=""_blank"" rel=""noopener""><strong>PLEASE MAKE YOUR RESERVATION HERE!</strong></a></span></h3>
<p><em>A Vision of History through Fresco…</em><br />
<em>Mundos de Mestizaje</em> by Frederico Vigil is a mural housed in the Torreón on the campus of the National Hispanic Cultural Center. This monumental fresco depicts thousands of years of Hispanic history highlighting diverse cultural connections between people and places from the Iberian Peninsula to the Americas. The 4,000 square foot painting is one of the largest frescos in North America.</p>
<p>The digitized imagery of the painting ensures that this culturally significant work can be a sharing and learning experience for students and families anywhere. We invite you to explore the imagery, history and complexities of the <em>Mundos de Mestizaje</em> mural.</p>
<p><a href=""https://artsandculture.google.com/asset/mundos-de-mestizaje/tQFImh_lvC7RBw""><strong>Discover on your own by clicking the link HERE.</strong></a> (It may take a moment to load.  Microsoft Internet Explorer is NOT recommended.  Best experienced with Safari, Firefox or Chrome.)</p>
<p>&nbsp;</p>",,"{""url"":""https://nhccnm.org/wp-content/uploads/2026/05/Torreon-Photo-2026.jpg"",""id"":26534,""extension"":""jpg"",""width"":1200,""height"":1180}",[],false,,,,2026-07-18 13:00:11,2026-07-18 19:00:11,true,true,,,
2026-09-30T15:38:46Z,nhccnm.org,https://nhccnm.org/wp-json/tribe/events/v1/events,1,26909,nhccnm.org?id=26909,Visual Arts Museum: First Sunday Free Admission,2026-11-01 00:00:00,2026-11-01 06:00:00,2026-11-01 23:59:59,2026-11-02 06:59:59,America/Denver,true,false,publish,https://nhccnm.org/event/visual-arts-museum-first-sunday-free-admission-52/,,,,"{""currency_symbol"":""$"",""currency_code"":""USD"",""currency_position"":""prefix"",""values"":[]}",[],"[{""name"":""Art Museum"",""slug"":""art-museum"",""term_group"":0,""term_taxonomy_id"":82,""taxonomy"":""post_tag"",""description"":"""",""parent"":0,""count"":377,""filter"":""raw"",""id"":82,""urls"":{""self"":""https://nhccnm.org/wp-json/tribe/events/v1/tags/82"",""collection"":""https://nhccnm.org/wp-json/tribe/events/v1/tags""}},{""name"":""Community"",""slug"":""community"",""term_group"":0,""term_taxonomy_id"":33,""taxonomy"":""post_tag"",""description"":"""",""parent"":0,""count"":1591,""filter"":""raw"",""id"":33,""urls"":{""self"":""https://nhccnm.org/wp-json/tribe/events/v1/tags/33"",""collection"":""https://nhccnm.org/wp-json/tribe/events/v1/tags""}},{""name"":""Spare Afternoon"",""slug"":""spare-afternoon"",""term_group"":0,""term_taxonomy_id"":23,""taxonomy"":""post_tag"",""description"":"""",""parent"":0,""count"":565,""filter"":""raw"",""id"":23,""urls"":{""self"":""https://nhccnm.org/wp-json/tribe/events/v1/tags/23"",""collection"":""https://nhccnm.org/wp-json/tribe/events/v1/tags""}}]","{""id"":678,""global_id"":""nhccnm.org?id=678"",""venue"":""Visual Art Museum"",""address"":""1701 4th Street SW"",""city"":""Albuquerque"",""country"":""United States"",""province"":""NM"",""state"":""NM"",""zip"":""87102"",""phone"":""5057244771"",""url"":""https://nhccnm.org/venue/art-museum/"",""show_map"":true,""show_map_link"":true}",[],"<p><strong>Visual Arts Museum: First Sunday Free Admission<br />
Sunday, November 1, 2026<br />
10:00 am to 4:00 pm</strong></p>
<p>The Art Museum presents multiple exhibitions in its three gallery spaces each year and welcomes visitors of all ages. Our three galleries showcase artworks from a range of media that focus on diverse subject matter and examine identity and culture.</p>
<p>On the first Sunday of every month, the Visual Arts Museum is free to all New Mexico residents!</p>
<h4><span style=""color: #0000ff;""><a style=""color: #0000ff;"" href=""https://my.nmculture.org/53898/58892""><strong>PLEASE MAKE YOUR RESERVATION HERE!</strong></a></span></h4>",,"{""url"":""https://nhccnm.org/wp-content/uploads/2024/08/VA-Museum-Feature-700x700-1.jpg"",""id"":21247,""extension"":""jpg"",""width"":700,""height"":568}",[],false,,,,2026-08-12 10:45:54,2026-08-12 16:45:54,true,true,,,
2026-09-30T15:38:46Z,nhccnm.org,https://nhccnm.org/wp-json/tribe/events/v1/events,1,26774,nhccnm.org?id=26774,Artist Dialogue: ashleigh steele chavez,2026-11-03 00:00:00,2026-11-03 07:00:00,2026-11-03 23:59:59,2026-11-04 06:59:59,America/Denver,true,false,publish,https://nhccnm.org/event/artist-dialogue-ashleigh-steele-chavez/,,,,"{""currency_symbol"":""$"",""currency_code"":""USD"",""currency_position"":""prefix"",""values"":[]}","[{""id"":22,""name"":""Visual Arts"",""slug"":""visual-arts"",""parent"":0}]","[{""name"":""Community"",""slug"":""community"",""term_group"":0,""term_taxonomy_id"":33,""taxonomy"":""post_tag"",""description"":"""",""parent"":0,""count"":1591,""filter"":""raw"",""id"":33,""urls"":{""self"":""https://nhccnm.org/wp-json/tribe/events/v1/tags/33"",""collection"":""https://nhccnm.org/wp-json/tribe/events/v1/tags""}},{""name"":""Community Gallery"",""slug"":""community-gallery"",""term_group"":0,""term_taxonomy_id"":228,""taxonomy"":""post_tag"",""description"":"""",""parent"":0,""count"":9,""filter"":""raw"",""id"":228,""urls"":{""self"":""https://nhccnm.org/wp-json/tribe/events/v1/tags/228"",""collection"":""https://nhccnm.org/wp-json/tribe/events/v1/tags""}},{""name"":""free"",""slug"":""free"",""term_group"":0,""term_taxonomy_id"":117,""taxonomy"":""post_tag"",""description"":"""",""parent"":0,""count"":208,""filter"":""raw"",""id"":117,""urls"":{""self"":""https://nhccnm.org/wp-json/tribe/events/v1/tags/117"",""collection"":""https://nhccnm.org/wp-json/tribe/events/v1/tags""}},{""name"":""Museum"",""slug"":""museum"",""term_group"":0,""term_taxonomy_id"":36,""taxonomy"":""post_tag"",""description"":"""",""parent"":0,""count"":385,""filter"":""raw"",""id"":36,""urls"":{""self"":""https://nhccnm.org/wp-json/tribe/events/v1/tags/36"",""collection"":""https://nhccnm.org/wp-json/tribe/events/v1/tags""}},{""name"":""speakers"",""slug"":""speakers"",""term_group"":0,""term_taxonomy_id"":161,""taxonomy"":""post_tag"",""description"":"""",""parent"":0,""count"":12,""filter"":""raw"",""id"":161,""urls"":{""self"":""https://nhccnm.org/wp-json/tribe/events/v1/tags/161"",""collection"":""https://nhccnm.org/wp-json/tribe/events/v1/tags""}},{""name"":""special event"",""slug"":""special-event"",""term_group"":0,""term_taxonomy_id"":246,""taxonomy"":""post_tag"",""description"":"""",""parent"":0,""count"":6,""filter"":""raw"",""id"":246,""urls"":{""self"":""https://nhccnm.org/wp-json/tribe/events/v1/tags/246"",""collection"":""https://nhccnm.org/wp-json/tribe/events/v1/tags""}},{""name"":""visual arts"",""slug"":""visual-arts"",""term_group"":0,""term_taxonomy_id"":167,""taxonomy"":""post_tag"",""description"":"""",""parent"":0,""count"":27,""filter"":""raw"",""id"":167,""urls"":{""self"":""https://nhccnm.org/wp-json/tribe/events/v1/tags/167"",""collection"":""https://nhccnm.org/wp-json/tribe/events/v1/tags""}}]","{""id"":679,""global_id"":""nhccnm.org?id=679"",""venue"":""Roy E. Disney Center for Performing Arts: Wells Fargo Auditorium"",""address"":""1701 4th Street SW"",""city"":""Albuquerque"",""province"":""NM"",""state"":""NM"",""zip"":""87102"",""phone"":""(505) 724-4771"",""url"":""https://nhccnm.org/venue/wells-fargo-auditorium/"",""geo_lat"":35.068577,""geo_lng"":-106.655629,""show_map"":false,""show_map_link"":true}",[],"<p>Artist Dialogue: ashleigh steele chavez</p>
<p><strong><span class=""TextRun SCXW15424670 BCX0"" lang=""EN-US"" xml:lang=""EN-US"" data-contrast=""auto""><span class=""NormalTextRun SCXW15424670 BCX0"">A Dialogue on Memory and Ancestral Knowledge between Artist </span></span><span class=""TextRun SCXW15424670 BCX0"" lang=""EN-US"" xml:lang=""EN-US"" data-contrast=""auto""><span class=""NormalTextRun SpellingErrorV2Themed SCXW15424670 BCX0"">ashleigh</span><span class=""NormalTextRun SCXW15424670 BCX0""> </span><span class=""NormalTextRun SpellingErrorV2Themed SCXW15424670 BCX0"">steele</span><span class=""NormalTextRun SCXW15424670 BCX0""> </span><span class=""NormalTextRun SpellingErrorV2Themed SCXW15424670 BCX0"">chavez</span></span><span class=""TextRun SCXW15424670 BCX0"" lang=""EN-US"" xml:lang=""EN-US"" data-contrast=""auto""><span class=""NormalTextRun SCXW15424670 BCX0""> </span><span class=""NormalTextRun SCXW15424670 BCX0"">and Curator hazel </span><span class=""NormalTextRun SpellingErrorV2Themed SCXW15424670 BCX0"">batrezchavez</span></span></strong></p>
<p>Tuesday, November 3, 2026<br />
12:30 &#8211; 1:30 pm</p>
<p>NHCC | Wells Fargo Auditorium</p>
<p><span class=""TextRun SCXW213279552 BCX0"" lang=""EN-US"" xml:lang=""EN-US"" data-contrast=""none""><span class=""NormalTextRun SCXW213279552 BCX0"">Join NHCC </span><span class=""NormalTextRun SCXW213279552 BCX0"">C</span><span class=""NormalTextRun SCXW213279552 BCX0"">urator</span><span class=""NormalTextRun SCXW213279552 BCX0""> hazel </span><span class=""NormalTextRun SpellingErrorV2Themed SCXW213279552 BCX0"">batrezchavez</span><span class=""NormalTextRun SCXW213279552 BCX0""> for a dedicated series of one-on-one conversations in connection with our Community Gallery exhibition <em><span class=""TextRun SCXW197185394 BCX0"" lang=""EN-US"" xml:lang=""EN-US"" data-contrast=""none""><span class=""NormalTextRun SpellingErrorV2Themed SCXW197185394 BCX0"">i</span><span class=""NormalTextRun SCXW197185394 BCX0""> thought </span><span class=""NormalTextRun SpellingErrorV2Themed SCXW197185394 BCX0"">i</span><span class=""NormalTextRun SCXW197185394 BCX0""> saw you yesterday</span></span></em>. Each dialogue functions as an individual chapter, unpacking a single artist’s material practice, ancestral ties, and creative process.</span></span><span class=""EOP SCXW213279552 BCX0"" data-ccp-props=""{&quot;335559685&quot;:0,&quot;335559739&quot;:0}""> This dialogue with artist ashleigh steele chavez focuses on h<span class=""TextRun SCXW195915850 BCX0"" lang=""EN-US"" xml:lang=""EN-US"" data-contrast=""none""><span class=""NormalTextRun SCXW195915850 BCX0"">onoring the body as an archive of geographic permeance</span><span class=""NormalTextRun SCXW195915850 BCX0"">,</span><span class=""NormalTextRun SCXW195915850 BCX0""> and generational survival </span></span><span class=""EOP SCXW195915850 BCX0"" data-ccp-props=""{&quot;335559737&quot;:-720}""> </span></span></p>
<p><em><span class=""TextRun SCXW197185394 BCX0"" lang=""EN-US"" xml:lang=""EN-US"" data-contrast=""none""><span class=""NormalTextRun SpellingErrorV2Themed SCXW197185394 BCX0"">i</span><span class=""NormalTextRun SCXW197185394 BCX0""> thought </span><span class=""NormalTextRun SpellingErrorV2Themed SCXW197185394 BCX0"">i</span><span class=""NormalTextRun SCXW197185394 BCX0""> saw you yesterday </span></span></em><span class=""TextRun SCXW197185394 BCX0"" lang=""EN-US"" xml:lang=""EN-US"" data-contrast=""none""><span class=""NormalTextRun SCXW197185394 BCX0"">is a group exhibition that explores memory and ancestral knowledge to create a dialogue between life cycles, food, land, </span><span class=""NormalTextRun SCXW197185394 BCX0"">place</span><span class=""NormalTextRun SCXW197185394 BCX0"">,</span><span class=""NormalTextRun SCXW197185394 BCX0""> and the body. Featuring artworks by artists Amanda </span><span class=""NormalTextRun SCXW197185394 BCX0"">Dannáe Romero, </span><span class=""NormalTextRun SpellingErrorV2Themed SCXW197185394 BCX0"">ashleigh</span><span class=""NormalTextRun SCXW197185394 BCX0""> </span><span class=""NormalTextRun SpellingErrorV2Themed SCXW197185394 BCX0"">steele</span><span class=""NormalTextRun SCXW197185394 BCX0""> </span><span class=""NormalTextRun SpellingErrorV2Themed SCXW197185394 BCX0"">chavez</span><span class=""NormalTextRun SCXW197185394 BCX0"">, Caroline Liu, </span><span class=""NormalTextRun SpellingErrorV2Themed SCXW197185394 BCX0"">claudia</span><span class=""NormalTextRun SCXW197185394 BCX0""> </span><span class=""NormalTextRun SpellingErrorV2Themed SCXW197185394 BCX0"">hermano</span><span class=""NormalTextRun SCXW197185394 BCX0"">, Esteban Ismael Durán, Jesus Miguel Avena, Joe Ramiro Garcia, Margarita Paz-Pedro, and Stephanie J. Woods.</span></span></p>
<p>Free Community Event, please register in advance using the link below.</p>
<h4><span style=""color: #0000ff;""><a style=""color: #0000ff;"" href=""https://my.nmculture.org/56515/60518"" target=""_blank"" rel=""noopener"">PLEASE MAKE YOUR RESERVATION HERE!</a></span></h4>
<p><strong>About the artist: </strong><span class=""TextRun SCXW34111498 BCX0"" lang=""EN-US"" xml:lang=""EN-US"" data-contrast=""none""><span class=""NormalTextRun SpellingErrorV2Themed SCXW34111498 BCX0"">ashleigh</span><span class=""NormalTextRun SCXW34111498 BCX0""> </span><span class=""NormalTextRun SpellingErrorV2Themed SCXW34111498 BCX0"">steele</span><span class=""NormalTextRun SCXW34111498 BCX0""> </span><span class=""NormalTextRun SpellingErrorV2Themed SCXW34111498 BCX0"">chavez</span><span class=""NormalTextRun SCXW34111498 BCX0""> is an Albuquerque born multidisciplinary artist and mother. </span><span class=""NormalTextRun SCXW34111498 BCX0"">s</span><span class=""NormalTextRun SCXW34111498 BCX0"">he received her bachelor&#8217;s degree in Spanish and political science and works in public service with incarcerated peoples in New Mexico. her work in pointillism conveys the irreverent joy and intrinsic fragility of our nature as humans, alongside our innate cruelty; while using a medium that is made available to all incarcerated peoples. </span><span class=""NormalTextRun SpellingErrorV2Themed SCXW34111498 BCX0"">ashleigh</span><span class=""NormalTextRun SCXW34111498 BCX0""> draws the people, places, and experiences of Burque that have most affected her life trajectory in her ancestral home.</span></span><span class=""EOP SCXW34111498 BCX0"" data-ccp-props=""{&quot;134233117&quot;:false,&quot;134233118&quot;:false,&quot;335559738&quot;:240,&quot;335559739&quot;:240}""> </span></p>
<p><a href=""https://my.nmculture.org/56515/60518"">Artist Dialogue: ashleigh steele chavez | New Mexico Department of Cultural Affairs</a></p>",,"{""url"":""https://nhccnm.org/wp-content/uploads/2026/08/Web-icon.png"",""id"":26896,""extension"":""png"",""width"":1200,""height"":1200}",[],false,,,,2026-08-13 09:51:52,2026-08-13 15:51:52,true,true,,,
2026-09-30T15:38:46Z,nhccnm.org,https://nhccnm.org/wp-json/tribe/events/v1/events,1,26290,nhccnm.org?id=26290,Happy Arte Hour,2026-11-05 00:00:00,2026-11-05 07:00:00,2026-11-05 23:59:59,2026-11-06 06:59:59,America/Denver,true,false,publish,https://nhccnm.org/event/happy-arte-hour-28/,,,,"{""currency_symbol"":""$"",""currency_code"":""USD"",""currency_position"":""prefix"",""values"":[]}",[],"[{""name"":""Classes"",""slug"":""classes"",""term_group"":0,""term_taxonomy_id"":59,""taxonomy"":""post_tag"",""description"":"""",""parent"":0,""count"":811,""filter"":""raw"",""id"":59,""urls"":{""self"":""https://nhccnm.org/wp-json/tribe/events/v1/tags/59"",""collection"":""https://nhccnm.org/wp-json/tribe/events/v1/tags""}},{""name"":""Education"",""slug"":""education"",""term_group"":0,""term_taxonomy_id"":34,""taxonomy"":""post_tag"",""description"":"""",""parent"":0,""count"":1216,""filter"":""raw"",""id"":34,""urls"":{""self"":""https://nhccnm.org/wp-json/tribe/events/v1/tags/34"",""collection"":""https://nhccnm.org/wp-json/tribe/events/v1/tags""}},{""name"":""Happy Arte Hour"",""slug"":""happy-arte-hour"",""term_group"":0,""term_taxonomy_id"":67,""taxonomy"":""post_tag"",""description"":"""",""parent"":0,""count"":76,""filter"":""raw"",""id"":67,""urls"":{""self"":""https://nhccnm.org/wp-json/tribe/events/v1/tags/67"",""collection"":""https://nhccnm.org/wp-json/tribe/events/v1/tags""}},{""name"":""Workshop"",""slug"":""workshop"",""term_group"":0,""term_taxonomy_id"":64,""taxonomy"":""post_tag"",""description"":"""",""parent"":0,""count"":955,""filter"":""raw"",""id"":64,""urls"":{""self"":""https://nhccnm.org/wp-json/tribe/events/v1/tags/64"",""collection"":""https://nhccnm.org/wp-json/tribe/events/v1/tags""}}]","{""id"":5835,""global_id"":""nhccnm.org?id=5835"",""venue"":""NHCC | Education Building: Grand Hall"",""address"":""1701 4th Street SW"",""city"":""Albuquerque"",""country"":""United States"",""province"":""NM"",""state"":""NM"",""zip"":""87102"",""phone"":""5057244771"",""url"":""https://nhccnm.org/venue/grand-hall/"",""show_map"":true,""show_map_link"":true}",[],"<p><strong>Thursday, November 5, 2026<br />
6:00 pm</strong></p>
<p>NHCC | Domenici Education Building</p>
<p>NHCC invites adults for artistic fun in a relaxed social setting. This is a great opportunity for friends to hang out, a unique date night option, or a place to come solo and connect with fellow art enthusiasts. Drinks and snacks will be available to purchase.</p>
<p><strong><span style=""color: #cd2652;"">Please pre-register with the link below (so we know how many materials to prepare).</span></strong> Registration for the following month is available the day after the current program month. For more information, please call or email Elena Baca at 505-246-2261 or <a href=""mailto:elenad.baca@dca.nm.gov"">elenad.baca@dca.nm.gov</a>.</p>
<p>Free Community Event. $5+ donations are encouraged to support the artists &amp; purchase supplies.</p>
<p><span style=""color: #cd2652;""><a style=""color: #cd2652;"" href=""https://my.nmculture.org/events/47454,56066?endDate=2027-06-30"" target=""_blank"" rel=""noopener""><strong>PLEASE MAKE YOUR RESERVATION HERE!</strong></a></span></p>",,"{""url"":""https://nhccnm.org/wp-content/uploads/2024/05/Happy-Arte-Hour-2024.jpg"",""id"":21302,""extension"":""jpg"",""width"":1161,""height"":971}",[],false,,,,2026-05-30 14:20:32,2026-05-30 20:20:32,true,true,,,
2026-09-30T15:38:46Z,nhccnm.org,https://nhccnm.org/wp-json/tribe/events/v1/events,1,26693,nhccnm.org?id=26693,"Mundos de Mestizaje, Torreón Tours",2026-11-06 00:00:00,2026-11-06 07:00:00,2026-11-07 23:59:59,2026-11-08 06:59:59,America/Denver,true,false,publish,https://nhccnm.org/event/mundos-de-mestizaje-torreon-tours-32/,,,,"{""currency_symbol"":""$"",""currency_code"":""USD"",""currency_position"":""prefix"",""values"":[]}","[{""id"":21,""name"":""Exhibitions"",""slug"":""exhibitions"",""parent"":0}]","[{""name"":""Classes"",""slug"":""classes"",""term_group"":0,""term_taxonomy_id"":59,""taxonomy"":""post_tag"",""description"":"""",""parent"":0,""count"":811,""filter"":""raw"",""id"":59,""urls"":{""self"":""https://nhccnm.org/wp-json/tribe/events/v1/tags/59"",""collection"":""https://nhccnm.org/wp-json/tribe/events/v1/tags""}},{""name"":""Community"",""slug"":""community"",""term_group"":0,""term_taxonomy_id"":33,""taxonomy"":""post_tag"",""description"":"""",""parent"":0,""count"":1591,""filter"":""raw"",""id"":33,""urls"":{""self"":""https://nhccnm.org/wp-json/tribe/events/v1/tags/33"",""collection"":""https://nhccnm.org/wp-json/tribe/events/v1/tags""}},{""name"":""Docent"",""slug"":""docent"",""term_group"":0,""term_taxonomy_id"":65,""taxonomy"":""post_tag"",""description"":"""",""parent"":0,""count"":213,""filter"":""raw"",""id"":65,""urls"":{""self"":""https://nhccnm.org/wp-json/tribe/events/v1/tags/65"",""collection"":""https://nhccnm.org/wp-json/tribe/events/v1/tags""}},{""name"":""Education"",""slug"":""education"",""term_group"":0,""term_taxonomy_id"":34,""taxonomy"":""post_tag"",""description"":"""",""parent"":0,""count"":1216,""filter"":""raw"",""id"":34,""urls"":{""self"":""https://nhccnm.org/wp-json/tribe/events/v1/tags/34"",""collection"":""https://nhccnm.org/wp-json/tribe/events/v1/tags""}},{""name"":""history"",""slug"":""history"",""term_group"":0,""term_taxonomy_id"":123,""taxonomy"":""post_tag"",""description"":"""",""parent"":0,""count"":220,""filter"":""raw"",""id"":123,""urls"":{""self"":""https://nhccnm.org/wp-json/tribe/events/v1/tags/123"",""collection"":""https://nhccnm.org/wp-json/tribe/events/v1/tags""}},{""name"":""Workshop"",""slug"":""workshop"",""term_group"":0,""term_taxonomy_id"":64,""taxonomy"":""post_tag"",""description"":"""",""parent"":0,""count"":955,""filter"":""raw"",""id"":64,""urls"":{""self"":""https://nhccnm.org/wp-json/tribe/events/v1/tags/64"",""collection"":""https://nhccnm.org/wp-json/tribe/events/v1/tags""}}]","{""id"":4066,""global_id"":""nhccnm.org?id=4066"",""venue"":""NHCC Torreón"",""address"":""1701 4th street SW"",""city"":""Albuquerque"",""country"":""United States"",""state"":""NM"",""zip"":""87102"",""phone"":""(505) 246-2261"",""url"":""https://nhccnm.org/venue/nhcc-torreon-2/"",""geo_lat"":35.068577,""geo_lng"":-106.655629,""show_map"":true,""show_map_link"":true}",[],"<p><strong>Fridays &amp; Saturdays</strong><br />
<strong>11:00 am</strong></p>
<p>NHCC | Welcome Center and the NHCC Torreón</p>
<p>Admission to the Torreon tour is $2. Tickets are available for advance purchase below or can also be purchased in the New Mexico Mutual Welcome Center, depending on availability. Capacity for each tour is limited.</p>
<h3><a href=""https://my.nmculture.org/overview/53900"" target=""_blank"" rel=""noopener""><strong>PLEASE MAKE YOUR RESERVATION HERE!</strong></a></h3>
<p><em>A Vision of History through Fresco…</em><br />
<em>Mundos de Mestizaje</em> by Frederico Vigil is a mural housed in the Torreón on the campus of the National Hispanic Cultural Center. This monumental fresco depicts thousands of years of Hispanic history highlighting diverse cultural connections between people and places from the Iberian Peninsula to the Americas. The 4,000 square foot painting is one of the largest frescos in North America.</p>
<p>The digitized imagery of the painting ensures that this culturally significant work can be a sharing and learning experience for students and families anywhere. We invite you to explore the imagery, history and complexities of the <em>Mundos de Mestizaje</em> mural.</p>
<p><a href=""https://artsandculture.google.com/asset/mundos-de-mestizaje/tQFImh_lvC7RBw""><strong>Discover on your own by clicking the link HERE.</strong></a> (It may take a moment to load.  Microsoft Internet Explorer is NOT recommended.  Best experienced with Safari, Firefox or Chrome.)</p>
<p>&nbsp;</p>",,"{""url"":""https://nhccnm.org/wp-content/uploads/2026/05/Torreon-Photo-2026.jpg"",""id"":26534,""extension"":""jpg"",""width"":1200,""height"":1180}",[],false,,,,2026-07-18 13:00:58,2026-07-18 19:00:58,true,true,,,
2026-09-30T15:38:46Z,nhccnm.org,https://nhccnm.org/wp-json/tribe/events/v1/events,1,26960,nhccnm.org?id=26960,Yjastros: The American Flamenco Repertory Company in The Spanish Room NOW,2026-11-07 00:00:00,2026-11-07 07:00:00,2026-11-08 23:59:59,2026-11-09 06:59:59,America/Denver,true,false,publish,https://nhccnm.org/event/yjastros-the-american-flamenco-repertory-company-in-the-spanish-room-now/,,,,"{""currency_symbol"":""$"",""currency_code"":""USD"",""currency_position"":""prefix"",""values"":[]}","[{""id"":24,""name"":""Performing Arts"",""slug"":""performing-arts"",""parent"":0}]","[{""name"":""Baile!"",""slug"":""baile"",""term_group"":0,""term_taxonomy_id"":38,""taxonomy"":""post_tag"",""description"":"""",""parent"":0,""count"":374,""filter"":""raw"",""id"":38,""urls"":{""self"":""https://nhccnm.org/wp-json/tribe/events/v1/tags/38"",""collection"":""https://nhccnm.org/wp-json/tribe/events/v1/tags""}},{""name"":""Community"",""slug"":""community"",""term_group"":0,""term_taxonomy_id"":33,""taxonomy"":""post_tag"",""description"":"""",""parent"":0,""count"":1591,""filter"":""raw"",""id"":33,""urls"":{""self"":""https://nhccnm.org/wp-json/tribe/events/v1/tags/33"",""collection"":""https://nhccnm.org/wp-json/tribe/events/v1/tags""}},{""name"":""Flamenco"",""slug"":""flamenco"",""term_group"":0,""term_taxonomy_id"":48,""taxonomy"":""post_tag"",""description"":"""",""parent"":0,""count"":77,""filter"":""raw"",""id"":48,""urls"":{""self"":""https://nhccnm.org/wp-json/tribe/events/v1/tags/48"",""collection"":""https://nhccnm.org/wp-json/tribe/events/v1/tags""}},{""name"":""Music"",""slug"":""music"",""term_group"":0,""term_taxonomy_id"":31,""taxonomy"":""post_tag"",""description"":"""",""parent"":0,""count"":508,""filter"":""raw"",""id"":31,""urls"":{""self"":""https://nhccnm.org/wp-json/tribe/events/v1/tags/31"",""collection"":""https://nhccnm.org/wp-json/tribe/events/v1/tags""}},{""name"":""Performing Arts"",""slug"":""performing-arts"",""term_group"":0,""term_taxonomy_id"":42,""taxonomy"":""post_tag"",""description"":"""",""parent"":0,""count"":310,""filter"":""raw"",""id"":42,""urls"":{""self"":""https://nhccnm.org/wp-json/tribe/events/v1/tags/42"",""collection"":""https://nhccnm.org/wp-json/tribe/events/v1/tags""}},{""name"":""Theatre"",""slug"":""theatre"",""term_group"":0,""term_taxonomy_id"":46,""taxonomy"":""post_tag"",""description"":"""",""parent"":0,""count"":868,""filter"":""raw"",""id"":46,""urls"":{""self"":""https://nhccnm.org/wp-json/tribe/events/v1/tags/46"",""collection"":""https://nhccnm.org/wp-json/tribe/events/v1/tags""}}]","{""id"":483,""global_id"":""nhccnm.org?id=483"",""venue"":""Roy E. Disney Center for Performing Arts: Albuquerque Journal Theatre"",""address"":""1701 4th St SW"",""city"":""Albuquerque"",""province"":""NM"",""state"":""NM"",""zip"":""87102"",""phone"":""(505)724-4771"",""url"":""https://nhccnm.org/venue/albuquerque-journal-theatre/"",""geo_lat"":35.068577,""geo_lng"":-106.655629,""show_map"":false,""show_map_link"":false}",[],"<p>Yjastros: The American Flamenco Repertory Company in <em>The Spanish Room Now</em><br />
November 7 &amp; 8, 2026</p>
<p>2:00 pm Saturday &amp; Sunday<br />
7:30 pm Saturday</p>
<p>NHCC | Albuquerque Journal Theatre</p>
<p>The National Institute of Flamenco presents Yjastros: The American Flamenco Repertory Company in <em>The Spanish Room NOW. </em>Step into The Spanish Room NOW with Yjastros: The American Flamenco Repertory Company as they inhabit a kaleidoscope of scenes that shift between the familiar, the visceral, and the imagined. Each encounter between dancers and musicians unfolds within a new environment, bringing another room into being.<span class=""x_gmail_default""> </span>Movement, music, light, and scenery frame each room, conjuring fleeting impressions of gardens, alleyways, bars, and boudoirs that emerge and dissolve around the dancers. Each work of choreography transforms the emotional landscape, revealing a room with its own character, rhythm, and memory.<span class=""x_gmail_default""> Y</span>ou’re invited on a fantastical journey where the past folds into the present, the real into the imagined, and the nostalgic into the unexpected. Welcome to The Spanish Room NOW. Won&#8217;t you come in?</p>
<p>$109, $89, $69, $49, &amp; $29* w/ a $2 discount for seniors, students w/ ID, children 10 years old and younger</p>
<h4><strong><span style=""color: #0000ff;""><a style=""color: #0000ff;"" href=""https://my.nmculture.org/overview/61256"">RESERVE YOUR TICKETS HERE!</a></span></strong></h4>
<hr />
<p><em>*All NHCC performance/event ticket sales go through the National Hispanic Cultural Center Website. NHCC is a division of </em><em>New Mexico Department of Cultural Affairs. You will be redirected to our central ticketing system. DO NOT BUY FROM THIRD </em><em>PARTIES. If you see a third-party app or website, please report it to the Center at (505) 246-2261.</em></p>",,"{""url"":""https://nhccnm.org/wp-content/uploads/2026/08/THE-SPANISH-ROOM-NOW-Graphic-final.jpg"",""id"":27153,""extension"":""jpg"",""width"":1200,""height"":1200}",[],false,,,,2026-09-03 09:51:37,2026-09-03 15:51:37,true,true,,,
2026-09-30T15:38:46Z,nhccnm.org,https://nhccnm.org/wp-json/tribe/events/v1/events,1,26696,nhccnm.org?id=26696,"Mundos de Mestizaje, Torreón Tours",2026-11-13 00:00:00,2026-11-13 07:00:00,2026-11-14 23:59:59,2026-11-15 06:59:59,America/Denver,true,false,publish,https://nhccnm.org/event/mundos-de-mestizaje-torreon-tours-33/,,,,"{""currency_symbol"":""$"",""currency_code"":""USD"",""currency_position"":""prefix"",""values"":[]}","[{""id"":21,""name"":""Exhibitions"",""slug"":""exhibitions"",""parent"":0}]","[{""name"":""Classes"",""slug"":""classes"",""term_group"":0,""term_taxonomy_id"":59,""taxonomy"":""post_tag"",""description"":"""",""parent"":0,""count"":811,""filter"":""raw"",""id"":59,""urls"":{""self"":""https://nhccnm.org/wp-json/tribe/events/v1/tags/59"",""collection"":""https://nhccnm.org/wp-json/tribe/events/v1/tags""}},{""name"":""Community"",""slug"":""community"",""term_group"":0,""term_taxonomy_id"":33,""taxonomy"":""post_tag"",""description"":"""",""parent"":0,""count"":1591,""filter"":""raw"",""id"":33,""urls"":{""self"":""https://nhccnm.org/wp-json/tribe/events/v1/tags/33"",""collection"":""https://nhccnm.org/wp-json/tribe/events/v1/tags""}},{""name"":""Docent"",""slug"":""docent"",""term_group"":0,""term_taxonomy_id"":65,""taxonomy"":""post_tag"",""description"":"""",""parent"":0,""count"":213,""filter"":""raw"",""id"":65,""urls"":{""self"":""https://nhccnm.org/wp-json/tribe/events/v1/tags/65"",""collection"":""https://nhccnm.org/wp-json/tribe/events/v1/tags""}},{""name"":""Education"",""slug"":""education"",""term_group"":0,""term_taxonomy_id"":34,""taxonomy"":""post_tag"",""description"":"""",""parent"":0,""count"":1216,""filter"":""raw"",""id"":34,""urls"":{""self"":""https://nhccnm.org/wp-json/tribe/events/v1/tags/34"",""collection"":""https://nhccnm.org/wp-json/tribe/events/v1/tags""}},{""name"":""history"",""slug"":""history"",""term_group"":0,""term_taxonomy_id"":123,""taxonomy"":""post_tag"",""description"":"""",""parent"":0,""count"":220,""filter"":""raw"",""id"":123,""urls"":{""self"":""https://nhccnm.org/wp-json/tribe/events/v1/tags/123"",""collection"":""https://nhccnm.org/wp-json/tribe/events/v1/tags""}},{""name"":""Workshop"",""slug"":""workshop"",""term_group"":0,""term_taxonomy_id"":64,""taxonomy"":""post_tag"",""description"":"""",""parent"":0,""count"":955,""filter"":""raw"",""id"":64,""urls"":{""self"":""https://nhccnm.org/wp-json/tribe/events/v1/tags/64"",""collection"":""https://nhccnm.org/wp-json/tribe/events/v1/tags""}}]","{""id"":4066,""global_id"":""nhccnm.org?id=4066"",""venue"":""NHCC Torreón"",""address"":""1701 4th street SW"",""city"":""Albuquerque"",""country"":""United States"",""state"":""NM"",""zip"":""87102"",""phone"":""(505) 246-2261"",""url"":""https://nhccnm.org/venue/nhcc-torreon-2/"",""geo_lat"":35.068577,""geo_lng"":-106.655629,""show_map"":true,""show_map_link"":true}",[],"<p><strong>Fridays &amp; Saturdays</strong><br />
<strong>11:00 am</strong></p>
<p>NHCC | Welcome Center and the NHCC Torreón</p>
<p>Admission to the Torreon tour is $2. Tickets are available for advance purchase below or can also be purchased in the New Mexico Mutual Welcome Center, depending on availability. Capacity for each tour is limited.</p>
<h3><span style=""color: #0000ff;""><a style=""color: #0000ff;"" href=""https://my.nmculture.org/overview/53900"" target=""_blank"" rel=""noopener""><strong>PLEASE MAKE YOUR RESERVATION HERE!</strong></a></span></h3>
<p><em>A Vision of History through Fresco…</em><br />
<em>Mundos de Mestizaje</em> by Frederico Vigil is a mural housed in the Torreón on the campus of the National Hispanic Cultural Center. This monumental fresco depicts thousands of years of Hispanic history highlighting diverse cultural connections between people and places from the Iberian Peninsula to the Americas. The 4,000 square foot painting is one of the largest frescos in North America.</p>
<p>The digitized imagery of the painting ensures that this culturally significant work can be a sharing and learning experience for students and families anywhere. We invite you to explore the imagery, history and complexities of the <em>Mundos de Mestizaje</em> mural.</p>
<p><a href=""https://artsandculture.google.com/asset/mundos-de-mestizaje/tQFImh_lvC7RBw""><strong>Discover on your own by clicking the link HERE.</strong></a> (It may take a moment to load.  Microsoft Internet Explorer is NOT recommended.  Best experienced with Safari, Firefox or Chrome.)</p>
<p>&nbsp;</p>",,"{""url"":""https://nhccnm.org/wp-content/uploads/2026/05/Torreon-Photo-2026.jpg"",""id"":26534,""extension"":""jpg"",""width"":1200,""height"":1180}",[],false,,,,2026-07-18 13:01:27,2026-07-18 19:01:27,true,true,,,
2026-09-30T15:38:46Z,nhccnm.org,https://nhccnm.org/wp-json/tribe/events/v1/events,1,26847,nhccnm.org?id=26847,Saturday Special: Visual Arts Museum Tour,2026-11-14 00:00:00,2026-11-14 07:00:00,2026-11-14 23:59:59,2026-11-15 06:59:59,America/Denver,true,false,publish,https://nhccnm.org/event/saturday-special-visual-arts-museum-tour-7/,,,,"{""currency_symbol"":""$"",""currency_code"":""USD"",""currency_position"":""prefix"",""values"":[]}","[{""id"":41,""name"":""Education"",""slug"":""education"",""parent"":0}]","[{""name"":""Art Museum"",""slug"":""art-museum"",""term_group"":0,""term_taxonomy_id"":82,""taxonomy"":""post_tag"",""description"":"""",""parent"":0,""count"":377,""filter"":""raw"",""id"":82,""urls"":{""self"":""https://nhccnm.org/wp-json/tribe/events/v1/tags/82"",""collection"":""https://nhccnm.org/wp-json/tribe/events/v1/tags""}},{""name"":""Community"",""slug"":""community"",""term_group"":0,""term_taxonomy_id"":33,""taxonomy"":""post_tag"",""description"":"""",""parent"":0,""count"":1591,""filter"":""raw"",""id"":33,""urls"":{""self"":""https://nhccnm.org/wp-json/tribe/events/v1/tags/33"",""collection"":""https://nhccnm.org/wp-json/tribe/events/v1/tags""}},{""name"":""Docent"",""slug"":""docent"",""term_group"":0,""term_taxonomy_id"":65,""taxonomy"":""post_tag"",""description"":"""",""parent"":0,""count"":213,""filter"":""raw"",""id"":65,""urls"":{""self"":""https://nhccnm.org/wp-json/tribe/events/v1/tags/65"",""collection"":""https://nhccnm.org/wp-json/tribe/events/v1/tags""}},{""name"":""Education"",""slug"":""education"",""term_group"":0,""term_taxonomy_id"":34,""taxonomy"":""post_tag"",""description"":"""",""parent"":0,""count"":1216,""filter"":""raw"",""id"":34,""urls"":{""self"":""https://nhccnm.org/wp-json/tribe/events/v1/tags/34"",""collection"":""https://nhccnm.org/wp-json/tribe/events/v1/tags""}}]","{""id"":678,""global_id"":""nhccnm.org?id=678"",""venue"":""Visual Art Museum"",""address"":""1701 4th Street SW"",""city"":""Albuquerque"",""country"":""United States"",""province"":""NM"",""state"":""NM"",""zip"":""87102"",""phone"":""5057244771"",""url"":""https://nhccnm.org/venue/art-museum/"",""show_map"":true,""show_map_link"":true}",[],"<p><strong>1:00 pm</strong></p>
<p><strong>NHCC | Visual Arts Museum</strong></p>
<p>The art museum tour at the National Hispanic Cultural Center offers a journey through Hispanic, Chicano, LatinX and Latin American art. Visitors are guided through three galleries that highlight both historic traditions and modern artistic expressions, emphasizing cultural identity, creativity, and community stories.</p>
<p>Admission to the tour is free with the price of admission. Tickets are available for advance purchase below or can also be purchased in the New Mexico Mutual Welcome Center, depending on availability.</p>
<h4><span style=""color: #0000ff;""><a style=""color: #0000ff;"" href=""https://my.nmculture.org/events?kid=30"" target=""_blank"" rel=""noopener""><strong>PLEASE M</strong><strong>AKE YOUR RESERVATION HERE!</strong></a></span></h4>",,"{""url"":""https://nhccnm.org/wp-content/uploads/2026/07/nhcc-va-museum-graphic.jpg"",""id"":26842,""extension"":""jpg"",""width"":1200,""height"":1186}",[],false,,,,2026-07-29 11:58:08,2026-07-29 17:58:08,true,true,,,
2026-09-30T15:38:46Z,nhccnm.org,https://nhccnm.org/wp-json/tribe/events/v1/events,1,27622,nhccnm.org?id=27622,"India Association of NM: DIWALI, Festival of Lights",2026-11-15 00:00:00,2026-11-15 07:00:00,2026-11-15 23:59:59,2026-11-16 06:59:59,America/Denver,true,false,publish,https://nhccnm.org/event/india-association-of-new-mexico-diwali-festival-of-lights-2/,,,,"{""currency_symbol"":""$"",""currency_code"":""USD"",""currency_position"":""prefix"",""values"":[]}","[{""id"":43,""name"":""Rental"",""slug"":""rental"",""parent"":0}]","[{""name"":""Community"",""slug"":""community"",""term_group"":0,""term_taxonomy_id"":33,""taxonomy"":""post_tag"",""description"":"""",""parent"":0,""count"":1591,""filter"":""raw"",""id"":33,""urls"":{""self"":""https://nhccnm.org/wp-json/tribe/events/v1/tags/33"",""collection"":""https://nhccnm.org/wp-json/tribe/events/v1/tags""}},{""name"":""Dance"",""slug"":""dance"",""term_group"":0,""term_taxonomy_id"":39,""taxonomy"":""post_tag"",""description"":"""",""parent"":0,""count"":414,""filter"":""raw"",""id"":39,""urls"":{""self"":""https://nhccnm.org/wp-json/tribe/events/v1/tags/39"",""collection"":""https://nhccnm.org/wp-json/tribe/events/v1/tags""}},{""name"":""Family"",""slug"":""family"",""term_group"":0,""term_taxonomy_id"":28,""taxonomy"":""post_tag"",""description"":"""",""parent"":0,""count"":603,""filter"":""raw"",""id"":28,""urls"":{""self"":""https://nhccnm.org/wp-json/tribe/events/v1/tags/28"",""collection"":""https://nhccnm.org/wp-json/tribe/events/v1/tags""}},{""name"":""Festival"",""slug"":""festival"",""term_group"":0,""term_taxonomy_id"":99,""taxonomy"":""post_tag"",""description"":"""",""parent"":0,""count"":196,""filter"":""raw"",""id"":99,""urls"":{""self"":""https://nhccnm.org/wp-json/tribe/events/v1/tags/99"",""collection"":""https://nhccnm.org/wp-json/tribe/events/v1/tags""}},{""name"":""Food"",""slug"":""food"",""term_group"":0,""term_taxonomy_id"":49,""taxonomy"":""post_tag"",""description"":"""",""parent"":0,""count"":169,""filter"":""raw"",""id"":49,""urls"":{""self"":""https://nhccnm.org/wp-json/tribe/events/v1/tags/49"",""collection"":""https://nhccnm.org/wp-json/tribe/events/v1/tags""}},{""name"":""Foodies"",""slug"":""foodies"",""term_group"":0,""term_taxonomy_id"":62,""taxonomy"":""post_tag"",""description"":"""",""parent"":0,""count"":96,""filter"":""raw"",""id"":62,""urls"":{""self"":""https://nhccnm.org/wp-json/tribe/events/v1/tags/62"",""collection"":""https://nhccnm.org/wp-json/tribe/events/v1/tags""}},{""name"":""rental"",""slug"":""rental"",""term_group"":0,""term_taxonomy_id"":44,""taxonomy"":""post_tag"",""description"":"""",""parent"":0,""count"":274,""filter"":""raw"",""id"":44,""urls"":{""self"":""https://nhccnm.org/wp-json/tribe/events/v1/tags/44"",""collection"":""https://nhccnm.org/wp-json/tribe/events/v1/tags""}}]","{""id"":483,""global_id"":""nhccnm.org?id=483"",""venue"":""Roy E. Disney Center for Performing Arts: Albuquerque Journal Theatre"",""address"":""1701 4th St SW"",""city"":""Albuquerque"",""province"":""NM"",""state"":""NM"",""zip"":""87102"",""phone"":""(505)724-4771"",""url"":""https://nhccnm.org/venue/albuquerque-journal-theatre/"",""geo_lat"":35.068577,""geo_lng"":-106.655629,""show_map"":false,""show_map_link"":false}",[],"<p>India Association of New Mexico: DIWALI, Festival of Lights</p>
<p>Saturday, November 14, 2026<br />
5:30 pm</p>
<p>NHCC | Albuquerque Journal Theatre</p>
<p>The INDIA Association of New Mexico presents the Diwali Festival of Lights 2024. Diwali is one of India’s biggest Hindu festivals, celebrated with great enthusiasm and happiness. The festival lasts five continuous days, and the third day is celebrated as the main Diwali festival or ‘Festival of Lights.’ Different colorful varieties of fireworks are always associated with this festival. On this auspicious day, people light up diyas and candles all around their house. They perform Laxmi Puja in the evening and seek the divine blessings of Goddess of Wealth. The festival of Diwali is never complete without the exchange of gifts. People present Diwali gifts to all near and dear ones.</p>
<p><span style=""color: #0000ff;"">Tickets are available at the INDIA Association of New Mexico or by calling 505-306-9624.</span></p>
<hr />
<p>*<em>The event is a rental event not an NHCC production. The title, content, photos/images and description for this event were provided to the NHCC by the organization renting the NHCC venue for the event. By serving as a venue and posting the event on its website, the NHCC is not endorsing any views expressed in the title or description of the event, nor is it endorsing the content of the event.</em></p>
<p>&nbsp;</p>",,"{""url"":""https://nhccnm.org/wp-content/uploads/2025/09/Diwali-2025-graphic.jpg"",""id"":24179,""extension"":""jpg"",""width"":1200,""height"":1203}",[],false,,,,2026-09-25 13:16:45,2026-09-25 19:16:45,true,true,,,
2026-09-30T15:38:46Z,nhccnm.org,https://nhccnm.org/wp-json/tribe/events/v1/events,1,26665,nhccnm.org?id=26665,NMSC &#038; OSW: Berlioz L’Enfance du Christ (The Childhood of Christ),2026-11-15 00:00:00,2026-11-15 07:00:00,2026-11-15 23:59:59,2026-11-16 06:59:59,America/Denver,true,false,publish,https://nhccnm.org/event/nmsc-osw-berlioz-lenfance-du-christ-the-childhood-of-christ/,,,,"{""currency_symbol"":""$"",""currency_code"":""USD"",""currency_position"":""prefix"",""values"":[]}","[{""id"":43,""name"":""Rental"",""slug"":""rental"",""parent"":0}]","[{""name"":""Community"",""slug"":""community"",""term_group"":0,""term_taxonomy_id"":33,""taxonomy"":""post_tag"",""description"":"""",""parent"":0,""count"":1591,""filter"":""raw"",""id"":33,""urls"":{""self"":""https://nhccnm.org/wp-json/tribe/events/v1/tags/33"",""collection"":""https://nhccnm.org/wp-json/tribe/events/v1/tags""}},{""name"":""Music"",""slug"":""music"",""term_group"":0,""term_taxonomy_id"":31,""taxonomy"":""post_tag"",""description"":"""",""parent"":0,""count"":508,""filter"":""raw"",""id"":31,""urls"":{""self"":""https://nhccnm.org/wp-json/tribe/events/v1/tags/31"",""collection"":""https://nhccnm.org/wp-json/tribe/events/v1/tags""}},{""name"":""Opera"",""slug"":""opera"",""term_group"":0,""term_taxonomy_id"":107,""taxonomy"":""post_tag"",""description"":"""",""parent"":0,""count"":48,""filter"":""raw"",""id"":107,""urls"":{""self"":""https://nhccnm.org/wp-json/tribe/events/v1/tags/107"",""collection"":""https://nhccnm.org/wp-json/tribe/events/v1/tags""}},{""name"":""Orchestra"",""slug"":""orchestra"",""term_group"":0,""term_taxonomy_id"":97,""taxonomy"":""post_tag"",""description"":"""",""parent"":0,""count"":68,""filter"":""raw"",""id"":97,""urls"":{""self"":""https://nhccnm.org/wp-json/tribe/events/v1/tags/97"",""collection"":""https://nhccnm.org/wp-json/tribe/events/v1/tags""}},{""name"":""Performing Arts"",""slug"":""performing-arts"",""term_group"":0,""term_taxonomy_id"":42,""taxonomy"":""post_tag"",""description"":"""",""parent"":0,""count"":310,""filter"":""raw"",""id"":42,""urls"":{""self"":""https://nhccnm.org/wp-json/tribe/events/v1/tags/42"",""collection"":""https://nhccnm.org/wp-json/tribe/events/v1/tags""}},{""name"":""rental"",""slug"":""rental"",""term_group"":0,""term_taxonomy_id"":44,""taxonomy"":""post_tag"",""description"":"""",""parent"":0,""count"":274,""filter"":""raw"",""id"":44,""urls"":{""self"":""https://nhccnm.org/wp-json/tribe/events/v1/tags/44"",""collection"":""https://nhccnm.org/wp-json/tribe/events/v1/tags""}}]","{""id"":483,""global_id"":""nhccnm.org?id=483"",""venue"":""Roy E. Disney Center for Performing Arts: Albuquerque Journal Theatre"",""address"":""1701 4th St SW"",""city"":""Albuquerque"",""province"":""NM"",""state"":""NM"",""zip"":""87102"",""phone"":""(505)724-4771"",""url"":""https://nhccnm.org/venue/albuquerque-journal-theatre/"",""geo_lat"":35.068577,""geo_lng"":-106.655629,""show_map"":false,""show_map_link"":false}",[],"<p>NMSC &amp; OSW: Berlioz L’Enfance du Christ (The Childhood of Christ)<br />
Sunday, November 15, 2026<br />
2:00 pm</p>
<p>NHCC | Albuquerque Journal Theatre</p>
<p>Opera Southwest Presents: The New Mexico Symphonic Chorus with the Opera Southwest Orchestra</p>
<p>In 1850, Berlioz slipped a gentle chorus into a Paris concert and credited it to “Pierre Ducré,” a 17th-century church composer he’d invented outright. Parisians who couldn’t stand his music were charmed: one declared that “Berlioz could never write a tune so beautiful”. He spent the next four years building a full oratorio around that little piece: <em>L’Enfance du Christ</em>, tracing the Holy Family’s flight into Egypt across three parts and ninety minutes. Most people know only its one famous excerpt, “The Shepherds’ Farewell”; the complete work is rarely performed, which makes hearing the whole of it a real occasion.</p>
<p>Featuring John Tiranno, Javier Ortiz, Cecilia Violetta López, and Ashraf Sewailam, conducted by Zoe Zeniodi.</p>
<p>Sung in French</p>
<p>$23, $29, $54, $69, &amp; $87 with discounts anyone 30 years old and younger and <a href=""https://www.operasouthwest.org/operas/opera-for-all"">Opera for All</a> with a WIC or EBT card. (Opera for All tickets are limited to 2 per ID and must be purchased at the NHCC box office by calling 505-724-4771 or in person.)</p>
<h3><span style=""color: #0000ff;""><a style=""color: #0000ff;"" href=""https://my.nmculture.org/58944/58943"" target=""_blank"" rel=""noopener"">RESERVE YOUR TICKET HERE!</a></span></h3>
<hr />
<p><em>*In accordance with the ticketing policies of the event promoter, tickets for this event are not permitted to be advertised or re-sold for more than face value. All ticket sales must be purchased through National Hispanic Cultural Center or accompanying host partner.</em></p>
<p><em>*All NHCC performance/event ticket sales go through the National Hispanic Cultural Center Website. NHCC is a division of New Mexico Department of Cultural Affairs. You will be redirected to our central ticketing system. DO NOT BUY FROM THIRD PARTIES. If you see a third party app or website, please report it to the Center at (505) 246-2261.</em></p>
<p>&nbsp;</p>",,"{""url"":""https://nhccnm.org/wp-content/uploads/2026/07/OSW-NMSC-Logo-2026-1.png"",""id"":26666,""extension"":""png"",""width"":1192,""height"":1155}",[],false,,,,2026-07-21 11:04:40,2026-07-21 17:04:40,true,true,,,
2026-09-30T15:38:46Z,nhccnm.org,https://nhccnm.org/wp-json/tribe/events/v1/events,1,27120,nhccnm.org?id=27120,Blue Violin’s Retro Rock &#038; Roll Christmas,2026-11-20 00:00:00,2026-11-20 07:00:00,2026-11-20 23:59:59,2026-11-21 06:59:59,America/Denver,true,false,publish,https://nhccnm.org/event/blue-violins-retro-rock-roll-christmas/,,,,"{""currency_symbol"":""$"",""currency_code"":""USD"",""currency_position"":""prefix"",""values"":[]}","[{""id"":43,""name"":""Rental"",""slug"":""rental"",""parent"":0}]","[{""name"":""Community"",""slug"":""community"",""term_group"":0,""term_taxonomy_id"":33,""taxonomy"":""post_tag"",""description"":"""",""parent"":0,""count"":1591,""filter"":""raw"",""id"":33,""urls"":{""self"":""https://nhccnm.org/wp-json/tribe/events/v1/tags/33"",""collection"":""https://nhccnm.org/wp-json/tribe/events/v1/tags""}},{""name"":""Holiday"",""slug"":""holiday"",""term_group"":0,""term_taxonomy_id"":100,""taxonomy"":""post_tag"",""description"":"""",""parent"":0,""count"":11,""filter"":""raw"",""id"":100,""urls"":{""self"":""https://nhccnm.org/wp-json/tribe/events/v1/tags/100"",""collection"":""https://nhccnm.org/wp-json/tribe/events/v1/tags""}},{""name"":""Music"",""slug"":""music"",""term_group"":0,""term_taxonomy_id"":31,""taxonomy"":""post_tag"",""description"":"""",""parent"":0,""count"":508,""filter"":""raw"",""id"":31,""urls"":{""self"":""https://nhccnm.org/wp-json/tribe/events/v1/tags/31"",""collection"":""https://nhccnm.org/wp-json/tribe/events/v1/tags""}},{""name"":""Performing Arts"",""slug"":""performing-arts"",""term_group"":0,""term_taxonomy_id"":42,""taxonomy"":""post_tag"",""description"":"""",""parent"":0,""count"":310,""filter"":""raw"",""id"":42,""urls"":{""self"":""https://nhccnm.org/wp-json/tribe/events/v1/tags/42"",""collection"":""https://nhccnm.org/wp-json/tribe/events/v1/tags""}},{""name"":""rental"",""slug"":""rental"",""term_group"":0,""term_taxonomy_id"":44,""taxonomy"":""post_tag"",""description"":"""",""parent"":0,""count"":274,""filter"":""raw"",""id"":44,""urls"":{""self"":""https://nhccnm.org/wp-json/tribe/events/v1/tags/44"",""collection"":""https://nhccnm.org/wp-json/tribe/events/v1/tags""}},{""name"":""Theatre"",""slug"":""theatre"",""term_group"":0,""term_taxonomy_id"":46,""taxonomy"":""post_tag"",""description"":"""",""parent"":0,""count"":868,""filter"":""raw"",""id"":46,""urls"":{""self"":""https://nhccnm.org/wp-json/tribe/events/v1/tags/46"",""collection"":""https://nhccnm.org/wp-json/tribe/events/v1/tags""}}]","{""id"":676,""global_id"":""nhccnm.org?id=676"",""venue"":""Roy E. Disney Center for Performing Arts: Bank of America Theatre"",""address"":""1701 4th Street SW"",""city"":""Albuquerque"",""province"":""NM"",""zip"":""87102"",""phone"":""5057244771"",""url"":""https://nhccnm.org/venue/bank-of-america-film-theatre/"",""show_map"":true,""show_map_link"":true}",[],"<p>Blue Violin’s Retro Rock &amp; Roll Christmas</p>
<p>Friday, November 20, 2026<br />
7:00 pm</p>
<p>NHCC | Bank of America Theatre</p>
<p>After sold-out performances from the Sydney Opera House to Prague, Carnegie Hall to Iceland, America’s Christmas Soundtrack Returns with internationally touring violin sensation <em>Blue Violin&#8217;s 4th Annual Retro Rock &amp; Roll Christmas Tour</em> — an electrifying holiday spectacular blending the energy of an 80s arena rock show with the magic of Christmas.</p>
<p>Featuring a live rock band, soaring choir, breathtaking cathedral projection mapping, and unforgettable violin performances, this cinematic production reimagines Christmas classics alongside the music of legendary artists like Michael Jackson, Bon Jovi, Van Halen, Springsteen, Wham!, Tears for Fears, and Christmas favorites.</p>
<p>$37, $47 w/ discounts for students, and kids</p>
<p>Run time: 90 min</p>
<h4><span style=""color: #0000ff;""><a style=""color: #0000ff;"" href=""https://my.nmculture.org/56904/61461"" target=""_blank"" rel=""noopener"">RESERVE YOUR TICKET HERE!</a></span></h4>
<p><em>A Music Makers Foundation Production</em></p>
<hr />
<p><em>*The event is a rental event, not an NHCC production. The title, content, photos/images and description for this event were provided to the NHCC by the organization renting the NHCC venue for the event. By serving as a venue and posting the event on its website, the NHCC is not endorsing any views expressed in the title or description of the event, nor is it endorsing the content of the event.</em></p>
<p><em>*All NHCC performance/event ticket sales go through the National Hispanic Cultural Center website. NHCC is a division of New Mexico Department of Cultural Affairs. You will be redirected to our central ticketing system. DO NOT BUY FROM THIRD PARTIES. If you see a third party app or website, please report it to the Center at (505) 246-2261.</em></p>",,"{""url"":""https://nhccnm.org/wp-content/uploads/2026/08/Blue-Violin-Graphic-1200x1200-1.jpg"",""id"":27122,""extension"":""jpg"",""width"":1200,""height"":1200}",[],false,,,,2026-09-01 11:29:45,2026-09-01 17:29:45,true,true,,,
2026-09-30T15:38:46Z,nhccnm.org,https://nhccnm.org/wp-json/tribe/events/v1/events,1,26699,nhccnm.org?id=26699,"Mundos de Mestizaje, Torreón Tours",2026-11-20 00:00:00,2026-11-20 07:00:00,2026-11-21 23:59:59,2026-11-22 06:59:59,America/Denver,true,false,publish,https://nhccnm.org/event/mundos-de-mestizaje-torreon-tours-34/,,,,"{""currency_symbol"":""$"",""currency_code"":""USD"",""currency_position"":""prefix"",""values"":[]}","[{""id"":21,""name"":""Exhibitions"",""slug"":""exhibitions"",""parent"":0}]","[{""name"":""Classes"",""slug"":""classes"",""term_group"":0,""term_taxonomy_id"":59,""taxonomy"":""post_tag"",""description"":"""",""parent"":0,""count"":811,""filter"":""raw"",""id"":59,""urls"":{""self"":""https://nhccnm.org/wp-json/tribe/events/v1/tags/59"",""collection"":""https://nhccnm.org/wp-json/tribe/events/v1/tags""}},{""name"":""Community"",""slug"":""community"",""term_group"":0,""term_taxonomy_id"":33,""taxonomy"":""post_tag"",""description"":"""",""parent"":0,""count"":1591,""filter"":""raw"",""id"":33,""urls"":{""self"":""https://nhccnm.org/wp-json/tribe/events/v1/tags/33"",""collection"":""https://nhccnm.org/wp-json/tribe/events/v1/tags""}},{""name"":""Docent"",""slug"":""docent"",""term_group"":0,""term_taxonomy_id"":65,""taxonomy"":""post_tag"",""description"":"""",""parent"":0,""count"":213,""filter"":""raw"",""id"":65,""urls"":{""self"":""https://nhccnm.org/wp-json/tribe/events/v1/tags/65"",""collection"":""https://nhccnm.org/wp-json/tribe/events/v1/tags""}},{""name"":""Education"",""slug"":""education"",""term_group"":0,""term_taxonomy_id"":34,""taxonomy"":""post_tag"",""description"":"""",""parent"":0,""count"":1216,""filter"":""raw"",""id"":34,""urls"":{""self"":""https://nhccnm.org/wp-json/tribe/events/v1/tags/34"",""collection"":""https://nhccnm.org/wp-json/tribe/events/v1/tags""}},{""name"":""history"",""slug"":""history"",""term_group"":0,""term_taxonomy_id"":123,""taxonomy"":""post_tag"",""description"":"""",""parent"":0,""count"":220,""filter"":""raw"",""id"":123,""urls"":{""self"":""https://nhccnm.org/wp-json/tribe/events/v1/tags/123"",""collection"":""https://nhccnm.org/wp-json/tribe/events/v1/tags""}},{""name"":""Workshop"",""slug"":""workshop"",""term_group"":0,""term_taxonomy_id"":64,""taxonomy"":""post_tag"",""description"":"""",""parent"":0,""count"":955,""filter"":""raw"",""id"":64,""urls"":{""self"":""https://nhccnm.org/wp-json/tribe/events/v1/tags/64"",""collection"":""https://nhccnm.org/wp-json/tribe/events/v1/tags""}}]","{""id"":4066,""global_id"":""nhccnm.org?id=4066"",""venue"":""NHCC Torreón"",""address"":""1701 4th street SW"",""city"":""Albuquerque"",""country"":""United States"",""state"":""NM"",""zip"":""87102"",""phone"":""(505) 246-2261"",""url"":""https://nhccnm.org/venue/nhcc-torreon-2/"",""geo_lat"":35.068577,""geo_lng"":-106.655629,""show_map"":true,""show_map_link"":true}",[],"<p><strong>Fridays &amp; Saturdays</strong><br />
<strong>11:00 am</strong></p>
<p>NHCC | Welcome Center and the NHCC Torreón</p>
<p>Admission to the Torreon tour is $2. Tickets are available for advance purchase below or can also be purchased in the New Mexico Mutual Welcome Center, depending on availability. Capacity for each tour is limited.</p>
<h3><span style=""color: #0000ff;""><a style=""color: #0000ff;"" href=""https://my.nmculture.org/overview/53900"" target=""_blank"" rel=""noopener""><strong>PLEASE MAKE YOUR RESERVATION HERE!</strong></a></span></h3>
<p><em>A Vision of History through Fresco…</em><br />
<em>Mundos de Mestizaje</em> by Frederico Vigil is a mural housed in the Torreón on the campus of the National Hispanic Cultural Center. This monumental fresco depicts thousands of years of Hispanic history highlighting diverse cultural connections between people and places from the Iberian Peninsula to the Americas. The 4,000 square foot painting is one of the largest frescos in North America.</p>
<p>The digitized imagery of the painting ensures that this culturally significant work can be a sharing and learning experience for students and families anywhere. We invite you to explore the imagery, history and complexities of the <em>Mundos de Mestizaje</em> mural.</p>
<p><a href=""https://artsandculture.google.com/asset/mundos-de-mestizaje/tQFImh_lvC7RBw""><strong>Discover on your own by clicking the link HERE.</strong></a> (It may take a moment to load.  Microsoft Internet Explorer is NOT recommended.  Best experienced with Safari, Firefox or Chrome.)</p>
<p>&nbsp;</p>",,"{""url"":""https://nhccnm.org/wp-content/uploads/2026/05/Torreon-Photo-2026.jpg"",""id"":26534,""extension"":""jpg"",""width"":1200,""height"":1180}",[],false,,,,2026-07-18 13:02:07,2026-07-18 19:02:07,true,true,,,
2026-09-30T15:38:46Z,nhccnm.org,https://nhccnm.org/wp-json/tribe/events/v1/events,1,27133,nhccnm.org?id=27133,Baila! Baila!’s Christmas in NM &#038; Around the World 2026,2026-11-21 00:00:00,2026-11-21 07:00:00,2026-11-22 23:59:59,2026-11-23 06:59:59,America/Denver,true,false,publish,https://nhccnm.org/event/baila-bailas-christmas-in-nm-around-the-world-2026/,,,,"{""currency_symbol"":""$"",""currency_code"":""USD"",""currency_position"":""prefix"",""values"":[]}","[{""id"":24,""name"":""Performing Arts"",""slug"":""performing-arts"",""parent"":0}]","[{""name"":""Baile!"",""slug"":""baile"",""term_group"":0,""term_taxonomy_id"":38,""taxonomy"":""post_tag"",""description"":"""",""parent"":0,""count"":374,""filter"":""raw"",""id"":38,""urls"":{""self"":""https://nhccnm.org/wp-json/tribe/events/v1/tags/38"",""collection"":""https://nhccnm.org/wp-json/tribe/events/v1/tags""}},{""name"":""Christmas"",""slug"":""christmas"",""term_group"":0,""term_taxonomy_id"":248,""taxonomy"":""post_tag"",""description"":"""",""parent"":0,""count"":1,""filter"":""raw"",""id"":248,""urls"":{""self"":""https://nhccnm.org/wp-json/tribe/events/v1/tags/248"",""collection"":""https://nhccnm.org/wp-json/tribe/events/v1/tags""}},{""name"":""Community"",""slug"":""community"",""term_group"":0,""term_taxonomy_id"":33,""taxonomy"":""post_tag"",""description"":"""",""parent"":0,""count"":1591,""filter"":""raw"",""id"":33,""urls"":{""self"":""https://nhccnm.org/wp-json/tribe/events/v1/tags/33"",""collection"":""https://nhccnm.org/wp-json/tribe/events/v1/tags""}},{""name"":""Dance"",""slug"":""dance"",""term_group"":0,""term_taxonomy_id"":39,""taxonomy"":""post_tag"",""description"":"""",""parent"":0,""count"":414,""filter"":""raw"",""id"":39,""urls"":{""self"":""https://nhccnm.org/wp-json/tribe/events/v1/tags/39"",""collection"":""https://nhccnm.org/wp-json/tribe/events/v1/tags""}},{""name"":""Family"",""slug"":""family"",""term_group"":0,""term_taxonomy_id"":28,""taxonomy"":""post_tag"",""description"":"""",""parent"":0,""count"":603,""filter"":""raw"",""id"":28,""urls"":{""self"":""https://nhccnm.org/wp-json/tribe/events/v1/tags/28"",""collection"":""https://nhccnm.org/wp-json/tribe/events/v1/tags""}},{""name"":""Festival"",""slug"":""festival"",""term_group"":0,""term_taxonomy_id"":99,""taxonomy"":""post_tag"",""description"":"""",""parent"":0,""count"":196,""filter"":""raw"",""id"":99,""urls"":{""self"":""https://nhccnm.org/wp-json/tribe/events/v1/tags/99"",""collection"":""https://nhccnm.org/wp-json/tribe/events/v1/tags""}},{""name"":""Holiday"",""slug"":""holiday"",""term_group"":0,""term_taxonomy_id"":100,""taxonomy"":""post_tag"",""description"":"""",""parent"":0,""count"":11,""filter"":""raw"",""id"":100,""urls"":{""self"":""https://nhccnm.org/wp-json/tribe/events/v1/tags/100"",""collection"":""https://nhccnm.org/wp-json/tribe/events/v1/tags""}},{""name"":""Music"",""slug"":""music"",""term_group"":0,""term_taxonomy_id"":31,""taxonomy"":""post_tag"",""description"":"""",""parent"":0,""count"":508,""filter"":""raw"",""id"":31,""urls"":{""self"":""https://nhccnm.org/wp-json/tribe/events/v1/tags/31"",""collection"":""https://nhccnm.org/wp-json/tribe/events/v1/tags""}},{""name"":""Performing Arts"",""slug"":""performing-arts"",""term_group"":0,""term_taxonomy_id"":42,""taxonomy"":""post_tag"",""description"":"""",""parent"":0,""count"":310,""filter"":""raw"",""id"":42,""urls"":{""self"":""https://nhccnm.org/wp-json/tribe/events/v1/tags/42"",""collection"":""https://nhccnm.org/wp-json/tribe/events/v1/tags""}},{""name"":""Theatre"",""slug"":""theatre"",""term_group"":0,""term_taxonomy_id"":46,""taxonomy"":""post_tag"",""description"":"""",""parent"":0,""count"":868,""filter"":""raw"",""id"":46,""urls"":{""self"":""https://nhccnm.org/wp-json/tribe/events/v1/tags/46"",""collection"":""https://nhccnm.org/wp-json/tribe/events/v1/tags""}}]","{""id"":483,""global_id"":""nhccnm.org?id=483"",""venue"":""Roy E. Disney Center for Performing Arts: Albuquerque Journal Theatre"",""address"":""1701 4th St SW"",""city"":""Albuquerque"",""province"":""NM"",""state"":""NM"",""zip"":""87102"",""phone"":""(505)724-4771"",""url"":""https://nhccnm.org/venue/albuquerque-journal-theatre/"",""geo_lat"":35.068577,""geo_lng"":-106.655629,""show_map"":false,""show_map_link"":false}",[],"<p>Baila! Baila!’s Christmas in NM &amp; Around the World 2026</p>
<p>November 21 &amp; 22, 2025<br />
2:00 pm Saturday &amp; Sunday<br />
7:00 pm Saturday</p>
<p>NHCC | Albuquerque Journal Theatre</p>
<p>Baila! Baila! and the National Hispanic Cultural Center have collaborated over many years for an annual holiday show. <em>Christmas in New Mexico</em> is a whirlwind extravaganza, taking audiences on a journey through the sights and sounds of a New Mexico Christmas and Christmas around the World. Traditional music, song and dance come together to create the ultimate Christmas experience which incorporates our own New Mexico traditions as well as Christmas traditions from around the world. This beautiful performance is perfect for theatregoers of all ages. In 2026, Baila! Baila! will be celebrating their 37th year in spectacular fashion with a large multigenerational cast including apprentices and professional company dancers.</p>
<p>$37, $42, &amp; $47 w/ $2 discount for students, seniors and NHCC members.</p>
<h4><span style=""color: #0000ff;""><a style=""color: #0000ff;"" href=""https://my.nmculture.org/overview/61466"">Reserve your tickets here!</a></span></h4>
<hr />
<p><em>*All NHCC performance/event ticket sales go through the National Hispanic Cultural Center Website. NHCC is a division of New Mexico Department of Cultural Affairs. You will be redirected to our central ticketing system. <strong>DO NOT BUY FROM THIRD PARTIES. </strong>If you see a third party app or website, please report it to the Center at (505) 246-2261.</em></p>",,"{""url"":""https://nhccnm.org/wp-content/uploads/2026/09/Christmas-in-NM-2026-Graphic.png"",""id"":27150,""extension"":""png"",""width"":1200,""height"":1200}",[],false,,,,2026-09-03 09:31:00,2026-09-03 15:31:00,true,true,,,
2026-09-30T15:38:46Z,nhccnm.org,https://nhccnm.org/wp-json/tribe/events/v1/events,1,26374,nhccnm.org?id=26374,Lensic 360: Dweezil Zappa,2026-11-24 00:00:00,2026-11-24 07:00:00,2026-11-24 23:59:59,2026-11-25 06:59:59,America/Denver,true,false,publish,https://nhccnm.org/event/lensic-360-dweezil-zappa/,,,,"{""currency_symbol"":""$"",""currency_code"":""USD"",""currency_position"":""prefix"",""values"":[]}","[{""id"":43,""name"":""Rental"",""slug"":""rental"",""parent"":0}]","[{""name"":""Community"",""slug"":""community"",""term_group"":0,""term_taxonomy_id"":33,""taxonomy"":""post_tag"",""description"":"""",""parent"":0,""count"":1591,""filter"":""raw"",""id"":33,""urls"":{""self"":""https://nhccnm.org/wp-json/tribe/events/v1/tags/33"",""collection"":""https://nhccnm.org/wp-json/tribe/events/v1/tags""}},{""name"":""Music"",""slug"":""music"",""term_group"":0,""term_taxonomy_id"":31,""taxonomy"":""post_tag"",""description"":"""",""parent"":0,""count"":508,""filter"":""raw"",""id"":31,""urls"":{""self"":""https://nhccnm.org/wp-json/tribe/events/v1/tags/31"",""collection"":""https://nhccnm.org/wp-json/tribe/events/v1/tags""}},{""name"":""Performing Arts"",""slug"":""performing-arts"",""term_group"":0,""term_taxonomy_id"":42,""taxonomy"":""post_tag"",""description"":"""",""parent"":0,""count"":310,""filter"":""raw"",""id"":42,""urls"":{""self"":""https://nhccnm.org/wp-json/tribe/events/v1/tags/42"",""collection"":""https://nhccnm.org/wp-json/tribe/events/v1/tags""}},{""name"":""rental"",""slug"":""rental"",""term_group"":0,""term_taxonomy_id"":44,""taxonomy"":""post_tag"",""description"":"""",""parent"":0,""count"":274,""filter"":""raw"",""id"":44,""urls"":{""self"":""https://nhccnm.org/wp-json/tribe/events/v1/tags/44"",""collection"":""https://nhccnm.org/wp-json/tribe/events/v1/tags""}},{""name"":""Theatre"",""slug"":""theatre"",""term_group"":0,""term_taxonomy_id"":46,""taxonomy"":""post_tag"",""description"":"""",""parent"":0,""count"":868,""filter"":""raw"",""id"":46,""urls"":{""self"":""https://nhccnm.org/wp-json/tribe/events/v1/tags/46"",""collection"":""https://nhccnm.org/wp-json/tribe/events/v1/tags""}}]","{""id"":483,""global_id"":""nhccnm.org?id=483"",""venue"":""Roy E. Disney Center for Performing Arts: Albuquerque Journal Theatre"",""address"":""1701 4th St SW"",""city"":""Albuquerque"",""province"":""NM"",""state"":""NM"",""zip"":""87102"",""phone"":""(505)724-4771"",""url"":""https://nhccnm.org/venue/albuquerque-journal-theatre/"",""geo_lat"":35.068577,""geo_lng"":-106.655629,""show_map"":false,""show_map_link"":false}",[],"<h3>Lensic 360: Dweezil Zappa<br />
DZ20: Like Father, Like Son</h3>
<p>Tuesday, November 24, 2026<br />
7:30 pm (Door 6:30 pm)</p>
<p>NHCC | Albuquerque Journal Theatre</p>
<p>Dweezil Zappa was born on September 5, 1969, in Los Angeles, the son of the iconic musician Frank Zappa. Over the past three decades, Dweezil has carved out an eclectic and illustrious career that spans music, television, film, and entrepreneurship.</p>
<p>A Grammy-winning guitarist, Dweezil has left an indelible mark on the music industry with over 2000 concerts performed worldwide. Known for his masterful performances and deep connection to his father’s music. Dweezil is returning to concert stages in 2026, continuing to guide fans through the thrilling and sophisticated world of his father’s music. His aptly named “DZ 20: Like Father, Like Son” Tour returns to North America in 2026 with shows in major cities across the US and Canada – celebrating 20 years of performing his father’s music.</p>
<p>$48, $58, $78 and Preferred Seating at $124.<br />
<em>*Prices includes a NHCC Facility Fee</em></p>
<h4><span style=""color: #0000ff;""><strong><a style=""color: #0000ff;"" href=""https://my.nmculture.org/55172/55173"" target=""_blank"" rel=""noopener"">RESERVE YOUR TICKET HERE!</a></strong></span></h4>
<p>Call the NHCC Box Office at (505) 724-4771, if you need additional assistance.<br />
Tuesday through Saturday from 10am to 4pm.</p>
<p>VIP Package Information: (VIP Package Sales will end on September 17, 2026)</p>
<p>ULTIMATE SIDE STAGE &amp; MIX EXPERIENCE: $1032</p>
<p>– One (1) Premium Ticket<br />
– Meet &amp; Greet + Individual Photo Opportunity with Dweezil Zappa<br />
– Side-Stage Viewing + Access to Live Audio Mixing Technology During The Show<br />
– Private Guided Behind The Scenes Tour With Dweezil Zappa<br />
– Exclusive Access to Live Audio Mixing Technology Duirng Soundcheck<br />
– Soundcheck Performance featuring One (1) Song Not Played During The Set<br />
– Q&amp;A With Dweezil Zappa<br />
– One (1) Limited Edition Dweezil Zappa Merch Pack<br />
– One (1) Commemorative VIP Laminate<br />
&#8211; Onstage Photo with the band during the Encore<br />
– On Site VIP Host</p>
<p>LIVE MIX EXPERIENCE: $340</p>
<p>– One (1) Premium Ticket<br />
– Group Photo Opportunity with Dweezil Zappa<br />
– Exclusive Access to Soundcheck Audio Mixing Technology Experience<br />
– Soundcheck Performance featuring One (1) Song Not Played During The Set<br />
– Q&amp;A With Dweezil Zappa<br />
– One (1) Limited Edition Dweezil Zappa Merch Pack<br />
– One (1) Commemorative VIP Laminate<br />
– On Site VIP Host</p>
<p>SOUNDCHECK Q&amp;A EXPERIENCE: $182</p>
<p>– One (1) Premium Ticket<br />
– Soundcheck Performance featuring One (1) Song Not Played During The Set<br />
– Q&amp;A With Dweezil Zappa<br />
– One (1) Limited Edition Dweezil Zappa Merch Pack<br />
– One (1) Commemorative VIP Laminate<br />
– On Site VIP Host</p>
<p><span style=""color: #0000ff;""><a style=""color: #0000ff;"" href=""https://my.nmculture.org/55172/55173"" target=""_blank"" rel=""noopener"">RESERVE YOUR TICKET HERE!</a></span><br />
Call the NHCC Box Office at (505) 724-4771, if you need additional assistance.<br />
Tuesday through Saturday from 10am to 4pm.</p>
<hr />
<p>Zappa’s virtuosity on the guitar is matched only by his prolific compositional skills, which have generated numerous original works spanning multiple albums including “<em>Confessions of Deprived Youth</em>” (1991) and “<em>Via Zammata</em>” (2015). Notably, his compositions have even been performed by a 100-piece orchestra in Holland, showcasing his versatility and command of orchestral arrangements. His music effortlessly traverses genres, seamlessly weaving together elements of rock, fusion, and experimental sounds, all while maintaining a signature style that is unmistakably his own. In addition to his solo work, Dweezil has collaborated with an impressively varied roster of artists, including Edward Van Halen, Deep Purple, Lisa Loeb, Chick Corea, Herbie Hancock and Steve Vai, among others.</p>
<p>In 2020, Dweezil further solidified his reputation as a pioneer in the industry by completing construction on “<em>Hikari</em>,” a state-of-the-art multimedia studio. As a sought-after audio mix engineer, he showcased his expertise by crafting the stereo and Atmos mixes for the 50th anniversary re-release of Deep Purple’s legendary album “<em>Machine Head</em>” in 2024, cementing his status as a unique voice in sound engineering.</p>
<p>Beyond his artistic pursuits, Dweezil is deeply passionate about music education. He frequently shares his knowledge and expertise by teaching guitar, both through his own music camp, “<em>Dweezilla</em>,” and online lessons. His collaborative spirit has led him to work with a diverse array of musicians all while honoring the legacy of his father, Frank Zappa.</p>
<p>In all his endeavors, Dweezil remains committed to upholding integrity and pushing the boundaries of technology and creativity. As he continues to innovate and inspire, Dweezil Zappa stands as a true luminary in the world of music and beyond.</p>
<p><span style=""color: #0000ff;""><a style=""color: #0000ff;"" href=""https://my.nmculture.org/55172/55173"">Dweezil Zappa Tickets Here!</a></span></p>
<hr />
<p><em>*The event is a rental event not an NHCC production. The title, content, photos/images and description for this event were provided to the NHCC by the organization renting the NHCC venue for the event. By serving as a venue and posting the event on its website, the NHCC is not endorsing any views expressed in the title or description of the event, nor is it endorsing the content of the event.</em></p>
<p><em>*All NHCC performance/event ticket sales go through the National Hispanic Cultural Center Website. NHCC is a division of New Mexico Department of Cultural Affairs. You will be redirected to our central ticketing system. <strong>DO NOT BUY FROM THIRD PARTIES. </strong>If you see a third party app or website, please report it to the Center at (505) 246-2261.</em></p>",,"{""url"":""https://nhccnm.org/wp-content/uploads/2026/05/ZAPPA-2026-Photo-1200x1200-1.jpg"",""id"":26375,""extension"":""jpg"",""width"":1200,""height"":1204}",[],false,,,,2026-09-17 10:33:28,2026-09-17 16:33:28,false,false,,,
2026-09-30T15:38:46Z,nhccnm.org,https://nhccnm.org/wp-json/tribe/events/v1/events,1,26701,nhccnm.org?id=26701,"Mundos de Mestizaje, Torreón Tours",2026-11-28 00:00:00,2026-11-28 07:00:00,2026-11-28 23:59:59,2026-11-29 06:59:59,America/Denver,true,false,publish,https://nhccnm.org/event/mundos-de-mestizaje-torreon-tours-35/,,,,"{""currency_symbol"":""$"",""currency_code"":""USD"",""currency_position"":""prefix"",""values"":[]}","[{""id"":21,""name"":""Exhibitions"",""slug"":""exhibitions"",""parent"":0}]","[{""name"":""Classes"",""slug"":""classes"",""term_group"":0,""term_taxonomy_id"":59,""taxonomy"":""post_tag"",""description"":"""",""parent"":0,""count"":811,""filter"":""raw"",""id"":59,""urls"":{""self"":""https://nhccnm.org/wp-json/tribe/events/v1/tags/59"",""collection"":""https://nhccnm.org/wp-json/tribe/events/v1/tags""}},{""name"":""Community"",""slug"":""community"",""term_group"":0,""term_taxonomy_id"":33,""taxonomy"":""post_tag"",""description"":"""",""parent"":0,""count"":1591,""filter"":""raw"",""id"":33,""urls"":{""self"":""https://nhccnm.org/wp-json/tribe/events/v1/tags/33"",""collection"":""https://nhccnm.org/wp-json/tribe/events/v1/tags""}},{""name"":""Docent"",""slug"":""docent"",""term_group"":0,""term_taxonomy_id"":65,""taxonomy"":""post_tag"",""description"":"""",""parent"":0,""count"":213,""filter"":""raw"",""id"":65,""urls"":{""self"":""https://nhccnm.org/wp-json/tribe/events/v1/tags/65"",""collection"":""https://nhccnm.org/wp-json/tribe/events/v1/tags""}},{""name"":""Education"",""slug"":""education"",""term_group"":0,""term_taxonomy_id"":34,""taxonomy"":""post_tag"",""description"":"""",""parent"":0,""count"":1216,""filter"":""raw"",""id"":34,""urls"":{""self"":""https://nhccnm.org/wp-json/tribe/events/v1/tags/34"",""collection"":""https://nhccnm.org/wp-json/tribe/events/v1/tags""}},{""name"":""history"",""slug"":""history"",""term_group"":0,""term_taxonomy_id"":123,""taxonomy"":""post_tag"",""description"":"""",""parent"":0,""count"":220,""filter"":""raw"",""id"":123,""urls"":{""self"":""https://nhccnm.org/wp-json/tribe/events/v1/tags/123"",""collection"":""https://nhccnm.org/wp-json/tribe/events/v1/tags""}},{""name"":""Workshop"",""slug"":""workshop"",""term_group"":0,""term_taxonomy_id"":64,""taxonomy"":""post_tag"",""description"":"""",""parent"":0,""count"":955,""filter"":""raw"",""id"":64,""urls"":{""self"":""https://nhccnm.org/wp-json/tribe/events/v1/tags/64"",""collection"":""https://nhccnm.org/wp-json/tribe/events/v1/tags""}}]","{""id"":4066,""global_id"":""nhccnm.org?id=4066"",""venue"":""NHCC Torreón"",""address"":""1701 4th street SW"",""city"":""Albuquerque"",""country"":""United States"",""state"":""NM"",""zip"":""87102"",""phone"":""(505) 246-2261"",""url"":""https://nhccnm.org/venue/nhcc-torreon-2/"",""geo_lat"":35.068577,""geo_lng"":-106.655629,""show_map"":true,""show_map_link"":true}",[],"<p><strong>Fridays &amp; Saturdays</strong><br />
<strong>11:00 am</strong></p>
<p>NHCC | Welcome Center and the NHCC Torreón</p>
<p>Admission to the Torreon tour is $2. Tickets are available for advance purchase below or can also be purchased in the New Mexico Mutual Welcome Center, depending on availability. Capacity for each tour is limited.</p>
<h3><span style=""color: #0000ff;""><a style=""color: #0000ff;"" href=""https://my.nmculture.org/overview/53900"" target=""_blank"" rel=""noopener""><strong>PLEASE MAKE YOUR RESERVATION HERE!</strong></a></span></h3>
<p><em>A Vision of History through Fresco…</em><br />
<em>Mundos de Mestizaje</em> by Frederico Vigil is a mural housed in the Torreón on the campus of the National Hispanic Cultural Center. This monumental fresco depicts thousands of years of Hispanic history highlighting diverse cultural connections between people and places from the Iberian Peninsula to the Americas. The 4,000 square foot painting is one of the largest frescos in North America.</p>
<p>The digitized imagery of the painting ensures that this culturally significant work can be a sharing and learning experience for students and families anywhere. We invite you to explore the imagery, history and complexities of the <em>Mundos de Mestizaje</em> mural.</p>
<p><a href=""https://artsandculture.google.com/asset/mundos-de-mestizaje/tQFImh_lvC7RBw""><strong>Discover on your own by clicking the link HERE.</strong></a> (It may take a moment to load.  Microsoft Internet Explorer is NOT recommended.  Best experienced with Safari, Firefox or Chrome.)</p>
<p>&nbsp;</p>",,"{""url"":""https://nhccnm.org/wp-content/uploads/2026/05/Torreon-Photo-2026.jpg"",""id"":26534,""extension"":""jpg"",""width"":1200,""height"":1180}",[],false,,,,2026-07-18 13:02:46,2026-07-18 19:02:46,true,true,,,
2026-09-30T15:38:46Z,nhccnm.org,https://nhccnm.org/wp-json/tribe/events/v1/events,1,26776,nhccnm.org?id=26776,Artist Dialogue: Joe Ramiro Garcia,2026-12-01 00:00:00,2026-12-01 07:00:00,2026-12-01 23:59:59,2026-12-02 06:59:59,America/Denver,true,false,publish,https://nhccnm.org/event/artist-dialogue-joe-ramiro-garcia/,,,,"{""currency_symbol"":""$"",""currency_code"":""USD"",""currency_position"":""prefix"",""values"":[]}","[{""id"":22,""name"":""Visual Arts"",""slug"":""visual-arts"",""parent"":0}]","[{""name"":""Community"",""slug"":""community"",""term_group"":0,""term_taxonomy_id"":33,""taxonomy"":""post_tag"",""description"":"""",""parent"":0,""count"":1591,""filter"":""raw"",""id"":33,""urls"":{""self"":""https://nhccnm.org/wp-json/tribe/events/v1/tags/33"",""collection"":""https://nhccnm.org/wp-json/tribe/events/v1/tags""}},{""name"":""Community Gallery"",""slug"":""community-gallery"",""term_group"":0,""term_taxonomy_id"":228,""taxonomy"":""post_tag"",""description"":"""",""parent"":0,""count"":9,""filter"":""raw"",""id"":228,""urls"":{""self"":""https://nhccnm.org/wp-json/tribe/events/v1/tags/228"",""collection"":""https://nhccnm.org/wp-json/tribe/events/v1/tags""}},{""name"":""free"",""slug"":""free"",""term_group"":0,""term_taxonomy_id"":117,""taxonomy"":""post_tag"",""description"":"""",""parent"":0,""count"":208,""filter"":""raw"",""id"":117,""urls"":{""self"":""https://nhccnm.org/wp-json/tribe/events/v1/tags/117"",""collection"":""https://nhccnm.org/wp-json/tribe/events/v1/tags""}},{""name"":""Museum"",""slug"":""museum"",""term_group"":0,""term_taxonomy_id"":36,""taxonomy"":""post_tag"",""description"":"""",""parent"":0,""count"":385,""filter"":""raw"",""id"":36,""urls"":{""self"":""https://nhccnm.org/wp-json/tribe/events/v1/tags/36"",""collection"":""https://nhccnm.org/wp-json/tribe/events/v1/tags""}},{""name"":""speakers"",""slug"":""speakers"",""term_group"":0,""term_taxonomy_id"":161,""taxonomy"":""post_tag"",""description"":"""",""parent"":0,""count"":12,""filter"":""raw"",""id"":161,""urls"":{""self"":""https://nhccnm.org/wp-json/tribe/events/v1/tags/161"",""collection"":""https://nhccnm.org/wp-json/tribe/events/v1/tags""}},{""name"":""special event"",""slug"":""special-event"",""term_group"":0,""term_taxonomy_id"":246,""taxonomy"":""post_tag"",""description"":"""",""parent"":0,""count"":6,""filter"":""raw"",""id"":246,""urls"":{""self"":""https://nhccnm.org/wp-json/tribe/events/v1/tags/246"",""collection"":""https://nhccnm.org/wp-json/tribe/events/v1/tags""}},{""name"":""visual arts"",""slug"":""visual-arts"",""term_group"":0,""term_taxonomy_id"":167,""taxonomy"":""post_tag"",""description"":"""",""parent"":0,""count"":27,""filter"":""raw"",""id"":167,""urls"":{""self"":""https://nhccnm.org/wp-json/tribe/events/v1/tags/167"",""collection"":""https://nhccnm.org/wp-json/tribe/events/v1/tags""}}]","{""id"":679,""global_id"":""nhccnm.org?id=679"",""venue"":""Roy E. Disney Center for Performing Arts: Wells Fargo Auditorium"",""address"":""1701 4th Street SW"",""city"":""Albuquerque"",""province"":""NM"",""state"":""NM"",""zip"":""87102"",""phone"":""(505) 724-4771"",""url"":""https://nhccnm.org/venue/wells-fargo-auditorium/"",""geo_lat"":35.068577,""geo_lng"":-106.655629,""show_map"":false,""show_map_link"":true}",[],"<p><strong>Artist Dialogue: Joe Ramiro Garcia</strong></p>
<p><strong><span class=""TextRun SCXW15424670 BCX0"" lang=""EN-US"" xml:lang=""EN-US"" data-contrast=""auto""><span class=""NormalTextRun SCXW15424670 BCX0"">A Dialogue on Memory and Ancestral Knowledge between Artist</span></span></strong><span class=""NormalTextRun SCXW57027877 BCX0""> </span><strong><span class=""NormalTextRun SCXW57027877 BCX0"">Joe Ramiro Garcia</span><span class=""NormalTextRun SCXW57027877 BCX0""> </span><span class=""NormalTextRun SCXW57027877 BCX0"">and Curator hazel </span><span class=""NormalTextRun SpellingErrorV2Themed SCXW57027877 BCX0"">batrezchavez</span></strong></p>
<p>Tuesday, December 1, 2026<br />
12:30 &#8211; 1:30 pm</p>
<p>NHCC | Wells Fargo Auditorium</p>
<p><span class=""TextRun SCXW213279552 BCX0"" lang=""EN-US"" xml:lang=""EN-US"" data-contrast=""none""><span class=""NormalTextRun SCXW213279552 BCX0"">Join NHCC </span><span class=""NormalTextRun SCXW213279552 BCX0"">C</span><span class=""NormalTextRun SCXW213279552 BCX0"">urator</span><span class=""NormalTextRun SCXW213279552 BCX0""> hazel </span><span class=""NormalTextRun SpellingErrorV2Themed SCXW213279552 BCX0"">batrezchavez</span><span class=""NormalTextRun SCXW213279552 BCX0""> for a dedicated series of one-on-one conversations in connection with our Community Gallery exhibition <em><span class=""TextRun SCXW197185394 BCX0"" lang=""EN-US"" xml:lang=""EN-US"" data-contrast=""none""><span class=""NormalTextRun SpellingErrorV2Themed SCXW197185394 BCX0"">i</span><span class=""NormalTextRun SCXW197185394 BCX0""> thought </span><span class=""NormalTextRun SpellingErrorV2Themed SCXW197185394 BCX0"">i</span><span class=""NormalTextRun SCXW197185394 BCX0""> saw you yesterday</span></span></em>. Each dialogue functions as an individual chapter, unpacking a single artist’s material practice, ancestral ties, and creative process.</span></span><span class=""EOP SCXW213279552 BCX0"" data-ccp-props=""{&quot;335559685&quot;:0,&quot;335559739&quot;:0}""> This dialogue with artist Joe Ramiro Garcia focuses on e<span class=""NormalTextRun SCXW34187086 BCX0"">xploring the intersection of artistic process, </span><span class=""NormalTextRun SCXW34187086 BCX0"">materiality,</span><span class=""NormalTextRun SCXW34187086 BCX0""> and abstraction.</span></span></p>
<p><em><span class=""TextRun SCXW197185394 BCX0"" lang=""EN-US"" xml:lang=""EN-US"" data-contrast=""none""><span class=""NormalTextRun SpellingErrorV2Themed SCXW197185394 BCX0"">i</span><span class=""NormalTextRun SCXW197185394 BCX0""> thought </span><span class=""NormalTextRun SpellingErrorV2Themed SCXW197185394 BCX0"">i</span><span class=""NormalTextRun SCXW197185394 BCX0""> saw you yesterday </span></span></em><span class=""TextRun SCXW197185394 BCX0"" lang=""EN-US"" xml:lang=""EN-US"" data-contrast=""none""><span class=""NormalTextRun SCXW197185394 BCX0"">is a group exhibition that explores memory and ancestral knowledge to create a dialogue between life cycles, food, land, </span><span class=""NormalTextRun SCXW197185394 BCX0"">place</span><span class=""NormalTextRun SCXW197185394 BCX0"">,</span><span class=""NormalTextRun SCXW197185394 BCX0""> and the body. Featuring artworks by artists Amanda </span><span class=""NormalTextRun SCXW197185394 BCX0"">Dannáe Romero, </span><span class=""NormalTextRun SpellingErrorV2Themed SCXW197185394 BCX0"">ashleigh</span><span class=""NormalTextRun SCXW197185394 BCX0""> </span><span class=""NormalTextRun SpellingErrorV2Themed SCXW197185394 BCX0"">steele</span><span class=""NormalTextRun SCXW197185394 BCX0""> </span><span class=""NormalTextRun SpellingErrorV2Themed SCXW197185394 BCX0"">chavez</span><span class=""NormalTextRun SCXW197185394 BCX0"">, Caroline Liu, </span><span class=""NormalTextRun SpellingErrorV2Themed SCXW197185394 BCX0"">claudia</span><span class=""NormalTextRun SCXW197185394 BCX0""> </span><span class=""NormalTextRun SpellingErrorV2Themed SCXW197185394 BCX0"">hermano</span><span class=""NormalTextRun SCXW197185394 BCX0"">, Esteban Ismael Durán, Jesus Miguel Avena, Joe Ramiro Garcia, Margarita Paz-Pedro, and Stephanie J. Woods.</span></span></p>
<p>Free Community Event, please register in advance using the link below.</p>
<h4><span style=""color: #0000ff;""><a style=""color: #0000ff;"" href=""https://my.nmculture.org/56515/60516"" target=""_blank"" rel=""noopener"">PLEASE MAKE YOUR RESERVATION HERE!</a></span></h4>
<p><strong>About the artist: </strong><span class=""TextRun SCXW198996440 BCX0"" lang=""EN-US"" xml:lang=""EN-US"" data-contrast=""none""><span class=""NormalTextRun SCXW198996440 BCX0"">Joe Ramiro Garcia is an Art Institute of Chicago–educated artist who moved to Santa Fe from his native Houston in 1987. In his paintings</span><span class=""NormalTextRun SCXW198996440 BCX0"">,</span><span class=""NormalTextRun SCXW198996440 BCX0""> he creates an image or pattern on paper </span><span class=""NormalTextRun SCXW198996440 BCX0"">that’s</span><span class=""NormalTextRun SCXW198996440 BCX0""> soaked in gum </span><span class=""NormalTextRun SpellingErrorV2Themed SCXW198996440 BCX0"">arabic</span><span class=""NormalTextRun SCXW198996440 BCX0""> and water, next the paper plate is charged with oil paint and then hand pressed onto a painting surface. </span><span class=""NormalTextRun SCXW198996440 BCX0"">It’s</span><span class=""NormalTextRun SCXW198996440 BCX0""> a transfer method </span><span class=""NormalTextRun SCXW198996440 BCX0"">similar to</span><span class=""NormalTextRun SCXW198996440 BCX0""> those used by Jasper Johns, Robert Rauschenberg, Andy Warhol, and Nancy Spero—but also vastly different, because Garcia </span><span class=""NormalTextRun SCXW198996440 BCX0"">doesn’t</span><span class=""NormalTextRun SCXW198996440 BCX0""> silkscreen, monoprint, or etch. The end results are oil paintings that Garcia calls “open narratives” due to layered imagery. Garcia, who is represented by Blue Gallery in Kansas City, has recently had several solo exhibitions at Santa Fe’s </span><span class=""NormalTextRun SpellingErrorV2Themed SCXW198996440 BCX0"">LewAllen</span><span class=""NormalTextRun SCXW198996440 BCX0""> Galleries.</span></span></p>
<p><a href=""https://my.nmculture.org/56515/60516"">Artist Dialogue: Joe Ramiro Garcia | New Mexico Department of Cultural Affairs</a></p>",,"{""url"":""https://nhccnm.org/wp-content/uploads/2026/08/Web-icon.png"",""id"":26896,""extension"":""png"",""width"":1200,""height"":1200}",[],false,,,,2026-08-13 09:53:19,2026-08-13 15:53:19,true,true,,,
2026-09-30T15:38:46Z,nhccnm.org,https://nhccnm.org/wp-json/tribe/events/v1/events,1,26292,nhccnm.org?id=26292,Happy Arte Hour,2026-12-03 00:00:00,2026-12-03 07:00:00,2026-12-03 23:59:59,2026-12-04 06:59:59,America/Denver,true,false,publish,https://nhccnm.org/event/happy-arte-hour-29/,,,,"{""currency_symbol"":""$"",""currency_code"":""USD"",""currency_position"":""prefix"",""values"":[]}",[],"[{""name"":""Classes"",""slug"":""classes"",""term_group"":0,""term_taxonomy_id"":59,""taxonomy"":""post_tag"",""description"":"""",""parent"":0,""count"":811,""filter"":""raw"",""id"":59,""urls"":{""self"":""https://nhccnm.org/wp-json/tribe/events/v1/tags/59"",""collection"":""https://nhccnm.org/wp-json/tribe/events/v1/tags""}},{""name"":""Education"",""slug"":""education"",""term_group"":0,""term_taxonomy_id"":34,""taxonomy"":""post_tag"",""description"":"""",""parent"":0,""count"":1216,""filter"":""raw"",""id"":34,""urls"":{""self"":""https://nhccnm.org/wp-json/tribe/events/v1/tags/34"",""collection"":""https://nhccnm.org/wp-json/tribe/events/v1/tags""}},{""name"":""Happy Arte Hour"",""slug"":""happy-arte-hour"",""term_group"":0,""term_taxonomy_id"":67,""taxonomy"":""post_tag"",""description"":"""",""parent"":0,""count"":76,""filter"":""raw"",""id"":67,""urls"":{""self"":""https://nhccnm.org/wp-json/tribe/events/v1/tags/67"",""collection"":""https://nhccnm.org/wp-json/tribe/events/v1/tags""}},{""name"":""Workshop"",""slug"":""workshop"",""term_group"":0,""term_taxonomy_id"":64,""taxonomy"":""post_tag"",""description"":"""",""parent"":0,""count"":955,""filter"":""raw"",""id"":64,""urls"":{""self"":""https://nhccnm.org/wp-json/tribe/events/v1/tags/64"",""collection"":""https://nhccnm.org/wp-json/tribe/events/v1/tags""}}]","{""id"":5835,""global_id"":""nhccnm.org?id=5835"",""venue"":""NHCC | Education Building: Grand Hall"",""address"":""1701 4th Street SW"",""city"":""Albuquerque"",""country"":""United States"",""province"":""NM"",""state"":""NM"",""zip"":""87102"",""phone"":""5057244771"",""url"":""https://nhccnm.org/venue/grand-hall/"",""show_map"":true,""show_map_link"":true}",[],"<p><strong>Thursday, December 3, 2026<br />
6:00 pm</strong></p>
<p>NHCC | Domenici Education Building</p>
<p>NHCC invites adults for artistic fun in a relaxed social setting. This is a great opportunity for friends to hang out, a unique date night option, or a place to come solo and connect with fellow art enthusiasts. Drinks and snacks will be available to purchase.</p>
<p><strong><span style=""color: #cd2652;"">Please pre-register with the link below (so we know how many materials to prepare).</span></strong> Registration for the following month is available the day after the current program month. For more information, please call or email Elena Baca at 505-246-2261 or <a href=""mailto:elenad.baca@dca.nm.gov"">elenad.baca@dca.nm.gov</a>.</p>
<p>Free Community Event. $5+ donations are encouraged to support the artists &amp; purchase supplies.</p>
<p><span style=""color: #cd2652;""><a style=""color: #cd2652;"" href=""https://my.nmculture.org/events/47454,56066?endDate=2027-06-30"" target=""_blank"" rel=""noopener""><strong>PLEASE MAKE YOUR RESERVATION HERE!</strong></a></span></p>",,"{""url"":""https://nhccnm.org/wp-content/uploads/2024/05/Happy-Arte-Hour-2024.jpg"",""id"":21302,""extension"":""jpg"",""width"":1161,""height"":971}",[],false,,,,2026-05-30 14:19:50,2026-05-30 20:19:50,true,true,,,
2026-09-30T15:38:46Z,nhccnm.org,https://nhccnm.org/wp-json/tribe/events/v1/events,1,26703,nhccnm.org?id=26703,"Mundos de Mestizaje, Torreón Tours",2026-12-04 00:00:00,2026-12-04 07:00:00,2026-12-05 23:59:59,2026-12-06 06:59:59,America/Denver,true,false,publish,https://nhccnm.org/event/mundos-de-mestizaje-torreon-tours-36/,,,,"{""currency_symbol"":""$"",""currency_code"":""USD"",""currency_position"":""prefix"",""values"":[]}","[{""id"":21,""name"":""Exhibitions"",""slug"":""exhibitions"",""parent"":0}]","[{""name"":""Classes"",""slug"":""classes"",""term_group"":0,""term_taxonomy_id"":59,""taxonomy"":""post_tag"",""description"":"""",""parent"":0,""count"":811,""filter"":""raw"",""id"":59,""urls"":{""self"":""https://nhccnm.org/wp-json/tribe/events/v1/tags/59"",""collection"":""https://nhccnm.org/wp-json/tribe/events/v1/tags""}},{""name"":""Community"",""slug"":""community"",""term_group"":0,""term_taxonomy_id"":33,""taxonomy"":""post_tag"",""description"":"""",""parent"":0,""count"":1591,""filter"":""raw"",""id"":33,""urls"":{""self"":""https://nhccnm.org/wp-json/tribe/events/v1/tags/33"",""collection"":""https://nhccnm.org/wp-json/tribe/events/v1/tags""}},{""name"":""Docent"",""slug"":""docent"",""term_group"":0,""term_taxonomy_id"":65,""taxonomy"":""post_tag"",""description"":"""",""parent"":0,""count"":213,""filter"":""raw"",""id"":65,""urls"":{""self"":""https://nhccnm.org/wp-json/tribe/events/v1/tags/65"",""collection"":""https://nhccnm.org/wp-json/tribe/events/v1/tags""}},{""name"":""Education"",""slug"":""education"",""term_group"":0,""term_taxonomy_id"":34,""taxonomy"":""post_tag"",""description"":"""",""parent"":0,""count"":1216,""filter"":""raw"",""id"":34,""urls"":{""self"":""https://nhccnm.org/wp-json/tribe/events/v1/tags/34"",""collection"":""https://nhccnm.org/wp-json/tribe/events/v1/tags""}},{""name"":""history"",""slug"":""history"",""term_group"":0,""term_taxonomy_id"":123,""taxonomy"":""post_tag"",""description"":"""",""parent"":0,""count"":220,""filter"":""raw"",""id"":123,""urls"":{""self"":""https://nhccnm.org/wp-json/tribe/events/v1/tags/123"",""collection"":""https://nhccnm.org/wp-json/tribe/events/v1/tags""}},{""name"":""Workshop"",""slug"":""workshop"",""term_group"":0,""term_taxonomy_id"":64,""taxonomy"":""post_tag"",""description"":"""",""parent"":0,""count"":955,""filter"":""raw"",""id"":64,""urls"":{""self"":""https://nhccnm.org/wp-json/tribe/events/v1/tags/64"",""collection"":""https://nhccnm.org/wp-json/tribe/events/v1/tags""}}]","{""id"":4066,""global_id"":""nhccnm.org?id=4066"",""venue"":""NHCC Torreón"",""address"":""1701 4th street SW"",""city"":""Albuquerque"",""country"":""United States"",""state"":""NM"",""zip"":""87102"",""phone"":""(505) 246-2261"",""url"":""https://nhccnm.org/venue/nhcc-torreon-2/"",""geo_lat"":35.068577,""geo_lng"":-106.655629,""show_map"":true,""show_map_link"":true}",[],"<p><strong>Fridays &amp; Saturdays</strong><br />
<strong>11:00 am</strong></p>
<p>NHCC | Welcome Center and the NHCC Torreón</p>
<p>Admission to the Torreon tour is $2. Tickets are available for advance purchase below or can also be purchased in the New Mexico Mutual Welcome Center, depending on availability. Capacity for each tour is limited.</p>
<h3><span style=""color: #0000ff;""><a style=""color: #0000ff;"" href=""https://my.nmculture.org/overview/53900"" target=""_blank"" rel=""noopener""><strong>PLEASE MAKE YOUR RESERVATION HERE!</strong></a></span></h3>
<p><em>A Vision of History through Fresco…</em><br />
<em>Mundos de Mestizaje</em> by Frederico Vigil is a mural housed in the Torreón on the campus of the National Hispanic Cultural Center. This monumental fresco depicts thousands of years of Hispanic history highlighting diverse cultural connections between people and places from the Iberian Peninsula to the Americas. The 4,000 square foot painting is one of the largest frescos in North America.</p>
<p>The digitized imagery of the painting ensures that this culturally significant work can be a sharing and learning experience for students and families anywhere. We invite you to explore the imagery, history and complexities of the <em>Mundos de Mestizaje</em> mural.</p>
<p><a href=""https://artsandculture.google.com/asset/mundos-de-mestizaje/tQFImh_lvC7RBw""><strong>Discover on your own by clicking the link HERE.</strong></a> (It may take a moment to load.  Microsoft Internet Explorer is NOT recommended.  Best experienced with Safari, Firefox or Chrome.)</p>
<p>&nbsp;</p>",,"{""url"":""https://nhccnm.org/wp-content/uploads/2026/05/Torreon-Photo-2026.jpg"",""id"":26534,""extension"":""jpg"",""width"":1200,""height"":1180}",[],false,,,,2026-07-18 13:03:14,2026-07-18 19:03:14,true,true,,,
2026-09-30T15:38:46Z,nhccnm.org,https://nhccnm.org/wp-json/tribe/events/v1/events,1,26915,nhccnm.org?id=26915,Opera Southwest: The Farolitos of Christmas,2026-12-05 00:00:00,2026-12-05 07:00:00,2026-12-06 23:59:59,2026-12-07 06:59:59,America/Denver,true,false,publish,https://nhccnm.org/event/opera-southwest-the-farolitos-of-christmas-2/,,,,"{""currency_symbol"":""$"",""currency_code"":""USD"",""currency_position"":""prefix"",""values"":[]}","[{""id"":24,""name"":""Performing Arts"",""slug"":""performing-arts"",""parent"":0}]","[{""name"":""Community"",""slug"":""community"",""term_group"":0,""term_taxonomy_id"":33,""taxonomy"":""post_tag"",""description"":"""",""parent"":0,""count"":1591,""filter"":""raw"",""id"":33,""urls"":{""self"":""https://nhccnm.org/wp-json/tribe/events/v1/tags/33"",""collection"":""https://nhccnm.org/wp-json/tribe/events/v1/tags""}},{""name"":""Family"",""slug"":""family"",""term_group"":0,""term_taxonomy_id"":28,""taxonomy"":""post_tag"",""description"":"""",""parent"":0,""count"":603,""filter"":""raw"",""id"":28,""urls"":{""self"":""https://nhccnm.org/wp-json/tribe/events/v1/tags/28"",""collection"":""https://nhccnm.org/wp-json/tribe/events/v1/tags""}},{""name"":""Festival"",""slug"":""festival"",""term_group"":0,""term_taxonomy_id"":99,""taxonomy"":""post_tag"",""description"":"""",""parent"":0,""count"":196,""filter"":""raw"",""id"":99,""urls"":{""self"":""https://nhccnm.org/wp-json/tribe/events/v1/tags/99"",""collection"":""https://nhccnm.org/wp-json/tribe/events/v1/tags""}},{""name"":""Music"",""slug"":""music"",""term_group"":0,""term_taxonomy_id"":31,""taxonomy"":""post_tag"",""description"":"""",""parent"":0,""count"":508,""filter"":""raw"",""id"":31,""urls"":{""self"":""https://nhccnm.org/wp-json/tribe/events/v1/tags/31"",""collection"":""https://nhccnm.org/wp-json/tribe/events/v1/tags""}},{""name"":""Opera"",""slug"":""opera"",""term_group"":0,""term_taxonomy_id"":107,""taxonomy"":""post_tag"",""description"":"""",""parent"":0,""count"":48,""filter"":""raw"",""id"":107,""urls"":{""self"":""https://nhccnm.org/wp-json/tribe/events/v1/tags/107"",""collection"":""https://nhccnm.org/wp-json/tribe/events/v1/tags""}},{""name"":""Orchestra"",""slug"":""orchestra"",""term_group"":0,""term_taxonomy_id"":97,""taxonomy"":""post_tag"",""description"":"""",""parent"":0,""count"":68,""filter"":""raw"",""id"":97,""urls"":{""self"":""https://nhccnm.org/wp-json/tribe/events/v1/tags/97"",""collection"":""https://nhccnm.org/wp-json/tribe/events/v1/tags""}},{""name"":""Performing Arts"",""slug"":""performing-arts"",""term_group"":0,""term_taxonomy_id"":42,""taxonomy"":""post_tag"",""description"":"""",""parent"":0,""count"":310,""filter"":""raw"",""id"":42,""urls"":{""self"":""https://nhccnm.org/wp-json/tribe/events/v1/tags/42"",""collection"":""https://nhccnm.org/wp-json/tribe/events/v1/tags""}},{""name"":""Theatre"",""slug"":""theatre"",""term_group"":0,""term_taxonomy_id"":46,""taxonomy"":""post_tag"",""description"":"""",""parent"":0,""count"":868,""filter"":""raw"",""id"":46,""urls"":{""self"":""https://nhccnm.org/wp-json/tribe/events/v1/tags/46"",""collection"":""https://nhccnm.org/wp-json/tribe/events/v1/tags""}}]","{""id"":483,""global_id"":""nhccnm.org?id=483"",""venue"":""Roy E. Disney Center for Performing Arts: Albuquerque Journal Theatre"",""address"":""1701 4th St SW"",""city"":""Albuquerque"",""province"":""NM"",""state"":""NM"",""zip"":""87102"",""phone"":""(505)724-4771"",""url"":""https://nhccnm.org/venue/albuquerque-journal-theatre/"",""geo_lat"":35.068577,""geo_lng"":-106.655629,""show_map"":false,""show_map_link"":false}",[],"<p>Opera Southwest: The Farolitos of Christmas<br />
December 5 &amp; 6, 2026<br />
2:00 pm &amp; 4:00 pm Saturday &amp; Sunday</p>
<p>NHCC | Albuquerque Journal Theatre</p>
<p>Opera Southwest presents Rudolfo Anaya’s <em>The Farolitos of Christmas </em></p>
<p>Music &amp; Libretto / Héctor Armienta</p>
<p>Opera Southwest and the National Hispanic Cultural Center present a heartwarming holiday opera for all ages with Héctor Armienta’s <em>The Farolitos of Christmas</em>.</p>
<p>A new opera for families and children based on Rudolfo Anaya’s beloved children’s book,<em> The Farolitos of Christmas</em> is a heartwarming holiday opera about love, tradition, and the quiet power of invention. Luz’s father is away at war. Her grandfather is too sick to build the luminarias. So Luz finds a new way to light the path on Christmas Eve, one that will become tradition.</p>
<p>With music and libretto by Héctor Armienta (<em>Zorro</em>, <em>Bless Me, Ultima</em>) and stage direction by John de los Santos (<em>Frida</em>, <em>Before Night Falls</em>), this luminous one-act opera captures the spirit of New Mexico in winter: flickering light, faith, and family that endures.</p>
<p>Running time: Approx 1 hour</p>
<p>$25, $35, $45, $55, &amp; $65 with discounts for groups of 8 or more, anyone 30 years old and younger and <a href=""https://www.operasouthwest.org/operas/opera-for-all"">Opera for All</a> with a WIC or EBT card. Opera for All tickets are limited to 2 per ID and must be purchased at the NHCC box office by calling 505-724-4771 or in person.</p>
<h4><span style=""color: #0000ff;""><a style=""color: #0000ff;"" href=""https://my.nmculture.org/events/58662,58944?endDate=2027-06-30"" target=""_blank"" rel=""noopener""><em>RESERVE YOUR TICKETS HERE!</em></a></span></h4>
<p><em> &#8212;&#8212;&#8212;&#8212;&#8212;&#8212;&#8212;&#8212;&#8212;&#8212;&#8212;&#8212;&#8212;&#8212;&#8212;&#8212;&#8212;&#8212;&#8212;&#8212;&#8212;&#8212;&#8212;&#8212;&#8212;&#8212;&#8212;&#8212;&#8212;&#8212;&#8212;&#8212;&#8212;&#8212;&#8212;&#8212;&#8212;&#8212;&#8212;&#8212;&#8212;&#8212;&#8212;&#8211;</em></p>
<p><em>*The event is a rental event not an NHCC production. The title, content, photos/images and description for this event were provided to the NHCC by the organization renting the NHCC venue for the event. By serving as a venue and posting the event on its website, the NHCC is not endorsing any views expressed in the title or description of the event, nor is it endorsing the content of the event.</em></p>
<p><em>*All NHCC performance/event ticket sales go through the National Hispanic Cultural Center Website. NHCC is a division of New Mexico Department of Cultural Affairs. You will be redirected to our central ticketing system. DO NOT BUY FROM THIRD PARTIES. If you see a third party app or website, please report it to the Center at (505) 246-2261.</em></p>
<p><span style=""color: #0000ff;""><strong><a style=""color: #0000ff;"" href=""https://my.nmculture.org/events/58662,58944?endDate=2027-06-30"">Events | Opera Southwest Performances at the NHCC</a></strong></span></p>",,"{""url"":""https://nhccnm.org/wp-content/uploads/2026/08/Farolitos-2026-graphic.jpg"",""id"":26917,""extension"":""jpg"",""width"":1211,""height"":1183}",[],false,,,,2026-08-13 13:18:46,2026-08-13 19:18:46,true,true,,,
2026-09-30T15:38:46Z,nhccnm.org,https://nhccnm.org/wp-json/tribe/events/v1/events,1,26778,nhccnm.org?id=26778,Artist Dialogue: Esteban Ismael Durán,2026-12-06 00:00:00,2026-12-06 07:00:00,2026-12-06 23:59:59,2026-12-07 06:59:59,America/Denver,true,false,publish,https://nhccnm.org/event/artist-dialogue-esteban-ismael-duran/,,,,"{""currency_symbol"":""$"",""currency_code"":""USD"",""currency_position"":""prefix"",""values"":[]}","[{""id"":22,""name"":""Visual Arts"",""slug"":""visual-arts"",""parent"":0}]","[{""name"":""Community"",""slug"":""community"",""term_group"":0,""term_taxonomy_id"":33,""taxonomy"":""post_tag"",""description"":"""",""parent"":0,""count"":1591,""filter"":""raw"",""id"":33,""urls"":{""self"":""https://nhccnm.org/wp-json/tribe/events/v1/tags/33"",""collection"":""https://nhccnm.org/wp-json/tribe/events/v1/tags""}},{""name"":""Community Gallery"",""slug"":""community-gallery"",""term_group"":0,""term_taxonomy_id"":228,""taxonomy"":""post_tag"",""description"":"""",""parent"":0,""count"":9,""filter"":""raw"",""id"":228,""urls"":{""self"":""https://nhccnm.org/wp-json/tribe/events/v1/tags/228"",""collection"":""https://nhccnm.org/wp-json/tribe/events/v1/tags""}},{""name"":""free"",""slug"":""free"",""term_group"":0,""term_taxonomy_id"":117,""taxonomy"":""post_tag"",""description"":"""",""parent"":0,""count"":208,""filter"":""raw"",""id"":117,""urls"":{""self"":""https://nhccnm.org/wp-json/tribe/events/v1/tags/117"",""collection"":""https://nhccnm.org/wp-json/tribe/events/v1/tags""}},{""name"":""Museum"",""slug"":""museum"",""term_group"":0,""term_taxonomy_id"":36,""taxonomy"":""post_tag"",""description"":"""",""parent"":0,""count"":385,""filter"":""raw"",""id"":36,""urls"":{""self"":""https://nhccnm.org/wp-json/tribe/events/v1/tags/36"",""collection"":""https://nhccnm.org/wp-json/tribe/events/v1/tags""}},{""name"":""speakers"",""slug"":""speakers"",""term_group"":0,""term_taxonomy_id"":161,""taxonomy"":""post_tag"",""description"":"""",""parent"":0,""count"":12,""filter"":""raw"",""id"":161,""urls"":{""self"":""https://nhccnm.org/wp-json/tribe/events/v1/tags/161"",""collection"":""https://nhccnm.org/wp-json/tribe/events/v1/tags""}},{""name"":""special event"",""slug"":""special-event"",""term_group"":0,""term_taxonomy_id"":246,""taxonomy"":""post_tag"",""description"":"""",""parent"":0,""count"":6,""filter"":""raw"",""id"":246,""urls"":{""self"":""https://nhccnm.org/wp-json/tribe/events/v1/tags/246"",""collection"":""https://nhccnm.org/wp-json/tribe/events/v1/tags""}},{""name"":""visual arts"",""slug"":""visual-arts"",""term_group"":0,""term_taxonomy_id"":167,""taxonomy"":""post_tag"",""description"":"""",""parent"":0,""count"":27,""filter"":""raw"",""id"":167,""urls"":{""self"":""https://nhccnm.org/wp-json/tribe/events/v1/tags/167"",""collection"":""https://nhccnm.org/wp-json/tribe/events/v1/tags""}}]","{""id"":679,""global_id"":""nhccnm.org?id=679"",""venue"":""Roy E. Disney Center for Performing Arts: Wells Fargo Auditorium"",""address"":""1701 4th Street SW"",""city"":""Albuquerque"",""province"":""NM"",""state"":""NM"",""zip"":""87102"",""phone"":""(505) 724-4771"",""url"":""https://nhccnm.org/venue/wells-fargo-auditorium/"",""geo_lat"":35.068577,""geo_lng"":-106.655629,""show_map"":false,""show_map_link"":true}",[],"<p>Artist Dialogue: Esteban Ismael Durán</p>
<p><strong><span class=""NormalTextRun BCX0 SCXW198243373"">A Dialogue on Memory and Ancestral Knowledge between Artist </span><span class=""NormalTextRun BCX0 SCXW198243373"">Esteban Ismael Durán</span> <span class=""NormalTextRun BCX0 SCXW198243373"">and Curator hazel </span><span class=""NormalTextRun SpellingErrorV2Themed BCX0 SCXW198243373"">batrezchavez</span></strong></p>
<p>Sunday, December 6, 2026<br />
12:30 &#8211; 1:30 pm</p>
<p>NHCC | Wells Fargo Auditorium</p>
<p><span class=""TextRun SCXW213279552 BCX0"" lang=""EN-US"" xml:lang=""EN-US"" data-contrast=""none""><span class=""NormalTextRun SCXW213279552 BCX0"">Join NHCC </span><span class=""NormalTextRun SCXW213279552 BCX0"">C</span><span class=""NormalTextRun SCXW213279552 BCX0"">urator</span><span class=""NormalTextRun SCXW213279552 BCX0""> hazel </span><span class=""NormalTextRun SpellingErrorV2Themed SCXW213279552 BCX0"">batrezchavez</span><span class=""NormalTextRun SCXW213279552 BCX0""> for a dedicated series of one-on-one conversations in connection with our Community Gallery exhibition <em><span class=""TextRun SCXW197185394 BCX0"" lang=""EN-US"" xml:lang=""EN-US"" data-contrast=""none""><span class=""NormalTextRun SpellingErrorV2Themed SCXW197185394 BCX0"">i</span><span class=""NormalTextRun SCXW197185394 BCX0""> thought </span><span class=""NormalTextRun SpellingErrorV2Themed SCXW197185394 BCX0"">i</span><span class=""NormalTextRun SCXW197185394 BCX0""> saw you yesterday</span></span></em>. Each dialogue functions as an individual chapter, unpacking a single artist’s material practice, ancestral ties, and creative process.</span></span><span class=""EOP SCXW213279552 BCX0"" data-ccp-props=""{&quot;335559685&quot;:0,&quot;335559739&quot;:0}""> This dialogue with artist Esteban Ismael Durán examines <span class=""TextRun SCXW209565509 BCX0"" lang=""EN-US"" xml:lang=""EN-US"" data-contrast=""none""><span class=""NormalTextRun SCXW209565509 BCX0"">the relationship between place, material, and memory.</span></span></span></p>
<p><em><span class=""TextRun SCXW197185394 BCX0"" lang=""EN-US"" xml:lang=""EN-US"" data-contrast=""none""><span class=""NormalTextRun SpellingErrorV2Themed SCXW197185394 BCX0"">i</span><span class=""NormalTextRun SCXW197185394 BCX0""> thought </span><span class=""NormalTextRun SpellingErrorV2Themed SCXW197185394 BCX0"">i</span><span class=""NormalTextRun SCXW197185394 BCX0""> saw you yesterday </span></span></em><span class=""TextRun SCXW197185394 BCX0"" lang=""EN-US"" xml:lang=""EN-US"" data-contrast=""none""><span class=""NormalTextRun SCXW197185394 BCX0"">is a group exhibition that explores memory and ancestral knowledge to create a dialogue between life cycles, food, land, </span><span class=""NormalTextRun SCXW197185394 BCX0"">place</span><span class=""NormalTextRun SCXW197185394 BCX0"">,</span><span class=""NormalTextRun SCXW197185394 BCX0""> and the body. Featuring artworks by artists Amanda </span><span class=""NormalTextRun SCXW197185394 BCX0"">Dannáe Romero, </span><span class=""NormalTextRun SpellingErrorV2Themed SCXW197185394 BCX0"">ashleigh</span><span class=""NormalTextRun SCXW197185394 BCX0""> </span><span class=""NormalTextRun SpellingErrorV2Themed SCXW197185394 BCX0"">steele</span><span class=""NormalTextRun SCXW197185394 BCX0""> </span><span class=""NormalTextRun SpellingErrorV2Themed SCXW197185394 BCX0"">chavez</span><span class=""NormalTextRun SCXW197185394 BCX0"">, Caroline Liu, </span><span class=""NormalTextRun SpellingErrorV2Themed SCXW197185394 BCX0"">claudia</span><span class=""NormalTextRun SCXW197185394 BCX0""> </span><span class=""NormalTextRun SpellingErrorV2Themed SCXW197185394 BCX0"">hermano</span><span class=""NormalTextRun SCXW197185394 BCX0"">, Esteban Ismael Durán, Jesus Miguel Avena, Joe Ramiro Garcia, Margarita Paz-Pedro, and Stephanie J. Woods.</span></span></p>
<p>Free Community Event, please register in advance using the link below.</p>
<h4><span style=""color: #0000ff;""><a style=""color: #0000ff;"" href=""https://my.nmculture.org/56515/60517"" target=""_blank"" rel=""noopener"">PLEASE MAKE YOUR RESERVATION HERE!</a></span></h4>
<p><strong>About the artist: </strong><span class=""TextRun SCXW189424489 BCX0"" lang=""EN-US"" xml:lang=""EN-US"" data-contrast=""none""><span class=""NormalTextRun SCXW189424489 BCX0"">Esteban Ismael Durán, a self-taught artist, was born in 1955</span><span class=""NormalTextRun SCXW189424489 BCX0""> and grew</span><span class=""NormalTextRun SCXW189424489 BCX0""> up in Albuquerque’s historic Old Town. His roots in that traditional community have always been important to him and helped him to shape his work. As a young man, he began his formal studies with artist Frank McCulloch. In 1993 he started incorporating traditional New Mexican tinwork into his paintings, studying this discipline with tinsmith Ted Arellanes. Esteban’s local work has included public art for the City of Albuquerque and Bernalillo County. He, along with </span><span class=""NormalTextRun SCXW189424489 BCX0"">his</span><span class=""NormalTextRun SCXW189424489 BCX0""> </span><span class=""NormalTextRun SCXW189424489 BCX0"">cousin PAZ, had the lead role in the 1995 creation of a series of tile murals along Fourth Street in </span><span class=""NormalTextRun SpellingErrorV2Themed SCXW189424489 BCX0"">Barelas</span><span class=""NormalTextRun SCXW189424489 BCX0"">, mentoring local youth to help design the murals based on </span><span class=""NormalTextRun SpellingErrorV2Themed SCXW189424489 BCX0"">Barelas</span><span class=""NormalTextRun SCXW189424489 BCX0"">’ history. Esteban began to work with recycled materials as he ventured into combining traditional tinwork with more contemporary media. For the past ten years</span><span class=""NormalTextRun SCXW189424489 BCX0"">, </span><span class=""NormalTextRun SCXW189424489 BCX0"">h</span><span class=""NormalTextRun SCXW189424489 BCX0"">e</span><span class=""NormalTextRun SCXW189424489 BCX0""> has built </span><span class=""NormalTextRun SCXW189424489 BCX0"">the </span><span class=""NormalTextRun SCXW189424489 BCX0"">unique ability to blend contemporary and traditional media/design and the use of recycled materials.</span></span><span class=""EOP SCXW189424489 BCX0"" data-ccp-props=""{&quot;134233118&quot;:false,&quot;335559739&quot;:0}""> </span></p>
<p><a href=""https://my.nmculture.org/56515/60517?z=0"">Artist Dialogue: Esteban Ismael Durán | New Mexico Department of Cultural Affairs</a></p>",,"{""url"":""https://nhccnm.org/wp-content/uploads/2026/08/Web-icon.png"",""id"":26896,""extension"":""png"",""width"":1200,""height"":1200}",[],false,,,,2026-08-13 09:52:52,2026-08-13 15:52:52,true,true,,,
2026-09-30T15:38:46Z,nhccnm.org,https://nhccnm.org/wp-json/tribe/events/v1/events,1,26937,nhccnm.org?id=26937,Herencia Speaker Series: Poetry Workshop with Leticia Urieta,2026-12-06 00:00:00,2026-12-06 07:00:00,2026-12-06 23:59:59,2026-12-07 06:59:59,America/Denver,true,false,publish,https://nhccnm.org/event/herencia-speaker-series-poetry-workshop-with-leticia-urieta/,,,,"{""currency_symbol"":""$"",""currency_code"":""USD"",""currency_position"":""prefix"",""values"":[]}","[{""id"":109,""name"":""History and Literary Arts"",""slug"":""history-and-literary-arts"",""parent"":0},{""id"":60,""name"":""Workshops"",""slug"":""workshops"",""parent"":0}]","[{""name"":""history and literary arts"",""slug"":""history-and-literary-arts"",""term_group"":0,""term_taxonomy_id"":110,""taxonomy"":""post_tag"",""description"":"""",""parent"":0,""count"":178,""filter"":""raw"",""id"":110,""urls"":{""self"":""https://nhccnm.org/wp-json/tribe/events/v1/tags/110"",""collection"":""https://nhccnm.org/wp-json/tribe/events/v1/tags""}},{""name"":""Poetry"",""slug"":""poetry"",""term_group"":0,""term_taxonomy_id"":116,""taxonomy"":""post_tag"",""description"":"""",""parent"":0,""count"":17,""filter"":""raw"",""id"":116,""urls"":{""self"":""https://nhccnm.org/wp-json/tribe/events/v1/tags/116"",""collection"":""https://nhccnm.org/wp-json/tribe/events/v1/tags""}},{""name"":""Workshop"",""slug"":""workshop"",""term_group"":0,""term_taxonomy_id"":64,""taxonomy"":""post_tag"",""description"":"""",""parent"":0,""count"":955,""filter"":""raw"",""id"":64,""urls"":{""self"":""https://nhccnm.org/wp-json/tribe/events/v1/tags/64"",""collection"":""https://nhccnm.org/wp-json/tribe/events/v1/tags""}}]","{""id"":674,""global_id"":""nhccnm.org?id=674"",""venue"":""Salón Ortega"",""address"":""1701 4th Street SW"",""city"":""Albuquerque"",""province"":""NM"",""state"":""NM"",""zip"":""87102"",""phone"":""5057244771"",""url"":""https://nhccnm.org/venue/salon-ortega/"",""show_map"":true,""show_map_link"":true}",[],"<p>Herencia Speaker Series: Poetry Workshop with Leticia Urieta</p>
<p>December 6, 2026<br />
2:00 pm</p>
<p>NHCC | HLA Salón Ortega</p>
<p>Join us for a poetry workshop with writer Leticia Urieta. The body carries our stories, but sometimes delving into these stories can be difficult and painful to navigate. We have to engage in acts of radical and deep reflection to fully embody and write about the traumas, beauty, pain and healing that our bodies are capable of holding.</p>
<p>This generative workshop will ask you to engage in these acts of radical reflection to explore your relationships to the body through free writing, poetry and creative nonfiction. We will explore how writers embody their experiences through poetry and prose by studying contemporary poets and writers who are engaging with discussions about the body and chronic illness, pain, trauma and healing. Participants will be given the opportunity to generate new work as well as to engage with their own work (or ideas) in progress. This workshop will also help participants to engage more deeply with their writing and to share their work with their peers.</p>
<p>This workshop is best for writers of all levels, age 16+ and materials will be provided.</p>
<p>Free Community Event.</p>
<h4><span style=""color: #0000ff;""><a style=""color: #0000ff;"" href=""https://my.nmculture.org/60766/60768"" target=""_blank"" rel=""noopener"">RESERVE YOUR TICKETS HERE!</a></span></h4>",,"{""url"":""https://nhccnm.org/wp-content/uploads/2026/08/Leticia-Poetry-Workshop-Web.png"",""id"":27547,""extension"":""png"",""width"":1200,""height"":1200}",[],false,,,,2026-09-23 12:42:22,2026-09-23 18:42:22,true,true,,,
2026-09-30T15:38:46Z,nhccnm.org,https://nhccnm.org/wp-json/tribe/events/v1/events,1,26912,nhccnm.org?id=26912,Visual Arts Museum: First Sunday Free Admission,2026-12-06 00:00:00,2026-12-06 07:00:00,2026-12-06 23:59:59,2026-12-07 06:59:59,America/Denver,true,false,publish,https://nhccnm.org/event/visual-arts-museum-first-sunday-free-admission-53/,,,,"{""currency_symbol"":""$"",""currency_code"":""USD"",""currency_position"":""prefix"",""values"":[]}",[],"[{""name"":""Art Museum"",""slug"":""art-museum"",""term_group"":0,""term_taxonomy_id"":82,""taxonomy"":""post_tag"",""description"":"""",""parent"":0,""count"":377,""filter"":""raw"",""id"":82,""urls"":{""self"":""https://nhccnm.org/wp-json/tribe/events/v1/tags/82"",""collection"":""https://nhccnm.org/wp-json/tribe/events/v1/tags""}},{""name"":""Community"",""slug"":""community"",""term_group"":0,""term_taxonomy_id"":33,""taxonomy"":""post_tag"",""description"":"""",""parent"":0,""count"":1591,""filter"":""raw"",""id"":33,""urls"":{""self"":""https://nhccnm.org/wp-json/tribe/events/v1/tags/33"",""collection"":""https://nhccnm.org/wp-json/tribe/events/v1/tags""}},{""name"":""Spare Afternoon"",""slug"":""spare-afternoon"",""term_group"":0,""term_taxonomy_id"":23,""taxonomy"":""post_tag"",""description"":"""",""parent"":0,""count"":565,""filter"":""raw"",""id"":23,""urls"":{""self"":""https://nhccnm.org/wp-json/tribe/events/v1/tags/23"",""collection"":""https://nhccnm.org/wp-json/tribe/events/v1/tags""}}]","{""id"":678,""global_id"":""nhccnm.org?id=678"",""venue"":""Visual Art Museum"",""address"":""1701 4th Street SW"",""city"":""Albuquerque"",""country"":""United States"",""province"":""NM"",""state"":""NM"",""zip"":""87102"",""phone"":""5057244771"",""url"":""https://nhccnm.org/venue/art-museum/"",""show_map"":true,""show_map_link"":true}",[],"<p><strong>Visual Arts Museum: First Sunday Free Admission<br />
Sunday, December 6, 2026<br />
10:00 am to 4:00 pm</strong></p>
<p>The Art Museum presents multiple exhibitions in its three gallery spaces each year and welcomes visitors of all ages. Our three galleries showcase artworks from a range of media that focus on diverse subject matter and examine identity and culture.</p>
<p>On the first Sunday of every month, the Visual Arts Museum is free to all New Mexico residents!</p>
<h4><span style=""color: #0000ff;""><a style=""color: #0000ff;"" href=""https://my.nmculture.org/53898/58916""><strong>PLEASE MAKE YOUR RESERVATION HERE!</strong></a></span></h4>",,"{""url"":""https://nhccnm.org/wp-content/uploads/2024/08/VA-Museum-Feature-700x700-1.jpg"",""id"":21247,""extension"":""jpg"",""width"":700,""height"":568}",[],false,,,,2026-08-12 10:49:36,2026-08-12 16:49:36,true,true,,,
2026-09-30T15:38:46Z,nhccnm.org,https://nhccnm.org/wp-json/tribe/events/v1/events,1,26941,nhccnm.org?id=26941,Herencia Speaker Series: Poetry Reading with Leticia Urieta,2026-12-09 00:00:00,2026-12-09 07:00:00,2026-12-09 23:59:59,2026-12-10 06:59:59,America/Denver,true,false,publish,https://nhccnm.org/event/herencia-speaker-series-poetry-reading-with-leticia-urieta/,,,,"{""currency_symbol"":""$"",""currency_code"":""USD"",""currency_position"":""prefix"",""values"":[]}","[{""id"":109,""name"":""History and Literary Arts"",""slug"":""history-and-literary-arts"",""parent"":0},{""id"":45,""name"":""Speakers"",""slug"":""speakers"",""parent"":0}]","[{""name"":""history and literary arts"",""slug"":""history-and-literary-arts"",""term_group"":0,""term_taxonomy_id"":110,""taxonomy"":""post_tag"",""description"":"""",""parent"":0,""count"":178,""filter"":""raw"",""id"":110,""urls"":{""self"":""https://nhccnm.org/wp-json/tribe/events/v1/tags/110"",""collection"":""https://nhccnm.org/wp-json/tribe/events/v1/tags""}},{""name"":""Poetry"",""slug"":""poetry"",""term_group"":0,""term_taxonomy_id"":116,""taxonomy"":""post_tag"",""description"":"""",""parent"":0,""count"":17,""filter"":""raw"",""id"":116,""urls"":{""self"":""https://nhccnm.org/wp-json/tribe/events/v1/tags/116"",""collection"":""https://nhccnm.org/wp-json/tribe/events/v1/tags""}},{""name"":""speaker"",""slug"":""speaker"",""term_group"":0,""term_taxonomy_id"":147,""taxonomy"":""post_tag"",""description"":"""",""parent"":0,""count"":15,""filter"":""raw"",""id"":147,""urls"":{""self"":""https://nhccnm.org/wp-json/tribe/events/v1/tags/147"",""collection"":""https://nhccnm.org/wp-json/tribe/events/v1/tags""}}]","{""id"":674,""global_id"":""nhccnm.org?id=674"",""venue"":""Salón Ortega"",""address"":""1701 4th Street SW"",""city"":""Albuquerque"",""province"":""NM"",""state"":""NM"",""zip"":""87102"",""phone"":""5057244771"",""url"":""https://nhccnm.org/venue/salon-ortega/"",""show_map"":true,""show_map_link"":true}",[],"<p>Herencia Speaker Series: Poetry Reading with Leticia Urieta</p>
<p>Wednesday, December 9, 2026<br />
6:30 pm</p>
<p>NHCC | HLA Salón Ortega</p>
<p><span class=""TextRun SCXW95568469 BCX0"" lang=""EN-US"" xml:lang=""EN-US"" data-contrast=""auto""><span class=""NormalTextRun SCXW95568469 BCX0"">Author</span><span class=""NormalTextRun SCXW95568469 BCX0"">, poet, and teaching artist, Leticia Urieta, will be joining us at the NHCC to share her new poetry </span><span class=""NormalTextRun SCXW95568469 BCX0"">book, </span></span><em><span class=""TextRun SCXW95568469 BCX0"" lang=""EN-US"" xml:lang=""EN-US"" data-contrast=""auto""><span class=""NormalTextRun SCXW95568469 BCX0"">Offerings</span><span class=""NormalTextRun SCXW95568469 BCX0""> to a Tumbled Temple</span></span></em><span class=""TextRun SCXW95568469 BCX0"" lang=""EN-US"" xml:lang=""EN-US"" data-contrast=""auto""><span class=""NormalTextRun SCXW95568469 BCX0"">. </span><span class=""NormalTextRun SCXW95568469 BCX0"">In this stunning poetry collection, Urieta transforms the lived experience of chronic pain and healing into ritual, language, and myth. The body—both sacred and wounded—becomes the site of prayer and reckoning. Through altars built of blood, memory, and tenderness, these poems offer not only lamentation but also fierce reclamation: the body as temple, tumbled yet enduring.</span><span class=""NormalTextRun SCXW95568469 BCX0""> </span></span></p>
<p><span class=""TextRun SCXW95568469 BCX0"" lang=""EN-US"" xml:lang=""EN-US"" data-contrast=""auto""><span class=""NormalTextRun SCXW95568469 BCX0"">Drawing inspiration from writers such as Sonya Huber, Ada Limón, and Torrin A. Greathouse, Urieta writes toward acceptance and reclamation. <em>Offerings to a Tumbled Temple</em> is a testament to survival and love in all its painful forms—a book that insists on the beauty of the body’s resilience.</span></span></p>
<p><span class=""EOP Selected SCXW95568469 BCX0"" data-ccp-props=""{}"">Free Community Event. </span></p>
<h4><span style=""color: #0000ff;""><a style=""color: #0000ff;"" href=""https://my.nmculture.org/60766/60769"" target=""_blank"" rel=""noopener"">RESERVE YOUR TICKETS HERE!</a></span></h4>",,"{""url"":""https://nhccnm.org/wp-content/uploads/2026/08/Leticia-Poetry-Reading-Web.png"",""id"":27546,""extension"":""png"",""width"":1200,""height"":1200}",[],false,,,,2026-09-23 12:41:31,2026-09-23 18:41:31,true,true,,,
2026-09-30T15:38:46Z,nhccnm.org,https://nhccnm.org/wp-json/tribe/events/v1/events,1,27270,nhccnm.org?id=27270,"Mundos de Mestizaje, Torreón Tours",2026-12-11 00:00:00,2026-12-11 07:00:00,2026-12-12 23:59:59,2026-12-13 06:59:59,America/Denver,true,false,publish,https://nhccnm.org/event/mundos-de-mestizaje-torreon-tours-38/,,,,"{""currency_symbol"":""$"",""currency_code"":""USD"",""currency_position"":""prefix"",""values"":[]}","[{""id"":21,""name"":""Exhibitions"",""slug"":""exhibitions"",""parent"":0}]","[{""name"":""Classes"",""slug"":""classes"",""term_group"":0,""term_taxonomy_id"":59,""taxonomy"":""post_tag"",""description"":"""",""parent"":0,""count"":811,""filter"":""raw"",""id"":59,""urls"":{""self"":""https://nhccnm.org/wp-json/tribe/events/v1/tags/59"",""collection"":""https://nhccnm.org/wp-json/tribe/events/v1/tags""}},{""name"":""Community"",""slug"":""community"",""term_group"":0,""term_taxonomy_id"":33,""taxonomy"":""post_tag"",""description"":"""",""parent"":0,""count"":1591,""filter"":""raw"",""id"":33,""urls"":{""self"":""https://nhccnm.org/wp-json/tribe/events/v1/tags/33"",""collection"":""https://nhccnm.org/wp-json/tribe/events/v1/tags""}},{""name"":""Docent"",""slug"":""docent"",""term_group"":0,""term_taxonomy_id"":65,""taxonomy"":""post_tag"",""description"":"""",""parent"":0,""count"":213,""filter"":""raw"",""id"":65,""urls"":{""self"":""https://nhccnm.org/wp-json/tribe/events/v1/tags/65"",""collection"":""https://nhccnm.org/wp-json/tribe/events/v1/tags""}},{""name"":""Education"",""slug"":""education"",""term_group"":0,""term_taxonomy_id"":34,""taxonomy"":""post_tag"",""description"":"""",""parent"":0,""count"":1216,""filter"":""raw"",""id"":34,""urls"":{""self"":""https://nhccnm.org/wp-json/tribe/events/v1/tags/34"",""collection"":""https://nhccnm.org/wp-json/tribe/events/v1/tags""}},{""name"":""history"",""slug"":""history"",""term_group"":0,""term_taxonomy_id"":123,""taxonomy"":""post_tag"",""description"":"""",""parent"":0,""count"":220,""filter"":""raw"",""id"":123,""urls"":{""self"":""https://nhccnm.org/wp-json/tribe/events/v1/tags/123"",""collection"":""https://nhccnm.org/wp-json/tribe/events/v1/tags""}},{""name"":""Workshop"",""slug"":""workshop"",""term_group"":0,""term_taxonomy_id"":64,""taxonomy"":""post_tag"",""description"":"""",""parent"":0,""count"":955,""filter"":""raw"",""id"":64,""urls"":{""self"":""https://nhccnm.org/wp-json/tribe/events/v1/tags/64"",""collection"":""https://nhccnm.org/wp-json/tribe/events/v1/tags""}}]","{""id"":4066,""global_id"":""nhccnm.org?id=4066"",""venue"":""NHCC Torreón"",""address"":""1701 4th street SW"",""city"":""Albuquerque"",""country"":""United States"",""state"":""NM"",""zip"":""87102"",""phone"":""(505) 246-2261"",""url"":""https://nhccnm.org/venue/nhcc-torreon-2/"",""geo_lat"":35.068577,""geo_lng"":-106.655629,""show_map"":true,""show_map_link"":true}",[],"<p><strong>Fridays &amp; Saturdays</strong><br />
<strong>11:00 am</strong></p>
<p>NHCC | Welcome Center and the NHCC Torreón</p>
<p>Admission to the Torreon tour is $2. Tickets are available for advance purchase below or can also be purchased in the New Mexico Mutual Welcome Center, depending on availability. Capacity for each tour is limited.</p>
<h3><span style=""color: #0000ff;""><a style=""color: #0000ff;"" href=""https://my.nmculture.org/overview/53900"" target=""_blank"" rel=""noopener""><strong>PLEASE MAKE YOUR RESERVATION HERE!</strong></a></span></h3>
<p><em>A Vision of History through Fresco…</em><br />
<em>Mundos de Mestizaje</em> by Frederico Vigil is a mural housed in the Torreón on the campus of the National Hispanic Cultural Center. This monumental fresco depicts thousands of years of Hispanic history highlighting diverse cultural connections between people and places from the Iberian Peninsula to the Americas. The 4,000 square foot painting is one of the largest frescos in North America.</p>
<p>The digitized imagery of the painting ensures that this culturally significant work can be a sharing and learning experience for students and families anywhere. We invite you to explore the imagery, history and complexities of the <em>Mundos de Mestizaje</em> mural.</p>
<p><a href=""https://artsandculture.google.com/asset/mundos-de-mestizaje/tQFImh_lvC7RBw""><strong>Discover on your own by clicking the link HERE.</strong></a> (It may take a moment to load.  Microsoft Internet Explorer is NOT recommended.  Best experienced with Safari, Firefox or Chrome.)</p>
<p>&nbsp;</p>",,"{""url"":""https://nhccnm.org/wp-content/uploads/2026/05/Torreon-Photo-2026.jpg"",""id"":26534,""extension"":""jpg"",""width"":1200,""height"":1180}",[],false,,,,2026-09-12 15:48:51,2026-09-12 21:48:51,false,false,,,
2026-09-30T15:38:46Z,nhccnm.org,https://nhccnm.org/wp-json/tribe/events/v1/events,2,26845,nhccnm.org?id=26845,Saturday Special: Visual Arts Museum Tour,2026-12-12 00:00:00,2026-12-12 07:00:00,2026-12-12 23:59:59,2026-12-13 06:59:59,America/Denver,true,false,publish,https://nhccnm.org/event/saturday-special-visual-arts-museum-tour-6/,,,,"{""currency_symbol"":""$"",""currency_code"":""USD"",""currency_position"":""prefix"",""values"":[]}","[{""id"":41,""name"":""Education"",""slug"":""education"",""parent"":0}]","[{""name"":""Art Museum"",""slug"":""art-museum"",""term_group"":0,""term_taxonomy_id"":82,""taxonomy"":""post_tag"",""description"":"""",""parent"":0,""count"":377,""filter"":""raw"",""id"":82,""urls"":{""self"":""https://nhccnm.org/wp-json/tribe/events/v1/tags/82"",""collection"":""https://nhccnm.org/wp-json/tribe/events/v1/tags""}},{""name"":""Community"",""slug"":""community"",""term_group"":0,""term_taxonomy_id"":33,""taxonomy"":""post_tag"",""description"":"""",""parent"":0,""count"":1591,""filter"":""raw"",""id"":33,""urls"":{""self"":""https://nhccnm.org/wp-json/tribe/events/v1/tags/33"",""collection"":""https://nhccnm.org/wp-json/tribe/events/v1/tags""}},{""name"":""Docent"",""slug"":""docent"",""term_group"":0,""term_taxonomy_id"":65,""taxonomy"":""post_tag"",""description"":"""",""parent"":0,""count"":213,""filter"":""raw"",""id"":65,""urls"":{""self"":""https://nhccnm.org/wp-json/tribe/events/v1/tags/65"",""collection"":""https://nhccnm.org/wp-json/tribe/events/v1/tags""}},{""name"":""Education"",""slug"":""education"",""term_group"":0,""term_taxonomy_id"":34,""taxonomy"":""post_tag"",""description"":"""",""parent"":0,""count"":1216,""filter"":""raw"",""id"":34,""urls"":{""self"":""https://nhccnm.org/wp-json/tribe/events/v1/tags/34"",""collection"":""https://nhccnm.org/wp-json/tribe/events/v1/tags""}}]","{""id"":678,""global_id"":""nhccnm.org?id=678"",""venue"":""Visual Art Museum"",""address"":""1701 4th Street SW"",""city"":""Albuquerque"",""country"":""United States"",""province"":""NM"",""state"":""NM"",""zip"":""87102"",""phone"":""5057244771"",""url"":""https://nhccnm.org/venue/art-museum/"",""show_map"":true,""show_map_link"":true}",[],"<p><strong>1:00 pm</strong></p>
<p><strong>NHCC | Visual Arts Museum</strong></p>
<p>The art museum tour at the National Hispanic Cultural Center offers a journey through Hispanic, Chicano, LatinX and Latin American art. Visitors are guided through three galleries that highlight both historic traditions and modern artistic expressions, emphasizing cultural identity, creativity, and community stories.</p>
<p>Admission to the tour is free with the price of admission. Tickets are available for advance purchase below or can also be purchased in the New Mexico Mutual Welcome Center, depending on availability.</p>
<h4><span style=""color: #0000ff;""><a style=""color: #0000ff;"" href=""https://my.nmculture.org/events?kid=30"" target=""_blank"" rel=""noopener""><strong>PLEASE M</strong><strong>AKE YOUR RESERVATION HERE!</strong></a></span></h4>",,"{""url"":""https://nhccnm.org/wp-content/uploads/2026/07/nhcc-va-museum-graphic.jpg"",""id"":26842,""extension"":""jpg"",""width"":1200,""height"":1186}",[],false,,,,2026-07-29 11:57:22,2026-07-29 17:57:22,true,true,,,
2026-09-30T15:38:46Z,nhccnm.org,https://nhccnm.org/wp-json/tribe/events/v1/events,2,27272,nhccnm.org?id=27272,"Mundos de Mestizaje, Torreón Tours",2026-12-18 00:00:00,2026-12-18 07:00:00,2026-12-19 23:59:59,2026-12-20 06:59:59,America/Denver,true,false,publish,https://nhccnm.org/event/mundos-de-mestizaje-torreon-tours-39/,,,,"{""currency_symbol"":""$"",""currency_code"":""USD"",""currency_position"":""prefix"",""values"":[]}","[{""id"":21,""name"":""Exhibitions"",""slug"":""exhibitions"",""parent"":0}]","[{""name"":""Classes"",""slug"":""classes"",""term_group"":0,""term_taxonomy_id"":59,""taxonomy"":""post_tag"",""description"":"""",""parent"":0,""count"":811,""filter"":""raw"",""id"":59,""urls"":{""self"":""https://nhccnm.org/wp-json/tribe/events/v1/tags/59"",""collection"":""https://nhccnm.org/wp-json/tribe/events/v1/tags""}},{""name"":""Community"",""slug"":""community"",""term_group"":0,""term_taxonomy_id"":33,""taxonomy"":""post_tag"",""description"":"""",""parent"":0,""count"":1591,""filter"":""raw"",""id"":33,""urls"":{""self"":""https://nhccnm.org/wp-json/tribe/events/v1/tags/33"",""collection"":""https://nhccnm.org/wp-json/tribe/events/v1/tags""}},{""name"":""Docent"",""slug"":""docent"",""term_group"":0,""term_taxonomy_id"":65,""taxonomy"":""post_tag"",""description"":"""",""parent"":0,""count"":213,""filter"":""raw"",""id"":65,""urls"":{""self"":""https://nhccnm.org/wp-json/tribe/events/v1/tags/65"",""collection"":""https://nhccnm.org/wp-json/tribe/events/v1/tags""}},{""name"":""Education"",""slug"":""education"",""term_group"":0,""term_taxonomy_id"":34,""taxonomy"":""post_tag"",""description"":"""",""parent"":0,""count"":1216,""filter"":""raw"",""id"":34,""urls"":{""self"":""https://nhccnm.org/wp-json/tribe/events/v1/tags/34"",""collection"":""https://nhccnm.org/wp-json/tribe/events/v1/tags""}},{""name"":""history"",""slug"":""history"",""term_group"":0,""term_taxonomy_id"":123,""taxonomy"":""post_tag"",""description"":"""",""parent"":0,""count"":220,""filter"":""raw"",""id"":123,""urls"":{""self"":""https://nhccnm.org/wp-json/tribe/events/v1/tags/123"",""collection"":""https://nhccnm.org/wp-json/tribe/events/v1/tags""}},{""name"":""Workshop"",""slug"":""workshop"",""term_group"":0,""term_taxonomy_id"":64,""taxonomy"":""post_tag"",""description"":"""",""parent"":0,""count"":955,""filter"":""raw"",""id"":64,""urls"":{""self"":""https://nhccnm.org/wp-json/tribe/events/v1/tags/64"",""collection"":""https://nhccnm.org/wp-json/tribe/events/v1/tags""}}]","{""id"":4066,""global_id"":""nhccnm.org?id=4066"",""venue"":""NHCC Torreón"",""address"":""1701 4th street SW"",""city"":""Albuquerque"",""country"":""United States"",""state"":""NM"",""zip"":""87102"",""phone"":""(505) 246-2261"",""url"":""https://nhccnm.org/venue/nhcc-torreon-2/"",""geo_lat"":35.068577,""geo_lng"":-106.655629,""show_map"":true,""show_map_link"":true}",[],"<p><strong>Fridays &amp; Saturdays</strong><br />
<strong>11:00 am</strong></p>
<p>NHCC | Welcome Center and the NHCC Torreón</p>
<p>Admission to the Torreon tour is $2. Tickets are available for advance purchase below or can also be purchased in the New Mexico Mutual Welcome Center, depending on availability. Capacity for each tour is limited.</p>
<h3><span style=""color: #0000ff;""><a style=""color: #0000ff;"" href=""https://my.nmculture.org/overview/53900"" target=""_blank"" rel=""noopener""><strong>PLEASE MAKE YOUR RESERVATION HERE!</strong></a></span></h3>
<p><em>A Vision of History through Fresco…</em><br />
<em>Mundos de Mestizaje</em> by Frederico Vigil is a mural housed in the Torreón on the campus of the National Hispanic Cultural Center. This monumental fresco depicts thousands of years of Hispanic history highlighting diverse cultural connections between people and places from the Iberian Peninsula to the Americas. The 4,000 square foot painting is one of the largest frescos in North America.</p>
<p>The digitized imagery of the painting ensures that this culturally significant work can be a sharing and learning experience for students and families anywhere. We invite you to explore the imagery, history and complexities of the <em>Mundos de Mestizaje</em> mural.</p>
<p><a href=""https://artsandculture.google.com/asset/mundos-de-mestizaje/tQFImh_lvC7RBw""><strong>Discover on your own by clicking the link HERE.</strong></a> (It may take a moment to load.  Microsoft Internet Explorer is NOT recommended.  Best experienced with Safari, Firefox or Chrome.)</p>
<p>&nbsp;</p>",,"{""url"":""https://nhccnm.org/wp-content/uploads/2026/05/Torreon-Photo-2026.jpg"",""id"":26534,""extension"":""jpg"",""width"":1200,""height"":1180}",[],false,,,,2026-09-12 15:49:59,2026-09-12 21:49:59,false,false,,,
2026-09-30T15:38:46Z,nhccnm.org,https://nhccnm.org/wp-json/tribe/events/v1/events,2,26725,nhccnm.org?id=26725,"Mundos de Mestizaje, Torreón Tours",2026-12-26 00:00:00,2026-12-26 07:00:00,2026-12-26 23:59:59,2026-12-27 06:59:59,America/Denver,true,false,publish,https://nhccnm.org/event/mundos-de-mestizaje-torreon-tours-37/,,,,"{""currency_symbol"":""$"",""currency_code"":""USD"",""currency_position"":""prefix"",""values"":[]}","[{""id"":21,""name"":""Exhibitions"",""slug"":""exhibitions"",""parent"":0}]","[{""name"":""Classes"",""slug"":""classes"",""term_group"":0,""term_taxonomy_id"":59,""taxonomy"":""post_tag"",""description"":"""",""parent"":0,""count"":811,""filter"":""raw"",""id"":59,""urls"":{""self"":""https://nhccnm.org/wp-json/tribe/events/v1/tags/59"",""collection"":""https://nhccnm.org/wp-json/tribe/events/v1/tags""}},{""name"":""Community"",""slug"":""community"",""term_group"":0,""term_taxonomy_id"":33,""taxonomy"":""post_tag"",""description"":"""",""parent"":0,""count"":1591,""filter"":""raw"",""id"":33,""urls"":{""self"":""https://nhccnm.org/wp-json/tribe/events/v1/tags/33"",""collection"":""https://nhccnm.org/wp-json/tribe/events/v1/tags""}},{""name"":""Docent"",""slug"":""docent"",""term_group"":0,""term_taxonomy_id"":65,""taxonomy"":""post_tag"",""description"":"""",""parent"":0,""count"":213,""filter"":""raw"",""id"":65,""urls"":{""self"":""https://nhccnm.org/wp-json/tribe/events/v1/tags/65"",""collection"":""https://nhccnm.org/wp-json/tribe/events/v1/tags""}},{""name"":""Education"",""slug"":""education"",""term_group"":0,""term_taxonomy_id"":34,""taxonomy"":""post_tag"",""description"":"""",""parent"":0,""count"":1216,""filter"":""raw"",""id"":34,""urls"":{""self"":""https://nhccnm.org/wp-json/tribe/events/v1/tags/34"",""collection"":""https://nhccnm.org/wp-json/tribe/events/v1/tags""}},{""name"":""history"",""slug"":""history"",""term_group"":0,""term_taxonomy_id"":123,""taxonomy"":""post_tag"",""description"":"""",""parent"":0,""count"":220,""filter"":""raw"",""id"":123,""urls"":{""self"":""https://nhccnm.org/wp-json/tribe/events/v1/tags/123"",""collection"":""https://nhccnm.org/wp-json/tribe/events/v1/tags""}},{""name"":""Workshop"",""slug"":""workshop"",""term_group"":0,""term_taxonomy_id"":64,""taxonomy"":""post_tag"",""description"":"""",""parent"":0,""count"":955,""filter"":""raw"",""id"":64,""urls"":{""self"":""https://nhccnm.org/wp-json/tribe/events/v1/tags/64"",""collection"":""https://nhccnm.org/wp-json/tribe/events/v1/tags""}}]","{""id"":4066,""global_id"":""nhccnm.org?id=4066"",""venue"":""NHCC Torreón"",""address"":""1701 4th street SW"",""city"":""Albuquerque"",""country"":""United States"",""state"":""NM"",""zip"":""87102"",""phone"":""(505) 246-2261"",""url"":""https://nhccnm.org/venue/nhcc-torreon-2/"",""geo_lat"":35.068577,""geo_lng"":-106.655629,""show_map"":true,""show_map_link"":true}",[],"<p><strong>Fridays &amp; Saturdays</strong><br />
<strong>11:00 am</strong></p>
<p>NHCC | Welcome Center and the NHCC Torreón</p>
<p>Admission to the Torreon tour is $2. Tickets are available for advance purchase below or can also be purchased in the New Mexico Mutual Welcome Center, depending on availability. Capacity for each tour is limited.</p>
<h3><span style=""color: #0000ff;""><a style=""color: #0000ff;"" href=""https://my.nmculture.org/overview/53900"" target=""_blank"" rel=""noopener""><strong>PLEASE MAKE YOUR RESERVATION HERE!</strong></a></span></h3>
<p><em>A Vision of History through Fresco…</em><br />
<em>Mundos de Mestizaje</em> by Frederico Vigil is a mural housed in the Torreón on the campus of the National Hispanic Cultural Center. This monumental fresco depicts thousands of years of Hispanic history highlighting diverse cultural connections between people and places from the Iberian Peninsula to the Americas. The 4,000 square foot painting is one of the largest frescos in North America.</p>
<p>The digitized imagery of the painting ensures that this culturally significant work can be a sharing and learning experience for students and families anywhere. We invite you to explore the imagery, history and complexities of the <em>Mundos de Mestizaje</em> mural.</p>
<p><a href=""https://artsandculture.google.com/asset/mundos-de-mestizaje/tQFImh_lvC7RBw""><strong>Discover on your own by clicking the link HERE.</strong></a> (It may take a moment to load.  Microsoft Internet Explorer is NOT recommended.  Best experienced with Safari, Firefox or Chrome.)</p>
<p>&nbsp;</p>",,"{""url"":""https://nhccnm.org/wp-content/uploads/2026/05/Torreon-Photo-2026.jpg"",""id"":26534,""extension"":""jpg"",""width"":1200,""height"":1180}",[],false,,,,2026-07-18 13:04:58,2026-07-18 19:04:58,true,true,,,
2026-09-30T15:38:46Z,nhccnm.org,https://nhccnm.org/wp-json/tribe/events/v1/events,2,26822,nhccnm.org?id=26822,Opera Southwest: New Year&#8217;s with the Opera!,2026-12-31 00:00:00,2026-12-31 07:00:00,2026-12-31 23:59:59,2027-01-01 06:59:59,America/Denver,true,false,publish,https://nhccnm.org/event/opera-southwest-new-years-with-the-opera-5/,,,,"{""currency_symbol"":""$"",""currency_code"":""USD"",""currency_position"":""prefix"",""values"":[]}","[{""id"":24,""name"":""Performing Arts"",""slug"":""performing-arts"",""parent"":0}]","[{""name"":""Community"",""slug"":""community"",""term_group"":0,""term_taxonomy_id"":33,""taxonomy"":""post_tag"",""description"":"""",""parent"":0,""count"":1591,""filter"":""raw"",""id"":33,""urls"":{""self"":""https://nhccnm.org/wp-json/tribe/events/v1/tags/33"",""collection"":""https://nhccnm.org/wp-json/tribe/events/v1/tags""}},{""name"":""Date Night"",""slug"":""date-night"",""term_group"":0,""term_taxonomy_id"":27,""taxonomy"":""post_tag"",""description"":"""",""parent"":0,""count"":660,""filter"":""raw"",""id"":27,""urls"":{""self"":""https://nhccnm.org/wp-json/tribe/events/v1/tags/27"",""collection"":""https://nhccnm.org/wp-json/tribe/events/v1/tags""}},{""name"":""Family"",""slug"":""family"",""term_group"":0,""term_taxonomy_id"":28,""taxonomy"":""post_tag"",""description"":"""",""parent"":0,""count"":603,""filter"":""raw"",""id"":28,""urls"":{""self"":""https://nhccnm.org/wp-json/tribe/events/v1/tags/28"",""collection"":""https://nhccnm.org/wp-json/tribe/events/v1/tags""}},{""name"":""Festival"",""slug"":""festival"",""term_group"":0,""term_taxonomy_id"":99,""taxonomy"":""post_tag"",""description"":"""",""parent"":0,""count"":196,""filter"":""raw"",""id"":99,""urls"":{""self"":""https://nhccnm.org/wp-json/tribe/events/v1/tags/99"",""collection"":""https://nhccnm.org/wp-json/tribe/events/v1/tags""}},{""name"":""Music"",""slug"":""music"",""term_group"":0,""term_taxonomy_id"":31,""taxonomy"":""post_tag"",""description"":"""",""parent"":0,""count"":508,""filter"":""raw"",""id"":31,""urls"":{""self"":""https://nhccnm.org/wp-json/tribe/events/v1/tags/31"",""collection"":""https://nhccnm.org/wp-json/tribe/events/v1/tags""}},{""name"":""Orchestra"",""slug"":""orchestra"",""term_group"":0,""term_taxonomy_id"":97,""taxonomy"":""post_tag"",""description"":"""",""parent"":0,""count"":68,""filter"":""raw"",""id"":97,""urls"":{""self"":""https://nhccnm.org/wp-json/tribe/events/v1/tags/97"",""collection"":""https://nhccnm.org/wp-json/tribe/events/v1/tags""}},{""name"":""Performing Arts"",""slug"":""performing-arts"",""term_group"":0,""term_taxonomy_id"":42,""taxonomy"":""post_tag"",""description"":"""",""parent"":0,""count"":310,""filter"":""raw"",""id"":42,""urls"":{""self"":""https://nhccnm.org/wp-json/tribe/events/v1/tags/42"",""collection"":""https://nhccnm.org/wp-json/tribe/events/v1/tags""}},{""name"":""Theatre"",""slug"":""theatre"",""term_group"":0,""term_taxonomy_id"":46,""taxonomy"":""post_tag"",""description"":"""",""parent"":0,""count"":868,""filter"":""raw"",""id"":46,""urls"":{""self"":""https://nhccnm.org/wp-json/tribe/events/v1/tags/46"",""collection"":""https://nhccnm.org/wp-json/tribe/events/v1/tags""}}]","{""id"":483,""global_id"":""nhccnm.org?id=483"",""venue"":""Roy E. Disney Center for Performing Arts: Albuquerque Journal Theatre"",""address"":""1701 4th St SW"",""city"":""Albuquerque"",""province"":""NM"",""state"":""NM"",""zip"":""87102"",""phone"":""(505)724-4771"",""url"":""https://nhccnm.org/venue/albuquerque-journal-theatre/"",""geo_lat"":35.068577,""geo_lng"":-106.655629,""show_map"":false,""show_map_link"":false}",[],"<p>Opera Southwest: New Year&#8217;s with the Opera!</p>
<p>Thursday, December 31, 2025<br />
2:30 pm</p>
<p>NHCC | Albuquerque Journal Theatre</p>
<p>Join us for an operatic New Year’s Eve! New Year’s with the Opera is a fun variety show featuring the remarkable talents of your favorite singers, to be announced soon.  Accompanying our singers are the Opera Southwest Orchestra, the New Mexico Symphonic Chorus, and the Albuquerque Youth Symphony, all masterfully conducted by Maestro Anthony Barrese. With a variety of opera favorites and light classics, there is something for everyone to ring in the New Year. This is your chance to enjoy an incredible celebration without any hassle.</p>
<p>Join Opera Southwest after the performance across the plaza at La Fonda del Bosque for a buffet dinner with wine and a champagne toast! Registration coming for after dinner soon.</p>
<p>Running time: Approx 2 hours</p>
<h4><span style=""color: #0000ff;""><a style=""color: #0000ff;"" href=""https://my.nmculture.org/58662/60653"" target=""_blank"" rel=""noopener"">RESERVE YOUR TICKETS HERE!</a></span></h4>
<p>Tickets are not available online for this event. Season tickets are available through the Opera offices or at <a href=""https://www.operasouthwest.org/"">https://www.operasouthwest.org/</a>. Single tickets are expected to go on sale starting on September 1. Please contact the NHCC Welcome Center at (505) 724-4771 to get updated ticket availability information.</p>
<hr />
<p><em>*In accordance with the ticketing policies of the event promoter, tickets for this event are not permitted to be advertised or re-sold for more than face value. All ticket sales must be purchased through National Hispanic Cultural Center or accompanying host partner.</em></p>
<p><em>*All NHCC performance/event ticket sales go through the National Hispanic Cultural Center Website. NHCC is a division of New Mexico Department of Cultural Affairs. You will be redirected to our central ticketing system. DO NOT BUY FROM THIRD PARTIES. If you see a third party app or website, please report it to the Center at (505) 246-2261.</em></p>
<p><span style=""color: #0000ff;""><a style=""color: #0000ff;"" href=""https://my.nmculture.org/58662/60653"">New Years with the Opera! | New Mexico Department of Cultural Affairs</a></span></p>",,"{""url"":""https://nhccnm.org/wp-content/uploads/2026/07/OSW-New-Years-Eve-with-the-Opera-2026.jpg"",""id"":26825,""extension"":""jpg"",""width"":900,""height"":858}",[],false,,,,2026-07-27 08:32:44,2026-07-27 14:32:44,false,false,,,
2026-09-30T15:38:46Z,nhccnm.org,https://nhccnm.org/wp-json/tribe/events/v1/events,2,26736,nhccnm.org?id=26736,"NM Philharmonic: Bach, Mozart, &#038; Haydn",2027-02-07 00:00:00,2027-02-07 07:00:00,2027-02-07 23:59:59,2027-02-08 06:59:59,America/Denver,true,false,publish,https://nhccnm.org/event/nm-philharmonic-bach-mozart-haydn/,,,,"{""currency_symbol"":""$"",""currency_code"":""USD"",""currency_position"":""prefix"",""values"":[]}","[{""id"":24,""name"":""Performing Arts"",""slug"":""performing-arts"",""parent"":0}]","[{""name"":""Performing Arts"",""slug"":""performing-arts"",""term_group"":0,""term_taxonomy_id"":42,""taxonomy"":""post_tag"",""description"":"""",""parent"":0,""count"":310,""filter"":""raw"",""id"":42,""urls"":{""self"":""https://nhccnm.org/wp-json/tribe/events/v1/tags/42"",""collection"":""https://nhccnm.org/wp-json/tribe/events/v1/tags""}},{""name"":""rental"",""slug"":""rental"",""term_group"":0,""term_taxonomy_id"":44,""taxonomy"":""post_tag"",""description"":"""",""parent"":0,""count"":274,""filter"":""raw"",""id"":44,""urls"":{""self"":""https://nhccnm.org/wp-json/tribe/events/v1/tags/44"",""collection"":""https://nhccnm.org/wp-json/tribe/events/v1/tags""}}]","{""id"":483,""global_id"":""nhccnm.org?id=483"",""venue"":""Roy E. Disney Center for Performing Arts: Albuquerque Journal Theatre"",""address"":""1701 4th St SW"",""city"":""Albuquerque"",""province"":""NM"",""state"":""NM"",""zip"":""87102"",""phone"":""(505)724-4771"",""url"":""https://nhccnm.org/venue/albuquerque-journal-theatre/"",""geo_lat"":35.068577,""geo_lng"":-106.655629,""show_map"":false,""show_map_link"":false}",[],"<p>NM Philharmonic: Bach, Mozart, &amp; Haydn<br />
Sunday, February 7, 2027<br />
2:00 pm</p>
<p>NHCC | Albuquerque Journal Theatre</p>
<p>Some believe Johann Sebastian Bach wrote <em>The Art of the Fugue</em> not for performance but as an exploration of compositional technique, though it has since been widely arranged and performed in many different forms. Now, hear NMPhil Music Director Roberto Minczuk’s own interpretation of five movements of the work, as well as an early Mozart symphony and Haydn’s final symphony.</p>
<p>Roberto Minczuk Music Director</p>
<p>J.S. Bach: Five Movements from <em>The Art of the Fugue</em></p>
<p>Mozart: Symphony No. 7</p>
<p>Haydn: Symphony No. 104</p>
<p><a href=""https://nmphil.org/"">For more information on the New Mexico Philharmonic please call them at (505) 323-4343 or check out the website HERE.</a></p>
<p>$34, $44, $54 &amp; $78</p>
<h3><span style=""color: #000080;""><a style=""color: #000080;"" href=""https://my.nmculture.org/overview/59018"" target=""_blank"" rel=""noopener"">RESERVE YOUR TICKETS HERE!</a></span></h3>
<hr />
<p><em>*The event is a rental event not an NHCC production. The title, content, photos/images and description for this event were provided to the NHCC by the organization renting the NHCC venue for the event. By serving as a venue and posting the event on its website, the NHCC is not endorsing any views expressed in the title or description of the event, nor is it endorsing the content of the event.</em></p>
<p><em>*All NHCC performance/event ticket sales go through the National Hispanic Cultural Center Website. NHCC is a division of New Mexico Department of Cultural Affairs. You will be redirected to our central ticketing system. DO NOT BUY FROM THIRD PARTIES. If you see a third party app or website, please report it to the Center at (505) 246-2261.</em></p>",,"{""url"":""https://nhccnm.org/wp-content/uploads/2025/07/NM-Philharmonic-FB-Header.jpg"",""id"":24761,""extension"":""jpg"",""width"":1200,""height"":1122}",[],false,,,,2026-09-12 15:35:48,2026-09-12 21:35:48,false,false,,,
2026-09-30T15:38:46Z,nhccnm.org,https://nhccnm.org/wp-json/tribe/events/v1/events,2,26646,nhccnm.org?id=26646,Opera Southwest: Boris Godunov,2027-02-14 00:00:00,2027-02-14 07:00:00,2027-02-21 23:59:59,2027-02-22 06:59:59,America/Denver,true,false,publish,https://nhccnm.org/event/opera-southwest-boris-godunov/,,,,"{""currency_symbol"":""$"",""currency_code"":""USD"",""currency_position"":""prefix"",""values"":[]}","[{""id"":43,""name"":""Rental"",""slug"":""rental"",""parent"":0}]","[{""name"":""Community"",""slug"":""community"",""term_group"":0,""term_taxonomy_id"":33,""taxonomy"":""post_tag"",""description"":"""",""parent"":0,""count"":1591,""filter"":""raw"",""id"":33,""urls"":{""self"":""https://nhccnm.org/wp-json/tribe/events/v1/tags/33"",""collection"":""https://nhccnm.org/wp-json/tribe/events/v1/tags""}},{""name"":""Music"",""slug"":""music"",""term_group"":0,""term_taxonomy_id"":31,""taxonomy"":""post_tag"",""description"":"""",""parent"":0,""count"":508,""filter"":""raw"",""id"":31,""urls"":{""self"":""https://nhccnm.org/wp-json/tribe/events/v1/tags/31"",""collection"":""https://nhccnm.org/wp-json/tribe/events/v1/tags""}},{""name"":""Opera"",""slug"":""opera"",""term_group"":0,""term_taxonomy_id"":107,""taxonomy"":""post_tag"",""description"":"""",""parent"":0,""count"":48,""filter"":""raw"",""id"":107,""urls"":{""self"":""https://nhccnm.org/wp-json/tribe/events/v1/tags/107"",""collection"":""https://nhccnm.org/wp-json/tribe/events/v1/tags""}},{""name"":""Performing Arts"",""slug"":""performing-arts"",""term_group"":0,""term_taxonomy_id"":42,""taxonomy"":""post_tag"",""description"":"""",""parent"":0,""count"":310,""filter"":""raw"",""id"":42,""urls"":{""self"":""https://nhccnm.org/wp-json/tribe/events/v1/tags/42"",""collection"":""https://nhccnm.org/wp-json/tribe/events/v1/tags""}},{""name"":""rental"",""slug"":""rental"",""term_group"":0,""term_taxonomy_id"":44,""taxonomy"":""post_tag"",""description"":"""",""parent"":0,""count"":274,""filter"":""raw"",""id"":44,""urls"":{""self"":""https://nhccnm.org/wp-json/tribe/events/v1/tags/44"",""collection"":""https://nhccnm.org/wp-json/tribe/events/v1/tags""}}]","{""id"":483,""global_id"":""nhccnm.org?id=483"",""venue"":""Roy E. Disney Center for Performing Arts: Albuquerque Journal Theatre"",""address"":""1701 4th St SW"",""city"":""Albuquerque"",""province"":""NM"",""state"":""NM"",""zip"":""87102"",""phone"":""(505)724-4771"",""url"":""https://nhccnm.org/venue/albuquerque-journal-theatre/"",""geo_lat"":35.068577,""geo_lng"":-106.655629,""show_map"":false,""show_map_link"":false}",[],"<p>Opera Southwest: Boris Godunov<br />
February 14, 19, &amp; 21 2027<br />
2:00 pm Sundays and 7:30 pm Friday</p>
<p>NHCC | Albuquerque Journal Theatre</p>
<p>Music &amp; Libretto / Modest Mussorgsky</p>
<p><strong>Power, Guilt, and a Haunted Crown</strong><br />
Boris takes the Russian throne under the shadow of a murdered child, then spends his reign unravelling under his own guilt as the nation churns around him. Coronation bells, massed choruses, a crowd that becomes a character in its own right make this grand opera at full scale, and one of the summits of the bass-baritone repertoire. OSW favorite Timothy Mix takes on the tortured tsar.</p>
<p>CAST<br />
Boris Godunov / Timothy Mix<br />
Pimen / Young Bok Kim<br />
Varlaam/ Andy Wilkowske<br />
Xenia / Oriana Geis-Falla<br />
Feodor / Ash Hurtado<br />
Grigori / Arnold Geis<br />
Simpleton / Boyar in Attendance / John Tiranno<br />
Schelkalov/ Frontier Guard/ Javier Ortiz</p>
<p>CREATIVE TEAM<br />
Conductor / Anthony Barrese<br />
Director / Keturah Stickann<br />
Scenic &amp; Lighting Designer /Daniel Chapman<br />
Wigs &amp; Makeup / Jacqueline Chavez<br />
Chorus Master / Aaron Howe</p>
<p><a href=""http://www.albuquerque-piano-tuning.com"" target=""_blank"" rel=""noopener"">Piano tuning and preparation are provided by Albuquerque Piano Services</a></p>
<p>Running Time: TBD</p>
<p>SUNG IN ENGLISH</p>
<p>-English translations are projected above the stage for all operas-</p>
<p>Sundays – $35, $55, $75, $99, &amp; $119<br />
Wednesday – $19, $39, $59, $69, &amp; $99<br />
Friday &#8211; $29, $49, $69, $89, &amp; $109<br />
With discounts for anyone 30 years old and younger. Special <em>Opera for All</em> tickets for any seat in the theatre with proof of WIC or EBT cards. Limit only 2 tickets per</p>
<h3><span style=""color: #0000ff;""><a style=""color: #0000ff;"" href=""https://my.nmculture.org/events/58662,58944?endDate=2027-06-30"" target=""_blank"" rel=""noopener"">RESERVE YOUR TICKETS HERE!</a></span></h3>
<p>45 Minutes before curtain, Opera Southwest offers our “Opera Insights” pre-opera talks. These take place in either the Bank of America auditorium or the Wells Fargo auditorium, both accessible from the shared lobby with the Journal Theatre.</p>
<p><a href=""https://www.operasouthwest.org/"" target=""_blank"" rel=""noopener"">For more information on Opera Southwest please click HERE.</a></p>
<hr />
<p><em>*In accordance with the ticketing policies of the event promoter, tickets for this event are not permitted to be advertised or re-sold for more than face value. All ticket sales must be purchased through National Hispanic Cultural Center or accompanying host partner.</em></p>
<p><em>*All NHCC performance/event ticket sales go through the National Hispanic Cultural Center Website. NHCC is a division of New Mexico Department of Cultural Affairs. You will be redirected to our central ticketing system. DO NOT BUY FROM THIRD PARTIES. If you see a third party app or website, please report it to the Center at (505) 246-2261.</em></p>",,"{""url"":""https://nhccnm.org/wp-content/uploads/2026/07/BorisComposite2web.jpg"",""id"":26647,""extension"":""jpg"",""width"":1200,""height"":1204}",[],false,,,,2026-09-12 15:35:24,2026-09-12 21:35:24,false,false,,,
2026-09-30T15:38:46Z,nhccnm.org,https://nhccnm.org/wp-json/tribe/events/v1/events,2,26680,nhccnm.org?id=26680,NMSC &#038; OSW: Beethoven- Symphony No. 9 – en Español,2027-03-14 00:00:00,2027-03-14 07:00:00,2027-03-14 23:59:59,2027-03-15 05:59:59,America/Denver,true,false,publish,https://nhccnm.org/event/nmsc-osw-beethoven-symphony-no-9-en-espanol/,,,,"{""currency_symbol"":""$"",""currency_code"":""USD"",""currency_position"":""prefix"",""values"":[]}","[{""id"":43,""name"":""Rental"",""slug"":""rental"",""parent"":0}]","[{""name"":""Community"",""slug"":""community"",""term_group"":0,""term_taxonomy_id"":33,""taxonomy"":""post_tag"",""description"":"""",""parent"":0,""count"":1591,""filter"":""raw"",""id"":33,""urls"":{""self"":""https://nhccnm.org/wp-json/tribe/events/v1/tags/33"",""collection"":""https://nhccnm.org/wp-json/tribe/events/v1/tags""}},{""name"":""Film"",""slug"":""film"",""term_group"":0,""term_taxonomy_id"":54,""taxonomy"":""post_tag"",""description"":"""",""parent"":0,""count"":481,""filter"":""raw"",""id"":54,""urls"":{""self"":""https://nhccnm.org/wp-json/tribe/events/v1/tags/54"",""collection"":""https://nhccnm.org/wp-json/tribe/events/v1/tags""}}]","{""id"":483,""global_id"":""nhccnm.org?id=483"",""venue"":""Roy E. Disney Center for Performing Arts: Albuquerque Journal Theatre"",""address"":""1701 4th St SW"",""city"":""Albuquerque"",""province"":""NM"",""state"":""NM"",""zip"":""87102"",""phone"":""(505)724-4771"",""url"":""https://nhccnm.org/venue/albuquerque-journal-theatre/"",""geo_lat"":35.068577,""geo_lng"":-106.655629,""show_map"":false,""show_map_link"":false}",[],"<p>NMSC &amp; OSW: Beethoven- Symphony No. 9 <strong>–</strong> en Español<br />
Sunday, March 14, 2027<br />
2:00 pm</p>
<p>NHCC | Albuquerque Journal Theatre</p>
<p>Opera Southwest Presents, The New Mexico Symphonic Chorus with the Opera Southwest Orchestra</p>
<p>Schiller’s poem imagined a day when <em>all people become brothers</em>. Beethoven set it as the most famous finale in music. Now the New Mexico Symphonic Chorus sings the Ninth in Spanish, carrying that universal message to this community in the world’s second most spoken language. After the acclaim of <em>Mesías</em> and the Brahms <em>Requiem</em>, the Spanish-Masterworks series takes on the summit. A message meant for everyone, sung so everyone hears it.</p>
<p>The “Ode to Joy,” sung in Spanish</p>
<p>$23, $29, $54, $69, &amp; $87</p>
<h3><span style=""color: #0000ff;""><a style=""color: #0000ff;"" href=""https://my.nmculture.org/events/58662,58944?endDate=2027-06-30"">RESERVE YOUR TICKETS HERE!</a></span></h3>
<p>Running time: Approx 2 hours</p>
<p><a href=""http://www.albuquerque-piano-tuning.com/""><strong>Piano tuning and preparation are provided by Albuquerque Piano Services:</strong></a></p>
<hr />
<p><em>* In accordance with the ticketing policies of the event promoter, tickets for this event are not permitted to be advertised or re-sold for more than face value. All ticket sales must be purchased through National Hispanic Cultural Center or accompanying host partner.</em></p>
<p><em>*All NHCC performance/event ticket sales go through the National Hispanic Cultural Center Website. NHCC is a division of New Mexico Department of Cultural Affairs. You will be redirected to our central ticketing system. DO NOT BUY FROM THIRD PARTIES. If you see a third party app or website, please report it to the Center at (505) 246-2261.</em></p>",,"{""url"":""https://nhccnm.org/wp-content/uploads/2026/07/OSW-NMSC-Logo-2026-1.png"",""id"":26666,""extension"":""png"",""width"":1192,""height"":1155}",[],false,,,,2026-09-12 15:35:05,2026-09-12 21:35:05,false,false,,,
2026-09-30T15:38:46Z,nhccnm.org,https://nhccnm.org/wp-json/tribe/events/v1/events,2,26659,nhccnm.org?id=26659,Opera Southwest: Salsipuedes,2027-04-18 00:00:00,2027-04-18 06:00:00,2027-04-25 23:59:59,2027-04-26 05:59:59,America/Denver,true,false,publish,https://nhccnm.org/event/opera-southwest-salsipuedes/,,,,"{""currency_symbol"":""$"",""currency_code"":""USD"",""currency_position"":""prefix"",""values"":[]}","[{""id"":24,""name"":""Performing Arts"",""slug"":""performing-arts"",""parent"":0}]","[{""name"":""Community"",""slug"":""community"",""term_group"":0,""term_taxonomy_id"":33,""taxonomy"":""post_tag"",""description"":"""",""parent"":0,""count"":1591,""filter"":""raw"",""id"":33,""urls"":{""self"":""https://nhccnm.org/wp-json/tribe/events/v1/tags/33"",""collection"":""https://nhccnm.org/wp-json/tribe/events/v1/tags""}},{""name"":""Music"",""slug"":""music"",""term_group"":0,""term_taxonomy_id"":31,""taxonomy"":""post_tag"",""description"":"""",""parent"":0,""count"":508,""filter"":""raw"",""id"":31,""urls"":{""self"":""https://nhccnm.org/wp-json/tribe/events/v1/tags/31"",""collection"":""https://nhccnm.org/wp-json/tribe/events/v1/tags""}},{""name"":""Opera"",""slug"":""opera"",""term_group"":0,""term_taxonomy_id"":107,""taxonomy"":""post_tag"",""description"":"""",""parent"":0,""count"":48,""filter"":""raw"",""id"":107,""urls"":{""self"":""https://nhccnm.org/wp-json/tribe/events/v1/tags/107"",""collection"":""https://nhccnm.org/wp-json/tribe/events/v1/tags""}},{""name"":""Orchestra"",""slug"":""orchestra"",""term_group"":0,""term_taxonomy_id"":97,""taxonomy"":""post_tag"",""description"":"""",""parent"":0,""count"":68,""filter"":""raw"",""id"":97,""urls"":{""self"":""https://nhccnm.org/wp-json/tribe/events/v1/tags/97"",""collection"":""https://nhccnm.org/wp-json/tribe/events/v1/tags""}},{""name"":""Performing Arts"",""slug"":""performing-arts"",""term_group"":0,""term_taxonomy_id"":42,""taxonomy"":""post_tag"",""description"":"""",""parent"":0,""count"":310,""filter"":""raw"",""id"":42,""urls"":{""self"":""https://nhccnm.org/wp-json/tribe/events/v1/tags/42"",""collection"":""https://nhccnm.org/wp-json/tribe/events/v1/tags""}},{""name"":""rental"",""slug"":""rental"",""term_group"":0,""term_taxonomy_id"":44,""taxonomy"":""post_tag"",""description"":"""",""parent"":0,""count"":274,""filter"":""raw"",""id"":44,""urls"":{""self"":""https://nhccnm.org/wp-json/tribe/events/v1/tags/44"",""collection"":""https://nhccnm.org/wp-json/tribe/events/v1/tags""}},{""name"":""Theatre"",""slug"":""theatre"",""term_group"":0,""term_taxonomy_id"":46,""taxonomy"":""post_tag"",""description"":"""",""parent"":0,""count"":868,""filter"":""raw"",""id"":46,""urls"":{""self"":""https://nhccnm.org/wp-json/tribe/events/v1/tags/46"",""collection"":""https://nhccnm.org/wp-json/tribe/events/v1/tags""}}]","{""id"":483,""global_id"":""nhccnm.org?id=483"",""venue"":""Roy E. Disney Center for Performing Arts: Albuquerque Journal Theatre"",""address"":""1701 4th St SW"",""city"":""Albuquerque"",""province"":""NM"",""state"":""NM"",""zip"":""87102"",""phone"":""(505)724-4771"",""url"":""https://nhccnm.org/venue/albuquerque-journal-theatre/"",""geo_lat"":35.068577,""geo_lng"":-106.655629,""show_map"":false,""show_map_link"":false}",[],"<p>Opera Southwest: Catán <em>Salsipuedes: A Tale of Love, War, and Anchovies</em><br />
April 18, 23, &amp; 25, 2027<br />
2:00 pm Sundays, 7:30 pm Friday</p>
<p>NHCC | Albuquerque Journal Theatre</p>
<p>Music / Daniel Catán<br />
Libretto / Eliseo Alberto and Francisco Hinojosa</p>
<p><strong>Salsipuedes: A Tale of Love, War, and Anchovies</strong>, a sparkling comedy by the beloved Daniel Catán – sometimes called “Mexico’s Puccini.” If you fell in love with his lush, gorgeous sound in our 2020 production of Il Postino, get ready to hear what Catán sounds like when he’s having fun. Set on the exotic Caribbean island of Salsipuedes (“get out if you can” in Spanish), the story follows two newlywed couples whose honeymoons are spectacularly derailed when the husbands accidentally end up aboard a ship headed off to fight the Nazis. Along the way, they get tangled up in a corrupt government plot involving the island’s most prized commodity: anchovies. Witty, warm, and pulsing with Caribbean rhythms – great opera doesn’t always have to end in tears.</p>
<p>CREATIVE TEAM<br />
Wigs &amp; Makeup / Jacqueline Chavez<br />
Lighting / Daniel Chapman<br />
Chorus Master / Aaron Howe</p>
<p><a href=""http://www.albuquerque-piano-tuning.com"" target=""_blank"" rel=""noopener"">Piano tuning and preparation are provided by Albuquerque Piano Services</a></p>
<p>Running Time: TBD</p>
<p>SUNG IN SPANISH</p>
<p>-English translations are projected above the stage for all operas-</p>
<p>Sundays – $35, $55, $75, $99, &amp; $119<br />
Wednesday – $19, $39, $59, $69, &amp; $99<br />
Friday – $29, $49, $69, $89, &amp; $109<br />
With discounts for anyone 30 years old and younger. Special <em>Opera for All</em> tickets for any seat in the theatre with proof of WIC or EBT cards. Limit only 2 tickets per</p>
<p><strong><a href=""https://my.nmculture.org/events/58662,58944?endDate=2027-06-30"" target=""_blank"" rel=""noopener"">RESERVE YOUR TICKETS HERE!</a></strong></p>
<p>45 Minutes before curtain, Opera Southwest offers our “Opera Insights” pre-opera talks. These take place in either the Bank of America auditorium or the Wells Fargo auditorium, both accessible from the shared lobby with the Journal Theatre.</p>
<p><a href=""https://www.operasouthwest.org/"" target=""_blank"" rel=""noopener"">For more information on Opera Southwest please click HERE.</a></p>
<p>Tickets are not available online for this event. Season tickets are available through the Opera offices or at <a href=""https://www.operasouthwest.org/"">https://www.operasouthwest.org/</a>. Single tickets are expected to go on sale starting on September 1. Please contact the NHCC Welcome Center at (505) 724-4771 to get updated ticket availability information.</p>
<hr />
<p><em>*In accordance with the ticketing policies of the event promoter, tickets for this event are not permitted to be advertised or re-sold for more than face value. All ticket sales must be purchased through National Hispanic Cultural Center or accompanying host partner.</em></p>
<p><em>*All NHCC performance/event ticket sales go through the National Hispanic Cultural Center Website. NHCC is a division of New Mexico Department of Cultural Affairs. You will be redirected to our central ticketing system. DO NOT BUY FROM THIRD PARTIES. If you see a third party app or website, please report it to the Center at (505) 246-2261.</em></p>
<p>&nbsp;</p>",,"{""url"":""https://nhccnm.org/wp-content/uploads/2026/07/Salsipuedes-graphic-w-osw-logo.jpg"",""id"":26660,""extension"":""jpg"",""width"":1223,""height"":1231}",[],false,,,,2026-09-12 15:34:49,2026-09-12 21:34:49,false,false,,,
2026-09-30T15:38:46Z,nhccnm.org,https://nhccnm.org/wp-json/tribe/events/v1/events,2,26738,nhccnm.org?id=26738,NM Philharmonic: Beethoven at 200 &#038; Mendelssohn&#8217;s Piano Concerto,2027-05-09 00:00:00,2027-05-09 06:00:00,2027-05-09 23:59:59,2027-05-10 05:59:59,America/Denver,true,false,publish,https://nhccnm.org/event/nm-philharmonic-beethoven-at-200-mendelssohns-piano-concerto/,,,,"{""currency_symbol"":""$"",""currency_code"":""USD"",""currency_position"":""prefix"",""values"":[]}","[{""id"":43,""name"":""Rental"",""slug"":""rental"",""parent"":0}]","[{""name"":""Community"",""slug"":""community"",""term_group"":0,""term_taxonomy_id"":33,""taxonomy"":""post_tag"",""description"":"""",""parent"":0,""count"":1591,""filter"":""raw"",""id"":33,""urls"":{""self"":""https://nhccnm.org/wp-json/tribe/events/v1/tags/33"",""collection"":""https://nhccnm.org/wp-json/tribe/events/v1/tags""}},{""name"":""Music"",""slug"":""music"",""term_group"":0,""term_taxonomy_id"":31,""taxonomy"":""post_tag"",""description"":"""",""parent"":0,""count"":508,""filter"":""raw"",""id"":31,""urls"":{""self"":""https://nhccnm.org/wp-json/tribe/events/v1/tags/31"",""collection"":""https://nhccnm.org/wp-json/tribe/events/v1/tags""}},{""name"":""Orchestra"",""slug"":""orchestra"",""term_group"":0,""term_taxonomy_id"":97,""taxonomy"":""post_tag"",""description"":"""",""parent"":0,""count"":68,""filter"":""raw"",""id"":97,""urls"":{""self"":""https://nhccnm.org/wp-json/tribe/events/v1/tags/97"",""collection"":""https://nhccnm.org/wp-json/tribe/events/v1/tags""}},{""name"":""rental"",""slug"":""rental"",""term_group"":0,""term_taxonomy_id"":44,""taxonomy"":""post_tag"",""description"":"""",""parent"":0,""count"":274,""filter"":""raw"",""id"":44,""urls"":{""self"":""https://nhccnm.org/wp-json/tribe/events/v1/tags/44"",""collection"":""https://nhccnm.org/wp-json/tribe/events/v1/tags""}}]","{""id"":483,""global_id"":""nhccnm.org?id=483"",""venue"":""Roy E. Disney Center for Performing Arts: Albuquerque Journal Theatre"",""address"":""1701 4th St SW"",""city"":""Albuquerque"",""province"":""NM"",""state"":""NM"",""zip"":""87102"",""phone"":""(505)724-4771"",""url"":""https://nhccnm.org/venue/albuquerque-journal-theatre/"",""geo_lat"":35.068577,""geo_lng"":-106.655629,""show_map"":false,""show_map_link"":false}","[{""id"":1629,""global_id"":""nhccnm.org?id=1629"",""organizer"":""New Mexico Philharmonic"",""url"":""https://nhccnm.org/organizer/new-mexico-philharmonic/"",""website"":""http://nmphil.org/"",""phone"":""(505) 323-4343""}]","<p>NM Philharmonic: Beethoven at 200 &amp; Mendelssohn&#8217;s Piano Concerto<br />
Sunday, May 9, 2027<br />
2:00 pm</p>
<p>NHCC | Albuquerque Journal Theatre</p>
<p>2026/2027 AFTERNOON CLASSICS at NHCC</p>
<p>Two centuries after the death of Ludwig van Beethoven, the NMPhil celebrates the enduring legacy of one of classical music&#8217;s most influential figures with his spirited Overture to<em> The Creatures of Prometheus</em> and vibrant Eighth Symphony. Joining the orchestra is acclaimed pianist Daria Podorozhnova, an award-winning artist recognized for her expressive performances and technical brilliance, performing Mendelssohn&#8217;s dazzling First Piano Concerto, a work the composer himself frequently performed throughout Europe.</p>
<p>Beethoven at 200 &amp; Mendelssohn&#8217;s Piano Concerto</p>
<p>TBD conductor</p>
<p>Daria Podorozhnova piano</p>
<p>Beethoven: Overture to <em>The Creatures of Prometheus</em></p>
<p>Mendelssohn: Piano Concerto No. 1</p>
<p>Beethoven: Symphony No. 8</p>
<p><a href=""https://nmphil.org/"" target=""_blank"" rel=""noopener"">For more information on the New Mexico Philharmonic please call them at (505) 323-4343 or check out the website HERE.</a></p>
<p>$34, $44, $54 &amp; $78</p>
<h3><span style=""color: #0000ff;""><a style=""color: #0000ff;"" href=""https://my.nmculture.org/overview/59018"" target=""_blank"" rel=""noopener"">RESERVE YOUR TICKETS HERE!</a></span></h3>
<hr />
<p><em>*The event is a rental event not an NHCC production. The title, content, photos/images and description for this event were provided to the NHCC by the organization renting the NHCC venue for the event. By serving as a venue and posting the event on its website, the NHCC is not endorsing any views expressed in the title or description of the event, nor is it endorsing the content of the event.</em></p>
<p><em>*All NHCC performance/event ticket sales go through the National Hispanic Cultural Center Website. NHCC is a division of New Mexico Department of Cultural Affairs. You will be redirected to our central ticketing system. DO NOT BUY FROM THIRD PARTIES. If you see a third party app or website, please report it to the Center at (505) 246-2261.</em></p>",,"{""url"":""https://nhccnm.org/wp-content/uploads/2025/07/NM-Philharmonic-FB-Header.jpg"",""id"":24761,""extension"":""jpg"",""width"":1200,""height"":1122}",[],false,,,,2026-09-12 15:34:07,2026-09-12 21:34:07,false,false,,,
