schema_org_run_started_utc,schema_org_seed_host,schema_org_seed_city_id,schema_org_seed_categories,schema_org_source_url,schema_org_event_type,schema_org_city_mapping,schema_org_city_mapping_distance_miles,event_name,event_start_date,event_end_date,event_url,event_status,event_attendance_mode,event_description,event_location_json,event_offers_json,event_organizer_json,event_performer_json,event_image_json,event_keywords,event_json
2026-10-01T16:03:02Z,explora.us,100096,4bf58dd8d48988d191941735|science museum,https://www.explora.us/events/7th-annual-science-fiesta/,Event,mapped_seed_site,,7th Annual Science Fiesta!,2022-06-11,2022-06-18,https://www.explora.us/events/7th-annual-science-fiesta/,https://schema.org/EventScheduled,https://schema.org/OfflineEventAttendanceMode,"The New Mexico Science Fiesta is one of the state's largest celebrations of STEAM (science, technology, engineering, art, and math). The event is a multi-day, community-wide extravaganza that is sure to inspire your curiosity, creativity, and innovation! On the final day of the fiesta, a variety of STEM professionals will gather at Expo New Mexico from 10:00am - 4:00pm to engage in hands-on science and engineering activities for the whole family. Stay tuned for details as we add more events in the community! Events in the community: June 11 | Meet a Scientist at Explora: Join us from 10 am – 1 pm for Meet a Scientist. At this event, you will have the opportunity to meet STEM professionals from our community, and participate in fun, engaging activities for the whole family! Confirmed presenters include STEM professionals from the New Mexico BioPark, New Mexico EPSCoR, and STEM in the Burque! This event is free with admission. June 14 | Tour of FUSE Makerspace: Starting at 6pm, you are invited to take a tour of FUSE Makerspace with the opportunity to engage in a make-and-take activity! June 17 | Teen Science Café at Explora: Was Benjamin Franklin a man ahead of his time? How has his work impacted our community at large. Teens are invited to join us for an evening of learning more about the inventor and diplomat whose portrait graces the 100 dollar bill. They will also be treated to the music of Mayling Garcia as she plays her glass armonica. Free event! June 17 | Science in the Courtroom: Tune in to an engaging lecture about how science is handled in the courtroom followed by a Q&amp;A session with the experts! June 18 | Calculate Pi with NMSU: From 12-1pm, we will calculate the irrational number Pi using random numbers with audience participation. The audience will randomly choose numbers and enter them into a Google Form, and we will use them to calculate Pi together! June 18 | Science Fiesta Expo at Expo New Mexico: Join us at Expo New Mexico From 10am-4pm to connect with dozens of STEAM (science, technology, engineering, art, and math) professionals sharing their enthusiasm for learning, science, and the world around us. Engage in hands-on science and engineering activities for the whole family!","{""@type"":""Place"",""name"":"""",""image"":"""",""address"":""""}","{""url"":""https://www.explora.us/events/7th-annual-science-fiesta/"",""price"":""0"",""priceCurrency"":""USD"",""availability"":""https://schema.org/InStock"",""validFrom"":""2022-06-11T00:00""}","{""@type"":""Person"",""name"":"""",""url"":""""}",,"""https://www.explora.us/wp-content/uploads/2022/05/SF22-Save-the-Date-Facebook-Post.jpg""",,"{""@context"":""http://schema.org"",""@type"":""Event"",""eventStatus"":""https://schema.org/EventScheduled"",""startDate"":""2022-06-11"",""endDate"":""2022-06-18"",""eventAttendanceMode"":""https://schema.org/OfflineEventAttendanceMode"",""location"":{""@type"":""Place"",""name"":"""",""image"":"""",""address"":""""},""organizer"":{""@type"":""Person"",""name"":"""",""url"":""""},""offers"":{""url"":""https://www.explora.us/events/7th-annual-science-fiesta/"",""price"":""0"",""priceCurrency"":""USD"",""availability"":""https://schema.org/InStock"",""validFrom"":""2022-06-11T00:00""},""performer"":"""",""description"":""The New Mexico Science Fiesta is one of the state's largest celebrations of STEAM (science, technology, engineering, art, and math). The event is a multi-day, community-wide extravaganza that is sure to inspire your curiosity, creativity, and innovation! On the final day of the fiesta, a variety of STEM professionals will gather at Expo New Mexico from 10:00am - 4:00pm to engage in hands-on science and engineering activities for the whole family. Stay tuned for details as we add more events in the community!    Events in the community:    June 11 | Meet a Scientist at Explora: Join us from 10 am – 1 pm for Meet a Scientist. At this event, you will have the opportunity to meet STEM professionals from our community, and participate in fun, engaging activities for the whole family! Confirmed presenters include STEM professionals from the New Mexico BioPark, New Mexico EPSCoR, and STEM in the Burque! This event is free with admission.    June 14 | Tour of FUSE Makerspace: Starting at 6pm, you are invited to take a tour of FUSE Makerspace with the opportunity to engage in a make-and-take activity!    June 17 | Teen Science Café at Explora: Was Benjamin Franklin a man ahead of his time? How has his work impacted our community at large. Teens are invited to join us for an evening of learning more about the inventor and diplomat whose portrait graces the 100 dollar bill. They will also be treated to the music of Mayling Garcia as she plays her glass armonica. Free event!    June 17 | Science in the Courtroom: Tune in to an engaging lecture about how science is handled in the courtroom followed by a Q&amp;A session with the experts!    June 18 | Calculate Pi with NMSU: From 12-1pm, we will calculate the irrational number Pi using random numbers with audience participation. The audience will randomly choose numbers and enter them into a Google Form, and we will use them to calculate Pi together!    June 18 | Science Fiesta Expo at Expo New Mexico: Join us at Expo New Mexico From 10am-4pm to connect with dozens of STEAM (science, technology, engineering, art, and math) professionals sharing their enthusiasm for learning, science, and the world around us. Engage in hands-on science and engineering activities for the whole family!"",""image"":""https://www.explora.us/wp-content/uploads/2022/05/SF22-Save-the-Date-Facebook-Post.jpg"",""name"":""7th Annual Science Fiesta!"",""url"":""https://www.explora.us/events/7th-annual-science-fiesta/""}"
2026-10-01T16:03:02Z,explora.us,100096,4bf58dd8d48988d191941735|science museum,https://www.explora.us/events/3d-mania-printers-and-pens-free-workshop-for-educators/,Event,mapped_seed_site,,3D Mania: Printers and Pens | FREE Workshop for Educators!,2022-09-03T04:00:00-06:00,2022-09-03T06:00:00-06:00,https://www.explora.us/events/3d-mania-printers-and-pens-free-workshop-for-educators/,https://schema.org/EventScheduled,https://schema.org/OfflineEventAttendanceMode,"Discover the fun behind 3D printers and pens at this in-person workshop at Explora! You’ll explore the unconventional possibilities of filaments using simple tools and software, and learn how to incorporate them into everyday activities. Leave with a classroom set of materials and the opportunity for a free classroom visit for your students! Register here!","{""@type"":""Place"",""name"":""Explora"",""image"":""https://www.explora.us/wp-content/uploads/2020/09/explora-small.jpg"",""address"":""1701 Mountain Rd NW, Albuquerque, NM 87104""}","{""url"":""https://www.explora.us/events/3d-mania-printers-and-pens-free-workshop-for-educators/"",""price"":""0"",""priceCurrency"":""USD"",""availability"":""https://schema.org/InStock"",""validFrom"":""2022-09-03T00:00""}","{""@type"":""Person"",""name"":"""",""url"":""""}",,"""https://www.explora.us/wp-content/uploads/2022/08/Screen-Shot-2022-08-08-at-3.32.59-PM.png""",,"{""@context"":""http://schema.org"",""@type"":""Event"",""eventStatus"":""https://schema.org/EventScheduled"",""startDate"":""2022-09-03T04:00:00-06:00"",""endDate"":""2022-09-03T06:00:00-06:00"",""eventAttendanceMode"":""https://schema.org/OfflineEventAttendanceMode"",""location"":{""@type"":""Place"",""name"":""Explora"",""image"":""https://www.explora.us/wp-content/uploads/2020/09/explora-small.jpg"",""address"":""1701 Mountain Rd NW, Albuquerque, NM 87104""},""organizer"":{""@type"":""Person"",""name"":"""",""url"":""""},""offers"":{""url"":""https://www.explora.us/events/3d-mania-printers-and-pens-free-workshop-for-educators/"",""price"":""0"",""priceCurrency"":""USD"",""availability"":""https://schema.org/InStock"",""validFrom"":""2022-09-03T00:00""},""performer"":"""",""description"":""Discover the fun behind 3D printers and pens at this in-person workshop at Explora! You’ll explore the unconventional possibilities of filaments using simple tools and software, and learn how to incorporate them into everyday activities. Leave with a classroom set of materials and the opportunity for a free classroom visit for your students!      Register here!"",""image"":""https://www.explora.us/wp-content/uploads/2022/08/Screen-Shot-2022-08-08-at-3.32.59-PM.png"",""name"":""3D Mania: Printers and Pens | FREE Workshop for Educators!"",""url"":""https://www.explora.us/events/3d-mania-printers-and-pens-free-workshop-for-educators/""}"
2026-10-01T16:03:02Z,explora.us,100096,4bf58dd8d48988d191941735|science museum,https://www.explora.us/events/adult-night-feel-the-beat/,Event,mapped_seed_site,,Adult Night: Feel the Beat!,2022-09-16T12:00:00-06:00,2022-09-16T15:00:00-06:00,https://www.explora.us/events/adult-night-feel-the-beat/,https://schema.org/EventScheduled,https://schema.org/OfflineEventAttendanceMode,"Feel the beat at Explora’s upcoming Adult Night! We’ll have a silent disco headphone dance party, performances from the Dancing Turtle breakdancing crew, and live music from the Navy Jazz Band, ""The Destroyers"". The Bosque Amature Radio Club will also be joining us with their HAM Radios and The Albuquerque Astronomical Society will be there with their telescopes! All of Explora's exhibits will be at your fingertips for this event. Plus, we’ll have Kimo's Hawaiian BBQ food truck on-site! Get your tickets here!","{""@type"":""Place"",""name"":""Explora"",""image"":""https://www.explora.us/wp-content/uploads/2020/09/explora-small.jpg"",""address"":""1701 Mountain Rd NW, Albuquerque, NM 87104""}","{""url"":""https://www.explora.us/events/adult-night-feel-the-beat/"",""price"":""0"",""priceCurrency"":""USD"",""availability"":""https://schema.org/InStock"",""validFrom"":""2022-09-16T00:00""}","{""@type"":""Person"",""name"":"""",""url"":""""}",,"""https://www.explora.us/wp-content/uploads/2022/04/AdultNight.png""",,"{""@context"":""http://schema.org"",""@type"":""Event"",""eventStatus"":""https://schema.org/EventScheduled"",""startDate"":""2022-09-16T12:00:00-06:00"",""endDate"":""2022-09-16T15:00:00-06:00"",""eventAttendanceMode"":""https://schema.org/OfflineEventAttendanceMode"",""location"":{""@type"":""Place"",""name"":""Explora"",""image"":""https://www.explora.us/wp-content/uploads/2020/09/explora-small.jpg"",""address"":""1701 Mountain Rd NW, Albuquerque, NM 87104""},""organizer"":{""@type"":""Person"",""name"":"""",""url"":""""},""offers"":{""url"":""https://www.explora.us/events/adult-night-feel-the-beat/"",""price"":""0"",""priceCurrency"":""USD"",""availability"":""https://schema.org/InStock"",""validFrom"":""2022-09-16T00:00""},""performer"":"""",""description"":""Feel the beat at Explora’s upcoming Adult Night! We’ll have a silent disco headphone dance party, performances from the Dancing Turtle breakdancing crew, and live music from the Navy Jazz Band, \""The Destroyers\"". The Bosque Amature Radio Club will also be joining us with their HAM Radios and The Albuquerque Astronomical Society will be there with their telescopes! All of Explora's exhibits will be at your fingertips for this event. Plus, we’ll have Kimo's Hawaiian BBQ food truck on-site!    Get your tickets here!"",""image"":""https://www.explora.us/wp-content/uploads/2022/04/AdultNight.png"",""name"":""Adult Night: Feel the Beat!"",""url"":""https://www.explora.us/events/adult-night-feel-the-beat/""}"
2026-10-01T16:03:02Z,explora.us,100096,4bf58dd8d48988d191941735|science museum,https://www.explora.us/events/3d-mania-printers-and-pens-free-workshop-for-educators-2/,Event,mapped_seed_site,,3D Mania: Printers and Pens | Free Workshop for Educators!,2022-10-02T04:00:00-06:00,2022-10-02T06:00:00-06:00,https://www.explora.us/events/3d-mania-printers-and-pens-free-workshop-for-educators-2/,https://schema.org/EventScheduled,https://schema.org/OfflineEventAttendanceMode,"For beginners and intermediates - Discover the fun behind 3D printers and pens at this in-person workshop at Explora for educators! You’ll explore the unconventional possibilities of filaments using simple tools and software, and learn how to incorporate them into everyday activities. Leave with a classroom set of materials and the opportunity for a free classroom visit for your students! Register here!","{""@type"":""Place"",""name"":""Explora"",""image"":""https://www.explora.us/wp-content/uploads/2020/09/explora-small.jpg"",""address"":""1701 Mountain Rd NW, Albuquerque, NM 87104""}","{""url"":""https://www.explora.us/events/3d-mania-printers-and-pens-free-workshop-for-educators-2/"",""price"":""0"",""priceCurrency"":""USD"",""availability"":""https://schema.org/InStock"",""validFrom"":""2022-10-02T00:00""}","{""@type"":""Person"",""name"":"""",""url"":""""}",,"""https://www.explora.us/wp-content/uploads/2022/09/Screen-Shot-2022-09-01-at-2.09.37-PM.png""",,"{""@context"":""http://schema.org"",""@type"":""Event"",""eventStatus"":""https://schema.org/EventScheduled"",""startDate"":""2022-10-02T04:00:00-06:00"",""endDate"":""2022-10-02T06:00:00-06:00"",""eventAttendanceMode"":""https://schema.org/OfflineEventAttendanceMode"",""location"":{""@type"":""Place"",""name"":""Explora"",""image"":""https://www.explora.us/wp-content/uploads/2020/09/explora-small.jpg"",""address"":""1701 Mountain Rd NW, Albuquerque, NM 87104""},""organizer"":{""@type"":""Person"",""name"":"""",""url"":""""},""offers"":{""url"":""https://www.explora.us/events/3d-mania-printers-and-pens-free-workshop-for-educators-2/"",""price"":""0"",""priceCurrency"":""USD"",""availability"":""https://schema.org/InStock"",""validFrom"":""2022-10-02T00:00""},""performer"":"""",""description"":""For beginners and intermediates - Discover the fun behind 3D printers and pens at this in-person workshop at Explora for educators! You’ll explore the unconventional possibilities of filaments using simple tools and software, and learn how to incorporate them into everyday activities. Leave with a classroom set of materials and the opportunity for a free classroom visit for your students!    Register here!"",""image"":""https://www.explora.us/wp-content/uploads/2022/09/Screen-Shot-2022-09-01-at-2.09.37-PM.png"",""name"":""3D Mania: Printers and Pens | Free Workshop for Educators!"",""url"":""https://www.explora.us/events/3d-mania-printers-and-pens-free-workshop-for-educators-2/""}"
2026-10-01T16:03:02Z,explora.us,100096,4bf58dd8d48988d191941735|science museum,https://www.explora.us/events/adult-night-burque-science/,Event,mapped_seed_site,,Adult Night: Burque Science!,2022-11-18T11:00:00-07:00,2022-11-18T14:00:00-07:00,https://www.explora.us/events/adult-night-burque-science/,https://schema.org/EventScheduled,https://schema.org/OfflineEventAttendanceMode,"Food Truck: The Munchie Truck Band: The Cumberlands Bosque Amateur Radio Club - Ham Radios The Albuquerque Astronomical Society - Telescopes to see the stars! AFRL - Laser Display STEM in the Burque - Selfie Station, SMART Grid Neighborhoods Reserve Tickets!","{""@type"":""Place"",""name"":""Explora"",""image"":""https://www.explora.us/wp-content/uploads/2020/09/explora-small.jpg"",""address"":""1701 Mountain Rd NW, Albuquerque, NM 87104""}","{""url"":""https://www.explora.us/events/adult-night-burque-science/"",""price"":""0"",""priceCurrency"":""USD"",""availability"":""https://schema.org/InStock"",""validFrom"":""2022-11-18T00:00""}","{""@type"":""Person"",""name"":"""",""url"":""""}",,"""https://www.explora.us/wp-content/uploads/2022/04/AdultNight.png""",,"{""@context"":""http://schema.org"",""@type"":""Event"",""eventStatus"":""https://schema.org/EventScheduled"",""startDate"":""2022-11-18T11:00:00-07:00"",""endDate"":""2022-11-18T14:00:00-07:00"",""eventAttendanceMode"":""https://schema.org/OfflineEventAttendanceMode"",""location"":{""@type"":""Place"",""name"":""Explora"",""image"":""https://www.explora.us/wp-content/uploads/2020/09/explora-small.jpg"",""address"":""1701 Mountain Rd NW, Albuquerque, NM 87104""},""organizer"":{""@type"":""Person"",""name"":"""",""url"":""""},""offers"":{""url"":""https://www.explora.us/events/adult-night-burque-science/"",""price"":""0"",""priceCurrency"":""USD"",""availability"":""https://schema.org/InStock"",""validFrom"":""2022-11-18T00:00""},""performer"":"""",""description"":""    Food Truck: The Munchie Truck    Band: The Cumberlands    Bosque Amateur Radio Club - Ham Radios    The Albuquerque Astronomical Society - Telescopes to see the stars!    AFRL - Laser Display    STEM in the Burque - Selfie Station, SMART Grid Neighborhoods    Reserve Tickets!"",""image"":""https://www.explora.us/wp-content/uploads/2022/04/AdultNight.png"",""name"":""Adult Night: Burque Science!"",""url"":""https://www.explora.us/events/adult-night-burque-science/""}"
2026-10-01T16:03:02Z,explora.us,100096,4bf58dd8d48988d191941735|science museum,https://www.explora.us/events/acids-and-bases/,Event,mapped_seed_site,,Acids and Bases,2022-12-15T03:00:00-07:00,2022-12-15T05:00:00-07:00,https://www.explora.us/events/acids-and-bases/,https://schema.org/EventScheduled,https://schema.org/OfflineEventAttendanceMode,"A virtual workshop for early childhood teachers, OST professionals, and librarians (2 CEU hours) We use acids and bases everyday. What’s the difference? You’ll experiment with unlikely acid-base indicators– right in your own home! Register here!","{""@type"":""Place"",""name"":"""",""image"":"""",""address"":""""}","{""url"":""https://www.explora.us/events/acids-and-bases/"",""price"":""0"",""priceCurrency"":""USD"",""availability"":""https://schema.org/InStock"",""validFrom"":""2022-12-15T00:00""}","{""@type"":""Person"",""name"":"""",""url"":""""}",,"""https://www.explora.us/wp-content/uploads/2022/10/acids-and-bases.png""",,"{""@context"":""http://schema.org"",""@type"":""Event"",""eventStatus"":""https://schema.org/EventScheduled"",""startDate"":""2022-12-15T03:00:00-07:00"",""endDate"":""2022-12-15T05:00:00-07:00"",""eventAttendanceMode"":""https://schema.org/OfflineEventAttendanceMode"",""location"":{""@type"":""Place"",""name"":"""",""image"":"""",""address"":""""},""organizer"":{""@type"":""Person"",""name"":"""",""url"":""""},""offers"":{""url"":""https://www.explora.us/events/acids-and-bases/"",""price"":""0"",""priceCurrency"":""USD"",""availability"":""https://schema.org/InStock"",""validFrom"":""2022-12-15T00:00""},""performer"":"""",""description"":""A virtual workshop for early childhood teachers, OST professionals, and librarians (2 CEU hours)    We use acids and bases everyday. What’s the difference? You’ll experiment with unlikely acid-base indicators– right in your own home!    Register here!"",""image"":""https://www.explora.us/wp-content/uploads/2022/10/acids-and-bases.png"",""name"":""Acids and Bases"",""url"":""https://www.explora.us/events/acids-and-bases/""}"
2026-10-01T16:03:02Z,explora.us,100096,4bf58dd8d48988d191941735|science museum,https://www.explora.us/events/adult-night-2/,Event,mapped_seed_site,,Adult Night: Chain Reactions,2023-01-20T11:00:00-07:00,2023-01-20T14:00:00-07:00,https://www.explora.us/events/adult-night-2/,https://schema.org/EventScheduled,https://schema.org/OfflineEventAttendanceMode,"Food Truck: The Munchie Truck Band: Entourage Jazz The Albuquerque Astronomical Society - Telescopes to see the stars! Join us for our January Adult Night exploring all kinds of Chain Reactions! Activities include Colorful Flaming Pinecones: explore how chemicals react to create different colored fire. Mix and make your pinecone, then discover what colors it turns when lit!, Make your own giant Rube Goldberg Machine using a variety of materials! 18+ Reserve Tickets Here","{""@type"":""Place"",""name"":""Explora"",""image"":""https://www.explora.us/wp-content/uploads/2020/09/explora-small.jpg"",""address"":""1701 Mountain Rd NW, Albuquerque, NM 87104""}","{""url"":""https://www.explora.us/events/adult-night-2/"",""price"":""0"",""priceCurrency"":""USD"",""availability"":""https://schema.org/InStock"",""validFrom"":""2023-01-20T00:00""}","{""@type"":""Person"",""name"":"""",""url"":""""}",,"""https://www.explora.us/wp-content/uploads/2022/04/AdultNight.png""",,"{""@context"":""http://schema.org"",""@type"":""Event"",""eventStatus"":""https://schema.org/EventScheduled"",""startDate"":""2023-01-20T11:00:00-07:00"",""endDate"":""2023-01-20T14:00:00-07:00"",""eventAttendanceMode"":""https://schema.org/OfflineEventAttendanceMode"",""location"":{""@type"":""Place"",""name"":""Explora"",""image"":""https://www.explora.us/wp-content/uploads/2020/09/explora-small.jpg"",""address"":""1701 Mountain Rd NW, Albuquerque, NM 87104""},""organizer"":{""@type"":""Person"",""name"":"""",""url"":""""},""offers"":{""url"":""https://www.explora.us/events/adult-night-2/"",""price"":""0"",""priceCurrency"":""USD"",""availability"":""https://schema.org/InStock"",""validFrom"":""2023-01-20T00:00""},""performer"":"""",""description"":""    Food Truck: The Munchie Truck    Band: Entourage Jazz    The Albuquerque Astronomical Society - Telescopes to see the stars!    Join us for our January Adult Night exploring all kinds of Chain Reactions! Activities include Colorful Flaming Pinecones: explore how chemicals react to create different colored fire. Mix and make your pinecone, then discover what colors it turns when lit!, Make your own giant Rube Goldberg Machine using a variety of materials!    18+    Reserve Tickets Here"",""image"":""https://www.explora.us/wp-content/uploads/2022/04/AdultNight.png"",""name"":""Adult Night: Chain Reactions"",""url"":""https://www.explora.us/events/adult-night-2/""}"
2026-10-01T16:03:02Z,explora.us,100096,4bf58dd8d48988d191941735|science museum,https://www.explora.us/events/3d-mania-printers-and-pens/,Event,mapped_seed_site,,3D Mania: Printers and Pens!,2023-01-21T03:00:00-07:00,2023-01-21T05:00:00-07:00,https://www.explora.us/events/3d-mania-printers-and-pens/,https://schema.org/EventScheduled,https://schema.org/OfflineEventAttendanceMode,"FREE with Registration--2 CEU credits: For beginners and intermediates - Discover the fun behind 3D printers and pens! You’ll explore the possibilities of filaments using simple tools and software, and incorporate them into activities. Leave with a set of materials and the opportunity for a free classroom visit for your students!","{""@type"":""Place"",""name"":"""",""image"":"""",""address"":""""}","{""url"":""https://www.explora.us/events/3d-mania-printers-and-pens/"",""price"":""0"",""priceCurrency"":""USD"",""availability"":""https://schema.org/InStock"",""validFrom"":""2023-01-21T00:00""}","{""@type"":""Person"",""name"":"""",""url"":""""}",,"""https://www.explora.us/wp-content/uploads/2023/01/3D-Mania-Flyer-1_21_23.jpg""",,"{""@context"":""http://schema.org"",""@type"":""Event"",""eventStatus"":""https://schema.org/EventScheduled"",""startDate"":""2023-01-21T03:00:00-07:00"",""endDate"":""2023-01-21T05:00:00-07:00"",""eventAttendanceMode"":""https://schema.org/OfflineEventAttendanceMode"",""location"":{""@type"":""Place"",""name"":"""",""image"":"""",""address"":""""},""organizer"":{""@type"":""Person"",""name"":"""",""url"":""""},""offers"":{""url"":""https://www.explora.us/events/3d-mania-printers-and-pens/"",""price"":""0"",""priceCurrency"":""USD"",""availability"":""https://schema.org/InStock"",""validFrom"":""2023-01-21T00:00""},""performer"":"""",""description"":""FREE with Registration--2 CEU credits:    For beginners and intermediates - Discover the fun behind 3D printers and pens! You’ll explore the possibilities of filaments using simple tools and software, and incorporate them into activities. Leave with a set of materials and the opportunity for a free classroom visit for your students!"",""image"":""https://www.explora.us/wp-content/uploads/2023/01/3D-Mania-Flyer-1_21_23.jpg"",""name"":""3D Mania: Printers and Pens!"",""url"":""https://www.explora.us/events/3d-mania-printers-and-pens/""}"
2026-10-01T16:03:02Z,explora.us,100096,4bf58dd8d48988d191941735|science museum,https://www.explora.us/events/acids-and-bases-teachers-workshop/,Event,mapped_seed_site,,Acids and Bases Teachers Workshop,2023-02-09T05:00:00-07:00,2023-02-09T07:00:00-07:00,https://www.explora.us/events/acids-and-bases-teachers-workshop/,https://schema.org/EventScheduled,https://schema.org/OfflineEventAttendanceMode,We use acids and bases everyday. What’s the difference? You’ll experiment with unlikely acid-base indicators– right in your own home in this virtual workshop. FREE with registration! 2 CEUs,"{""@type"":""Place"",""name"":"""",""image"":"""",""address"":""""}","{""url"":""https://www.explora.us/events/acids-and-bases-teachers-workshop/"",""price"":""0"",""priceCurrency"":""USD"",""availability"":""https://schema.org/InStock"",""validFrom"":""2023-02-09T00:00""}","{""@type"":""Person"",""name"":"""",""url"":""""}",,"""https://www.explora.us/wp-content/uploads/2023/01/SNL-Acids-and-Bases-EC-Teacher-PD-2_9_23.jpg""",,"{""@context"":""http://schema.org"",""@type"":""Event"",""eventStatus"":""https://schema.org/EventScheduled"",""startDate"":""2023-02-09T05:00:00-07:00"",""endDate"":""2023-02-09T07:00:00-07:00"",""eventAttendanceMode"":""https://schema.org/OfflineEventAttendanceMode"",""location"":{""@type"":""Place"",""name"":"""",""image"":"""",""address"":""""},""organizer"":{""@type"":""Person"",""name"":"""",""url"":""""},""offers"":{""url"":""https://www.explora.us/events/acids-and-bases-teachers-workshop/"",""price"":""0"",""priceCurrency"":""USD"",""availability"":""https://schema.org/InStock"",""validFrom"":""2023-02-09T00:00""},""performer"":"""",""description"":""We use acids and bases everyday. What’s the difference? You’ll experiment with unlikely acid-base indicators– right in your own home in this virtual workshop. FREE with registration! 2 CEUs"",""image"":""https://www.explora.us/wp-content/uploads/2023/01/SNL-Acids-and-Bases-EC-Teacher-PD-2_9_23.jpg"",""name"":""Acids and Bases Teachers Workshop"",""url"":""https://www.explora.us/events/acids-and-bases-teachers-workshop/""}"
2026-10-01T16:03:02Z,explora.us,100096,4bf58dd8d48988d191941735|science museum,https://www.explora.us/events/adult-night-exclusive-the-science-of-wine/,Event,mapped_seed_site,,Adult Night Exclusive: The Science of Wine,2023-02-24T11:00:00-07:00,2023-02-24T15:00:00-07:00,https://www.explora.us/events/adult-night-exclusive-the-science-of-wine/,https://schema.org/EventScheduled,https://schema.org/OfflineEventAttendanceMode,"Febuary 24, 6:30-10:30 pm: 21+ only! Sip Original NM Wines: Sheehan, Noisy Water, Gruet and Jaramillo Vineyards! Learn from Wine Experts with engaging talks Unique and fun wine-themed activities Live music; food and cash bars All of Explora at your fingertips! Charcuterie Boards for Sale by M'tucci's VIP exclusives: early entry (6 PM), private room, catered snacks, exclusive wines, custom souvenirs **VIP TICKET LINK HERE!** PRESALE TICKETS ONLY FOR THIS SELLOUT EVENT! Tickets are Limited, Get Yours Now!","{""@type"":""Place"",""name"":"""",""image"":"""",""address"":""""}","{""url"":""https://www.explora.us/events/adult-night-exclusive-the-science-of-wine/"",""price"":""0"",""priceCurrency"":""USD"",""availability"":""https://schema.org/InStock"",""validFrom"":""2023-02-24T00:00""}","{""@type"":""Person"",""name"":"""",""url"":""""}",,"""https://www.explora.us/wp-content/uploads/2023/01/SOW-THIRD-AD-1.png""",,"{""@context"":""http://schema.org"",""@type"":""Event"",""eventStatus"":""https://schema.org/EventScheduled"",""startDate"":""2023-02-24T11:00:00-07:00"",""endDate"":""2023-02-24T15:00:00-07:00"",""eventAttendanceMode"":""https://schema.org/OfflineEventAttendanceMode"",""location"":{""@type"":""Place"",""name"":"""",""image"":"""",""address"":""""},""organizer"":{""@type"":""Person"",""name"":"""",""url"":""""},""offers"":{""url"":""https://www.explora.us/events/adult-night-exclusive-the-science-of-wine/"",""price"":""0"",""priceCurrency"":""USD"",""availability"":""https://schema.org/InStock"",""validFrom"":""2023-02-24T00:00""},""performer"":"""",""description"":""    Febuary 24,  6:30-10:30 pm: 21+ only!                    Sip Original NM Wines: Sheehan, Noisy Water, Gruet and Jaramillo Vineyards!    Learn from Wine Experts with engaging talks    Unique and fun wine-themed activities    Live music; food and cash bars    All of Explora at your fingertips!    Charcuterie Boards for Sale by M'tucci's    VIP exclusives: early entry (6 PM), private room, catered snacks, exclusive wines, custom souvenirs  **VIP TICKET LINK HERE!**    PRESALE TICKETS ONLY FOR THIS SELLOUT EVENT!                Tickets are Limited, Get Yours Now!"",""image"":""https://www.explora.us/wp-content/uploads/2023/01/SOW-THIRD-AD-1.png"",""name"":""Adult Night Exclusive: The Science of Wine"",""url"":""https://www.explora.us/events/adult-night-exclusive-the-science-of-wine/""}"
2026-10-01T16:03:02Z,explora.us,100096,4bf58dd8d48988d191941735|science museum,https://www.explora.us/events/adult-night-3/,Event,mapped_seed_site,,Adult Night: A Body of Art,2023-03-17T12:00:00-06:00,2023-03-17T15:00:00-06:00,https://www.explora.us/events/adult-night-3/,https://schema.org/EventScheduled,https://schema.org/OfflineEventAttendanceMode,"It's BACK: Friday, March 17th is ADULT NIGHT! From 6-9 pm, 18+ only; come check out ""A Body of Art,"" featuring a Silent Disco dance party, Blacklight Body Painting, Temporary Tattoos and Make Your Own Earrings. See the stars with telescopes provided by The Albuquerque Astronomical Society, and all of Explora at your fingertips! Delectable food is available for purchase from The Munchie Truck! 18 + Reserve Tickets Here","{""@type"":""Place"",""name"":""Explora"",""image"":""https://www.explora.us/wp-content/uploads/2020/09/explora-small.jpg"",""address"":""1701 Mountain Rd NW, Albuquerque, NM 87104""}","{""url"":""https://www.explora.us/events/adult-night-3/"",""price"":""0"",""priceCurrency"":""USD"",""availability"":""https://schema.org/InStock"",""validFrom"":""2023-03-17T00:00""}","{""@type"":""Person"",""name"":"""",""url"":""""}",,"""https://www.explora.us/wp-content/uploads/2022/12/330577041_961947251848298_940357687227042517_n.jpg""",,"{""@context"":""http://schema.org"",""@type"":""Event"",""eventStatus"":""https://schema.org/EventScheduled"",""startDate"":""2023-03-17T12:00:00-06:00"",""endDate"":""2023-03-17T15:00:00-06:00"",""eventAttendanceMode"":""https://schema.org/OfflineEventAttendanceMode"",""location"":{""@type"":""Place"",""name"":""Explora"",""image"":""https://www.explora.us/wp-content/uploads/2020/09/explora-small.jpg"",""address"":""1701 Mountain Rd NW, Albuquerque, NM 87104""},""organizer"":{""@type"":""Person"",""name"":"""",""url"":""""},""offers"":{""url"":""https://www.explora.us/events/adult-night-3/"",""price"":""0"",""priceCurrency"":""USD"",""availability"":""https://schema.org/InStock"",""validFrom"":""2023-03-17T00:00""},""performer"":"""",""description"":""It's BACK: Friday, March 17th is ADULT NIGHT! From 6-9 pm, 18+ only; come check out \""A Body of Art,\"" featuring a Silent Disco dance party, Blacklight Body Painting, Temporary Tattoos and Make Your Own Earrings. See the stars with telescopes provided by The Albuquerque Astronomical Society, and all of Explora at your fingertips! Delectable food is available for purchase from The Munchie Truck!    18 +    Reserve Tickets Here "",""image"":""https://www.explora.us/wp-content/uploads/2022/12/330577041_961947251848298_940357687227042517_n.jpg"",""name"":""Adult Night: A Body of Art"",""url"":""https://www.explora.us/events/adult-night-3/""}"
2026-10-01T16:03:02Z,explora.us,100096,4bf58dd8d48988d191941735|science museum,https://www.explora.us/events/adult-night-4/,Event,mapped_seed_site,,Adult Night: Magical Science,2023-05-19T12:00:00-06:00,2023-05-19T15:00:00-06:00,https://www.explora.us/events/adult-night-4/,https://schema.org/EventScheduled,https://schema.org/OfflineEventAttendanceMode,"Join us for a night of science and magical whimsey! Featuring magicians Dan Gutierrez, Brenda Lamont, and Tom Plunkett. Drink color changing lemonade, lay on a bed of nails, and learn a few tricks of your own! See Shared.Futures collabrative art! 18 + Reserve Tickets Here","{""@type"":""Place"",""name"":""Explora"",""image"":""https://www.explora.us/wp-content/uploads/2020/09/explora-small.jpg"",""address"":""1701 Mountain Rd NW, Albuquerque, NM 87104""}","{""url"":""https://www.explora.us/events/adult-night-4/"",""price"":""10.00"",""priceCurrency"":""USD"",""availability"":""https://schema.org/InStock"",""validFrom"":""2023-05-19T00:00""}","{""@type"":""Person"",""name"":"""",""url"":""""}",,"""https://www.explora.us/wp-content/uploads/2023/05/May-Adult-Night-Web.png""",,"{""@context"":""http://schema.org"",""@type"":""Event"",""eventStatus"":""https://schema.org/EventScheduled"",""startDate"":""2023-05-19T12:00:00-06:00"",""endDate"":""2023-05-19T15:00:00-06:00"",""eventAttendanceMode"":""https://schema.org/OfflineEventAttendanceMode"",""location"":{""@type"":""Place"",""name"":""Explora"",""image"":""https://www.explora.us/wp-content/uploads/2020/09/explora-small.jpg"",""address"":""1701 Mountain Rd NW, Albuquerque, NM 87104""},""organizer"":{""@type"":""Person"",""name"":"""",""url"":""""},""offers"":{""url"":""https://www.explora.us/events/adult-night-4/"",""price"":""10.00"",""priceCurrency"":""USD"",""availability"":""https://schema.org/InStock"",""validFrom"":""2023-05-19T00:00""},""performer"":"""",""description"":""Join us for a night of science and magical whimsey!    Featuring magicians Dan Gutierrez, Brenda Lamont, and Tom Plunkett.    Drink color changing lemonade, lay on a bed of nails, and learn a few tricks of your own!    See Shared.Futures collabrative art!    18 +    Reserve Tickets Here"",""image"":""https://www.explora.us/wp-content/uploads/2023/05/May-Adult-Night-Web.png"",""name"":""Adult Night: Magical Science"",""url"":""https://www.explora.us/events/adult-night-4/""}"
2026-10-01T16:03:02Z,explora.us,100096,4bf58dd8d48988d191941735|science museum,https://www.explora.us/events/adult-night-5/,Event,mapped_seed_site,,Adult Night: Sowing Science,2023-07-21T12:00:00-06:00,2023-07-21T15:00:00-06:00,https://www.explora.us/events/adult-night-5/,https://schema.org/EventScheduled,https://schema.org/OfflineEventAttendanceMode,"Celebrate the peak of summer at Explora's ""Sowing Science"" 18+ Adult Night, this July! Meet beekeeper Amy Owen for some sweet summer honey and jam out to cool Eco-beats from All Aboard Earth. Also featuring Big Brothers Big Sisters, Jericho Nursery, and The Albuquerque Astrological Society! Food from Three Sisters Kitchen and Kimo's Hawaiian BBQ available for purchase and enjoyment in the museum! Participate in our propagation swap by bringing in some cuttings from your own plants or those that we provide as you listen to the musical stylings of Melissa Rios. Looking forward to seeing you at Sowing Science! 18+ Reserve Tickets Here!","{""@type"":""Place"",""name"":""Explora"",""image"":""https://www.explora.us/wp-content/uploads/2020/09/explora-small.jpg"",""address"":""1701 Mountain Rd NW, Albuquerque, NM 87104""}","{""url"":""https://www.explora.us/events/adult-night-5/"",""price"":""0"",""priceCurrency"":""USD"",""availability"":""https://schema.org/InStock"",""validFrom"":""2023-07-21T00:00""}","{""@type"":""Person"",""name"":"""",""url"":""""}",,"""https://www.explora.us/wp-content/uploads/2023/06/7.21.23-Adult-Night.png""",,"{""@context"":""http://schema.org"",""@type"":""Event"",""eventStatus"":""https://schema.org/EventScheduled"",""startDate"":""2023-07-21T12:00:00-06:00"",""endDate"":""2023-07-21T15:00:00-06:00"",""eventAttendanceMode"":""https://schema.org/OfflineEventAttendanceMode"",""location"":{""@type"":""Place"",""name"":""Explora"",""image"":""https://www.explora.us/wp-content/uploads/2020/09/explora-small.jpg"",""address"":""1701 Mountain Rd NW, Albuquerque, NM 87104""},""organizer"":{""@type"":""Person"",""name"":"""",""url"":""""},""offers"":{""url"":""https://www.explora.us/events/adult-night-5/"",""price"":""0"",""priceCurrency"":""USD"",""availability"":""https://schema.org/InStock"",""validFrom"":""2023-07-21T00:00""},""performer"":"""",""description"":""Celebrate the peak of summer at Explora's \""Sowing Science\"" 18+ Adult Night, this July! Meet beekeeper Amy Owen for some sweet summer honey and jam out to cool Eco-beats from All Aboard Earth. Also featuring Big Brothers Big Sisters, Jericho Nursery, and The Albuquerque Astrological Society! Food from Three Sisters Kitchen and Kimo's Hawaiian BBQ available for purchase and enjoyment in the museum!    Participate in our propagation swap by bringing in some cuttings from your own plants or those that we provide as you listen to the musical stylings of Melissa Rios. Looking forward to seeing you at Sowing Science!    18+    Reserve Tickets Here! "",""image"":""https://www.explora.us/wp-content/uploads/2023/06/7.21.23-Adult-Night.png"",""name"":""Adult Night: Sowing Science"",""url"":""https://www.explora.us/events/adult-night-5/""}"
2026-10-01T16:03:02Z,explora.us,100096,4bf58dd8d48988d191941735|science museum,https://www.explora.us/events/5923/,Event,mapped_seed_site,,Bacterial Art,2023-08-19T07:00:00-06:00,2023-08-19T08:00:00-06:00,https://www.explora.us/events/5923/,https://schema.org/EventScheduled,https://schema.org/OfflineEventAttendanceMode,"Teens! Turn an E. coli colony into a canvas as you create agar art; instead of paint, the bacteria itself will provide the color","{""@type"":""Place"",""name"":""X Studio"",""image"":""https://www.explora.us/wp-content/uploads/2023/04/X-Studio-Exterior-scaled-e1681153023878.jpeg"",""address"":""1701 Mountain Road NW, Albuquerque, NM 87104""}","{""url"":""https://www.explora.us/events/5923/"",""price"":""0.0"",""priceCurrency"":""USD"",""availability"":""https://schema.org/InStock"",""validFrom"":""2023-08-19T00:00""}","{""@type"":""Person"",""name"":"""",""url"":""""}",,,,"{""@context"":""http://schema.org"",""@type"":""Event"",""eventStatus"":""https://schema.org/EventScheduled"",""startDate"":""2023-08-19T07:00:00-06:00"",""endDate"":""2023-08-19T08:00:00-06:00"",""eventAttendanceMode"":""https://schema.org/OfflineEventAttendanceMode"",""location"":{""@type"":""Place"",""name"":""X Studio"",""image"":""https://www.explora.us/wp-content/uploads/2023/04/X-Studio-Exterior-scaled-e1681153023878.jpeg"",""address"":""1701 Mountain Road NW, Albuquerque, NM 87104""},""organizer"":{""@type"":""Person"",""name"":"""",""url"":""""},""offers"":{""url"":""https://www.explora.us/events/5923/"",""price"":""0.0"",""priceCurrency"":""USD"",""availability"":""https://schema.org/InStock"",""validFrom"":""2023-08-19T00:00""},""performer"":"""",""description"":""Teens!    Turn an E. coli colony into a canvas as you create agar art; instead of paint, the bacteria itself will provide the color"",""image"":"""",""name"":""Bacterial Art"",""url"":""https://www.explora.us/events/5923/""}"
2026-10-01T16:03:02Z,explora.us,100096,4bf58dd8d48988d191941735|science museum,https://www.explora.us/events/2023-stepping-stones-summit/,Event,mapped_seed_site,,2023 Stepping Stones Summit,2023-08-29T02:00:00-06:00,2023-08-29T09:00:00-06:00,https://www.explora.us/events/2023-stepping-stones-summit/,https://schema.org/EventScheduled,https://schema.org/OfflineEventAttendanceMode,"This is an opportunity to explore youth development programs in Albuquerque with a focus on arts and cultural organizations The Stepping Stones Summit is brought to you by a partnership of the City of Albuquerque’s Department of Arts and Culture and Explora, and will be an opportunity to learn and share strategies for creating, fostering, and sustaining positive relationships with youth. Together, we are committed to expanding meaningful internships and other work experiences for youth within our cultural sector. Organizations should register a team of 2 to 3 staff members for the Stepping Stones Summit. Register Here!","{""@type"":""Place"",""name"":""X Studio"",""image"":""https://www.explora.us/wp-content/uploads/2023/04/X-Studio-Exterior-scaled-e1681153023878.jpeg"",""address"":""1701 Mountain Road NW, Albuquerque, NM 87104""}","{""url"":""https://www.explora.us/events/2023-stepping-stones-summit/"",""price"":""0"",""priceCurrency"":""USD"",""availability"":""https://schema.org/InStock"",""validFrom"":""2023-08-29T00:00""}","{""@type"":""Person"",""name"":"""",""url"":""""}",,,,"{""@context"":""http://schema.org"",""@type"":""Event"",""eventStatus"":""https://schema.org/EventScheduled"",""startDate"":""2023-08-29T02:00:00-06:00"",""endDate"":""2023-08-29T09:00:00-06:00"",""eventAttendanceMode"":""https://schema.org/OfflineEventAttendanceMode"",""location"":{""@type"":""Place"",""name"":""X Studio"",""image"":""https://www.explora.us/wp-content/uploads/2023/04/X-Studio-Exterior-scaled-e1681153023878.jpeg"",""address"":""1701 Mountain Road NW, Albuquerque, NM 87104""},""organizer"":{""@type"":""Person"",""name"":"""",""url"":""""},""offers"":{""url"":""https://www.explora.us/events/2023-stepping-stones-summit/"",""price"":""0"",""priceCurrency"":""USD"",""availability"":""https://schema.org/InStock"",""validFrom"":""2023-08-29T00:00""},""performer"":"""",""description"":""This is an opportunity to explore youth development programs in Albuquerque with a focus on arts and cultural organizations    The Stepping Stones Summit is brought to you by a partnership of the City of Albuquerque’s Department of Arts and Culture and Explora, and will be an opportunity to learn and share strategies for creating, fostering, and sustaining positive relationships with youth. Together, we are committed to expanding meaningful internships and other work experiences for youth within our cultural sector.    Organizations should register a team of 2 to 3 staff members for the Stepping Stones Summit.    Register Here! "",""image"":"""",""name"":""2023 Stepping Stones Summit"",""url"":""https://www.explora.us/events/2023-stepping-stones-summit/""}"
2026-10-01T16:03:02Z,explora.us,100096,4bf58dd8d48988d191941735|science museum,https://www.explora.us/events/adult-night-6/,Event,mapped_seed_site,,Adult Night: ArtCade TM,2023-09-15T12:00:00-06:00,2023-09-15T15:00:00-06:00,https://www.explora.us/events/adult-night-6/,https://schema.org/EventScheduled,https://schema.org/OfflineEventAttendanceMode,"Waka-waka on over to Explora for Adult Night! Dive into the art of gaming and embrace your inner Pinball Wizard! Explore the tech, art, and science that led to the games we love today. Food available for purchase from TSK and the Munchie Truck to enjoy while you listen to music from Ryan Smith. Facilitators: Big Brothers Big Sisters Zine Fest Explora Educators The Albuquerque Astronomical Society Activities: Perler Bead Pixel Art Makey Makey Microbits programming Headphone Dance Party with DJ Malcolm X18+ Reserve Tickets Here","{""@type"":""Place"",""name"":""Explora"",""image"":""https://www.explora.us/wp-content/uploads/2020/09/explora-small.jpg"",""address"":""1701 Mountain Rd NW, Albuquerque, NM 87104""}","{""url"":""https://www.explora.us/events/adult-night-6/"",""price"":""0"",""priceCurrency"":""USD"",""availability"":""https://schema.org/InStock"",""validFrom"":""2023-09-15T00:00""}","{""@type"":""Person"",""name"":"""",""url"":""""}",,"""https://www.explora.us/wp-content/uploads/2023/09/September-Adult-Night-web-1.png""",,"{""@context"":""http://schema.org"",""@type"":""Event"",""eventStatus"":""https://schema.org/EventScheduled"",""startDate"":""2023-09-15T12:00:00-06:00"",""endDate"":""2023-09-15T15:00:00-06:00"",""eventAttendanceMode"":""https://schema.org/OfflineEventAttendanceMode"",""location"":{""@type"":""Place"",""name"":""Explora"",""image"":""https://www.explora.us/wp-content/uploads/2020/09/explora-small.jpg"",""address"":""1701 Mountain Rd NW, Albuquerque, NM 87104""},""organizer"":{""@type"":""Person"",""name"":"""",""url"":""""},""offers"":{""url"":""https://www.explora.us/events/adult-night-6/"",""price"":""0"",""priceCurrency"":""USD"",""availability"":""https://schema.org/InStock"",""validFrom"":""2023-09-15T00:00""},""performer"":"""",""description"":""Waka-waka on over to Explora for Adult Night! Dive into the art of gaming and embrace your inner Pinball Wizard!    Explore the tech, art, and science that led to the games we love today. Food available for purchase from TSK and the Munchie Truck to enjoy while you listen to music from Ryan Smith.    Facilitators:      Big Brothers Big Sisters    Zine Fest    Explora Educators    The Albuquerque Astronomical Society    Activities:      Perler Bead    Pixel Art    Makey Makey Microbits programming    Headphone Dance Party with DJ Malcolm X18+    Reserve Tickets Here"",""image"":""https://www.explora.us/wp-content/uploads/2023/09/September-Adult-Night-web-1.png"",""name"":""Adult Night: ArtCade TM"",""url"":""https://www.explora.us/events/adult-night-6/""}"
2026-10-01T16:03:02Z,explora.us,100096,4bf58dd8d48988d191941735|science museum,https://www.explora.us/events/2023-summit-for-early-science-learning/,Event,mapped_seed_site,,2023 Summit for Early Science Learning,2023-09-30,2023-09-30,https://www.explora.us/events/2023-summit-for-early-science-learning/,https://schema.org/EventScheduled,https://schema.org/OfflineEventAttendanceMode,"This is a one-day conference for early childhood educators to learn hands-on interactive approaches to STEAM learning in their classrooms. The summit begins with a keynote presentation from Tara Hughes, New Mexico's Teacher of the Year, followed by a demonstration by Melissa Alderete, the Science Girl. Attend breakout sessions on computer science, color, math milestones, dance and more STEAM topics. Leave our summit inspired and equipped with strategies and ideas you can use in your classroom on Monday morning! Learn how to encourage your students and families to see science, technology, engineering, art, and math as something they CAN DO! Certificate for training hours will be given at the end of the Summit. Register Here","{""@type"":""Place"",""name"":""Explora"",""image"":""https://www.explora.us/wp-content/uploads/2020/09/explora-small.jpg"",""address"":""1701 Mountain Rd NW, Albuquerque, NM 87104""}","{""url"":""https://www.explora.us/events/2023-summit-for-early-science-learning/"",""price"":""15.00"",""priceCurrency"":""USD"",""availability"":""https://schema.org/InStock"",""validFrom"":""2023-09-30T00:00""}","{""@type"":""Person"",""name"":"""",""url"":""""}",,"""https://www.explora.us/wp-content/uploads/2023/07/2023-Promotion-Flyer_PROOF-7.18.23-e1689868524703.png""",,"{""@context"":""http://schema.org"",""@type"":""Event"",""eventStatus"":""https://schema.org/EventScheduled"",""startDate"":""2023-09-30"",""endDate"":""2023-09-30"",""eventAttendanceMode"":""https://schema.org/OfflineEventAttendanceMode"",""location"":{""@type"":""Place"",""name"":""Explora"",""image"":""https://www.explora.us/wp-content/uploads/2020/09/explora-small.jpg"",""address"":""1701 Mountain Rd NW, Albuquerque, NM 87104""},""organizer"":{""@type"":""Person"",""name"":"""",""url"":""""},""offers"":{""url"":""https://www.explora.us/events/2023-summit-for-early-science-learning/"",""price"":""15.00"",""priceCurrency"":""USD"",""availability"":""https://schema.org/InStock"",""validFrom"":""2023-09-30T00:00""},""performer"":"""",""description"":""This is a one-day conference for early childhood educators to learn hands-on interactive approaches to STEAM learning in their classrooms.    The summit begins with a keynote presentation from Tara Hughes, New Mexico's Teacher of the Year, followed by a demonstration by Melissa Alderete, the Science Girl.    Attend breakout sessions on computer science, color, math milestones, dance and more STEAM topics. Leave our summit inspired and equipped with strategies and ideas you can use in your classroom on Monday morning!    Learn how to encourage your students and families to see science, technology, engineering, art, and math as something they CAN DO!    Certificate for training hours will be given at the end of the Summit.    Register Here"",""image"":""https://www.explora.us/wp-content/uploads/2023/07/2023-Promotion-Flyer_PROOF-7.18.23-e1689868524703.png"",""name"":""2023 Summit for Early Science Learning"",""url"":""https://www.explora.us/events/2023-summit-for-early-science-learning/""}"
2026-10-01T16:03:02Z,explora.us,100096,4bf58dd8d48988d191941735|science museum,https://www.explora.us/events/abq-zine-fest/,Event,mapped_seed_site,,ABQ Zine Fest,2023-10-07T05:00:00-06:00,2023-10-07T10:00:00-06:00,https://www.explora.us/events/abq-zine-fest/,https://schema.org/EventScheduled,https://schema.org/OfflineEventAttendanceMode,"Enjoy ABQ Zine Fest 12 at Explora! Zines are small-circulation, self-published magazines. Little books, art objects, political statements, information sharings- zines are all of the above. Check out the ABQ Zine Fest exhibitors and make your own zine in the Explora Makerspace!","{""@type"":""Place"",""name"":""X Studio"",""image"":""https://www.explora.us/wp-content/uploads/2023/04/X-Studio-Exterior-scaled-e1681153023878.jpeg"",""address"":""1701 Mountain Road NW, Albuquerque, NM 87104""}","{""url"":""https://www.explora.us/events/abq-zine-fest/"",""price"":""0"",""priceCurrency"":""USD"",""availability"":""https://schema.org/InStock"",""validFrom"":""2023-10-07T00:00""}","{""@type"":""Person"",""name"":"""",""url"":""""}",,"""https://www.explora.us/wp-content/uploads/2023/09/Website_Images.jpg""",,"{""@context"":""http://schema.org"",""@type"":""Event"",""eventStatus"":""https://schema.org/EventScheduled"",""startDate"":""2023-10-07T05:00:00-06:00"",""endDate"":""2023-10-07T10:00:00-06:00"",""eventAttendanceMode"":""https://schema.org/OfflineEventAttendanceMode"",""location"":{""@type"":""Place"",""name"":""X Studio"",""image"":""https://www.explora.us/wp-content/uploads/2023/04/X-Studio-Exterior-scaled-e1681153023878.jpeg"",""address"":""1701 Mountain Road NW, Albuquerque, NM 87104""},""organizer"":{""@type"":""Person"",""name"":"""",""url"":""""},""offers"":{""url"":""https://www.explora.us/events/abq-zine-fest/"",""price"":""0"",""priceCurrency"":""USD"",""availability"":""https://schema.org/InStock"",""validFrom"":""2023-10-07T00:00""},""performer"":"""",""description"":""Enjoy ABQ Zine Fest 12 at Explora!    Zines are small-circulation, self-published magazines.    Little books, art objects, political statements, information sharings- zines are all of the above.    Check out the ABQ Zine Fest exhibitors and make your own zine in the Explora Makerspace!"",""image"":""https://www.explora.us/wp-content/uploads/2023/09/Website_Images.jpg"",""name"":""ABQ Zine Fest"",""url"":""https://www.explora.us/events/abq-zine-fest/""}"
2026-10-01T16:03:02Z,explora.us,100096,4bf58dd8d48988d191941735|science museum,https://www.explora.us/events/25th-annual-maize-maze-festival-at-rio-grande-community-farm/,Event,mapped_seed_site,,25th Annual Maize Maze Festival at Rio Grande Community Farm,2023-10-21T06:00:00-06:00,2023-10-21T10:00:00-06:00,https://www.explora.us/events/25th-annual-maize-maze-festival-at-rio-grande-community-farm/,https://schema.org/EventScheduled,https://schema.org/OfflineEventAttendanceMode,Stop by Explora's tables to find out what STEM and agriculture have in common! Maize Maze Fall Festival,"{""@type"":""Place"",""name"":"""",""image"":"""",""address"":""""}","{""url"":""https://www.explora.us/events/25th-annual-maize-maze-festival-at-rio-grande-community-farm/"",""price"":""0"",""priceCurrency"":""USD"",""availability"":""https://schema.org/InStock"",""validFrom"":""2023-10-21T00:00""}","{""@type"":""Person"",""name"":"""",""url"":""""}",,,,"{""@context"":""http://schema.org"",""@type"":""Event"",""eventStatus"":""https://schema.org/EventScheduled"",""startDate"":""2023-10-21T06:00:00-06:00"",""endDate"":""2023-10-21T10:00:00-06:00"",""eventAttendanceMode"":""https://schema.org/OfflineEventAttendanceMode"",""location"":{""@type"":""Place"",""name"":"""",""image"":"""",""address"":""""},""organizer"":{""@type"":""Person"",""name"":"""",""url"":""""},""offers"":{""url"":""https://www.explora.us/events/25th-annual-maize-maze-festival-at-rio-grande-community-farm/"",""price"":""0"",""priceCurrency"":""USD"",""availability"":""https://schema.org/InStock"",""validFrom"":""2023-10-21T00:00""},""performer"":"""",""description"":""Stop by Explora's tables to find out what STEM and agriculture have in common!    Maize Maze Fall Festival"",""image"":"""",""name"":""25th Annual Maize Maze Festival at Rio Grande Community Farm"",""url"":""https://www.explora.us/events/25th-annual-maize-maze-festival-at-rio-grande-community-farm/""}"
2026-10-01T16:03:02Z,explora.us,100096,4bf58dd8d48988d191941735|science museum,https://www.explora.us/events/adult-night-7/,Event,mapped_seed_site,,Adult Night: Ancient Science,2023-11-17T11:00:00-07:00,2023-11-17T14:00:00-07:00,https://www.explora.us/events/adult-night-7/,https://schema.org/EventScheduled,https://schema.org/OfflineEventAttendanceMode,What ancient science has prevailed until today? Delve into ancient science at Explora's Adult Night! Food available for purchase courtesy of Three Sisters Kitchen and The Munchie Truck while you listen to music provided by Jamie M. Harrison during your visit to the museum. 18+ Reserve Tickets Here!,"{""@type"":""Place"",""name"":""Explora"",""image"":""https://www.explora.us/wp-content/uploads/2020/09/explora-small.jpg"",""address"":""1701 Mountain Rd NW, Albuquerque, NM 87104""}","{""url"":""https://www.explora.us/events/adult-night-7/"",""price"":""0"",""priceCurrency"":""USD"",""availability"":""https://schema.org/InStock"",""validFrom"":""2023-11-17T00:00""}","{""@type"":""Person"",""name"":"""",""url"":""""}",,"""https://www.explora.us/wp-content/uploads/2023/10/Ancient-Science-2023-e1697124266136.png""",,"{""@context"":""http://schema.org"",""@type"":""Event"",""eventStatus"":""https://schema.org/EventScheduled"",""startDate"":""2023-11-17T11:00:00-07:00"",""endDate"":""2023-11-17T14:00:00-07:00"",""eventAttendanceMode"":""https://schema.org/OfflineEventAttendanceMode"",""location"":{""@type"":""Place"",""name"":""Explora"",""image"":""https://www.explora.us/wp-content/uploads/2020/09/explora-small.jpg"",""address"":""1701 Mountain Rd NW, Albuquerque, NM 87104""},""organizer"":{""@type"":""Person"",""name"":"""",""url"":""""},""offers"":{""url"":""https://www.explora.us/events/adult-night-7/"",""price"":""0"",""priceCurrency"":""USD"",""availability"":""https://schema.org/InStock"",""validFrom"":""2023-11-17T00:00""},""performer"":"""",""description"":""What ancient science has prevailed until today?    Delve into ancient science at Explora's Adult Night!    Food available for purchase courtesy of Three Sisters Kitchen and The Munchie Truck while you listen to music provided by Jamie M. Harrison during your visit to the museum.    18+    Reserve Tickets Here!"",""image"":""https://www.explora.us/wp-content/uploads/2023/10/Ancient-Science-2023-e1697124266136.png"",""name"":""Adult Night: Ancient Science"",""url"":""https://www.explora.us/events/adult-night-7/""}"
2026-10-01T16:03:02Z,explora.us,100096,4bf58dd8d48988d191941735|science museum,https://www.explora.us/events/3d-printing-teacher-workshop/,Event,mapped_seed_site,,3D Printing - Teacher Workshop,2023-12-02T03:00:00-07:00,2023-12-02T05:00:00-07:00,https://www.explora.us/events/3d-printing-teacher-workshop/,https://schema.org/EventScheduled,https://schema.org/OfflineEventAttendanceMode,"For beginners and intermediates - Discover the fun behind 3D printing! You’ll explore the possibilities of filaments using simple tools and software, and learn how to incorporate them into many activities. Participants are eligible to receive a classroom visit on 3D printing activities for their students. Register Here!","{""@type"":""Place"",""name"":""Explora"",""image"":""https://www.explora.us/wp-content/uploads/2020/09/explora-small.jpg"",""address"":""1701 Mountain Rd NW, Albuquerque, NM 87104""}","{""url"":""https://www.explora.us/events/3d-printing-teacher-workshop/"",""price"":""0.0"",""priceCurrency"":""USD"",""availability"":""https://schema.org/InStock"",""validFrom"":""2023-12-02T00:00""}","{""@type"":""Person"",""name"":"""",""url"":""""}",,"""https://www.explora.us/wp-content/uploads/2023/09/3D-printing-Dec-2.png""",,"{""@context"":""http://schema.org"",""@type"":""Event"",""eventStatus"":""https://schema.org/EventScheduled"",""startDate"":""2023-12-02T03:00:00-07:00"",""endDate"":""2023-12-02T05:00:00-07:00"",""eventAttendanceMode"":""https://schema.org/OfflineEventAttendanceMode"",""location"":{""@type"":""Place"",""name"":""Explora"",""image"":""https://www.explora.us/wp-content/uploads/2020/09/explora-small.jpg"",""address"":""1701 Mountain Rd NW, Albuquerque, NM 87104""},""organizer"":{""@type"":""Person"",""name"":"""",""url"":""""},""offers"":{""url"":""https://www.explora.us/events/3d-printing-teacher-workshop/"",""price"":""0.0"",""priceCurrency"":""USD"",""availability"":""https://schema.org/InStock"",""validFrom"":""2023-12-02T00:00""},""performer"":"""",""description"":""For beginners and intermediates - Discover the fun behind 3D printing!    You’ll explore the possibilities of filaments using simple tools and software, and learn how to incorporate them into many activities. Participants are eligible to receive a classroom visit on 3D printing activities for their students.    Register Here!"",""image"":""https://www.explora.us/wp-content/uploads/2023/09/3D-printing-Dec-2.png"",""name"":""3D Printing - Teacher Workshop"",""url"":""https://www.explora.us/events/3d-printing-teacher-workshop/""}"
2026-10-01T16:03:02Z,explora.us,100096,4bf58dd8d48988d191941735|science museum,https://www.explora.us/events/20th-anniversary-celebration/,Event,mapped_seed_site,,20th Anniversary Celebration!,2023-12-13T08:00:00-07:00,2023-12-13T10:00:00-07:00,https://www.explora.us/events/20th-anniversary-celebration/,https://schema.org/EventScheduled,https://schema.org/OfflineEventAttendanceMode,"Commemorate the occasion with special 20th anniversary-themed STEAM activities and fun, hands-on demonstrations for the whole family to enjoy. Join Maker In Residence, Amy Maestas for compelling art collaborations, create laser-cut custom 20th-anniversary party glasses, partake in our giant celebratory cookie treat, add Explora memories photographs to our Memory Wall, and be sure to share new Facebook and Instagram moments with your friends!","{""@type"":""Place"",""name"":""Explora"",""image"":""https://www.explora.us/wp-content/uploads/2020/09/explora-small.jpg"",""address"":""1701 Mountain Rd NW, Albuquerque, NM 87104""}","{""url"":""https://www.explora.us/events/20th-anniversary-celebration/"",""price"":""0"",""priceCurrency"":""USD"",""availability"":""https://schema.org/InStock"",""validFrom"":""2023-12-13T00:00""}","{""@type"":""Person"",""name"":"""",""url"":""""}",,"""https://www.explora.us/wp-content/uploads/2023/11/Screen-Shot-2023-11-08-at-4.56.24-PM-e1700256897893.png""",,"{""@context"":""http://schema.org"",""@type"":""Event"",""eventStatus"":""https://schema.org/EventScheduled"",""startDate"":""2023-12-13T08:00:00-07:00"",""endDate"":""2023-12-13T10:00:00-07:00"",""eventAttendanceMode"":""https://schema.org/OfflineEventAttendanceMode"",""location"":{""@type"":""Place"",""name"":""Explora"",""image"":""https://www.explora.us/wp-content/uploads/2020/09/explora-small.jpg"",""address"":""1701 Mountain Rd NW, Albuquerque, NM 87104""},""organizer"":{""@type"":""Person"",""name"":"""",""url"":""""},""offers"":{""url"":""https://www.explora.us/events/20th-anniversary-celebration/"",""price"":""0"",""priceCurrency"":""USD"",""availability"":""https://schema.org/InStock"",""validFrom"":""2023-12-13T00:00""},""performer"":"""",""description"":""Commemorate the occasion with special 20th anniversary-themed STEAM activities and fun, hands-on demonstrations for the whole family to enjoy. Join Maker In Residence, Amy Maestas for compelling art collaborations, create laser-cut custom 20th-anniversary party glasses, partake in our giant celebratory cookie treat, add Explora memories photographs to our Memory Wall, and be sure to share new Facebook and Instagram moments with your friends!"",""image"":""https://www.explora.us/wp-content/uploads/2023/11/Screen-Shot-2023-11-08-at-4.56.24-PM-e1700256897893.png"",""name"":""20th Anniversary Celebration!"",""url"":""https://www.explora.us/events/20th-anniversary-celebration/""}"
2026-10-01T16:03:02Z,explora.us,100096,4bf58dd8d48988d191941735|science museum,https://www.explora.us/events/adult-night-a-20th-celebration-with-complex-contraptions/,Event,mapped_seed_site,,Adult Night: A 20th Celebration with Complex Contraptions!,2024-01-19T11:00:00-07:00,2024-01-19T14:00:00-07:00,https://www.explora.us/events/adult-night-a-20th-celebration-with-complex-contraptions/,https://schema.org/EventScheduled,https://schema.org/OfflineEventAttendanceMode,"In order to celebrate Explora's 20th anniversary on Mountain Rd, join us for a fun night about making things complicated. We will explore the science behind kinetic movement, energy transference, and all things Rube Goldberg. Can you make a 20 step contraption for our 20th anniversary? Purchase Tickets!","{""@type"":""Place"",""name"":""Explora"",""image"":""https://www.explora.us/wp-content/uploads/2020/09/explora-small.jpg"",""address"":""1701 Mountain Rd NW, Albuquerque, NM 87104""}","{""url"":""https://www.explora.us/events/adult-night-a-20th-celebration-with-complex-contraptions/"",""price"":""0"",""priceCurrency"":""USD"",""availability"":""https://schema.org/InStock"",""validFrom"":""2024-01-19T00:00""}","{""@type"":""Person"",""name"":"""",""url"":""""}",,"""https://www.explora.us/wp-content/uploads/2023/12/01-January-e1701891438501.png""",,"{""@context"":""http://schema.org"",""@type"":""Event"",""eventStatus"":""https://schema.org/EventScheduled"",""startDate"":""2024-01-19T11:00:00-07:00"",""endDate"":""2024-01-19T14:00:00-07:00"",""eventAttendanceMode"":""https://schema.org/OfflineEventAttendanceMode"",""location"":{""@type"":""Place"",""name"":""Explora"",""image"":""https://www.explora.us/wp-content/uploads/2020/09/explora-small.jpg"",""address"":""1701 Mountain Rd NW, Albuquerque, NM 87104""},""organizer"":{""@type"":""Person"",""name"":"""",""url"":""""},""offers"":{""url"":""https://www.explora.us/events/adult-night-a-20th-celebration-with-complex-contraptions/"",""price"":""0"",""priceCurrency"":""USD"",""availability"":""https://schema.org/InStock"",""validFrom"":""2024-01-19T00:00""},""performer"":"""",""description"":""In order to celebrate Explora's 20th anniversary on Mountain Rd, join us for a fun night about making things complicated.    We will explore the science behind kinetic movement, energy transference, and all things Rube Goldberg.    Can you make a 20 step contraption for our 20th anniversary?    Purchase Tickets!"",""image"":""https://www.explora.us/wp-content/uploads/2023/12/01-January-e1701891438501.png"",""name"":""Adult Night: A 20th Celebration with Complex Contraptions!"",""url"":""https://www.explora.us/events/adult-night-a-20th-celebration-with-complex-contraptions/""}"
2026-10-01T16:03:02Z,explora.us,100096,4bf58dd8d48988d191941735|science museum,https://www.explora.us/events/adult-night-sciart-with-shared-futures/,Event,mapped_seed_site,,Adult Night: SciArt with Shared Futures,2024-04-19T12:00:00-06:00,2024-04-19T15:00:00-06:00,https://www.explora.us/events/adult-night-sciart-with-shared-futures/,https://schema.org/EventScheduled,https://schema.org/OfflineEventAttendanceMode,A special Adult Night featuring Shared Futures. Displays of work created by pairs of scientists and artists. Tickets!,"{""@type"":""Place"",""name"":""Explora"",""image"":""https://www.explora.us/wp-content/uploads/2020/09/explora-small.jpg"",""address"":""1701 Mountain Rd NW, Albuquerque, NM 87104""}","{""url"":""https://www.explora.us/events/adult-night-sciart-with-shared-futures/"",""price"":""0"",""priceCurrency"":""USD"",""availability"":""https://schema.org/InStock"",""validFrom"":""2024-04-19T00:00""}","{""@type"":""Person"",""name"":"""",""url"":""""}",,"""https://www.explora.us/wp-content/uploads/2024/02/1080x1080.png""",,"{""@context"":""http://schema.org"",""@type"":""Event"",""eventStatus"":""https://schema.org/EventScheduled"",""startDate"":""2024-04-19T12:00:00-06:00"",""endDate"":""2024-04-19T15:00:00-06:00"",""eventAttendanceMode"":""https://schema.org/OfflineEventAttendanceMode"",""location"":{""@type"":""Place"",""name"":""Explora"",""image"":""https://www.explora.us/wp-content/uploads/2020/09/explora-small.jpg"",""address"":""1701 Mountain Rd NW, Albuquerque, NM 87104""},""organizer"":{""@type"":""Person"",""name"":"""",""url"":""""},""offers"":{""url"":""https://www.explora.us/events/adult-night-sciart-with-shared-futures/"",""price"":""0"",""priceCurrency"":""USD"",""availability"":""https://schema.org/InStock"",""validFrom"":""2024-04-19T00:00""},""performer"":"""",""description"":""A special Adult Night featuring Shared Futures. Displays of work created by pairs of scientists and artists.    Tickets!"",""image"":""https://www.explora.us/wp-content/uploads/2024/02/1080x1080.png"",""name"":""Adult Night: SciArt with Shared Futures"",""url"":""https://www.explora.us/events/adult-night-sciart-with-shared-futures/""}"
2026-10-01T16:03:02Z,explora.us,100096,4bf58dd8d48988d191941735|science museum,https://www.explora.us/events/adult-night-piratetology/,Event,mapped_seed_site,,Adult Night: Piratetology,2024-05-17T12:00:00-06:00,2024-05-17T15:00:00-06:00,https://www.explora.us/events/adult-night-piratetology/,https://schema.org/EventScheduled,https://schema.org/OfflineEventAttendanceMode,"Avast mateys! Learn about the benefits of Vitamin C against scurvy, how to preserve your ship and gear in the salty air, make sure you don't sink in the high tides, and more. Tickets!","{""@type"":""Place"",""name"":""Explora"",""image"":""https://www.explora.us/wp-content/uploads/2020/09/explora-small.jpg"",""address"":""1701 Mountain Rd NW, Albuquerque, NM 87104""}","{""url"":""https://www.explora.us/events/adult-night-piratetology/"",""price"":""0"",""priceCurrency"":""USD"",""availability"":""https://schema.org/InStock"",""validFrom"":""2024-05-17T00:00""}","{""@type"":""Person"",""name"":"""",""url"":""""}",,"""https://www.explora.us/wp-content/uploads/2024/02/MAY-ADULT-NIGHT-2024-02-1.png""",,"{""@context"":""http://schema.org"",""@type"":""Event"",""eventStatus"":""https://schema.org/EventScheduled"",""startDate"":""2024-05-17T12:00:00-06:00"",""endDate"":""2024-05-17T15:00:00-06:00"",""eventAttendanceMode"":""https://schema.org/OfflineEventAttendanceMode"",""location"":{""@type"":""Place"",""name"":""Explora"",""image"":""https://www.explora.us/wp-content/uploads/2020/09/explora-small.jpg"",""address"":""1701 Mountain Rd NW, Albuquerque, NM 87104""},""organizer"":{""@type"":""Person"",""name"":"""",""url"":""""},""offers"":{""url"":""https://www.explora.us/events/adult-night-piratetology/"",""price"":""0"",""priceCurrency"":""USD"",""availability"":""https://schema.org/InStock"",""validFrom"":""2024-05-17T00:00""},""performer"":"""",""description"":""Avast mateys! Learn about the benefits of Vitamin C against scurvy, how to preserve your ship and gear in the salty air, make sure you don't sink in the high tides, and more.    Tickets!"",""image"":""https://www.explora.us/wp-content/uploads/2024/02/MAY-ADULT-NIGHT-2024-02-1.png"",""name"":""Adult Night: Piratetology"",""url"":""https://www.explora.us/events/adult-night-piratetology/""}"
2026-10-01T16:03:02Z,explora.us,100096,4bf58dd8d48988d191941735|science museum,https://www.explora.us/events/adult-night-exploralympics/,Event,mapped_seed_site,,Adult Night: Exploralympics,2024-07-19T12:00:00-06:00,2024-07-19T15:00:00-06:00,https://www.explora.us/events/adult-night-exploralympics/,https://schema.org/EventScheduled,https://schema.org/OfflineEventAttendanceMode,"Celebrate the Summer Olympics at Explora. Learn about exercise science, how to eat and train like an athlete, and compete in mini games around the museum. Tickets!","{""@type"":""Place"",""name"":""Explora"",""image"":""https://www.explora.us/wp-content/uploads/2020/09/explora-small.jpg"",""address"":""1701 Mountain Rd NW, Albuquerque, NM 87104""}","{""url"":""https://www.explora.us/events/adult-night-exploralympics/"",""price"":""0"",""priceCurrency"":""USD"",""availability"":""https://schema.org/InStock"",""validFrom"":""2024-07-19T00:00""}","{""@type"":""Person"",""name"":"""",""url"":""""}",,"""https://www.explora.us/wp-content/uploads/2024/06/Exploralympics-Version-08-scaled-e1719260894967.jpg""",,"{""@context"":""http://schema.org"",""@type"":""Event"",""eventStatus"":""https://schema.org/EventScheduled"",""startDate"":""2024-07-19T12:00:00-06:00"",""endDate"":""2024-07-19T15:00:00-06:00"",""eventAttendanceMode"":""https://schema.org/OfflineEventAttendanceMode"",""location"":{""@type"":""Place"",""name"":""Explora"",""image"":""https://www.explora.us/wp-content/uploads/2020/09/explora-small.jpg"",""address"":""1701 Mountain Rd NW, Albuquerque, NM 87104""},""organizer"":{""@type"":""Person"",""name"":"""",""url"":""""},""offers"":{""url"":""https://www.explora.us/events/adult-night-exploralympics/"",""price"":""0"",""priceCurrency"":""USD"",""availability"":""https://schema.org/InStock"",""validFrom"":""2024-07-19T00:00""},""performer"":"""",""description"":""Celebrate the Summer Olympics at Explora. Learn about exercise science, how to eat and train like an athlete, and compete in mini games around the museum.    Tickets!"",""image"":""https://www.explora.us/wp-content/uploads/2024/06/Exploralympics-Version-08-scaled-e1719260894967.jpg"",""name"":""Adult Night: Exploralympics"",""url"":""https://www.explora.us/events/adult-night-exploralympics/""}"
2026-10-01T16:03:02Z,explora.us,100096,4bf58dd8d48988d191941735|science museum,https://www.explora.us/events/3d-pens-at-octavia-fellin-public-library-in-gallup-nm/,Event,mapped_seed_site,,3D Pens at Octavia Fellin Public Library in Gallup NM,2024-08-21T10:00:00-06:00,2024-08-21T12:00:00-06:00,https://www.explora.us/events/3d-pens-at-octavia-fellin-public-library-in-gallup-nm/,https://schema.org/EventScheduled,https://schema.org/OfflineEventAttendanceMode,Join Explora at the library for 3D pens! Octavia Fellin Public Library,"{""@type"":""Place"",""name"":"""",""image"":"""",""address"":""""}","{""url"":""https://www.explora.us/events/3d-pens-at-octavia-fellin-public-library-in-gallup-nm/"",""price"":""0"",""priceCurrency"":""USD"",""availability"":""https://schema.org/InStock"",""validFrom"":""2024-08-21T00:00""}","{""@type"":""Person"",""name"":"""",""url"":""""}",,,,"{""@context"":""http://schema.org"",""@type"":""Event"",""eventStatus"":""https://schema.org/EventScheduled"",""startDate"":""2024-08-21T10:00:00-06:00"",""endDate"":""2024-08-21T12:00:00-06:00"",""eventAttendanceMode"":""https://schema.org/OfflineEventAttendanceMode"",""location"":{""@type"":""Place"",""name"":"""",""image"":"""",""address"":""""},""organizer"":{""@type"":""Person"",""name"":"""",""url"":""""},""offers"":{""url"":""https://www.explora.us/events/3d-pens-at-octavia-fellin-public-library-in-gallup-nm/"",""price"":""0"",""priceCurrency"":""USD"",""availability"":""https://schema.org/InStock"",""validFrom"":""2024-08-21T00:00""},""performer"":"""",""description"":""Join Explora at the library for 3D pens!    Octavia Fellin Public Library "",""image"":"""",""name"":""3D Pens at Octavia Fellin Public Library in Gallup NM"",""url"":""https://www.explora.us/events/3d-pens-at-octavia-fellin-public-library-in-gallup-nm/""}"
2026-10-01T16:03:02Z,explora.us,100096,4bf58dd8d48988d191941735|science museum,https://www.explora.us/events/adult-night-science-of-beer/,Event,mapped_seed_site,,Adult Night: Science of Beer,2024-08-23T12:00:00-06:00,2024-08-23T16:30:00-06:00,https://www.explora.us/events/adult-night-science-of-beer/,https://schema.org/EventScheduled,https://schema.org/OfflineEventAttendanceMode,"The Science of Beer 2024 brings you more activities and vendors than ever before: featuring 14 local vendors spotlighting beer, cider, and mead, as well as local dishes, desserts, music, and homebrewing knowledge. Enjoy exclusive Explora-curated Science of Beer games and Beer Quest, experience physics influencing a giant Beer Pong, win fun prizes at Trivia, and take some insta-worthy photos to share with friends! Tickets VIP Tickets","{""@type"":""Place"",""name"":"""",""image"":"""",""address"":""""}","{""url"":""https://www.explora.us/events/adult-night-science-of-beer/"",""price"":""0"",""priceCurrency"":""USD"",""availability"":""https://schema.org/InStock"",""validFrom"":""2024-08-23T00:00""}","{""@type"":""Person"",""name"":"""",""url"":""""}",,"""https://www.explora.us/wp-content/uploads/2024/06/SoB24.png""",,"{""@context"":""http://schema.org"",""@type"":""Event"",""eventStatus"":""https://schema.org/EventScheduled"",""startDate"":""2024-08-23T12:00:00-06:00"",""endDate"":""2024-08-23T16:30:00-06:00"",""eventAttendanceMode"":""https://schema.org/OfflineEventAttendanceMode"",""location"":{""@type"":""Place"",""name"":"""",""image"":"""",""address"":""""},""organizer"":{""@type"":""Person"",""name"":"""",""url"":""""},""offers"":{""url"":""https://www.explora.us/events/adult-night-science-of-beer/"",""price"":""0"",""priceCurrency"":""USD"",""availability"":""https://schema.org/InStock"",""validFrom"":""2024-08-23T00:00""},""performer"":"""",""description"":""The Science of Beer 2024 brings you more activities and vendors than ever before: featuring 14 local vendors spotlighting beer, cider, and mead, as well as local dishes, desserts, music, and homebrewing knowledge. Enjoy exclusive Explora-curated Science of Beer games and Beer Quest, experience physics influencing a giant Beer Pong, win fun prizes at Trivia, and take some insta-worthy photos to share with friends!    Tickets    VIP Tickets"",""image"":""https://www.explora.us/wp-content/uploads/2024/06/SoB24.png"",""name"":""Adult Night: Science of Beer"",""url"":""https://www.explora.us/events/adult-night-science-of-beer/""}"
2026-10-01T16:03:02Z,explora.us,100096,4bf58dd8d48988d191941735|science museum,https://www.explora.us/events/2024-summit-for-early-science-learning/,Event,mapped_seed_site,,2024 Summit for Early Science Learning,2024-08-24T02:00:00-06:00,2024-08-24T12:00:00-06:00,https://www.explora.us/events/2024-summit-for-early-science-learning/,https://schema.org/EventScheduled,https://schema.org/OfflineEventAttendanceMode,"Please join us for the Summit for Early Science Learning on Saturday, August 24, 2024 at Explora and the NM Museum of Natural History &amp; Science, hosted by the Coalition for Science Learning in Early Childhood. Spanish interpretation will be available. Attendees will receive a swag bag with STEAM materials to use in their classrooms. Breakfast, lunch and a training certificate will also be provided. Register for the Summit To inquire about a registration fee waiver or a travel stipend, please email Victoria Roanhorse at cslec@explora.us. On the evening before the Summit (Friday, August 23, 2024), we also hope you can join us for a reception on at the Balloon Museum, from 5:30 - 7:00 pm, to enjoy horderves, a performance from Baile Folklórico, and to celebrate STEAM learning and early childhood work statewide. RSVP for the Reception","{""@type"":""Place"",""name"":""Explora"",""image"":""https://www.explora.us/wp-content/uploads/2020/09/explora-small.jpg"",""address"":""1701 Mountain Rd NW, Albuquerque, NM 87104""}","{""url"":""https://www.explora.us/events/2024-summit-for-early-science-learning/"",""price"":""0"",""priceCurrency"":""USD"",""availability"":""https://schema.org/InStock"",""validFrom"":""2024-08-24T00:00""}","{""@type"":""Person"",""name"":"""",""url"":""""}",,"""https://www.explora.us/wp-content/uploads/2024/06/Summit24.png""",,"{""@context"":""http://schema.org"",""@type"":""Event"",""eventStatus"":""https://schema.org/EventScheduled"",""startDate"":""2024-08-24T02:00:00-06:00"",""endDate"":""2024-08-24T12:00:00-06:00"",""eventAttendanceMode"":""https://schema.org/OfflineEventAttendanceMode"",""location"":{""@type"":""Place"",""name"":""Explora"",""image"":""https://www.explora.us/wp-content/uploads/2020/09/explora-small.jpg"",""address"":""1701 Mountain Rd NW, Albuquerque, NM 87104""},""organizer"":{""@type"":""Person"",""name"":"""",""url"":""""},""offers"":{""url"":""https://www.explora.us/events/2024-summit-for-early-science-learning/"",""price"":""0"",""priceCurrency"":""USD"",""availability"":""https://schema.org/InStock"",""validFrom"":""2024-08-24T00:00""},""performer"":"""",""description"":""Please join us for the Summit for Early Science Learning on Saturday, August 24, 2024 at Explora and the NM Museum of Natural History &amp; Science, hosted by the Coalition for Science Learning in Early Childhood. Spanish interpretation will be available. Attendees will receive a swag bag with STEAM materials to use in their classrooms. Breakfast, lunch and a training certificate will also be provided.    Register for the Summit    To inquire about a registration fee waiver or a travel stipend, please email Victoria Roanhorse at cslec@explora.us.    On the evening before the Summit (Friday, August 23, 2024), we also hope you can join us for a reception on  at the Balloon Museum, from 5:30 - 7:00 pm, to enjoy horderves, a performance from Baile Folklórico, and to celebrate STEAM learning and early childhood work statewide.    RSVP for the Reception"",""image"":""https://www.explora.us/wp-content/uploads/2024/06/Summit24.png"",""name"":""2024 Summit for Early Science Learning"",""url"":""https://www.explora.us/events/2024-summit-for-early-science-learning/""}"
2026-10-01T16:03:02Z,explora.us,100096,4bf58dd8d48988d191941735|science museum,https://www.explora.us/events/3d-pens-at-farmington-public-library/,Event,mapped_seed_site,,3D Pens at Farmington Public Library,2024-10-24T11:00:00-06:00,2024-10-24T12:30:00-06:00,https://www.explora.us/events/3d-pens-at-farmington-public-library/,https://schema.org/EventScheduled,https://schema.org/OfflineEventAttendanceMode,Join Explora to discover the engineering possibilities with 3D pens!,"{""@type"":""Place"",""name"":""Farmington Public Library"",""image"":"""",""address"":""2101 N Farmington Ave, Farmington, NM 87401""}","{""url"":""https://www.explora.us/events/3d-pens-at-farmington-public-library/"",""price"":""0"",""priceCurrency"":""USD"",""availability"":""https://schema.org/InStock"",""validFrom"":""2024-10-24T00:00""}","{""@type"":""Person"",""name"":"""",""url"":""""}",,,,"{""@context"":""http://schema.org"",""@type"":""Event"",""eventStatus"":""https://schema.org/EventScheduled"",""startDate"":""2024-10-24T11:00:00-06:00"",""endDate"":""2024-10-24T12:30:00-06:00"",""eventAttendanceMode"":""https://schema.org/OfflineEventAttendanceMode"",""location"":{""@type"":""Place"",""name"":""Farmington Public Library"",""image"":"""",""address"":""2101 N Farmington Ave, Farmington, NM 87401""},""organizer"":{""@type"":""Person"",""name"":"""",""url"":""""},""offers"":{""url"":""https://www.explora.us/events/3d-pens-at-farmington-public-library/"",""price"":""0"",""priceCurrency"":""USD"",""availability"":""https://schema.org/InStock"",""validFrom"":""2024-10-24T00:00""},""performer"":"""",""description"":""Join Explora to discover the engineering possibilities with 3D pens!"",""image"":"""",""name"":""3D Pens at Farmington Public Library"",""url"":""https://www.explora.us/events/3d-pens-at-farmington-public-library/""}"
2026-10-01T16:03:02Z,explora.us,100096,4bf58dd8d48988d191941735|science museum,https://www.explora.us/events/adult-night-fermentastic/,Event,mapped_seed_site,,Adult Night: Fermentastic!,2024-11-15T11:00:00-07:00,2024-11-15T14:00:00-07:00,https://www.explora.us/events/adult-night-fermentastic/,https://schema.org/EventScheduled,https://schema.org/OfflineEventAttendanceMode,"Science of fermentation. People have preserved foods through fermentation for years. What goes into making long lasting snacks like pickles, kimchi, sauerkraut, miso, and even sourdough. The chemistry behind it and taste testing a variety of fermented delicacies.","{""@type"":""Place"",""name"":""Explora"",""image"":""https://www.explora.us/wp-content/uploads/2020/09/explora-small.jpg"",""address"":""1701 Mountain Rd NW, Albuquerque, NM 87104""}","{""url"":""https://www.explora.us/events/adult-night-fermentastic/"",""price"":""0"",""priceCurrency"":""USD"",""availability"":""https://schema.org/InStock"",""validFrom"":""2024-11-15T00:00""}","{""@type"":""Person"",""name"":"""",""url"":""""}",,,,"{""@context"":""http://schema.org"",""@type"":""Event"",""eventStatus"":""https://schema.org/EventScheduled"",""startDate"":""2024-11-15T11:00:00-07:00"",""endDate"":""2024-11-15T14:00:00-07:00"",""eventAttendanceMode"":""https://schema.org/OfflineEventAttendanceMode"",""location"":{""@type"":""Place"",""name"":""Explora"",""image"":""https://www.explora.us/wp-content/uploads/2020/09/explora-small.jpg"",""address"":""1701 Mountain Rd NW, Albuquerque, NM 87104""},""organizer"":{""@type"":""Person"",""name"":"""",""url"":""""},""offers"":{""url"":""https://www.explora.us/events/adult-night-fermentastic/"",""price"":""0"",""priceCurrency"":""USD"",""availability"":""https://schema.org/InStock"",""validFrom"":""2024-11-15T00:00""},""performer"":"""",""description"":""Science of fermentation. People have preserved foods through fermentation for years.    What goes into making long lasting snacks like pickles, kimchi, sauerkraut, miso, and even sourdough. The chemistry behind it and taste testing a variety of fermented delicacies."",""image"":"""",""name"":""Adult Night: Fermentastic!"",""url"":""https://www.explora.us/events/adult-night-fermentastic/""}"
2026-10-01T16:03:02Z,explora.us,100096,4bf58dd8d48988d191941735|science museum,https://www.explora.us/events/adult-night-cozy-steam/,Event,mapped_seed_site,,Adult Night: Cozy STEAM,2025-01-17T11:00:00-07:00,2025-01-17T14:00:00-07:00,https://www.explora.us/events/adult-night-cozy-steam/,https://schema.org/EventScheduled,https://schema.org/OfflineEventAttendanceMode,"Wear your coziest PJs and unwind at Cozy STEAM Adult Night, a laid-back evening of hands-on experiments and science-inspired fun. Explore the science of sleep and psychology of relaxation while enjoying astronomy and relaxing crafts. Snacks provided by Three Sisters Kitchen and Beer and Wine from Sheehan Winery. 18+ Event Members: Free Adults: $14 Students/Senior/Military: $11 Buy tickets!","{""@type"":""Place"",""name"":"""",""image"":"""",""address"":""""}","{""url"":""https://www.explora.us/events/adult-night-cozy-steam/"",""price"":""0"",""priceCurrency"":""USD"",""availability"":""https://schema.org/InStock"",""validFrom"":""2025-01-17T00:00""}","{""@type"":""Person"",""name"":"""",""url"":""""}",,"""https://www.explora.us/wp-content/uploads/2024/12/10801080.png""",,"{""@context"":""http://schema.org"",""@type"":""Event"",""eventStatus"":""https://schema.org/EventScheduled"",""startDate"":""2025-01-17T11:00:00-07:00"",""endDate"":""2025-01-17T14:00:00-07:00"",""eventAttendanceMode"":""https://schema.org/OfflineEventAttendanceMode"",""location"":{""@type"":""Place"",""name"":"""",""image"":"""",""address"":""""},""organizer"":{""@type"":""Person"",""name"":"""",""url"":""""},""offers"":{""url"":""https://www.explora.us/events/adult-night-cozy-steam/"",""price"":""0"",""priceCurrency"":""USD"",""availability"":""https://schema.org/InStock"",""validFrom"":""2025-01-17T00:00""},""performer"":"""",""description"":""Wear your coziest PJs and unwind at Cozy STEAM Adult Night, a laid-back evening of hands-on experiments and science-inspired fun. Explore the science of sleep and psychology of relaxation while enjoying astronomy and relaxing crafts. Snacks provided by Three Sisters Kitchen and Beer and Wine from Sheehan Winery. 18+ Event    Members: Free  Adults: $14  Students/Senior/Military: $11    Buy tickets!"",""image"":""https://www.explora.us/wp-content/uploads/2024/12/10801080.png"",""name"":""Adult Night: Cozy STEAM"",""url"":""https://www.explora.us/events/adult-night-cozy-steam/""}"
2026-10-01T16:03:02Z,explora.us,100096,4bf58dd8d48988d191941735|science museum,https://www.explora.us/events/3d-printing-101-workshop-for-educators/,Event,mapped_seed_site,,3D Printing 101 Workshop for Educators,2025-02-18T09:00:00-07:00,2025-02-18T11:00:00-07:00,https://www.explora.us/events/3d-printing-101-workshop-for-educators/,https://schema.org/EventScheduled,https://schema.org/OfflineEventAttendanceMode,"An in person workshop for educators, librarians, and out-of-school time providers. Excited about 3D printers but not sure where to start? Join us for 3D printing basics and how to print parts for Sphero robots. Take away ideas and activities you can immediately use with your students. Registration","{""@type"":""Place"",""name"":"""",""image"":"""",""address"":""""}","{""url"":""https://www.explora.us/events/3d-printing-101-workshop-for-educators/"",""price"":""0"",""priceCurrency"":""USD"",""availability"":""https://schema.org/InStock"",""validFrom"":""2025-02-18T00:00""}","{""@type"":""Person"",""name"":"""",""url"":""""}",,,,"{""@context"":""http://schema.org"",""@type"":""Event"",""eventStatus"":""https://schema.org/EventScheduled"",""startDate"":""2025-02-18T09:00:00-07:00"",""endDate"":""2025-02-18T11:00:00-07:00"",""eventAttendanceMode"":""https://schema.org/OfflineEventAttendanceMode"",""location"":{""@type"":""Place"",""name"":"""",""image"":"""",""address"":""""},""organizer"":{""@type"":""Person"",""name"":"""",""url"":""""},""offers"":{""url"":""https://www.explora.us/events/3d-printing-101-workshop-for-educators/"",""price"":""0"",""priceCurrency"":""USD"",""availability"":""https://schema.org/InStock"",""validFrom"":""2025-02-18T00:00""},""performer"":"""",""description"":""An in person workshop for educators, librarians, and out-of-school time providers.  Excited about 3D printers but not sure where to start? Join us for 3D printing basics and how to print parts for Sphero robots. Take away ideas and activities you can immediately use with your students.    Registration"",""image"":"""",""name"":""3D Printing 101 Workshop for Educators"",""url"":""https://www.explora.us/events/3d-printing-101-workshop-for-educators/""}"
2026-10-01T16:03:02Z,explora.us,100096,4bf58dd8d48988d191941735|science museum,https://www.explora.us/events/4th-annual-health-wellness-fair-at-east-san-jose-elementary-school/,Event,mapped_seed_site,,4th Annual Health %26 Wellness Fair at East San Jose Elementary School,2025-04-15T10:00:00-06:00,2025-04-15T12:00:00-06:00,https://www.explora.us/events/4th-annual-health-wellness-fair-at-east-san-jose-elementary-school/,https://schema.org/EventScheduled,https://schema.org/OfflineEventAttendanceMode,Come see Explora for STEM activities and learn about health careers at the 4th annual Health &amp; Wellness Fair at East San Jose Elementary,"{""@type"":""Place"",""name"":"""",""image"":"""",""address"":""""}","{""url"":""https://www.explora.us/events/4th-annual-health-wellness-fair-at-east-san-jose-elementary-school/"",""price"":""0"",""priceCurrency"":""USD"",""availability"":""https://schema.org/InStock"",""validFrom"":""2025-04-15T00:00""}","{""@type"":""Person"",""name"":"""",""url"":""""}",,,,"{""@context"":""http://schema.org"",""@type"":""Event"",""eventStatus"":""https://schema.org/EventScheduled"",""startDate"":""2025-04-15T10:00:00-06:00"",""endDate"":""2025-04-15T12:00:00-06:00"",""eventAttendanceMode"":""https://schema.org/OfflineEventAttendanceMode"",""location"":{""@type"":""Place"",""name"":"""",""image"":"""",""address"":""""},""organizer"":{""@type"":""Person"",""name"":"""",""url"":""""},""offers"":{""url"":""https://www.explora.us/events/4th-annual-health-wellness-fair-at-east-san-jose-elementary-school/"",""price"":""0"",""priceCurrency"":""USD"",""availability"":""https://schema.org/InStock"",""validFrom"":""2025-04-15T00:00""},""performer"":"""",""description"":""Come see Explora for STEM activities and learn about health careers at the 4th annual Health &amp; Wellness Fair at East San Jose Elementary"",""image"":"""",""name"":""4th Annual Health %26 Wellness Fair at East San Jose Elementary School"",""url"":""https://www.explora.us/events/4th-annual-health-wellness-fair-at-east-san-jose-elementary-school/""}"
2026-10-01T16:03:02Z,explora.us,100096,4bf58dd8d48988d191941735|science museum,https://www.explora.us/events/adult-night-artscience-with-shared-futures/,Event,mapped_seed_site,,Adult Night - ArtScience with Shared.Futures,2025-04-18T12:00:00-06:00,2025-04-18T15:00:00-06:00,https://www.explora.us/events/adult-night-artscience-with-shared-futures/,https://schema.org/EventScheduled,https://schema.org/OfflineEventAttendanceMode,Join us for ArtScience with Shared.Futures! Experience the creative fusion of University of New Mexico researchers and local artists as they bring scientific stories of our shared future in life through diverse art forms. Snacks provided by Three Sisters Kitchen and Beer and Wine from Sheehan Winery. 18+ Event,"{""@type"":""Place"",""name"":"""",""image"":"""",""address"":""""}","{""url"":""https://www.explora.us/events/adult-night-artscience-with-shared-futures/"",""price"":""0"",""priceCurrency"":""USD"",""availability"":""https://schema.org/InStock"",""validFrom"":""2025-04-18T00:00""}","{""@type"":""Person"",""name"":"""",""url"":""""}",,"""https://www.explora.us/wp-content/uploads/2025/02/2025-sharedfutures-SciArt-1080x1080-slide-01.png""",,"{""@context"":""http://schema.org"",""@type"":""Event"",""eventStatus"":""https://schema.org/EventScheduled"",""startDate"":""2025-04-18T12:00:00-06:00"",""endDate"":""2025-04-18T15:00:00-06:00"",""eventAttendanceMode"":""https://schema.org/OfflineEventAttendanceMode"",""location"":{""@type"":""Place"",""name"":"""",""image"":"""",""address"":""""},""organizer"":{""@type"":""Person"",""name"":"""",""url"":""""},""offers"":{""url"":""https://www.explora.us/events/adult-night-artscience-with-shared-futures/"",""price"":""0"",""priceCurrency"":""USD"",""availability"":""https://schema.org/InStock"",""validFrom"":""2025-04-18T00:00""},""performer"":"""",""description"":""Join us for ArtScience with Shared.Futures! Experience the creative fusion of University of New Mexico researchers and local artists as they bring scientific stories of our shared future in life through diverse art forms. Snacks provided by Three Sisters Kitchen and Beer and Wine from Sheehan Winery. 18+ Event"",""image"":""https://www.explora.us/wp-content/uploads/2025/02/2025-sharedfutures-SciArt-1080x1080-slide-01.png"",""name"":""Adult Night - ArtScience with Shared.Futures"",""url"":""https://www.explora.us/events/adult-night-artscience-with-shared-futures/""}"
2026-10-01T16:03:02Z,explora.us,100096,4bf58dd8d48988d191941735|science museum,https://www.explora.us/events/adult-night-retro-recess/,Event,mapped_seed_site,,Adult Night: Retro Recess,2025-07-18T12:00:00-06:00,2025-07-18T15:00:00-06:00,https://www.explora.us/events/adult-night-retro-recess/,https://schema.org/EventScheduled,https://schema.org/OfflineEventAttendanceMode,"Step back in time and relive the glory days of recess at Retro Recess! It’s your chance to act like a kid again—play games, enjoy nostalgic fun, and let loose in a world of throwback vibes. Come dressed as your younger self and get ready to make new memories with a dose of old-school fun! Snacks provided by Three Sisters Kitchen and Beer and Wine from Sheehan Winery. This event is for ages 18+ 🎟️ Buy your tickets to Adult Night: Retro Recess here 📅 Check out more upcoming Explora Adult Nights!","{""@type"":""Place"",""name"":"""",""image"":"""",""address"":""""}","{""url"":""https://www.explora.us/events/adult-night-retro-recess/"",""price"":""0"",""priceCurrency"":""USD"",""availability"":""https://schema.org/InStock"",""validFrom"":""2025-07-18T00:00""}","{""@type"":""Person"",""name"":"""",""url"":""""}",,"""https://www.explora.us/wp-content/uploads/2025/06/Retro-Recess-1350x1080-2.png""",,"{""@context"":""http://schema.org"",""@type"":""Event"",""eventStatus"":""https://schema.org/EventScheduled"",""startDate"":""2025-07-18T12:00:00-06:00"",""endDate"":""2025-07-18T15:00:00-06:00"",""eventAttendanceMode"":""https://schema.org/OfflineEventAttendanceMode"",""location"":{""@type"":""Place"",""name"":"""",""image"":"""",""address"":""""},""organizer"":{""@type"":""Person"",""name"":"""",""url"":""""},""offers"":{""url"":""https://www.explora.us/events/adult-night-retro-recess/"",""price"":""0"",""priceCurrency"":""USD"",""availability"":""https://schema.org/InStock"",""validFrom"":""2025-07-18T00:00""},""performer"":"""",""description"":""Step back in time and relive the glory days of recess at Retro Recess! It’s your chance to act like a kid again—play games, enjoy nostalgic fun, and let loose in a world of throwback vibes. Come dressed as your younger self and get ready to make new memories with a dose of old-school fun!    Snacks provided by Three Sisters Kitchen and Beer and Wine from Sheehan Winery.  This event is for ages 18+    🎟️ Buy your tickets to Adult Night: Retro Recess here  📅 Check out more upcoming Explora Adult Nights!"",""image"":""https://www.explora.us/wp-content/uploads/2025/06/Retro-Recess-1350x1080-2.png"",""name"":""Adult Night: Retro Recess"",""url"":""https://www.explora.us/events/adult-night-retro-recess/""}"
2026-10-01T16:03:02Z,explora.us,100096,4bf58dd8d48988d191941735|science museum,https://www.explora.us/events/3d-printing-101-teacher-workshop/,Event,mapped_seed_site,,3D Printing 101 Teacher Workshop,2025-08-26T10:00:00-06:00,2025-08-26T12:00:00-06:00,https://www.explora.us/events/3d-printing-101-teacher-workshop/,https://schema.org/EventScheduled,https://schema.org/OfflineEventAttendanceMode,"An in-person workshop for educators, librarians, and out-of-school time providers. Excited about 3D printers but not sure where to start? Join us for 3D printing basics and learn how to print parts for Sphero robots. Take away ideas and activities you can immediately use with your students! 📍At Explora Register here!","{""@type"":""Place"",""name"":""Explora"",""image"":""https://www.explora.us/wp-content/uploads/2020/09/explora-small.jpg"",""address"":""1701 Mountain Rd NW, Albuquerque, NM 87104""}","{""url"":""https://www.explora.us/events/3d-printing-101-teacher-workshop/"",""price"":""0"",""priceCurrency"":""USD"",""availability"":""https://schema.org/InStock"",""validFrom"":""2025-08-26T00:00""}","{""@type"":""Person"",""name"":"""",""url"":""""}",,"""https://www.explora.us/wp-content/uploads/2025/07/SNL-EC-3D-Printing-101-Teacher-Workshop-8_26_25-11.25x11.25.pptx.png""",,"{""@context"":""http://schema.org"",""@type"":""Event"",""eventStatus"":""https://schema.org/EventScheduled"",""startDate"":""2025-08-26T10:00:00-06:00"",""endDate"":""2025-08-26T12:00:00-06:00"",""eventAttendanceMode"":""https://schema.org/OfflineEventAttendanceMode"",""location"":{""@type"":""Place"",""name"":""Explora"",""image"":""https://www.explora.us/wp-content/uploads/2020/09/explora-small.jpg"",""address"":""1701 Mountain Rd NW, Albuquerque, NM 87104""},""organizer"":{""@type"":""Person"",""name"":"""",""url"":""""},""offers"":{""url"":""https://www.explora.us/events/3d-printing-101-teacher-workshop/"",""price"":""0"",""priceCurrency"":""USD"",""availability"":""https://schema.org/InStock"",""validFrom"":""2025-08-26T00:00""},""performer"":"""",""description"":""An in-person workshop for educators, librarians, and out-of-school time providers.    Excited about 3D printers but not sure where to start? Join us for 3D printing basics and learn how to print parts for Sphero robots. Take away ideas and activities you can immediately use with your students!  📍At Explora    Register here!"",""image"":""https://www.explora.us/wp-content/uploads/2025/07/SNL-EC-3D-Printing-101-Teacher-Workshop-8_26_25-11.25x11.25.pptx.png"",""name"":""3D Printing 101 Teacher Workshop"",""url"":""https://www.explora.us/events/3d-printing-101-teacher-workshop/""}"
2026-10-01T16:03:02Z,explora.us,100096,4bf58dd8d48988d191941735|science museum,https://www.explora.us/events/adult-night-explora-pocalypse/,Event,mapped_seed_site,,Adult Night: EXPLORA-POCALYPSE,2025-09-19T12:00:00-06:00,2025-09-19T15:00:00-06:00,https://www.explora.us/events/adult-night-explora-pocalypse/,https://schema.org/EventScheduled,https://schema.org/OfflineEventAttendanceMode,"What do you do when disaster strikes? Work together to rebuild! Explore the science of thriving when the worst happens, from what to put in your go-bag to who’s on your survival team. Featuring the Apocalypse Roadshow, a traveling revue with science, comedy, role-playing, and music! Snacks by Three Sisters Kitchen. Beer and wine from Sheehan Winery. This is an 18+ event. Buy Tickets","{""@type"":""Place"",""name"":"""",""image"":"""",""address"":""""}","{""url"":""https://www.explora.us/events/adult-night-explora-pocalypse/"",""price"":""0"",""priceCurrency"":""USD"",""availability"":""https://schema.org/InStock"",""validFrom"":""2025-09-19T00:00""}","{""@type"":""Person"",""name"":"""",""url"":""""}",,,,"{""@context"":""http://schema.org"",""@type"":""Event"",""eventStatus"":""https://schema.org/EventScheduled"",""startDate"":""2025-09-19T12:00:00-06:00"",""endDate"":""2025-09-19T15:00:00-06:00"",""eventAttendanceMode"":""https://schema.org/OfflineEventAttendanceMode"",""location"":{""@type"":""Place"",""name"":"""",""image"":"""",""address"":""""},""organizer"":{""@type"":""Person"",""name"":"""",""url"":""""},""offers"":{""url"":""https://www.explora.us/events/adult-night-explora-pocalypse/"",""price"":""0"",""priceCurrency"":""USD"",""availability"":""https://schema.org/InStock"",""validFrom"":""2025-09-19T00:00""},""performer"":"""",""description"":""What do you do when disaster strikes? Work together to rebuild! Explore the science of thriving when the worst happens, from what to put in your go-bag to who’s on your survival team.  Featuring the Apocalypse Roadshow, a traveling revue with science, comedy, role-playing, and music!  Snacks by Three Sisters Kitchen. Beer and wine from Sheehan Winery. This is an 18+ event.    Buy Tickets"",""image"":"""",""name"":""Adult Night: EXPLORA-POCALYPSE"",""url"":""https://www.explora.us/events/adult-night-explora-pocalypse/""}"
2026-10-01T16:03:02Z,explora.us,100096,4bf58dd8d48988d191941735|science museum,https://www.explora.us/events/2025-summit-for-early-science-learning-2/,Event,mapped_seed_site,,2025 Summit for Early Science Learning,2025-11-08,2025-11-08,https://www.explora.us/events/2025-summit-for-early-science-learning-2/,https://schema.org/EventScheduled,https://schema.org/OfflineEventAttendanceMode,"Hello - Please join us for the Summit for Early Science Learning on Saturday, November 8, 2025, at Explora, hosted by the Coalition for Science Learning in Early Childhood. Spanish interpretation will be available. Attendees will receive a swag bag with STEAM materials to use in their classrooms. Breakfast, lunch, and a training certificate will also be provided. Register for the Summit To inquire about a registration fee waiver or a travel stipend, please email Victoria Roanhorse at cslec@explora.us. If you have any questions, please email Victoria Roanhorse at cslec@explora.us. Thank you! ______________________________________ Hola - Por favor acompañenos en la Cumbre para el Aprendizaje Temprano de la Ciencia el sábado 8 de noviembre de 2025. El evento tomara lugar en Explora, organizado por la Coalición para el Aprendizaje de la Ciencia en la Primera Infancia. Habrá interpretación en español. Participantes recibirán una bolsa con materiales STEAM para usar en sus clases. También se ofrecerá desayuno, almuerzo y un certificado de formación. Inscríbase para el evento Para solicitar una exención de la cuota de inscripción o un estipendio de viaje, envíe un correo electrónico a Victoria Roanhorse a cslec@explora.us. Si tiene alguna pregunta, envíe un correo electrónico a Victoria Roanhorse a cslec@explora.us. ¡Gracias!","{""@type"":""Place"",""name"":"""",""image"":"""",""address"":""""}","{""url"":""https://www.explora.us/events/2025-summit-for-early-science-learning-2/"",""price"":""0"",""priceCurrency"":""USD"",""availability"":""https://schema.org/InStock"",""validFrom"":""2025-11-08T00:00""}","{""@type"":""Person"",""name"":"""",""url"":""""}",,"""https://www.explora.us/wp-content/uploads/2025/10/2025-Summit-for-Early-Science-Learning-Flyer.png""",,"{""@context"":""http://schema.org"",""@type"":""Event"",""eventStatus"":""https://schema.org/EventScheduled"",""startDate"":""2025-11-08"",""endDate"":""2025-11-08"",""eventAttendanceMode"":""https://schema.org/OfflineEventAttendanceMode"",""location"":{""@type"":""Place"",""name"":"""",""image"":"""",""address"":""""},""organizer"":{""@type"":""Person"",""name"":"""",""url"":""""},""offers"":{""url"":""https://www.explora.us/events/2025-summit-for-early-science-learning-2/"",""price"":""0"",""priceCurrency"":""USD"",""availability"":""https://schema.org/InStock"",""validFrom"":""2025-11-08T00:00""},""performer"":"""",""description"":""Hello -    Please join us for the Summit for Early Science Learning on Saturday, November 8, 2025, at Explora, hosted by the Coalition for Science Learning in Early Childhood. Spanish interpretation will be available. Attendees will receive a swag bag with STEAM materials to use in their classrooms. Breakfast, lunch, and a training certificate will also be provided.     Register for the Summit     To inquire about a registration fee waiver or a travel stipend, please email Victoria Roanhorse at cslec@explora.us.    If you have any questions, please email Victoria Roanhorse at cslec@explora.us. Thank you!    ______________________________________    Hola -    Por favor acompañenos en la Cumbre para el Aprendizaje Temprano de la Ciencia el sábado 8 de noviembre de 2025. El evento tomara lugar en Explora, organizado por la Coalición para el Aprendizaje de la Ciencia en la Primera Infancia. Habrá interpretación en español. Participantes recibirán una bolsa con materiales STEAM para usar en sus clases. También se ofrecerá desayuno, almuerzo y un certificado de formación.    Inscríbase para el evento     Para solicitar una exención de la cuota de inscripción o un estipendio de viaje, envíe un correo electrónico a Victoria Roanhorse a cslec@explora.us.    Si tiene alguna pregunta, envíe un correo electrónico a Victoria Roanhorse a cslec@explora.us. ¡Gracias!"",""image"":""https://www.explora.us/wp-content/uploads/2025/10/2025-Summit-for-Early-Science-Learning-Flyer.png"",""name"":""2025 Summit for Early Science Learning"",""url"":""https://www.explora.us/events/2025-summit-for-early-science-learning-2/""}"
2026-10-01T16:03:02Z,explora.us,100096,4bf58dd8d48988d191941735|science museum,https://www.explora.us/events/adult-night-glam-lab/,Event,mapped_seed_site,,Adult Night: Glam Lab,2025-11-21T11:00:00-07:00,2025-11-21T14:00:00-07:00,https://www.explora.us/events/adult-night-glam-lab/,https://schema.org/EventScheduled,https://schema.org/OfflineEventAttendanceMode,It's time to show off your personal aesthetic! Enter our Glam Lab and discover how the world of personal care and style comes to life through experimentation and hands-on fun! Snacks available by Three Sisters Kitchen and Beer and Wine from Sheehan Winery. 18+ Event Members: Free Adults: $14 Students/Senior/Military: $11 Tickets coming soon!,"{""@type"":""Place"",""name"":"""",""image"":"""",""address"":""""}","{""url"":""https://www.explora.us/events/adult-night-glam-lab/"",""price"":""0"",""priceCurrency"":""USD"",""availability"":""https://schema.org/InStock"",""validFrom"":""2025-11-21T00:00""}","{""@type"":""Person"",""name"":"""",""url"":""""}",,,,"{""@context"":""http://schema.org"",""@type"":""Event"",""eventStatus"":""https://schema.org/EventScheduled"",""startDate"":""2025-11-21T11:00:00-07:00"",""endDate"":""2025-11-21T14:00:00-07:00"",""eventAttendanceMode"":""https://schema.org/OfflineEventAttendanceMode"",""location"":{""@type"":""Place"",""name"":"""",""image"":"""",""address"":""""},""organizer"":{""@type"":""Person"",""name"":"""",""url"":""""},""offers"":{""url"":""https://www.explora.us/events/adult-night-glam-lab/"",""price"":""0"",""priceCurrency"":""USD"",""availability"":""https://schema.org/InStock"",""validFrom"":""2025-11-21T00:00""},""performer"":"""",""description"":""It's time to show off your personal aesthetic! Enter our Glam Lab and discover how the world of personal care and style comes to life through experimentation and hands-on fun!     Snacks available by Three Sisters Kitchen and Beer and Wine from Sheehan Winery. 18+ Event    Members: Free  Adults: $14  Students/Senior/Military: $11    Tickets coming soon!"",""image"":"""",""name"":""Adult Night: Glam Lab"",""url"":""https://www.explora.us/events/adult-night-glam-lab/""}"
2026-10-01T16:03:02Z,explora.us,100096,4bf58dd8d48988d191941735|science museum,https://www.explora.us/events/adult-night-cosmic-curiosity/,Event,mapped_seed_site,,Adult Night: Cosmic Curiosity,2026-01-16T11:00:00-07:00,2026-01-16T14:00:00-07:00,https://www.explora.us/events/adult-night-cosmic-curiosity/,https://schema.org/EventScheduled,https://schema.org/OfflineEventAttendanceMode,Journey beyond the stars with hands-on activities and cosmic discoveries that reveal the wonders of our universe.,"{""@type"":""Place"",""name"":""Explora"",""image"":""https://www.explora.us/wp-content/uploads/2020/09/explora-small.jpg"",""address"":""1701 Mountain Rd NW, Albuquerque, NM 87104""}","{""url"":""https://www.explora.us/events/adult-night-cosmic-curiosity/"",""price"":""0"",""priceCurrency"":""USD"",""availability"":""https://schema.org/InStock"",""validFrom"":""2026-01-16T00:00""}","{""@type"":""Person"",""name"":"""",""url"":""""}",,"""https://www.explora.us/wp-content/uploads/2025/12/Screenshot-2025-12-08-at-11.34.56-AM.png""",,"{""@context"":""http://schema.org"",""@type"":""Event"",""eventStatus"":""https://schema.org/EventScheduled"",""startDate"":""2026-01-16T11:00:00-07:00"",""endDate"":""2026-01-16T14:00:00-07:00"",""eventAttendanceMode"":""https://schema.org/OfflineEventAttendanceMode"",""location"":{""@type"":""Place"",""name"":""Explora"",""image"":""https://www.explora.us/wp-content/uploads/2020/09/explora-small.jpg"",""address"":""1701 Mountain Rd NW, Albuquerque, NM 87104""},""organizer"":{""@type"":""Person"",""name"":"""",""url"":""""},""offers"":{""url"":""https://www.explora.us/events/adult-night-cosmic-curiosity/"",""price"":""0"",""priceCurrency"":""USD"",""availability"":""https://schema.org/InStock"",""validFrom"":""2026-01-16T00:00""},""performer"":"""",""description"":""Journey beyond the stars with hands-on activities and cosmic discoveries that reveal the wonders of our universe."",""image"":""https://www.explora.us/wp-content/uploads/2025/12/Screenshot-2025-12-08-at-11.34.56-AM.png"",""name"":""Adult Night: Cosmic Curiosity"",""url"":""https://www.explora.us/events/adult-night-cosmic-curiosity/""}"
2026-10-01T16:03:02Z,explora.us,100096,4bf58dd8d48988d191941735|science museum,https://www.explora.us/events/3d-printing-practices/,Event,mapped_seed_site,,3D Printing Practices,2026-03-01T06:00:00-07:00,2026-03-01T08:00:00-07:00,https://www.explora.us/events/3d-printing-practices/,https://schema.org/EventScheduled,https://schema.org/OfflineEventAttendanceMode,"The X Studio Intro series is a basic course on all items inside the Makerspace. This free course introduces teens to the printing basics, from how to find an idea to print to using the proper software to printing on the machine. For teens 13-19 All materials provided.","{""@type"":""Place"",""name"":""X Studio"",""image"":""https://www.explora.us/wp-content/uploads/2023/04/X-Studio-Exterior-scaled-e1681153023878.jpeg"",""address"":""1701 Mountain Road NW, Albuquerque, NM 87104""}","{""url"":""https://www.explora.us/events/3d-printing-practices/"",""price"":""0"",""priceCurrency"":""USD"",""availability"":""https://schema.org/InStock"",""validFrom"":""2026-03-01T00:00""}","{""@type"":""Person"",""name"":"""",""url"":""""}",,,,"{""@context"":""http://schema.org"",""@type"":""Event"",""eventStatus"":""https://schema.org/EventScheduled"",""startDate"":""2026-03-01T06:00:00-07:00"",""endDate"":""2026-03-01T08:00:00-07:00"",""eventAttendanceMode"":""https://schema.org/OfflineEventAttendanceMode"",""location"":{""@type"":""Place"",""name"":""X Studio"",""image"":""https://www.explora.us/wp-content/uploads/2023/04/X-Studio-Exterior-scaled-e1681153023878.jpeg"",""address"":""1701 Mountain Road NW, Albuquerque, NM 87104""},""organizer"":{""@type"":""Person"",""name"":"""",""url"":""""},""offers"":{""url"":""https://www.explora.us/events/3d-printing-practices/"",""price"":""0"",""priceCurrency"":""USD"",""availability"":""https://schema.org/InStock"",""validFrom"":""2026-03-01T00:00""},""performer"":"""",""description"":""The X Studio Intro series is a basic course on all items inside the Makerspace. This free course introduces teens to the printing basics, from how to find an idea to print to using the proper software to printing on the machine.     For teens 13-19    All materials provided. "",""image"":"""",""name"":""3D Printing Practices"",""url"":""https://www.explora.us/events/3d-printing-practices/""}"
2026-10-01T16:03:02Z,explora.us,100096,4bf58dd8d48988d191941735|science museum,https://www.explora.us/events/adult-night-sciart/,Event,mapped_seed_site,,Adult Night: SciArt,2026-04-17T12:00:00-06:00,2026-04-17T15:00:00-06:00,https://www.explora.us/events/adult-night-sciart/,https://schema.org/EventScheduled,https://schema.org/OfflineEventAttendanceMode,"Explore the art of science and the science of art! We will be joined by UNM students creating art based on water and natural resource research through the Grand Challenges Climate Science Communication Fellowship, along with other guest facilitators specializing in art forms of many mediums! &nbsp; Get Tickets","{""@type"":""Place"",""name"":""Explora"",""image"":""https://www.explora.us/wp-content/uploads/2020/09/explora-small.jpg"",""address"":""1701 Mountain Rd NW, Albuquerque, NM 87104""}","{""url"":""https://www.explora.us/events/adult-night-sciart/"",""price"":""0"",""priceCurrency"":""USD"",""availability"":""https://schema.org/InStock"",""validFrom"":""2026-04-17T00:00""}","{""@type"":""Person"",""name"":"""",""url"":""""}",,"""https://www.explora.us/wp-content/uploads/2026/03/VE_Adult-Night_SciArt_F1_1080x1080_030626-1-scaled.png""",,"{""@context"":""http://schema.org"",""@type"":""Event"",""eventStatus"":""https://schema.org/EventScheduled"",""startDate"":""2026-04-17T12:00:00-06:00"",""endDate"":""2026-04-17T15:00:00-06:00"",""eventAttendanceMode"":""https://schema.org/OfflineEventAttendanceMode"",""location"":{""@type"":""Place"",""name"":""Explora"",""image"":""https://www.explora.us/wp-content/uploads/2020/09/explora-small.jpg"",""address"":""1701 Mountain Rd NW, Albuquerque, NM 87104""},""organizer"":{""@type"":""Person"",""name"":"""",""url"":""""},""offers"":{""url"":""https://www.explora.us/events/adult-night-sciart/"",""price"":""0"",""priceCurrency"":""USD"",""availability"":""https://schema.org/InStock"",""validFrom"":""2026-04-17T00:00""},""performer"":"""",""description"":""Explore the art of science and the science of art! We will be joined by UNM students creating art based on water and natural resource research through the Grand Challenges Climate Science Communication Fellowship, along with other guest facilitators specializing in art forms of many mediums!    &nbsp;    Get Tickets"",""image"":""https://www.explora.us/wp-content/uploads/2026/03/VE_Adult-Night_SciArt_F1_1080x1080_030626-1-scaled.png"",""name"":""Adult Night: SciArt"",""url"":""https://www.explora.us/events/adult-night-sciart/""}"
2026-10-01T16:03:02Z,explora.us,100096,4bf58dd8d48988d191941735|science museum,https://www.explora.us/events/adult-night-lab-coats-love-notes/,Event,mapped_seed_site,,Adult Night: Lab Coats %26 Love Notes,2026-05-15T12:00:00-06:00,2026-05-15T15:00:00-06:00,https://www.explora.us/events/adult-night-lab-coats-love-notes/,https://schema.org/EventScheduled,https://schema.org/OfflineEventAttendanceMode,"Celebrate nostalgia and discovery together in a night full of dancing, memories, and surprising science at this prom themed event. Come dressed up in prom attire! Get Tickets!","{""@type"":""Place"",""name"":"""",""image"":"""",""address"":""""}","{""url"":""https://www.explora.us/events/adult-night-lab-coats-love-notes/"",""price"":""0"",""priceCurrency"":""USD"",""availability"":""https://schema.org/InStock"",""validFrom"":""2026-05-15T00:00""}","{""@type"":""Person"",""name"":"""",""url"":""""}",,"""https://www.explora.us/wp-content/uploads/2026/04/VE_Adult-Night_Lab-Coats_F1_1080x1080_041026.png""",,"{""@context"":""http://schema.org"",""@type"":""Event"",""eventStatus"":""https://schema.org/EventScheduled"",""startDate"":""2026-05-15T12:00:00-06:00"",""endDate"":""2026-05-15T15:00:00-06:00"",""eventAttendanceMode"":""https://schema.org/OfflineEventAttendanceMode"",""location"":{""@type"":""Place"",""name"":"""",""image"":"""",""address"":""""},""organizer"":{""@type"":""Person"",""name"":"""",""url"":""""},""offers"":{""url"":""https://www.explora.us/events/adult-night-lab-coats-love-notes/"",""price"":""0"",""priceCurrency"":""USD"",""availability"":""https://schema.org/InStock"",""validFrom"":""2026-05-15T00:00""},""performer"":"""",""description"":""Celebrate nostalgia and discovery together in a night full of dancing, memories, and surprising science at this prom themed event. Come dressed up in prom attire!    Get Tickets! "",""image"":""https://www.explora.us/wp-content/uploads/2026/04/VE_Adult-Night_Lab-Coats_F1_1080x1080_041026.png"",""name"":""Adult Night: Lab Coats %26 Love Notes"",""url"":""https://www.explora.us/events/adult-night-lab-coats-love-notes/""}"
2026-10-01T16:03:02Z,explora.us,100096,4bf58dd8d48988d191941735|science museum,https://www.explora.us/events/adult-night-novel-ideas-2/,Event,mapped_seed_site,,Adult Night: Novel Ideas,2026-07-17T12:00:00-06:00,2026-07-17T15:00:00-06:00,https://www.explora.us/events/adult-night-novel-ideas-2/,https://schema.org/EventScheduled,https://schema.org/OfflineEventAttendanceMode,"Delve into how science and storytelling intertwine in a night of imagination, discovery, and literary fun. Get Tickets!","{""@type"":""Place"",""name"":""Explora"",""image"":""https://www.explora.us/wp-content/uploads/2020/09/explora-small.jpg"",""address"":""1701 Mountain Rd NW, Albuquerque, NM 87104""}","{""url"":""https://www.explora.us/events/adult-night-novel-ideas-2/"",""price"":""0"",""priceCurrency"":""USD"",""availability"":""https://schema.org/InStock"",""validFrom"":""2026-07-17T00:00""}","{""@type"":""Person"",""name"":"""",""url"":""""}",,"""https://www.explora.us/wp-content/uploads/2026/07/Explora_Adult-Night_Novel-Ideas_F2_1080x1080_070126-scaled.png""",,"{""@context"":""http://schema.org"",""@type"":""Event"",""eventStatus"":""https://schema.org/EventScheduled"",""startDate"":""2026-07-17T12:00:00-06:00"",""endDate"":""2026-07-17T15:00:00-06:00"",""eventAttendanceMode"":""https://schema.org/OfflineEventAttendanceMode"",""location"":{""@type"":""Place"",""name"":""Explora"",""image"":""https://www.explora.us/wp-content/uploads/2020/09/explora-small.jpg"",""address"":""1701 Mountain Rd NW, Albuquerque, NM 87104""},""organizer"":{""@type"":""Person"",""name"":"""",""url"":""""},""offers"":{""url"":""https://www.explora.us/events/adult-night-novel-ideas-2/"",""price"":""0"",""priceCurrency"":""USD"",""availability"":""https://schema.org/InStock"",""validFrom"":""2026-07-17T00:00""},""performer"":"""",""description"":""Delve into how science and storytelling intertwine in a night of imagination, discovery, and literary fun.    Get Tickets!"",""image"":""https://www.explora.us/wp-content/uploads/2026/07/Explora_Adult-Night_Novel-Ideas_F2_1080x1080_070126-scaled.png"",""name"":""Adult Night: Novel Ideas"",""url"":""https://www.explora.us/events/adult-night-novel-ideas-2/""}"
2026-10-01T16:03:02Z,explora.us,100096,4bf58dd8d48988d191941735|science museum,https://www.explora.us/events/adult-night-food-for-thought/,Event,mapped_seed_site,,Adult Night: Food for Thought,2026-08-21T12:00:00-06:00,2026-08-21T15:00:00-06:00,https://www.explora.us/events/adult-night-food-for-thought/,https://schema.org/EventScheduled,https://schema.org/OfflineEventAttendanceMode,"Discover the science behind what’s on your plate through interactive experiments and tasty explorations. Uncover the flavors, textures, and chemistry that make food fascinating.","{""@type"":""Place"",""name"":"""",""image"":"""",""address"":""""}","{""url"":""https://www.explora.us/events/adult-night-food-for-thought/"",""price"":""0"",""priceCurrency"":""USD"",""availability"":""https://schema.org/InStock"",""validFrom"":""2026-08-21T00:00""}","{""@type"":""Person"",""name"":"""",""url"":""""}",,"""https://www.explora.us/wp-content/uploads/2026/07/Explora_Adult-Night_Food-for-Thought_F2_1080x1080_072826-scaled.png""",,"{""@context"":""http://schema.org"",""@type"":""Event"",""eventStatus"":""https://schema.org/EventScheduled"",""startDate"":""2026-08-21T12:00:00-06:00"",""endDate"":""2026-08-21T15:00:00-06:00"",""eventAttendanceMode"":""https://schema.org/OfflineEventAttendanceMode"",""location"":{""@type"":""Place"",""name"":"""",""image"":"""",""address"":""""},""organizer"":{""@type"":""Person"",""name"":"""",""url"":""""},""offers"":{""url"":""https://www.explora.us/events/adult-night-food-for-thought/"",""price"":""0"",""priceCurrency"":""USD"",""availability"":""https://schema.org/InStock"",""validFrom"":""2026-08-21T00:00""},""performer"":"""",""description"":""Discover the science behind what’s on your plate through interactive experiments and tasty explorations. Uncover the flavors, textures, and chemistry that make food fascinating. "",""image"":""https://www.explora.us/wp-content/uploads/2026/07/Explora_Adult-Night_Food-for-Thought_F2_1080x1080_072826-scaled.png"",""name"":""Adult Night: Food for Thought"",""url"":""https://www.explora.us/events/adult-night-food-for-thought/""}"
2026-10-01T16:03:02Z,nhccnm.org,100096,4bf58dd8d48988d1e5931735|music venue,https://nhccnm.org/event/i-thought-i-saw-you-yesterday/,Event,mapped_exact,0.000,i thought i saw you yesterday,2026-09-18T00:00:00-06:00,2027-05-30T23:59:59-06:00,https://nhccnm.org/event/i-thought-i-saw-you-yesterday/,https://schema.org/EventScheduled,https://schema.org/OfflineEventAttendanceMode,"&lt;p&gt;i thought i saw you yesterday Nine artists interweave their memories and ancestral knowledge to create a dialogue between life cycles, food, land, place, and the body in i thought i saw you yesterday, curated [&hellip;]&lt;/p&gt;\n","{""@type"":""Place"",""name"":""Visual Art Museum"",""description"":"""",""image"":""https://nhccnm.org/wp-content/uploads/2015/11/venue-art-museum-scaled.jpg"",""url"":""https://nhccnm.org/venue/art-museum/"",""address"":{""@type"":""PostalAddress"",""streetAddress"":""1701 4th Street SW"",""addressLocality"":""Albuquerque"",""addressRegion"":""NM"",""postalCode"":""87102"",""addressCountry"":""United States""},""telephone"":""5057244771"",""sameAs"":""""}",,,"""Organization""","""https://nhccnm.org/wp-content/uploads/2026/08/Web-icon.png""",,"{""@context"":""http://schema.org"",""@type"":""Event"",""name"":""i thought i saw you yesterday"",""description"":""&lt;p&gt;i thought i saw you yesterday Nine artists interweave their memories and ancestral knowledge to create a dialogue between life cycles, food, land, place, and the body in i thought i saw you yesterday, curated [&hellip;]&lt;/p&gt;\\n"",""image"":""https://nhccnm.org/wp-content/uploads/2026/08/Web-icon.png"",""url"":""https://nhccnm.org/event/i-thought-i-saw-you-yesterday/"",""eventAttendanceMode"":""https://schema.org/OfflineEventAttendanceMode"",""eventStatus"":""https://schema.org/EventScheduled"",""startDate"":""2026-09-18T00:00:00-06:00"",""endDate"":""2027-05-30T23:59:59-06:00"",""location"":{""@type"":""Place"",""name"":""Visual Art Museum"",""description"":"""",""image"":""https://nhccnm.org/wp-content/uploads/2015/11/venue-art-museum-scaled.jpg"",""url"":""https://nhccnm.org/venue/art-museum/"",""address"":{""@type"":""PostalAddress"",""streetAddress"":""1701 4th Street SW"",""addressLocality"":""Albuquerque"",""addressRegion"":""NM"",""postalCode"":""87102"",""addressCountry"":""United States""},""telephone"":""5057244771"",""sameAs"":""""},""performer"":""Organization""}"
2026-10-01T16:03:02Z,nhccnm.org,100096,4bf58dd8d48988d1e5931735|music venue,https://nhccnm.org/event/aqui-estamos-catharsis-in-the-collection/,Event,mapped_exact,0.000,¡Aquí Estamos! Catharsis in the Collection,2026-09-18T00:00:00-06:00,2029-01-07T23:59:59-07:00,https://nhccnm.org/event/aqui-estamos-catharsis-in-the-collection/,https://schema.org/EventScheduled,https://schema.org/OfflineEventAttendanceMode,"&lt;p&gt;ON VIEW: September 18, 2026 - 2029 This exhibition features selections from the Art Museum’s permanent collection which currently contains over 4,200 artworks from around the globe. Each artwork reflects the diversity [&hellip;]&lt;/p&gt;\n","{""@type"":""Place"",""name"":""Visual Art Museum"",""description"":"""",""image"":""https://nhccnm.org/wp-content/uploads/2015/11/venue-art-museum-scaled.jpg"",""url"":""https://nhccnm.org/venue/art-museum/"",""address"":{""@type"":""PostalAddress"",""streetAddress"":""1701 4th Street SW"",""addressLocality"":""Albuquerque"",""addressRegion"":""NM"",""postalCode"":""87102"",""addressCountry"":""United States""},""telephone"":""5057244771"",""sameAs"":""""}",,,"""Organization""","""https://nhccnm.org/wp-content/uploads/2026/09/Exhibits-Page-Catharsis-In-the-Collection-Title-Image.png""",,"{""@context"":""http://schema.org"",""@type"":""Event"",""name"":""¡Aquí Estamos! Catharsis in the Collection"",""description"":""&lt;p&gt;ON VIEW: September 18, 2026 - 2029  This exhibition features selections from the Art Museum’s permanent collection which currently contains over 4,200 artworks from around the globe. Each artwork reflects the diversity [&hellip;]&lt;/p&gt;\\n"",""image"":""https://nhccnm.org/wp-content/uploads/2026/09/Exhibits-Page-Catharsis-In-the-Collection-Title-Image.png"",""url"":""https://nhccnm.org/event/aqui-estamos-catharsis-in-the-collection/"",""eventAttendanceMode"":""https://schema.org/OfflineEventAttendanceMode"",""eventStatus"":""https://schema.org/EventScheduled"",""startDate"":""2026-09-18T00:00:00-06:00"",""endDate"":""2029-01-07T23:59:59-07:00"",""location"":{""@type"":""Place"",""name"":""Visual Art Museum"",""description"":"""",""image"":""https://nhccnm.org/wp-content/uploads/2015/11/venue-art-museum-scaled.jpg"",""url"":""https://nhccnm.org/venue/art-museum/"",""address"":{""@type"":""PostalAddress"",""streetAddress"":""1701 4th Street SW"",""addressLocality"":""Albuquerque"",""addressRegion"":""NM"",""postalCode"":""87102"",""addressCountry"":""United States""},""telephone"":""5057244771"",""sameAs"":""""},""performer"":""Organization""}"
2026-10-01T16:03:02Z,explora.us,100096,4bf58dd8d48988d191941735|science museum,https://www.explora.us/events/adult-night-creature-features/,Event,mapped_seed_site,,Adult Night: Creature Features,2026-09-18T12:00:00-06:00,2026-09-18T15:00:00-06:00,https://www.explora.us/events/adult-night-creature-features/,https://schema.org/EventScheduled,https://schema.org/OfflineEventAttendanceMode,Dive into the wonders of nature and uncover the science behind some of the animal kingdom’s most incredible creatures.,"{""@type"":""Place"",""name"":"""",""image"":"""",""address"":""""}","{""url"":""https://www.explora.us/events/adult-night-creature-features/"",""price"":""0"",""priceCurrency"":""USD"",""availability"":""https://schema.org/InStock"",""validFrom"":""2026-09-18T00:00""}","{""@type"":""Person"",""name"":"""",""url"":""""}",,"""https://www.explora.us/wp-content/uploads/2026/08/Explora_Adult-Night_Creature-Feature_F1_1080x1080_082026-scaled.png""",,"{""@context"":""http://schema.org"",""@type"":""Event"",""eventStatus"":""https://schema.org/EventScheduled"",""startDate"":""2026-09-18T12:00:00-06:00"",""endDate"":""2026-09-18T15:00:00-06:00"",""eventAttendanceMode"":""https://schema.org/OfflineEventAttendanceMode"",""location"":{""@type"":""Place"",""name"":"""",""image"":"""",""address"":""""},""organizer"":{""@type"":""Person"",""name"":"""",""url"":""""},""offers"":{""url"":""https://www.explora.us/events/adult-night-creature-features/"",""price"":""0"",""priceCurrency"":""USD"",""availability"":""https://schema.org/InStock"",""validFrom"":""2026-09-18T00:00""},""performer"":"""",""description"":""Dive into the wonders of nature and uncover the science behind some of the animal kingdom’s most incredible creatures. "",""image"":""https://www.explora.us/wp-content/uploads/2026/08/Explora_Adult-Night_Creature-Feature_F1_1080x1080_082026-scaled.png"",""name"":""Adult Night: Creature Features"",""url"":""https://www.explora.us/events/adult-night-creature-features/""}"
2026-10-01T16:03:02Z,nhccnm.org,100096,4bf58dd8d48988d1e5931735|music venue,https://nhccnm.org/event/mundos-de-mestizaje-torreon-tours-27/,Event,mapped_exact,0.000,"Mundos de Mestizaje, Torreón Tours",2026-10-02T00:00:00-06:00,2026-10-03T23:59:59-06:00,https://nhccnm.org/event/mundos-de-mestizaje-torreon-tours-27/,https://schema.org/EventScheduled,https://schema.org/OfflineEventAttendanceMode,&lt;p&gt;Fridays &amp; Saturdays 11:00 am NHCC | Welcome Center and the NHCC Torreón Admission to the Torreon tour is $2. Tickets are available for advance purchase below or can also be [&hellip;]&lt;/p&gt;\n,"{""@type"":""Place"",""name"":""NHCC Torreón"",""description"":"""",""image"":""https://nhccnm.org/wp-content/uploads/2017/08/Torreon.jpg"",""url"":""https://nhccnm.org/venue/nhcc-torreon-2/"",""address"":{""@type"":""PostalAddress"",""streetAddress"":""1701 4th street SW"",""addressLocality"":""Albuquerque"",""addressRegion"":""NM"",""postalCode"":""87102"",""addressCountry"":""United States""},""geo"":{""@type"":""GeoCoordinates"",""latitude"":35.068577,""longitude"":-106.655629},""telephone"":""(505) 246-2261"",""sameAs"":""""}",,,"""Organization""","""https://nhccnm.org/wp-content/uploads/2026/05/Torreon-Photo-2026.jpg""",,"{""@context"":""http://schema.org"",""@type"":""Event"",""name"":""Mundos de Mestizaje, Torreón Tours"",""description"":""&lt;p&gt;Fridays &amp; Saturdays 11:00 am NHCC | Welcome Center and the NHCC Torreón Admission to the Torreon tour is $2. Tickets are available for advance purchase below or can also be [&hellip;]&lt;/p&gt;\\n"",""image"":""https://nhccnm.org/wp-content/uploads/2026/05/Torreon-Photo-2026.jpg"",""url"":""https://nhccnm.org/event/mundos-de-mestizaje-torreon-tours-27/"",""eventAttendanceMode"":""https://schema.org/OfflineEventAttendanceMode"",""eventStatus"":""https://schema.org/EventScheduled"",""startDate"":""2026-10-02T00:00:00-06:00"",""endDate"":""2026-10-03T23:59:59-06:00"",""location"":{""@type"":""Place"",""name"":""NHCC Torreón"",""description"":"""",""image"":""https://nhccnm.org/wp-content/uploads/2017/08/Torreon.jpg"",""url"":""https://nhccnm.org/venue/nhcc-torreon-2/"",""address"":{""@type"":""PostalAddress"",""streetAddress"":""1701 4th street SW"",""addressLocality"":""Albuquerque"",""addressRegion"":""NM"",""postalCode"":""87102"",""addressCountry"":""United States""},""geo"":{""@type"":""GeoCoordinates"",""latitude"":35.068577,""longitude"":-106.655629},""telephone"":""(505) 246-2261"",""sameAs"":""""},""performer"":""Organization""}"
2026-10-01T16:03:02Z,explora.us,100096,4bf58dd8d48988d191941735|science museum,https://www.explora.us/events/,Event,mapped_seed_site,,Fix-It Friday,2026-10-02T09:00:00-06:00,2026-10-02T12:00:00-06:00,https://www.explora.us/events/fix-it-friday-29/,https://schema.org/EventScheduled,https://schema.org/OfflineEventAttendanceMode,Did your Bluetooth speaker stop working? Label maker screen not visible? Bring in your small to midsize home electronics and fix it Friday. For teens 13-19,"{""@type"":""Place"",""name"":""X Studio"",""image"":""https://www.explora.us/wp-content/uploads/2023/04/X-Studio-Exterior-scaled-e1681153023878.jpeg"",""address"":""1701 Mountain Road NW, Albuquerque, NM 87104""}","{""url"":""https://www.explora.us/events/fix-it-friday-29/"",""price"":""0"",""priceCurrency"":""USD"",""availability"":""https://schema.org/InStock"",""validFrom"":""2026-10-02T00:00""}","{""@type"":""Person"",""name"":"""",""url"":""""}",,,,"{""@context"":""http://schema.org"",""@type"":""Event"",""eventStatus"":""https://schema.org/EventScheduled"",""startDate"":""2026-10-02T09:00:00-06:00"",""endDate"":""2026-10-02T12:00:00-06:00"",""eventAttendanceMode"":""https://schema.org/OfflineEventAttendanceMode"",""location"":{""@type"":""Place"",""name"":""X Studio"",""image"":""https://www.explora.us/wp-content/uploads/2023/04/X-Studio-Exterior-scaled-e1681153023878.jpeg"",""address"":""1701 Mountain Road NW, Albuquerque, NM 87104""},""organizer"":{""@type"":""Person"",""name"":"""",""url"":""""},""offers"":{""url"":""https://www.explora.us/events/fix-it-friday-29/"",""price"":""0"",""priceCurrency"":""USD"",""availability"":""https://schema.org/InStock"",""validFrom"":""2026-10-02T00:00""},""performer"":"""",""description"":""Did your Bluetooth speaker stop working? Label maker screen not visible? Bring in your small to midsize home electronics and fix it Friday.    For teens 13-19"",""image"":"""",""name"":""Fix-It Friday"",""url"":""https://www.explora.us/events/fix-it-friday-29/""}"
2026-10-01T16:03:02Z,explora.us,100096,4bf58dd8d48988d191941735|science museum,https://www.explora.us/events/,Event,mapped_seed_site,,Science Saturday: Crime Lab,2026-10-03T09:00:00-06:00,2026-10-03T10:00:00-06:00,https://www.explora.us/events/science-saturday-crime-lab/,https://schema.org/EventScheduled,https://schema.org/OfflineEventAttendanceMode,"Solve a mock crime by comparing simulated ""DNA"" samples. For teens 13-19","{""@type"":""Place"",""name"":""X Studio"",""image"":""https://www.explora.us/wp-content/uploads/2023/04/X-Studio-Exterior-scaled-e1681153023878.jpeg"",""address"":""1701 Mountain Road NW, Albuquerque, NM 87104""}","{""url"":""https://www.explora.us/events/science-saturday-crime-lab/"",""price"":""0"",""priceCurrency"":""USD"",""availability"":""https://schema.org/InStock"",""validFrom"":""2026-10-03T00:00""}","{""@type"":""Person"",""name"":"""",""url"":""""}",,,,"{""@context"":""http://schema.org"",""@type"":""Event"",""eventStatus"":""https://schema.org/EventScheduled"",""startDate"":""2026-10-03T09:00:00-06:00"",""endDate"":""2026-10-03T10:00:00-06:00"",""eventAttendanceMode"":""https://schema.org/OfflineEventAttendanceMode"",""location"":{""@type"":""Place"",""name"":""X Studio"",""image"":""https://www.explora.us/wp-content/uploads/2023/04/X-Studio-Exterior-scaled-e1681153023878.jpeg"",""address"":""1701 Mountain Road NW, Albuquerque, NM 87104""},""organizer"":{""@type"":""Person"",""name"":"""",""url"":""""},""offers"":{""url"":""https://www.explora.us/events/science-saturday-crime-lab/"",""price"":""0"",""priceCurrency"":""USD"",""availability"":""https://schema.org/InStock"",""validFrom"":""2026-10-03T00:00""},""performer"":"""",""description"":""Solve a mock crime by comparing simulated \""DNA\"" samples.  For teens 13-19"",""image"":"""",""name"":""Science Saturday: Crime Lab"",""url"":""https://www.explora.us/events/science-saturday-crime-lab/""}"
2026-10-01T16:03:02Z,nhccnm.org,100096,4bf58dd8d48988d1e5931735|music venue,https://nhccnm.org/event/artist-dialogue-jesus-miguel-avena/,Event,mapped_exact,0.000,Artist Dialogue: Jesus Miguel Avena,2026-10-04T00:00:00-06:00,2026-10-04T23:59:59-06:00,https://nhccnm.org/event/artist-dialogue-jesus-miguel-avena/,https://schema.org/EventScheduled,https://schema.org/OfflineEventAttendanceMode,"&lt;p&gt;Artist Dialogue: Jesus Miguel Avena A Dialogue on Memory and Ancestral Knowledge between Artist Jesus Miguel Avena and Curator hazel batrezchavez Sunday, October 4, 2026 12:30 - 1:30 pm NHCC | Wells Fargo [&hellip;]&lt;/p&gt;\n","{""@type"":""Place"",""name"":""Roy E. Disney Center for Performing Arts: Wells Fargo Auditorium"",""description"":""&lt;p&gt;With its deep red interior, the 97-seat Wells Fargo Auditorium provides an intimate environment for films, lectures, poetry and readings, as well as for full-length dramatic productions that play to [&hellip;]&lt;/p&gt;\\n"",""image"":""https://nhccnm.org/wp-content/uploads/2015/11/wells-fargo-seats-1.jpg"",""url"":""https://nhccnm.org/venue/wells-fargo-auditorium/"",""address"":{""@type"":""PostalAddress"",""streetAddress"":""1701 4th Street SW"",""addressLocality"":""Albuquerque"",""addressRegion"":""NM"",""postalCode"":""87102""},""geo"":{""@type"":""GeoCoordinates"",""latitude"":35.068577,""longitude"":-106.655629},""telephone"":""(505) 724-4771"",""sameAs"":""""}",,,"""Organization""","""https://nhccnm.org/wp-content/uploads/2026/08/Web-icon.png""",,"{""@context"":""http://schema.org"",""@type"":""Event"",""name"":""Artist Dialogue: Jesus Miguel Avena"",""description"":""&lt;p&gt;Artist Dialogue: Jesus Miguel Avena A Dialogue on Memory and Ancestral Knowledge between Artist Jesus Miguel Avena and Curator hazel batrezchavez Sunday, October 4, 2026 12:30 - 1:30 pm NHCC | Wells Fargo [&hellip;]&lt;/p&gt;\\n"",""image"":""https://nhccnm.org/wp-content/uploads/2026/08/Web-icon.png"",""url"":""https://nhccnm.org/event/artist-dialogue-jesus-miguel-avena/"",""eventAttendanceMode"":""https://schema.org/OfflineEventAttendanceMode"",""eventStatus"":""https://schema.org/EventScheduled"",""startDate"":""2026-10-04T00:00:00-06:00"",""endDate"":""2026-10-04T23:59:59-06:00"",""location"":{""@type"":""Place"",""name"":""Roy E. Disney Center for Performing Arts: Wells Fargo Auditorium"",""description"":""&lt;p&gt;With its deep red interior, the 97-seat Wells Fargo Auditorium provides an intimate environment for films, lectures, poetry and readings, as well as for full-length dramatic productions that play to [&hellip;]&lt;/p&gt;\\n"",""image"":""https://nhccnm.org/wp-content/uploads/2015/11/wells-fargo-seats-1.jpg"",""url"":""https://nhccnm.org/venue/wells-fargo-auditorium/"",""address"":{""@type"":""PostalAddress"",""streetAddress"":""1701 4th Street SW"",""addressLocality"":""Albuquerque"",""addressRegion"":""NM"",""postalCode"":""87102""},""geo"":{""@type"":""GeoCoordinates"",""latitude"":35.068577,""longitude"":-106.655629},""telephone"":""(505) 724-4771"",""sameAs"":""""},""performer"":""Organization""}"
2026-10-01T16:03:02Z,nhccnm.org,100096,4bf58dd8d48988d1e5931735|music venue,https://nhccnm.org/event/film-screening-eco-docs-the-river-that-harms/,Event,mapped_exact,0.000,Film Screening: Eco Docs- The River That Harms,2026-10-04T00:00:00-06:00,2026-10-04T23:59:59-06:00,https://nhccnm.org/event/film-screening-eco-docs-the-river-that-harms/,https://schema.org/EventScheduled,https://schema.org/OfflineEventAttendanceMode,"&lt;p&gt;Film Screening: Eco Docs- The River That Harms Sunday, October 4 2026 1:30 pm Paul Pino Opening Performance 2:00 pm Film Begins NHCC | Bank of America Theatre NHCC presents a [&hellip;]&lt;/p&gt;\n","{""@type"":""Place"",""name"":""Roy E. Disney Center for Performing Arts: Bank of America Theatre"",""description"":"""",""image"":""https://nhccnm.org/wp-content/uploads/2015/11/Bank-of-America-Theatre.jpg"",""url"":""https://nhccnm.org/venue/bank-of-america-film-theatre/"",""address"":{""@type"":""PostalAddress"",""streetAddress"":""1701 4th Street SW"",""addressLocality"":""Albuquerque"",""addressRegion"":""NM"",""postalCode"":""87102""},""telephone"":""5057244771"",""sameAs"":""""}",,,"""Organization""","""https://nhccnm.org/wp-content/uploads/2026/09/The-River-That-Harms1200x1200.jpg""",,"{""@context"":""http://schema.org"",""@type"":""Event"",""name"":""Film Screening: Eco Docs- The River That Harms"",""description"":""&lt;p&gt;Film Screening: Eco Docs- The River That Harms Sunday, October 4 2026 1:30 pm Paul Pino Opening Performance  2:00 pm Film Begins NHCC | Bank of America Theatre NHCC presents a [&hellip;]&lt;/p&gt;\\n"",""image"":""https://nhccnm.org/wp-content/uploads/2026/09/The-River-That-Harms1200x1200.jpg"",""url"":""https://nhccnm.org/event/film-screening-eco-docs-the-river-that-harms/"",""eventAttendanceMode"":""https://schema.org/OfflineEventAttendanceMode"",""eventStatus"":""https://schema.org/EventScheduled"",""startDate"":""2026-10-04T00:00:00-06:00"",""endDate"":""2026-10-04T23:59:59-06:00"",""location"":{""@type"":""Place"",""name"":""Roy E. Disney Center for Performing Arts: Bank of America Theatre"",""description"":"""",""image"":""https://nhccnm.org/wp-content/uploads/2015/11/Bank-of-America-Theatre.jpg"",""url"":""https://nhccnm.org/venue/bank-of-america-film-theatre/"",""address"":{""@type"":""PostalAddress"",""streetAddress"":""1701 4th Street SW"",""addressLocality"":""Albuquerque"",""addressRegion"":""NM"",""postalCode"":""87102""},""telephone"":""5057244771"",""sameAs"":""""},""performer"":""Organization""}"
2026-10-01T16:03:02Z,explora.us,100096,4bf58dd8d48988d191941735|science museum,https://www.explora.us/events/10349/,Event,mapped_seed_site,,Crafternoon,2026-10-04T07:00:00-06:00,2026-10-04T09:00:00-06:00,https://www.explora.us/events/10349/,https://schema.org/EventScheduled,https://schema.org/OfflineEventAttendanceMode,"Join us to make beaded bracelets in fall-inspired colors. Whether your style is dark and spooky or warm and cozy, drop in and create! For teens 13-19","{""@type"":""Place"",""name"":""X Studio"",""image"":""https://www.explora.us/wp-content/uploads/2023/04/X-Studio-Exterior-scaled-e1681153023878.jpeg"",""address"":""1701 Mountain Road NW, Albuquerque, NM 87104""}","{""url"":""https://www.explora.us/events/10349/"",""price"":""0"",""priceCurrency"":""USD"",""availability"":""https://schema.org/InStock"",""validFrom"":""2026-10-04T00:00""}","{""@type"":""Person"",""name"":"""",""url"":""""}",,,,"{""@context"":""http://schema.org"",""@type"":""Event"",""eventStatus"":""https://schema.org/EventScheduled"",""startDate"":""2026-10-04T07:00:00-06:00"",""endDate"":""2026-10-04T09:00:00-06:00"",""eventAttendanceMode"":""https://schema.org/OfflineEventAttendanceMode"",""location"":{""@type"":""Place"",""name"":""X Studio"",""image"":""https://www.explora.us/wp-content/uploads/2023/04/X-Studio-Exterior-scaled-e1681153023878.jpeg"",""address"":""1701 Mountain Road NW, Albuquerque, NM 87104""},""organizer"":{""@type"":""Person"",""name"":"""",""url"":""""},""offers"":{""url"":""https://www.explora.us/events/10349/"",""price"":""0"",""priceCurrency"":""USD"",""availability"":""https://schema.org/InStock"",""validFrom"":""2026-10-04T00:00""},""performer"":"""",""description"":""Join us to make beaded bracelets in fall-inspired colors. Whether your style is dark and spooky or warm and cozy, drop in and create!    For teens 13-19"",""image"":"""",""name"":""Crafternoon"",""url"":""https://www.explora.us/events/10349/""}"
2026-10-01T16:03:02Z,explora.us,100096,4bf58dd8d48988d191941735|science museum,https://www.explora.us/events/,Event,mapped_seed_site,,Halloween Series: Prop Making,2026-10-04T07:00:00-06:00,2026-10-04T09:00:00-06:00,https://www.explora.us/events/halloween-series-prop-making/,https://schema.org/EventScheduled,https://schema.org/OfflineEventAttendanceMode,"Planning on dressing up for Halloween? Need an accessory to go with your cosplay? Bring your ideas to life with 3D printing, laser cutting, sewing, and more! Teens 13-19","{""@type"":""Place"",""name"":""X Studio"",""image"":""https://www.explora.us/wp-content/uploads/2023/04/X-Studio-Exterior-scaled-e1681153023878.jpeg"",""address"":""1701 Mountain Road NW, Albuquerque, NM 87104""}","{""url"":""https://www.explora.us/events/halloween-series-prop-making/"",""price"":""0"",""priceCurrency"":""USD"",""availability"":""https://schema.org/InStock"",""validFrom"":""2026-10-04T00:00""}","{""@type"":""Person"",""name"":"""",""url"":""""}",,,,"{""@context"":""http://schema.org"",""@type"":""Event"",""eventStatus"":""https://schema.org/EventScheduled"",""startDate"":""2026-10-04T07:00:00-06:00"",""endDate"":""2026-10-04T09:00:00-06:00"",""eventAttendanceMode"":""https://schema.org/OfflineEventAttendanceMode"",""location"":{""@type"":""Place"",""name"":""X Studio"",""image"":""https://www.explora.us/wp-content/uploads/2023/04/X-Studio-Exterior-scaled-e1681153023878.jpeg"",""address"":""1701 Mountain Road NW, Albuquerque, NM 87104""},""organizer"":{""@type"":""Person"",""name"":"""",""url"":""""},""offers"":{""url"":""https://www.explora.us/events/halloween-series-prop-making/"",""price"":""0"",""priceCurrency"":""USD"",""availability"":""https://schema.org/InStock"",""validFrom"":""2026-10-04T00:00""},""performer"":"""",""description"":""Planning on dressing up for Halloween? Need an accessory to go with your cosplay? Bring your ideas to life with 3D printing, laser cutting, sewing, and more!  Teens 13-19"",""image"":"""",""name"":""Halloween Series: Prop Making"",""url"":""https://www.explora.us/events/halloween-series-prop-making/""}"
2026-10-01T16:03:02Z,nhccnm.org,100096,4bf58dd8d48988d1e5931735|music venue,https://nhccnm.org/event/artist-dialogue-claudia-hermano/,Event,mapped_exact,0.000,Artist Dialogue: claudia hermano,2026-10-06T00:00:00-06:00,2026-10-06T23:59:59-06:00,https://nhccnm.org/event/artist-dialogue-claudia-hermano/,https://schema.org/EventScheduled,https://schema.org/OfflineEventAttendanceMode,"&lt;p&gt;Artist Dialogue: claudia hermano A Dialogue on Memory and Ancestral Knowledge between Artist claudia hermano and Curator hazel batrezchavez Tuesday, October 6, 2026 12:30 - 1:30 pm NHCC | Wells Fargo Auditorium Join NHCC [&hellip;]&lt;/p&gt;\n","{""@type"":""Place"",""name"":""Roy E. Disney Center for Performing Arts: Wells Fargo Auditorium"",""description"":""&lt;p&gt;With its deep red interior, the 97-seat Wells Fargo Auditorium provides an intimate environment for films, lectures, poetry and readings, as well as for full-length dramatic productions that play to [&hellip;]&lt;/p&gt;\\n"",""image"":""https://nhccnm.org/wp-content/uploads/2015/11/wells-fargo-seats-1.jpg"",""url"":""https://nhccnm.org/venue/wells-fargo-auditorium/"",""address"":{""@type"":""PostalAddress"",""streetAddress"":""1701 4th Street SW"",""addressLocality"":""Albuquerque"",""addressRegion"":""NM"",""postalCode"":""87102""},""geo"":{""@type"":""GeoCoordinates"",""latitude"":35.068577,""longitude"":-106.655629},""telephone"":""(505) 724-4771"",""sameAs"":""""}",,,"""Organization""","""https://nhccnm.org/wp-content/uploads/2026/08/Web-icon.png""",,"{""@context"":""http://schema.org"",""@type"":""Event"",""name"":""Artist Dialogue: claudia hermano"",""description"":""&lt;p&gt;Artist Dialogue: claudia hermano A Dialogue on Memory and Ancestral Knowledge between Artist claudia hermano and Curator hazel batrezchavez Tuesday, October 6, 2026 12:30 - 1:30 pm NHCC | Wells Fargo Auditorium Join NHCC [&hellip;]&lt;/p&gt;\\n"",""image"":""https://nhccnm.org/wp-content/uploads/2026/08/Web-icon.png"",""url"":""https://nhccnm.org/event/artist-dialogue-claudia-hermano/"",""eventAttendanceMode"":""https://schema.org/OfflineEventAttendanceMode"",""eventStatus"":""https://schema.org/EventScheduled"",""startDate"":""2026-10-06T00:00:00-06:00"",""endDate"":""2026-10-06T23:59:59-06:00"",""location"":{""@type"":""Place"",""name"":""Roy E. Disney Center for Performing Arts: Wells Fargo Auditorium"",""description"":""&lt;p&gt;With its deep red interior, the 97-seat Wells Fargo Auditorium provides an intimate environment for films, lectures, poetry and readings, as well as for full-length dramatic productions that play to [&hellip;]&lt;/p&gt;\\n"",""image"":""https://nhccnm.org/wp-content/uploads/2015/11/wells-fargo-seats-1.jpg"",""url"":""https://nhccnm.org/venue/wells-fargo-auditorium/"",""address"":{""@type"":""PostalAddress"",""streetAddress"":""1701 4th Street SW"",""addressLocality"":""Albuquerque"",""addressRegion"":""NM"",""postalCode"":""87102""},""geo"":{""@type"":""GeoCoordinates"",""latitude"":35.068577,""longitude"":-106.655629},""telephone"":""(505) 724-4771"",""sameAs"":""""},""performer"":""Organization""}"
2026-10-01T16:03:02Z,explora.us,100096,4bf58dd8d48988d191941735|science museum,https://www.explora.us/events/,Event,mapped_seed_site,,Design a Flexi Toy,2026-10-06T10:00:00-06:00,2026-10-06T12:00:00-06:00,https://www.explora.us/events/design-a-flexi-toy/,https://schema.org/EventScheduled,https://schema.org/OfflineEventAttendanceMode,"Are you 13 to 19 years old and interested in CAD or 3D printing? You've come to the right place! Join us at X Studio for this three-week, hands-and-mice-on workshop series where you'll learn multiple CAD workflows and how to merge form with function by designing your very own fidget. This is a registered series. REGISTER HERE","{""@type"":""Place"",""name"":""X Studio"",""image"":""https://www.explora.us/wp-content/uploads/2023/04/X-Studio-Exterior-scaled-e1681153023878.jpeg"",""address"":""1701 Mountain Road NW, Albuquerque, NM 87104""}","{""url"":""https://www.explora.us/events/design-a-flexi-toy/"",""price"":""0"",""priceCurrency"":""USD"",""availability"":""https://schema.org/InStock"",""validFrom"":""2026-10-06T00:00""}","{""@type"":""Person"",""name"":"""",""url"":""""}",,,,"{""@context"":""http://schema.org"",""@type"":""Event"",""eventStatus"":""https://schema.org/EventScheduled"",""startDate"":""2026-10-06T10:00:00-06:00"",""endDate"":""2026-10-06T12:00:00-06:00"",""eventAttendanceMode"":""https://schema.org/OfflineEventAttendanceMode"",""location"":{""@type"":""Place"",""name"":""X Studio"",""image"":""https://www.explora.us/wp-content/uploads/2023/04/X-Studio-Exterior-scaled-e1681153023878.jpeg"",""address"":""1701 Mountain Road NW, Albuquerque, NM 87104""},""organizer"":{""@type"":""Person"",""name"":"""",""url"":""""},""offers"":{""url"":""https://www.explora.us/events/design-a-flexi-toy/"",""price"":""0"",""priceCurrency"":""USD"",""availability"":""https://schema.org/InStock"",""validFrom"":""2026-10-06T00:00""},""performer"":"""",""description"":""Are you 13 to 19 years old and interested in CAD or 3D printing? You've come to the right place! Join us at X Studio for this three-week, hands-and-mice-on workshop series where you'll learn multiple CAD workflows and how to merge form with function by designing your very own fidget. This is a registered series.    REGISTER HERE"",""image"":"""",""name"":""Design a Flexi Toy"",""url"":""https://www.explora.us/events/design-a-flexi-toy/""}"
2026-10-01T16:03:02Z,nhccnm.org,100096,4bf58dd8d48988d1e5931735|music venue,https://nhccnm.org/event/happy-arte-hour-27/,Event,mapped_exact,0.000,Happy Arte Hour,2026-10-08T00:00:00-06:00,2026-10-08T23:59:59-06:00,https://nhccnm.org/event/happy-arte-hour-27/,https://schema.org/EventScheduled,https://schema.org/OfflineEventAttendanceMode,"&lt;p&gt;Thursday, October 8, 2026 (please note date has changed from Oct 1) 6:00 pm NHCC | Domenici Education Building NHCC invites adults for artistic fun in a relaxed social setting. [&hellip;]&lt;/p&gt;\n","{""@type"":""Place"",""name"":""NHCC | Education Building: Grand Hall"",""description"":"""",""url"":""https://nhccnm.org/venue/grand-hall/"",""address"":{""@type"":""PostalAddress"",""streetAddress"":""1701 4th Street SW"",""addressLocality"":""Albuquerque"",""addressRegion"":""NM"",""postalCode"":""87102"",""addressCountry"":""United States""},""telephone"":""5057244771"",""sameAs"":""""}",,,"""Organization""","""https://nhccnm.org/wp-content/uploads/2024/05/Happy-Arte-Hour-2024.jpg""",,"{""@context"":""http://schema.org"",""@type"":""Event"",""name"":""Happy Arte Hour"",""description"":""&lt;p&gt;Thursday, October 8, 2026 (please note date has changed from Oct 1) 6:00 pm NHCC | Domenici Education Building NHCC invites adults for artistic fun in a relaxed social setting. [&hellip;]&lt;/p&gt;\\n"",""image"":""https://nhccnm.org/wp-content/uploads/2024/05/Happy-Arte-Hour-2024.jpg"",""url"":""https://nhccnm.org/event/happy-arte-hour-27/"",""eventAttendanceMode"":""https://schema.org/OfflineEventAttendanceMode"",""eventStatus"":""https://schema.org/EventScheduled"",""startDate"":""2026-10-08T00:00:00-06:00"",""endDate"":""2026-10-08T23:59:59-06:00"",""location"":{""@type"":""Place"",""name"":""NHCC | Education Building: Grand Hall"",""description"":"""",""url"":""https://nhccnm.org/venue/grand-hall/"",""address"":{""@type"":""PostalAddress"",""streetAddress"":""1701 4th Street SW"",""addressLocality"":""Albuquerque"",""addressRegion"":""NM"",""postalCode"":""87102"",""addressCountry"":""United States""},""telephone"":""5057244771"",""sameAs"":""""},""performer"":""Organization""}"
2026-10-01T16:03:02Z,nhccnm.org,100096,4bf58dd8d48988d1e5931735|music venue,https://nhccnm.org/event/mundos-de-mestizaje-torreon-tours-28/,Event,mapped_exact,0.000,"Mundos de Mestizaje, Torreón Tours",2026-10-09T00:00:00-06:00,2026-10-10T23:59:59-06:00,https://nhccnm.org/event/mundos-de-mestizaje-torreon-tours-28/,https://schema.org/EventScheduled,https://schema.org/OfflineEventAttendanceMode,&lt;p&gt;Fridays &amp; Saturdays 11:00 am NHCC | Welcome Center and the NHCC Torreón Admission to the Torreon tour is $2. Tickets are available for advance purchase below or can also be [&hellip;]&lt;/p&gt;\n,"{""@type"":""Place"",""name"":""NHCC Torreón"",""description"":"""",""image"":""https://nhccnm.org/wp-content/uploads/2017/08/Torreon.jpg"",""url"":""https://nhccnm.org/venue/nhcc-torreon-2/"",""address"":{""@type"":""PostalAddress"",""streetAddress"":""1701 4th street SW"",""addressLocality"":""Albuquerque"",""addressRegion"":""NM"",""postalCode"":""87102"",""addressCountry"":""United States""},""geo"":{""@type"":""GeoCoordinates"",""latitude"":35.068577,""longitude"":-106.655629},""telephone"":""(505) 246-2261"",""sameAs"":""""}",,,"""Organization""","""https://nhccnm.org/wp-content/uploads/2026/05/Torreon-Photo-2026.jpg""",,"{""@context"":""http://schema.org"",""@type"":""Event"",""name"":""Mundos de Mestizaje, Torreón Tours"",""description"":""&lt;p&gt;Fridays &amp; Saturdays 11:00 am NHCC | Welcome Center and the NHCC Torreón Admission to the Torreon tour is $2. Tickets are available for advance purchase below or can also be [&hellip;]&lt;/p&gt;\\n"",""image"":""https://nhccnm.org/wp-content/uploads/2026/05/Torreon-Photo-2026.jpg"",""url"":""https://nhccnm.org/event/mundos-de-mestizaje-torreon-tours-28/"",""eventAttendanceMode"":""https://schema.org/OfflineEventAttendanceMode"",""eventStatus"":""https://schema.org/EventScheduled"",""startDate"":""2026-10-09T00:00:00-06:00"",""endDate"":""2026-10-10T23:59:59-06:00"",""location"":{""@type"":""Place"",""name"":""NHCC Torreón"",""description"":"""",""image"":""https://nhccnm.org/wp-content/uploads/2017/08/Torreon.jpg"",""url"":""https://nhccnm.org/venue/nhcc-torreon-2/"",""address"":{""@type"":""PostalAddress"",""streetAddress"":""1701 4th street SW"",""addressLocality"":""Albuquerque"",""addressRegion"":""NM"",""postalCode"":""87102"",""addressCountry"":""United States""},""geo"":{""@type"":""GeoCoordinates"",""latitude"":35.068577,""longitude"":-106.655629},""telephone"":""(505) 246-2261"",""sameAs"":""""},""performer"":""Organization""}"
2026-10-01T16:03:02Z,nhccnm.org,100096,4bf58dd8d48988d1e5931735|music venue,https://nhccnm.org/event/herencia-speaker-series-faith-and-resilience/,Event,mapped_exact,0.000,Herencia Speaker Series: Faith and Resilience,2026-10-10T00:00:00-06:00,2026-10-10T23:59:59-06:00,https://nhccnm.org/event/herencia-speaker-series-faith-and-resilience/,https://schema.org/EventScheduled,https://schema.org/OfflineEventAttendanceMode,"&lt;p&gt;Herencia Speaker Series: Faith and Resilience Saturday, October 10, 2026, 10:00 am (Film) &amp; 11:00 (Presentation) NHCC | Salón Ortega Head to the Center for a presentation by Cecilia Navarrete [&hellip;]&lt;/p&gt;\n","{""@type"":""Place"",""name"":""Salón Ortega"",""description"":"""",""image"":""https://nhccnm.org/wp-content/uploads/2015/11/nhcc-salon-ortega.jpg"",""url"":""https://nhccnm.org/venue/salon-ortega/"",""address"":{""@type"":""PostalAddress"",""streetAddress"":""1701 4th Street SW"",""addressLocality"":""Albuquerque"",""addressRegion"":""NM"",""postalCode"":""87102""},""telephone"":""5057244771"",""sameAs"":""""}",,,"""Organization""","""https://nhccnm.org/wp-content/uploads/2026/08/Herencia-October-26-Web.png""",,"{""@context"":""http://schema.org"",""@type"":""Event"",""name"":""Herencia Speaker Series: Faith and Resilience"",""description"":""&lt;p&gt;Herencia Speaker Series: Faith and Resilience Saturday, October 10, 2026, 10:00 am (Film) &amp; 11:00 (Presentation) NHCC | Salón Ortega Head to the Center for a presentation by Cecilia Navarrete [&hellip;]&lt;/p&gt;\\n"",""image"":""https://nhccnm.org/wp-content/uploads/2026/08/Herencia-October-26-Web.png"",""url"":""https://nhccnm.org/event/herencia-speaker-series-faith-and-resilience/"",""eventAttendanceMode"":""https://schema.org/OfflineEventAttendanceMode"",""eventStatus"":""https://schema.org/EventScheduled"",""startDate"":""2026-10-10T00:00:00-06:00"",""endDate"":""2026-10-10T23:59:59-06:00"",""location"":{""@type"":""Place"",""name"":""Salón Ortega"",""description"":"""",""image"":""https://nhccnm.org/wp-content/uploads/2015/11/nhcc-salon-ortega.jpg"",""url"":""https://nhccnm.org/venue/salon-ortega/"",""address"":{""@type"":""PostalAddress"",""streetAddress"":""1701 4th Street SW"",""addressLocality"":""Albuquerque"",""addressRegion"":""NM"",""postalCode"":""87102""},""telephone"":""5057244771"",""sameAs"":""""},""performer"":""Organization""}"
2026-10-01T16:03:02Z,nhccnm.org,100096,4bf58dd8d48988d1e5931735|music venue,https://nhccnm.org/event/muertos-y-marigolds-workshop-papel-picado/,Event,mapped_exact,0.000,Muertos y Marigolds Workshop: Papel Picado,2026-10-10T00:00:00-06:00,2026-10-10T23:59:59-06:00,https://nhccnm.org/event/muertos-y-marigolds-workshop-papel-picado/,https://schema.org/EventScheduled,https://schema.org/OfflineEventAttendanceMode,"&lt;p&gt;Muertos y Marigolds Workshop: Papel Picado Saturday, October 10, 2026 12:00 – 3:00 pm Pete V. Domenici Education Building – Creative Classroom Join local grassroots arts organization Muertos y Marigolds [&hellip;]&lt;/p&gt;\n","{""@type"":""Place"",""name"":""Domenici Education Building"",""description"":"""",""image"":""https://nhccnm.org/wp-content/uploads/2015/11/pete-v-domenici-education-center-scaled.jpg"",""url"":""https://nhccnm.org/venue/domenici-education-building/"",""address"":{""@type"":""PostalAddress"",""streetAddress"":""1701 4th Street SW"",""addressLocality"":""Albuquerque"",""addressRegion"":""NM"",""postalCode"":""87102""},""telephone"":""5057244771"",""sameAs"":""""}",,,"""Organization""","""https://nhccnm.org/wp-content/uploads/2026/09/Screenshot_2023-09-01_at_7.47.15_PM.jpeg""",,"{""@context"":""http://schema.org"",""@type"":""Event"",""name"":""Muertos y Marigolds Workshop: Papel Picado"",""description"":""&lt;p&gt;Muertos y Marigolds Workshop: Papel Picado Saturday, October 10, 2026 12:00 – 3:00 pm Pete V. Domenici Education Building – Creative Classroom Join local grassroots arts organization Muertos y Marigolds [&hellip;]&lt;/p&gt;\\n"",""image"":""https://nhccnm.org/wp-content/uploads/2026/09/Screenshot_2023-09-01_at_7.47.15_PM.jpeg"",""url"":""https://nhccnm.org/event/muertos-y-marigolds-workshop-papel-picado/"",""eventAttendanceMode"":""https://schema.org/OfflineEventAttendanceMode"",""eventStatus"":""https://schema.org/EventScheduled"",""startDate"":""2026-10-10T00:00:00-06:00"",""endDate"":""2026-10-10T23:59:59-06:00"",""location"":{""@type"":""Place"",""name"":""Domenici Education Building"",""description"":"""",""image"":""https://nhccnm.org/wp-content/uploads/2015/11/pete-v-domenici-education-center-scaled.jpg"",""url"":""https://nhccnm.org/venue/domenici-education-building/"",""address"":{""@type"":""PostalAddress"",""streetAddress"":""1701 4th Street SW"",""addressLocality"":""Albuquerque"",""addressRegion"":""NM"",""postalCode"":""87102""},""telephone"":""5057244771"",""sameAs"":""""},""performer"":""Organization""}"
2026-10-01T16:03:02Z,nhccnm.org,100096,4bf58dd8d48988d1e5931735|music venue,https://nhccnm.org/event/saturday-special-visual-arts-museum-tour-5/,Event,mapped_exact,0.000,Saturday Special: Visual Arts Museum Tour,2026-10-10T00:00:00-06:00,2026-10-10T23:59:59-06:00,https://nhccnm.org/event/saturday-special-visual-arts-museum-tour-5/,https://schema.org/EventScheduled,https://schema.org/OfflineEventAttendanceMode,"&lt;p&gt;1:00 pm NHCC | Visual Arts Museum The art museum tour at the National Hispanic Cultural Center offers a journey through Hispanic, Chicano, LatinX and Latin American art. Visitors are [&hellip;]&lt;/p&gt;\n","{""@type"":""Place"",""name"":""Visual Art Museum"",""description"":"""",""image"":""https://nhccnm.org/wp-content/uploads/2015/11/venue-art-museum-scaled.jpg"",""url"":""https://nhccnm.org/venue/art-museum/"",""address"":{""@type"":""PostalAddress"",""streetAddress"":""1701 4th Street SW"",""addressLocality"":""Albuquerque"",""addressRegion"":""NM"",""postalCode"":""87102"",""addressCountry"":""United States""},""telephone"":""5057244771"",""sameAs"":""""}",,,"""Organization""","""https://nhccnm.org/wp-content/uploads/2026/07/nhcc-va-museum-graphic.jpg""",,"{""@context"":""http://schema.org"",""@type"":""Event"",""name"":""Saturday Special: Visual Arts Museum Tour"",""description"":""&lt;p&gt;1:00 pm NHCC | Visual Arts Museum The art museum tour at the National Hispanic Cultural Center offers a journey through Hispanic, Chicano, LatinX and Latin American art. Visitors are [&hellip;]&lt;/p&gt;\\n"",""image"":""https://nhccnm.org/wp-content/uploads/2026/07/nhcc-va-museum-graphic.jpg"",""url"":""https://nhccnm.org/event/saturday-special-visual-arts-museum-tour-5/"",""eventAttendanceMode"":""https://schema.org/OfflineEventAttendanceMode"",""eventStatus"":""https://schema.org/EventScheduled"",""startDate"":""2026-10-10T00:00:00-06:00"",""endDate"":""2026-10-10T23:59:59-06:00"",""location"":{""@type"":""Place"",""name"":""Visual Art Museum"",""description"":"""",""image"":""https://nhccnm.org/wp-content/uploads/2015/11/venue-art-museum-scaled.jpg"",""url"":""https://nhccnm.org/venue/art-museum/"",""address"":{""@type"":""PostalAddress"",""streetAddress"":""1701 4th Street SW"",""addressLocality"":""Albuquerque"",""addressRegion"":""NM"",""postalCode"":""87102"",""addressCountry"":""United States""},""telephone"":""5057244771"",""sameAs"":""""},""performer"":""Organization""}"
2026-10-01T16:03:02Z,nhccnm.org,100096,4bf58dd8d48988d1e5931735|music venue,https://nhccnm.org/event/nm-philharmonic-young-musical-stars-play-tchaikovsky-schumann/,Event,mapped_exact,0.000,NM Philharmonic: Young Musical Stars Play Tchaikovsky &#038; Schumann,2026-10-11T00:00:00-06:00,2026-10-11T23:59:59-06:00,https://nhccnm.org/event/nm-philharmonic-young-musical-stars-play-tchaikovsky-schumann/,https://schema.org/EventScheduled,https://schema.org/OfflineEventAttendanceMode,"&lt;p&gt;NM Philharmonic: Young Musical Stars Play Tchaikovsky &amp; Schumann Sunday, October 11, 2026 2:00 pm NHCC | Albuquerque Journal Theatre 2026/2027 AFTERNOON CLASSICS at NHCC New Mexico Philharmonic presents Young [&hellip;]&lt;/p&gt;\n","{""@type"":""Place"",""name"":""Roy E. Disney Center for Performing Arts: Albuquerque Journal Theatre"",""description"":""&lt;p&gt;This 691-seat proscenium theatre is the centerpiece of the REDCPA, integrating the latest in theatre design with unique and stunning aesthetics. The flowing curves of the interior construction contribute to [&hellip;]&lt;/p&gt;\\n"",""image"":""https://nhccnm.org/wp-content/uploads/2015/05/rental-abqjournal-stage.jpg"",""url"":""https://nhccnm.org/venue/albuquerque-journal-theatre/"",""address"":{""@type"":""PostalAddress"",""streetAddress"":""1701 4th St SW"",""addressLocality"":""Albuquerque"",""addressRegion"":""NM"",""postalCode"":""87102""},""geo"":{""@type"":""GeoCoordinates"",""latitude"":35.068577,""longitude"":-106.655629},""telephone"":""(505)724-4771"",""sameAs"":""""}",,,"""Organization""","""https://nhccnm.org/wp-content/uploads/2025/07/NM-Philharmonic-FB-Header.jpg""",,"{""@context"":""http://schema.org"",""@type"":""Event"",""name"":""NM Philharmonic: Young Musical Stars Play Tchaikovsky &#038; Schumann"",""description"":""&lt;p&gt;NM Philharmonic: Young Musical Stars Play Tchaikovsky &amp; Schumann Sunday, October 11, 2026 2:00 pm NHCC | Albuquerque Journal Theatre 2026/2027 AFTERNOON CLASSICS at NHCC New Mexico Philharmonic presents Young [&hellip;]&lt;/p&gt;\\n"",""image"":""https://nhccnm.org/wp-content/uploads/2025/07/NM-Philharmonic-FB-Header.jpg"",""url"":""https://nhccnm.org/event/nm-philharmonic-young-musical-stars-play-tchaikovsky-schumann/"",""eventAttendanceMode"":""https://schema.org/OfflineEventAttendanceMode"",""eventStatus"":""https://schema.org/EventScheduled"",""startDate"":""2026-10-11T00:00:00-06:00"",""endDate"":""2026-10-11T23:59:59-06:00"",""location"":{""@type"":""Place"",""name"":""Roy E. Disney Center for Performing Arts: Albuquerque Journal Theatre"",""description"":""&lt;p&gt;This 691-seat proscenium theatre is the centerpiece of the REDCPA, integrating the latest in theatre design with unique and stunning aesthetics. The flowing curves of the interior construction contribute to [&hellip;]&lt;/p&gt;\\n"",""image"":""https://nhccnm.org/wp-content/uploads/2015/05/rental-abqjournal-stage.jpg"",""url"":""https://nhccnm.org/venue/albuquerque-journal-theatre/"",""address"":{""@type"":""PostalAddress"",""streetAddress"":""1701 4th St SW"",""addressLocality"":""Albuquerque"",""addressRegion"":""NM"",""postalCode"":""87102""},""geo"":{""@type"":""GeoCoordinates"",""latitude"":35.068577,""longitude"":-106.655629},""telephone"":""(505)724-4771"",""sameAs"":""""},""performer"":""Organization""}"
2026-10-01T16:03:02Z,explora.us,100096,4bf58dd8d48988d191941735|science museum,https://www.explora.us/events/,Event,mapped_seed_site,,Crafternoon,2026-10-11T07:00:00-06:00,2026-10-11T09:00:00-06:00,https://www.explora.us/events/crafternoon-22/,https://schema.org/EventScheduled,https://schema.org/OfflineEventAttendanceMode,"Create ribbon jewelry! Learn some new jewelry-making skills and make a simple, romantic-inspired accessory. For teens 13-19","{""@type"":""Place"",""name"":""X Studio"",""image"":""https://www.explora.us/wp-content/uploads/2023/04/X-Studio-Exterior-scaled-e1681153023878.jpeg"",""address"":""1701 Mountain Road NW, Albuquerque, NM 87104""}","{""url"":""https://www.explora.us/events/crafternoon-22/"",""price"":""0"",""priceCurrency"":""USD"",""availability"":""https://schema.org/InStock"",""validFrom"":""2026-10-11T00:00""}","{""@type"":""Person"",""name"":"""",""url"":""""}",,,,"{""@context"":""http://schema.org"",""@type"":""Event"",""eventStatus"":""https://schema.org/EventScheduled"",""startDate"":""2026-10-11T07:00:00-06:00"",""endDate"":""2026-10-11T09:00:00-06:00"",""eventAttendanceMode"":""https://schema.org/OfflineEventAttendanceMode"",""location"":{""@type"":""Place"",""name"":""X Studio"",""image"":""https://www.explora.us/wp-content/uploads/2023/04/X-Studio-Exterior-scaled-e1681153023878.jpeg"",""address"":""1701 Mountain Road NW, Albuquerque, NM 87104""},""organizer"":{""@type"":""Person"",""name"":"""",""url"":""""},""offers"":{""url"":""https://www.explora.us/events/crafternoon-22/"",""price"":""0"",""priceCurrency"":""USD"",""availability"":""https://schema.org/InStock"",""validFrom"":""2026-10-11T00:00""},""performer"":"""",""description"":""Create ribbon jewelry! Learn some new jewelry-making skills and make a simple, romantic-inspired accessory.    For teens 13-19"",""image"":"""",""name"":""Crafternoon"",""url"":""https://www.explora.us/events/crafternoon-22/""}"
2026-10-01T16:03:02Z,explora.us,100096,4bf58dd8d48988d191941735|science museum,https://www.explora.us/events/,Event,mapped_seed_site,,Halloween Series: Costume Creation,2026-10-11T07:00:00-06:00,2026-10-11T09:00:00-06:00,https://www.explora.us/events/halloween-series-costume-creation/,https://schema.org/EventScheduled,https://schema.org/OfflineEventAttendanceMode,Learn the basics of sewing in preparation for Halloween! For teens 13-19,"{""@type"":""Place"",""name"":""X Studio"",""image"":""https://www.explora.us/wp-content/uploads/2023/04/X-Studio-Exterior-scaled-e1681153023878.jpeg"",""address"":""1701 Mountain Road NW, Albuquerque, NM 87104""}","{""url"":""https://www.explora.us/events/halloween-series-costume-creation/"",""price"":""0"",""priceCurrency"":""USD"",""availability"":""https://schema.org/InStock"",""validFrom"":""2026-10-11T00:00""}","{""@type"":""Person"",""name"":"""",""url"":""""}",,,,"{""@context"":""http://schema.org"",""@type"":""Event"",""eventStatus"":""https://schema.org/EventScheduled"",""startDate"":""2026-10-11T07:00:00-06:00"",""endDate"":""2026-10-11T09:00:00-06:00"",""eventAttendanceMode"":""https://schema.org/OfflineEventAttendanceMode"",""location"":{""@type"":""Place"",""name"":""X Studio"",""image"":""https://www.explora.us/wp-content/uploads/2023/04/X-Studio-Exterior-scaled-e1681153023878.jpeg"",""address"":""1701 Mountain Road NW, Albuquerque, NM 87104""},""organizer"":{""@type"":""Person"",""name"":"""",""url"":""""},""offers"":{""url"":""https://www.explora.us/events/halloween-series-costume-creation/"",""price"":""0"",""priceCurrency"":""USD"",""availability"":""https://schema.org/InStock"",""validFrom"":""2026-10-11T00:00""},""performer"":"""",""description"":""Learn the basics of sewing in preparation for Halloween!    For teens 13-19"",""image"":"""",""name"":""Halloween Series: Costume Creation"",""url"":""https://www.explora.us/events/halloween-series-costume-creation/""}"
2026-10-01T16:03:02Z,nhccnm.org,100096,4bf58dd8d48988d1e5931735|music venue,https://nhccnm.org/event/mundos-de-mestizaje-torreon-tours-29/,Event,mapped_exact,0.000,"Mundos de Mestizaje, Torreón Tours",2026-10-16T00:00:00-06:00,2026-10-17T23:59:59-06:00,https://nhccnm.org/event/mundos-de-mestizaje-torreon-tours-29/,https://schema.org/EventScheduled,https://schema.org/OfflineEventAttendanceMode,&lt;p&gt;Fridays &amp; Saturdays 11:00 am NHCC | Welcome Center and the NHCC Torreón Admission to the Torreon tour is $2. Tickets are available for advance purchase below or can also be [&hellip;]&lt;/p&gt;\n,"{""@type"":""Place"",""name"":""NHCC Torreón"",""description"":"""",""image"":""https://nhccnm.org/wp-content/uploads/2017/08/Torreon.jpg"",""url"":""https://nhccnm.org/venue/nhcc-torreon-2/"",""address"":{""@type"":""PostalAddress"",""streetAddress"":""1701 4th street SW"",""addressLocality"":""Albuquerque"",""addressRegion"":""NM"",""postalCode"":""87102"",""addressCountry"":""United States""},""geo"":{""@type"":""GeoCoordinates"",""latitude"":35.068577,""longitude"":-106.655629},""telephone"":""(505) 246-2261"",""sameAs"":""""}",,,"""Organization""","""https://nhccnm.org/wp-content/uploads/2026/05/Torreon-Photo-2026.jpg""",,"{""@context"":""http://schema.org"",""@type"":""Event"",""name"":""Mundos de Mestizaje, Torreón Tours"",""description"":""&lt;p&gt;Fridays &amp; Saturdays 11:00 am NHCC | Welcome Center and the NHCC Torreón Admission to the Torreon tour is $2. Tickets are available for advance purchase below or can also be [&hellip;]&lt;/p&gt;\\n"",""image"":""https://nhccnm.org/wp-content/uploads/2026/05/Torreon-Photo-2026.jpg"",""url"":""https://nhccnm.org/event/mundos-de-mestizaje-torreon-tours-29/"",""eventAttendanceMode"":""https://schema.org/OfflineEventAttendanceMode"",""eventStatus"":""https://schema.org/EventScheduled"",""startDate"":""2026-10-16T00:00:00-06:00"",""endDate"":""2026-10-17T23:59:59-06:00"",""location"":{""@type"":""Place"",""name"":""NHCC Torreón"",""description"":"""",""image"":""https://nhccnm.org/wp-content/uploads/2017/08/Torreon.jpg"",""url"":""https://nhccnm.org/venue/nhcc-torreon-2/"",""address"":{""@type"":""PostalAddress"",""streetAddress"":""1701 4th street SW"",""addressLocality"":""Albuquerque"",""addressRegion"":""NM"",""postalCode"":""87102"",""addressCountry"":""United States""},""geo"":{""@type"":""GeoCoordinates"",""latitude"":35.068577,""longitude"":-106.655629},""telephone"":""(505) 246-2261"",""sameAs"":""""},""performer"":""Organization""}"
2026-10-01T16:03:02Z,explora.us,100096,4bf58dd8d48988d191941735|science museum,https://www.explora.us/events/,Event,mapped_seed_site,,Fix-It Friday,2026-10-16T09:00:00-06:00,2026-10-16T12:00:00-06:00,https://www.explora.us/events/fix-it-friday-30/,https://schema.org/EventScheduled,https://schema.org/OfflineEventAttendanceMode,Did your Bluetooth speaker stop working? Label maker screen not visible? Bring in your small to midsize home electronics and fix it Friday. For teens 13-19,"{""@type"":""Place"",""name"":""X Studio"",""image"":""https://www.explora.us/wp-content/uploads/2023/04/X-Studio-Exterior-scaled-e1681153023878.jpeg"",""address"":""1701 Mountain Road NW, Albuquerque, NM 87104""}","{""url"":""https://www.explora.us/events/fix-it-friday-30/"",""price"":""0"",""priceCurrency"":""USD"",""availability"":""https://schema.org/InStock"",""validFrom"":""2026-10-16T00:00""}","{""@type"":""Person"",""name"":"""",""url"":""""}",,,,"{""@context"":""http://schema.org"",""@type"":""Event"",""eventStatus"":""https://schema.org/EventScheduled"",""startDate"":""2026-10-16T09:00:00-06:00"",""endDate"":""2026-10-16T12:00:00-06:00"",""eventAttendanceMode"":""https://schema.org/OfflineEventAttendanceMode"",""location"":{""@type"":""Place"",""name"":""X Studio"",""image"":""https://www.explora.us/wp-content/uploads/2023/04/X-Studio-Exterior-scaled-e1681153023878.jpeg"",""address"":""1701 Mountain Road NW, Albuquerque, NM 87104""},""organizer"":{""@type"":""Person"",""name"":"""",""url"":""""},""offers"":{""url"":""https://www.explora.us/events/fix-it-friday-30/"",""price"":""0"",""priceCurrency"":""USD"",""availability"":""https://schema.org/InStock"",""validFrom"":""2026-10-16T00:00""},""performer"":"""",""description"":""Did your Bluetooth speaker stop working? Label maker screen not visible? Bring in your small to midsize home electronics and fix it Friday.    For teens 13-19"",""image"":"""",""name"":""Fix-It Friday"",""url"":""https://www.explora.us/events/fix-it-friday-30/""}"
2026-10-01T16:03:02Z,explora.us,100096,4bf58dd8d48988d191941735|science museum,https://www.explora.us/events/,Event,mapped_seed_site,,Adult Night: Nightmare at the Museum,2026-10-16T12:00:00-06:00,2026-10-16T15:00:00-06:00,https://www.explora.us/events/adult-night-nightmare-at-the-museum/,https://schema.org/EventScheduled,https://schema.org/OfflineEventAttendanceMode,"Step into a world of eerie experiments, potions, and bizarre biology as the museum transforms into a laboratory of strange science and spooky surprises. Costumes encouraged!","{""@type"":""Place"",""name"":"""",""image"":"""",""address"":""""}","{""url"":""https://www.explora.us/events/adult-night-nightmare-at-the-museum/"",""price"":""0"",""priceCurrency"":""USD"",""availability"":""https://schema.org/InStock"",""validFrom"":""2026-10-16T00:00""}","{""@type"":""Person"",""name"":"""",""url"":""""}",,"""https://www.explora.us/wp-content/uploads/2026/04/Explora_Adult-Night_Nightmare-at-the-Museum_F1_1080x1080_091726.png""",,"{""@context"":""http://schema.org"",""@type"":""Event"",""eventStatus"":""https://schema.org/EventScheduled"",""startDate"":""2026-10-16T12:00:00-06:00"",""endDate"":""2026-10-16T15:00:00-06:00"",""eventAttendanceMode"":""https://schema.org/OfflineEventAttendanceMode"",""location"":{""@type"":""Place"",""name"":"""",""image"":"""",""address"":""""},""organizer"":{""@type"":""Person"",""name"":"""",""url"":""""},""offers"":{""url"":""https://www.explora.us/events/adult-night-nightmare-at-the-museum/"",""price"":""0"",""priceCurrency"":""USD"",""availability"":""https://schema.org/InStock"",""validFrom"":""2026-10-16T00:00""},""performer"":"""",""description"":""Step into a world of eerie experiments, potions, and bizarre biology as the museum transforms into a laboratory of strange science and spooky surprises. Costumes encouraged! "",""image"":""https://www.explora.us/wp-content/uploads/2026/04/Explora_Adult-Night_Nightmare-at-the-Museum_F1_1080x1080_091726.png"",""name"":""Adult Night: Nightmare at the Museum"",""url"":""https://www.explora.us/events/adult-night-nightmare-at-the-museum/""}"
2026-10-01T16:03:02Z,nhccnm.org,100096,4bf58dd8d48988d1e5931735|music venue,https://nhccnm.org/event/ballet-58-the-curious-life-of-edgar-allan-poe/,Event,mapped_exact,0.000,Ballet 5:8: The Curious Life of Edgar Allan Poe,2026-10-17T00:00:00-06:00,2026-10-17T23:59:59-06:00,https://nhccnm.org/event/ballet-58-the-curious-life-of-edgar-allan-poe/,https://schema.org/EventScheduled,https://schema.org/OfflineEventAttendanceMode,"&lt;p&gt;Ballet 5:8: The Curious Life of Edgar Allan Poe Saturday, October 17, 2026 7:00 pm NHCC | Albuquerque Journal Theatre Ballet 5:8 presents The Curious Life of Edgar Allan Poe. [&hellip;]&lt;/p&gt;\n","{""@type"":""Place"",""name"":""Roy E. Disney Center for Performing Arts: Albuquerque Journal Theatre"",""description"":""&lt;p&gt;This 691-seat proscenium theatre is the centerpiece of the REDCPA, integrating the latest in theatre design with unique and stunning aesthetics. The flowing curves of the interior construction contribute to [&hellip;]&lt;/p&gt;\\n"",""image"":""https://nhccnm.org/wp-content/uploads/2015/05/rental-abqjournal-stage.jpg"",""url"":""https://nhccnm.org/venue/albuquerque-journal-theatre/"",""address"":{""@type"":""PostalAddress"",""streetAddress"":""1701 4th St SW"",""addressLocality"":""Albuquerque"",""addressRegion"":""NM"",""postalCode"":""87102""},""geo"":{""@type"":""GeoCoordinates"",""latitude"":35.068577,""longitude"":-106.655629},""telephone"":""(505)724-4771"",""sameAs"":""""}",,,"""Organization""","""https://nhccnm.org/wp-content/uploads/2026/07/Edgar-Allan-Poe-graphic-120x1200-1.jpg""",,"{""@context"":""http://schema.org"",""@type"":""Event"",""name"":""Ballet 5:8: The Curious Life of Edgar Allan Poe"",""description"":""&lt;p&gt;Ballet 5:8: The Curious Life of Edgar Allan Poe Saturday, October 17, 2026 7:00 pm NHCC | Albuquerque Journal Theatre Ballet 5:8 presents The Curious Life of Edgar Allan Poe. [&hellip;]&lt;/p&gt;\\n"",""image"":""https://nhccnm.org/wp-content/uploads/2026/07/Edgar-Allan-Poe-graphic-120x1200-1.jpg"",""url"":""https://nhccnm.org/event/ballet-58-the-curious-life-of-edgar-allan-poe/"",""eventAttendanceMode"":""https://schema.org/OfflineEventAttendanceMode"",""eventStatus"":""https://schema.org/EventScheduled"",""startDate"":""2026-10-17T00:00:00-06:00"",""endDate"":""2026-10-17T23:59:59-06:00"",""location"":{""@type"":""Place"",""name"":""Roy E. Disney Center for Performing Arts: Albuquerque Journal Theatre"",""description"":""&lt;p&gt;This 691-seat proscenium theatre is the centerpiece of the REDCPA, integrating the latest in theatre design with unique and stunning aesthetics. The flowing curves of the interior construction contribute to [&hellip;]&lt;/p&gt;\\n"",""image"":""https://nhccnm.org/wp-content/uploads/2015/05/rental-abqjournal-stage.jpg"",""url"":""https://nhccnm.org/venue/albuquerque-journal-theatre/"",""address"":{""@type"":""PostalAddress"",""streetAddress"":""1701 4th St SW"",""addressLocality"":""Albuquerque"",""addressRegion"":""NM"",""postalCode"":""87102""},""geo"":{""@type"":""GeoCoordinates"",""latitude"":35.068577,""longitude"":-106.655629},""telephone"":""(505)724-4771"",""sameAs"":""""},""performer"":""Organization""}"
2026-10-01T16:03:02Z,nhccnm.org,100096,4bf58dd8d48988d1e5931735|music venue,https://nhccnm.org/event/muertos-y-marigolds-workshop-mosaics/,Event,mapped_exact,0.000,Muertos y Marigolds Workshop: Mosaics,2026-10-17T00:00:00-06:00,2026-10-17T23:59:59-06:00,https://nhccnm.org/event/muertos-y-marigolds-workshop-mosaics/,https://schema.org/EventScheduled,https://schema.org/OfflineEventAttendanceMode,"&lt;p&gt;Muertos y Marigolds Workshop: Mosaics Saturday, October 17, 2026 12:00 – 3:00 pm Pete V. Domenici Education Building – Creative Classroom Join local grassroots arts organization Muertos y Marigolds for [&hellip;]&lt;/p&gt;\n","{""@type"":""Place"",""name"":""Domenici Education Building"",""description"":"""",""image"":""https://nhccnm.org/wp-content/uploads/2015/11/pete-v-domenici-education-center-scaled.jpg"",""url"":""https://nhccnm.org/venue/domenici-education-building/"",""address"":{""@type"":""PostalAddress"",""streetAddress"":""1701 4th Street SW"",""addressLocality"":""Albuquerque"",""addressRegion"":""NM"",""postalCode"":""87102""},""telephone"":""5057244771"",""sameAs"":""""}",,,"""Organization""","""https://nhccnm.org/wp-content/uploads/2026/09/Screenshot_2023-09-01_at_7.47.15_PM.jpeg""",,"{""@context"":""http://schema.org"",""@type"":""Event"",""name"":""Muertos y Marigolds Workshop: Mosaics"",""description"":""&lt;p&gt;Muertos y Marigolds Workshop: Mosaics Saturday, October 17, 2026 12:00 – 3:00 pm Pete V. Domenici Education Building – Creative Classroom Join local grassroots arts organization Muertos y Marigolds for [&hellip;]&lt;/p&gt;\\n"",""image"":""https://nhccnm.org/wp-content/uploads/2026/09/Screenshot_2023-09-01_at_7.47.15_PM.jpeg"",""url"":""https://nhccnm.org/event/muertos-y-marigolds-workshop-mosaics/"",""eventAttendanceMode"":""https://schema.org/OfflineEventAttendanceMode"",""eventStatus"":""https://schema.org/EventScheduled"",""startDate"":""2026-10-17T00:00:00-06:00"",""endDate"":""2026-10-17T23:59:59-06:00"",""location"":{""@type"":""Place"",""name"":""Domenici Education Building"",""description"":"""",""image"":""https://nhccnm.org/wp-content/uploads/2015/11/pete-v-domenici-education-center-scaled.jpg"",""url"":""https://nhccnm.org/venue/domenici-education-building/"",""address"":{""@type"":""PostalAddress"",""streetAddress"":""1701 4th Street SW"",""addressLocality"":""Albuquerque"",""addressRegion"":""NM"",""postalCode"":""87102""},""telephone"":""5057244771"",""sameAs"":""""},""performer"":""Organization""}"
2026-10-01T16:03:02Z,explora.us,100096,4bf58dd8d48988d191941735|science museum,https://www.explora.us/events/,Event,mapped_seed_site,,Science Saturday: Units of Life,2026-10-17T09:00:00-06:00,2026-10-17T10:00:00-06:00,https://www.explora.us/events/science-saturday-units-of-life-3/,https://schema.org/EventScheduled,https://schema.org/OfflineEventAttendanceMode,Compare single-celled organisms with plant cells and your own cells under a microscope! For teens 13-19,"{""@type"":""Place"",""name"":""X Studio"",""image"":""https://www.explora.us/wp-content/uploads/2023/04/X-Studio-Exterior-scaled-e1681153023878.jpeg"",""address"":""1701 Mountain Road NW, Albuquerque, NM 87104""}","{""url"":""https://www.explora.us/events/science-saturday-units-of-life-3/"",""price"":""0"",""priceCurrency"":""USD"",""availability"":""https://schema.org/InStock"",""validFrom"":""2026-10-17T00:00""}","{""@type"":""Person"",""name"":"""",""url"":""""}",,,,"{""@context"":""http://schema.org"",""@type"":""Event"",""eventStatus"":""https://schema.org/EventScheduled"",""startDate"":""2026-10-17T09:00:00-06:00"",""endDate"":""2026-10-17T10:00:00-06:00"",""eventAttendanceMode"":""https://schema.org/OfflineEventAttendanceMode"",""location"":{""@type"":""Place"",""name"":""X Studio"",""image"":""https://www.explora.us/wp-content/uploads/2023/04/X-Studio-Exterior-scaled-e1681153023878.jpeg"",""address"":""1701 Mountain Road NW, Albuquerque, NM 87104""},""organizer"":{""@type"":""Person"",""name"":"""",""url"":""""},""offers"":{""url"":""https://www.explora.us/events/science-saturday-units-of-life-3/"",""price"":""0"",""priceCurrency"":""USD"",""availability"":""https://schema.org/InStock"",""validFrom"":""2026-10-17T00:00""},""performer"":"""",""description"":""Compare single-celled organisms with plant cells and your own cells under a microscope!    For teens 13-19"",""image"":"""",""name"":""Science Saturday: Units of Life"",""url"":""https://www.explora.us/events/science-saturday-units-of-life-3/""}"
2026-10-01T16:03:02Z,ticketmaster.com,100070,4bf58dd8d48988d1e5931735|music venue,https://www.ticketmaster.com/aborted-tickets/artist/1414268,MusicEvent,mapped_exact,0.000,Nekrogoblikon w/ Aborted,2026-10-17T20:00:00,2026-10-17,https://www.ticketmaster.com/event/Z7r9jZ1A7PfZs,https://schema.org/EventScheduled,https://schema.org/OfflineEventAttendanceMode,"Nekrogoblikon w/ Aborted | Saturday, Oct 17, 2026, 8:00 PM | Sunshine Theatre, Albuquerque","{""@type"":""Place"",""name"":""Sunshine Theatre"",""sameAs"":""https://www.ticketmaster.com/"",""address"":{""@type"":""PostalAddress"",""streetAddress"":""120 Central Ave SW"",""addressLocality"":""Albuquerque"",""addressRegion"":""NM"",""postalCode"":""87102"",""addressCountry"":""US""},""geo"":{""@type"":""GeoCoordinates"",""latitude"":35.081501,""longitude"":-106.646896}}","{""@type"":""Offer"",""availability"":""http://schema.org/InStock"",""description"":""Nekrogoblikon w/ Aborted | Saturday, Oct 17, 2026, 8:00 PM | Sunshine Theatre, Albuquerque"",""url"":""https://www.ticketmaster.com/event/Z7r9jZ1A7PfZs"",""validFrom"":""1899-12-31T23:00:00"",""availabilityStarts"":""1899-12-31T23:00:00""}",,"[{""@type"":""MusicGroup"",""name"":""Nekrogoblikon"",""sameAs"":""https://www.ticketmaster.com/nekrogoblikon-tickets/artist/1524223""},{""@type"":""MusicGroup"",""name"":""Aborted""},{""@type"":""MusicGroup"",""name"":""Signs of the Swarm""},{""@type"":""MusicGroup"",""name"":""Party Cannon""}]","[""https://s1.ticketm.net/dam/a/db8/01eb1c1d-ff62-441a-a11a-71197c9dddb8_RETINA_PORTRAIT_3_2.jpg"",{""@type"":""ImageObject"",""url"":""https://content.resale.ticketmaster.com/graphics/TMResale/2/VenueMaps/3859-0-0-1-GAStage71229.png"",""name"":""Sunshine Theatre Seating Chart, Nekrogoblikon w/ Aborted"",""caption"":""Seating chart for Nekrogoblikon w/ Aborted at Sunshine Theatre, Albuquerque""}]",,"{""@context"":""http://schema.org"",""@type"":""MusicEvent"",""url"":""https://www.ticketmaster.com/event/Z7r9jZ1A7PfZs"",""name"":""Nekrogoblikon w/ Aborted"",""description"":""Nekrogoblikon w/ Aborted | Saturday, Oct 17, 2026, 8:00 PM | Sunshine Theatre, Albuquerque"",""image"":[""https://s1.ticketm.net/dam/a/db8/01eb1c1d-ff62-441a-a11a-71197c9dddb8_RETINA_PORTRAIT_3_2.jpg"",{""@type"":""ImageObject"",""url"":""https://content.resale.ticketmaster.com/graphics/TMResale/2/VenueMaps/3859-0-0-1-GAStage71229.png"",""name"":""Sunshine Theatre Seating Chart, Nekrogoblikon w/ Aborted"",""caption"":""Seating chart for Nekrogoblikon w/ Aborted at Sunshine Theatre, Albuquerque""}],""startDate"":""2026-10-17T20:00:00"",""endDate"":""2026-10-17"",""eventStatus"":""https://schema.org/EventScheduled"",""eventAttendanceMode"":""https://schema.org/OfflineEventAttendanceMode"",""location"":{""@type"":""Place"",""name"":""Sunshine Theatre"",""sameAs"":""https://www.ticketmaster.com/"",""address"":{""@type"":""PostalAddress"",""streetAddress"":""120 Central Ave SW"",""addressLocality"":""Albuquerque"",""addressRegion"":""NM"",""postalCode"":""87102"",""addressCountry"":""US""},""geo"":{""@type"":""GeoCoordinates"",""latitude"":35.081501,""longitude"":-106.646896}},""offers"":{""@type"":""Offer"",""availability"":""http://schema.org/InStock"",""description"":""Nekrogoblikon w/ Aborted | Saturday, Oct 17, 2026, 8:00 PM | Sunshine Theatre, Albuquerque"",""url"":""https://www.ticketmaster.com/event/Z7r9jZ1A7PfZs"",""validFrom"":""1899-12-31T23:00:00"",""availabilityStarts"":""1899-12-31T23:00:00""},""performer"":[{""@type"":""MusicGroup"",""name"":""Nekrogoblikon"",""sameAs"":""https://www.ticketmaster.com/nekrogoblikon-tickets/artist/1524223""},{""@type"":""MusicGroup"",""name"":""Aborted""},{""@type"":""MusicGroup"",""name"":""Signs of the Swarm""},{""@type"":""MusicGroup"",""name"":""Party Cannon""}]}"
2026-10-01T16:03:02Z,nhccnm.org,100096,4bf58dd8d48988d1e5931735|music venue,https://nhccnm.org/event/ballet-58-la-llorona/,Event,mapped_exact,0.000,Ballet 5:8: La Llorona,2026-10-18T00:00:00-06:00,2026-10-18T23:59:59-06:00,https://nhccnm.org/event/ballet-58-la-llorona/,https://schema.org/EventScheduled,https://schema.org/OfflineEventAttendanceMode,"&lt;p&gt;Ballet 5:8: La Llorona Sunday, October 18, 2026 3:00 pm NHCC | Albuquerque Journal Theatre Ballet 5:8 presents La Llorona. La Llorona reimagines the legendary figure through the story of [&hellip;]&lt;/p&gt;\n","{""@type"":""Place"",""name"":""Roy E. Disney Center for Performing Arts: Albuquerque Journal Theatre"",""description"":""&lt;p&gt;This 691-seat proscenium theatre is the centerpiece of the REDCPA, integrating the latest in theatre design with unique and stunning aesthetics. The flowing curves of the interior construction contribute to [&hellip;]&lt;/p&gt;\\n"",""image"":""https://nhccnm.org/wp-content/uploads/2015/05/rental-abqjournal-stage.jpg"",""url"":""https://nhccnm.org/venue/albuquerque-journal-theatre/"",""address"":{""@type"":""PostalAddress"",""streetAddress"":""1701 4th St SW"",""addressLocality"":""Albuquerque"",""addressRegion"":""NM"",""postalCode"":""87102""},""geo"":{""@type"":""GeoCoordinates"",""latitude"":35.068577,""longitude"":-106.655629},""telephone"":""(505)724-4771"",""sameAs"":""""}",,,"""Organization""","""https://nhccnm.org/wp-content/uploads/2026/07/La_Llorona_26_27_Square.jpg""",,"{""@context"":""http://schema.org"",""@type"":""Event"",""name"":""Ballet 5:8: La Llorona"",""description"":""&lt;p&gt;Ballet 5:8: La Llorona Sunday, October 18, 2026 3:00 pm NHCC | Albuquerque Journal Theatre Ballet 5:8 presents La Llorona. La Llorona reimagines the legendary figure through the story of [&hellip;]&lt;/p&gt;\\n"",""image"":""https://nhccnm.org/wp-content/uploads/2026/07/La_Llorona_26_27_Square.jpg"",""url"":""https://nhccnm.org/event/ballet-58-la-llorona/"",""eventAttendanceMode"":""https://schema.org/OfflineEventAttendanceMode"",""eventStatus"":""https://schema.org/EventScheduled"",""startDate"":""2026-10-18T00:00:00-06:00"",""endDate"":""2026-10-18T23:59:59-06:00"",""location"":{""@type"":""Place"",""name"":""Roy E. Disney Center for Performing Arts: Albuquerque Journal Theatre"",""description"":""&lt;p&gt;This 691-seat proscenium theatre is the centerpiece of the REDCPA, integrating the latest in theatre design with unique and stunning aesthetics. The flowing curves of the interior construction contribute to [&hellip;]&lt;/p&gt;\\n"",""image"":""https://nhccnm.org/wp-content/uploads/2015/05/rental-abqjournal-stage.jpg"",""url"":""https://nhccnm.org/venue/albuquerque-journal-theatre/"",""address"":{""@type"":""PostalAddress"",""streetAddress"":""1701 4th St SW"",""addressLocality"":""Albuquerque"",""addressRegion"":""NM"",""postalCode"":""87102""},""geo"":{""@type"":""GeoCoordinates"",""latitude"":35.068577,""longitude"":-106.655629},""telephone"":""(505)724-4771"",""sameAs"":""""},""performer"":""Organization""}"
2026-10-01T16:03:02Z,explora.us,100096,4bf58dd8d48988d191941735|science museum,https://www.explora.us/events/,Event,mapped_seed_site,,D&#038;D Club,2026-10-18T06:00:00-06:00,2026-10-18T08:00:00-06:00,https://www.explora.us/events/dd-club-4/,https://schema.org/EventScheduled,https://schema.org/OfflineEventAttendanceMode,"Ready to enroll in the ultimate magical university? Grab your dice and join our monthly Dungeons &amp; Dragons session as we navigate the chaotic halls of Strixhaven College. Open to all teens; no experience needed. You'll make new friends, master powerful spells, and team up to solve epic campus mysteries! For teens 13-19","{""@type"":""Place"",""name"":""X Studio"",""image"":""https://www.explora.us/wp-content/uploads/2023/04/X-Studio-Exterior-scaled-e1681153023878.jpeg"",""address"":""1701 Mountain Road NW, Albuquerque, NM 87104""}","{""url"":""https://www.explora.us/events/dd-club-4/"",""price"":""0"",""priceCurrency"":""USD"",""availability"":""https://schema.org/InStock"",""validFrom"":""2026-10-18T00:00""}","{""@type"":""Person"",""name"":"""",""url"":""""}",,,,"{""@context"":""http://schema.org"",""@type"":""Event"",""eventStatus"":""https://schema.org/EventScheduled"",""startDate"":""2026-10-18T06:00:00-06:00"",""endDate"":""2026-10-18T08:00:00-06:00"",""eventAttendanceMode"":""https://schema.org/OfflineEventAttendanceMode"",""location"":{""@type"":""Place"",""name"":""X Studio"",""image"":""https://www.explora.us/wp-content/uploads/2023/04/X-Studio-Exterior-scaled-e1681153023878.jpeg"",""address"":""1701 Mountain Road NW, Albuquerque, NM 87104""},""organizer"":{""@type"":""Person"",""name"":"""",""url"":""""},""offers"":{""url"":""https://www.explora.us/events/dd-club-4/"",""price"":""0"",""priceCurrency"":""USD"",""availability"":""https://schema.org/InStock"",""validFrom"":""2026-10-18T00:00""},""performer"":"""",""description"":""Ready to enroll in the ultimate magical university? Grab your dice and join our monthly Dungeons &amp; Dragons session as we navigate the chaotic halls of Strixhaven College. Open to all teens; no experience needed. You'll make new friends, master powerful spells, and team up to solve epic campus mysteries!    For teens 13-19"",""image"":"""",""name"":""D&#038;D Club"",""url"":""https://www.explora.us/events/dd-club-4/""}"
2026-10-01T16:03:02Z,explora.us,100096,4bf58dd8d48988d191941735|science museum,https://www.explora.us/events/,Event,mapped_seed_site,,Crafternoon,2026-10-18T07:00:00-06:00,2026-10-18T09:00:00-06:00,https://www.explora.us/events/crafternoon-23/,https://schema.org/EventScheduled,https://schema.org/OfflineEventAttendanceMode,Design and assemble your own beaded spider! This is one of our more challenging Crafternoons. For teens 13-19,"{""@type"":""Place"",""name"":""X Studio"",""image"":""https://www.explora.us/wp-content/uploads/2023/04/X-Studio-Exterior-scaled-e1681153023878.jpeg"",""address"":""1701 Mountain Road NW, Albuquerque, NM 87104""}","{""url"":""https://www.explora.us/events/crafternoon-23/"",""price"":""0"",""priceCurrency"":""USD"",""availability"":""https://schema.org/InStock"",""validFrom"":""2026-10-18T00:00""}","{""@type"":""Person"",""name"":"""",""url"":""""}",,,,"{""@context"":""http://schema.org"",""@type"":""Event"",""eventStatus"":""https://schema.org/EventScheduled"",""startDate"":""2026-10-18T07:00:00-06:00"",""endDate"":""2026-10-18T09:00:00-06:00"",""eventAttendanceMode"":""https://schema.org/OfflineEventAttendanceMode"",""location"":{""@type"":""Place"",""name"":""X Studio"",""image"":""https://www.explora.us/wp-content/uploads/2023/04/X-Studio-Exterior-scaled-e1681153023878.jpeg"",""address"":""1701 Mountain Road NW, Albuquerque, NM 87104""},""organizer"":{""@type"":""Person"",""name"":"""",""url"":""""},""offers"":{""url"":""https://www.explora.us/events/crafternoon-23/"",""price"":""0"",""priceCurrency"":""USD"",""availability"":""https://schema.org/InStock"",""validFrom"":""2026-10-18T00:00""},""performer"":"""",""description"":""Design and assemble your own beaded spider! This is one of our more challenging Crafternoons.    For teens 13-19"",""image"":"""",""name"":""Crafternoon"",""url"":""https://www.explora.us/events/crafternoon-23/""}"
2026-10-01T16:03:02Z,nhccnm.org,100096,4bf58dd8d48988d1e5931735|music venue,https://nhccnm.org/event/mundos-de-mestizaje-torreon-tours-30/,Event,mapped_exact,0.000,"Mundos de Mestizaje, Torreón Tours",2026-10-23T00:00:00-06:00,2026-10-24T23:59:59-06:00,https://nhccnm.org/event/mundos-de-mestizaje-torreon-tours-30/,https://schema.org/EventScheduled,https://schema.org/OfflineEventAttendanceMode,&lt;p&gt;Fridays &amp; Saturdays 11:00 am NHCC | Welcome Center and the NHCC Torreón Admission to the Torreon tour is $2. Tickets are available for advance purchase below or can also be [&hellip;]&lt;/p&gt;\n,"{""@type"":""Place"",""name"":""NHCC Torreón"",""description"":"""",""image"":""https://nhccnm.org/wp-content/uploads/2017/08/Torreon.jpg"",""url"":""https://nhccnm.org/venue/nhcc-torreon-2/"",""address"":{""@type"":""PostalAddress"",""streetAddress"":""1701 4th street SW"",""addressLocality"":""Albuquerque"",""addressRegion"":""NM"",""postalCode"":""87102"",""addressCountry"":""United States""},""geo"":{""@type"":""GeoCoordinates"",""latitude"":35.068577,""longitude"":-106.655629},""telephone"":""(505) 246-2261"",""sameAs"":""""}",,,"""Organization""","""https://nhccnm.org/wp-content/uploads/2026/05/Torreon-Photo-2026.jpg""",,"{""@context"":""http://schema.org"",""@type"":""Event"",""name"":""Mundos de Mestizaje, Torreón Tours"",""description"":""&lt;p&gt;Fridays &amp; Saturdays 11:00 am NHCC | Welcome Center and the NHCC Torreón Admission to the Torreon tour is $2. Tickets are available for advance purchase below or can also be [&hellip;]&lt;/p&gt;\\n"",""image"":""https://nhccnm.org/wp-content/uploads/2026/05/Torreon-Photo-2026.jpg"",""url"":""https://nhccnm.org/event/mundos-de-mestizaje-torreon-tours-30/"",""eventAttendanceMode"":""https://schema.org/OfflineEventAttendanceMode"",""eventStatus"":""https://schema.org/EventScheduled"",""startDate"":""2026-10-23T00:00:00-06:00"",""endDate"":""2026-10-24T23:59:59-06:00"",""location"":{""@type"":""Place"",""name"":""NHCC Torreón"",""description"":"""",""image"":""https://nhccnm.org/wp-content/uploads/2017/08/Torreon.jpg"",""url"":""https://nhccnm.org/venue/nhcc-torreon-2/"",""address"":{""@type"":""PostalAddress"",""streetAddress"":""1701 4th street SW"",""addressLocality"":""Albuquerque"",""addressRegion"":""NM"",""postalCode"":""87102"",""addressCountry"":""United States""},""geo"":{""@type"":""GeoCoordinates"",""latitude"":35.068577,""longitude"":-106.655629},""telephone"":""(505) 246-2261"",""sameAs"":""""},""performer"":""Organization""}"
2026-10-01T16:03:02Z,nhccnm.org,100096,4bf58dd8d48988d1e5931735|music venue,https://nhccnm.org/event/opera-southwest-cavalleria-rusticana/,Event,mapped_exact,0.000,Opera Southwest: Cavalleria rusticana,2026-10-25T00:00:00-06:00,2026-11-01T23:59:59-07:00,https://nhccnm.org/event/opera-southwest-cavalleria-rusticana/,https://schema.org/EventScheduled,https://schema.org/OfflineEventAttendanceMode,"&lt;p&gt;Opera Southwest: Cavalleria rusticana October 25, 28, 30 &amp; November 1, 2026 2:00 pm Sundays and 7:30 pm Wednesday and Friday NHCC | Albuquerque Journal Theatre Music / Pietro Mascagni [&hellip;]&lt;/p&gt;\n","{""@type"":""Place"",""name"":""Roy E. Disney Center for Performing Arts: Albuquerque Journal Theatre"",""description"":""&lt;p&gt;This 691-seat proscenium theatre is the centerpiece of the REDCPA, integrating the latest in theatre design with unique and stunning aesthetics. The flowing curves of the interior construction contribute to [&hellip;]&lt;/p&gt;\\n"",""image"":""https://nhccnm.org/wp-content/uploads/2015/05/rental-abqjournal-stage.jpg"",""url"":""https://nhccnm.org/venue/albuquerque-journal-theatre/"",""address"":{""@type"":""PostalAddress"",""streetAddress"":""1701 4th St SW"",""addressLocality"":""Albuquerque"",""addressRegion"":""NM"",""postalCode"":""87102""},""geo"":{""@type"":""GeoCoordinates"",""latitude"":35.068577,""longitude"":-106.655629},""telephone"":""(505)724-4771"",""sameAs"":""""}",,,"""Organization""","""https://nhccnm.org/wp-content/uploads/2026/07/CavCompositeWeb-scaled-1.jpg""",,"{""@context"":""http://schema.org"",""@type"":""Event"",""name"":""Opera Southwest: Cavalleria rusticana"",""description"":""&lt;p&gt;Opera Southwest: Cavalleria rusticana October 25, 28, 30 &amp; November 1, 2026 2:00 pm Sundays and 7:30 pm Wednesday and Friday NHCC | Albuquerque Journal Theatre Music / Pietro Mascagni [&hellip;]&lt;/p&gt;\\n"",""image"":""https://nhccnm.org/wp-content/uploads/2026/07/CavCompositeWeb-scaled-1.jpg"",""url"":""https://nhccnm.org/event/opera-southwest-cavalleria-rusticana/"",""eventAttendanceMode"":""https://schema.org/OfflineEventAttendanceMode"",""eventStatus"":""https://schema.org/EventScheduled"",""startDate"":""2026-10-25T00:00:00-06:00"",""endDate"":""2026-11-01T23:59:59-07:00"",""location"":{""@type"":""Place"",""name"":""Roy E. Disney Center for Performing Arts: Albuquerque Journal Theatre"",""description"":""&lt;p&gt;This 691-seat proscenium theatre is the centerpiece of the REDCPA, integrating the latest in theatre design with unique and stunning aesthetics. The flowing curves of the interior construction contribute to [&hellip;]&lt;/p&gt;\\n"",""image"":""https://nhccnm.org/wp-content/uploads/2015/05/rental-abqjournal-stage.jpg"",""url"":""https://nhccnm.org/venue/albuquerque-journal-theatre/"",""address"":{""@type"":""PostalAddress"",""streetAddress"":""1701 4th St SW"",""addressLocality"":""Albuquerque"",""addressRegion"":""NM"",""postalCode"":""87102""},""geo"":{""@type"":""GeoCoordinates"",""latitude"":35.068577,""longitude"":-106.655629},""telephone"":""(505)724-4771"",""sameAs"":""""},""performer"":""Organization""}"
2026-10-01T16:03:02Z,nhccnm.org,100096,4bf58dd8d48988d1e5931735|music venue,https://nhccnm.org/event/mundos-de-mestizaje-torreon-tours-31/,Event,mapped_exact,0.000,"Mundos de Mestizaje, Torreón Tours",2026-10-30T00:00:00-06:00,2026-10-31T23:59:59-06:00,https://nhccnm.org/event/mundos-de-mestizaje-torreon-tours-31/,https://schema.org/EventScheduled,https://schema.org/OfflineEventAttendanceMode,&lt;p&gt;Fridays &amp; Saturdays 11:00 am NHCC | Welcome Center and the NHCC Torreón Admission to the Torreon tour is $2. Tickets are available for advance purchase below or can also be [&hellip;]&lt;/p&gt;\n,"{""@type"":""Place"",""name"":""NHCC Torreón"",""description"":"""",""image"":""https://nhccnm.org/wp-content/uploads/2017/08/Torreon.jpg"",""url"":""https://nhccnm.org/venue/nhcc-torreon-2/"",""address"":{""@type"":""PostalAddress"",""streetAddress"":""1701 4th street SW"",""addressLocality"":""Albuquerque"",""addressRegion"":""NM"",""postalCode"":""87102"",""addressCountry"":""United States""},""geo"":{""@type"":""GeoCoordinates"",""latitude"":35.068577,""longitude"":-106.655629},""telephone"":""(505) 246-2261"",""sameAs"":""""}",,,"""Organization""","""https://nhccnm.org/wp-content/uploads/2026/05/Torreon-Photo-2026.jpg""",,"{""@context"":""http://schema.org"",""@type"":""Event"",""name"":""Mundos de Mestizaje, Torreón Tours"",""description"":""&lt;p&gt;Fridays &amp; Saturdays 11:00 am NHCC | Welcome Center and the NHCC Torreón Admission to the Torreon tour is $2. Tickets are available for advance purchase below or can also be [&hellip;]&lt;/p&gt;\\n"",""image"":""https://nhccnm.org/wp-content/uploads/2026/05/Torreon-Photo-2026.jpg"",""url"":""https://nhccnm.org/event/mundos-de-mestizaje-torreon-tours-31/"",""eventAttendanceMode"":""https://schema.org/OfflineEventAttendanceMode"",""eventStatus"":""https://schema.org/EventScheduled"",""startDate"":""2026-10-30T00:00:00-06:00"",""endDate"":""2026-10-31T23:59:59-06:00"",""location"":{""@type"":""Place"",""name"":""NHCC Torreón"",""description"":"""",""image"":""https://nhccnm.org/wp-content/uploads/2017/08/Torreon.jpg"",""url"":""https://nhccnm.org/venue/nhcc-torreon-2/"",""address"":{""@type"":""PostalAddress"",""streetAddress"":""1701 4th street SW"",""addressLocality"":""Albuquerque"",""addressRegion"":""NM"",""postalCode"":""87102"",""addressCountry"":""United States""},""geo"":{""@type"":""GeoCoordinates"",""latitude"":35.068577,""longitude"":-106.655629},""telephone"":""(505) 246-2261"",""sameAs"":""""},""performer"":""Organization""}"
2026-10-01T16:03:02Z,nhccnm.org,100096,4bf58dd8d48988d1e5931735|music venue,https://nhccnm.org/event/happy-arte-hour-28/,Event,mapped_exact,0.000,Happy Arte Hour,2026-11-05T00:00:00-07:00,2026-11-05T23:59:59-07:00,https://nhccnm.org/event/happy-arte-hour-28/,https://schema.org/EventScheduled,https://schema.org/OfflineEventAttendanceMode,"&lt;p&gt;Thursday, November 5, 2026 6:00 pm NHCC | Domenici Education Building NHCC invites adults for artistic fun in a relaxed social setting. This is a great opportunity for friends to [&hellip;]&lt;/p&gt;\n","{""@type"":""Place"",""name"":""NHCC | Education Building: Grand Hall"",""description"":"""",""url"":""https://nhccnm.org/venue/grand-hall/"",""address"":{""@type"":""PostalAddress"",""streetAddress"":""1701 4th Street SW"",""addressLocality"":""Albuquerque"",""addressRegion"":""NM"",""postalCode"":""87102"",""addressCountry"":""United States""},""telephone"":""5057244771"",""sameAs"":""""}",,,"""Organization""","""https://nhccnm.org/wp-content/uploads/2024/05/Happy-Arte-Hour-2024.jpg""",,"{""@context"":""http://schema.org"",""@type"":""Event"",""name"":""Happy Arte Hour"",""description"":""&lt;p&gt;Thursday, November 5, 2026 6:00 pm NHCC | Domenici Education Building NHCC invites adults for artistic fun in a relaxed social setting. This is a great opportunity for friends to [&hellip;]&lt;/p&gt;\\n"",""image"":""https://nhccnm.org/wp-content/uploads/2024/05/Happy-Arte-Hour-2024.jpg"",""url"":""https://nhccnm.org/event/happy-arte-hour-28/"",""eventAttendanceMode"":""https://schema.org/OfflineEventAttendanceMode"",""eventStatus"":""https://schema.org/EventScheduled"",""startDate"":""2026-11-05T00:00:00-07:00"",""endDate"":""2026-11-05T23:59:59-07:00"",""location"":{""@type"":""Place"",""name"":""NHCC | Education Building: Grand Hall"",""description"":"""",""url"":""https://nhccnm.org/venue/grand-hall/"",""address"":{""@type"":""PostalAddress"",""streetAddress"":""1701 4th Street SW"",""addressLocality"":""Albuquerque"",""addressRegion"":""NM"",""postalCode"":""87102"",""addressCountry"":""United States""},""telephone"":""5057244771"",""sameAs"":""""},""performer"":""Organization""}"
2026-10-01T16:03:02Z,nhccnm.org,100096,4bf58dd8d48988d1e5931735|music venue,https://nhccnm.org/event/mundos-de-mestizaje-torreon-tours-32/,Event,mapped_exact,0.000,"Mundos de Mestizaje, Torreón Tours",2026-11-06T00:00:00-07:00,2026-11-07T23:59:59-07:00,https://nhccnm.org/event/mundos-de-mestizaje-torreon-tours-32/,https://schema.org/EventScheduled,https://schema.org/OfflineEventAttendanceMode,&lt;p&gt;Fridays &amp; Saturdays 11:00 am NHCC | Welcome Center and the NHCC Torreón Admission to the Torreon tour is $2. Tickets are available for advance purchase below or can also be [&hellip;]&lt;/p&gt;\n,"{""@type"":""Place"",""name"":""NHCC Torreón"",""description"":"""",""image"":""https://nhccnm.org/wp-content/uploads/2017/08/Torreon.jpg"",""url"":""https://nhccnm.org/venue/nhcc-torreon-2/"",""address"":{""@type"":""PostalAddress"",""streetAddress"":""1701 4th street SW"",""addressLocality"":""Albuquerque"",""addressRegion"":""NM"",""postalCode"":""87102"",""addressCountry"":""United States""},""geo"":{""@type"":""GeoCoordinates"",""latitude"":35.068577,""longitude"":-106.655629},""telephone"":""(505) 246-2261"",""sameAs"":""""}",,,"""Organization""","""https://nhccnm.org/wp-content/uploads/2026/05/Torreon-Photo-2026.jpg""",,"{""@context"":""http://schema.org"",""@type"":""Event"",""name"":""Mundos de Mestizaje, Torreón Tours"",""description"":""&lt;p&gt;Fridays &amp; Saturdays 11:00 am NHCC | Welcome Center and the NHCC Torreón Admission to the Torreon tour is $2. Tickets are available for advance purchase below or can also be [&hellip;]&lt;/p&gt;\\n"",""image"":""https://nhccnm.org/wp-content/uploads/2026/05/Torreon-Photo-2026.jpg"",""url"":""https://nhccnm.org/event/mundos-de-mestizaje-torreon-tours-32/"",""eventAttendanceMode"":""https://schema.org/OfflineEventAttendanceMode"",""eventStatus"":""https://schema.org/EventScheduled"",""startDate"":""2026-11-06T00:00:00-07:00"",""endDate"":""2026-11-07T23:59:59-07:00"",""location"":{""@type"":""Place"",""name"":""NHCC Torreón"",""description"":"""",""image"":""https://nhccnm.org/wp-content/uploads/2017/08/Torreon.jpg"",""url"":""https://nhccnm.org/venue/nhcc-torreon-2/"",""address"":{""@type"":""PostalAddress"",""streetAddress"":""1701 4th street SW"",""addressLocality"":""Albuquerque"",""addressRegion"":""NM"",""postalCode"":""87102"",""addressCountry"":""United States""},""geo"":{""@type"":""GeoCoordinates"",""latitude"":35.068577,""longitude"":-106.655629},""telephone"":""(505) 246-2261"",""sameAs"":""""},""performer"":""Organization""}"
2026-10-01T16:03:02Z,nhccnm.org,100096,4bf58dd8d48988d1e5931735|music venue,https://nhccnm.org/event/mundos-de-mestizaje-torreon-tours-33/,Event,mapped_exact,0.000,"Mundos de Mestizaje, Torreón Tours",2026-11-13T00:00:00-07:00,2026-11-14T23:59:59-07:00,https://nhccnm.org/event/mundos-de-mestizaje-torreon-tours-33/,https://schema.org/EventScheduled,https://schema.org/OfflineEventAttendanceMode,&lt;p&gt;Fridays &amp; Saturdays 11:00 am NHCC | Welcome Center and the NHCC Torreón Admission to the Torreon tour is $2. Tickets are available for advance purchase below or can also be [&hellip;]&lt;/p&gt;\n,"{""@type"":""Place"",""name"":""NHCC Torreón"",""description"":"""",""image"":""https://nhccnm.org/wp-content/uploads/2017/08/Torreon.jpg"",""url"":""https://nhccnm.org/venue/nhcc-torreon-2/"",""address"":{""@type"":""PostalAddress"",""streetAddress"":""1701 4th street SW"",""addressLocality"":""Albuquerque"",""addressRegion"":""NM"",""postalCode"":""87102"",""addressCountry"":""United States""},""geo"":{""@type"":""GeoCoordinates"",""latitude"":35.068577,""longitude"":-106.655629},""telephone"":""(505) 246-2261"",""sameAs"":""""}",,,"""Organization""","""https://nhccnm.org/wp-content/uploads/2026/05/Torreon-Photo-2026.jpg""",,"{""@context"":""http://schema.org"",""@type"":""Event"",""name"":""Mundos de Mestizaje, Torreón Tours"",""description"":""&lt;p&gt;Fridays &amp; Saturdays 11:00 am NHCC | Welcome Center and the NHCC Torreón Admission to the Torreon tour is $2. Tickets are available for advance purchase below or can also be [&hellip;]&lt;/p&gt;\\n"",""image"":""https://nhccnm.org/wp-content/uploads/2026/05/Torreon-Photo-2026.jpg"",""url"":""https://nhccnm.org/event/mundos-de-mestizaje-torreon-tours-33/"",""eventAttendanceMode"":""https://schema.org/OfflineEventAttendanceMode"",""eventStatus"":""https://schema.org/EventScheduled"",""startDate"":""2026-11-13T00:00:00-07:00"",""endDate"":""2026-11-14T23:59:59-07:00"",""location"":{""@type"":""Place"",""name"":""NHCC Torreón"",""description"":"""",""image"":""https://nhccnm.org/wp-content/uploads/2017/08/Torreon.jpg"",""url"":""https://nhccnm.org/venue/nhcc-torreon-2/"",""address"":{""@type"":""PostalAddress"",""streetAddress"":""1701 4th street SW"",""addressLocality"":""Albuquerque"",""addressRegion"":""NM"",""postalCode"":""87102"",""addressCountry"":""United States""},""geo"":{""@type"":""GeoCoordinates"",""latitude"":35.068577,""longitude"":-106.655629},""telephone"":""(505) 246-2261"",""sameAs"":""""},""performer"":""Organization""}"
2026-10-01T16:03:02Z,nhccnm.org,100096,4bf58dd8d48988d1e5931735|music venue,https://nhccnm.org/event/india-association-of-new-mexico-diwali-festival-of-lights-2/,Event,mapped_exact,0.000,"India Association of NM: DIWALI, Festival of Lights",2026-11-15T00:00:00-07:00,2026-11-15T23:59:59-07:00,https://nhccnm.org/event/india-association-of-new-mexico-diwali-festival-of-lights-2/,https://schema.org/EventScheduled,https://schema.org/OfflineEventAttendanceMode,"&lt;p&gt;India Association of New Mexico: DIWALI, Festival of Lights Saturday, November 14, 2026 5:30 pm NHCC | Albuquerque Journal Theatre The INDIA Association of New Mexico presents the Diwali Festival [&hellip;]&lt;/p&gt;\n","{""@type"":""Place"",""name"":""Roy E. Disney Center for Performing Arts: Albuquerque Journal Theatre"",""description"":""&lt;p&gt;This 691-seat proscenium theatre is the centerpiece of the REDCPA, integrating the latest in theatre design with unique and stunning aesthetics. The flowing curves of the interior construction contribute to [&hellip;]&lt;/p&gt;\\n"",""image"":""https://nhccnm.org/wp-content/uploads/2015/05/rental-abqjournal-stage.jpg"",""url"":""https://nhccnm.org/venue/albuquerque-journal-theatre/"",""address"":{""@type"":""PostalAddress"",""streetAddress"":""1701 4th St SW"",""addressLocality"":""Albuquerque"",""addressRegion"":""NM"",""postalCode"":""87102""},""geo"":{""@type"":""GeoCoordinates"",""latitude"":35.068577,""longitude"":-106.655629},""telephone"":""(505)724-4771"",""sameAs"":""""}",,,"""Organization""","""https://nhccnm.org/wp-content/uploads/2025/09/Diwali-2025-graphic.jpg""",,"{""@context"":""http://schema.org"",""@type"":""Event"",""name"":""India Association of NM: DIWALI, Festival of Lights"",""description"":""&lt;p&gt;India Association of New Mexico: DIWALI, Festival of Lights Saturday, November 14, 2026 5:30 pm NHCC | Albuquerque Journal Theatre The INDIA Association of New Mexico presents the Diwali Festival [&hellip;]&lt;/p&gt;\\n"",""image"":""https://nhccnm.org/wp-content/uploads/2025/09/Diwali-2025-graphic.jpg"",""url"":""https://nhccnm.org/event/india-association-of-new-mexico-diwali-festival-of-lights-2/"",""eventAttendanceMode"":""https://schema.org/OfflineEventAttendanceMode"",""eventStatus"":""https://schema.org/EventScheduled"",""startDate"":""2026-11-15T00:00:00-07:00"",""endDate"":""2026-11-15T23:59:59-07:00"",""location"":{""@type"":""Place"",""name"":""Roy E. Disney Center for Performing Arts: Albuquerque Journal Theatre"",""description"":""&lt;p&gt;This 691-seat proscenium theatre is the centerpiece of the REDCPA, integrating the latest in theatre design with unique and stunning aesthetics. The flowing curves of the interior construction contribute to [&hellip;]&lt;/p&gt;\\n"",""image"":""https://nhccnm.org/wp-content/uploads/2015/05/rental-abqjournal-stage.jpg"",""url"":""https://nhccnm.org/venue/albuquerque-journal-theatre/"",""address"":{""@type"":""PostalAddress"",""streetAddress"":""1701 4th St SW"",""addressLocality"":""Albuquerque"",""addressRegion"":""NM"",""postalCode"":""87102""},""geo"":{""@type"":""GeoCoordinates"",""latitude"":35.068577,""longitude"":-106.655629},""telephone"":""(505)724-4771"",""sameAs"":""""},""performer"":""Organization""}"
2026-10-01T16:03:02Z,nhccnm.org,100096,4bf58dd8d48988d1e5931735|music venue,https://nhccnm.org/event/nmsc-osw-berlioz-lenfance-du-christ-the-childhood-of-christ/,Event,mapped_exact,0.000,NMSC &#038; OSW: Berlioz L’Enfance du Christ (The Childhood of Christ),2026-11-15T00:00:00-07:00,2026-11-15T23:59:59-07:00,https://nhccnm.org/event/nmsc-osw-berlioz-lenfance-du-christ-the-childhood-of-christ/,https://schema.org/EventScheduled,https://schema.org/OfflineEventAttendanceMode,"&lt;p&gt;NMSC &amp; OSW: Berlioz L’Enfance du Christ (The Childhood of Christ) Sunday, November 15, 2026 2:00 pm NHCC | Albuquerque Journal Theatre Opera Southwest Presents: The New Mexico Symphonic Chorus with [&hellip;]&lt;/p&gt;\n","{""@type"":""Place"",""name"":""Roy E. Disney Center for Performing Arts: Albuquerque Journal Theatre"",""description"":""&lt;p&gt;This 691-seat proscenium theatre is the centerpiece of the REDCPA, integrating the latest in theatre design with unique and stunning aesthetics. The flowing curves of the interior construction contribute to [&hellip;]&lt;/p&gt;\\n"",""image"":""https://nhccnm.org/wp-content/uploads/2015/05/rental-abqjournal-stage.jpg"",""url"":""https://nhccnm.org/venue/albuquerque-journal-theatre/"",""address"":{""@type"":""PostalAddress"",""streetAddress"":""1701 4th St SW"",""addressLocality"":""Albuquerque"",""addressRegion"":""NM"",""postalCode"":""87102""},""geo"":{""@type"":""GeoCoordinates"",""latitude"":35.068577,""longitude"":-106.655629},""telephone"":""(505)724-4771"",""sameAs"":""""}",,,"""Organization""","""https://nhccnm.org/wp-content/uploads/2026/07/OSW-NMSC-Logo-2026-1.png""",,"{""@context"":""http://schema.org"",""@type"":""Event"",""name"":""NMSC &#038; OSW: Berlioz L’Enfance du Christ (The Childhood of Christ)"",""description"":""&lt;p&gt;NMSC &amp; OSW: Berlioz L’Enfance du Christ (The Childhood of Christ) Sunday, November 15, 2026 2:00 pm NHCC | Albuquerque Journal Theatre Opera Southwest Presents: The New Mexico Symphonic Chorus with [&hellip;]&lt;/p&gt;\\n"",""image"":""https://nhccnm.org/wp-content/uploads/2026/07/OSW-NMSC-Logo-2026-1.png"",""url"":""https://nhccnm.org/event/nmsc-osw-berlioz-lenfance-du-christ-the-childhood-of-christ/"",""eventAttendanceMode"":""https://schema.org/OfflineEventAttendanceMode"",""eventStatus"":""https://schema.org/EventScheduled"",""startDate"":""2026-11-15T00:00:00-07:00"",""endDate"":""2026-11-15T23:59:59-07:00"",""location"":{""@type"":""Place"",""name"":""Roy E. Disney Center for Performing Arts: Albuquerque Journal Theatre"",""description"":""&lt;p&gt;This 691-seat proscenium theatre is the centerpiece of the REDCPA, integrating the latest in theatre design with unique and stunning aesthetics. The flowing curves of the interior construction contribute to [&hellip;]&lt;/p&gt;\\n"",""image"":""https://nhccnm.org/wp-content/uploads/2015/05/rental-abqjournal-stage.jpg"",""url"":""https://nhccnm.org/venue/albuquerque-journal-theatre/"",""address"":{""@type"":""PostalAddress"",""streetAddress"":""1701 4th St SW"",""addressLocality"":""Albuquerque"",""addressRegion"":""NM"",""postalCode"":""87102""},""geo"":{""@type"":""GeoCoordinates"",""latitude"":35.068577,""longitude"":-106.655629},""telephone"":""(505)724-4771"",""sameAs"":""""},""performer"":""Organization""}"
2026-10-01T16:03:02Z,nhccnm.org,100096,4bf58dd8d48988d1e5931735|music venue,https://nhccnm.org/event/mundos-de-mestizaje-torreon-tours-34/,Event,mapped_exact,0.000,"Mundos de Mestizaje, Torreón Tours",2026-11-20T00:00:00-07:00,2026-11-21T23:59:59-07:00,https://nhccnm.org/event/mundos-de-mestizaje-torreon-tours-34/,https://schema.org/EventScheduled,https://schema.org/OfflineEventAttendanceMode,&lt;p&gt;Fridays &amp; Saturdays 11:00 am NHCC | Welcome Center and the NHCC Torreón Admission to the Torreon tour is $2. Tickets are available for advance purchase below or can also be [&hellip;]&lt;/p&gt;\n,"{""@type"":""Place"",""name"":""NHCC Torreón"",""description"":"""",""image"":""https://nhccnm.org/wp-content/uploads/2017/08/Torreon.jpg"",""url"":""https://nhccnm.org/venue/nhcc-torreon-2/"",""address"":{""@type"":""PostalAddress"",""streetAddress"":""1701 4th street SW"",""addressLocality"":""Albuquerque"",""addressRegion"":""NM"",""postalCode"":""87102"",""addressCountry"":""United States""},""geo"":{""@type"":""GeoCoordinates"",""latitude"":35.068577,""longitude"":-106.655629},""telephone"":""(505) 246-2261"",""sameAs"":""""}",,,"""Organization""","""https://nhccnm.org/wp-content/uploads/2026/05/Torreon-Photo-2026.jpg""",,"{""@context"":""http://schema.org"",""@type"":""Event"",""name"":""Mundos de Mestizaje, Torreón Tours"",""description"":""&lt;p&gt;Fridays &amp; Saturdays 11:00 am NHCC | Welcome Center and the NHCC Torreón Admission to the Torreon tour is $2. Tickets are available for advance purchase below or can also be [&hellip;]&lt;/p&gt;\\n"",""image"":""https://nhccnm.org/wp-content/uploads/2026/05/Torreon-Photo-2026.jpg"",""url"":""https://nhccnm.org/event/mundos-de-mestizaje-torreon-tours-34/"",""eventAttendanceMode"":""https://schema.org/OfflineEventAttendanceMode"",""eventStatus"":""https://schema.org/EventScheduled"",""startDate"":""2026-11-20T00:00:00-07:00"",""endDate"":""2026-11-21T23:59:59-07:00"",""location"":{""@type"":""Place"",""name"":""NHCC Torreón"",""description"":"""",""image"":""https://nhccnm.org/wp-content/uploads/2017/08/Torreon.jpg"",""url"":""https://nhccnm.org/venue/nhcc-torreon-2/"",""address"":{""@type"":""PostalAddress"",""streetAddress"":""1701 4th street SW"",""addressLocality"":""Albuquerque"",""addressRegion"":""NM"",""postalCode"":""87102"",""addressCountry"":""United States""},""geo"":{""@type"":""GeoCoordinates"",""latitude"":35.068577,""longitude"":-106.655629},""telephone"":""(505) 246-2261"",""sameAs"":""""},""performer"":""Organization""}"
2026-10-01T16:03:02Z,nhccnm.org,100096,4bf58dd8d48988d1e5931735|music venue,https://nhccnm.org/event/baila-bailas-christmas-in-nm-around-the-world-2026/,Event,mapped_exact,0.000,Baila! Baila!’s Christmas in NM &#038; Around the World 2026,2026-11-21T00:00:00-07:00,2026-11-22T23:59:59-07:00,https://nhccnm.org/event/baila-bailas-christmas-in-nm-around-the-world-2026/,https://schema.org/EventScheduled,https://schema.org/OfflineEventAttendanceMode,"&lt;p&gt;Baila! Baila!’s Christmas in NM &amp; Around the World 2026 November 21 &amp; 22, 2025 2:00 pm Saturday &amp; Sunday 7:00 pm Saturday NHCC | Albuquerque Journal Theatre Baila! Baila! [&hellip;]&lt;/p&gt;\n","{""@type"":""Place"",""name"":""Roy E. Disney Center for Performing Arts: Albuquerque Journal Theatre"",""description"":""&lt;p&gt;This 691-seat proscenium theatre is the centerpiece of the REDCPA, integrating the latest in theatre design with unique and stunning aesthetics. The flowing curves of the interior construction contribute to [&hellip;]&lt;/p&gt;\\n"",""image"":""https://nhccnm.org/wp-content/uploads/2015/05/rental-abqjournal-stage.jpg"",""url"":""https://nhccnm.org/venue/albuquerque-journal-theatre/"",""address"":{""@type"":""PostalAddress"",""streetAddress"":""1701 4th St SW"",""addressLocality"":""Albuquerque"",""addressRegion"":""NM"",""postalCode"":""87102""},""geo"":{""@type"":""GeoCoordinates"",""latitude"":35.068577,""longitude"":-106.655629},""telephone"":""(505)724-4771"",""sameAs"":""""}",,,"""Organization""","""https://nhccnm.org/wp-content/uploads/2026/09/Christmas-in-NM-2026-Graphic.png""",,"{""@context"":""http://schema.org"",""@type"":""Event"",""name"":""Baila! Baila!’s Christmas in NM &#038; Around the World 2026"",""description"":""&lt;p&gt;Baila! Baila!’s Christmas in NM &amp; Around the World 2026 November 21 &amp; 22, 2025 2:00 pm Saturday &amp; Sunday 7:00 pm Saturday NHCC | Albuquerque Journal Theatre Baila! Baila! [&hellip;]&lt;/p&gt;\\n"",""image"":""https://nhccnm.org/wp-content/uploads/2026/09/Christmas-in-NM-2026-Graphic.png"",""url"":""https://nhccnm.org/event/baila-bailas-christmas-in-nm-around-the-world-2026/"",""eventAttendanceMode"":""https://schema.org/OfflineEventAttendanceMode"",""eventStatus"":""https://schema.org/EventScheduled"",""startDate"":""2026-11-21T00:00:00-07:00"",""endDate"":""2026-11-22T23:59:59-07:00"",""location"":{""@type"":""Place"",""name"":""Roy E. Disney Center for Performing Arts: Albuquerque Journal Theatre"",""description"":""&lt;p&gt;This 691-seat proscenium theatre is the centerpiece of the REDCPA, integrating the latest in theatre design with unique and stunning aesthetics. The flowing curves of the interior construction contribute to [&hellip;]&lt;/p&gt;\\n"",""image"":""https://nhccnm.org/wp-content/uploads/2015/05/rental-abqjournal-stage.jpg"",""url"":""https://nhccnm.org/venue/albuquerque-journal-theatre/"",""address"":{""@type"":""PostalAddress"",""streetAddress"":""1701 4th St SW"",""addressLocality"":""Albuquerque"",""addressRegion"":""NM"",""postalCode"":""87102""},""geo"":{""@type"":""GeoCoordinates"",""latitude"":35.068577,""longitude"":-106.655629},""telephone"":""(505)724-4771"",""sameAs"":""""},""performer"":""Organization""}"
2026-10-01T16:03:02Z,nhccnm.org,100096,4bf58dd8d48988d1e5931735|music venue,https://nhccnm.org/event/lensic-360-dweezil-zappa/,Event,mapped_exact,0.000,Lensic 360: Dweezil Zappa,2026-11-24T00:00:00-07:00,2026-11-24T23:59:59-07:00,https://nhccnm.org/event/lensic-360-dweezil-zappa/,https://schema.org/EventScheduled,https://schema.org/OfflineEventAttendanceMode,"&lt;p&gt;Lensic 360: Dweezil Zappa DZ20: Like Father, Like Son Tuesday, November 24, 2026 7:30 pm (Door 6:30 pm) NHCC | Albuquerque Journal Theatre Dweezil Zappa was born on September 5, [&hellip;]&lt;/p&gt;\n","{""@type"":""Place"",""name"":""Roy E. Disney Center for Performing Arts: Albuquerque Journal Theatre"",""description"":""&lt;p&gt;This 691-seat proscenium theatre is the centerpiece of the REDCPA, integrating the latest in theatre design with unique and stunning aesthetics. The flowing curves of the interior construction contribute to [&hellip;]&lt;/p&gt;\\n"",""image"":""https://nhccnm.org/wp-content/uploads/2015/05/rental-abqjournal-stage.jpg"",""url"":""https://nhccnm.org/venue/albuquerque-journal-theatre/"",""address"":{""@type"":""PostalAddress"",""streetAddress"":""1701 4th St SW"",""addressLocality"":""Albuquerque"",""addressRegion"":""NM"",""postalCode"":""87102""},""geo"":{""@type"":""GeoCoordinates"",""latitude"":35.068577,""longitude"":-106.655629},""telephone"":""(505)724-4771"",""sameAs"":""""}",,,"""Organization""","""https://nhccnm.org/wp-content/uploads/2026/05/ZAPPA-2026-Photo-1200x1200-1.jpg""",,"{""@context"":""http://schema.org"",""@type"":""Event"",""name"":""Lensic 360: Dweezil Zappa"",""description"":""&lt;p&gt;Lensic 360: Dweezil Zappa DZ20: Like Father, Like Son Tuesday, November 24, 2026 7:30 pm (Door 6:30 pm) NHCC | Albuquerque Journal Theatre Dweezil Zappa was born on September 5, [&hellip;]&lt;/p&gt;\\n"",""image"":""https://nhccnm.org/wp-content/uploads/2026/05/ZAPPA-2026-Photo-1200x1200-1.jpg"",""url"":""https://nhccnm.org/event/lensic-360-dweezil-zappa/"",""eventAttendanceMode"":""https://schema.org/OfflineEventAttendanceMode"",""eventStatus"":""https://schema.org/EventScheduled"",""startDate"":""2026-11-24T00:00:00-07:00"",""endDate"":""2026-11-24T23:59:59-07:00"",""location"":{""@type"":""Place"",""name"":""Roy E. Disney Center for Performing Arts: Albuquerque Journal Theatre"",""description"":""&lt;p&gt;This 691-seat proscenium theatre is the centerpiece of the REDCPA, integrating the latest in theatre design with unique and stunning aesthetics. The flowing curves of the interior construction contribute to [&hellip;]&lt;/p&gt;\\n"",""image"":""https://nhccnm.org/wp-content/uploads/2015/05/rental-abqjournal-stage.jpg"",""url"":""https://nhccnm.org/venue/albuquerque-journal-theatre/"",""address"":{""@type"":""PostalAddress"",""streetAddress"":""1701 4th St SW"",""addressLocality"":""Albuquerque"",""addressRegion"":""NM"",""postalCode"":""87102""},""geo"":{""@type"":""GeoCoordinates"",""latitude"":35.068577,""longitude"":-106.655629},""telephone"":""(505)724-4771"",""sameAs"":""""},""performer"":""Organization""}"
2026-10-01T16:03:02Z,nhccnm.org,100096,4bf58dd8d48988d1e5931735|music venue,https://nhccnm.org/event/mundos-de-mestizaje-torreon-tours-35/,Event,mapped_exact,0.000,"Mundos de Mestizaje, Torreón Tours",2026-11-28T00:00:00-07:00,2026-11-28T23:59:59-07:00,https://nhccnm.org/event/mundos-de-mestizaje-torreon-tours-35/,https://schema.org/EventScheduled,https://schema.org/OfflineEventAttendanceMode,&lt;p&gt;Fridays &amp; Saturdays 11:00 am NHCC | Welcome Center and the NHCC Torreón Admission to the Torreon tour is $2. Tickets are available for advance purchase below or can also be [&hellip;]&lt;/p&gt;\n,"{""@type"":""Place"",""name"":""NHCC Torreón"",""description"":"""",""image"":""https://nhccnm.org/wp-content/uploads/2017/08/Torreon.jpg"",""url"":""https://nhccnm.org/venue/nhcc-torreon-2/"",""address"":{""@type"":""PostalAddress"",""streetAddress"":""1701 4th street SW"",""addressLocality"":""Albuquerque"",""addressRegion"":""NM"",""postalCode"":""87102"",""addressCountry"":""United States""},""geo"":{""@type"":""GeoCoordinates"",""latitude"":35.068577,""longitude"":-106.655629},""telephone"":""(505) 246-2261"",""sameAs"":""""}",,,"""Organization""","""https://nhccnm.org/wp-content/uploads/2026/05/Torreon-Photo-2026.jpg""",,"{""@context"":""http://schema.org"",""@type"":""Event"",""name"":""Mundos de Mestizaje, Torreón Tours"",""description"":""&lt;p&gt;Fridays &amp; Saturdays 11:00 am NHCC | Welcome Center and the NHCC Torreón Admission to the Torreon tour is $2. Tickets are available for advance purchase below or can also be [&hellip;]&lt;/p&gt;\\n"",""image"":""https://nhccnm.org/wp-content/uploads/2026/05/Torreon-Photo-2026.jpg"",""url"":""https://nhccnm.org/event/mundos-de-mestizaje-torreon-tours-35/"",""eventAttendanceMode"":""https://schema.org/OfflineEventAttendanceMode"",""eventStatus"":""https://schema.org/EventScheduled"",""startDate"":""2026-11-28T00:00:00-07:00"",""endDate"":""2026-11-28T23:59:59-07:00"",""location"":{""@type"":""Place"",""name"":""NHCC Torreón"",""description"":"""",""image"":""https://nhccnm.org/wp-content/uploads/2017/08/Torreon.jpg"",""url"":""https://nhccnm.org/venue/nhcc-torreon-2/"",""address"":{""@type"":""PostalAddress"",""streetAddress"":""1701 4th street SW"",""addressLocality"":""Albuquerque"",""addressRegion"":""NM"",""postalCode"":""87102"",""addressCountry"":""United States""},""geo"":{""@type"":""GeoCoordinates"",""latitude"":35.068577,""longitude"":-106.655629},""telephone"":""(505) 246-2261"",""sameAs"":""""},""performer"":""Organization""}"
2026-10-01T16:03:02Z,nhccnm.org,100096,4bf58dd8d48988d1e5931735|music venue,https://nhccnm.org/event/artist-dialogue-joe-ramiro-garcia/,Event,mapped_exact,0.000,Artist Dialogue: Joe Ramiro Garcia,2026-12-01T00:00:00-07:00,2026-12-01T23:59:59-07:00,https://nhccnm.org/event/artist-dialogue-joe-ramiro-garcia/,https://schema.org/EventScheduled,https://schema.org/OfflineEventAttendanceMode,"&lt;p&gt;Artist Dialogue: Joe Ramiro Garcia A Dialogue on Memory and Ancestral Knowledge between Artist Joe Ramiro Garcia and Curator hazel batrezchavez Tuesday, December 1, 2026 12:30 - 1:30 pm NHCC | Wells Fargo [&hellip;]&lt;/p&gt;\n","{""@type"":""Place"",""name"":""Roy E. Disney Center for Performing Arts: Wells Fargo Auditorium"",""description"":""&lt;p&gt;With its deep red interior, the 97-seat Wells Fargo Auditorium provides an intimate environment for films, lectures, poetry and readings, as well as for full-length dramatic productions that play to [&hellip;]&lt;/p&gt;\\n"",""image"":""https://nhccnm.org/wp-content/uploads/2015/11/wells-fargo-seats-1.jpg"",""url"":""https://nhccnm.org/venue/wells-fargo-auditorium/"",""address"":{""@type"":""PostalAddress"",""streetAddress"":""1701 4th Street SW"",""addressLocality"":""Albuquerque"",""addressRegion"":""NM"",""postalCode"":""87102""},""geo"":{""@type"":""GeoCoordinates"",""latitude"":35.068577,""longitude"":-106.655629},""telephone"":""(505) 724-4771"",""sameAs"":""""}",,,"""Organization""","""https://nhccnm.org/wp-content/uploads/2026/08/Web-icon.png""",,"{""@context"":""http://schema.org"",""@type"":""Event"",""name"":""Artist Dialogue: Joe Ramiro Garcia"",""description"":""&lt;p&gt;Artist Dialogue: Joe Ramiro Garcia A Dialogue on Memory and Ancestral Knowledge between Artist Joe Ramiro Garcia and Curator hazel batrezchavez Tuesday, December 1, 2026 12:30 - 1:30 pm NHCC | Wells Fargo [&hellip;]&lt;/p&gt;\\n"",""image"":""https://nhccnm.org/wp-content/uploads/2026/08/Web-icon.png"",""url"":""https://nhccnm.org/event/artist-dialogue-joe-ramiro-garcia/"",""eventAttendanceMode"":""https://schema.org/OfflineEventAttendanceMode"",""eventStatus"":""https://schema.org/EventScheduled"",""startDate"":""2026-12-01T00:00:00-07:00"",""endDate"":""2026-12-01T23:59:59-07:00"",""location"":{""@type"":""Place"",""name"":""Roy E. Disney Center for Performing Arts: Wells Fargo Auditorium"",""description"":""&lt;p&gt;With its deep red interior, the 97-seat Wells Fargo Auditorium provides an intimate environment for films, lectures, poetry and readings, as well as for full-length dramatic productions that play to [&hellip;]&lt;/p&gt;\\n"",""image"":""https://nhccnm.org/wp-content/uploads/2015/11/wells-fargo-seats-1.jpg"",""url"":""https://nhccnm.org/venue/wells-fargo-auditorium/"",""address"":{""@type"":""PostalAddress"",""streetAddress"":""1701 4th Street SW"",""addressLocality"":""Albuquerque"",""addressRegion"":""NM"",""postalCode"":""87102""},""geo"":{""@type"":""GeoCoordinates"",""latitude"":35.068577,""longitude"":-106.655629},""telephone"":""(505) 724-4771"",""sameAs"":""""},""performer"":""Organization""}"
2026-10-01T16:03:02Z,nhccnm.org,100096,4bf58dd8d48988d1e5931735|music venue,https://nhccnm.org/event/happy-arte-hour-29/,Event,mapped_exact,0.000,Happy Arte Hour,2026-12-03T00:00:00-07:00,2026-12-03T23:59:59-07:00,https://nhccnm.org/event/happy-arte-hour-29/,https://schema.org/EventScheduled,https://schema.org/OfflineEventAttendanceMode,"&lt;p&gt;Thursday, December 3, 2026 6:00 pm NHCC | Domenici Education Building NHCC invites adults for artistic fun in a relaxed social setting. This is a great opportunity for friends to [&hellip;]&lt;/p&gt;\n","{""@type"":""Place"",""name"":""NHCC | Education Building: Grand Hall"",""description"":"""",""url"":""https://nhccnm.org/venue/grand-hall/"",""address"":{""@type"":""PostalAddress"",""streetAddress"":""1701 4th Street SW"",""addressLocality"":""Albuquerque"",""addressRegion"":""NM"",""postalCode"":""87102"",""addressCountry"":""United States""},""telephone"":""5057244771"",""sameAs"":""""}",,,"""Organization""","""https://nhccnm.org/wp-content/uploads/2024/05/Happy-Arte-Hour-2024.jpg""",,"{""@context"":""http://schema.org"",""@type"":""Event"",""name"":""Happy Arte Hour"",""description"":""&lt;p&gt;Thursday, December 3, 2026 6:00 pm NHCC | Domenici Education Building NHCC invites adults for artistic fun in a relaxed social setting. This is a great opportunity for friends to [&hellip;]&lt;/p&gt;\\n"",""image"":""https://nhccnm.org/wp-content/uploads/2024/05/Happy-Arte-Hour-2024.jpg"",""url"":""https://nhccnm.org/event/happy-arte-hour-29/"",""eventAttendanceMode"":""https://schema.org/OfflineEventAttendanceMode"",""eventStatus"":""https://schema.org/EventScheduled"",""startDate"":""2026-12-03T00:00:00-07:00"",""endDate"":""2026-12-03T23:59:59-07:00"",""location"":{""@type"":""Place"",""name"":""NHCC | Education Building: Grand Hall"",""description"":"""",""url"":""https://nhccnm.org/venue/grand-hall/"",""address"":{""@type"":""PostalAddress"",""streetAddress"":""1701 4th Street SW"",""addressLocality"":""Albuquerque"",""addressRegion"":""NM"",""postalCode"":""87102"",""addressCountry"":""United States""},""telephone"":""5057244771"",""sameAs"":""""},""performer"":""Organization""}"
2026-10-01T16:03:02Z,nhccnm.org,100096,4bf58dd8d48988d1e5931735|music venue,https://nhccnm.org/event/mundos-de-mestizaje-torreon-tours-36/,Event,mapped_exact,0.000,"Mundos de Mestizaje, Torreón Tours",2026-12-04T00:00:00-07:00,2026-12-05T23:59:59-07:00,https://nhccnm.org/event/mundos-de-mestizaje-torreon-tours-36/,https://schema.org/EventScheduled,https://schema.org/OfflineEventAttendanceMode,&lt;p&gt;Fridays &amp; Saturdays 11:00 am NHCC | Welcome Center and the NHCC Torreón Admission to the Torreon tour is $2. Tickets are available for advance purchase below or can also be [&hellip;]&lt;/p&gt;\n,"{""@type"":""Place"",""name"":""NHCC Torreón"",""description"":"""",""image"":""https://nhccnm.org/wp-content/uploads/2017/08/Torreon.jpg"",""url"":""https://nhccnm.org/venue/nhcc-torreon-2/"",""address"":{""@type"":""PostalAddress"",""streetAddress"":""1701 4th street SW"",""addressLocality"":""Albuquerque"",""addressRegion"":""NM"",""postalCode"":""87102"",""addressCountry"":""United States""},""geo"":{""@type"":""GeoCoordinates"",""latitude"":35.068577,""longitude"":-106.655629},""telephone"":""(505) 246-2261"",""sameAs"":""""}",,,"""Organization""","""https://nhccnm.org/wp-content/uploads/2026/05/Torreon-Photo-2026.jpg""",,"{""@context"":""http://schema.org"",""@type"":""Event"",""name"":""Mundos de Mestizaje, Torreón Tours"",""description"":""&lt;p&gt;Fridays &amp; Saturdays 11:00 am NHCC | Welcome Center and the NHCC Torreón Admission to the Torreon tour is $2. Tickets are available for advance purchase below or can also be [&hellip;]&lt;/p&gt;\\n"",""image"":""https://nhccnm.org/wp-content/uploads/2026/05/Torreon-Photo-2026.jpg"",""url"":""https://nhccnm.org/event/mundos-de-mestizaje-torreon-tours-36/"",""eventAttendanceMode"":""https://schema.org/OfflineEventAttendanceMode"",""eventStatus"":""https://schema.org/EventScheduled"",""startDate"":""2026-12-04T00:00:00-07:00"",""endDate"":""2026-12-05T23:59:59-07:00"",""location"":{""@type"":""Place"",""name"":""NHCC Torreón"",""description"":"""",""image"":""https://nhccnm.org/wp-content/uploads/2017/08/Torreon.jpg"",""url"":""https://nhccnm.org/venue/nhcc-torreon-2/"",""address"":{""@type"":""PostalAddress"",""streetAddress"":""1701 4th street SW"",""addressLocality"":""Albuquerque"",""addressRegion"":""NM"",""postalCode"":""87102"",""addressCountry"":""United States""},""geo"":{""@type"":""GeoCoordinates"",""latitude"":35.068577,""longitude"":-106.655629},""telephone"":""(505) 246-2261"",""sameAs"":""""},""performer"":""Organization""}"
2026-10-01T16:03:02Z,nhccnm.org,100096,4bf58dd8d48988d1e5931735|music venue,https://nhccnm.org/event/opera-southwest-the-farolitos-of-christmas-2/,Event,mapped_exact,0.000,Opera Southwest: The Farolitos of Christmas,2026-12-05T00:00:00-07:00,2026-12-06T23:59:59-07:00,https://nhccnm.org/event/opera-southwest-the-farolitos-of-christmas-2/,https://schema.org/EventScheduled,https://schema.org/OfflineEventAttendanceMode,"&lt;p&gt;Opera Southwest: The Farolitos of Christmas December 5 &amp; 6, 2026 2:00 pm &amp; 4:00 pm Saturday &amp; Sunday NHCC | Albuquerque Journal Theatre Opera Southwest presents Rudolfo Anaya’s The [&hellip;]&lt;/p&gt;\n","{""@type"":""Place"",""name"":""Roy E. Disney Center for Performing Arts: Albuquerque Journal Theatre"",""description"":""&lt;p&gt;This 691-seat proscenium theatre is the centerpiece of the REDCPA, integrating the latest in theatre design with unique and stunning aesthetics. The flowing curves of the interior construction contribute to [&hellip;]&lt;/p&gt;\\n"",""image"":""https://nhccnm.org/wp-content/uploads/2015/05/rental-abqjournal-stage.jpg"",""url"":""https://nhccnm.org/venue/albuquerque-journal-theatre/"",""address"":{""@type"":""PostalAddress"",""streetAddress"":""1701 4th St SW"",""addressLocality"":""Albuquerque"",""addressRegion"":""NM"",""postalCode"":""87102""},""geo"":{""@type"":""GeoCoordinates"",""latitude"":35.068577,""longitude"":-106.655629},""telephone"":""(505)724-4771"",""sameAs"":""""}",,,"""Organization""","""https://nhccnm.org/wp-content/uploads/2026/08/Farolitos-2026-graphic.jpg""",,"{""@context"":""http://schema.org"",""@type"":""Event"",""name"":""Opera Southwest: The Farolitos of Christmas"",""description"":""&lt;p&gt;Opera Southwest: The Farolitos of Christmas December 5 &amp; 6, 2026 2:00 pm &amp; 4:00 pm Saturday &amp; Sunday NHCC | Albuquerque Journal Theatre Opera Southwest presents Rudolfo Anaya’s The [&hellip;]&lt;/p&gt;\\n"",""image"":""https://nhccnm.org/wp-content/uploads/2026/08/Farolitos-2026-graphic.jpg"",""url"":""https://nhccnm.org/event/opera-southwest-the-farolitos-of-christmas-2/"",""eventAttendanceMode"":""https://schema.org/OfflineEventAttendanceMode"",""eventStatus"":""https://schema.org/EventScheduled"",""startDate"":""2026-12-05T00:00:00-07:00"",""endDate"":""2026-12-06T23:59:59-07:00"",""location"":{""@type"":""Place"",""name"":""Roy E. Disney Center for Performing Arts: Albuquerque Journal Theatre"",""description"":""&lt;p&gt;This 691-seat proscenium theatre is the centerpiece of the REDCPA, integrating the latest in theatre design with unique and stunning aesthetics. The flowing curves of the interior construction contribute to [&hellip;]&lt;/p&gt;\\n"",""image"":""https://nhccnm.org/wp-content/uploads/2015/05/rental-abqjournal-stage.jpg"",""url"":""https://nhccnm.org/venue/albuquerque-journal-theatre/"",""address"":{""@type"":""PostalAddress"",""streetAddress"":""1701 4th St SW"",""addressLocality"":""Albuquerque"",""addressRegion"":""NM"",""postalCode"":""87102""},""geo"":{""@type"":""GeoCoordinates"",""latitude"":35.068577,""longitude"":-106.655629},""telephone"":""(505)724-4771"",""sameAs"":""""},""performer"":""Organization""}"
2026-10-01T16:03:02Z,nhccnm.org,100096,4bf58dd8d48988d1e5931735|music venue,https://nhccnm.org/event/artist-dialogue-esteban-ismael-duran/,Event,mapped_exact,0.000,Artist Dialogue: Esteban Ismael Durán,2026-12-06T00:00:00-07:00,2026-12-06T23:59:59-07:00,https://nhccnm.org/event/artist-dialogue-esteban-ismael-duran/,https://schema.org/EventScheduled,https://schema.org/OfflineEventAttendanceMode,"&lt;p&gt;Artist Dialogue: Esteban Ismael Durán A Dialogue on Memory and Ancestral Knowledge between Artist Esteban Ismael Durán and Curator hazel batrezchavez Sunday, December 6, 2026 12:30 - 1:30 pm NHCC [&hellip;]&lt;/p&gt;\n","{""@type"":""Place"",""name"":""Roy E. Disney Center for Performing Arts: Wells Fargo Auditorium"",""description"":""&lt;p&gt;With its deep red interior, the 97-seat Wells Fargo Auditorium provides an intimate environment for films, lectures, poetry and readings, as well as for full-length dramatic productions that play to [&hellip;]&lt;/p&gt;\\n"",""image"":""https://nhccnm.org/wp-content/uploads/2015/11/wells-fargo-seats-1.jpg"",""url"":""https://nhccnm.org/venue/wells-fargo-auditorium/"",""address"":{""@type"":""PostalAddress"",""streetAddress"":""1701 4th Street SW"",""addressLocality"":""Albuquerque"",""addressRegion"":""NM"",""postalCode"":""87102""},""geo"":{""@type"":""GeoCoordinates"",""latitude"":35.068577,""longitude"":-106.655629},""telephone"":""(505) 724-4771"",""sameAs"":""""}",,,"""Organization""","""https://nhccnm.org/wp-content/uploads/2026/08/Web-icon.png""",,"{""@context"":""http://schema.org"",""@type"":""Event"",""name"":""Artist Dialogue: Esteban Ismael Durán"",""description"":""&lt;p&gt;Artist Dialogue: Esteban Ismael Durán A Dialogue on Memory and Ancestral Knowledge between Artist Esteban Ismael Durán and Curator hazel batrezchavez Sunday, December 6, 2026 12:30 - 1:30 pm NHCC [&hellip;]&lt;/p&gt;\\n"",""image"":""https://nhccnm.org/wp-content/uploads/2026/08/Web-icon.png"",""url"":""https://nhccnm.org/event/artist-dialogue-esteban-ismael-duran/"",""eventAttendanceMode"":""https://schema.org/OfflineEventAttendanceMode"",""eventStatus"":""https://schema.org/EventScheduled"",""startDate"":""2026-12-06T00:00:00-07:00"",""endDate"":""2026-12-06T23:59:59-07:00"",""location"":{""@type"":""Place"",""name"":""Roy E. Disney Center for Performing Arts: Wells Fargo Auditorium"",""description"":""&lt;p&gt;With its deep red interior, the 97-seat Wells Fargo Auditorium provides an intimate environment for films, lectures, poetry and readings, as well as for full-length dramatic productions that play to [&hellip;]&lt;/p&gt;\\n"",""image"":""https://nhccnm.org/wp-content/uploads/2015/11/wells-fargo-seats-1.jpg"",""url"":""https://nhccnm.org/venue/wells-fargo-auditorium/"",""address"":{""@type"":""PostalAddress"",""streetAddress"":""1701 4th Street SW"",""addressLocality"":""Albuquerque"",""addressRegion"":""NM"",""postalCode"":""87102""},""geo"":{""@type"":""GeoCoordinates"",""latitude"":35.068577,""longitude"":-106.655629},""telephone"":""(505) 724-4771"",""sameAs"":""""},""performer"":""Organization""}"
2026-10-01T16:03:02Z,nhccnm.org,100096,4bf58dd8d48988d1e5931735|music venue,https://nhccnm.org/event/herencia-speaker-series-poetry-workshop-with-leticia-urieta/,Event,mapped_exact,0.000,Herencia Speaker Series: Poetry Workshop with Leticia Urieta,2026-12-06T00:00:00-07:00,2026-12-06T23:59:59-07:00,https://nhccnm.org/event/herencia-speaker-series-poetry-workshop-with-leticia-urieta/,https://schema.org/EventScheduled,https://schema.org/OfflineEventAttendanceMode,"&lt;p&gt;Herencia Speaker Series: Poetry Workshop with Leticia Urieta December 6, 2026 2:00 pm NHCC | HLA Salón Ortega Join us for a poetry workshop with writer Leticia Urieta. The body carries [&hellip;]&lt;/p&gt;\n","{""@type"":""Place"",""name"":""Salón Ortega"",""description"":"""",""image"":""https://nhccnm.org/wp-content/uploads/2015/11/nhcc-salon-ortega.jpg"",""url"":""https://nhccnm.org/venue/salon-ortega/"",""address"":{""@type"":""PostalAddress"",""streetAddress"":""1701 4th Street SW"",""addressLocality"":""Albuquerque"",""addressRegion"":""NM"",""postalCode"":""87102""},""telephone"":""5057244771"",""sameAs"":""""}",,,"""Organization""","""https://nhccnm.org/wp-content/uploads/2026/08/Leticia-Poetry-Workshop-Web.png""",,"{""@context"":""http://schema.org"",""@type"":""Event"",""name"":""Herencia Speaker Series: Poetry Workshop with Leticia Urieta"",""description"":""&lt;p&gt;Herencia Speaker Series: Poetry Workshop with Leticia Urieta December 6, 2026 2:00 pm NHCC | HLA Salón Ortega Join us for a poetry workshop with writer Leticia Urieta. The body carries [&hellip;]&lt;/p&gt;\\n"",""image"":""https://nhccnm.org/wp-content/uploads/2026/08/Leticia-Poetry-Workshop-Web.png"",""url"":""https://nhccnm.org/event/herencia-speaker-series-poetry-workshop-with-leticia-urieta/"",""eventAttendanceMode"":""https://schema.org/OfflineEventAttendanceMode"",""eventStatus"":""https://schema.org/EventScheduled"",""startDate"":""2026-12-06T00:00:00-07:00"",""endDate"":""2026-12-06T23:59:59-07:00"",""location"":{""@type"":""Place"",""name"":""Salón Ortega"",""description"":"""",""image"":""https://nhccnm.org/wp-content/uploads/2015/11/nhcc-salon-ortega.jpg"",""url"":""https://nhccnm.org/venue/salon-ortega/"",""address"":{""@type"":""PostalAddress"",""streetAddress"":""1701 4th Street SW"",""addressLocality"":""Albuquerque"",""addressRegion"":""NM"",""postalCode"":""87102""},""telephone"":""5057244771"",""sameAs"":""""},""performer"":""Organization""}"
2026-10-01T16:03:02Z,nhccnm.org,100096,4bf58dd8d48988d1e5931735|music venue,https://nhccnm.org/event/herencia-speaker-series-poetry-reading-with-leticia-urieta/,Event,mapped_exact,0.000,Herencia Speaker Series: Poetry Reading with Leticia Urieta,2026-12-09T00:00:00-07:00,2026-12-09T23:59:59-07:00,https://nhccnm.org/event/herencia-speaker-series-poetry-reading-with-leticia-urieta/,https://schema.org/EventScheduled,https://schema.org/OfflineEventAttendanceMode,"&lt;p&gt;Herencia Speaker Series: Poetry Reading with Leticia Urieta Wednesday, December 9, 2026 6:30 pm NHCC | HLA Salón Ortega Author, poet, and teaching artist, Leticia Urieta, will be joining us [&hellip;]&lt;/p&gt;\n","{""@type"":""Place"",""name"":""Salón Ortega"",""description"":"""",""image"":""https://nhccnm.org/wp-content/uploads/2015/11/nhcc-salon-ortega.jpg"",""url"":""https://nhccnm.org/venue/salon-ortega/"",""address"":{""@type"":""PostalAddress"",""streetAddress"":""1701 4th Street SW"",""addressLocality"":""Albuquerque"",""addressRegion"":""NM"",""postalCode"":""87102""},""telephone"":""5057244771"",""sameAs"":""""}",,,"""Organization""","""https://nhccnm.org/wp-content/uploads/2026/08/Leticia-Poetry-Reading-Web.png""",,"{""@context"":""http://schema.org"",""@type"":""Event"",""name"":""Herencia Speaker Series: Poetry Reading with Leticia Urieta"",""description"":""&lt;p&gt;Herencia Speaker Series: Poetry Reading with Leticia Urieta Wednesday, December 9, 2026 6:30 pm NHCC | HLA Salón Ortega Author, poet, and teaching artist, Leticia Urieta, will be joining us [&hellip;]&lt;/p&gt;\\n"",""image"":""https://nhccnm.org/wp-content/uploads/2026/08/Leticia-Poetry-Reading-Web.png"",""url"":""https://nhccnm.org/event/herencia-speaker-series-poetry-reading-with-leticia-urieta/"",""eventAttendanceMode"":""https://schema.org/OfflineEventAttendanceMode"",""eventStatus"":""https://schema.org/EventScheduled"",""startDate"":""2026-12-09T00:00:00-07:00"",""endDate"":""2026-12-09T23:59:59-07:00"",""location"":{""@type"":""Place"",""name"":""Salón Ortega"",""description"":"""",""image"":""https://nhccnm.org/wp-content/uploads/2015/11/nhcc-salon-ortega.jpg"",""url"":""https://nhccnm.org/venue/salon-ortega/"",""address"":{""@type"":""PostalAddress"",""streetAddress"":""1701 4th Street SW"",""addressLocality"":""Albuquerque"",""addressRegion"":""NM"",""postalCode"":""87102""},""telephone"":""5057244771"",""sameAs"":""""},""performer"":""Organization""}"
2026-10-01T16:03:02Z,nhccnm.org,100096,4bf58dd8d48988d1e5931735|music venue,https://nhccnm.org/event/mundos-de-mestizaje-torreon-tours-38/,Event,mapped_exact,0.000,"Mundos de Mestizaje, Torreón Tours",2026-12-11T00:00:00-07:00,2026-12-12T23:59:59-07:00,https://nhccnm.org/event/mundos-de-mestizaje-torreon-tours-38/,https://schema.org/EventScheduled,https://schema.org/OfflineEventAttendanceMode,&lt;p&gt;Fridays &amp; Saturdays 11:00 am NHCC | Welcome Center and the NHCC Torreón Admission to the Torreon tour is $2. Tickets are available for advance purchase below or can also be [&hellip;]&lt;/p&gt;\n,"{""@type"":""Place"",""name"":""NHCC Torreón"",""description"":"""",""image"":""https://nhccnm.org/wp-content/uploads/2017/08/Torreon.jpg"",""url"":""https://nhccnm.org/venue/nhcc-torreon-2/"",""address"":{""@type"":""PostalAddress"",""streetAddress"":""1701 4th street SW"",""addressLocality"":""Albuquerque"",""addressRegion"":""NM"",""postalCode"":""87102"",""addressCountry"":""United States""},""geo"":{""@type"":""GeoCoordinates"",""latitude"":35.068577,""longitude"":-106.655629},""telephone"":""(505) 246-2261"",""sameAs"":""""}",,,"""Organization""","""https://nhccnm.org/wp-content/uploads/2026/05/Torreon-Photo-2026.jpg""",,"{""@context"":""http://schema.org"",""@type"":""Event"",""name"":""Mundos de Mestizaje, Torreón Tours"",""description"":""&lt;p&gt;Fridays &amp; Saturdays 11:00 am NHCC | Welcome Center and the NHCC Torreón Admission to the Torreon tour is $2. Tickets are available for advance purchase below or can also be [&hellip;]&lt;/p&gt;\\n"",""image"":""https://nhccnm.org/wp-content/uploads/2026/05/Torreon-Photo-2026.jpg"",""url"":""https://nhccnm.org/event/mundos-de-mestizaje-torreon-tours-38/"",""eventAttendanceMode"":""https://schema.org/OfflineEventAttendanceMode"",""eventStatus"":""https://schema.org/EventScheduled"",""startDate"":""2026-12-11T00:00:00-07:00"",""endDate"":""2026-12-12T23:59:59-07:00"",""location"":{""@type"":""Place"",""name"":""NHCC Torreón"",""description"":"""",""image"":""https://nhccnm.org/wp-content/uploads/2017/08/Torreon.jpg"",""url"":""https://nhccnm.org/venue/nhcc-torreon-2/"",""address"":{""@type"":""PostalAddress"",""streetAddress"":""1701 4th street SW"",""addressLocality"":""Albuquerque"",""addressRegion"":""NM"",""postalCode"":""87102"",""addressCountry"":""United States""},""geo"":{""@type"":""GeoCoordinates"",""latitude"":35.068577,""longitude"":-106.655629},""telephone"":""(505) 246-2261"",""sameAs"":""""},""performer"":""Organization""}"
2026-10-01T16:03:02Z,nhccnm.org,100096,4bf58dd8d48988d1e5931735|music venue,https://nhccnm.org/event/saturday-special-visual-arts-museum-tour-6/,Event,mapped_exact,0.000,Saturday Special: Visual Arts Museum Tour,2026-12-12T00:00:00-07:00,2026-12-12T23:59:59-07:00,https://nhccnm.org/event/saturday-special-visual-arts-museum-tour-6/,https://schema.org/EventScheduled,https://schema.org/OfflineEventAttendanceMode,"&lt;p&gt;1:00 pm NHCC | Visual Arts Museum The art museum tour at the National Hispanic Cultural Center offers a journey through Hispanic, Chicano, LatinX and Latin American art. Visitors are [&hellip;]&lt;/p&gt;\n","{""@type"":""Place"",""name"":""Visual Art Museum"",""description"":"""",""image"":""https://nhccnm.org/wp-content/uploads/2015/11/venue-art-museum-scaled.jpg"",""url"":""https://nhccnm.org/venue/art-museum/"",""address"":{""@type"":""PostalAddress"",""streetAddress"":""1701 4th Street SW"",""addressLocality"":""Albuquerque"",""addressRegion"":""NM"",""postalCode"":""87102"",""addressCountry"":""United States""},""telephone"":""5057244771"",""sameAs"":""""}",,,"""Organization""","""https://nhccnm.org/wp-content/uploads/2026/07/nhcc-va-museum-graphic.jpg""",,"{""@context"":""http://schema.org"",""@type"":""Event"",""name"":""Saturday Special: Visual Arts Museum Tour"",""description"":""&lt;p&gt;1:00 pm NHCC | Visual Arts Museum The art museum tour at the National Hispanic Cultural Center offers a journey through Hispanic, Chicano, LatinX and Latin American art. Visitors are [&hellip;]&lt;/p&gt;\\n"",""image"":""https://nhccnm.org/wp-content/uploads/2026/07/nhcc-va-museum-graphic.jpg"",""url"":""https://nhccnm.org/event/saturday-special-visual-arts-museum-tour-6/"",""eventAttendanceMode"":""https://schema.org/OfflineEventAttendanceMode"",""eventStatus"":""https://schema.org/EventScheduled"",""startDate"":""2026-12-12T00:00:00-07:00"",""endDate"":""2026-12-12T23:59:59-07:00"",""location"":{""@type"":""Place"",""name"":""Visual Art Museum"",""description"":"""",""image"":""https://nhccnm.org/wp-content/uploads/2015/11/venue-art-museum-scaled.jpg"",""url"":""https://nhccnm.org/venue/art-museum/"",""address"":{""@type"":""PostalAddress"",""streetAddress"":""1701 4th Street SW"",""addressLocality"":""Albuquerque"",""addressRegion"":""NM"",""postalCode"":""87102"",""addressCountry"":""United States""},""telephone"":""5057244771"",""sameAs"":""""},""performer"":""Organization""}"
2026-10-01T16:03:02Z,nhccnm.org,100096,4bf58dd8d48988d1e5931735|music venue,https://nhccnm.org/event/mundos-de-mestizaje-torreon-tours-39/,Event,mapped_exact,0.000,"Mundos de Mestizaje, Torreón Tours",2026-12-18T00:00:00-07:00,2026-12-19T23:59:59-07:00,https://nhccnm.org/event/mundos-de-mestizaje-torreon-tours-39/,https://schema.org/EventScheduled,https://schema.org/OfflineEventAttendanceMode,&lt;p&gt;Fridays &amp; Saturdays 11:00 am NHCC | Welcome Center and the NHCC Torreón Admission to the Torreon tour is $2. Tickets are available for advance purchase below or can also be [&hellip;]&lt;/p&gt;\n,"{""@type"":""Place"",""name"":""NHCC Torreón"",""description"":"""",""image"":""https://nhccnm.org/wp-content/uploads/2017/08/Torreon.jpg"",""url"":""https://nhccnm.org/venue/nhcc-torreon-2/"",""address"":{""@type"":""PostalAddress"",""streetAddress"":""1701 4th street SW"",""addressLocality"":""Albuquerque"",""addressRegion"":""NM"",""postalCode"":""87102"",""addressCountry"":""United States""},""geo"":{""@type"":""GeoCoordinates"",""latitude"":35.068577,""longitude"":-106.655629},""telephone"":""(505) 246-2261"",""sameAs"":""""}",,,"""Organization""","""https://nhccnm.org/wp-content/uploads/2026/05/Torreon-Photo-2026.jpg""",,"{""@context"":""http://schema.org"",""@type"":""Event"",""name"":""Mundos de Mestizaje, Torreón Tours"",""description"":""&lt;p&gt;Fridays &amp; Saturdays 11:00 am NHCC | Welcome Center and the NHCC Torreón Admission to the Torreon tour is $2. Tickets are available for advance purchase below or can also be [&hellip;]&lt;/p&gt;\\n"",""image"":""https://nhccnm.org/wp-content/uploads/2026/05/Torreon-Photo-2026.jpg"",""url"":""https://nhccnm.org/event/mundos-de-mestizaje-torreon-tours-39/"",""eventAttendanceMode"":""https://schema.org/OfflineEventAttendanceMode"",""eventStatus"":""https://schema.org/EventScheduled"",""startDate"":""2026-12-18T00:00:00-07:00"",""endDate"":""2026-12-19T23:59:59-07:00"",""location"":{""@type"":""Place"",""name"":""NHCC Torreón"",""description"":"""",""image"":""https://nhccnm.org/wp-content/uploads/2017/08/Torreon.jpg"",""url"":""https://nhccnm.org/venue/nhcc-torreon-2/"",""address"":{""@type"":""PostalAddress"",""streetAddress"":""1701 4th street SW"",""addressLocality"":""Albuquerque"",""addressRegion"":""NM"",""postalCode"":""87102"",""addressCountry"":""United States""},""geo"":{""@type"":""GeoCoordinates"",""latitude"":35.068577,""longitude"":-106.655629},""telephone"":""(505) 246-2261"",""sameAs"":""""},""performer"":""Organization""}"
2026-10-01T16:03:02Z,nhccnm.org,100096,4bf58dd8d48988d1e5931735|music venue,https://nhccnm.org/event/mundos-de-mestizaje-torreon-tours-37/,Event,mapped_exact,0.000,"Mundos de Mestizaje, Torreón Tours",2026-12-26T00:00:00-07:00,2026-12-26T23:59:59-07:00,https://nhccnm.org/event/mundos-de-mestizaje-torreon-tours-37/,https://schema.org/EventScheduled,https://schema.org/OfflineEventAttendanceMode,&lt;p&gt;Fridays &amp; Saturdays 11:00 am NHCC | Welcome Center and the NHCC Torreón Admission to the Torreon tour is $2. Tickets are available for advance purchase below or can also be [&hellip;]&lt;/p&gt;\n,"{""@type"":""Place"",""name"":""NHCC Torreón"",""description"":"""",""image"":""https://nhccnm.org/wp-content/uploads/2017/08/Torreon.jpg"",""url"":""https://nhccnm.org/venue/nhcc-torreon-2/"",""address"":{""@type"":""PostalAddress"",""streetAddress"":""1701 4th street SW"",""addressLocality"":""Albuquerque"",""addressRegion"":""NM"",""postalCode"":""87102"",""addressCountry"":""United States""},""geo"":{""@type"":""GeoCoordinates"",""latitude"":35.068577,""longitude"":-106.655629},""telephone"":""(505) 246-2261"",""sameAs"":""""}",,,"""Organization""","""https://nhccnm.org/wp-content/uploads/2026/05/Torreon-Photo-2026.jpg""",,"{""@context"":""http://schema.org"",""@type"":""Event"",""name"":""Mundos de Mestizaje, Torreón Tours"",""description"":""&lt;p&gt;Fridays &amp; Saturdays 11:00 am NHCC | Welcome Center and the NHCC Torreón Admission to the Torreon tour is $2. Tickets are available for advance purchase below or can also be [&hellip;]&lt;/p&gt;\\n"",""image"":""https://nhccnm.org/wp-content/uploads/2026/05/Torreon-Photo-2026.jpg"",""url"":""https://nhccnm.org/event/mundos-de-mestizaje-torreon-tours-37/"",""eventAttendanceMode"":""https://schema.org/OfflineEventAttendanceMode"",""eventStatus"":""https://schema.org/EventScheduled"",""startDate"":""2026-12-26T00:00:00-07:00"",""endDate"":""2026-12-26T23:59:59-07:00"",""location"":{""@type"":""Place"",""name"":""NHCC Torreón"",""description"":"""",""image"":""https://nhccnm.org/wp-content/uploads/2017/08/Torreon.jpg"",""url"":""https://nhccnm.org/venue/nhcc-torreon-2/"",""address"":{""@type"":""PostalAddress"",""streetAddress"":""1701 4th street SW"",""addressLocality"":""Albuquerque"",""addressRegion"":""NM"",""postalCode"":""87102"",""addressCountry"":""United States""},""geo"":{""@type"":""GeoCoordinates"",""latitude"":35.068577,""longitude"":-106.655629},""telephone"":""(505) 246-2261"",""sameAs"":""""},""performer"":""Organization""}"
2026-10-01T16:03:02Z,nhccnm.org,100096,4bf58dd8d48988d1e5931735|music venue,https://nhccnm.org/event/opera-southwest-new-years-with-the-opera-5/,Event,mapped_exact,0.000,Opera Southwest: New Year&#8217;s with the Opera!,2026-12-31T00:00:00-07:00,2026-12-31T23:59:59-07:00,https://nhccnm.org/event/opera-southwest-new-years-with-the-opera-5/,https://schema.org/EventScheduled,https://schema.org/OfflineEventAttendanceMode,"&lt;p&gt;Opera Southwest: New Year\'s with the Opera! Thursday, December 31, 2025 2:30 pm NHCC | Albuquerque Journal Theatre Join us for an operatic New Year’s Eve! New Year’s with the [&hellip;]&lt;/p&gt;\n","{""@type"":""Place"",""name"":""Roy E. Disney Center for Performing Arts: Albuquerque Journal Theatre"",""description"":""&lt;p&gt;This 691-seat proscenium theatre is the centerpiece of the REDCPA, integrating the latest in theatre design with unique and stunning aesthetics. The flowing curves of the interior construction contribute to [&hellip;]&lt;/p&gt;\\n"",""image"":""https://nhccnm.org/wp-content/uploads/2015/05/rental-abqjournal-stage.jpg"",""url"":""https://nhccnm.org/venue/albuquerque-journal-theatre/"",""address"":{""@type"":""PostalAddress"",""streetAddress"":""1701 4th St SW"",""addressLocality"":""Albuquerque"",""addressRegion"":""NM"",""postalCode"":""87102""},""geo"":{""@type"":""GeoCoordinates"",""latitude"":35.068577,""longitude"":-106.655629},""telephone"":""(505)724-4771"",""sameAs"":""""}",,,"""Organization""","""https://nhccnm.org/wp-content/uploads/2026/07/OSW-New-Years-Eve-with-the-Opera-2026.jpg""",,"{""@context"":""http://schema.org"",""@type"":""Event"",""name"":""Opera Southwest: New Year&#8217;s with the Opera!"",""description"":""&lt;p&gt;Opera Southwest: New Year\\'s with the Opera! Thursday, December 31, 2025 2:30 pm NHCC | Albuquerque Journal Theatre Join us for an operatic New Year’s Eve! New Year’s with the [&hellip;]&lt;/p&gt;\\n"",""image"":""https://nhccnm.org/wp-content/uploads/2026/07/OSW-New-Years-Eve-with-the-Opera-2026.jpg"",""url"":""https://nhccnm.org/event/opera-southwest-new-years-with-the-opera-5/"",""eventAttendanceMode"":""https://schema.org/OfflineEventAttendanceMode"",""eventStatus"":""https://schema.org/EventScheduled"",""startDate"":""2026-12-31T00:00:00-07:00"",""endDate"":""2026-12-31T23:59:59-07:00"",""location"":{""@type"":""Place"",""name"":""Roy E. Disney Center for Performing Arts: Albuquerque Journal Theatre"",""description"":""&lt;p&gt;This 691-seat proscenium theatre is the centerpiece of the REDCPA, integrating the latest in theatre design with unique and stunning aesthetics. The flowing curves of the interior construction contribute to [&hellip;]&lt;/p&gt;\\n"",""image"":""https://nhccnm.org/wp-content/uploads/2015/05/rental-abqjournal-stage.jpg"",""url"":""https://nhccnm.org/venue/albuquerque-journal-theatre/"",""address"":{""@type"":""PostalAddress"",""streetAddress"":""1701 4th St SW"",""addressLocality"":""Albuquerque"",""addressRegion"":""NM"",""postalCode"":""87102""},""geo"":{""@type"":""GeoCoordinates"",""latitude"":35.068577,""longitude"":-106.655629},""telephone"":""(505)724-4771"",""sameAs"":""""},""performer"":""Organization""}"
2026-10-01T16:03:02Z,nhccnm.org,100096,4bf58dd8d48988d1e5931735|music venue,https://nhccnm.org/event/nm-philharmonic-bach-mozart-haydn/,Event,mapped_exact,0.000,"NM Philharmonic: Bach, Mozart, &#038; Haydn",2027-02-07T00:00:00-07:00,2027-02-07T23:59:59-07:00,https://nhccnm.org/event/nm-philharmonic-bach-mozart-haydn/,https://schema.org/EventScheduled,https://schema.org/OfflineEventAttendanceMode,"&lt;p&gt;NM Philharmonic: Bach, Mozart, &amp; Haydn Sunday, February 7, 2027 2:00 pm NHCC | Albuquerque Journal Theatre Some believe Johann Sebastian Bach wrote The Art of the Fugue not for [&hellip;]&lt;/p&gt;\n","{""@type"":""Place"",""name"":""Roy E. Disney Center for Performing Arts: Albuquerque Journal Theatre"",""description"":""&lt;p&gt;This 691-seat proscenium theatre is the centerpiece of the REDCPA, integrating the latest in theatre design with unique and stunning aesthetics. The flowing curves of the interior construction contribute to [&hellip;]&lt;/p&gt;\\n"",""image"":""https://nhccnm.org/wp-content/uploads/2015/05/rental-abqjournal-stage.jpg"",""url"":""https://nhccnm.org/venue/albuquerque-journal-theatre/"",""address"":{""@type"":""PostalAddress"",""streetAddress"":""1701 4th St SW"",""addressLocality"":""Albuquerque"",""addressRegion"":""NM"",""postalCode"":""87102""},""geo"":{""@type"":""GeoCoordinates"",""latitude"":35.068577,""longitude"":-106.655629},""telephone"":""(505)724-4771"",""sameAs"":""""}",,,"""Organization""","""https://nhccnm.org/wp-content/uploads/2025/07/NM-Philharmonic-FB-Header.jpg""",,"{""@context"":""http://schema.org"",""@type"":""Event"",""name"":""NM Philharmonic: Bach, Mozart, &#038; Haydn"",""description"":""&lt;p&gt;NM Philharmonic: Bach, Mozart, &amp; Haydn Sunday, February 7, 2027 2:00 pm NHCC | Albuquerque Journal Theatre Some believe Johann Sebastian Bach wrote The Art of the Fugue not for [&hellip;]&lt;/p&gt;\\n"",""image"":""https://nhccnm.org/wp-content/uploads/2025/07/NM-Philharmonic-FB-Header.jpg"",""url"":""https://nhccnm.org/event/nm-philharmonic-bach-mozart-haydn/"",""eventAttendanceMode"":""https://schema.org/OfflineEventAttendanceMode"",""eventStatus"":""https://schema.org/EventScheduled"",""startDate"":""2027-02-07T00:00:00-07:00"",""endDate"":""2027-02-07T23:59:59-07:00"",""location"":{""@type"":""Place"",""name"":""Roy E. Disney Center for Performing Arts: Albuquerque Journal Theatre"",""description"":""&lt;p&gt;This 691-seat proscenium theatre is the centerpiece of the REDCPA, integrating the latest in theatre design with unique and stunning aesthetics. The flowing curves of the interior construction contribute to [&hellip;]&lt;/p&gt;\\n"",""image"":""https://nhccnm.org/wp-content/uploads/2015/05/rental-abqjournal-stage.jpg"",""url"":""https://nhccnm.org/venue/albuquerque-journal-theatre/"",""address"":{""@type"":""PostalAddress"",""streetAddress"":""1701 4th St SW"",""addressLocality"":""Albuquerque"",""addressRegion"":""NM"",""postalCode"":""87102""},""geo"":{""@type"":""GeoCoordinates"",""latitude"":35.068577,""longitude"":-106.655629},""telephone"":""(505)724-4771"",""sameAs"":""""},""performer"":""Organization""}"
2026-10-01T16:03:02Z,nhccnm.org,100096,4bf58dd8d48988d1e5931735|music venue,https://nhccnm.org/event/opera-southwest-boris-godunov/,Event,mapped_exact,0.000,Opera Southwest: Boris Godunov,2027-02-14T00:00:00-07:00,2027-02-21T23:59:59-07:00,https://nhccnm.org/event/opera-southwest-boris-godunov/,https://schema.org/EventScheduled,https://schema.org/OfflineEventAttendanceMode,"&lt;p&gt;Opera Southwest: Boris Godunov February 14, 19, &amp; 21 2027 2:00 pm Sundays and 7:30 pm Friday NHCC | Albuquerque Journal Theatre Music &amp; Libretto / Modest Mussorgsky Power, Guilt, [&hellip;]&lt;/p&gt;\n","{""@type"":""Place"",""name"":""Roy E. Disney Center for Performing Arts: Albuquerque Journal Theatre"",""description"":""&lt;p&gt;This 691-seat proscenium theatre is the centerpiece of the REDCPA, integrating the latest in theatre design with unique and stunning aesthetics. The flowing curves of the interior construction contribute to [&hellip;]&lt;/p&gt;\\n"",""image"":""https://nhccnm.org/wp-content/uploads/2015/05/rental-abqjournal-stage.jpg"",""url"":""https://nhccnm.org/venue/albuquerque-journal-theatre/"",""address"":{""@type"":""PostalAddress"",""streetAddress"":""1701 4th St SW"",""addressLocality"":""Albuquerque"",""addressRegion"":""NM"",""postalCode"":""87102""},""geo"":{""@type"":""GeoCoordinates"",""latitude"":35.068577,""longitude"":-106.655629},""telephone"":""(505)724-4771"",""sameAs"":""""}",,,"""Organization""","""https://nhccnm.org/wp-content/uploads/2026/07/BorisComposite2web.jpg""",,"{""@context"":""http://schema.org"",""@type"":""Event"",""name"":""Opera Southwest: Boris Godunov"",""description"":""&lt;p&gt;Opera Southwest: Boris Godunov February 14, 19, &amp; 21 2027 2:00 pm Sundays and 7:30 pm Friday NHCC | Albuquerque Journal Theatre Music &amp; Libretto / Modest Mussorgsky Power, Guilt, [&hellip;]&lt;/p&gt;\\n"",""image"":""https://nhccnm.org/wp-content/uploads/2026/07/BorisComposite2web.jpg"",""url"":""https://nhccnm.org/event/opera-southwest-boris-godunov/"",""eventAttendanceMode"":""https://schema.org/OfflineEventAttendanceMode"",""eventStatus"":""https://schema.org/EventScheduled"",""startDate"":""2027-02-14T00:00:00-07:00"",""endDate"":""2027-02-21T23:59:59-07:00"",""location"":{""@type"":""Place"",""name"":""Roy E. Disney Center for Performing Arts: Albuquerque Journal Theatre"",""description"":""&lt;p&gt;This 691-seat proscenium theatre is the centerpiece of the REDCPA, integrating the latest in theatre design with unique and stunning aesthetics. The flowing curves of the interior construction contribute to [&hellip;]&lt;/p&gt;\\n"",""image"":""https://nhccnm.org/wp-content/uploads/2015/05/rental-abqjournal-stage.jpg"",""url"":""https://nhccnm.org/venue/albuquerque-journal-theatre/"",""address"":{""@type"":""PostalAddress"",""streetAddress"":""1701 4th St SW"",""addressLocality"":""Albuquerque"",""addressRegion"":""NM"",""postalCode"":""87102""},""geo"":{""@type"":""GeoCoordinates"",""latitude"":35.068577,""longitude"":-106.655629},""telephone"":""(505)724-4771"",""sameAs"":""""},""performer"":""Organization""}"
2026-10-01T16:03:02Z,nhccnm.org,100096,4bf58dd8d48988d1e5931735|music venue,https://nhccnm.org/event/nmsc-osw-beethoven-symphony-no-9-en-espanol/,Event,mapped_exact,0.000,NMSC &#038; OSW: Beethoven- Symphony No. 9 – en Español,2027-03-14T00:00:00-07:00,2027-03-14T23:59:59-06:00,https://nhccnm.org/event/nmsc-osw-beethoven-symphony-no-9-en-espanol/,https://schema.org/EventScheduled,https://schema.org/OfflineEventAttendanceMode,"&lt;p&gt;NMSC &amp; OSW: Beethoven- Symphony No. 9 – en Español Sunday, March 14, 2027 2:00 pm NHCC | Albuquerque Journal Theatre Opera Southwest Presents, The New Mexico Symphonic Chorus with [&hellip;]&lt;/p&gt;\n","{""@type"":""Place"",""name"":""Roy E. Disney Center for Performing Arts: Albuquerque Journal Theatre"",""description"":""&lt;p&gt;This 691-seat proscenium theatre is the centerpiece of the REDCPA, integrating the latest in theatre design with unique and stunning aesthetics. The flowing curves of the interior construction contribute to [&hellip;]&lt;/p&gt;\\n"",""image"":""https://nhccnm.org/wp-content/uploads/2015/05/rental-abqjournal-stage.jpg"",""url"":""https://nhccnm.org/venue/albuquerque-journal-theatre/"",""address"":{""@type"":""PostalAddress"",""streetAddress"":""1701 4th St SW"",""addressLocality"":""Albuquerque"",""addressRegion"":""NM"",""postalCode"":""87102""},""geo"":{""@type"":""GeoCoordinates"",""latitude"":35.068577,""longitude"":-106.655629},""telephone"":""(505)724-4771"",""sameAs"":""""}",,,"""Organization""","""https://nhccnm.org/wp-content/uploads/2026/07/OSW-NMSC-Logo-2026-1.png""",,"{""@context"":""http://schema.org"",""@type"":""Event"",""name"":""NMSC &#038; OSW: Beethoven- Symphony No. 9 – en Español"",""description"":""&lt;p&gt;NMSC &amp; OSW: Beethoven- Symphony No. 9 – en Español Sunday, March 14, 2027 2:00 pm NHCC | Albuquerque Journal Theatre Opera Southwest Presents, The New Mexico Symphonic Chorus with [&hellip;]&lt;/p&gt;\\n"",""image"":""https://nhccnm.org/wp-content/uploads/2026/07/OSW-NMSC-Logo-2026-1.png"",""url"":""https://nhccnm.org/event/nmsc-osw-beethoven-symphony-no-9-en-espanol/"",""eventAttendanceMode"":""https://schema.org/OfflineEventAttendanceMode"",""eventStatus"":""https://schema.org/EventScheduled"",""startDate"":""2027-03-14T00:00:00-07:00"",""endDate"":""2027-03-14T23:59:59-06:00"",""location"":{""@type"":""Place"",""name"":""Roy E. Disney Center for Performing Arts: Albuquerque Journal Theatre"",""description"":""&lt;p&gt;This 691-seat proscenium theatre is the centerpiece of the REDCPA, integrating the latest in theatre design with unique and stunning aesthetics. The flowing curves of the interior construction contribute to [&hellip;]&lt;/p&gt;\\n"",""image"":""https://nhccnm.org/wp-content/uploads/2015/05/rental-abqjournal-stage.jpg"",""url"":""https://nhccnm.org/venue/albuquerque-journal-theatre/"",""address"":{""@type"":""PostalAddress"",""streetAddress"":""1701 4th St SW"",""addressLocality"":""Albuquerque"",""addressRegion"":""NM"",""postalCode"":""87102""},""geo"":{""@type"":""GeoCoordinates"",""latitude"":35.068577,""longitude"":-106.655629},""telephone"":""(505)724-4771"",""sameAs"":""""},""performer"":""Organization""}"
2026-10-01T16:03:02Z,nhccnm.org,100096,4bf58dd8d48988d1e5931735|music venue,https://nhccnm.org/event/opera-southwest-salsipuedes/,Event,mapped_exact,0.000,Opera Southwest: Salsipuedes,2027-04-18T00:00:00-06:00,2027-04-25T23:59:59-06:00,https://nhccnm.org/event/opera-southwest-salsipuedes/,https://schema.org/EventScheduled,https://schema.org/OfflineEventAttendanceMode,"&lt;p&gt;Opera Southwest: Catán Salsipuedes: A Tale of Love, War, and Anchovies April 18, 23, &amp; 25, 2027 2:00 pm Sundays, 7:30 pm Friday NHCC | Albuquerque Journal Theatre Music / Daniel Catán [&hellip;]&lt;/p&gt;\n","{""@type"":""Place"",""name"":""Roy E. Disney Center for Performing Arts: Albuquerque Journal Theatre"",""description"":""&lt;p&gt;This 691-seat proscenium theatre is the centerpiece of the REDCPA, integrating the latest in theatre design with unique and stunning aesthetics. The flowing curves of the interior construction contribute to [&hellip;]&lt;/p&gt;\\n"",""image"":""https://nhccnm.org/wp-content/uploads/2015/05/rental-abqjournal-stage.jpg"",""url"":""https://nhccnm.org/venue/albuquerque-journal-theatre/"",""address"":{""@type"":""PostalAddress"",""streetAddress"":""1701 4th St SW"",""addressLocality"":""Albuquerque"",""addressRegion"":""NM"",""postalCode"":""87102""},""geo"":{""@type"":""GeoCoordinates"",""latitude"":35.068577,""longitude"":-106.655629},""telephone"":""(505)724-4771"",""sameAs"":""""}",,,"""Organization""","""https://nhccnm.org/wp-content/uploads/2026/07/Salsipuedes-graphic-w-osw-logo.jpg""",,"{""@context"":""http://schema.org"",""@type"":""Event"",""name"":""Opera Southwest: Salsipuedes"",""description"":""&lt;p&gt;Opera Southwest: Catán Salsipuedes: A Tale of Love, War, and Anchovies April 18, 23, &amp; 25, 2027 2:00 pm Sundays, 7:30 pm Friday NHCC | Albuquerque Journal Theatre Music / Daniel Catán [&hellip;]&lt;/p&gt;\\n"",""image"":""https://nhccnm.org/wp-content/uploads/2026/07/Salsipuedes-graphic-w-osw-logo.jpg"",""url"":""https://nhccnm.org/event/opera-southwest-salsipuedes/"",""eventAttendanceMode"":""https://schema.org/OfflineEventAttendanceMode"",""eventStatus"":""https://schema.org/EventScheduled"",""startDate"":""2027-04-18T00:00:00-06:00"",""endDate"":""2027-04-25T23:59:59-06:00"",""location"":{""@type"":""Place"",""name"":""Roy E. Disney Center for Performing Arts: Albuquerque Journal Theatre"",""description"":""&lt;p&gt;This 691-seat proscenium theatre is the centerpiece of the REDCPA, integrating the latest in theatre design with unique and stunning aesthetics. The flowing curves of the interior construction contribute to [&hellip;]&lt;/p&gt;\\n"",""image"":""https://nhccnm.org/wp-content/uploads/2015/05/rental-abqjournal-stage.jpg"",""url"":""https://nhccnm.org/venue/albuquerque-journal-theatre/"",""address"":{""@type"":""PostalAddress"",""streetAddress"":""1701 4th St SW"",""addressLocality"":""Albuquerque"",""addressRegion"":""NM"",""postalCode"":""87102""},""geo"":{""@type"":""GeoCoordinates"",""latitude"":35.068577,""longitude"":-106.655629},""telephone"":""(505)724-4771"",""sameAs"":""""},""performer"":""Organization""}"
2026-10-01T16:03:02Z,nhccnm.org,100096,4bf58dd8d48988d1e5931735|music venue,https://nhccnm.org/event/nm-philharmonic-beethoven-at-200-mendelssohns-piano-concerto/,Event,mapped_exact,0.000,NM Philharmonic: Beethoven at 200 &#038; Mendelssohn&#8217;s Piano Concerto,2027-05-09T00:00:00-06:00,2027-05-09T23:59:59-06:00,https://nhccnm.org/event/nm-philharmonic-beethoven-at-200-mendelssohns-piano-concerto/,https://schema.org/EventScheduled,https://schema.org/OfflineEventAttendanceMode,"&lt;p&gt;NM Philharmonic: Beethoven at 200 &amp; Mendelssohn\'s Piano Concerto Sunday, May 9, 2027 2:00 pm NHCC | Albuquerque Journal Theatre 2026/2027 AFTERNOON CLASSICS at NHCC Two centuries after the death [&hellip;]&lt;/p&gt;\n","{""@type"":""Place"",""name"":""Roy E. Disney Center for Performing Arts: Albuquerque Journal Theatre"",""description"":""&lt;p&gt;This 691-seat proscenium theatre is the centerpiece of the REDCPA, integrating the latest in theatre design with unique and stunning aesthetics. The flowing curves of the interior construction contribute to [&hellip;]&lt;/p&gt;\\n"",""image"":""https://nhccnm.org/wp-content/uploads/2015/05/rental-abqjournal-stage.jpg"",""url"":""https://nhccnm.org/venue/albuquerque-journal-theatre/"",""address"":{""@type"":""PostalAddress"",""streetAddress"":""1701 4th St SW"",""addressLocality"":""Albuquerque"",""addressRegion"":""NM"",""postalCode"":""87102""},""geo"":{""@type"":""GeoCoordinates"",""latitude"":35.068577,""longitude"":-106.655629},""telephone"":""(505)724-4771"",""sameAs"":""""}",,"{""@type"":""Person"",""name"":""New Mexico Philharmonic"",""description"":"""",""url"":""http://nmphil.org/"",""telephone"":""(505) 323-4343"",""email"":"""",""sameAs"":""http://nmphil.org/""}","""Organization""","""https://nhccnm.org/wp-content/uploads/2025/07/NM-Philharmonic-FB-Header.jpg""",,"{""@context"":""http://schema.org"",""@type"":""Event"",""name"":""NM Philharmonic: Beethoven at 200 &#038; Mendelssohn&#8217;s Piano Concerto"",""description"":""&lt;p&gt;NM Philharmonic: Beethoven at 200 &amp; Mendelssohn\\'s Piano Concerto Sunday, May 9, 2027 2:00 pm NHCC | Albuquerque Journal Theatre 2026/2027 AFTERNOON CLASSICS at NHCC Two centuries after the death [&hellip;]&lt;/p&gt;\\n"",""image"":""https://nhccnm.org/wp-content/uploads/2025/07/NM-Philharmonic-FB-Header.jpg"",""url"":""https://nhccnm.org/event/nm-philharmonic-beethoven-at-200-mendelssohns-piano-concerto/"",""eventAttendanceMode"":""https://schema.org/OfflineEventAttendanceMode"",""eventStatus"":""https://schema.org/EventScheduled"",""startDate"":""2027-05-09T00:00:00-06:00"",""endDate"":""2027-05-09T23:59:59-06:00"",""location"":{""@type"":""Place"",""name"":""Roy E. Disney Center for Performing Arts: Albuquerque Journal Theatre"",""description"":""&lt;p&gt;This 691-seat proscenium theatre is the centerpiece of the REDCPA, integrating the latest in theatre design with unique and stunning aesthetics. The flowing curves of the interior construction contribute to [&hellip;]&lt;/p&gt;\\n"",""image"":""https://nhccnm.org/wp-content/uploads/2015/05/rental-abqjournal-stage.jpg"",""url"":""https://nhccnm.org/venue/albuquerque-journal-theatre/"",""address"":{""@type"":""PostalAddress"",""streetAddress"":""1701 4th St SW"",""addressLocality"":""Albuquerque"",""addressRegion"":""NM"",""postalCode"":""87102""},""geo"":{""@type"":""GeoCoordinates"",""latitude"":35.068577,""longitude"":-106.655629},""telephone"":""(505)724-4771"",""sameAs"":""""},""organizer"":{""@type"":""Person"",""name"":""New Mexico Philharmonic"",""description"":"""",""url"":""http://nmphil.org/"",""telephone"":""(505) 323-4343"",""email"":"""",""sameAs"":""http://nmphil.org/""},""performer"":""Organization""}"
