run_timestamp,city_id,city,state_code,osm_type,osm_id,name,amenity,latitude,longitude,website,phone,opening_hours,happy_hours,happy_hours_kitchen,live_music,karaoke,music_genre,microbrewery,brewery,outdoor_seating,cuisine,address_housenumber,address_street,address_city,address_state,address_postcode,source,source_date,check_date,tags_json
2026-10-02T15:01:21Z,100023,San Francisco,CA,node,61670779,Woods Lowside,pub,37.7721448,-122.4310153,https://www.woodsbeer.com/lowside,+1 415 5485734,"Su,Mo-We 13:00-22:00; Th 13:00-23:00; Fr-Sa 13:00-24:00",,,,,,,,patio,,530,Haight Street,San Francisco,CA,,,,2026-07-13,"{""addr:city"":""San Francisco"",""addr:housenumber"":""530"",""addr:state"":""CA"",""addr:street"":""Haight Street"",""alt_name"":""Woods Beer;Lowside"",""amenity"":""pub"",""branch"":""Lowside"",""check_date"":""2026-07-13"",""contact:facebook"":""woodsbeerco"",""contact:instagram"":""woodsbeer"",""contact:twitter"":""woodsbeer"",""drink:beer"":""yes"",""drink:wine"":""yes"",""email"":""info@woodsbeer.com"",""indoor_seating"":""yes"",""name"":""Woods Lowside"",""note:name"":""Part of Woods Beer, sign says both \""Woods\"" and \""Lowside\"", but their website makes Lowside sound like a branch"",""old_name"":""Mad Dog in the Fog"",""opening_hours"":""Su,Mo-We 13:00-22:00; Th 13:00-23:00; Fr-Sa 13:00-24:00"",""opening_hours:url"":""https://www.woodsbeer.com/lowside"",""outdoor_seating"":""patio"",""phone"":""+1 415 5485734"",""website"":""https://www.woodsbeer.com/lowside"",""wheelchair"":""yes""}"
2026-10-02T15:01:21Z,100023,San Francisco,CA,node,61671096,Toronado,pub,37.77191,-122.4312219,http://www.toronado.com/,+1-415-863-2276,11:00-02:00,,,,,,,,,,547,Haight Street,,,,,,2025-11-26,"{""addr:housenumber"":""547"",""addr:street"":""Haight Street"",""amenity"":""pub"",""check_date"":""2025-11-26"",""contact:email"":""info@toronado.com"",""contact:fax"":""+1-415-621-0322"",""contact:phone"":""+1-415-863-2276"",""contact:website"":""http://www.toronado.com/"",""name"":""Toronado"",""opening_hours"":""11:00-02:00""}"
2026-10-02T15:01:21Z,100023,San Francisco,CA,node,61671382,Molotov's,pub,37.7720543,-122.4317624,,,15:00-02:00,,,,,,,,,,582,Haight Street,,,,,,2026-05-26,"{""addr:housenumber"":""582"",""addr:street"":""Haight Street"",""amenity"":""pub"",""check_date"":""2026-05-26"",""level"":""0"",""name"":""Molotov's"",""opening_hours"":""15:00-02:00"",""sport"":""billiards"",""wheelchair"":""yes""}"
2026-10-02T15:01:21Z,100023,San Francisco,CA,node,61672275,Noc Noc,pub,37.7718891,-122.4314192,https://www.nocnocs.com/,,,,,,,,,,,,557,Haight Street,,,,,,2026-05-26,"{""addr:housenumber"":""557"",""addr:street"":""Haight Street"",""amenity"":""pub"",""check_date"":""2026-05-26"",""name"":""Noc Noc"",""short_name"":""NocNoc"",""website"":""https://www.nocnocs.com/"",""wheelchair"":""no""}"
2026-10-02T15:01:21Z,100023,San Francisco,CA,node,61673273,Danny Coyle's,pub,37.7718647,-122.4332636,http://www.dannycoyles.com/,+1 415 5588375,Mo 16:00-22:00; Tu 14:00-22:00; We-Fr 14:00-26:00; Sa 07:00-26:00; Su 07:00-22:00,,,,,,,,,irish,668,Haight Street,San Francisco,CA,94117,,,2026-07-13,"{""addr:city"":""San Francisco"",""addr:floor"":""1"",""addr:housenumber"":""668"",""addr:postcode"":""94117"",""addr:state"":""CA"",""addr:street"":""Haight Street"",""amenity"":""pub"",""check_date"":""2026-07-13"",""contact:facebook"":""dannycoyles"",""contact:twitter"":""dannycoylessf"",""contact:yelp"":""http://www.yelp.com/biz/danny-coyles-san-francisco"",""cuisine"":""irish"",""level"":""0"",""name"":""Danny Coyle's"",""opening_hours"":""Mo 16:00-22:00; Tu 14:00-22:00; We-Fr 14:00-26:00; Sa 07:00-26:00; Su 07:00-22:00"",""opening_hours:url"":""http://www.dannycoyles.com/"",""phone"":""+1 415 5588375"",""sport"":""billiards"",""website"":""http://www.dannycoyles.com/"",""website:calendar"":""http://www.dannycoyles.com/sports-page.html"",""wheelchair"":""yes""}"
2026-10-02T15:01:21Z,100023,San Francisco,CA,node,61674029,The Page,pub,37.7721197,-122.4370577,https://www.thepagebar.com/,,Mo-Th 16:00-02:00; Fr-Su 13:00-02:00,,,,,,,,,,298,Divisadero Street,San Francisco,,,,,2026-05-06,"{""addr:city"":""San Francisco"",""addr:housenumber"":""298"",""addr:street"":""Divisadero Street"",""amenity"":""pub"",""check_date"":""2026-05-06"",""check_date:opening_hours"":""2026-05-06"",""name"":""The Page"",""opening_hours"":""Mo-Th 16:00-02:00; Fr-Su 13:00-02:00"",""payment:cards"":""no"",""payment:credit_cards"":""no"",""payment:debit_cards"":""no"",""sport"":""billiards"",""website"":""https://www.thepagebar.com/"",""website:menu"":""https://www.thepagebar.com/?page_id=236"",""wheelchair"":""yes""}"
2026-10-02T15:01:21Z,100023,San Francisco,CA,node,61675193,Martuni's,bar,37.7721282,-122.4227728,,+1-415-241-0205,,,,,,,,,no,,4,Valencia Street,San Francisco,CA,94103,,,2025-12-02,"{""addr:city"":""San Francisco"",""addr:housenumber"":""4"",""addr:postcode"":""94103"",""addr:state"":""CA"",""addr:street"":""Valencia Street"",""amenity"":""bar"",""check_date"":""2025-12-02"",""level"":""0"",""name"":""Martuni's"",""outdoor_seating"":""no"",""phone"":""+1-415-241-0205"",""smoking"":""no"",""wikidata"":""Q108821598""}"
2026-10-02T15:01:21Z,100023,San Francisco,CA,node,61676294,The Green Heron,bar,37.7696815,-122.4487116,,,,,,,,,,,no,,1601,Haight Street,,,94117,survey,,2026-09-30,"{""addr:housenumber"":""1601"",""addr:postcode"":""94117"",""addr:street"":""Haight Street"",""amenity"":""bar"",""check_date"":""2026-09-30"",""level"":""0"",""name"":""The Green Heron"",""outdoor_seating"":""no"",""source"":""survey"",""wheelchair"":""limited"",""wifi"":""no""}"
2026-10-02T15:01:21Z,100023,San Francisco,CA,node,61677300,Magnolia SF,pub,37.7703394,-122.4451944,,,"Mo-Th,Su 12:00-24:00; Fr 12:00-01:00; Sa 11:00-01:00",,,,,,,,,,1398,Haight Street,San Francisco,CA,94117,,,2026-05-22,"{""addr:city"":""San Francisco"",""addr:housenumber"":""1398"",""addr:postcode"":""94117"",""addr:state"":""CA"",""addr:street"":""Haight Street"",""amenity"":""pub"",""check_date"":""2026-05-22"",""level"":""0"",""name"":""Magnolia SF"",""opening_hours"":""Mo-Th,Su 12:00-24:00; Fr 12:00-01:00; Sa 11:00-01:00"",""opening_hours:kitchen"":""Mo-Fr,Su 12:00-22:00; Sa 11:00-22:00"",""wheelchair"":""yes""}"
2026-10-02T15:01:21Z,100023,San Francisco,CA,node,61677421,The Gold Cane,pub,37.7697699,-122.4480112,https://goldcanesf.com/,,,,,,,,,,,,1569,Haight Street,,,,,,2026-04-12,"{""addr:housenumber"":""1569"",""addr:street"":""Haight Street"",""amenity"":""pub"",""check_date"":""2026-04-12"",""level"":""0"",""name"":""The Gold Cane"",""website"":""https://goldcanesf.com/"",""wheelchair"":""yes""}"
2026-10-02T15:01:21Z,100023,San Francisco,CA,node,61678646,Mary's,pub,37.7700421,-122.4460642,,,,,,,,,,,,,1437,Haight Street,,,,,,2024-10-17,"{""addr:housenumber"":""1437"",""addr:street"":""Haight Street"",""amenity"":""pub"",""check_date"":""2024-10-17"",""level"":""0"",""name"":""Mary's""}"
2026-10-02T15:01:21Z,100023,San Francisco,CA,node,61678786,Aub Zam Zam,pub,37.7696002,-122.4493023,,,,,,,,,,,,,1633,Haight Street,,,,,,2026-06-30,"{""addr:housenumber"":""1633"",""addr:street"":""Haight Street"",""amenity"":""pub"",""check_date"":""2026-06-30"",""level"":""0"",""name"":""Aub Zam Zam"",""wheelchair"":""yes""}"
2026-10-02T15:01:21Z,100023,San Francisco,CA,node,61690921,Comstock Saloon,bar,37.7969638,-122.4056426,,,,,,,,,,,no,,155,Columbus Avenue,San Francisco,,,,,,"{""addr:city"":""San Francisco"",""addr:housenumber"":""155"",""addr:street"":""Columbus Avenue"",""amenity"":""bar"",""indoor_seating"":""yes"",""name"":""Comstock Saloon"",""outdoor_seating"":""no"",""wheelchair"":""yes"",""wikidata"":""Q5157702""}"
2026-10-02T15:01:21Z,100023,San Francisco,CA,node,61692662,Mr. Bing's,pub,37.7971431,-122.4058551,,,,,,,,,,,,,201,Columbus Avenue,San Francisco,,,,,,"{""addr:city"":""San Francisco"",""addr:housenumber"":""201"",""addr:street"":""Columbus Avenue"",""amenity"":""pub"",""name"":""Mr. Bing's""}"
2026-10-02T15:01:21Z,100023,San Francisco,CA,node,61692712,Irish Times,pub,37.7940403,-122.4015526,,+1 800 800 8008,,,,,,,,,yes,,500,Sacramento Street,,,,,,2024-12-17,"{""addr:housenumber"":""500"",""addr:street"":""Sacramento Street"",""amenity"":""pub"",""check_date"":""2024-12-17"",""indoor_seating"":""yes"",""level"":""0"",""name"":""Irish Times"",""old_name"":""Norton's Vault"",""outdoor_seating"":""yes"",""phone"":""+1 800 800 8008"",""wheelchair"":""yes""}"
2026-10-02T15:01:21Z,100023,San Francisco,CA,node,61692857,Old Ship Saloon,pub,37.7977871,-122.4007139,,,,,,,,,,,,,,,,,,,,,"{""amenity"":""pub"",""created_by"":""Potlatch 0.10b"",""name"":""Old Ship Saloon"",""wikidata"":""Q106610881""}"
2026-10-02T15:01:21Z,100023,San Francisco,CA,node,265506505,Pops,pub,37.7529503,-122.4083499,https://www.popssf.com/,,06:00-02:00,,,,,,,yes,yes,,2800,24th Street,,,,,,2023-02-11,"{""addr:housenumber"":""2800"",""addr:street"":""24th Street"",""amenity"":""pub"",""brewery"":""yes"",""check_date"":""2023-02-11"",""description"":""Neighborhood watering hole."",""min_age"":""21"",""name"":""Pops"",""opening_hours"":""06:00-02:00"",""outdoor_seating"":""yes"",""smoking"":""outside"",""website"":""https://www.popssf.com/"",""wheelchair"":""yes""}"
2026-10-02T15:01:21Z,100023,San Francisco,CA,node,275723361,Kilowatt,pub,37.7649743,-122.4232405,https://kilowattbar.com/,+1 415 861 2595,Mo-Fr 17:00-02:00; Sa-Su 15:00-02:00,,,,,,,,,,3160,16th Street,San Francisco,CA,94103,,,,"{""addr:city"":""San Francisco"",""addr:housenumber"":""3160"",""addr:postcode"":""94103"",""addr:state"":""CA"",""addr:street"":""16th Street"",""amenity"":""pub"",""atm"":""yes"",""contact:facebook"":""https://www.facebook.com/429536737223693"",""contact:instagram"":""https://www.instagram.com/Kilowattkid"",""contact:twitter"":""https://twitter.com/Kilowatt_Bar"",""email"":""kilowattsf@gmail.com"",""name"":""Kilowatt"",""opening_hours"":""Mo-Fr 17:00-02:00; Sa-Su 15:00-02:00"",""phone"":""+1 415 861 2595"",""sport"":""billiards"",""website"":""https://kilowattbar.com/""}"
2026-10-02T15:01:21Z,100023,San Francisco,CA,node,281652933,Shotwell's,pub,37.7587423,-122.4156655,,+1-415-648-4104,,,,,,,,,,,3349,20th Street,San Francisco,CA,94110,,,2024-07-01,"{""addr:city"":""San Francisco"",""addr:housenumber"":""3349"",""addr:postcode"":""94110"",""addr:state"":""CA"",""addr:street"":""20th Street"",""amenity"":""pub"",""check_date"":""2024-07-01"",""name"":""Shotwell's"",""phone"":""+1-415-648-4104""}"
2026-10-02T15:01:21Z,100023,San Francisco,CA,node,281652962,Verdi Club,pub,37.7632862,-122.4079125,https://www.verdiclub.net/,+1-415-861-9199,,,,,,,,,,,2424,Mariposa Street,,,94110,,,,"{""addr:housenumber"":""2424"",""addr:postcode"":""94110"",""addr:street"":""Mariposa Street"",""amenity"":""pub"",""name"":""Verdi Club"",""phone"":""+1-415-861-9199"",""website"":""https://www.verdiclub.net/""}"
2026-10-02T15:01:21Z,100023,San Francisco,CA,node,295082904,Elixir,pub,37.7649242,-122.4243046,https://www.elixirsf.com/,+1 415 5521633,"Mo-We 16:00-22:00+; Th,Fr 16:00-26:00; Sa 12:00-26:00; Su 14:00-22:00+",Mo-Fr 16:00-19:00,,,,,,,,,3200,16th Street,San Francisco,CA,,,,2023-02-04,"{""addr:city"":""San Francisco"",""addr:housenumber"":""3200"",""addr:state"":""CA"",""addr:street"":""16th Street"",""alt_name"":""Elixir Saloon"",""amenity"":""pub"",""check_date"":""2023-02-04"",""contact:facebook"":""elixirsaloon"",""contact:instagram"":""elixirsf"",""contact:twitter"":""ElixirSF"",""contact:yelp"":""https://www.yelp.com/biz/elixir-san-francisco"",""description"":""A historic saloon and whiskey bar"",""email"":""info@elixirsf.com"",""happy_hours"":""Mo-Fr 16:00-19:00"",""name"":""Elixir"",""opening_hours"":""Mo-We 16:00-22:00+; Th,Fr 16:00-26:00; Sa 12:00-26:00; Su 14:00-22:00+"",""opening_hours:url"":""https://www.elixirsf.com/"",""phone"":""+1 415 5521633"",""start_date"":""1858"",""url"":""https://menu.smarttab.com/elixirsf/1/"",""website"":""https://www.elixirsf.com/""}"
2026-10-02T15:01:21Z,100023,San Francisco,CA,node,298086258,Starlite Room,nightclub,37.7889604,-122.4083142,https://lizziesstarlightsf.com/,+1 415 3958595,closed,,,,,,,,,,450,Powell Street,San Francisco,CA,94102,,,2025-06-20,"{""addr:city"":""San Francisco"",""addr:housenumber"":""450"",""addr:postcode"":""94102"",""addr:state"":""CA"",""addr:street"":""Powell Street"",""amenity"":""nightclub"",""check_date"":""2025-06-20"",""established"":""1928"",""fixme"":""confirm existence"",""name"":""Starlite Room"",""note"":""Temporarily closed"",""opening_hours"":""closed"",""phone"":""+1 415 3958595"",""website"":""https://lizziesstarlightsf.com/""}"
2026-10-02T15:01:21Z,100023,San Francisco,CA,node,302448211,Dalva,pub,37.7647708,-122.4224623,,,,,,,,,,,,,3121,16th Street,,,,,,2023-11-08,"{""addr:housenumber"":""3121"",""addr:street"":""16th Street"",""amenity"":""pub"",""check_date"":""2023-11-08"",""name"":""Dalva""}"
2026-10-02T15:01:21Z,100023,San Francisco,CA,node,317081666,John Foley's Dueling Piano Bar,bar,37.7862572,-122.4086732,,,,,,,,,,,,,,,,,,,,,"{""amenity"":""bar"",""name"":""John Foley's Dueling Piano Bar""}"
2026-10-02T15:01:21Z,100023,San Francisco,CA,node,317124793,Frankie’s Java House,restaurant,37.7814263,-122.387807,,,,,,,,,,,yes,,,,,,,,,2023-05-06,"{""amenity"":""restaurant"",""atm"":""yes"",""bar"":""yes"",""check_date"":""2023-05-06"",""name"":""Frankie’s Java House"",""outdoor_seating"":""yes""}"
2026-10-02T15:01:21Z,100023,San Francisco,CA,node,317124810,Local Tap,pub,37.779906,-122.394321,https://www.localtapsf.com/,+1 415 814 2257,,,,,,,,,,,600,3rd Street,,,94107,,,,"{""addr:housenumber"":""600"",""addr:postcode"":""94107"",""addr:street"":""3rd Street"",""amenity"":""pub"",""name"":""Local Tap"",""phone"":""+1 415 814 2257"",""website"":""https://www.localtapsf.com/""}"
2026-10-02T15:01:21Z,100023,San Francisco,CA,node,344975908,21st Amendment Brewery,pub,37.782448,-122.3925769,https://21st-amendment.com/,+1 415-369-0900,,,,,,,yes,,,,563,2nd Street,,,94107,,,2026-04-26,"{""addr:housenumber"":""563"",""addr:postcode"":""94107"",""addr:street"":""2nd Street"",""amenity"":""pub"",""check_date"":""2026-04-26"",""internet_access"":""no"",""microbrewery"":""yes"",""name"":""21st Amendment Brewery"",""phone"":""+1 415-369-0900"",""website"":""https://21st-amendment.com/"",""wikidata"":""Q4631029""}"
2026-10-02T15:01:21Z,100023,San Francisco,CA,node,346585378,Tempest,pub,37.7812256,-122.4062574,https://www.pourguys.com/,+1 415 4951863,"Mo-Fr 11:30-26:00; Sa, Su 12:00-26:00",,,,,,,,,,431,Natoma Street,San Francisco,CA,94103,,,,"{""addr:city"":""San Francisco"",""addr:housenumber"":""431"",""addr:postcode"":""94103"",""addr:state"":""CA"",""addr:street"":""Natoma Street"",""amenity"":""pub"",""contact:facebook"":""TempestBar"",""contact:instagram"":""tempestbarandbox"",""drink:beer"":""yes"",""email"":""tonypours@gmail.com"",""food"":""yes"",""name"":""Tempest"",""opening_hours"":""Mo-Fr 11:30-26:00; Sa, Su 12:00-26:00"",""opening_hours:url"":""https://www.pourguys.com/tempest-box-quarantine-cuisine"",""phone"":""+1 415 4951863"",""sport"":""billiards"",""website"":""https://www.pourguys.com/""}"
2026-10-02T15:01:21Z,100023,San Francisco,CA,node,356697559,Stern Grove,music_venue,37.7358318,-122.4794934,,,,,,,,,,,,,,,,,,,,2024-07-07,"{""amenity"":""music_venue"",""check_date"":""2024-07-07"",""name"":""Stern Grove""}"
2026-10-02T15:01:21Z,100023,San Francisco,CA,node,366710420,Specs Bar,pub,37.7976427,-122.40599,,,,,,,,,,,,,12,Saroyan Place,,,,,,,"{""addr:housenumber"":""12"",""addr:street"":""Saroyan Place"",""alt_name"":""Specs' Twelve Adler Museum Cafe"",""amenity"":""pub"",""name"":""Specs Bar""}"
2026-10-02T15:01:21Z,100023,San Francisco,CA,node,366711368,Cafe Tosca,pub,37.7975454,-122.4059615,,,,,,,,,,,,,242,Columbus Avenue,,,,,,2026-07-30,"{""addr:housenumber"":""242"",""addr:street"":""Columbus Avenue"",""amenity"":""pub"",""check_date"":""2026-07-30"",""name"":""Cafe Tosca"",""name:zh"":""托斯卡咖啡厅""}"
2026-10-02T15:01:21Z,100023,San Francisco,CA,node,366713190,15 Romolo,pub,37.7982178,-122.4063692,https://www.15romolo.com/,+1 415 398 1359,Mo-Fr 17:00-02:00; Sa-Su 12:00-02:00,,,,,,,,,,15,Romolo Place,,,,,,,"{""addr:housenumber"":""15"",""addr:street"":""Romolo Place"",""amenity"":""pub"",""name"":""15 Romolo"",""note"":""Known for cocktails, but they serve good food until 1am most nights."",""opening_hours"":""Mo-Fr 17:00-02:00; Sa-Su 12:00-02:00"",""phone"":""+1 415 398 1359"",""website"":""https://www.15romolo.com/""}"
2026-10-02T15:01:21Z,100023,San Francisco,CA,node,366722014,Grant and Green,pub,37.7995962,-122.4074738,,,,,,,,,,,,,1371,Grant Avenue,,,,,,,"{""addr:housenumber"":""1371"",""addr:street"":""Grant Avenue"",""amenity"":""pub"",""name"":""Grant and Green""}"
2026-10-02T15:01:21Z,100023,San Francisco,CA,node,366723406,The Boardroom,pub,37.7994533,-122.4105373,,,,,,,,,,,,,1609,Powell Street,,,,,,,"{""addr:housenumber"":""1609"",""addr:street"":""Powell Street"",""amenity"":""pub"",""name"":""The Boardroom""}"
2026-10-02T15:01:21Z,100023,San Francisco,CA,node,370196794,Custom Lounge,pub,37.7786408,-122.409904,,,,,,,,,,,,,,,,,,,,,"{""amenity"":""pub"",""name"":""Custom Lounge""}"
2026-10-02T15:01:21Z,100023,San Francisco,CA,node,371007095,Cigar Bar,pub,37.7970564,-122.4034628,https://www.cigarbarandgrill.com/,+1 415 3980850,"We-Fr 17:30-26:00; Sa 18:00-26:00; Su 19:00-24:00; Mo,Tu off",,,yes,,,,,yes,spanish;burger,850,Montgomery Street,San Francisco,CA,94133,,,,"{""addr:city"":""San Francisco"",""addr:housenumber"":""850"",""addr:postcode"":""94133"",""addr:state"":""CA"",""addr:street"":""Montgomery Street"",""alt_name"":""Cigar Bar & Grill"",""amenity"":""pub"",""cocktails"":""yes"",""contact:facebook"":""cigarbarsf"",""contact:instagram"":""cigarbar_sf"",""cuisine"":""spanish;burger"",""dance:style"":""salsa"",""drink:beer"":""yes"",""drink:wine"":""yes"",""fixme"":""Hours are temporary"",""food"":""yes"",""leisure"":""dance"",""live_music"":""yes"",""name"":""Cigar Bar"",""opening_hours"":""We-Fr 17:30-26:00; Sa 18:00-26:00; Su 19:00-24:00; Mo,Tu off"",""opening_hours:url"":""https://www.cigarbarandgrill.com/location/cigar-bar-and-grill/"",""outdoor_seating"":""yes"",""phone"":""+1 415 3980850"",""website"":""https://www.cigarbarandgrill.com/"",""website:calendar"":""https://www.cigarbarandgrill.com/events/"",""website:menu"":""https://www.cigarbarandgrill.com/menus/"",""wheelchair"":""yes""}"
2026-10-02T15:01:21Z,100023,San Francisco,CA,node,371025500,Tunnel Top,pub,37.7902413,-122.4072909,,,"Mo-Su,PH 16:00-02:00",,,,,,,,sidewalk,,601,Bush Street,,,,,,2025-04-17,"{""addr:housenumber"":""601"",""addr:street"":""Bush Street"",""amenity"":""pub"",""check_date"":""2025-04-17"",""check_date:opening_hours"":""2025-04-17"",""indoor_seating"":""yes"",""name"":""Tunnel Top"",""opening_hours"":""Mo-Su,PH 16:00-02:00"",""outdoor_seating"":""sidewalk"",""toilets"":""yes"",""toilets:wheelchair"":""limited"",""wheelchair"":""limited""}"
2026-10-02T15:01:21Z,100023,San Francisco,CA,node,371251931,Kennedy's Irish Pub & Curry House,pub,37.8041003,-122.4153272,https://www.kennedyscurry.com/,,,,,,,,,,,indian,1040,Columbus Avenue,,,,,,,"{""addr:housenumber"":""1040"",""addr:street"":""Columbus Avenue"",""amenity"":""pub"",""cuisine"":""indian"",""name"":""Kennedy's Irish Pub & Curry House"",""website"":""https://www.kennedyscurry.com/""}"
2026-10-02T15:01:21Z,100023,San Francisco,CA,node,378440021,ABV,bar,37.7649457,-122.4235379,https://www.abvsf.com/,+1 415 4004748,Mo-Su 16:00-26:00,,,,,,,,yes,,3174,16th Street,San Francisco,CA,94103,,,,"{""addr:city"":""San Francisco"",""addr:housenumber"":""3174"",""addr:postcode"":""94103"",""addr:state"":""CA"",""addr:street"":""16th Street"",""amenity"":""bar"",""cocktails"":""yes"",""contact:instagram"":""abvsf"",""drink:beer"":""yes"",""email"":""info@abvsf.com"",""food"":""yes"",""name"":""ABV"",""note"":""Outdoor seating is a Covid19 parklet"",""opening_hours"":""Mo-Su 16:00-26:00"",""opening_hours:kitchen"":""Mo-Su 16:00-24:00"",""opening_hours:url"":""https://www.abvsf.com/"",""outdoor_seating"":""yes"",""phone"":""+1 415 4004748"",""reservation"":""no"",""website"":""https://www.abvsf.com/"",""wheelchair"":""yes""}"
2026-10-02T15:01:21Z,100023,San Francisco,CA,node,381972334,Aces,pub,37.7883091,-122.416671,,,"Mo-Fr 12:00-02:00, Sa,Su 10:00-02:00",,,,,,,,,,998,Sutter Street,San Francisco,CA,94109,,,2023-02-02,"{""addr:city"":""San Francisco"",""addr:housenumber"":""998"",""addr:postcode"":""94109"",""addr:state"":""CA"",""addr:street"":""Sutter Street"",""amenity"":""pub"",""check_date"":""2023-02-02"",""name"":""Aces"",""opening_hours"":""Mo-Fr 12:00-02:00, Sa,Su 10:00-02:00"",""wheelchair"":""yes""}"
2026-10-02T15:01:21Z,100023,San Francisco,CA,node,388205890,Buena Vista,pub,37.8065169,-122.4207744,,,Mo-Fr 09:00-02:00; Sa-Su 08:00-02:00,,,,,,,,,,,,,,,,,2023-12-16,"{""amenity"":""pub"",""check_date"":""2023-12-16"",""name"":""Buena Vista"",""name:en"":""Buena Vista"",""opening_hours"":""Mo-Fr 09:00-02:00; Sa-Su 08:00-02:00"",""wikidata"":""Q4985436""}"
2026-10-02T15:01:21Z,100023,San Francisco,CA,node,389443002,The Endup,nightclub,37.7772743,-122.4038409,https://www.theendupsf.com/,,,,,,,,,,,,401,6th Street,,,94103,,,,"{""addr:housenumber"":""401"",""addr:postcode"":""94103"",""addr:street"":""6th Street"",""amenity"":""nightclub"",""name"":""The Endup"",""website"":""https://www.theendupsf.com/"",""wikidata"":""Q7732041""}"
2026-10-02T15:01:21Z,100023,San Francisco,CA,node,409485213,The Laundromat SF,restaurant,37.7755132,-122.4988507,,,"Mo-Tu off; We-Th 08:00-14:00,17:00-21:00; Fr-Sa 08:00-14:00,17:00-22:00; Su 09:00-14:00,17:00-20:00",,,,,,,,,pizza;bagel,3725,Balboa Street,,,,,,2026-03-15,"{""addr:housenumber"":""3725"",""addr:street"":""Balboa Street"",""amenity"":""restaurant"",""bar"":""yes"",""check_date"":""2026-03-15"",""cuisine"":""pizza;bagel"",""level"":""0"",""name"":""The Laundromat SF"",""opening_hours"":""Mo-Tu off; We-Th 08:00-14:00,17:00-21:00; Fr-Sa 08:00-14:00,17:00-22:00; Su 09:00-14:00,17:00-20:00""}"
2026-10-02T15:01:21Z,100023,San Francisco,CA,node,412087372,Tonic,pub,37.7986951,-122.4221753,https://tonicbar-sf.com/,,17:00-02:00,,,,,,,,,,2360,Polk Street,San Francisco,,,survey,,,"{""addr:city"":""San Francisco"",""addr:housenumber"":""2360"",""addr:street"":""Polk Street"",""amenity"":""pub"",""name"":""Tonic"",""opening_hours"":""17:00-02:00"",""source"":""survey"",""website"":""https://tonicbar-sf.com/""}"
2026-10-02T15:01:21Z,100023,San Francisco,CA,node,412089163,The Royal Oak,pub,37.7970245,-122.4221958,,,,,,,,,,,,,,Polk Street,San Francisco,,,,,,"{""addr:city"":""San Francisco"",""addr:street"":""Polk Street"",""amenity"":""pub"",""name"":""The Royal Oak""}"
2026-10-02T15:01:21Z,100023,San Francisco,CA,node,412103360,Shanghai Kelly's,pub,37.7958344,-122.4216053,,,,,,,,,,,,,,,San Francisco,,,survey,,,"{""addr:city"":""San Francisco"",""amenity"":""pub"",""name"":""Shanghai Kelly's"",""source"":""survey""}"
2026-10-02T15:01:21Z,100023,San Francisco,CA,node,412109202,Harper & Rye,pub,37.7922403,-122.421214,,,,,,,,,,,,,1695,Polk Street,San Francisco,,94109,survey,,2023-01-13,"{""addr:city"":""San Francisco"",""addr:housenumber"":""1695"",""addr:postcode"":""94109"",""addr:street"":""Polk Street"",""amenity"":""pub"",""check_date"":""2023-01-13"",""name"":""Harper & Rye"",""source"":""survey""}"
2026-10-02T15:01:21Z,100023,San Francisco,CA,node,418540495,Swig,bar,37.7867153,-122.4125033,http://www.swig-bar.com/,+1 415 9317292,Th 16:30-24:00; Fr 16:30-26:00; Sa 18:00-26:00; Su 16:30-24:00,,,,,,,,,,561,Geary Street,,,,,,,"{""addr:housenumber"":""561"",""addr:street"":""Geary Street"",""amenity"":""bar"",""name"":""Swig"",""opening_hours"":""Th 16:30-24:00; Fr 16:30-26:00; Sa 18:00-26:00; Su 16:30-24:00"",""opening_hours:url"":""http://www.swig-bar.com/directions.php"",""phone"":""+1 415 9317292"",""website"":""http://www.swig-bar.com/""}"
2026-10-02T15:01:21Z,100023,San Francisco,CA,node,440106745,Columbus Cafe,bar,37.7997072,-122.4084174,https://www.columbuscafesf.com/,+1 415 2742599,"Mo-Fr 14:00-26:00; Sa,Su 12:00-26:00",,,,,,,,,,562,Green Street,San Francisco,CA,94133,,,2022-01-02,"{""addr:city"":""San Francisco"",""addr:housenumber"":""562"",""addr:postcode"":""94133"",""addr:state"":""CA"",""addr:street"":""Green Street"",""amenity"":""bar"",""check_date"":""2022-01-02"",""name"":""Columbus Cafe"",""opening_hours"":""Mo-Fr 14:00-26:00; Sa,Su 12:00-26:00"",""phone"":""+1 415 2742599"",""sport"":""billiards"",""website"":""https://www.columbuscafesf.com/""}"
2026-10-02T15:01:21Z,100023,San Francisco,CA,node,459507719,Pilsner Inn,nightclub,37.7671357,-122.4287948,https://www.pilsnerinn.com/,+1-415-621-7058,,,,,,,,,,,225,Church Street,,,94114,,,2026-07-18,"{""addr:housenumber"":""225"",""addr:postcode"":""94114"",""addr:street"":""Church Street"",""amenity"":""nightclub"",""check_date"":""2026-07-18"",""name"":""Pilsner Inn"",""phone"":""+1-415-621-7058"",""website"":""https://www.pilsnerinn.com/""}"
2026-10-02T15:01:21Z,100023,San Francisco,CA,node,479491671,House of Shields,bar,37.7882367,-122.4012873,https://www.thehouseofshields.com/,+1 415-975-8651,"Mo-Fr 14:00-02:00; Sa,Su 15:00-02:00",,,,,,,,no,,39,New Montgomery Street,San Francisco,CA,94105,,,2022-10-15,"{""addr:city"":""San Francisco"",""addr:housenumber"":""39"",""addr:postcode"":""94105"",""addr:state"":""CA"",""addr:street"":""New Montgomery Street"",""amenity"":""bar"",""check_date"":""2022-10-15"",""name"":""House of Shields"",""opening_hours"":""Mo-Fr 14:00-02:00; Sa,Su 15:00-02:00"",""outdoor_seating"":""no"",""phone"":""+1 415-975-8651"",""smoking"":""no"",""website"":""https://www.thehouseofshields.com/""}"
2026-10-02T15:01:21Z,100023,San Francisco,CA,node,528511748,Delirium,pub,37.764764,-122.4227284,,,,,,,,,,,,,3141,16th Street,,,,,,2023-11-08,"{""addr:housenumber"":""3141"",""addr:street"":""16th Street"",""amenity"":""pub"",""check_date"":""2023-11-08"",""name"":""Delirium""}"
2026-10-02T15:01:21Z,100023,San Francisco,CA,node,529771968,The Orbit Room,bar,37.7706731,-122.4252744,https://www.orbitroomsf.com/,+1 415 9326655,Mo-Su 16:00+,,,,,,,,,,1900,Market Street,San Francisco,,94102,,,2026-05-14,"{""addr:city"":""San Francisco"",""addr:housenumber"":""1900"",""addr:postcode"":""94102"",""addr:street"":""Market Street"",""amenity"":""bar"",""check_date"":""2026-05-14"",""contact:instagram"":""theorbitroom"",""email"":""booking@orbitroomsf.com"",""level"":""0"",""name"":""The Orbit Room"",""opening_hours"":""Mo-Su 16:00+"",""opening_hours:url"":""https://www.orbitroomsf.com/"",""phone"":""+1 415 9326655"",""website"":""https://www.orbitroomsf.com/"",""wheelchair"":""yes""}"
2026-10-02T15:01:21Z,100023,San Francisco,CA,node,529777817,Bourbon and Branch,bar,37.785912,-122.4131628,https://www.bourbonandbranch.com/,+1 415 3461735,"Su,Mo-We 18:00-24:00; Th-Sa 18:00-26:00",,,,,,,,,,501,Jones Street,San Francisco,CA,94102,,,,"{""addr:city"":""San Francisco"",""addr:housenumber"":""501"",""addr:postcode"":""94102"",""addr:state"":""CA"",""addr:street"":""Jones Street"",""alt_name"":""Anti Saloon League"",""amenity"":""bar"",""cocktails"":""yes"",""contact:facebook"":""bourbonandbranch"",""contact:instagram"":""bourbonandbranchsf"",""name"":""Bourbon and Branch"",""opening_hours"":""Su,Mo-We 18:00-24:00; Th-Sa 18:00-26:00"",""opening_hours:url"":""https://www.bourbonandbranch.com/"",""phone"":""+1 415 3461735"",""reservation"":""required"",""website"":""https://www.bourbonandbranch.com/""}"
2026-10-02T15:01:21Z,100023,San Francisco,CA,node,582779493,Clooney's Pub,bar,37.7504256,-122.4203499,,,Mo-Su 06:00-02:00,,,,,,,,,,1401,Valencia Street,,,,,,2026-06-26,"{""addr:housenumber"":""1401"",""addr:street"":""Valencia Street"",""amenity"":""bar"",""check_date"":""2026-06-26"",""check_date:opening_hours"":""2025-03-06"",""level"":""0"",""name"":""Clooney's Pub"",""opening_hours"":""Mo-Su 06:00-02:00"",""wheelchair"":""yes""}"
2026-10-02T15:01:21Z,100023,San Francisco,CA,node,582781745,Dovre Club,bar,37.7489951,-122.4205203,,,Mo-Su 14:00-02:00,,,,,,,,,,1498,Valencia Street,,,,,,2026-03-02,"{""addr:housenumber"":""1498"",""addr:street"":""Valencia Street"",""amenity"":""bar"",""check_date"":""2026-03-02"",""name"":""Dovre Club"",""name:en"":""Dovre Club"",""opening_hours"":""Mo-Su 14:00-02:00""}"
2026-10-02T15:01:21Z,100023,San Francisco,CA,node,610183472,Buckshot,pub,37.7813625,-122.4607762,,,,,,,,,,,,,3848,Geary Boulevard,,,,,,,"{""addr:housenumber"":""3848"",""addr:street"":""Geary Boulevard"",""amenity"":""pub"",""name"":""Buckshot""}"
2026-10-02T15:01:21Z,100023,San Francisco,CA,node,621179351,The Chieftain Irish Pub & Restaurant,pub,37.7814985,-122.4052119,https://www.thechieftain.com/,+1 415 6150916,"Mo-Th,Su 16:00-25:30; Fr-Sa 12:00-25:30",,,,,,,,,burger;wings;fish_and_chips;irish,198,5th Street,San Francisco,CA,94103,,,2024-11-16,"{""addr:city"":""San Francisco"",""addr:country"":""US"",""addr:housenumber"":""198"",""addr:postcode"":""94103"",""addr:state"":""CA"",""addr:street"":""5th Street"",""amenity"":""pub"",""check_date"":""2024-11-16"",""contact:facebook"":""chieftainirishpubsf"",""contact:instagram"":""Chieftainpubsf"",""contact:tripadvisor"":""https://www.tripadvisor.com/Restaurant_Review-g60713-d537705-Reviews-The_Chieftain_Irish_Pub_Restaurant-San_Francisco_California.html"",""contact:twitter"":""ChieftainPubSF"",""cuisine"":""burger;wings;fish_and_chips;irish"",""email"":""info@thechieftain.com"",""food"":""yes"",""name"":""The Chieftain Irish Pub & Restaurant"",""opening_hours"":""Mo-Th,Su 16:00-25:30; Fr-Sa 12:00-25:30"",""opening_hours:url"":""https://www.thechieftain.com/location/the-chieftain/"",""phone"":""+1 415 6150916"",""website"":""https://www.thechieftain.com/"",""website:menu"":""https://www.thechieftain.com/menus/""}"
2026-10-02T15:01:21Z,100023,San Francisco,CA,node,621793529,Owl Tree,bar,37.7877507,-122.4118412,https://www.owltreesf.com/,+1 415 3591600,Tu-Th 16:00+; Fr 15:00+; Su 18:00+,,,,,,,,,,601,Post Street,San Francisco,,,,,2023-02-02,"{""addr:city"":""San Francisco"",""addr:country"":""US"",""addr:housenumber"":""601"",""addr:street"":""Post Street"",""amenity"":""bar"",""check_date"":""2023-02-02"",""cocktails"":""yes"",""contact:facebook"":""owltree"",""contact:twitter"":""owltreesf"",""email"":""owltreesf@gmail.com"",""name"":""Owl Tree"",""opening_hours"":""Tu-Th 16:00+; Fr 15:00+; Su 18:00+"",""phone"":""+1 415 3591600"",""website"":""https://www.owltreesf.com/""}"
2026-10-02T15:01:21Z,100023,San Francisco,CA,node,621818366,Level III,bar,37.7881935,-122.4103007,,,,,,,,,,,,,,,,,,survey,,,"{""amenity"":""bar"",""description"":""Inside the JW Marriott"",""name"":""Level III"",""source"":""survey""}"
2026-10-02T15:01:21Z,100023,San Francisco,CA,node,621818383,Lost Cat,bar,37.7878201,-122.4113142,https://www.lostcatsf.com/,,,,,,,,,,,,587,Post Street,San Francisco,,,,,,"{""addr:city"":""San Francisco"",""addr:country"":""US"",""addr:housenumber"":""587"",""addr:street"":""Post Street"",""amenity"":""bar"",""fixme"":""Add contact details from website"",""name"":""Lost Cat"",""website"":""https://www.lostcatsf.com/""}"
2026-10-02T15:01:21Z,100023,San Francisco,CA,node,621851561,Matador,restaurant,37.7887552,-122.4115279,https://matadorsf.com/,+1 415 5253557,"Su,Mo-Th 12:00-22:00; Fr,Sa 12:00-23:00",,,,,,,,,mexican,679,Sutter Street,San Francisco,CA,,,,,"{""addr:city"":""San Francisco"",""addr:country"":""US"",""addr:housenumber"":""679"",""addr:state"":""CA"",""addr:street"":""Sutter Street"",""amenity"":""restaurant"",""bar"":""yes"",""contact:facebook"":""matadortacobar"",""contact:instagram"":""matadortacobar"",""contact:yelp"":""http://www.yelp.com/biz/matador-san-francisco-2"",""cuisine"":""mexican"",""email"":""info@matadorsf.com"",""name"":""Matador"",""opening_hours"":""Su,Mo-Th 12:00-22:00; Fr,Sa 12:00-23:00"",""opening_hours:url"":""https://matadorsf.com/"",""phone"":""+1 415 5253557"",""website"":""https://matadorsf.com/""}"
2026-10-02T15:01:21Z,100023,San Francisco,CA,node,632817679,Binu Bonu,bar,37.7386468,-122.4685481,,,Tu-Th 16:00-22:00; Fr-Sa 15:00-22:30,,,,,,,,,,230,West Portal Avenue,San Francisco,CA,94127,,,,"{""addr:city"":""San Francisco"",""addr:country"":""US"",""addr:housenumber"":""230"",""addr:postcode"":""94127"",""addr:state"":""CA"",""addr:street"":""West Portal Avenue"",""amenity"":""bar"",""name"":""Binu Bonu"",""opening_hours"":""Tu-Th 16:00-22:00; Fr-Sa 15:00-22:30"",""shop"":""wine"",""wheelchair"":""yes""}"
2026-10-02T15:01:21Z,100023,San Francisco,CA,node,632825392,The Dubliner,pub,37.7377005,-122.4696762,,,,,,,,,,,,,328,West Portal Avenue,San Francisco,CA,94127,,,,"{""addr:city"":""San Francisco"",""addr:country"":""US"",""addr:housenumber"":""328"",""addr:postcode"":""94127"",""addr:state"":""CA"",""addr:street"":""West Portal Avenue"",""amenity"":""pub"",""name"":""The Dubliner""}"
2026-10-02T15:01:21Z,100023,San Francisco,CA,node,718375673,After Hours SF,pub,37.7421604,-122.4989551,,,,,,,,,,,,japanese,3044,Taraval Street,San Francisco,CA,94116,,,,"{""addr:city"":""San Francisco"",""addr:country"":""US"",""addr:county"":""San Francisco"",""addr:housenumber"":""3044"",""addr:postcode"":""94116"",""addr:state"":""CA"",""addr:street"":""Taraval Street"",""amenity"":""pub"",""cuisine"":""japanese"",""name"":""After Hours SF""}"
2026-10-02T15:01:21Z,100023,San Francisco,CA,node,725066841,Rye,bar,37.7866698,-122.4145242,,,,,,,,,,,,,688,Geary Street,San Francisco,CA,,,,2023-07-05,"{""addr:city"":""San Francisco"",""addr:country"":""US"",""addr:housenumber"":""688"",""addr:state"":""CA"",""addr:street"":""Geary Street"",""amenity"":""bar"",""check_date"":""2023-07-05"",""cocktails"":""yes"",""name"":""Rye""}"
2026-10-02T15:01:21Z,100023,San Francisco,CA,node,725096448,Bottle Club Pub,pub,37.7867295,-122.4124048,https://www.bottleclubpub.com/,+1 415 4232582,"We,Th 17:00-24:00; Fr,Sa 17:00-26:00; Su 18:00-26:00",,,,,,,,,,555,Geary Street,San Francisco,CA,,,,2022-03-20,"{""addr:city"":""San Francisco"",""addr:housenumber"":""555"",""addr:state"":""CA"",""addr:street"":""Geary Street"",""amenity"":""pub"",""check_date"":""2022-03-20"",""cocktails"":""yes"",""email"":""host@bottleclubpub.com"",""name"":""Bottle Club Pub"",""opening_hours"":""We,Th 17:00-24:00; Fr,Sa 17:00-26:00; Su 18:00-26:00"",""opening_hours:url"":""https://www.bottleclubpub.com/"",""phone"":""+1 415 4232582"",""website"":""https://www.bottleclubpub.com/""}"
2026-10-02T15:01:21Z,100023,San Francisco,CA,node,725096449,The Mortimer,bar,37.7869597,-122.4124456,https://www.marriott.com/en-us/hotels/sfoak-hotel-adagio-autograph-collection/dining/,,"Mo,Su off; Tu-Sa 16:00-22:00",,,,,,,,,,,,,,,,,,"{""amenity"":""bar"",""cocktails"":""yes"",""food"":""yes"",""name"":""The Mortimer"",""opening_hours"":""Mo,Su off; Tu-Sa 16:00-22:00"",""opening_hours:url"":""https://www.marriott.com/en-us/hotels/sfoak-hotel-adagio-autograph-collection/dining/"",""website"":""https://www.marriott.com/en-us/hotels/sfoak-hotel-adagio-autograph-collection/dining/""}"
2026-10-02T15:01:21Z,100023,San Francisco,CA,node,731946793,Geary Club,pub,37.7865056,-122.4159328,,,,,,,,,,,,,768,Geary Street,San Francisco,CA,94109,,,2023-02-14,"{""addr:city"":""San Francisco"",""addr:country"":""US"",""addr:housenumber"":""768"",""addr:postcode"":""94109"",""addr:state"":""CA"",""addr:street"":""Geary Street"",""amenity"":""pub"",""check_date"":""2023-02-14"",""name"":""Geary Club""}"
2026-10-02T15:01:21Z,100023,San Francisco,CA,node,731989581,The Outsider,pub,37.78623,-122.4179928,,,,,,,,,,,,,894,Geary Street,San Francisco,CA,94109,,,,"{""addr:city"":""San Francisco"",""addr:country"":""US"",""addr:housenumber"":""894"",""addr:postcode"":""94109"",""addr:state"":""CA"",""addr:street"":""Geary Street"",""amenity"":""pub"",""name"":""The Outsider"",""sport"":""billiards""}"
2026-10-02T15:01:21Z,100023,San Francisco,CA,node,731989588,Ha-Ra,pub,37.7860732,-122.4176448,http://harasf.com/,+1 415 6733148,,,,,,,,,,,875,Geary Street,San Francisco,CA,94109,,,2024-05-25,"{""addr:city"":""San Francisco"",""addr:housenumber"":""875"",""addr:postcode"":""94109"",""addr:state"":""CA"",""addr:street"":""Geary Street"",""alt_name"":""The Ha-Ra Club"",""amenity"":""pub"",""check_date"":""2024-05-25"",""contact:facebook"":""HaRaClubSF"",""contact:instagram"":""haraclubsf"",""contact:twitter"":""HaRaclubSF"",""email"":""haraclubsf@gmail.com"",""fax"":""+1 415 9627955"",""name"":""Ha-Ra"",""opening_hours:url"":""http://harasf.com/"",""payment:cash"":""yes"",""payment:credit_cards"":""yes"",""phone"":""+1 415 6733148"",""sport"":""billiards"",""website"":""http://harasf.com/"",""wheelchair"":""yes""}"
2026-10-02T15:01:21Z,100023,San Francisco,CA,node,732005635,Hanaro,pub,37.7859078,-122.4189262,https://members.vistaserv.net/hanaro,,,,,,,,,,,,939,Geary Boulevard,,,,,,,"{""addr:housenumber"":""939"",""addr:street"":""Geary Boulevard"",""amenity"":""pub"",""name"":""Hanaro"",""opening_hours:signed"":""no"",""website"":""https://members.vistaserv.net/hanaro""}"
2026-10-02T15:01:21Z,100023,San Francisco,CA,node,761906611,Bloodhound,bar,37.77581,-122.4088161,,,,,,,,,,,,,1145,Folsom Street,San Francisco,CA,,,,2024-03-31,"{""addr:city"":""San Francisco"",""addr:housenumber"":""1145"",""addr:state"":""CA"",""addr:street"":""Folsom Street"",""amenity"":""bar"",""check_date"":""2024-03-31"",""name"":""Bloodhound"",""wheelchair"":""yes""}"
2026-10-02T15:01:21Z,100023,San Francisco,CA,node,774058148,Mission Bar,pub,37.7540276,-122.4184414,,,Mo-Su 15:00-02:00,,,,,,,,,,2695,Mission Street,San Francisco,CA,94110,,,2026-08-27,"{""addr:city"":""San Francisco"",""addr:housenumber"":""2695"",""addr:postcode"":""94110"",""addr:state"":""CA"",""addr:street"":""Mission Street"",""amenity"":""pub"",""check_date"":""2026-08-27"",""check_date:opening_hours"":""2026-08-27"",""name"":""Mission Bar"",""opening_hours"":""Mo-Su 15:00-02:00"",""payment:cash"":""yes"",""payment:credit_cards"":""yes""}"
2026-10-02T15:01:21Z,100023,San Francisco,CA,node,808930684,Jasper's,bar,37.786117,-122.4115193,,,,,,,,,,,,,401,Taylor Street,,,,,,2023-01-16,"{""addr:housenumber"":""401"",""addr:street"":""Taylor Street"",""amenity"":""bar"",""check_date"":""2023-01-16"",""name"":""Jasper's""}"
2026-10-02T15:01:21Z,100023,San Francisco,CA,node,808930729,Johnny Foley's Irish House,pub,37.7862372,-122.408751,https://www.johnnyfoleys.com/,+1 415 9540777,"We,Th,Fr 17:00-22:00+; Sa,Su 11:00-22:00+; Mo,Tu off",,,,,,,,,irish,243,O'Farrell Street,San Francisco,CA,94102,,,,"{""addr:city"":""San Francisco"",""addr:housenumber"":""243"",""addr:postcode"":""94102"",""addr:state"":""CA"",""addr:street"":""O'Farrell Street"",""amenity"":""pub"",""contact:facebook"":""johnnyfoleysirishhouse"",""contact:instagram"":""johnnyfoleysirishhouse"",""contact:yelp"":""https://www.yelp.com/biz/johnny-foleys-san-francisco"",""cuisine"":""irish"",""food"":""yes"",""mapillary"":""501873397835113"",""name"":""Johnny Foley's Irish House"",""opening_hours"":""We,Th,Fr 17:00-22:00+; Sa,Su 11:00-22:00+; Mo,Tu off"",""phone"":""+1 415 9540777"",""survey:date"":""2020-01-20"",""theme"":""irish"",""website"":""https://www.johnnyfoleys.com/""}"
2026-10-02T15:01:21Z,100023,San Francisco,CA,node,819444936,Lush Lounge,pub,37.7881395,-122.420349,,,,,,,,,,,no,,1221,Polk Street,,,,survey,,2023-07-10,"{""addr:housenumber"":""1221"",""addr:street"":""Polk Street"",""amenity"":""pub"",""check_date"":""2023-07-10"",""name"":""Lush Lounge"",""outdoor_seating"":""no"",""source"":""survey""}"
2026-10-02T15:01:21Z,100023,San Francisco,CA,node,819444949,McTeague's Saloon,pub,37.788382,-122.4203937,,,,,,,,,,,,,1237,Polk Street,San Francisco,CA,,survey,,2024-03-02,"{""addr:city"":""San Francisco"",""addr:country"":""US"",""addr:floor"":""0"",""addr:housenumber"":""1237"",""addr:state"":""CA"",""addr:street"":""Polk Street"",""amenity"":""pub"",""check_date"":""2024-03-02"",""name"":""McTeague's Saloon"",""source"":""survey"",""wheelchair"":""no""}"
2026-10-02T15:01:21Z,100023,San Francisco,CA,node,819444992,DecoDance Bar,nightclub,37.7875516,-122.4199558,https://www.decodancesf.com/,+1 415 5462233,Tu-We 17:00-23:00; Th 17:00-24:00; Fr-Sa 17:00-25:30; Su 21:00-25:30; Mo off,,,,,,,,,,1160,Polk Street,San Francisco,CA,94109,,,2023-02-09,"{""addr:city"":""San Francisco"",""addr:country"":""US"",""addr:housenumber"":""1160"",""addr:postcode"":""94109"",""addr:state"":""CA"",""addr:street"":""Polk Street"",""amenity"":""nightclub"",""check_date"":""2023-02-09"",""cocktails"":""yes"",""contact:facebook"":""decodancesf"",""contact:instagram"":""decodancesf"",""email"":""info@decodancesf.com"",""name"":""DecoDance Bar"",""opening_hours"":""Tu-We 17:00-23:00; Th 17:00-24:00; Fr-Sa 17:00-25:30; Su 21:00-25:30; Mo off"",""opening_hours:url"":""https://www.decodancesf.com/"",""phone"":""+1 415 5462233"",""reservation"":""yes"",""website"":""https://www.decodancesf.com/"",""website:calendar"":""https://www.decodancesf.com/events"",""website:menu"":""https://www.decodancesf.com/menu""}"
2026-10-02T15:01:21Z,100023,San Francisco,CA,node,825914928,Providence,nightclub,37.7895078,-122.4206167,https://providencesf.com,+1 415 3660472,"Mo-Fr 17:00-26:00; Sa,Su 14:00-26:00",,,,,,,,,,1351,Polk Street,San Francisco,CA,94109,,,,"{""addr:city"":""San Francisco"",""addr:country"":""US"",""addr:housenumber"":""1351"",""addr:postcode"":""94109"",""addr:state"":""CA"",""addr:street"":""Polk Street"",""amenity"":""nightclub"",""contact:facebook"":""Playlandbar"",""contact:instagram"":""providence_sf"",""name"":""Providence"",""old_name"":""Playland Bar"",""opening_hours"":""Mo-Fr 17:00-26:00; Sa,Su 14:00-26:00"",""opening_hours:url"":""https://providencesf.com"",""phone"":""+1 415 3660472"",""website"":""https://providencesf.com"",""website:calendar"":""https://www.eventbrite.com/o/providence-36520958623""}"
2026-10-02T15:01:21Z,100023,San Francisco,CA,node,825915019,El Lopo,bar,37.7890756,-122.4205448,https://www.elloposf.com/,+1 415 2373072,Mo-Tu 16:00-23:00; We-Th 16:00-23:00; Fr 16:00-24:00; Sa 12:00-24:00; Su 12:00-23:00,,,,,,,,,,1327,Polk Street,San Francisco,CA,94109,,,2023-01-13,"{""addr:city"":""San Francisco"",""addr:country"":""US"",""addr:housenumber"":""1327"",""addr:postcode"":""94109"",""addr:state"":""CA"",""addr:street"":""Polk Street"",""amenity"":""bar"",""check_date"":""2023-01-13"",""contact:facebook"":""elloposf"",""contact:instagram"":""elloposf"",""drink:wine"":""yes"",""email"":""info@elloposf.com"",""food"":""yes"",""name"":""El Lopo"",""opening_hours"":""Mo-Tu 16:00-23:00; We-Th 16:00-23:00; Fr 16:00-24:00; Sa 12:00-24:00; Su 12:00-23:00"",""opening_hours:kitchen"":""Mo-Tu 17:00-22:00; We-Th 17:00-22:00; Fr 17:00-24:00; Sa 12:00-24:00; Su 12:00-22:00"",""opening_hours:url"":""https://www.elloposf.com/location/el-lopo/"",""phone"":""+1 415 2373072"",""reservation"":""yes"",""website"":""https://www.elloposf.com/""}"
2026-10-02T15:01:21Z,100023,San Francisco,CA,node,841414821,Café de la Presse,restaurant,37.7904814,-122.4054652,https://www.cafedelapresse.com/,+1 415 3982680,"Mo off; Tu,We 08:00-18:30; Th,Fr,Sa 08:00-20:00; Su 08:00-16:00",,,,,,,,pedestrian_zone,french,352,Grant Avenue,San Francisco,CA,94108,,,2026-04-25,"{""addr:city"":""San Francisco"",""addr:housenumber"":""352"",""addr:postcode"":""94108"",""addr:state"":""CA"",""addr:street"":""Grant Avenue"",""amenity"":""restaurant"",""bar"":""yes"",""check_date"":""2026-04-25"",""cocktails"":""yes"",""contact:facebook"":""CafeDeLaPresseSF"",""contact:instagram"":""cafedelapressesf"",""contact:yelp"":""https://www.yelp.com/biz/caf%C3%A9-de-la-presse-san-francisco-3"",""cuisine"":""french"",""drink:beer"":""yes"",""drink:coffee"":""yes"",""drink:espresso"":""yes"",""drink:hot_chocolate"":""yes"",""drink:wine"":""yes"",""email"":""olivier@cafedelapresse.com"",""indoor_seating"":""yes"",""level"":""0"",""name"":""Café de la Presse"",""note"":""Both a cafe and restaurant with a dining room"",""opening_hours"":""Mo off; Tu,We 08:00-18:30; Th,Fr,Sa 08:00-20:00; Su 08:00-16:00"",""opening_hours:signed"":""yes"",""opening_hours:url"":""https://www.cafedelapresse.com/"",""outdoor_seating"":""pedestrian_zone"",""phone"":""+1 415 3982680"",""reservation"":""yes"",""url"":""https://www.happymenu.co/cafe-de-la-presse/menu"",""website"":""https://www.cafedelapresse.com/"",""wheelchair"":""yes""}"
2026-10-02T15:01:21Z,100023,San Francisco,CA,node,960935983,Pittsburgh's Pub,pub,37.7602405,-122.5071774,,,,,,,,,,,,,4207,Judah Street,,,,,,2024-11-30,"{""addr:housenumber"":""4207"",""addr:street"":""Judah Street"",""amenity"":""pub"",""check_date"":""2024-11-30"",""name"":""Pittsburgh's Pub""}"
2026-10-02T15:01:21Z,100023,San Francisco,CA,node,983388331,AJ's Bar,bar,37.7781961,-122.4157435,,,,,,,,,,,,,1250,Market Street,,,,,,,"{""addr:housenumber"":""1250"",""addr:street"":""Market Street"",""addr:unit"":""101"",""amenity"":""bar"",""name"":""AJ's Bar""}"
2026-10-02T15:01:21Z,100023,San Francisco,CA,node,984659510,Golden Gate Yacht Club,bar,37.8077247,-122.4426038,,,,,,,,,,,,,1,Yacht Road,San Francisco,CA,94123,,,,"{""addr:city"":""San Francisco"",""addr:housenumber"":""1"",""addr:postcode"":""94123"",""addr:state"":""CA"",""addr:street"":""Yacht Road"",""amenity"":""bar"",""contact:facebook"":""ggycwaterfront"",""contact:instagram"":""goldengateyachtclub"",""email"":""generalmanager@ggyc.com"",""name"":""Golden Gate Yacht Club"",""wikidata"":""Q611962"",""wikimedia_commons"":""Category:Golden Gate Yacht Club"",""wikipedia"":""en:Golden Gate Yacht Club""}"
2026-10-02T15:01:21Z,100023,San Francisco,CA,node,984659529,St. Francis Yacht Club,bar,37.8072388,-122.446947,https://www.stfyc.com/,+1-415-563-6363,,,,,,,,,,,700,Marina Boulevard,San Francisco,CA,94123,,,,"{""addr:city"":""San Francisco"",""addr:housenumber"":""700"",""addr:postcode"":""94123"",""addr:state"":""CA"",""addr:street"":""Marina Boulevard"",""amenity"":""bar"",""contact:facebook"":""https://www.facebook.com/stfrancisyachtclub"",""contact:instagram"":""https://www.instagram.com/stfyc"",""contact:twitter"":""https://twitter.com/stfyc"",""contact:youtube"":""https://www.youtube.com/channel/UCarUgtm1qcsa_jk27sC1yZQ"",""email"":""frontdesk@stfyc.com"",""fax"":""+14155638670"",""name"":""St. Francis Yacht Club"",""pets"":""no"",""phone"":""+1-415-563-6363"",""smoking"":""outside"",""website"":""https://www.stfyc.com/"",""wikidata"":""Q7588038"",""wikimedia_commons"":""Category:St. Francis Yacht Club"",""wikipedia"":""en:St. Francis Yacht Club""}"
2026-10-02T15:01:21Z,100023,San Francisco,CA,node,998993721,Dancing Yak,restaurant,37.7683585,-122.4223963,https://dancingyaksf.com/,,"Tu-Fr 17:00-22:00; Sa-Su 12:00-15:00,17:00-22:00",,,,,,,,no,nepalese,280,Valencia Street,,,94103,,,2026-05-10,"{""addr:housenumber"":""280"",""addr:postcode"":""94103"",""addr:street"":""Valencia Street"",""amenity"":""restaurant"",""bar"":""yes"",""check_date"":""2026-05-10"",""cocktails"":""yes"",""cuisine"":""nepalese"",""description"":""Nepali cuisine & bar"",""diet:gluten_free"":""yes"",""diet:vegan"":""yes"",""diet:vegetarian"":""yes"",""drink:beer"":""yes"",""drink:tea"":""yes"",""drink:wine"":""yes"",""indoor_seating"":""yes"",""name"":""Dancing Yak"",""opening_hours"":""Tu-Fr 17:00-22:00; Sa-Su 12:00-15:00,17:00-22:00"",""outdoor_seating"":""no"",""reservation"":""yes"",""website"":""https://dancingyaksf.com/"",""wheelchair"":""yes""}"
2026-10-02T15:01:21Z,100023,San Francisco,CA,node,1083221110,Red Jack Saloon,bar,37.8059987,-122.409847,,,,,,,,,,,,,,Bay Street,San Francisco,CA,,,,,"{""addr:city"":""San Francisco"",""addr:state"":""CA"",""addr:street"":""Bay Street"",""amenity"":""bar"",""min_age"":""21"",""name"":""Red Jack Saloon""}"
2026-10-02T15:01:21Z,100023,San Francisco,CA,node,1206794862,Rite Spot Cafe,bar,37.7638277,-122.4150115,https://www.ritespotcafe.net/,,,,,,,,,,,,2099,Folsom Street,,,,,,2026-04-17,"{""addr:housenumber"":""2099"",""addr:street"":""Folsom Street"",""amenity"":""bar"",""check_date"":""2026-04-17"",""level"":""0"",""name"":""Rite Spot Cafe"",""website"":""https://www.ritespotcafe.net/"",""wheelchair"":""yes""}"
2026-10-02T15:01:21Z,100023,San Francisco,CA,node,1211157016,Casa Barajas / Chug Pub,pub,37.7652442,-122.4781609,,+1 415-242-9931,"Mo,Tu 16:30-22:00; Th 11:00-22:00; Fr,Sa 11:00-22:30; Su 11:00-22:00",,,,,,,,,,1849,Lincoln Way,,,94122,,,2026-04-15,"{""addr:housenumber"":""1849"",""addr:postcode"":""94122"",""addr:street"":""Lincoln Way"",""amenity"":""pub"",""check_date"":""2026-04-15"",""level"":""0"",""name"":""Casa Barajas / Chug Pub"",""opening_hours"":""Mo,Tu 16:30-22:00; Th 11:00-22:00; Fr,Sa 11:00-22:30; Su 11:00-22:00"",""phone"":""+1 415-242-9931"",""wheelchair"":""yes""}"
2026-10-02T15:01:21Z,100023,San Francisco,CA,node,1229920524,The Connection,bar,37.7099557,-122.4498831,,,,,,,,,,,,,,,,,,,,,"{""amenity"":""bar"",""name"":""The Connection""}"
2026-10-02T15:01:21Z,100023,San Francisco,CA,node,1230343377,Restaurante-Pupusería Ilobasco,pub,37.7278009,-122.4039937,,,,,,,,,,,,,,,,,,,,2026-04-12,"{""amenity"":""pub"",""check_date"":""2026-04-12"",""name"":""Restaurante-Pupusería Ilobasco""}"
2026-10-02T15:01:21Z,100023,San Francisco,CA,node,1230343426,Judnich's,pub,37.7253753,-122.4028439,,,,,,,,,,,,,,,,,,,,,"{""amenity"":""pub"",""name"":""Judnich's""}"
2026-10-02T15:01:21Z,100023,San Francisco,CA,node,1230343464,Fat Beli Deli,pub,37.7288873,-122.404354,,,,,,,,,,,,,,,,,,,,,"{""amenity"":""pub"",""name"":""Fat Beli Deli""}"
2026-10-02T15:01:21Z,100023,San Francisco,CA,node,1238299633,Dogpatch Saloon,bar,37.7580357,-122.3885258,,,,,,,,,,,,,2496,,,,,,,,"{""addr:housenumber"":""2496"",""amenity"":""bar"",""name"":""Dogpatch Saloon"",""wheelchair"":""yes"",""wifi"":""no""}"
2026-10-02T15:01:21Z,100023,San Francisco,CA,node,1295101185,Smuggler's Cove,bar,37.7793996,-122.423343,,,Mo-Su 17:00-01:45,,,,,,,,,,650,Gough Street,,,,,,2026-03-05,"{""addr:housenumber"":""650"",""addr:street"":""Gough Street"",""amenity"":""bar"",""check_date"":""2026-03-05"",""level"":""0"",""name"":""Smuggler's Cove"",""opening_hours"":""Mo-Su 17:00-01:45"",""theme"":""tiki"",""wheelchair"":""yes""}"
2026-10-02T15:01:21Z,100023,San Francisco,CA,node,1320562876,Atlas Tap Room,pub,37.7878983,-122.4001637,http://www.atlastaproom.com/,+1-415-513-2571,"Mo-We 11:00-22:00; Th,Fr 11:00-23:00",,,,,,,,,american,606,Mission Street,,,,,,,"{""addr:housenumber"":""606"",""addr:street"":""Mission Street"",""amenity"":""pub"",""contact:phone"":""+1-415-513-2571"",""contact:website"":""http://www.atlastaproom.com/"",""cuisine"":""american"",""name"":""Atlas Tap Room"",""opening_hours"":""Mo-We 11:00-22:00; Th,Fr 11:00-23:00"",""takeaway"":""yes"",""wheelchair"":""no""}"
2026-10-02T15:01:21Z,100023,San Francisco,CA,node,1395111833,The Harlequin,restaurant,37.7848759,-122.404977,https://www.harlequinsf.com/,,Su-We 16:00-23:00; Th 16:00-24:00; Fr-Sa 16:00-26:00,,,,,,,,no,american,68,4th Street,San Francisco,CA,94103,,,2023-06-13,"{""addr:city"":""San Francisco"",""addr:housenumber"":""68"",""addr:postcode"":""94103"",""addr:state"":""CA"",""addr:street"":""4th Street"",""amenity"":""restaurant"",""bar"":""yes"",""check_date"":""2023-06-13"",""cuisine"":""american"",""indoor_seating"":""yes"",""name"":""The Harlequin"",""opening_hours"":""Su-We 16:00-23:00; Th 16:00-24:00; Fr-Sa 16:00-26:00"",""outdoor_seating"":""no"",""website"":""https://www.harlequinsf.com/""}"
2026-10-02T15:01:21Z,100023,San Francisco,CA,node,1417639584,Top of the Mark,bar,37.7916237,-122.4104078,https://www.ihg.com/intercontinental/hotels/us/en/san-francisco/sfoha/hoteldetail/top-of-the-mark,,"We-Sa 17:00-21:30 open ""appetizers available"" || We-Sa 16:30-23:30 open; Su,Mo-Tu off",,,,,,,,no,,,,,,,,,,"{""addr:floor"":""19"",""amenity"":""bar"",""contact:instagram"":""topofthemarksf"",""indoor_seating"":""yes"",""name"":""Top of the Mark"",""opening_hours"":""We-Sa 17:00-21:30 open \""appetizers available\"" || We-Sa 16:30-23:30 open; Su,Mo-Tu off"",""opening_hours:url"":""https://www.sfmarkhopkins.com/top-of-the-mark"",""outdoor_seating"":""no"",""tourism"":""viewpoint"",""website"":""https://www.ihg.com/intercontinental/hotels/us/en/san-francisco/sfoha/hoteldetail/top-of-the-mark"",""wheelchair"":""yes"",""wikidata"":""Q7824679"",""wikimedia_commons"":""Category:Top of the Mark"",""wikipedia"":""en:Top of the Mark""}"
2026-10-02T15:01:21Z,100023,San Francisco,CA,node,1424879519,The Valencia Room,nightclub,37.7625463,-122.4215367,https://www.thevalenciaroom.com/,+1 415 5988862,Mo-Fr 17:00-26:00; Sa-Su 14:00-26:00,,,yes,,,,,no,,647,Valencia Street,San Francisco,CA,94110,,,,"{""addr:city"":""San Francisco"",""addr:housenumber"":""647"",""addr:postcode"":""94110"",""addr:state"":""CA"",""addr:street"":""Valencia Street"",""amenity"":""nightclub"",""contact:instagram"":""thevalenciaroom"",""contact:twitter"":""thevalenciaroom"",""contact:yelp"":""https://www.yelp.com/biz/the-valencia-room-san-francisco-2"",""email"":""info@thevalenciaroom.com"",""live_music"":""yes"",""name"":""The Valencia Room"",""note"":""Also a bar"",""old_name"":""Elbo Room"",""opening_hours"":""Mo-Fr 17:00-26:00; Sa-Su 14:00-26:00"",""opening_hours:url"":""https://www.thevalenciaroom.com/"",""outdoor_seating"":""no"",""phone"":""+1 415 5988862"",""smoking"":""no"",""was:website"":""https://www.elbo.com/"",""website"":""https://www.thevalenciaroom.com/""}"
2026-10-02T15:01:21Z,100023,San Francisco,CA,node,1430564725,La Playa,restaurant,37.7597035,-122.4189945,,,,,,,,,,,,seafood,2331,Mission Street,,,,,,2024-04-09,"{""addr:housenumber"":""2331"",""addr:street"":""Mission Street"",""amenity"":""restaurant"",""bar"":""yes"",""check_date"":""2024-04-09"",""cuisine"":""seafood"",""name"":""La Playa""}"
2026-10-02T15:01:21Z,100023,San Francisco,CA,node,1436065856,Pier 23 Cafe,restaurant,37.803323,-122.400871,https://www.pier23cafe.com,+1-415-362-5125,We-Su 11:30-19:00,,,,,,,,yes,,Pier 23,The Embarcadero,San Francisco,CA,94111,,,,"{""addr:city"":""San Francisco"",""addr:housenumber"":""Pier 23"",""addr:postcode"":""94111"",""addr:state"":""CA"",""addr:street"":""The Embarcadero"",""amenity"":""restaurant"",""bar"":""yes"",""image"":""https://www.instagram.com/p/CKpDIndBe3P"",""name"":""Pier 23 Cafe"",""opening_hours"":""We-Su 11:30-19:00"",""outdoor_seating"":""yes"",""phone"":""+1-415-362-5125"",""takeaway"":""yes"",""website"":""https://www.pier23cafe.com""}"
2026-10-02T15:01:21Z,100023,San Francisco,CA,node,1485992620,Chelsea Place,pub,37.7901588,-122.4079122,,,"Mo-We 16:00-02:00, Th-Su 13:00-02:00",,,,,,,,,,,,,,,,,2025-04-17,"{""amenity"":""pub"",""check_date"":""2025-04-17"",""check_date:opening_hours"":""2025-04-17"",""name"":""Chelsea Place"",""opening_hours"":""Mo-We 16:00-02:00, Th-Su 13:00-02:00""}"
2026-10-02T15:01:21Z,100023,San Francisco,CA,node,1493456455,The Function,bar,37.7762746,-122.4181966,https://www.thefunctionsf.com/,,,,,,,,,,,,1414,Market Street,San Francisco,CA,94102,,,,"{""addr:city"":""San Francisco"",""addr:housenumber"":""1414"",""addr:postcode"":""94102"",""addr:state"":""CA"",""addr:street"":""Market Street"",""amenity"":""bar"",""min_age"":""21"",""name"":""The Function"",""website"":""https://www.thefunctionsf.com/""}"
2026-10-02T15:01:21Z,100023,San Francisco,CA,node,1493721688,Lookout,bar,37.7643689,-122.4333114,http://www.lookoutsf.com,,,,,,,,,,,,3600,16th Street,San Francisco,CA,,,,2025-04-24,"{""addr:city"":""San Francisco"",""addr:housenumber"":""3600"",""addr:state"":""CA"",""addr:street"":""16th Street"",""amenity"":""bar"",""building:levels"":""2"",""building:material"":""wood"",""check_date"":""2025-04-24"",""level"":""1"",""lgbtq"":""primary"",""name"":""Lookout"",""note"":""upstairs"",""website"":""http://www.lookoutsf.com""}"
2026-10-02T15:01:21Z,100023,San Francisco,CA,node,1581843965,Twenty Five Lusk,bar,37.778429,-122.3943226,https://www.25lusk.com/,,,,,,,,,,,,25,Lusk Street,,,,,,,"{""addr:housenumber"":""25"",""addr:street"":""Lusk Street"",""amenity"":""bar"",""name"":""Twenty Five Lusk"",""website"":""https://www.25lusk.com/""}"
2026-10-02T15:01:21Z,100023,San Francisco,CA,node,1581862143,The Hyde Out,pub,37.7908937,-122.4172479,,,,,,,,,,,,,1068,Hyde Street,San Francisco,,,,,,"{""addr:city"":""San Francisco"",""addr:housenumber"":""1068"",""addr:street"":""Hyde Street"",""amenity"":""pub"",""name"":""The Hyde Out""}"
2026-10-02T15:01:21Z,100023,San Francisco,CA,node,1607230272,The Saloon,bar,37.7985549,-122.4070947,https://www.sfblues.net/Saloon.html,+1-415-989-7666,,,,yes,,,,,,,1232,Grant Avenue,,,,,,,"{""addr:housenumber"":""1232"",""addr:street"":""Grant Avenue"",""amenity"":""bar"",""live_music"":""yes"",""name"":""The Saloon"",""phone"":""+1-415-989-7666"",""website"":""https://www.sfblues.net/Saloon.html"",""wikidata"":""Q7762121""}"
2026-10-02T15:01:21Z,100023,San Francisco,CA,node,1612773733,Butter,bar,37.7710719,-122.4132775,https://smoothasbutter.com,+1 415 863 5964,Th-Sa 18:00-02:00; Su 20:00-02:00,,,,,,,,,,354,11th Street,,,,,,,"{""addr:housenumber"":""354"",""addr:street"":""11th Street"",""amenity"":""bar"",""email"":""contactus@smoothasbutter.com"",""name"":""Butter"",""opening_hours"":""Th-Sa 18:00-02:00; Su 20:00-02:00"",""phone"":""+1 415 863 5964"",""website"":""https://smoothasbutter.com""}"
2026-10-02T15:01:21Z,100023,San Francisco,CA,node,1612808193,The View Lounge,bar,37.7854136,-122.4043265,https://www.sfmarquis.com/theview,+1 415-896-1600,Mo-Su 16:00-24:00,,,,,,,,,,55,4th Street,San Francisco,CA,94103,,,,"{""addr:city"":""San Francisco"",""addr:housenumber"":""55"",""addr:postcode"":""94103"",""addr:state"":""CA"",""addr:street"":""4th Street"",""amenity"":""bar"",""description"":""39th floor bar with city views; enter through hotel"",""level"":""39"",""name"":""The View Lounge"",""opening_hours"":""Mo-Su 16:00-24:00"",""operator"":""Marriott"",""phone"":""+1 415-896-1600"",""smoking"":""no"",""tourism"":""viewpoint"",""website"":""https://www.sfmarquis.com/theview""}"
2026-10-02T15:01:21Z,100023,San Francisco,CA,node,1613829037,Pie Punks,restaurant,37.7875167,-122.3989364,,,,,,,,,,,,pizza,145,2nd Street,San Francisco,CA,94105,,,2024-02-11,"{""addr:city"":""San Francisco"",""addr:housenumber"":""145"",""addr:postcode"":""94105"",""addr:state"":""CA"",""addr:street"":""2nd Street"",""amenity"":""restaurant"",""bar"":""yes"",""check_date"":""2024-02-11"",""cuisine"":""pizza"",""name"":""Pie Punks"",""smoking"":""no"",""wheelchair"":""yes""}"
2026-10-02T15:01:21Z,100023,San Francisco,CA,node,1613829038,Yerba Buena Bar,pub,37.787564,-122.3989958,,,,,,,,,,,,,,,,,,,,2024-02-11,"{""amenity"":""pub"",""check_date"":""2024-02-11"",""name"":""Yerba Buena Bar"",""wheelchair"":""yes""}"
2026-10-02T15:01:21Z,100023,San Francisco,CA,node,1613829042,DaDa Bar,bar,37.7881751,-122.4002205,,,,,,,,,,,,,86,2nd Street,San Francisco,CA,94105,,,,"{""addr:city"":""San Francisco"",""addr:country"":""US"",""addr:housenumber"":""86"",""addr:postcode"":""94105"",""addr:state"":""CA"",""addr:street"":""2nd Street"",""amenity"":""bar"",""name"":""DaDa Bar"",""wheelchair"":""yes""}"
2026-10-02T15:01:21Z,100023,San Francisco,CA,node,1613924529,Madarae,bar,37.7885478,-122.398145,https://www.madarae.com/,+1-415-244-4222,,,,,,,,,,,46,Minna Street,San Francisco,CA,,,,,"{""addr:city"":""San Francisco"",""addr:housenumber"":""46"",""addr:state"":""CA"",""addr:street"":""Minna Street"",""amenity"":""bar"",""email"":""info@harlotsf.com"",""name"":""Madarae"",""phone"":""+1-415-244-4222"",""website"":""https://www.madarae.com/""}"
2026-10-02T15:01:21Z,100023,San Francisco,CA,node,1615157230,Wreck Room,bar,37.7911616,-122.4171865,http://www.thewreckroomsf.com/,+1 415 932 6715,Mo-Sa 16:00-02:00; Su 10:00-02:00,,,,,,,,no,,1390,California Street,,,,,,,"{""addr:housenumber"":""1390"",""addr:street"":""California Street"",""amenity"":""bar"",""indoor_seating"":""yes"",""name"":""Wreck Room"",""opening_hours"":""Mo-Sa 16:00-02:00; Su 10:00-02:00"",""outdoor_seating"":""no"",""phone"":""+1 415 932 6715"",""website"":""http://www.thewreckroomsf.com/""}"
2026-10-02T15:01:21Z,100023,San Francisco,CA,node,1616322282,Dimples,bar,37.7856379,-122.4302408,,,,,,,,,,,,,1700,Post Street,,,,,,,"{""addr:housenumber"":""1700"",""addr:street"":""Post Street"",""amenity"":""bar"",""description"":""Karaoke Bar"",""level"":""-1"",""name"":""Dimples"",""name:ko"":""딤플""}"
2026-10-02T15:01:21Z,100023,San Francisco,CA,node,1616322287,Club Mari's / Mogura,bar,37.7851137,-122.4321864,,+1 415 6735636,,,,,yes,,,,,,1825,Webster Street,,,,,,,"{""addr:housenumber"":""1825"",""addr:street"":""Webster Street"",""addr:unit"":""B"",""amenity"":""bar"",""description"":""Sake bar"",""karaoke"":""yes"",""level"":""0;1"",""name"":""Club Mari's / Mogura"",""note"":""Karaoke bar"",""phone"":""+1 415 6735636"",""smoking"":""no""}"
2026-10-02T15:01:21Z,100023,San Francisco,CA,node,1617288110,Sutter Station Tavern,bar,37.7898697,-122.4009729,https://sutterstationtavern.com,+1 415-434-4768,Mo-Sa 11:00-02:00,,,,,,,,,,554,Market Street,,,,,,2026-05-14,"{""addr:housenumber"":""554"",""addr:street"":""Market Street"",""amenity"":""bar"",""atm"":""yes"",""check_date"":""2026-05-14"",""email"":""info@sutterstationtavern.com"",""level"":""0"",""name"":""Sutter Station Tavern"",""opening_hours"":""Mo-Sa 11:00-02:00"",""phone"":""+1 415-434-4768"",""short_name"":""Sutter Station"",""smoking"":""no"",""website"":""https://sutterstationtavern.com"",""wheelchair"":""limited""}"
2026-10-02T15:01:21Z,100023,San Francisco,CA,node,1617351128,Long Weekend Havana,bar,37.7977824,-122.4062868,,,,,,,,,,,,,270,Columbus Avenue,,,,,,,"{""addr:housenumber"":""270"",""addr:street"":""Columbus Avenue"",""amenity"":""bar"",""name"":""Long Weekend Havana""}"
2026-10-02T15:01:21Z,100023,San Francisco,CA,node,1618687933,Trad'r Sam,bar,37.7802406,-122.485657,,+1 415-221-0773,,,,,,,,,no,,6150,Geary Boulevard,San Francisco,CA,94121,,,2026-07-20,"{""addr:city"":""San Francisco"",""addr:country"":""US"",""addr:housenumber"":""6150"",""addr:postcode"":""94121"",""addr:state"":""CA"",""addr:street"":""Geary Boulevard"",""amenity"":""bar"",""check_date"":""2026-07-20"",""internet_access"":""wlan"",""internet_access:fee"":""customers"",""name"":""Trad'r Sam"",""outdoor_seating"":""no"",""payment:cards"":""no"",""payment:cash"":""yes"",""payment:credit_cards"":""no"",""payment:debit_cards"":""no"",""phone"":""+1 415-221-0773"",""theme"":""tiki""}"
2026-10-02T15:01:21Z,100023,San Francisco,CA,node,1626468365,620 Jones,bar,37.7870952,-122.4128807,https://620-jones.com/,+1 415 8452257,"Su 11:00-16:00; Mo off; Tu,We 16:00-22:00; Th 16:00-23:00; Fr 16:00-24:00; Sa 11:00-24:00",,,,,,,,yes,,620,Jones Street,,,94102,,,,"{""addr:housenumber"":""620"",""addr:postcode"":""94102"",""addr:street"":""Jones Street"",""amenity"":""bar"",""cocktails"":""yes"",""contact:facebook"":""620Jones"",""contact:instagram"":""620jones"",""dog"":""yes"",""name"":""620 Jones"",""opening_hours"":""Su 11:00-16:00; Mo off; Tu,We 16:00-22:00; Th 16:00-23:00; Fr 16:00-24:00; Sa 11:00-24:00"",""opening_hours:url"":""https://620-jones.com/"",""outdoor_seating"":""yes"",""phone"":""+1 415 8452257"",""website"":""https://620-jones.com/"",""website:menu"":""https://620-jones.com/menu/""}"
2026-10-02T15:01:21Z,100023,San Francisco,CA,node,1649867191,Wildhawk,bar,37.7602548,-122.4207752,https://www.lexingtonclub.com/,,,,,,,,,,,,3464,19th Street,,,94110,,,,"{""addr:housenumber"":""3464"",""addr:postcode"":""94110"",""addr:street"":""19th Street"",""amenity"":""bar"",""name"":""Wildhawk"",""website"":""https://www.lexingtonclub.com/"",""wikidata"":""Q19647866""}"
2026-10-02T15:01:21Z,100023,San Francisco,CA,node,1676994251,Executive Order,bar,37.7832783,-122.4060429,,,,,,,,,,,,,,,,,,,,2022-11-12,"{""amenity"":""bar"",""capacity"":""227"",""check_date"":""2022-11-12"",""name"":""Executive Order""}"
2026-10-02T15:01:21Z,100023,San Francisco,CA,node,1680714458,Otherwise Brewing,pub,37.7998739,-122.4073409,https://www.otherwisebrewing.com/taproom#menu,,,,,,,,,,,,1402,Grant Avenue,San Francisco,CA,,,,2022-02-07,"{""addr:city"":""San Francisco"",""addr:country"":""US"",""addr:housenumber"":""1402"",""addr:state"":""CA"",""addr:street"":""Grant Avenue"",""amenity"":""pub"",""check_date"":""2022-02-07"",""internet_access"":""wlan"",""name"":""Otherwise Brewing"",""website"":""https://www.otherwisebrewing.com/taproom#menu""}"
2026-10-02T15:01:21Z,100023,San Francisco,CA,node,1713269598,The Dubliner,pub,37.7517359,-122.4283147,,,,,,,,,,,,,3838,24th Street,San Francisco,,,,,,"{""addr:city"":""San Francisco"",""addr:housenumber"":""3838"",""addr:street"":""24th Street"",""amenity"":""pub"",""name"":""The Dubliner""}"
2026-10-02T15:01:21Z,100023,San Francisco,CA,node,1713269625,The Valley Tavern,pub,37.7514698,-122.4331353,,,,,,,,,,,,,4054,24th Street,San Francisco,CA,94114,,,,"{""addr:city"":""San Francisco"",""addr:housenumber"":""4054"",""addr:postcode"":""94114"",""addr:state"":""CA"",""addr:street"":""24th Street"",""amenity"":""pub"",""name"":""The Valley Tavern"",""smoking"":""isolated""}"
2026-10-02T15:01:21Z,100023,San Francisco,CA,node,1713269638,The Peaks,pub,37.7509873,-122.4342405,,,,,,,,,,,,,1316,Castro Street,,,,,,,"{""addr:housenumber"":""1316"",""addr:street"":""Castro Street"",""amenity"":""pub"",""name"":""The Peaks"",""postal_code"":""94114"",""wheelchair"":""limited""}"
2026-10-02T15:01:21Z,100023,San Francisco,CA,node,1777418695,International Sports Club,bar,37.8038977,-122.4151415,,,,,,,,,,,,,1000,Columbus Avenue,San Francisco,CA,94133,,,,"{""addr:city"":""San Francisco"",""addr:housenumber"":""1000"",""addr:postcode"":""94133"",""addr:state"":""CA"",""addr:street"":""Columbus Avenue"",""amenity"":""bar"",""name"":""International Sports Club""}"
2026-10-02T15:01:21Z,100023,San Francisco,CA,node,1784908622,Fly Bar & Restaurant,bar,37.7767623,-122.4379485,https://flybarandrestaurant.com/sf/,,,,,,,,,,,,762,Divisadero Street,San Francisco,CA,94117,,,2025-11-19,"{""addr:city"":""San Francisco"",""addr:country"":""US"",""addr:housenumber"":""762"",""addr:postcode"":""94117"",""addr:state"":""CA"",""addr:street"":""Divisadero Street"",""amenity"":""bar"",""check_date"":""2025-11-19"",""name"":""Fly Bar & Restaurant"",""website"":""https://flybarandrestaurant.com/sf/"",""wifi"":""no""}"
2026-10-02T15:01:21Z,100023,San Francisco,CA,node,1788820322,Cat Club,nightclub,37.7753288,-122.4098955,https://www.sfcatclub.com,+1 415-703-8965,,,,,,,,,,,1190,Folsom Street,San Francisco,CA,94103,,,2026-04-17,"{""addr:city"":""San Francisco"",""addr:housenumber"":""1190"",""addr:postcode"":""94103"",""addr:state"":""CA"",""addr:street"":""Folsom Street"",""amenity"":""nightclub"",""check_date"":""2026-04-17"",""contact:facebook"":""imsinr"",""contact:flickr"":""https://www.flickr.com/photos/sfcatclub/sets/"",""contact:instagram"":""sfcatclubofficial"",""contact:twitter"":""sfcatclub"",""email"":""info@sfcatclub.com"",""level"":""0"",""name"":""Cat Club"",""phone"":""+1 415-703-8965"",""website"":""https://www.sfcatclub.com"",""website:calendar"":""https://www.sfcatclub.com/calendar"",""wheelchair"":""yes""}"
2026-10-02T15:01:21Z,100023,San Francisco,CA,node,1805750179,Southern Pacific Brewing,pub,37.7601311,-122.4139896,https://www.southernpacificbrewing.com/,+1-415-341-0152,,,,,,,,,,,620,Treat Avenue,San Francisco,CA,94110,,,2023-02-09,"{""addr:city"":""San Francisco"",""addr:housenumber"":""620"",""addr:postcode"":""94110"",""addr:state"":""CA"",""addr:street"":""Treat Avenue"",""amenity"":""pub"",""check_date"":""2023-02-09"",""craft"":""brewery"",""internet_access"":""wlan"",""internet_access:fee"":""customers"",""name"":""Southern Pacific Brewing"",""payment:mastercard"":""yes"",""payment:visa"":""yes"",""phone"":""+1-415-341-0152"",""product"":""food"",""website"":""https://www.southernpacificbrewing.com/"",""wheelchair"":""limited""}"
2026-10-02T15:01:21Z,100023,San Francisco,CA,node,1806978712,Bar Agricole,bar,37.7712823,-122.4130526,https://baragricole.com/,+1 415 355 9400,Su-We 17:30-22:00; Th-Sa 17:30-23:00,,,,,,,,,,355,11th Street,,,94103,,,,"{""addr:housenumber"":""355"",""addr:postcode"":""94103"",""addr:street"":""11th Street"",""amenity"":""bar"",""email"":""info@baragricole.com"",""name"":""Bar Agricole"",""opening_hours"":""Su-We 17:30-22:00; Th-Sa 17:30-23:00"",""phone"":""+1 415 355 9400"",""website"":""https://baragricole.com/""}"
2026-10-02T15:01:21Z,100023,San Francisco,CA,node,1819811597,Scarlet Lounge,bar,37.7831179,-122.4638239,,,Mo-Fr 16:00+; Sa-Su 12:00+,16:00-19:00,,,,,,,,,408,Clement Street,,,,,,2026-03-13,"{""addr:housenumber"":""408"",""addr:street"":""Clement Street"",""amenity"":""bar"",""check_date"":""2026-03-13"",""happy_hours"":""16:00-19:00"",""level"":""0"",""name"":""Scarlet Lounge"",""opening_hours"":""Mo-Fr 16:00+; Sa-Su 12:00+"",""wheelchair"":""yes""}"
2026-10-02T15:01:21Z,100023,San Francisco,CA,node,1819811599,The Bitter End,pub,37.7828409,-122.4640435,,,,,,,,,,,,,,Clement Street,,,,,,2026-03-13,"{""addr:street"":""Clement Street"",""amenity"":""pub"",""check_date"":""2026-03-13"",""level"":""0"",""name"":""The Bitter End"",""wheelchair"":""limited""}"
2026-10-02T15:01:21Z,100023,San Francisco,CA,node,1839527429,Make Out Room,bar,37.7553007,-122.419366,,,,,,,,,,,,,3225,22nd Street,,,,,,,"{""addr:housenumber"":""3225"",""addr:street"":""22nd Street"",""amenity"":""bar"",""name"":""Make Out Room""}"
2026-10-02T15:01:21Z,100023,San Francisco,CA,node,1844653896,Zombie Village,bar,37.785513,-122.413076,https://www.thezombievillage.com/,+1 415 4742284,"Su,Mo-Tu off; We 17:00-24:00; Th-Sa 17:00-26:00",,,,,,,,,tiki_bar,441,Jones Street,San Francisco,,,,,,"{""addr:city"":""San Francisco"",""addr:housenumber"":""441"",""addr:street"":""Jones Street"",""alt_name"":""The Zombie Village"",""amenity"":""bar"",""cocktails"":""yes"",""contact:facebook"":""thezombievillage"",""contact:instagram"":""thezombievillage"",""cuisine"":""tiki_bar"",""description"":""Tiki bar"",""drink:wine"":""no"",""email"":""host@thezombievillage.com"",""food"":""no"",""name"":""Zombie Village"",""old_name"":""Tradition"",""opening_hours"":""Su,Mo-Tu off; We 17:00-24:00; Th-Sa 17:00-26:00"",""opening_hours:url"":""https://www.thezombievillage.com/"",""phone"":""+1 415 4742284"",""reservation"":""yes"",""theme"":""tiki"",""website"":""https://www.thezombievillage.com/""}"
2026-10-02T15:01:21Z,100023,San Francisco,CA,node,1844915443,Press Club,bar,37.7859991,-122.4044428,https://pressclubsf.com/,+1 415 744 5000,Mo-Th 16:00-22:00; Fr 16:00+; Sa 14:00+; Su closed,,,,,,,,no,,20,Yerba Buena Lane,,,,,,2024-10-24,"{""addr:housenumber"":""20"",""addr:street"":""Yerba Buena Lane"",""amenity"":""bar"",""check_date"":""2024-10-24"",""indoor_seating"":""yes"",""name"":""Press Club"",""opening_hours"":""Mo-Th 16:00-22:00; Fr 16:00+; Sa 14:00+; Su closed"",""outdoor_seating"":""no"",""phone"":""+1 415 744 5000"",""website"":""https://pressclubsf.com/"",""wheelchair"":""yes""}"
2026-10-02T15:01:21Z,100023,San Francisco,CA,node,1880217201,Azucar Lounge,pub,37.7739747,-122.411637,,,,,,,,,,,,,299,9th Street,San Francisco,,94103,,,2026-04-17,"{""addr:city"":""San Francisco"",""addr:housenumber"":""299"",""addr:postcode"":""94103"",""addr:street"":""9th Street"",""amenity"":""pub"",""check_date"":""2026-04-17"",""name"":""Azucar Lounge"",""wheelchair"":""yes""}"
2026-10-02T15:01:21Z,100023,San Francisco,CA,node,1914749996,Holy Water,bar,37.7393191,-122.4182831,https://holywatersf.com/,+1 415 5708916,Mo-Su 15:00+,,,,,,,various,no,,309,Cortland Avenue,San Francisco,CA,94110,,,2026-06-09,"{""addr:city"":""San Francisco"",""addr:housenumber"":""309"",""addr:postcode"":""94110"",""addr:state"":""CA"",""addr:street"":""Cortland Avenue"",""amenity"":""bar"",""brewery"":""various"",""check_date"":""2026-06-09"",""cocktails"":""yes"",""contact:facebook"":""holywater.sf"",""contact:instagram"":""holywatersf"",""drink:beer"":""yes"",""email"":""info@holywatersf.com"",""name"":""Holy Water"",""opening_hours"":""Mo-Su 15:00+"",""opening_hours:url"":""https://holywatersf.com/"",""outdoor_seating"":""no"",""payment:cash"":""yes"",""payment:credit_cards"":""yes"",""phone"":""+1 415 5708916"",""website"":""https://holywatersf.com/"",""website:menu"":""https://holywatersf.com/menus"",""wheelchair"":""yes""}"
2026-10-02T15:01:21Z,100023,San Francisco,CA,node,1940405912,Ireland's 32,pub,37.7813471,-122.4614374,,,,,,,,,,,,,,,,,,,,2023-04-12,"{""amenity"":""pub"",""check_date"":""2023-04-12"",""name"":""Ireland's 32""}"
2026-10-02T15:01:21Z,100023,San Francisco,CA,node,1940798155,Love + Propaganda,nightclub,37.788933,-122.4066607,https://www.loveandpropaganda.com/,,"Fr,Sa 21:30-26:00 || ""Open during special events""",,,,,,,,,,85,Campton Place,San Francisco,CA,94108,,,2022-05-10,"{""addr:city"":""San Francisco"",""addr:housenumber"":""85"",""addr:postcode"":""94108"",""addr:state"":""CA"",""addr:street"":""Campton Place"",""alt_name"":""Love and Propaganda"",""amenity"":""nightclub"",""check_date"":""2022-05-10"",""contact:facebook"":""loveandpropaganda"",""contact:instagram"":""love_propaganda"",""contact:twitter"":""Luv_Propaganda"",""email"":""info@loveandpropaganda.com"",""name"":""Love + Propaganda"",""old_name"":""Vessel"",""opening_hours"":""Fr,Sa 21:30-26:00 || \""Open during special events\"""",""opening_hours:url"":""https://www.loveandpropaganda.com/about/"",""website"":""https://www.loveandpropaganda.com/""}"
2026-10-02T15:01:21Z,100023,San Francisco,CA,node,1982439159,The Pig & Whistle,pub,37.782045,-122.4491653,,+1 415-885-4779,11:30-02:00,,,,,,no,yes,,fish_and_chips;british,2801,Geary Boulevard,,,94118,,,2025-04-26,"{""addr:housenumber"":""2801"",""addr:postcode"":""94118"",""addr:street"":""Geary Boulevard"",""air_conditioning"":""yes"",""amenity"":""pub"",""brewery"":""yes"",""check_date"":""2025-04-26"",""cocktails"":""yes"",""cuisine"":""fish_and_chips;british"",""drink:beer"":""served"",""food"":""yes"",""microbrewery"":""no"",""name"":""The Pig & Whistle"",""opening_hours"":""11:30-02:00"",""opening_hours:kitchen"":""11:30-22:00"",""payment:credit_cards"":""yes"",""phone"":""+1 415-885-4779"",""wheelchair"":""limited"",""wheelchair:description"":""A sign says the wheelchair entrance is on the side""}"
2026-10-02T15:01:21Z,100023,San Francisco,CA,node,2026996037,Pink Elephant,bar,37.7867615,-122.4004371,http://www.sfalibi.com/,+1 415 857 4142,,,,,,,,,yes,,142,Minna Street,San Francisco,CA,94105,,,2023-04-30,"{""addr:city"":""San Francisco"",""addr:housenumber"":""142"",""addr:postcode"":""94105"",""addr:state"":""CA"",""addr:street"":""Minna Street"",""amenity"":""bar"",""check_date"":""2023-04-30"",""name"":""Pink Elephant"",""outdoor_seating"":""yes"",""phone"":""+1 415 857 4142"",""website"":""http://www.sfalibi.com/"",""wheelchair"":""yes""}"
2026-10-02T15:01:21Z,100023,San Francisco,CA,node,2054109855,Rocks Den,bar,37.7272028,-122.4327193,,,,,,,,,,,,,,,,,,,,,"{""amenity"":""bar"",""name"":""Rocks Den""}"
2026-10-02T15:01:21Z,100023,San Francisco,CA,node,2054109906,Pissed Off Pete's,bar,37.7255163,-122.4343609,,,,,,,,,,,,,,,,,,,,,"{""amenity"":""bar"",""name"":""Pissed Off Pete's""}"
2026-10-02T15:01:21Z,100023,San Francisco,CA,node,2054130299,St. Mary's Pub,pub,37.7354739,-122.4245037,https://www.stmaryspub.com/,+1 415-529-1325,Mo-Fr 15:00-02:00; Sa-Su 12:00-02:00,,,,,,,,,,3845,Mission Street,,,,,,,"{""addr:housenumber"":""3845"",""addr:street"":""Mission Street"",""amenity"":""pub"",""name"":""St. Mary's Pub"",""opening_hours"":""Mo-Fr 15:00-02:00; Sa-Su 12:00-02:00"",""phone"":""+1 415-529-1325"",""website"":""https://www.stmaryspub.com/"",""wheelchair"":""yes""}"
2026-10-02T15:01:21Z,100023,San Francisco,CA,node,2069104070,The Liberties,bar,37.7552542,-122.4233571,,,,,,,,,,,,,998,Guerrero Street,San Francisco,,,,,,"{""addr:city"":""San Francisco"",""addr:housenumber"":""998"",""addr:street"":""Guerrero Street"",""amenity"":""bar"",""name"":""The Liberties""}"
2026-10-02T15:01:21Z,100023,San Francisco,CA,node,2071647991,Tonga Room & Hurricane Bar,bar,37.792141,-122.410008,https://www.fairmont.com/san-francisco/dining/tonga-room-hurricane-bar/,+1 415 7725000,Th 17:00-22:00; Fr-Sa 17:00-23:00,,,,,,,,,,950,Mason Street,San Francisco,CA,,,,,"{""addr:city"":""San Francisco"",""addr:housenumber"":""950"",""addr:state"":""CA"",""addr:street"":""Mason Street"",""amenity"":""bar"",""cocktails"":""yes"",""dinner"":""Th 17:00-21:00;Fr-Sa 17:00-22:00"",""email"":""tongaroom@fairmont.com"",""fax"":""+1 415 7725013"",""name"":""Tonga Room & Hurricane Bar"",""opening_hours"":""Th 17:00-22:00; Fr-Sa 17:00-23:00"",""opening_hours:url"":""https://www.fairmont.com/san-francisco/dining/tonga-room-hurricane-bar/"",""phone"":""+1 415 7725000"",""theme"":""tiki"",""website"":""https://www.fairmont.com/san-francisco/dining/tonga-room-hurricane-bar/"",""wikidata"":""Q7820969"",""wikimedia_commons"":""File:Cmglee Tonga Room and Hurricane Bar.jpg"",""wikipedia"":""en:Tonga Room""}"
2026-10-02T15:01:21Z,100023,San Francisco,CA,node,2115332564,Mezzanine,nightclub,37.782532,-122.408065,https://mezzaninesf.com/,+1-415-625-8880,,,,,,,,,,,444,Jessie Street,San Francisco,,94103,,,,"{""addr:city"":""San Francisco"",""addr:housenumber"":""444"",""addr:postcode"":""94103"",""addr:street"":""Jessie Street"",""amenity"":""nightclub"",""name"":""Mezzanine"",""phone"":""+1-415-625-8880"",""website"":""https://mezzaninesf.com/""}"
2026-10-02T15:01:21Z,100023,San Francisco,CA,node,2131702647,Homestead,bar,37.7604101,-122.4146785,,+1-415-282-4663,Su-Th 15:00-23:00; Fr-Sa 15:00-02:00,,,,,,,,,,,,,,,,,2026-04-17,"{""amenity"":""bar"",""check_date"":""2026-04-17"",""name"":""Homestead"",""opening_hours"":""Su-Th 15:00-23:00; Fr-Sa 15:00-02:00"",""phone"":""+1-415-282-4663""}"
2026-10-02T15:01:21Z,100023,San Francisco,CA,node,2166014681,Monroe San Francisco,bar,37.7979623,-122.4049362,https://www.monroesf.com/,+1 415-772-9002,,,,,,,,,,,,,,,,,,,"{""amenity"":""bar"",""email"":""Payamarvin@gmail.com"",""name"":""Monroe San Francisco"",""phone"":""+1 415-772-9002"",""website"":""https://www.monroesf.com/""}"
2026-10-02T15:01:21Z,100023,San Francisco,CA,node,2166014723,Paname,nightclub,37.7978277,-122.4059423,,,,,,,,,,,,,523,Broadway,San Francisco,CA,94113,,,,"{""addr:city"":""San Francisco"",""addr:housenumber"":""523"",""addr:postcode"":""94113"",""addr:state"":""CA"",""addr:street"":""Broadway"",""amenity"":""nightclub"",""name"":""Paname"",""was:amenity"":""restaurant"",""was:cuisine"":""indian"",""was:name"":""Urban Curry""}"
2026-10-02T15:01:21Z,100023,San Francisco,CA,node,2167447455,Bullitt,bar,37.7970951,-122.4221642,https://www.bullittsf.com/,+1 415-268-0140,Mo-Th 15:00-02:00; Fr-Su 11:00-02:00,,,,,,,,,,,,,,,,,,"{""amenity"":""bar"",""email"":""bullitt2209@gmail.com"",""name"":""Bullitt"",""opening_hours"":""Mo-Th 15:00-02:00; Fr-Su 11:00-02:00"",""phone"":""+1 415-268-0140"",""website"":""https://www.bullittsf.com/""}"
2026-10-02T15:01:21Z,100023,San Francisco,CA,node,2167562335,Rouge Night Club,nightclub,37.796061,-122.422028,,,"Mo, We, Th 11:30-23:30; Tu 11:30-00:00; Fr 11:30-02:00; Sa 10:30-02:00; Su 10:30-22:00",,,,,,,,,,,,,,,,,,"{""amenity"":""nightclub"",""email"":""VIP@RougeSF.com"",""email_1"":""Crispytaco@sbcglobal.net"",""name"":""Rouge Night Club"",""opening_hours"":""Mo, We, Th 11:30-23:30; Tu 11:30-00:00; Fr 11:30-02:00; Sa 10:30-02:00; Su 10:30-22:00""}"
2026-10-02T15:01:21Z,100023,San Francisco,CA,node,2240839554,Candlestick Park Sports Bar,bar,37.7784531,-122.392018,https://www.candlestickbarsf.com/,,,,,,,,,,,,747,3rd Street,,CA,,,,,"{""addr:housenumber"":""747"",""addr:state"":""CA"",""addr:street"":""3rd Street"",""amenity"":""bar"",""name"":""Candlestick Park Sports Bar"",""website"":""https://www.candlestickbarsf.com/""}"
2026-10-02T15:01:21Z,100023,San Francisco,CA,node,2240869181,Lava Restaurant & Lounge,bar,37.7806466,-122.3964816,,,,,,,,,,,,,527,Bryant Street,,,,,,2026-07-07,"{""addr:housenumber"":""527"",""addr:street"":""Bryant Street"",""amenity"":""bar"",""check_date"":""2026-07-07"",""min_age"":""21"",""name"":""Lava Restaurant & Lounge""}"
2026-10-02T15:01:21Z,100023,San Francisco,CA,node,2240869184,58 Social,bar,37.7778936,-122.3910462,https://www.publichousesf.com/,,,,,,,,,,,,24,Willie Mays Plaza,,,,,,,"{""addr:housenumber"":""24"",""addr:street"":""Willie Mays Plaza"",""amenity"":""bar"",""name"":""58 Social"",""website"":""https://www.publichousesf.com/"",""wheelchair"":""yes""}"
2026-10-02T15:01:21Z,100023,San Francisco,CA,node,2248286001,The Occidental Cigar Club,bar,37.7916682,-122.4036534,http://occidentalcigarclub.com/,+1 415 8340485,Mo-Fr 12:00-25:00; Sa-Su 16:00-25:00,,,,,,,,,,471,Pine Street,San Francisco,CA,,,,,"{""addr:city"":""San Francisco"",""addr:country"":""US"",""addr:housenumber"":""471"",""addr:state"":""CA"",""addr:street"":""Pine Street"",""amenity"":""bar"",""contact:facebook"":""The-Occidental-Cigar-Club-400173196706405"",""contact:instagram"":""theoccidentalcigarclub"",""contact:twitter"":""SFCigarClub"",""contact:yelp"":""https://www.yelp.com/biz/the-occidental-cigar-club-san-francisco"",""email"":""info@OccidentalCigarClub.com"",""name"":""The Occidental Cigar Club"",""opening_hours"":""Mo-Fr 12:00-25:00; Sa-Su 16:00-25:00"",""phone"":""+1 415 8340485"",""website"":""http://occidentalcigarclub.com/""}"
2026-10-02T15:01:21Z,100023,San Francisco,CA,node,2249504566,Irish Bank,pub,37.7904363,-122.404722,https://www.theirishbank.com/,+1 415 7887152,"Su,Mo,Tu 11:30-23:00; We,Th 11:30-00:00; Fr,Sa 11:30-02:00",,,,,,,,yes,,10,Mark Lane,San Francisco,CA,,,,2025-04-03,"{""addr:city"":""San Francisco"",""addr:housenumber"":""10"",""addr:state"":""CA"",""addr:street"":""Mark Lane"",""amenity"":""pub"",""check_date"":""2025-04-03"",""contact:facebook"":""The-Irish-Bank-57687294378"",""contact:instagram"":""irishbank"",""email"":""theirishbank@yahoo.com"",""food"":""yes"",""name"":""Irish Bank"",""note"":""Sandwich board outside says 11:30am to 2am every day, but it seems odd they'd be open more than before Covid."",""opening_hours"":""Su,Mo,Tu 11:30-23:00; We,Th 11:30-00:00; Fr,Sa 11:30-02:00"",""opening_hours:kitchen"":""Mo-Su 11:30-22:45"",""opening_hours:url"":""https://www.theirishbank.com"",""outdoor_seating"":""yes"",""phone"":""+1 415 7887152"",""smoking"":""no"",""website"":""https://www.theirishbank.com/""}"
2026-10-02T15:01:21Z,100023,San Francisco,CA,node,2249505215,Murphy's,pub,37.7900928,-122.4040639,,,"Su,Mo off; Tu-Fr 12:00-22:00; Sa 14:00-22:00",,,,,,,,no,burger;fish_and_chips,,Kearny Street,,,,,,2022-03-09,"{""addr:street"":""Kearny Street"",""alt_name"":""Murphy's Pub"",""amenity"":""pub"",""check_date"":""2022-03-09"",""cuisine"":""burger;fish_and_chips"",""indoor_seating"":""yes"",""name"":""Murphy's"",""opening_hours"":""Su,Mo off; Tu-Fr 12:00-22:00; Sa 14:00-22:00"",""opening_hours:signed"":""yes"",""outdoor_seating"":""no"",""wheelchair"":""limited""}"
2026-10-02T15:01:21Z,100023,San Francisco,CA,node,2249505473,The Summer Place,bar,37.7898391,-122.4105921,https://thesummerplacesf.com/,,"Mo-Fr 17:00-26:00; Sa,Su 12:00-26:00",,,,,,,,,,801,Bush Street,San Francisco,,94108,,,2023-07-10,"{""addr:city"":""San Francisco"",""addr:housenumber"":""801"",""addr:postcode"":""94108"",""addr:street"":""Bush Street"",""amenity"":""bar"",""check_date"":""2023-07-10"",""cocktails"":""yes"",""contact:facebook"":""The-Summer-Place-Bar-102270325791700"",""contact:instagram"":""thesummerplacebar"",""email"":""hello@thesummerplacesf.com"",""name"":""The Summer Place"",""opening_hours"":""Mo-Fr 17:00-26:00; Sa,Su 12:00-26:00"",""opening_hours:url"":""https://thesummerplacesf.com/"",""smoking"":""no"",""website"":""https://thesummerplacesf.com/"",""wheelchair"":""yes""}"
2026-10-02T15:01:21Z,100023,San Francisco,CA,node,2250378561,Tope,bar,37.8001651,-122.4073582,http://www.topesf.com/,,,,,,,,,,,,1326,Grant Avenue,,,,+1 415-793-2120,,,"{""addr:housenumber"":""1326"",""addr:street"":""Grant Avenue"",""amenity"":""bar"",""name"":""Tope"",""source"":""+1 415-793-2120"",""website"":""http://www.topesf.com/""}"
2026-10-02T15:01:21Z,100023,San Francisco,CA,node,2253031247,Cinnabar,bar,37.7847871,-122.4126504,,,,,,,,,,,no,,397,Ellis Street,San Francisco,CA,,,,,"{""addr:city"":""San Francisco"",""addr:housenumber"":""397"",""addr:state"":""CA"",""addr:street"":""Ellis Street"",""amenity"":""bar"",""name"":""Cinnabar"",""outdoor_seating"":""no""}"
2026-10-02T15:01:21Z,100023,San Francisco,CA,node,2259028667,Shovels Bar,pub,37.7822886,-122.4172138,https://shovelsbar.com/,+1 415 8298979,,,,,,,,,,burger;hot_dog,460,Larkin Street,San Francisco,CA,,,,,"{""addr:city"":""San Francisco"",""addr:housenumber"":""460"",""addr:state"":""CA"",""addr:street"":""Larkin Street"",""amenity"":""pub"",""contact:facebook"":""Shovels-Bar-101124368167456"",""cuisine"":""burger;hot_dog"",""diet:vegan"":""yes"",""diet:vegetarian"":""yes"",""drink:beer"":""yes"",""drink:whisky"":""yes"",""food"":""yes"",""indoor_seating"":""yes"",""name"":""Shovels Bar"",""opening_hours:url"":""Mo-Su 12:00-22:00"",""phone"":""+1 415 8298979"",""sport"":""billiards"",""website"":""https://shovelsbar.com/"",""website:calendar"":""http://shovelsbar.com/shovels-calendar/"",""website:menu"":""https://shovelsbar.com/menu/""}"
2026-10-02T15:01:21Z,100023,San Francisco,CA,node,2287521548,Murio's Trophy Room,bar,37.7692181,-122.4522109,,,,,,,,,,,,,1811,Haight Street,,,,,,2026-03-11,"{""addr:housenumber"":""1811"",""addr:street"":""Haight Street"",""amenity"":""bar"",""check_date"":""2026-03-11"",""level"":""0"",""name"":""Murio's Trophy Room"",""wheelchair"":""yes""}"
2026-10-02T15:01:21Z,100023,San Francisco,CA,node,2287535863,Bistro Gambrinus,pub,37.7756308,-122.446947,beerandgrill.com,+1 415-221-7777,15:00-22:00,,,,,,,,,,1813,Fulton Street,,,94117,,,2026-06-09,"{""addr:housenumber"":""1813"",""addr:postcode"":""94117"",""addr:street"":""Fulton Street"",""amenity"":""pub"",""check_date"":""2026-06-09"",""level"":""0"",""name"":""Bistro Gambrinus"",""opening_hours"":""15:00-22:00"",""phone"":""+1 415-221-7777"",""website"":""beerandgrill.com"",""wheelchair"":""yes""}"
2026-10-02T15:01:21Z,100023,San Francisco,CA,node,2294919268,St. Regis Hotel Lobby Bar,bar,37.7860568,-122.4013648,,,,,,,,,,,,,125,3rd Street,San Francisco,,94105,Survey,,,"{""addr:city"":""San Francisco"",""addr:housenumber"":""125"",""addr:postcode"":""94105"",""addr:street"":""3rd Street"",""amenity"":""bar"",""name"":""St. Regis Hotel Lobby Bar"",""source"":""Survey"",""wheelchair"":""yes""}"
2026-10-02T15:01:21Z,100023,San Francisco,CA,node,2317662705,El Rio,bar,37.7467497,-122.4193292,https://www.elriosf.com/,+1-415-282-3325,,,,,,,,,,,3158,Mission Street,,,,,,,"{""addr:housenumber"":""3158"",""addr:street"":""Mission Street"",""amenity"":""bar"",""name"":""El Rio"",""phone"":""+1-415-282-3325"",""toilets:wheelchair"":""no"",""website"":""https://www.elriosf.com/"",""wheelchair"":""limited""}"
2026-10-02T15:01:21Z,100023,San Francisco,CA,node,2318141894,QBar,bar,37.7616024,-122.4352611,https://qbar-sf.com/,+1-415-864-2877,,,,,,,,,,,456,Castro Street,San Francisco,CA,94114,,,,"{""addr:city"":""San Francisco"",""addr:housenumber"":""456"",""addr:postcode"":""94114"",""addr:state"":""CA"",""addr:street"":""Castro Street"",""amenity"":""bar"",""lgbtq"":""primary"",""name"":""QBar"",""phone"":""+1-415-864-2877"",""website"":""https://qbar-sf.com/""}"
2026-10-02T15:01:21Z,100023,San Francisco,CA,node,2318141907,Twin Peaks Tavern,bar,37.7624007,-122.434998,https://twinpeakstavern.com/,+1 415-864-9470,,,,,,,,,,,401,Castro Street,San Francisco,CA,94114,,,2022-11-15,"{""addr:city"":""San Francisco"",""addr:housenumber"":""401"",""addr:postcode"":""94114"",""addr:state"":""CA"",""addr:street"":""Castro Street"",""amenity"":""bar"",""check_date"":""2022-11-15"",""lgbtq"":""primary"",""name"":""Twin Peaks Tavern"",""not:brand:wikidata"":""Q7858255"",""phone"":""+1 415-864-9470"",""website"":""https://twinpeakstavern.com/""}"
2026-10-02T15:01:21Z,100023,San Francisco,CA,node,2318141915,Blush! Wine Bar,bar,37.7612906,-122.4352312,https://blushwinebar.com/,+1-415-558-0893,,,,,,,,,,,476,Castro Street,,,94114,,,,"{""addr:housenumber"":""476"",""addr:postcode"":""94114"",""addr:street"":""Castro Street"",""amenity"":""bar"",""name"":""Blush! Wine Bar"",""phone"":""+1-415-558-0893"",""website"":""https://blushwinebar.com/""}"
2026-10-02T15:01:21Z,100023,San Francisco,CA,node,2318159223,Copper,bar,37.7610207,-122.434589,,,,,,,,,,,,,4092,18th Street,,,94114,,,,"{""addr:housenumber"":""4092"",""addr:postcode"":""94114"",""addr:street"":""18th Street"",""amenity"":""bar"",""name"":""Copper"",""wheelchair"":""limited""}"
2026-10-02T15:01:21Z,100023,San Francisco,CA,node,2318796883,The Edge,bar,37.7607436,-122.4359987,https://edgesf.com/,+1-415-863-4027,,,,,,,,,,,4149,18th Street,,,94114,,,2023-06-08,"{""addr:housenumber"":""4149"",""addr:postcode"":""94114"",""addr:street"":""18th Street"",""amenity"":""bar"",""check_date"":""2023-06-08"",""name"":""The Edge"",""phone"":""+1-415-863-4027"",""website"":""https://edgesf.com/""}"
2026-10-02T15:01:21Z,100023,San Francisco,CA,node,2321383079,Toad Hall,bar,37.7609305,-122.4358979,https://toadhallbar.com/,+1-415-621-2811,,,,,,,,,,,4146,18th Street,,,94114,,,,"{""addr:housenumber"":""4146"",""addr:postcode"":""94114"",""addr:street"":""18th Street"",""amenity"":""bar"",""name"":""Toad Hall"",""phone"":""+1-415-621-2811"",""shop"":""yes"",""website"":""https://toadhallbar.com/"",""wheelchair"":""yes""}"
2026-10-02T15:01:21Z,100023,San Francisco,CA,node,2337741914,Raven Bar,bar,37.7757691,-122.4088971,,,"Th,Su 21:00-26:00; Fr-Sa 20:00-26:00",,,,,,,,,,1151,Folsom Street,San Francisco,CA,94103,,,2024-03-31,"{""addr:city"":""San Francisco"",""addr:country"":""US"",""addr:housenumber"":""1151"",""addr:postcode"":""94103"",""addr:state"":""CA"",""addr:street"":""Folsom Street"",""amenity"":""bar"",""check_date"":""2024-03-31"",""name"":""Raven Bar"",""opening_hours"":""Th,Su 21:00-26:00; Fr-Sa 20:00-26:00"",""wheelchair"":""yes""}"
2026-10-02T15:01:21Z,100023,San Francisco,CA,node,2340019960,Cellar Door,pub,37.79842,-122.435945,,,,,,,,,,,,,3131,Fillmore Street,San Francisco,,,,,,"{""addr:city"":""San Francisco"",""addr:housenumber"":""3131"",""addr:street"":""Fillmore Street"",""amenity"":""pub"",""food"":""yes"",""name"":""Cellar Door""}"
2026-10-02T15:01:21Z,100023,San Francisco,CA,node,2343615613,Union Square Sports Bar,bar,37.7846208,-122.409519,,,,,,,,,,,,,115,Mason Street,,,94102,,,,"{""addr:housenumber"":""115"",""addr:postcode"":""94102"",""addr:street"":""Mason Street"",""amenity"":""bar"",""name"":""Union Square Sports Bar""}"
2026-10-02T15:01:21Z,100023,San Francisco,CA,node,2392311612,Pacific Catch,restaurant,37.765762,-122.4663,https://pacificcatch.com/,+1-415-504-6905,,,,,,,,,yes,seafood,1200,9th Avenue,San Francisco,CA,94122,,,2026-07-14,"{""addr:city"":""San Francisco"",""addr:housenumber"":""1200"",""addr:postcode"":""94122"",""addr:state"":""CA"",""addr:street"":""9th Avenue"",""amenity"":""restaurant"",""bar"":""yes"",""check_date"":""2026-07-14"",""cuisine"":""seafood"",""level"":""0"",""name"":""Pacific Catch"",""outdoor_seating"":""yes"",""payment:apple_pay"":""yes"",""phone"":""+1-415-504-6905"",""toilets:access"":""customers"",""website"":""https://pacificcatch.com/"",""wheelchair"":""yes""}"
2026-10-02T15:01:21Z,100023,San Francisco,CA,node,2454979580,The Sycamore,bar,37.762774,-122.4196292,https://www.thesycamoresf.com/,+1-415-252-7704,Mo-Su 11:30-00:00,,,,,,,,,american,2140,Mission Street,San Francisco,,94110,,,,"{""addr:city"":""San Francisco"",""addr:housenumber"":""2140"",""addr:postcode"":""94110"",""addr:street"":""Mission Street"",""amenity"":""bar"",""cuisine"":""american"",""email"":""info@thesycamoresf.com"",""name"":""The Sycamore"",""opening_hours"":""Mo-Su 11:30-00:00"",""phone"":""+1-415-252-7704"",""website"":""https://www.thesycamoresf.com/""}"
2026-10-02T15:01:21Z,100023,San Francisco,CA,node,2538427496,Bender's Bar and Grill,pub,37.7602344,-122.4171637,,,,,,,,,,,,,,,,,,,,,"{""amenity"":""pub"",""bicycle_parking"":""yes"",""diet:vegan"":""yes"",""name"":""Bender's Bar and Grill"",""wheelchair"":""limited""}"
2026-10-02T15:01:21Z,100023,San Francisco,CA,node,2624201223,Hi Tops,pub,37.7649986,-122.4318228,https://hitopsbar.com/san-francisco/,,Mo-We 12:00-00:00; Th-Fr 12:00-02:00; Sa 10:00-02:00; Su 10:00-00:00,,,,,,,,yes,,2247,Market Street,San Francisco,,94114,,,2026-03-29,"{""addr:city"":""San Francisco"",""addr:housenumber"":""2247"",""addr:postcode"":""94114"",""addr:street"":""Market Street"",""amenity"":""pub"",""check_date"":""2026-03-29"",""check_date:opening_hours"":""2026-03-29"",""lgbtq"":""primary"",""name"":""Hi Tops"",""opening_hours"":""Mo-We 12:00-00:00; Th-Fr 12:00-02:00; Sa 10:00-02:00; Su 10:00-00:00"",""outdoor_seating"":""yes"",""website"":""https://hitopsbar.com/san-francisco/""}"
2026-10-02T15:01:21Z,100023,San Francisco,CA,node,2624201225,Bar 49,bar,37.7644304,-122.432524,,,,,,,,,,,,mexican;salvadorean,2295,Market Street,San Francisco,,94114,,,2025-02-10,"{""addr:city"":""San Francisco"",""addr:housenumber"":""2295"",""addr:postcode"":""94114"",""addr:street"":""Market Street"",""amenity"":""bar"",""check_date"":""2025-02-10"",""cuisine"":""mexican;salvadorean"",""name"":""Bar 49""}"
2026-10-02T15:01:21Z,100023,San Francisco,CA,node,2624201230,The Mix,bar,37.7610642,-122.434509,,,,,,,,,,,,,,18th Street,San Francisco,,94114,,,,"{""addr:city"":""San Francisco"",""addr:postcode"":""94114"",""addr:street"":""18th Street"",""amenity"":""bar"",""name"":""The Mix"",""wheelchair"":""yes""}"
2026-10-02T15:01:21Z,100023,San Francisco,CA,node,2627676156,Royal Cuckoo,bar,37.7453905,-122.4202055,,+1-415-550-8667,"Mo-Th 16:00-02:00, Fr,Sa 15:00-02:00",,,,,,,,,,3202,Mission Street,San Francisco,,94110,website,,,"{""addr:city"":""San Francisco"",""addr:housenumber"":""3202"",""addr:postcode"":""94110"",""addr:street"":""Mission Street"",""amenity"":""bar"",""name"":""Royal Cuckoo"",""opening_hours"":""Mo-Th 16:00-02:00, Fr,Sa 15:00-02:00"",""phone"":""+1-415-550-8667"",""source"":""website""}"
2026-10-02T15:01:21Z,100023,San Francisco,CA,node,2629113680,Cervecería de MateVeza,bar,37.761163,-122.4285438,http://cerveceriasf.com/,,"Mo-Fr 15:00-21:00; Sa,Su 12:00-21:00",,,,,,,,,empanada,3801,18th Street,San Francisco,,94114,,,,"{""addr:city"":""San Francisco"",""addr:housenumber"":""3801"",""addr:postcode"":""94114"",""addr:street"":""18th Street"",""amenity"":""bar"",""cuisine"":""empanada"",""name"":""Cervecería de MateVeza"",""opening_hours"":""Mo-Fr 15:00-21:00; Sa,Su 12:00-21:00"",""website"":""http://cerveceriasf.com/""}"
2026-10-02T15:01:21Z,100023,San Francisco,CA,node,2655525665,Goemon Izakaya,bar,37.7815231,-122.4929563,,,,,,,yes,,,,,,3129,Clement Street,San Francisco,,94121,,,2025-10-26,"{""addr:city"":""San Francisco"",""addr:housenumber"":""3129"",""addr:postcode"":""94121"",""addr:street"":""Clement Street"",""amenity"":""bar"",""check_date"":""2025-10-26"",""karaoke"":""yes"",""level"":""0"",""name"":""Goemon Izakaya""}"
2026-10-02T15:01:21Z,100023,San Francisco,CA,node,2657881653,Variety Club Preview Room,bar,37.7896193,-122.4015992,,,,,,,,,,,,,582,Market Street,San Francisco,CA,94104,,,,"{""addr:city"":""San Francisco"",""addr:housename"":""Hobart Building"",""addr:housenumber"":""582"",""addr:postcode"":""94104"",""addr:state"":""CA"",""addr:street"":""Market Street"",""amenity"":""bar"",""name"":""Variety Club Preview Room""}"
2026-10-02T15:01:21Z,100023,San Francisco,CA,node,2698395558,Hi-Lo Club,bar,37.7899499,-122.4206855,https://www.hilosf.com/,,Tu-Su 16:00-24:00,,,,,,,,parklet,,1423,Polk Street,San Francisco,CA,94109,,,,"{""addr:city"":""San Francisco"",""addr:housenumber"":""1423"",""addr:postcode"":""94109"",""addr:state"":""CA"",""addr:street"":""Polk Street"",""amenity"":""bar"",""cocktails"":""yes"",""contact:facebook"":""hilosf"",""contact:instagram"":""sf_hiloclub"",""contact:twitter"":""hilosf"",""drink:beer"":""yes"",""drink:wine"":""yes"",""email"":""hilo.sf@gmail.com"",""indoor_seating"":""yes"",""name"":""Hi-Lo Club"",""opening_hours"":""Tu-Su 16:00-24:00"",""opening_hours:url"":""https://www.hilosf.com/"",""outdoor_seating"":""parklet"",""website"":""https://www.hilosf.com/"",""wheelchair"":""yes""}"
2026-10-02T15:01:21Z,100023,San Francisco,CA,node,2724725641,The PUB@SFSU,bar,37.7221622,-122.4788561,https://www.yelp.com/biz/the-pub-at-sfsu-san-francisco,+1 415-338-3487,Mo-Th 11:30-21:00; Fr 11:30-18:30,,,,,,,,,,1650,Holloway Avenue,San Francisco,CA,94132,,,,"{""addr:city"":""San Francisco"",""addr:country"":""US"",""addr:housename"":""Cesar Chavez Student Center: Lower Conference Level"",""addr:housenumber"":""1650"",""addr:postcode"":""94132"",""addr:state"":""CA"",""addr:street"":""Holloway Avenue"",""addr:unit"":""Suite C-134"",""amenity"":""bar"",""name"":""The PUB@SFSU"",""opening_hours"":""Mo-Th 11:30-21:00; Fr 11:30-18:30"",""phone"":""+1 415-338-3487"",""website"":""https://www.yelp.com/biz/the-pub-at-sfsu-san-francisco"",""wheelchair"":""yes""}"
2026-10-02T15:01:21Z,100023,San Francisco,CA,node,2750810774,Mauna Loa Cocktails,bar,37.7973699,-122.4356968,,,,,,,,,,,,,,Fillmore Street,San Francisco,,94123,,,,"{""addr:city"":""San Francisco"",""addr:postcode"":""94123"",""addr:street"":""Fillmore Street"",""amenity"":""bar"",""name"":""Mauna Loa Cocktails""}"
2026-10-02T15:01:21Z,100023,San Francisco,CA,node,2879135417,The Phone Booth,bar,37.7508668,-122.4162912,,+1-415-648-4683,,,,,,,,,no,,1398,South Van Ness Avenue,San Francisco,CA,94110,,,2025-01-21,"{""addr:city"":""San Francisco"",""addr:housenumber"":""1398"",""addr:postcode"":""94110"",""addr:state"":""CA"",""addr:street"":""South Van Ness Avenue"",""amenity"":""bar"",""atm"":""yes"",""check_date"":""2025-01-21"",""name"":""The Phone Booth"",""outdoor_seating"":""no"",""phone"":""+1-415-648-4683"",""smoking"":""separated""}"
2026-10-02T15:01:21Z,100023,San Francisco,CA,node,2879135420,Pandora Karaoke Bar,bar,37.7841206,-122.4105077,,,,,,,,,,,,,,,,,,,,,"{""amenity"":""bar"",""name"":""Pandora Karaoke Bar"",""smoking"":""no""}"
2026-10-02T15:01:21Z,100023,San Francisco,CA,node,2941409392,Rickhouse,bar,37.7904964,-122.403818,https://www.rickhousebar.com/,+1 415 3982827,"Su,Mo off; Tu,We 16:30-24:00; Th-Sa 16:30-26:00",,,,,,,,no,,246,Kearny Street,San Francisco,CA,94108,,,,"{""addr:city"":""San Francisco"",""addr:housenumber"":""246"",""addr:postcode"":""94108"",""addr:state"":""CA"",""addr:street"":""Kearny Street"",""amenity"":""bar"",""cocktails"":""yes"",""contact:facebook"":""rickhousebar"",""contact:instagram"":""rickhousebar"",""contact:twitter"":""rickhouse"",""email"":""info@rickhousebar.com"",""indoor_seating"":""yes"",""name"":""Rickhouse"",""opening_hours"":""Su,Mo off; Tu,We 16:30-24:00; Th-Sa 16:30-26:00"",""opening_hours:url"":""https://www.rickhousebar.com/"",""outdoor_seating"":""no"",""phone"":""+1 415 3982827"",""smoking"":""no"",""website"":""https://www.rickhousebar.com/""}"
2026-10-02T15:01:21Z,100023,San Francisco,CA,node,2963068433,The Buccaneer,pub,37.7966476,-122.422051,,,,,,,,,,,,,2155,Polk Street,San Francisco,,94109,,,,"{""addr:city"":""San Francisco"",""addr:housenumber"":""2155"",""addr:postcode"":""94109"",""addr:street"":""Polk Street"",""amenity"":""pub"",""name"":""The Buccaneer""}"
2026-10-02T15:01:21Z,100023,San Francisco,CA,node,3018753922,Amélie,bar,37.7931005,-122.421082,,,,,,,,,,,,,1754,Polk Street,San Francisco,,,,,,"{""addr:city"":""San Francisco"",""addr:housenumber"":""1754"",""addr:street"":""Polk Street"",""amenity"":""bar"",""name"":""Amélie""}"
2026-10-02T15:01:21Z,100023,San Francisco,CA,node,3061387376,Local Edition,bar,37.7875747,-122.4032007,https://www.localeditionsf.com/,+1 415 7951375,"Tu-Th 16:30-24:00; Fr 16:30-26:00; Sa 18:00-26:00; Su,Mo off",,,yes,,,,,no,,691,Market Street,San Francisco,,,,,2026-05-14,"{""addr:city"":""San Francisco"",""addr:housenumber"":""691"",""addr:street"":""Market Street"",""amenity"":""bar"",""check_date"":""2026-05-14"",""cocktails"":""yes"",""contact:facebook"":""localeditionsf"",""contact:instagram"":""localeditionsf"",""contact:twitter"":""LocalEditionSf"",""drink:beer"":""yes"",""drink:wine"":""yes"",""email"":""host@localeditionsf.com"",""food"":""no"",""indoor_seating"":""yes"",""level"":""0;-1"",""live_music"":""yes"",""name"":""Local Edition"",""opening_hours"":""Tu-Th 16:30-24:00; Fr 16:30-26:00; Sa 18:00-26:00; Su,Mo off"",""opening_hours:signed"":""no"",""opening_hours:url"":""https://www.localeditionsf.com/"",""outdoor_seating"":""no"",""phone"":""+1 415 7951375"",""reservation"":""yes"",""smoking"":""no"",""website"":""https://www.localeditionsf.com/"",""wheelchair"":""yes"",""wheelchair:description:en"":""There's an elevator available to go downstairs""}"
2026-10-02T15:01:21Z,100023,San Francisco,CA,node,3214153061,Wild Side West,bar,37.7390299,-122.4171535,https://www.wildsidewest.com/,+1-415-647-3099,Mo-Su 14:00-02:00,,,,,,,,,,424,Cortland Avenue,,,94110,,,,"{""addr:housenumber"":""424"",""addr:postcode"":""94110"",""addr:street"":""Cortland Avenue"",""amenity"":""bar"",""name"":""Wild Side West"",""opening_hours"":""Mo-Su 14:00-02:00"",""phone"":""+1-415-647-3099"",""sport"":""billiards"",""website"":""https://www.wildsidewest.com/"",""wikidata"":""Q107371268""}"
2026-10-02T15:01:21Z,100023,San Francisco,CA,node,3275185914,Sunshine Coast: Hookah Fusion Bar,bar,37.7704969,-122.443983,http://sunshinecoastsf.com,+1-415-255-6002,,,,,,,,,,,1312,Haight Street,San Francisco,CA,94117,,,2026-05-22,"{""addr:city"":""San Francisco"",""addr:housenumber"":""1312"",""addr:postcode"":""94117"",""addr:state"":""CA"",""addr:street"":""Haight Street"",""amenity"":""bar"",""check_date"":""2026-05-22"",""level"":""0"",""name"":""Sunshine Coast: Hookah Fusion Bar"",""payment:litecoin"":""yes"",""phone"":""+1-415-255-6002"",""website"":""http://sunshinecoastsf.com"",""wheelchair"":""yes""}"
2026-10-02T15:01:21Z,100023,San Francisco,CA,node,3277728940,Ocean Beach Cafe,cafe,37.7746045,-122.5099813,https://www.oceanbeachcafe.com,,Mo-Tu off; We-Th 11:00-18:00; Fr 11:00-19:00; Sa 09:00-19:00; Su 09:00-18:00,,,,,,,,yes,,734,La Playa Street,San Francisco,CA,94121,,,2025-07-26,"{""addr:city"":""San Francisco"",""addr:housenumber"":""734"",""addr:postcode"":""94121"",""addr:state"":""CA"",""addr:street"":""La Playa Street"",""amenity"":""cafe"",""bar"":""yes"",""check_date"":""2025-07-26"",""diet:chicken"":""yes"",""diet:meat"":""yes"",""diet:mediterranean"":""yes"",""diet:non-vegetarian"":""yes"",""diet:vegan"":""yes"",""diet:vegetarian"":""yes"",""disused:contact:facebook"":""OceanBeachCafeSF"",""disused:contact:instagram"":""ocean.beach.cafe"",""disused:contact:twitter"":""oceanbeachcafe"",""disused:contact:yelp"":""https://www.yelp.com/biz/ocean-beach-cafe-san-francisco-2"",""disused:contact:youtube"":""https://www.youtube.com/c/JoshTheNonAlcoholic"",""disused:email"":""aloha@oceanbeachcafe.com"",""disused:phone"":""+1 415 753 9352"",""disused:website"":""http://www.oceanbeachcafe.com/"",""drive_through"":""no"",""internet_access"":""wlan"",""level"":""0"",""name"":""Ocean Beach Cafe"",""opening_hours"":""Mo-Tu off; We-Th 11:00-18:00; Fr 11:00-19:00; Sa 09:00-19:00; Su 09:00-18:00"",""outdoor_seating"":""yes"",""takeaway"":""yes"",""toilets"":""yes"",""website"":""https://www.oceanbeachcafe.com"",""wheelchair"":""yes""}"
2026-10-02T15:01:21Z,100023,San Francisco,CA,node,3279458748,Asiento,bar,37.7577226,-122.409452,https://asientosf.com/,+1-415-829-3375,Mo-We 17:00-22:00; Th 17:00-23:00; Fr-Sa 17:00-02:00; Su off,,,,,,,,,,2730,21st Street,San Francisco,CA,94110,,,2023-02-09,"{""addr:city"":""San Francisco"",""addr:housenumber"":""2730"",""addr:postcode"":""94110"",""addr:state"":""CA"",""addr:street"":""21st Street"",""amenity"":""bar"",""check_date"":""2023-02-09"",""email"":""info@asientosf.com"",""internet_access"":""wlan"",""internet_access:fee"":""customers"",""name"":""Asiento"",""opening_hours"":""Mo-We 17:00-22:00; Th 17:00-23:00; Fr-Sa 17:00-02:00; Su off"",""payment:litecoin"":""yes"",""payment:mastercard"":""yes"",""payment:visa"":""yes"",""phone"":""+1-415-829-3375"",""website"":""https://asientosf.com/"",""wheelchair"":""yes""}"
2026-10-02T15:01:21Z,100023,San Francisco,CA,node,3376884814,Geneva Pub,bar,37.7141742,-122.4364796,,,,,,,,,,,,,,,,,,,,,"{""amenity"":""bar"",""name"":""Geneva Pub"",""smoking"":""outside""}"
2026-10-02T15:01:21Z,100023,San Francisco,CA,node,3379321525,Nectar Wine Lounge,bar,37.8001664,-122.437654,https://www.nectarwinelounge.com/,+1 415-345-1377,Mo-Th 17:00-22:30;Fr-Sa 17:00-00:00;Su 17:00-22:00,,,,,,,,,,,,,,,,,,"{""amenity"":""bar"",""craft"":""winery"",""name"":""Nectar Wine Lounge"",""opening_hours"":""Mo-Th 17:00-22:30;Fr-Sa 17:00-00:00;Su 17:00-22:00"",""phone"":""+1 415-345-1377"",""website"":""https://www.nectarwinelounge.com/""}"
2026-10-02T15:01:21Z,100023,San Francisco,CA,node,3379996811,Campus - San Francisco,bar,37.8002095,-122.4402624,http://www.campussf.com/,+1-415-896-4110,Mo-Fr 16:00-01:00; Sa 11:00-01:00; Su 10:00-01:00,,,,,,,,,,,,,,,,,,"{""amenity"":""bar"",""name"":""Campus - San Francisco"",""opening_hours"":""Mo-Fr 16:00-01:00; Sa 11:00-01:00; Su 10:00-01:00"",""phone"":""+1-415-896-4110"",""website"":""http://www.campussf.com/""}"
2026-10-02T15:01:21Z,100023,San Francisco,CA,node,3388665493,Gambit Lounge,bar,37.77638,-122.42589,,,,,,,,,no,,yes,,581,Hayes Street,San Francisco,CA,94102,,,2026-06-25,"{""addr:city"":""San Francisco"",""addr:country"":""US"",""addr:housenumber"":""581"",""addr:postcode"":""94102"",""addr:state"":""CA"",""addr:street"":""Hayes Street"",""amenity"":""bar"",""check_date"":""2026-06-25"",""level"":""0"",""microbrewery"":""no"",""name"":""Gambit Lounge"",""old_name"":""Noir Lounge"",""outdoor_seating"":""yes"",""takeaway"":""no"",""wheelchair"":""yes""}"
2026-10-02T15:01:21Z,100023,San Francisco,CA,node,3393396123,Last Drop Tavern,pub,37.7899317,-122.4086344,https://www.lastdroptavernsf.com/,+1 415 9897131,Mo-Su 16:00-26:00,,,,,,,,,wings;burger;fish_and_chips;salad,550,Powell Street,San Francisco,CA,94108,,,2025-04-03,"{""addr:city"":""San Francisco"",""addr:housenumber"":""550"",""addr:postcode"":""94108"",""addr:state"":""CA"",""addr:street"":""Powell Street"",""amenity"":""pub"",""check_date"":""2025-04-03"",""cocktails"":""yes"",""contact:facebook"":""lastdroptavernsf"",""contact:instagram"":""lastdroptavernsf"",""cuisine"":""wings;burger;fish_and_chips;salad"",""drink:beer"":""yes"",""drink:wine"":""yes"",""email"":""nan@lastdroptavernsf.com"",""food"":""yes"",""name"":""Last Drop Tavern"",""note"":""The \""nan\"" email address seems weird."",""opening_hours"":""Mo-Su 16:00-26:00"",""opening_hours:url"":""https://www.lastdroptavernsf.com/"",""phone"":""+1 415 9897131"",""website"":""https://www.lastdroptavernsf.com/"",""website:menu"":""https://www.lastdroptavernsf.com/menu""}"
2026-10-02T15:01:21Z,100023,San Francisco,CA,node,3408837756,Sool Bar and Lounge,bar,37.7900206,-122.4056559,https://www.soolsf.com/,+1 415 3514149,Mo-Tu 17:00-24:00; Fr-Sa 17:00-02:00; Su 17:00-24:00,Tu-Sa 17:00-19:00,,yes,,,,,no,,323,Grant Avenue,San Francisco,CA,94108,,,2026-04-25,"{""addr:city"":""San Francisco"",""addr:housenumber"":""323"",""addr:postcode"":""94108"",""addr:state"":""CA"",""addr:street"":""Grant Avenue"",""amenity"":""bar"",""check_date"":""2026-04-25"",""cocktails"":""yes"",""contact:facebook"":""Sool-Bar-Lounge-104115758536065"",""contact:instagram"":""soolbar.sf"",""contact:yelp"":""https://www.yelp.com/biz/sool-bar-and-lounge-san-francisco"",""drink:beer"":""yes"",""drink:sake"":""no"",""drink:soju"":""yes"",""drink:whisky"":""yes"",""drink:wine"":""yes"",""email"":""soolbar@soolsf.com"",""food"":""yes"",""happy_hours"":""Tu-Sa 17:00-19:00"",""indoor_seating"":""yes"",""live_music"":""yes"",""name"":""Sool Bar and Lounge"",""name:ko"":""술"",""note:food"":""Food is delivered by neighboring E&O Kitchen"",""opening_hours"":""Mo-Tu 17:00-24:00; Fr-Sa 17:00-02:00; Su 17:00-24:00"",""opening_hours:kitchen"":""Tu-Sa 17:00-21:00"",""opening_hours:url"":""https://www.soolsf.com/"",""outdoor_seating"":""no"",""payment:cash"":""yes"",""payment:credit_cards"":""yes"",""phone"":""+1 415 3514149"",""toilets"":""yes"",""toilets:access"":""customers"",""toilets:wheelchair"":""no"",""website"":""https://www.soolsf.com/"",""website:calendar"":""https://www.soolsf.com/events"",""website:menu"":""https://www.soolsf.com/menu"",""wheelchair"":""limited"",""wheelchair:description"":""Small step to the entrance. Restrooms and karaoke rooms upstairs are not wheelchair accessible.""}"
2026-10-02T15:01:21Z,100023,San Francisco,CA,node,3441484302,Rock Bar,bar,37.7440923,-122.4220729,https://rockbarsf.com/,,,,,,,,,,,,80,29th Street,San Francisco,,,,,,"{""addr:city"":""San Francisco"",""addr:housenumber"":""80"",""addr:street"":""29th Street"",""amenity"":""bar"",""name"":""Rock Bar"",""website"":""https://rockbarsf.com/""}"
2026-10-02T15:01:21Z,100023,San Francisco,CA,node,3455071284,Woods Polk Station,pub,37.7976947,-122.4222726,,,Mo-We 17:00-22:00;Th 17:00-24:00;Fr-Sa 12:00-01:00;Su 12:00-22:00,,,,,,,,,,2255,Polk Street,San Francisco,CA,94109,,,,"{""addr:city"":""San Francisco"",""addr:housenumber"":""2255"",""addr:postcode"":""94109"",""addr:state"":""CA"",""addr:street"":""Polk Street"",""amenity"":""pub"",""name"":""Woods Polk Station"",""opening_hours"":""Mo-We 17:00-22:00;Th 17:00-24:00;Fr-Sa 12:00-01:00;Su 12:00-22:00""}"
2026-10-02T15:01:21Z,100023,San Francisco,CA,node,3455075359,SPiN SF,bar,37.7841938,-122.3992108,http://sanfrancisco.wearespin.com/,,Mo-Th 11:00-24:00; Fr-Sa 11:00-02:00; Su 11:00-20:00,,,,,,,,,,690,Folsom Street,San Francisco,,,http://sanfrancisco.wearespin.com/,,,"{""addr:city"":""San Francisco"",""addr:housenumber"":""690"",""addr:street"":""Folsom Street"",""amenity"":""bar"",""name"":""SPiN SF"",""opening_hours"":""Mo-Th 11:00-24:00; Fr-Sa 11:00-02:00; Su 11:00-20:00"",""source"":""http://sanfrancisco.wearespin.com/"",""sport"":""table_tennis"",""website"":""http://sanfrancisco.wearespin.com/"",""wheelchair"":""yes""}"
2026-10-02T15:01:21Z,100023,San Francisco,CA,node,3458525149,Brass Tacks,bar,37.7768231,-122.4243782,,,,,,,,,,,,,488,Hayes Street,,,,,,2026-06-25,"{""addr:housenumber"":""488"",""addr:street"":""Hayes Street"",""addr:unit"":""A"",""amenity"":""bar"",""check_date"":""2026-06-25"",""name"":""Brass Tacks""}"
2026-10-02T15:01:21Z,100023,San Francisco,CA,node,3540161001,The Sherwood Cocktails and Lounge,bar,37.7389501,-122.4676699,https://sherwoodsf.com/,+1-415-742-4035,Fr-Sa 16:00-01:00; Tu-Th 16:00-23:00; Su 13:00-20:00; Mo 16:00-18:00,,,,,,,,no,,179,West Portal Avenue,San Francisco,CA,94127,,,,"{""addr:city"":""San Francisco"",""addr:country"":""US"",""addr:housenumber"":""179"",""addr:postcode"":""94127"",""addr:state"":""CA"",""addr:street"":""West Portal Avenue"",""amenity"":""bar"",""name"":""The Sherwood Cocktails and Lounge"",""opening_hours"":""Fr-Sa 16:00-01:00; Tu-Th 16:00-23:00; Su 13:00-20:00; Mo 16:00-18:00"",""outdoor_seating"":""no"",""phone"":""+1-415-742-4035"",""website"":""https://sherwoodsf.com/""}"
2026-10-02T15:01:21Z,100023,San Francisco,CA,node,3540255593,McCarthy‘s Irish Bar,bar,37.740405,-122.466539,,,,,,,,,,,no,,46,West Portal Avenue,San Francisco,CA,94127,,,,"{""addr:city"":""San Francisco"",""addr:country"":""US"",""addr:housenumber"":""46"",""addr:postcode"":""94127"",""addr:state"":""CA"",""addr:street"":""West Portal Avenue"",""amenity"":""bar"",""name"":""McCarthy‘s Irish Bar"",""outdoor_seating"":""no""}"
2026-10-02T15:01:21Z,100023,San Francisco,CA,node,3545345699,Miraloma Club,bar,37.7438818,-122.4536779,,,,,,,,,,,no,,749,Portola Drive,San Francisco,CA,94127,,,,"{""addr:city"":""San Francisco"",""addr:country"":""US"",""addr:housenumber"":""749"",""addr:postcode"":""94127"",""addr:state"":""CA"",""addr:street"":""Portola Drive"",""amenity"":""bar"",""name"":""Miraloma Club"",""outdoor_seating"":""no""}"
2026-10-02T15:01:21Z,100023,San Francisco,CA,node,3562957694,Dragon Lounge,bar,37.742708,-122.4809329,,+1 415 566-7700,,,,,,,,,,,1355,Taraval Street,San Francisco,CA,94116,,,,"{""addr:city"":""San Francisco"",""addr:housenumber"":""1355"",""addr:postcode"":""94116"",""addr:state"":""CA"",""addr:street"":""Taraval Street"",""amenity"":""bar"",""name"":""Dragon Lounge"",""phone"":""+1 415 566-7700"",""shop"":""mobile_phone""}"
2026-10-02T15:01:21Z,100023,San Francisco,CA,node,3577376253,The Bar on Dolores,bar,37.7437445,-122.4246216,,,"Mo-Sa 15:00-02:00, Fr 14:00-02:00, Sa 09:00-02:00,09:30-02:00",,,,,,,,,,1600,Dolores Street,San Francisco,,,,,,"{""addr:city"":""San Francisco"",""addr:housenumber"":""1600"",""addr:street"":""Dolores Street"",""amenity"":""bar"",""name"":""The Bar on Dolores"",""opening_hours"":""Mo-Sa 15:00-02:00, Fr 14:00-02:00, Sa 09:00-02:00,09:30-02:00""}"
2026-10-02T15:01:21Z,100023,San Francisco,CA,node,3611822692,Route 101,bar,37.7881229,-122.421632,,+1-415-874-9360,"Mo-Fr 18:00-02:00; Sa,Su 13:00-02:00",,,,,,,,,,1332,Van Ness Avenue,San Francisco,CA,94109,,,2024-10-25,"{""addr:city"":""San Francisco"",""addr:country"":""US"",""addr:housenumber"":""1332"",""addr:postcode"":""94109"",""addr:state"":""CA"",""addr:street"":""Van Ness Avenue"",""amenity"":""bar"",""check_date"":""2024-10-25"",""cocktails"":""yes"",""contact:facebook"":""https://www.facebook.com/route101sf/"",""contact:phone"":""+1-415-874-9360"",""drink:wine"":""yes"",""lgbtq"":""welcome"",""name"":""Route 101"",""opening_hours"":""Mo-Fr 18:00-02:00; Sa,Su 13:00-02:00"",""sport"":""billiards"",""toilets"":""yes"",""toilets:wheelchair"":""yes""}"
2026-10-02T15:01:21Z,100023,San Francisco,CA,node,3611826293,The Regency Ballroom,nightclub,37.7878176,-122.4215762,https://www.theregencyballroom.com/,,,,,,,,,,,,1300,Van Ness Avenue,San Francisco,CA,94109,,,2023-01-11,"{""addr:city"":""San Francisco"",""addr:housenumber"":""1300"",""addr:postcode"":""94109"",""addr:state"":""CA"",""addr:street"":""Van Ness Avenue"",""amenity"":""nightclub"",""check_date"":""2023-01-11"",""name"":""The Regency Ballroom"",""website"":""https://www.theregencyballroom.com/""}"
2026-10-02T15:01:21Z,100023,San Francisco,CA,node,3622464002,Philosophers Club,bar,37.7408294,-122.4654436,,,,,,,,,,,,,824,Ulloa Street,San Francisco,CA,94127,,,2024-03-10,"{""addr:city"":""San Francisco"",""addr:country"":""US"",""addr:housenumber"":""824"",""addr:postcode"":""94127"",""addr:state"":""CA"",""addr:street"":""Ulloa Street"",""amenity"":""bar"",""check_date"":""2024-03-10"",""name"":""Philosophers Club""}"
2026-10-02T15:01:21Z,100023,San Francisco,CA,node,3634308480,Yancy's Saloon,bar,37.7641987,-122.4658639,,+1 415 665 6551,,,,,,,,,,,734,Irving Street,San Francisco,,94122,,,2026-01-13,"{""addr:city"":""San Francisco"",""addr:housenumber"":""734"",""addr:postcode"":""94122"",""addr:street"":""Irving Street"",""amenity"":""bar"",""check_date"":""2026-01-13"",""level"":""0"",""name"":""Yancy's Saloon"",""phone"":""+1 415 665 6551"",""wheelchair"":""yes""}"
2026-10-02T15:01:21Z,100023,San Francisco,CA,node,3635648154,Encore Karaoke,nightclub,37.7908554,-122.4200374,,,,,,,,,,,,,1550 Fl 2,California Street,San Francisco,CA,94109,,,,"{""addr:city"":""San Francisco"",""addr:housenumber"":""1550 Fl 2"",""addr:postcode"":""94109"",""addr:state"":""CA"",""addr:street"":""California Street"",""amenity"":""nightclub"",""name"":""Encore Karaoke"",""smoking"":""no""}"
2026-10-02T15:01:21Z,100023,San Francisco,CA,node,3637499305,Golden Gate Tap Room,pub,37.78893,-122.408703,https://www.ggtaproom.com/,+1 415 6779999,"Mo-Th, Su 12:00-24:00; Fr, Sa 12:00-26:00",,,,,,,,no,wings;burger;sandwich;salad;tacos,449,Powell Street,San Francisco,CA,94102,,,2025-03-20,"{""addr:city"":""San Francisco"",""addr:housenumber"":""449"",""addr:postcode"":""94102"",""addr:state"":""CA"",""addr:street"":""Powell Street"",""amenity"":""pub"",""check_date"":""2025-03-20"",""contact:facebook"":""GoldenGateTapRoom"",""contact:instagram"":""sf_ggtaproom"",""contact:twitter"":""GGTapRoom"",""contact:yelp"":""https://www.yelp.com/biz/golden-gate-tap-room-san-francisco"",""cuisine"":""wings;burger;sandwich;salad;tacos"",""diet:vegetarian"":""yes"",""drink:beer"":""yes"",""drink:wine"":""yes"",""email"":""info@ggtaproom.com"",""food"":""yes"",""indoor_seating"":""yes"",""internet_access"":""wlan"",""internet_access:fee"":""no"",""leisure"":""amusement_arcade"",""level"":""2"",""name"":""Golden Gate Tap Room"",""opening_hours"":""Mo-Th, Su 12:00-24:00; Fr, Sa 12:00-26:00"",""opening_hours:url"":""https://www.ggtaproom.com/"",""outdoor_seating"":""no"",""phone"":""+1 415 6779999"",""reservation"":""yes"",""sport"":""billiards"",""toilets"":""yes"",""toilets:unisex"":""no"",""toilets:wheelchair"":""yes"",""website"":""https://www.ggtaproom.com/"",""website:menu"":""https://www.ggtaproom.com/food-drink"",""wheelchair"":""yes""}"
2026-10-02T15:01:21Z,100023,San Francisco,CA,node,3641760242,Shoji,bar,37.7866435,-122.3997471,https://www.theshojisf.com/,+16282331533,Tu-Sa 16:30-23:00,,,,,,,,yes,fine_dining;japanese,140,New Montgomery Street,San Francisco,CA,94105,,,2026-05-16,"{""addr:city"":""San Francisco"",""addr:housenumber"":""140"",""addr:postcode"":""94105"",""addr:state"":""CA"",""addr:street"":""New Montgomery Street"",""amenity"":""bar"",""check_date"":""2026-05-16"",""check_date:opening_hours"":""2026-05-16"",""cuisine"":""fine_dining;japanese"",""level"":""0"",""name"":""Shoji"",""opening_hours"":""Tu-Sa 16:30-23:00"",""outdoor_seating"":""yes"",""phone"":""+16282331533"",""website"":""https://www.theshojisf.com/"",""website:menu"":""https://www.theshojisf.com/gallery""}"
2026-10-02T15:01:21Z,100023,San Francisco,CA,node,3642082213,Novela,bar,37.787049,-122.4013107,https://www.novelasf.com/,+1 415 8966500,"Su,Mo-We 17:00-24:00; Th-Sa 17:00-26:00",,,,,,,,,,662,Mission Street,San Francisco,CA,94105,,,2022-02-03,"{""addr:city"":""San Francisco"",""addr:housenumber"":""662"",""addr:postcode"":""94105"",""addr:state"":""CA"",""addr:street"":""Mission Street"",""amenity"":""bar"",""check_date"":""2022-02-03"",""contact:facebook"":""novelabarsf"",""contact:instagram"":""novelabarsf"",""contact:twitter"":""novelabarsf"",""email"":""info@novelasf.com"",""food"":""yes"",""name"":""Novela"",""opening_hours"":""Su,Mo-We 17:00-24:00; Th-Sa 17:00-26:00"",""opening_hours:url"":""https://www.novelasf.com/"",""phone"":""+1 415 8966500"",""website"":""https://www.novelasf.com/"",""wheelchair"":""yes""}"
2026-10-02T15:01:21Z,100023,San Francisco,CA,node,3642090340,Natoma Cabana,bar,37.7875676,-122.3985473,https://www.natomacabana.com/,,,,,,,,,,,,90,Natoma Street,San Francisco,CA,94105,,,2023-09-30,"{""addr:city"":""San Francisco"",""addr:housenumber"":""90"",""addr:postcode"":""94105"",""addr:state"":""CA"",""addr:street"":""Natoma Street"",""amenity"":""bar"",""check_date"":""2023-09-30"",""name"":""Natoma Cabana"",""website"":""https://www.natomacabana.com/""}"
2026-10-02T15:01:21Z,100023,San Francisco,CA,node,3657172970,Rose Indian Cusine,restaurant,37.7634467,-122.4661692,https://roseindiansf.com,+1 415-213-5654,10:00-24:00,,,,,,,,no,indian,1330,9th Avenue,San Francisco,CA,94122,survey,,2026-05-21,"{""addr:city"":""San Francisco"",""addr:country"":""US"",""addr:housenumber"":""1330"",""addr:postcode"":""94122"",""addr:state"":""CA"",""addr:street"":""9th Avenue"",""amenity"":""restaurant"",""bar"":""yes"",""check_date"":""2026-05-21"",""cuisine"":""indian"",""diet:chicken"":""yes"",""diet:gluten_free"":""yes"",""diet:non-vegetarian"":""yes"",""diet:seafood"":""yes"",""diet:vegan"":""yes"",""diet:vegetarian"":""yes"",""level"":""0"",""name"":""Rose Indian Cusine"",""opening_hours"":""10:00-24:00"",""outdoor_seating"":""no"",""phone"":""+1 415-213-5654"",""source"":""survey"",""takeaway"":""yes"",""toilets"":""yes"",""website"":""https://roseindiansf.com"",""wheelchair"":""yes""}"
2026-10-02T15:01:21Z,100023,San Francisco,CA,node,3658310528,Mucky Duck,bar,37.7637154,-122.4664518,,,Mo-Th 13:00-02:00; Fr 12:00-02:00; Sa-Su 11:00-02:00,,,,,,,,,,1315,9th Avenue,San Francisco,CA,94122,,,2026-05-21,"{""addr:city"":""San Francisco"",""addr:country"":""US"",""addr:housenumber"":""1315"",""addr:postcode"":""94122"",""addr:state"":""CA"",""addr:street"":""9th Avenue"",""amenity"":""bar"",""check_date"":""2026-05-21"",""level"":""0"",""min_age"":""21"",""name"":""Mucky Duck"",""opening_hours"":""Mo-Th 13:00-02:00; Fr 12:00-02:00; Sa-Su 11:00-02:00"",""wheelchair"":""yes""}"
2026-10-02T15:01:21Z,100023,San Francisco,CA,node,3663976016,Lone Palm,bar,37.7552947,-122.4229151,,,,,,,,,,,,,3394,22nd Street,San Francisco,,,,,,"{""addr:city"":""San Francisco"",""addr:housenumber"":""3394"",""addr:street"":""22nd Street"",""amenity"":""bar"",""name"":""Lone Palm""}"
2026-10-02T15:01:21Z,100023,San Francisco,CA,node,3667700926,Foghorn Taproom,bar,37.7642843,-122.4637059,,,"Mo-Th,Su 11:30-21:00; Fr-Sa 11:30-22:00",,,,,,,,,,534,Irving Street,San Francisco,CA,94122,,,2026-01-13,"{""addr:city"":""San Francisco"",""addr:country"":""US"",""addr:housenumber"":""534"",""addr:postcode"":""94122"",""addr:state"":""CA"",""addr:street"":""Irving Street"",""amenity"":""bar"",""check_date"":""2026-01-13"",""level"":""0"",""name"":""Foghorn Taproom"",""opening_hours"":""Mo-Th,Su 11:30-21:00; Fr-Sa 11:30-22:00"",""wheelchair"":""yes""}"
2026-10-02T15:01:21Z,100023,San Francisco,CA,node,3667880931,Fireside Bar,bar,37.7639974,-122.4643912,,,Mo 14:00-02:00; Tu 14:00-02:00; We 14:00-02:00; Th 14:00-02:00; Fr 14:00-02:00; Sa 13:00-02:00; Su 13:00-02:00,,,,,,,,yes,,603,Irving Street,San Francisco,CA,94122,,,2025-12-21,"{""addr:city"":""San Francisco"",""addr:housenumber"":""603"",""addr:postcode"":""94122"",""addr:state"":""CA"",""addr:street"":""Irving Street"",""amenity"":""bar"",""check_date"":""2025-12-21"",""level"":""0"",""name"":""Fireside Bar"",""opening_hours"":""Mo 14:00-02:00; Tu 14:00-02:00; We 14:00-02:00; Th 14:00-02:00; Fr 14:00-02:00; Sa 13:00-02:00; Su 13:00-02:00"",""outdoor_seating"":""yes"",""wheelchair"":""yes""}"
2026-10-02T15:01:21Z,100023,San Francisco,CA,node,3674104340,Temple Night Club,nightclub,37.7878534,-122.3971767,https://www.templesf.com/,+1-415-696-9512,,,,,,,,,,,540,Howard Street,San Francisco,CA,94105,,,,"{""addr:city"":""San Francisco"",""addr:country"":""US"",""addr:housenumber"":""540"",""addr:postcode"":""94105"",""addr:state"":""CA"",""addr:street"":""Howard Street"",""amenity"":""nightclub"",""email"":""info@templesf.com"",""name"":""Temple Night Club"",""phone"":""+1-415-696-9512"",""website"":""https://www.templesf.com/""}"
2026-10-02T15:01:21Z,100023,San Francisco,CA,node,3674255693,The Little Shamrock,pub,37.7657847,-122.4667058,,,,,,,,,,,,,807,Lincoln Way,San Francisco,CA,94122,,,2026-07-14,"{""addr:city"":""San Francisco"",""addr:country"":""US"",""addr:housenumber"":""807"",""addr:postcode"":""94122"",""addr:state"":""CA"",""addr:street"":""Lincoln Way"",""amenity"":""pub"",""check_date"":""2026-07-14"",""level"":""0"",""name"":""The Little Shamrock"",""wheelchair"":""yes"",""wikidata"":""Q20968932""}"
2026-10-02T15:01:21Z,100023,San Francisco,CA,node,3675574681,The Nite Cap,bar,37.7853121,-122.4161155,,,13:00-02:00,,,,,,,,,,699,O'Farrell Street,San Francisco,CA,,,,2023-08-17,"{""addr:city"":""San Francisco"",""addr:housenumber"":""699"",""addr:state"":""CA"",""addr:street"":""O'Farrell Street"",""amenity"":""bar"",""check_date"":""2023-08-17"",""name"":""The Nite Cap"",""opening_hours"":""13:00-02:00"",""smoking"":""outside""}"
2026-10-02T15:01:21Z,100023,San Francisco,CA,node,3684500782,Moby Dick,bar,37.7608676,-122.4337728,https://www.facebook.com/MobyDickBar/,+1-415-294-0731,,,,,,,,,,,4049,18th Street,San Francisco,CA,,,,2026-05-24,"{""addr:city"":""San Francisco"",""addr:housenumber"":""4049"",""addr:state"":""CA"",""addr:street"":""18th Street"",""amenity"":""bar"",""check_date"":""2026-05-24"",""lgbtq"":""primary"",""name"":""Moby Dick"",""phone"":""+1-415-294-0731"",""website"":""https://www.facebook.com/MobyDickBar/""}"
2026-10-02T15:01:21Z,100023,San Francisco,CA,node,3702219079,Tony Nik's Cafe,bar,37.8000247,-122.408984,https://tonyniks.com/,,Mo-Fr 16:00-02:00; Sa-Su 14:00-02:00,,,,,,,,,,1534,Stockton Street,San Francisco,CA,94133,,,,"{""addr:city"":""San Francisco"",""addr:housenumber"":""1534"",""addr:postcode"":""94133"",""addr:state"":""CA"",""addr:street"":""Stockton Street"",""amenity"":""bar"",""name"":""Tony Nik's Cafe"",""opening_hours"":""Mo-Fr 16:00-02:00; Sa-Su 14:00-02:00"",""website"":""https://tonyniks.com/""}"
2026-10-02T15:01:21Z,100023,San Francisco,CA,node,3790822673,Finnegans Wake,pub,37.7653081,-122.4500311,,,"Mo-Sa 11:30-02:00, Su 10:00-24:00",,,,,,,,,,937,Cole Street,San Francisco,CA,94117,,,2026-07-07,"{""addr:city"":""San Francisco"",""addr:housenumber"":""937"",""addr:postcode"":""94117"",""addr:state"":""CA"",""addr:street"":""Cole Street"",""amenity"":""pub"",""check_date"":""2026-07-07"",""check_date:opening_hours"":""2026-07-07"",""name"":""Finnegans Wake"",""opening_hours"":""Mo-Sa 11:30-02:00, Su 10:00-24:00""}"
2026-10-02T15:01:21Z,100023,San Francisco,CA,node,3799946959,The Brixton,bar,37.7973068,-122.4345787,https://www.brixtonsf.com/,+1-415-409-1114,,,,,,,,,yes,,2140,Union Street,San Francisco,,94123,,,,"{""addr:city"":""San Francisco"",""addr:housenumber"":""2140"",""addr:postcode"":""94123"",""addr:street"":""Union Street"",""amenity"":""bar"",""food"":""yes"",""internet_access"":""wlan"",""name"":""The Brixton"",""outdoor_seating"":""yes"",""phone"":""+1-415-409-1114"",""website"":""https://www.brixtonsf.com/""}"
2026-10-02T15:01:21Z,100023,San Francisco,CA,node,3808454918,ZHUZH,bar,37.7908156,-122.4198906,https://www.zhuzh.bar/,,,,,,,,,,,,1548,California Street,,,,,,2025-06-24,"{""addr:housenumber"":""1548"",""addr:street"":""California Street"",""amenity"":""bar"",""check_date"":""2025-06-24"",""name"":""ZHUZH"",""website"":""https://www.zhuzh.bar/""}"
2026-10-02T15:01:21Z,100023,San Francisco,CA,node,3853311617,Last Rites,bar,37.7678129,-122.429452,https://www.lastritesbar.com/,,"Tu-We 18:00-24:00; Th 18:00-25:00; Fr,Sa 18:00-26:00; Mo off",,,,,,,,no,,718,14th Street,San Francisco,CA,94114,,,,"{""addr:city"":""San Francisco"",""addr:housenumber"":""718"",""addr:postcode"":""94114"",""addr:state"":""CA"",""addr:street"":""14th Street"",""amenity"":""bar"",""cocktails"":""yes"",""contact:instagram"":""lastrites_sf"",""description"":""Tiki bar"",""drink:beer"":""yes"",""drink:wine"":""yes"",""email"":""hello@lastritesbar.com"",""indoor_seating"":""yes"",""internet_access"":""wlan"",""internet_access:fee"":""customers"",""name"":""Last Rites"",""opening_hours"":""Tu-We 18:00-24:00; Th 18:00-25:00; Fr,Sa 18:00-26:00; Mo off"",""opening_hours:url"":""https://www.lastritesbar.com/"",""outdoor_seating"":""no"",""smoking"":""no"",""theme"":""tiki"",""website"":""https://www.lastritesbar.com/"",""wheelchair"":""yes""}"
2026-10-02T15:01:21Z,100023,San Francisco,CA,node,3868132257,Unwine'd,bar,37.7406397,-122.4657844,https://unwined-sf.com/,+1-415-702-6206,,,,,,,,,,,9,West Portal Avenue,,,,,,2026-03-03,"{""addr:housenumber"":""9"",""addr:street"":""West Portal Avenue"",""amenity"":""bar"",""check_date"":""2026-03-03"",""drink:wine"":""served"",""name"":""Unwine'd"",""phone"":""+1-415-702-6206"",""website"":""https://unwined-sf.com/""}"
2026-10-02T15:01:21Z,100023,San Francisco,CA,node,3873879798,Afterwork Bar,pub,37.7770322,-122.4231714,https://www.afterworkbarsf.com/,,Mo-Th 16:00-22:00; Fr 16:00-23:00; Sa 14:00-23:00; Su 11:00-22:00,,,,,,,,,burger;chicken,409,Gough Street,,,,,,2026-05-10,"{""addr:housenumber"":""409"",""addr:street"":""Gough Street"",""amenity"":""pub"",""check_date"":""2026-05-10"",""cuisine"":""burger;chicken"",""name"":""Afterwork Bar"",""opening_hours"":""Mo-Th 16:00-22:00; Fr 16:00-23:00; Sa 14:00-23:00; Su 11:00-22:00"",""payment:mastercard"":""yes"",""payment:visa"":""yes"",""website"":""https://www.afterworkbarsf.com/""}"
2026-10-02T15:01:21Z,100023,San Francisco,CA,node,3931497663,Key Klub,bar,37.7899577,-122.4113323,,,"Tu-We 17:00-23:00; Th-Sa 17:00-24:00; Su,Mo off",,,,,,,,,,850,Bush Street,San Francisco,CA,,,,,"{""addr:city"":""San Francisco"",""addr:housenumber"":""850"",""addr:state"":""CA"",""addr:street"":""Bush Street"",""amenity"":""bar"",""cocktails"":""no"",""contact:instagram"":""key.klubsf"",""description"":""Wine bar with beer and food"",""drink:beer"":""yes"",""drink:wine"":""yes"",""food"":""yes"",""name"":""Key Klub"",""opening_hours"":""Tu-We 17:00-23:00; Th-Sa 17:00-24:00; Su,Mo off"",""opening_hours:url"":""https://www.instagram.com/key.klubsf/""}"
2026-10-02T15:01:21Z,100023,San Francisco,CA,node,3960697185,Stock in Trade,bar,37.8000847,-122.4356751,www.stockintradesf.com,,14:00-02:00,,,,,,,,,,2036,Lombard Street,San Francisco,CA,94123,,,,"{""addr:city"":""San Francisco"",""addr:housenumber"":""2036"",""addr:postcode"":""94123"",""addr:state"":""CA"",""addr:street"":""Lombard Street"",""amenity"":""bar"",""name"":""Stock in Trade"",""opening_hours"":""14:00-02:00"",""smoking"":""no"",""website"":""www.stockintradesf.com""}"
2026-10-02T15:01:21Z,100023,San Francisco,CA,node,3969606065,Cafe Muse,bar,37.7955278,-122.4184582,,,,,,,,,,,,,,,,,,,,,"{""amenity"":""bar"",""name"":""Cafe Muse""}"
2026-10-02T15:01:21Z,100023,San Francisco,CA,node,3975094188,HolyCraft Brewery,bar,37.7973254,-122.4099995,https://holycraftbrewery.com/,+1 415 6900401,Tu-Th 15:00-24:00; Fr-Su 12:00-24:00,,,,,,,,,,787,Broadway,San Francisco,CA,94133,,,,"{""addr:city"":""San Francisco"",""addr:housenumber"":""787"",""addr:postcode"":""94133"",""addr:state"":""CA"",""addr:street"":""Broadway"",""amenity"":""bar"",""check_date:opening_hours"":""2023-03-12"",""name"":""HolyCraft Brewery"",""opening_hours"":""Tu-Th 15:00-24:00; Fr-Su 12:00-24:00"",""opening_hours:signed"":""no"",""phone"":""+1 415 6900401"",""website"":""https://holycraftbrewery.com/""}"
2026-10-02T15:01:21Z,100023,San Francisco,CA,node,3984165039,Vieni Vieni,bar,37.7989822,-122.4090381,,,,,,,,,,,,,,,,,,,,,"{""amenity"":""bar"",""name"":""Vieni Vieni""}"
2026-10-02T15:01:21Z,100023,San Francisco,CA,node,3985400820,Grasslands Bar & Lounge,bar,37.7963509,-122.4053256,,,,,,,,,,,,,905,Kearny Street,San Francisco,CA,94133,,,2026-04-25,"{""addr:city"":""San Francisco"",""addr:housenumber"":""905"",""addr:postcode"":""94133"",""addr:state"":""CA"",""addr:street"":""Kearny Street"",""amenity"":""bar"",""check_date"":""2026-04-25"",""name"":""Grasslands Bar & Lounge""}"
2026-10-02T15:01:21Z,100023,San Francisco,CA,node,3985401493,Happy Billiard,bar,37.7966358,-122.4053859,,,05:00-25:00,,,,,,,no,,,931,Kearny Street,San Francisco,CA,94133,,,,"{""addr:city"":""San Francisco"",""addr:housenumber"":""931"",""addr:postcode"":""94133"",""addr:state"":""CA"",""addr:street"":""Kearny Street"",""amenity"":""bar"",""brewery"":""no"",""description"":""Pool Hall with 10 pool tables, 1 snooker table, mahjong, and table tennis. Limited beer and soda for sale in small fridge."",""min_age"":""0"",""name"":""Happy Billiard"",""opening_hours"":""05:00-25:00""}"
2026-10-02T15:01:21Z,100023,San Francisco,CA,node,3986887643,The Devil's Acre,pub,37.7976771,-122.4061685,,,,,,,,,,,,,256,Columbus Avenue,San Francisco,CA,94113,,,2026-07-30,"{""addr:city"":""San Francisco"",""addr:housenumber"":""256"",""addr:postcode"":""94113"",""addr:state"":""CA"",""addr:street"":""Columbus Avenue"",""amenity"":""pub"",""check_date"":""2026-07-30"",""name"":""The Devil's Acre""}"
2026-10-02T15:01:21Z,100023,San Francisco,CA,node,4004977098,Sugar Lounge,bar,37.7768319,-122.4225489,,,,,,,,,,,,,377,Hayes Street,San Francisco,CA,94102,,,2023-01-05,"{""addr:city"":""San Francisco"",""addr:country"":""US"",""addr:housenumber"":""377"",""addr:postcode"":""94102"",""addr:state"":""CA"",""addr:street"":""Hayes Street"",""amenity"":""bar"",""check_date"":""2023-01-05"",""name"":""Sugar Lounge""}"
2026-10-02T15:01:21Z,100023,San Francisco,CA,node,4010401866,The Interval,bar,37.8067715,-122.4321258,https://theinterval.org/,,Mo 17:00-22:00; Tu-Fr 10:00-23:00; Sa 15:00-23:00; Su 15:00-22:00,,,,,,,,,,,,,,,,,,"{""amenity"":""bar"",""cocktails"":""yes"",""contact:facebook"":""LongNowInterval"",""contact:instagram"":""theinterval"",""contact:twitter"":""interval"",""drink:beer"":""yes"",""drink:coffee"":""yes"",""drink:tea"":""yes"",""drink:wine"":""yes"",""email"":""info@theinterval.org"",""fixme"":""This is both a cafe and a bar"",""name"":""The Interval"",""opening_hours"":""Mo 17:00-22:00; Tu-Fr 10:00-23:00; Sa 15:00-23:00; Su 15:00-22:00"",""opening_hours:url"":""https://theinterval.org/"",""operator"":""The Long Now Foundation"",""takeaway"":""yes"",""website"":""https://theinterval.org/""}"
2026-10-02T15:01:21Z,100023,San Francisco,CA,node,4017234499,Silver Spur,bar,37.7636358,-122.4785511,,,,,,,,,,,,,1914,Irving Street,San Francisco,CA,94122,,,2026-05-11,"{""addr:city"":""San Francisco"",""addr:housenumber"":""1914"",""addr:postcode"":""94122"",""addr:state"":""CA"",""addr:street"":""Irving Street"",""amenity"":""bar"",""check_date"":""2026-05-11"",""name"":""Silver Spur""}"
2026-10-02T15:01:21Z,100023,San Francisco,CA,node,4020353440,Fool's Errand,bar,37.7755565,-122.4380591,,,,,,,,,,,yes,,639A,Divisadero Street,,CA,,,,2026-04-29,"{""addr:housenumber"":""639A"",""addr:state"":""CA"",""addr:street"":""Divisadero Street"",""amenity"":""bar"",""check_date"":""2026-04-29"",""name"":""Fool's Errand"",""outdoor_seating"":""yes"",""toilets:wheelchair"":""no"",""wheelchair"":""limited""}"
2026-10-02T15:01:21Z,100023,San Francisco,CA,node,4022691832,Jackalope,bar,37.7869651,-122.4197889,http://www.jackalopesf.com/,,,,,,,,,,no,,1092,Post Street,San Francisco,,94109,,,2023-05-22,"{""addr:city"":""San Francisco"",""addr:housenumber"":""1092"",""addr:postcode"":""94109"",""addr:street"":""Post Street"",""amenity"":""bar"",""check_date"":""2023-05-22"",""check_date:opening_hours"":""2022-09-29"",""indoor_seating"":""yes"",""name"":""Jackalope"",""opening_hours:signed"":""no"",""outdoor_seating"":""no"",""website"":""http://www.jackalopesf.com/""}"
2026-10-02T15:01:21Z,100023,San Francisco,CA,node,4024246508,The Cinch Saloon,bar,37.7927364,-122.4212524,,,,,,,,,,,,,1723,Polk Street,,,,,,2024-03-04,"{""addr:housenumber"":""1723"",""addr:street"":""Polk Street"",""amenity"":""bar"",""check_date"":""2024-03-04"",""name"":""The Cinch Saloon""}"
2026-10-02T15:01:21Z,100023,San Francisco,CA,node,4030143560,Trick Dog,bar,37.7592203,-122.4111877,https://www.trickdogbar.com/,+1 415 4712999,"Su,Mo-Th 16:00-24:00; Fr-Sa 16:00-25:00",,,,,,,,,,3010,20th Street,San Francisco,,94110,,,,"{""addr:city"":""San Francisco"",""addr:housenumber"":""3010"",""addr:postcode"":""94110"",""addr:street"":""20th Street"",""amenity"":""bar"",""cocktails"":""yes"",""contact:facebook"":""trickdogsf"",""contact:instagram"":""trickdogbar"",""contact:twitter"":""trickdogbar"",""email"":""info@trickdogbar.com"",""name"":""Trick Dog"",""opening_hours"":""Su,Mo-Th 16:00-24:00; Fr-Sa 16:00-25:00"",""opening_hours:url"":""https://www.trickdogbar.com/"",""phone"":""+1 415 4712999"",""website"":""https://www.trickdogbar.com/""}"
2026-10-02T15:01:21Z,100023,San Francisco,CA,node,4030526218,Stoa Bar,pub,37.7715719,-122.433863,,,,,,,,,,,,,701,Haight Street,San Francisco,CA,94117,,,2026-07-13,"{""addr:city"":""San Francisco"",""addr:housenumber"":""701"",""addr:postcode"":""94117"",""addr:state"":""CA"",""addr:street"":""Haight Street"",""amenity"":""pub"",""check_date"":""2026-07-13"",""level"":""0"",""name"":""Stoa Bar"",""old_name"":""Black Sands Brewery"",""wheelchair"":""yes""}"
2026-10-02T15:01:21Z,100023,San Francisco,CA,node,4039511536,Buddha,bar,37.7952077,-122.4065929,,,,,,,,,,,,,,,,,,,,,"{""amenity"":""bar"",""name"":""Buddha"",""opening_hours:signed"":""no""}"
2026-10-02T15:01:21Z,100023,San Francisco,CA,node,4055481596,Red's Place,bar,37.7961449,-122.4064364,,,,,,,,,,,,,,,,,,,,,"{""amenity"":""bar"",""name"":""Red's Place"",""wheelchair"":""limited""}"
2026-10-02T15:01:21Z,100023,San Francisco,CA,node,4069462418,Shannon Arms,pub,37.7429041,-122.4760224,,,,,,,,,,,,,915,Taraval Street,San Francisco,CA,94116,,,,"{""addr:city"":""San Francisco"",""addr:country"":""US"",""addr:housenumber"":""915"",""addr:postcode"":""94116"",""addr:state"":""CA"",""addr:street"":""Taraval Street"",""amenity"":""pub"",""name"":""Shannon Arms""}"
2026-10-02T15:01:21Z,100023,San Francisco,CA,node,4071080789,The Sage & Drifter,bar,37.7638958,-122.472664,,,,,,,,,,,,,1368,Irving Street,San Francisco,CA,94122,,,2023-11-02,"{""addr:city"":""San Francisco"",""addr:housenumber"":""1368"",""addr:postcode"":""94122"",""addr:state"":""CA"",""addr:street"":""Irving Street"",""amenity"":""bar"",""check_date"":""2023-11-02"",""level"":""0"",""name"":""The Sage & Drifter"",""wheelchair"":""yes""}"
2026-10-02T15:01:21Z,100023,San Francisco,CA,node,4081556948,Birba,bar,37.7777921,-122.4241711,http://www.birbawine.com/,+1 415 549 7612,,,,,,,,,,,458,Grove Street,San Francisco,CA,94102,,,2023-01-05,"{""addr:city"":""San Francisco"",""addr:housenumber"":""458"",""addr:postcode"":""94102"",""addr:state"":""CA"",""addr:street"":""Grove Street"",""amenity"":""bar"",""check_date"":""2023-01-05"",""name"":""Birba"",""phone"":""+1 415 549 7612"",""website"":""http://www.birbawine.com/""}"
2026-10-02T15:01:21Z,100023,San Francisco,CA,node,4086989798,Cresta's,pub,37.7971395,-122.4221708,,,,,,,,,,,,,,,,,,,,,"{""amenity"":""pub"",""name"":""Cresta's""}"
2026-10-02T15:01:21Z,100023,San Francisco,CA,node,4106923141,Bow Bow Cocktails,bar,37.7975853,-122.4070757,,,,,,,,,,,,,,,,,,,,2024-07-14,"{""amenity"":""bar"",""check_date"":""2024-07-14"",""name"":""Bow Bow Cocktails""}"
2026-10-02T15:01:21Z,100023,San Francisco,CA,node,4108029915,Li Po Cocktail Lounge,bar,37.7954225,-122.4064547,https://lipolounge.com/,+1 415 9820072,Mo-Su 14:00-25:30,,,,,,,,,,916,Grant Avenue,San Francisco,CA,,,,,"{""addr:city"":""San Francisco"",""addr:housenumber"":""916"",""addr:state"":""CA"",""addr:street"":""Grant Avenue"",""alt_name"":""Li Po Cocktails;Li Po Lounge"",""amenity"":""bar"",""atm"":""yes"",""cocktails"":""yes"",""description"":""Historic cocktail bar known for its Chinese Mai Tai"",""drink:beer"":""yes"",""email"":""lipolounge@yahoo.com"",""name"":""Li Po Cocktail Lounge"",""opening_hours"":""Mo-Su 14:00-25:30"",""payment:cash"":""yes"",""payment:credit_cards"":""yes"",""phone"":""+1 415 9820072"",""start_date"":""1937"",""toilets:wheelchair"":""no"",""website"":""https://lipolounge.com/""}"
2026-10-02T15:01:21Z,100023,San Francisco,CA,node,4114603089,Mothership,bar,37.7468805,-122.4192506,https://mothershipbar.com,,,,,,,,,,yes,,3152,Mission Street,San Francisco,CA,94110,,,,"{""addr:city"":""San Francisco"",""addr:housenumber"":""3152"",""addr:postcode"":""94110"",""addr:state"":""CA"",""addr:street"":""Mission Street"",""amenity"":""bar"",""name"":""Mothership"",""outdoor_seating"":""yes"",""smoking"":""outside"",""website"":""https://mothershipbar.com"",""wheelchair"":""yes""}"
2026-10-02T15:01:21Z,100023,San Francisco,CA,node,4129601492,The Treasury,bar,37.7912711,-122.4010896,https://www.thetreasurysf.com/,+1 415 578 0530,Mo-Fr 12:00-22:00,,,,,,,,,,200,Bush Street,San Francisco,CA,94104,,,2023-02-07,"{""addr:city"":""San Francisco"",""addr:housenumber"":""200"",""addr:postcode"":""94104"",""addr:state"":""CA"",""addr:street"":""Bush Street"",""addr:unit"":""Suite 101"",""amenity"":""bar"",""check_date"":""2023-02-07"",""cocktails"":""yes"",""contact:facebook"":""thetreasurysf"",""contact:instagram"":""thetreasurysf"",""contact:twitter"":""TheTreasurySF"",""drink:beer"":""yes"",""drink:wine"":""yes"",""email"":""info@thetreasurysf.com"",""food"":""yes"",""indoor_seating"":""yes"",""name"":""The Treasury"",""opening_hours"":""Mo-Fr 12:00-22:00"",""opening_hours:url"":""https://www.thetreasurysf.com/"",""phone"":""+1 415 578 0530"",""website"":""https://www.thetreasurysf.com/"",""website:menu"":""https://www.thetreasurysf.com/menu""}"
2026-10-02T15:01:21Z,100023,San Francisco,CA,node,4139840856,Fat Cat x The Mantis,bar,37.7452716,-122.4199359,https://www.fatcatsf.com/,,,,,,,,,,,,3215,Mission Street,San Francisco,CA,94110,,,,"{""addr:city"":""San Francisco"",""addr:housenumber"":""3215"",""addr:postcode"":""94110"",""addr:state"":""CA"",""addr:street"":""Mission Street"",""amenity"":""bar"",""name"":""Fat Cat x The Mantis"",""website"":""https://www.fatcatsf.com/""}"
2026-10-02T15:01:21Z,100023,San Francisco,CA,node,4139840857,The Knockout,bar,37.7451841,-122.4199903,https://theknockoutsf.com/,,Mo-Su 18:00-26:00,,,yes,,,,,,,3223,Mission Street,San Francisco,CA,,,,,"{""addr:city"":""San Francisco"",""addr:housenumber"":""3223"",""addr:state"":""CA"",""addr:street"":""Mission Street"",""amenity"":""bar"",""contact:facebook"":""The-Knockout-129284561110"",""contact:instagram"":""theknockoutsf"",""live_music"":""yes"",""name"":""The Knockout"",""opening_hours"":""Mo-Su 18:00-26:00"",""opening_hours:url"":""https://theknockoutsf.com/"",""website"":""https://theknockoutsf.com/"",""website:calendar"":""https://theknockoutsf.com/events/""}"
2026-10-02T15:01:21Z,100023,San Francisco,CA,node,4139840864,Lucita's Nite Club,nightclub,37.7448156,-122.4202322,,,,,,,,,,,,,3247,Mission Street,,,,,,,"{""addr:housenumber"":""3247"",""addr:street"":""Mission Street"",""amenity"":""nightclub"",""name"":""Lucita's Nite Club""}"
2026-10-02T15:01:21Z,100023,San Francisco,CA,node,4143685674,Pagan Idol,bar,37.7907035,-122.403638,https://www.paganidol.com/,+1 415 9856375,"Tu,We 16:30-24:00; Th-Sa 16:30-26:00; Su,Mo off",,,,,,,,no,tiki_bar,375,Bush Street,San Francisco,CA,94104,,,,"{""addr:city"":""San Francisco"",""addr:housenumber"":""375"",""addr:postcode"":""94104"",""addr:state"":""CA"",""addr:street"":""Bush Street"",""amenity"":""bar"",""cocktails"":""yes"",""contact:facebook"":""paganidol"",""contact:instagram"":""paganidolsf"",""contact:twitter"":""paganidolsf"",""cuisine"":""tiki_bar"",""description"":""Tiki bar"",""drink:beer"":""yes"",""drink:wine"":""no"",""email"":""info@paganidol.com"",""food"":""no"",""indoor_seating"":""yes"",""name"":""Pagan Idol"",""opening_hours"":""Tu,We 16:30-24:00; Th-Sa 16:30-26:00; Su,Mo off"",""opening_hours:url"":""https://www.paganidol.com/"",""outdoor_seating"":""no"",""phone"":""+1 415 9856375"",""reservation"":""yes"",""theme"":""tiki"",""website"":""https://www.paganidol.com/"",""wheelchair"":""yes"",""wheelchair:description"":""Mostly wheelchair accessible. Only a few booths aren't.""}"
2026-10-02T15:01:21Z,100023,San Francisco,CA,node,4161865223,540 Club,bar,37.7830596,-122.4651657,,,Mo-Fr 14:00-26:00; Sa-Su 00:00-02:00,,,,,,,,,,540,Clement Street,San Francisco,CA,94118,,,2026-03-13,"{""addr:city"":""San Francisco"",""addr:housenumber"":""540"",""addr:postcode"":""94118"",""addr:state"":""CA"",""addr:street"":""Clement Street"",""amenity"":""bar"",""check_date"":""2026-03-13"",""name"":""540 Club"",""opening_hours"":""Mo-Fr 14:00-26:00; Sa-Su 00:00-02:00""}"
2026-10-02T15:01:21Z,100023,San Francisco,CA,node,4199804593,Tiki Haven,bar,37.754295,-122.4781838,,,,,,,,,,,,,1334,Noriega Street,San Francisco,CA,94122,,,2025-10-08,"{""addr:city"":""San Francisco"",""addr:housenumber"":""1334"",""addr:postcode"":""94122"",""addr:state"":""CA"",""addr:street"":""Noriega Street"",""amenity"":""bar"",""check_date"":""2025-10-08"",""name"":""Tiki Haven""}"
2026-10-02T15:01:21Z,100023,San Francisco,CA,node,4199813991,oneup bar,bar,37.7543453,-122.4770736,,,,,,,,,,,,,1232,Noriega Street,,,,,,2025-10-08,"{""addr:housenumber"":""1232"",""addr:street"":""Noriega Street"",""amenity"":""bar"",""check_date"":""2025-10-08"",""name"":""oneup bar""}"
2026-10-02T15:01:21Z,100023,San Francisco,CA,node,4214319494,Flanahan's Pub,pub,37.752864,-122.5045013,,,,,,,,,,,,,3805,Noriega Street,San Francisco,CA,94122,,,,"{""addr:city"":""San Francisco"",""addr:housenumber"":""3805"",""addr:postcode"":""94122"",""addr:state"":""CA"",""addr:street"":""Noriega Street"",""amenity"":""pub"",""name"":""Flanahan's Pub""}"
2026-10-02T15:01:21Z,100023,San Francisco,CA,node,4256898604,Mission Hill Saloon,bar,37.7633159,-122.4071599,,,,,,,,,,,,,491,Potrero Avenue,San Francisco,CA,94110,,,,"{""addr:city"":""San Francisco"",""addr:housenumber"":""491"",""addr:postcode"":""94110"",""addr:state"":""CA"",""addr:street"":""Potrero Avenue"",""amenity"":""bar"",""name"":""Mission Hill Saloon""}"
2026-10-02T15:01:21Z,100023,San Francisco,CA,node,4259746692,Wipeout bar & grill,restaurant,37.8089408,-122.4103004,,,,,,,,,,,,,,Pier 39,,,,,,2023-12-02,"{""addr:street"":""Pier 39"",""amenity"":""restaurant"",""bar"":""yes"",""check_date"":""2023-12-02"",""level"":""0"",""name"":""Wipeout bar & grill""}"
2026-10-02T15:01:21Z,100023,San Francisco,CA,node,4259746694,The Blue Room,bar,37.7896538,-122.4118742,,,,,,,,,,,,,891,Bush Street,,,,,,2024-01-23,"{""addr:housenumber"":""891"",""addr:street"":""Bush Street"",""amenity"":""bar"",""check_date"":""2024-01-23"",""name"":""The Blue Room"",""note"":""Might be part of Stookey's""}"
2026-10-02T15:01:21Z,100023,San Francisco,CA,node,4261666983,Beauty Bar,bar,37.7603764,-122.4190503,,,,,,,,,,,,,,,,,,,,2024-04-09,"{""amenity"":""bar"",""check_date"":""2024-04-09"",""name"":""Beauty Bar""}"
2026-10-02T15:01:21Z,100023,San Francisco,CA,node,4284609497,Glen Park Station,bar,37.7341553,-122.4341305,,,,,,,,,,,,,2816,Diamond Street,San Francisco,CA,94131,,,,"{""addr:city"":""San Francisco"",""addr:housenumber"":""2816"",""addr:postcode"":""94131"",""addr:state"":""CA"",""addr:street"":""Diamond Street"",""amenity"":""bar"",""name"":""Glen Park Station""}"
2026-10-02T15:01:21Z,100023,San Francisco,CA,node,4299448689,The Royale,bar,37.7875509,-122.415188,https://www.theroyalesf.com/,+1-415-441-4099,"Mo-We, Su 17:00-00:00; Th-Sa 17:00-02:00",,,yes,,,,,no,,800,Post Street,San Francisco,CA,94109,,,2023-02-02,"{""addr:city"":""San Francisco"",""addr:housenumber"":""800"",""addr:postcode"":""94109"",""addr:state"":""CA"",""addr:street"":""Post Street"",""amenity"":""bar"",""check_date"":""2023-02-02"",""cocktails"":""yes"",""contact:facebook"":""TheRoyaleSF"",""contact:instagram"":""theroyalesf"",""drink:beer"":""yes"",""email"":""will@theroyalesf.com"",""indoor_seating"":""yes"",""live_music"":""yes"",""name"":""The Royale"",""opening_hours"":""Mo-We, Su 17:00-00:00; Th-Sa 17:00-02:00"",""opening_hours:url"":""https://www.theroyalesf.com/"",""outdoor_seating"":""no"",""phone"":""+1-415-441-4099"",""sport"":""billiards"",""website"":""https://www.theroyalesf.com/"",""website:calendar"":""https://www.theroyalesf.com/calendar""}"
2026-10-02T15:01:21Z,100023,San Francisco,CA,node,4312016590,The Rumpus Room,bar,37.7818459,-122.4100401,https://www.therumpusroomsf.com/,+1 415 7951413,"Tu-Sa 14:00-26:00; Su,Mo off",Tu-Fr 14:00-17:00,,,,,,,no,,10,6th Street,San Francisco,CA,94103,,,,"{""addr:city"":""San Francisco"",""addr:housenumber"":""10"",""addr:postcode"":""94103"",""addr:state"":""CA"",""addr:street"":""6th Street"",""amenity"":""bar"",""cocktails"":""yes"",""contact:facebook"":""therumpusroomsf"",""contact:instagram"":""therumpusroomsf"",""drink:beer"":""yes"",""drink:wine"":""yes"",""email"":""info@therumpusroomsf.com"",""happy_hours"":""Tu-Fr 14:00-17:00"",""indoor_seating"":""yes"",""name"":""The Rumpus Room"",""old_name"":""Showdown Bar"",""opening_hours"":""Tu-Sa 14:00-26:00; Su,Mo off"",""opening_hours:url"":""https://www.therumpusroomsf.com/"",""outdoor_seating"":""no"",""phone"":""+1 415 7951413"",""website"":""https://www.therumpusroomsf.com/"",""website:calendar"":""https://www.therumpusroomsf.com/calendar/events/"",""website:menu"":""https://www.therumpusroomsf.com/menu/""}"
2026-10-02T15:01:21Z,100023,San Francisco,CA,node,4331553009,Ocean Ale House,bar,37.7241672,-122.45677,,,,,,,,,,,,,1314,Ocean Avenue,San Francisco,CA,94112,,,2026-01-29,"{""addr:city"":""San Francisco"",""addr:housenumber"":""1314"",""addr:postcode"":""94112"",""addr:state"":""CA"",""addr:street"":""Ocean Avenue"",""amenity"":""bar"",""check_date"":""2026-01-29"",""name"":""Ocean Ale House"",""smoking"":""no"",""wheelchair"":""yes""}"
2026-10-02T15:01:21Z,100023,San Francisco,CA,node,4343745976,Pied Piper,bar,37.7883976,-122.4020921,https://www.piedpipersf.com/,+1 415 546 5089,Mo-Su 17:00-23:00,,,,,,,,,,2,New Montgomery Street,San Francisco,CA,94105,,,2026-04-24,"{""addr:city"":""San Francisco"",""addr:housenumber"":""2"",""addr:postcode"":""94105"",""addr:state"":""CA"",""addr:street"":""New Montgomery Street"",""amenity"":""bar"",""check_date"":""2026-04-24"",""name"":""Pied Piper"",""opening_hours"":""Mo-Su 17:00-23:00"",""phone"":""+1 415 546 5089"",""smoking"":""no"",""website"":""https://www.piedpipersf.com/""}"
2026-10-02T15:01:21Z,100023,San Francisco,CA,node,4403707689,Café Prague,pub,37.7955107,-122.4009685,,,,,,,,,,,,,424,Merchant Street,,,94111,,,,"{""addr:housenumber"":""424"",""addr:postcode"":""94111"",""addr:street"":""Merchant Street"",""amenity"":""pub"",""internet_access"":""wlan"",""name"":""Café Prague"",""name:cs"":""Café Praha"",""name:en"":""Café Prague""}"
2026-10-02T15:01:21Z,100023,San Francisco,CA,node,4419680995,Boom Boom Room,music_venue,37.7846021,-122.433137,https://boomboomroom.com/,,,,,,,,,,,,1601,Fillmore Street,,,,,,2026-02-17,"{""addr:housenumber"":""1601"",""addr:street"":""Fillmore Street"",""amenity"":""music_venue"",""check_date"":""2026-02-17"",""fixme"":""Consider replacing"",""name"":""Boom Boom Room"",""website"":""https://boomboomroom.com/"",""wheelchair"":""yes""}"
2026-10-02T15:01:21Z,100023,San Francisco,CA,node,4425675189,111 Minna Gallery,bar,37.7874657,-122.3993218,https://www.111minnagallery.com/,,,,,,,,,,,,111,Minna Street,,,94105,,,,"{""addr:housenumber"":""111"",""addr:postcode"":""94105"",""addr:street"":""Minna Street"",""amenity"":""bar"",""name"":""111 Minna Gallery"",""website"":""https://www.111minnagallery.com/"",""wheelchair"":""yes""}"
2026-10-02T15:01:21Z,100023,San Francisco,CA,node,4453775089,Boardroom,bar,37.7988897,-122.4086539,,,,,,,,,,,,,,,,,,,,,"{""amenity"":""bar"",""name"":""Boardroom"",""name:en"":""Boardroom""}"
2026-10-02T15:01:21Z,100023,San Francisco,CA,node,4467802664,Balancoire,bar,37.7561254,-122.4184756,http://balancoiresf.com,+1-415-920-0577,,,,,,,,,,,2565,Mission Street,San Francisco,CA,94110,,,,"{""addr:city"":""San Francisco"",""addr:housenumber"":""2565"",""addr:postcode"":""94110"",""addr:state"":""CA"",""addr:street"":""Mission Street"",""amenity"":""bar"",""name"":""Balancoire"",""phone"":""+1-415-920-0577"",""website"":""http://balancoiresf.com""}"
2026-10-02T15:01:21Z,100023,San Francisco,CA,node,4482434591,Bus Stop,bar,37.7976041,-122.4307094,https://www.busstop-sf.com/,+1-415-567-6905,,,,,,,,,,,1901,Union Street,San Francisco,CA,94123,,,,"{""addr:city"":""San Francisco"",""addr:housenumber"":""1901"",""addr:postcode"":""94123"",""addr:state"":""CA"",""addr:street"":""Union Street"",""amenity"":""bar"",""name"":""Bus Stop"",""name:en"":""Bus Stop"",""phone"":""+1-415-567-6905"",""website"":""https://www.busstop-sf.com/""}"
2026-10-02T15:01:21Z,100023,San Francisco,CA,node,4498256594,Bartlett Hall,bar,37.7864629,-122.408778,https://www.bartletthall.com/,+1 415 4334332,"Mo off; Tu-Th 16:00-21:30; Fr,Sa 16:00-22:30; Su 12:00-20:30",,,,,,,,,,242,O'Farrell Street,San Francisco,CA,94102,,,2026-04-09,"{""addr:city"":""San Francisco"",""addr:housenumber"":""242"",""addr:postcode"":""94102"",""addr:state"":""CA"",""addr:street"":""O'Farrell Street"",""amenity"":""bar"",""check_date"":""2026-04-09"",""cocktails"":""yes"",""contact:facebook"":""BartlettHallSF"",""contact:instagram"":""bartletthallsf"",""contact:twitter"":""BartlettHallSF"",""contact:yelp"":""https://www.yelp.com/biz/bartlett-hall-san-francisco"",""drink:beer"":""yes"",""drink:wine"":""yes"",""email"":""info@bartletthall.com"",""food"":""yes"",""level"":""0"",""name"":""Bartlett Hall"",""opening_hours"":""Mo off; Tu-Th 16:00-21:30; Fr,Sa 16:00-22:30; Su 12:00-20:30"",""opening_hours:signed"":""yes"",""opening_hours:url"":""https://www.bartletthall.com/hours-and-location/"",""phone"":""+1 415 4334332"",""reservation"":""yes"",""website"":""https://www.bartletthall.com/"",""wheelchair"":""yes""}"
2026-10-02T15:01:21Z,100023,San Francisco,CA,node,4513023134,Neck of the Woods,bar,37.7831255,-122.4637116,,,,,,,,,,,,,406,Clement Street,,,,,,2026-03-13,"{""addr:housenumber"":""406"",""addr:street"":""Clement Street"",""amenity"":""bar"",""check_date"":""2026-03-13"",""level"":""0"",""name"":""Neck of the Woods"",""wheelchair"":""yes""}"
2026-10-02T15:01:21Z,100023,San Francisco,CA,node,4516187333,Dahlia,bar,37.768386,-122.4198601,https://www.dahliasf.com/,,We-Su 17:00-26:00,,,yes,,,,,,,1799,Mission Street,San Francisco,CA,94103,,,2026-01-24,"{""addr:city"":""San Francisco"",""addr:housenumber"":""1799"",""addr:postcode"":""94103"",""addr:state"":""CA"",""addr:street"":""Mission Street"",""amenity"":""bar"",""capacity"":""99"",""check_date"":""2026-01-24"",""cocktails"":""yes"",""contact:facebook"":""DahliaLoungeSF"",""contact:instagram"":""dahliasflounge"",""contact:yelp"":""https://www.yelp.com/biz/dahlia-lounge-san-francisco"",""email"":""thecraft@dahliasf.com"",""indoor_seating"":""yes"",""live_music"":""yes"",""name"":""Dahlia"",""old_name"":""The Armory Club"",""opening_hours"":""We-Su 17:00-26:00"",""opening_hours:url"":""https://www.dahliasf.com/"",""website"":""https://www.dahliasf.com/"",""wheelchair"":""no""}"
2026-10-02T15:01:21Z,100023,San Francisco,CA,node,4516193228,The Crafty Fox,pub,37.7698488,-122.4203472,http://craftyfoxsf.com/,+1 415 4166602,Mo off; Tu-Fr 16:00-22:00; Sa 14:00-22:00; Su 14:00-21:00,,,,,,,,,american,1700,Mission Street,San Francisco,CA,,,,2025-12-04,"{""addr:city"":""San Francisco"",""addr:housenumber"":""1700"",""addr:state"":""CA"",""addr:street"":""Mission Street"",""amenity"":""pub"",""check_date"":""2025-12-04"",""cuisine"":""american"",""drink:beer"":""yes"",""email"":""info@craftyfoxsf.com"",""food"":""yes"",""level"":""0"",""name"":""The Crafty Fox"",""opening_hours"":""Mo off; Tu-Fr 16:00-22:00; Sa 14:00-22:00; Su 14:00-21:00"",""opening_hours:url"":""http://craftyfoxsf.com/"",""phone"":""+1 415 4166602"",""website"":""http://craftyfoxsf.com/"",""wheelchair"":""yes""}"
2026-10-02T15:01:21Z,100023,San Francisco,CA,node,4533347390,Pacific Cocktail Haven,bar,37.7893351,-122.4095272,https://www.pacificcocktailsf.com/,,"Tu-Sa 15:00-24:00 open ""Holiday Pop-up hours""",,,no,,,,,yes,,550,Sutter Street,San Francisco,CA,94102,,,,"{""addr:city"":""San Francisco"",""addr:housenumber"":""550"",""addr:postcode"":""94102"",""addr:state"":""CA"",""addr:street"":""Sutter Street"",""amenity"":""bar"",""capacity"":""54"",""cocktails"":""yes"",""contact:facebook"":""PCHSF"",""contact:instagram"":""PCH_SF"",""drink:beer"":""yes"",""drink:mocktail"":""yes"",""drink:sake"":""yes"",""drink:whisky"":""yes"",""drink:wine"":""yes"",""email"":""info@pacificcocktailsf.com"",""fixme"":""Either specify dates for holiday pop-up hours or change after 2022-12-31"",""food"":""no"",""indoor_seating"":""yes"",""live_music"":""no"",""name"":""Pacific Cocktail Haven"",""note:opening_hours"":""Normal hours are We-Sa 17:00-24:00"",""opening_hours"":""Tu-Sa 15:00-24:00 open \""Holiday Pop-up hours\"""",""opening_hours:url"":""https://www.pacificcocktailsf.com/"",""outdoor_seating"":""yes"",""reservation"":""no"",""short_name"":""PCH"",""website"":""https://www.pacificcocktailsf.com/"",""website:menu"":""https://www.pacificcocktailsf.com/menu"",""wheelchair"":""yes""}"
2026-10-02T15:01:21Z,100023,San Francisco,CA,node,4548639068,Bar 821,bar,37.7771532,-122.4384162,,,,,,,,,,,,,821,Divisadero Street,,,,,,2025-11-19,"{""addr:housenumber"":""821"",""addr:street"":""Divisadero Street"",""amenity"":""bar"",""check_date"":""2025-11-19"",""level"":""0"",""name"":""Bar 821"",""wheelchair"":""yes""}"
2026-10-02T15:01:21Z,100023,San Francisco,CA,node,4548821700,Doc's Clock,bar,37.7583654,-122.4188042,,,,,,,,,,,,,2417,Mission Street,San Francisco,CA,94110,,,2025-07-27,"{""addr:city"":""San Francisco"",""addr:housenumber"":""2417"",""addr:postcode"":""94110"",""addr:state"":""CA"",""addr:street"":""Mission Street"",""amenity"":""bar"",""check_date"":""2025-07-27"",""min_age"":""21"",""name"":""Doc's Clock""}"
2026-10-02T15:01:21Z,100023,San Francisco,CA,node,4548821706,El Farolito Bar,bar,37.7526946,-122.4183324,,,Mo-Su 11:00-02:00,,,,,,,,,,2777,Mission Street,,,,,,2025-03-27,"{""addr:housenumber"":""2777"",""addr:street"":""Mission Street"",""amenity"":""bar"",""check_date"":""2025-03-27"",""check_date:opening_hours"":""2025-03-27"",""description"":""pool tv sports soccer"",""name"":""El Farolito Bar"",""opening_hours"":""Mo-Su 11:00-02:00""}"
2026-10-02T15:01:21Z,100023,San Francisco,CA,node,4548821898,delarosa,bar,37.8003603,-122.4390753,,,,,,,,,,,,,2175,Chestnut Street,,,,,,,"{""addr:housenumber"":""2175"",""addr:street"":""Chestnut Street"",""amenity"":""bar"",""name"":""delarosa""}"
2026-10-02T15:01:21Z,100023,San Francisco,CA,node,4550076307,mini bar,bar,37.7773892,-122.4384608,,,,,,,,,,,,,837,Divisadero Street,,,,,,2025-11-19,"{""addr:housenumber"":""837"",""addr:street"":""Divisadero Street"",""amenity"":""bar"",""check_date"":""2025-11-19"",""name"":""mini bar""}"
2026-10-02T15:01:21Z,100023,San Francisco,CA,node,4550110115,Family,bar,37.7820272,-122.4492858,,,,,,,,,,,,,2807,Geary Boulevard,,,94118,,,2025-04-26,"{""addr:housenumber"":""2807"",""addr:postcode"":""94118"",""addr:street"":""Geary Boulevard"",""amenity"":""bar"",""check_date"":""2025-04-26"",""name"":""Family"",""sport"":""billiards""}"
2026-10-02T15:01:21Z,100023,San Francisco,CA,node,4558023340,TimeOut Tavern,bar,37.7860803,-122.4398627,,,,,,,,,,,,,,,,,,,,,"{""amenity"":""bar"",""name"":""TimeOut Tavern"",""was:name"":""San Francisco Athletic Club""}"
2026-10-02T15:01:21Z,100023,San Francisco,CA,node,4613841150,,bar,37.8002782,-122.4413801,,,,,,,,,,,,,,,,,,,,,"{""amenity"":""bar""}"
2026-10-02T15:01:21Z,100023,San Francisco,CA,node,4613888431,Black Magic Voodoo Lounge,bar,37.8014288,-122.4248369,,,,,,,,,,,,,1400,Lombard Street,,,,,,2023-10-25,"{""addr:housenumber"":""1400"",""addr:street"":""Lombard Street"",""amenity"":""bar"",""check_date"":""2023-10-25"",""name"":""Black Magic Voodoo Lounge"",""opening_hours:signed"":""no""}"
2026-10-02T15:01:21Z,100023,San Francisco,CA,node,4613893311,Tacolicious,restaurant,37.8003984,-122.4404647,https://tacolicious.com/,+1-415-582-1584,,,,,,,,,yes,mexican,2250,Chestnut Street,San Francisco,CA,94123,,,2025-09-18,"{""addr:city"":""San Francisco"",""addr:housenumber"":""2250"",""addr:postcode"":""94123"",""addr:state"":""CA"",""addr:street"":""Chestnut Street"",""amenity"":""restaurant"",""bar"":""yes"",""check_date"":""2025-09-18"",""cuisine"":""mexican"",""name"":""Tacolicious"",""outdoor_seating"":""yes"",""phone"":""+1-415-582-1584"",""website"":""https://tacolicious.com/""}"
2026-10-02T15:01:21Z,100023,San Francisco,CA,node,4614040398,Chief Sullivan's,pub,37.7995354,-122.4097428,,,,,,,,,,,,,622,Green Street,,,,,,2023-03-20,"{""addr:housenumber"":""622"",""addr:street"":""Green Street"",""amenity"":""pub"",""check_date"":""2023-03-20"",""name"":""Chief Sullivan's""}"
2026-10-02T15:01:21Z,100023,San Francisco,CA,node,4614040547,Gino and Carlo,pub,37.799719,-122.4081417,,,,,,,,,,,,,548,Green Street,,,,,,2023-05-27,"{""addr:housenumber"":""548"",""addr:street"":""Green Street"",""amenity"":""pub"",""check_date"":""2023-05-27"",""name"":""Gino and Carlo"",""wheelchair"":""no""}"
2026-10-02T15:01:21Z,100023,San Francisco,CA,node,4614040551,Convivium Enoteca,bar,37.7997661,-122.4077954,,,,,,,,,,,,,,,,,,,,2023-05-27,"{""amenity"":""bar"",""check_date"":""2023-05-27"",""name"":""Convivium Enoteca""}"
2026-10-02T15:01:21Z,100023,San Francisco,CA,node,4614040696,Score,pub,37.798171,-122.405187,,,,,,,,,,,,,,,,,,,,,"{""amenity"":""pub"",""name"":""Score""}"
2026-10-02T15:01:21Z,100023,San Francisco,CA,node,4615928118,Palmer's,bar,37.7906111,-122.4340533,,,,,,,,,,,,,,,,,,,,2026-03-11,"{""amenity"":""bar"",""building"":""construction"",""check_date"":""2026-03-11"",""disused"":""yes"",""name"":""Palmer's""}"
2026-10-02T15:01:21Z,100023,San Francisco,CA,node,4616010834,Duster's,pub,37.7986289,-122.4075152,,,,,,,,,,,,,,,,,,,,,"{""amenity"":""pub"",""name"":""Duster's""}"
2026-10-02T15:01:21Z,100023,San Francisco,CA,node,4616136997,The Barrel Room,bar,37.7941595,-122.4015076,https://www.barrelroomsf.com/,,Mo-Fr 15:30-21:00,,,,,,,,,,415,Sansome Street,,,,,,2023-07-12,"{""addr:housenumber"":""415"",""addr:street"":""Sansome Street"",""amenity"":""bar"",""check_date"":""2023-07-12"",""description"":""Bar to the left, wine sales to the right. "",""name"":""The Barrel Room"",""opening_hours"":""Mo-Fr 15:30-21:00"",""payment:credit_cards"":""yes"",""shop"":""wine"",""website"":""https://www.barrelroomsf.com/""}"
2026-10-02T15:01:21Z,100023,San Francisco,CA,node,4618173073,Patriot House,pub,37.7950723,-122.3987013,,,,,,,,,,,yes,,,,,,,,,,"{""amenity"":""pub"",""name"":""Patriot House"",""outdoor_seating"":""yes"",""wheelchair"":""yes""}"
2026-10-02T15:01:21Z,100023,San Francisco,CA,node,4625320600,Noren Izakaya,pub,37.800358,-122.4110142,https://www.norenizakaya.com/,+1 415 2919268,"Tu-Su 12:00-14:30,17:00-21:00; Mo off",,,,,,,,yes,japanese;barbecue,1701,Powell Street,San Francisco,CA,94133,,,,"{""addr:city"":""San Francisco"",""addr:housenumber"":""1701"",""addr:postcode"":""94133"",""addr:state"":""CA"",""addr:street"":""Powell Street"",""amenity"":""pub"",""cocktails"":""yes"",""contact:facebook"":""NorenIzakaya"",""contact:instagram"":""NorenIzakaya"",""cuisine"":""japanese;barbecue"",""drink:beer"":""yes"",""drink:sake"":""yes"",""food"":""yes"",""name"":""Noren Izakaya"",""opening_hours"":""Tu-Su 12:00-14:30,17:00-21:00; Mo off"",""outdoor_seating"":""yes"",""phone"":""+1 415 2919268"",""reservation"":""yes"",""takeaway"":""yes"",""toilets:wheelchair"":""no"",""website"":""https://www.norenizakaya.com/"",""wheelchair"":""limited"",""wheelchair:description:en"":""Main dining area is wheelchair accessible, but toilets have steps""}"
2026-10-02T15:01:21Z,100023,San Francisco,CA,node,4628492031,Obscenity Bar & Lounge,bar,37.789209,-122.4097357,https://www.viceroyhotelsandresorts.com/emblem/dining-nightlife/obscenity-bar-lounge,+1 415 4334434,Mo-Su 16:30-22:00,,,,,,,,no,,562,Sutter Street,San Francisco,CA,,,,,"{""addr:city"":""San Francisco"",""addr:housenumber"":""562"",""addr:state"":""CA"",""addr:street"":""Sutter Street"",""air_conditioning"":""yes"",""amenity"":""bar"",""contact:yelp"":""https://www.yelp.com/biz/obscenity-bar-and-lounge-san-francisco"",""email"":""info.emblem@viceroyhotelgroup.com"",""name"":""Obscenity Bar & Lounge"",""opening_hours"":""Mo-Su 16:30-22:00"",""opening_hours:url"":""https://www.viceroyhotelsandresorts.com/emblem/dining-nightlife/obscenity-bar-lounge"",""outdoor_seating"":""no"",""phone"":""+1 415 4334434"",""website"":""https://www.viceroyhotelsandresorts.com/emblem/dining-nightlife/obscenity-bar-lounge""}"
2026-10-02T15:01:21Z,100023,San Francisco,CA,node,4631708918,Jonell's,bar,37.7847489,-122.4129205,,,,,,,,,,,no,,401,Ellis Street,San Francisco,CA,,,,,"{""addr:city"":""San Francisco"",""addr:housenumber"":""401"",""addr:state"":""CA"",""addr:street"":""Ellis Street"",""amenity"":""bar"",""name"":""Jonell's"",""outdoor_seating"":""no""}"
2026-10-02T15:01:21Z,100023,San Francisco,CA,node,4631842574,Green Sports Bar,bar,37.7975872,-122.4222394,,,,,,,,,,,,,,,,,,,,,"{""amenity"":""bar"",""name"":""Green Sports Bar""}"
2026-10-02T15:01:21Z,100023,San Francisco,CA,node,4750382901,Together Lounge,bar,37.7581814,-122.388527,,,,,,,,,,,,,2490,3rd Street,,,,,,2025-08-17,"{""addr:housenumber"":""2490"",""addr:street"":""3rd Street"",""amenity"":""bar"",""check_date"":""2025-08-17"",""name"":""Together Lounge"",""wheelchair"":""yes""}"
2026-10-02T15:01:21Z,100023,San Francisco,CA,node,4814206526,Richmond Republic Draught House,bar,37.7830174,-122.4662352,https://www.richmondrepublicsf.com/,,,,,,,,,yes,no,,642,Clement Street,San Francisco,CA,94118,,,,"{""addr:city"":""San Francisco"",""addr:housenumber"":""642"",""addr:postcode"":""94118"",""addr:state"":""CA"",""addr:street"":""Clement Street"",""amenity"":""bar"",""brewery"":""yes"",""name"":""Richmond Republic Draught House"",""outdoor_seating"":""no"",""website"":""https://www.richmondrepublicsf.com/"",""wheelchair"":""yes""}"
2026-10-02T15:01:21Z,100023,San Francisco,CA,node,4839249789,Madrone Art Bar,bar,37.7741994,-122.4374971,https://madroneartbar.com/,+1 415 2410202,"Mo-Sa 16:00-26:00; Su 15:00-24:00 || ""Check calendar""",,,yes,,,,,,,500,Divisadero Street,San Francisco,CA,94117,,,2026-05-14,"{""addr:city"":""San Francisco"",""addr:housenumber"":""500"",""addr:postcode"":""94117"",""addr:state"":""CA"",""addr:street"":""Divisadero Street"",""amenity"":""bar"",""check_date"":""2026-05-14"",""contact:facebook"":""madroneartbar"",""contact:instagram"":""madroneartbar"",""contact:twitter"":""madroneartbar"",""email"":""info@michaelkrouse.com"",""live_music"":""yes"",""name"":""Madrone Art Bar"",""opening_hours"":""Mo-Sa 16:00-26:00; Su 15:00-24:00 || \""Check calendar\"""",""opening_hours:url"":""https://madroneartbar.com/contact/"",""phone"":""+1 415 2410202"",""website"":""https://madroneartbar.com/"",""website:calendar"":""https://madroneartbar.com/calendar/""}"
2026-10-02T15:01:21Z,100023,San Francisco,CA,node,4839249796,Horse Feather,restaurant,37.7744996,-122.4375492,https://www.horsefeather.com,+1-415-895-2531,,,,,,,,,,california;american;comfort,528,Divisadero Street,San Francisco,,94117,,,2025-09-18,"{""addr:city"":""San Francisco"",""addr:housenumber"":""528"",""addr:postcode"":""94117"",""addr:street"":""Divisadero Street"",""amenity"":""restaurant"",""bar"":""yes"",""check_date"":""2025-09-18"",""cuisine"":""california;american;comfort"",""level"":""0"",""name"":""Horse Feather"",""phone"":""+1-415-895-2531"",""website"":""https://www.horsefeather.com""}"
2026-10-02T15:01:21Z,100023,San Francisco,CA,node,4839978312,Bar Fluxus,bar,37.7902514,-122.4049416,https://www.barfluxus.com/,+1 415 4211894,"Mo,Tu off; We,Th 16:00-26:00; Fr 15:30-26:00; Sa 16:00-26:00; Su 17:00-26:00",,,,,,,,,,18,Harlan Place,San Francisco,CA,,,,,"{""addr:city"":""San Francisco"",""addr:housenumber"":""18"",""addr:state"":""CA"",""addr:street"":""Harlan Place"",""amenity"":""bar"",""cocktails"":""yes"",""contact:facebook"":""barfluxus"",""contact:instagram"":""barfluxus"",""contact:twitter"":""barfluxus"",""drink:beer"":""yes"",""drink:wine"":""yes"",""email"":""Ludo@barfluxus.com"",""name"":""Bar Fluxus"",""opening_hours"":""Mo,Tu off; We,Th 16:00-26:00; Fr 15:30-26:00; Sa 16:00-26:00; Su 17:00-26:00"",""opening_hours:url"":""https://www.barfluxus.com/about"",""phone"":""+1 415 4211894"",""website"":""https://www.barfluxus.com/"",""website:menu"":""https://www.barfluxus.com/cocktails""}"
2026-10-02T15:01:21Z,100023,San Francisco,CA,node,4911533921,Cha Cha Cha,restaurant,37.7597918,-122.41894,,,,,,,,,,,,caribbean;tapas,2327,Mission Street,,,94110,,,2025-05-25,"{""addr:housenumber"":""2327"",""addr:postcode"":""94110"",""addr:street"":""Mission Street"",""amenity"":""restaurant"",""bar"":""yes"",""check_date"":""2025-05-25"",""cuisine"":""caribbean;tapas"",""level"":""0"",""name"":""Cha Cha Cha"",""wheelchair"":""yes""}"
2026-10-02T15:01:21Z,100023,San Francisco,CA,node,4927522422,Bell Tower,bar,37.7943038,-122.4212799,,,,,,,,,,,,,,,,,,,,,"{""amenity"":""bar"",""name"":""Bell Tower"",""name:en"":""Bell Tower""}"
2026-10-02T15:01:21Z,100023,San Francisco,CA,node,4934823007,The Napper Tandy,pub,37.7524748,-122.4164736,,+1-415-550-7510,,,,,,,,,,,3200,24th Street,San Francisco,CA,94110,,,2026-03-09,"{""addr:city"":""San Francisco"",""addr:housenumber"":""3200"",""addr:postcode"":""94110"",""addr:state"":""CA"",""addr:street"":""24th Street"",""amenity"":""pub"",""check_date"":""2026-03-09"",""level"":""0"",""name"":""The Napper Tandy"",""phone"":""+1-415-550-7510"",""wheelchair"":""yes""}"
2026-10-02T15:01:21Z,100023,San Francisco,CA,node,4937360419,El Trebol,bar,37.7554153,-122.4175471,,+1-415-647-5774,,,,,,,,,,,3149,22nd Street,San Francisco,CA,94110,,,2023-07-21,"{""addr:city"":""San Francisco"",""addr:housenumber"":""3149"",""addr:postcode"":""94110"",""addr:state"":""CA"",""addr:street"":""22nd Street"",""amenity"":""bar"",""check_date"":""2023-07-21"",""name"":""El Trebol"",""phone"":""+1-415-647-5774"",""smoking"":""no""}"
2026-10-02T15:01:21Z,100023,San Francisco,CA,node,4937368172,Evil Eye,bar,37.7500359,-122.4180938,https://www.evileyesf.com/,+1-415-814-3779,"Tu-Th 17:00-22:00, Fr-Su 17:00-24:00",,,,,,,,no,,2937,Mission Street,San Francisco,CA,94110,,,2026-02-26,"{""addr:city"":""San Francisco"",""addr:housenumber"":""2937"",""addr:postcode"":""94110"",""addr:state"":""CA"",""addr:street"":""Mission Street"",""amenity"":""bar"",""check_date"":""2026-02-26"",""check_date:opening_hours"":""2026-02-26"",""name"":""Evil Eye"",""opening_hours"":""Tu-Th 17:00-22:00, Fr-Su 17:00-24:00"",""outdoor_seating"":""no"",""phone"":""+1-415-814-3779"",""smoking"":""no"",""website"":""https://www.evileyesf.com/""}"
2026-10-02T15:01:21Z,100023,San Francisco,CA,node,4972855035,Vinorosso Enoteca,bar,37.7390486,-122.4153708,http://www.vinorossosf.com.,+1-415-647-1268,Mo-Fr 16:00-23:00; Sa 15:00-23:00; Su 15:00-22:00,,,,,,,,,italian,,,,,,,,,"{""amenity"":""bar"",""cuisine"":""italian"",""email"":""info@vinorossosf.com"",""name"":""Vinorosso Enoteca"",""opening_hours"":""Mo-Fr 16:00-23:00; Sa 15:00-23:00; Su 15:00-22:00"",""phone"":""+1-415-647-1268"",""website"":""http://www.vinorossosf.com.""}"
2026-10-02T15:01:21Z,100023,San Francisco,CA,node,4987099522,Bar None,bar,37.797663,-122.4319104,https://sfbarnone.com/,+1-415-409-4469,,,,,,,,,,,1980,Union Street,San Francisco,CA,94123,,,,"{""addr:city"":""San Francisco"",""addr:housenumber"":""1980"",""addr:postcode"":""94123"",""addr:state"":""CA"",""addr:street"":""Union Street"",""amenity"":""bar"",""name"":""Bar None"",""name:en"":""Bar None"",""phone"":""+1-415-409-4469"",""website"":""https://sfbarnone.com/""}"
2026-10-02T15:01:21Z,100023,San Francisco,CA,node,5182461992,Peacock Lounge,nightclub,37.7721064,-122.4313888,,,,,,,,,,,,,552,Haight Street,San Francisco,,94117,,,2026-05-26,"{""addr:city"":""San Francisco"",""addr:housenumber"":""552"",""addr:postcode"":""94117"",""addr:street"":""Haight Street"",""amenity"":""nightclub"",""check_date"":""2026-05-26"",""name"":""Peacock Lounge""}"
2026-10-02T15:01:21Z,100023,San Francisco,CA,node,5182462007,Underground SF,nightclub,37.7723529,-122.4293176,,,,,,,,,,,,,424,Haight Street,,,94117,,,2025-03-04,"{""addr:housenumber"":""424"",""addr:postcode"":""94117"",""addr:street"":""Haight Street"",""amenity"":""nightclub"",""check_date"":""2025-03-04"",""name"":""Underground SF"",""wheelchair"":""yes""}"
2026-10-02T15:01:21Z,100023,San Francisco,CA,node,5261258921,SF Citadel,nightclub,37.7841303,-122.4104304,,,,,,,,,,,,,,,,,,,,,"{""amenity"":""nightclub"",""name"":""SF Citadel""}"
2026-10-02T15:01:21Z,100023,San Francisco,CA,node,5264776821,Victory Hall & Parlor,bar,37.7789359,-122.3940943,https://www.victoryhallsf.com/,+1-415-543-4255,"Mo 16:00-22:00; Tu-Fr 11:30-22:00; Sa,Su 10:30-22:00",,,,,,,,yes,,,,,,,,,,"{""amenity"":""bar"",""indoor_seating"":""yes"",""name"":""Victory Hall & Parlor"",""opening_hours"":""Mo 16:00-22:00; Tu-Fr 11:30-22:00; Sa,Su 10:30-22:00"",""outdoor_seating"":""yes"",""phone"":""+1-415-543-4255"",""website"":""https://www.victoryhallsf.com/"",""wheelchair"":""yes""}"
2026-10-02T15:01:21Z,100023,San Francisco,CA,node,5352315989,Churchill,pub,37.7678473,-122.4291843,https://www.churchillsf.com/,+1 415 5709198,"Su,Mo 16:00-24:00; Tu-Sa 16:00-26:00",,,,,,,,no,,198,Church Street,San Francisco,CA,94114,,,2025-06-28,"{""addr:city"":""San Francisco"",""addr:housenumber"":""198"",""addr:postcode"":""94114"",""addr:state"":""CA"",""addr:street"":""Church Street"",""amenity"":""pub"",""check_date"":""2025-06-28"",""cocktails"":""yes"",""contact:facebook"":""Churchillsf"",""contact:instagram"":""churchillbarsf"",""drink:beer"":""yes"",""drink:wine"":""yes"",""email"":""info@churchillsf.com"",""indoor_seating"":""yes"",""level"":""0"",""name"":""Churchill"",""opening_hours"":""Su,Mo 16:00-24:00; Tu-Sa 16:00-26:00"",""opening_hours:url"":""https://www.churchillsf.com/"",""outdoor_seating"":""no"",""phone"":""+1 415 5709198"",""reservation"":""yes"",""smoking"":""no"",""website"":""https://www.churchillsf.com/"",""website:menu"":""https://www.churchillsf.com/menu"",""wheelchair"":""yes""}"
2026-10-02T15:01:21Z,100023,San Francisco,CA,node,5538811245,Blooms Saloon,bar,37.7627366,-122.3960042,,,,,,,,,,,yes,,1318,18th Street,San Francisco,CA,94107,,,,"{""addr:city"":""San Francisco"",""addr:housenumber"":""1318"",""addr:postcode"":""94107"",""addr:state"":""CA"",""addr:street"":""18th Street"",""amenity"":""bar"",""name"":""Blooms Saloon"",""outdoor_seating"":""yes"",""wheelchair"":""limited""}"
2026-10-02T15:01:21Z,100023,San Francisco,CA,node,5538811250,Ruby Wine,bar,37.7624711,-122.3969617,https://rubywinesf.com/,,,,,,,,,,yes,,1419,18th Street,,,,,,,"{""addr:housenumber"":""1419"",""addr:street"":""18th Street"",""amenity"":""bar"",""bar"":""wine_bar"",""name"":""Ruby Wine"",""outdoor_seating"":""yes"",""shop"":""wine"",""website"":""https://rubywinesf.com/""}"
2026-10-02T15:01:21Z,100023,San Francisco,CA,node,5594507568,Slate,nightclub,37.7650253,-122.4181139,,,,,,,,,,,,,2925,16th Street,,,,,,2024-04-06,"{""addr:housenumber"":""2925"",""addr:street"":""16th Street"",""amenity"":""nightclub"",""check_date"":""2024-04-06"",""name"":""Slate"",""sport"":""billiards""}"
2026-10-02T15:01:21Z,100023,San Francisco,CA,node,5596090221,Whitechapel,bar,37.7822987,-122.4188956,https://www.whitechapelsf.com,,"Mo,Tu,Su off; We,Th 17:00-22:00; Fr,Sa 17:00-24:00",,,,,,,,no,,600,Polk Street,San Francisco,CA,94102,,,2025-07-15,"{""addr:city"":""San Francisco"",""addr:housenumber"":""600"",""addr:postcode"":""94102"",""addr:state"":""CA"",""addr:street"":""Polk Street"",""amenity"":""bar"",""check_date"":""2025-07-15"",""cocktails"":""yes"",""contact:facebook"":""whitechapelsf"",""contact:instagram"":""whitechapelsf"",""contact:twitter"":""whitechapelsf"",""drink:beer"":""yes"",""drink:wine"":""yes"",""email"":""info@whitechapelsf.com"",""food"":""yes"",""indoor_seating"":""yes"",""internet_access"":""wlan"",""name"":""Whitechapel"",""opening_hours"":""Mo,Tu,Su off; We,Th 17:00-22:00; Fr,Sa 17:00-24:00"",""opening_hours:kitchen"":""We-Sa 17:00-21:00"",""opening_hours:url"":""https://www.whitechapelsf.com"",""outdoor_seating"":""no"",""reservation"":""no"",""sport"":""billiards"",""url"":""https://menu.smarttab.com/whitechapelsf/1/"",""website"":""https://www.whitechapelsf.com"",""wheelchair"":""yes""}"
2026-10-02T15:01:21Z,100023,San Francisco,CA,node,5612872169,The Great Northern,bar,37.7676612,-122.4065246,https://thegreatnorthernsf.com,+1-415-626-7001,,,,,,,,,,,119,Utah Street,San Francisco,CA,94103,,,,"{""addr:city"":""San Francisco"",""addr:housenumber"":""119"",""addr:postcode"":""94103"",""addr:state"":""CA"",""addr:street"":""Utah Street"",""amenity"":""bar"",""name"":""The Great Northern"",""phone"":""+1-415-626-7001"",""website"":""https://thegreatnorthernsf.com""}"
2026-10-02T15:01:21Z,100023,San Francisco,CA,node,5796524756,Final final,bar,37.7985479,-122.44584,,,,,,,,,,,,hot_dog;pizza,,Lombard Street,,,,,,,"{""addr:street"":""Lombard Street"",""amenity"":""bar"",""cuisine"":""hot_dog;pizza"",""internet_access"":""wlan"",""name"":""Final final""}"
2026-10-02T15:01:21Z,100023,San Francisco,CA,node,5840675540,The Plough and the Stars,pub,37.7832553,-122.4605138,,,"""Shut down for COVID""",,,,,,,,,,116,Clement Street,,,94118,,,,"{""addr:housenumber"":""116"",""addr:postcode"":""94118"",""addr:street"":""Clement Street"",""amenity"":""pub"",""name"":""The Plough and the Stars"",""opening_hours"":""\""Shut down for COVID\""""}"
2026-10-02T15:01:21Z,100023,San Francisco,CA,node,5876905615,Woods Outbound,bar,37.7603154,-122.5055935,,,,,,,,,,,,,4045,Judah Street,San Francisco,CA,94122,,,,"{""addr:city"":""San Francisco"",""addr:housenumber"":""4045"",""addr:postcode"":""94122"",""addr:state"":""CA"",""addr:street"":""Judah Street"",""amenity"":""bar"",""name"":""Woods Outbound""}"
2026-10-02T15:01:21Z,100023,San Francisco,CA,node,5880291830,The Halfway Club,bar,37.7143665,-122.436924,https://www.halfwayclub.com/,+1-628-377-0020,Tu-Th 16:00-00:00; Fr-Sa 16:00-01:00; Su 16:00-21:00,,,,,,,,,,1166,Geneva Avenue,,,94112,,,,"{""addr:housenumber"":""1166"",""addr:postcode"":""94112"",""addr:street"":""Geneva Avenue"",""amenity"":""bar"",""internet_access"":""wlan"",""name"":""The Halfway Club"",""opening_hours"":""Tu-Th 16:00-00:00; Fr-Sa 16:00-01:00; Su 16:00-21:00"",""phone"":""+1-628-377-0020"",""website"":""https://www.halfwayclub.com/""}"
2026-10-02T15:01:21Z,100023,San Francisco,CA,node,5992714949,The City Club,bar,37.7650324,-122.417997,,,,,,,,,,,,,2919,16th Street,,,,,,2024-04-06,"{""addr:housenumber"":""2919"",""addr:street"":""16th Street"",""amenity"":""bar"",""check_date"":""2024-04-06"",""name"":""The City Club""}"
2026-10-02T15:01:21Z,100023,San Francisco,CA,node,6064189082,Woods Island Club,bar,37.8170938,-122.3708292,https://www.woodsbeer.com/island-club,,,,,,,,,wine,,,1,Avenue of the Palms,San Francisco,CA,94130,,,,"{""addr:city"":""San Francisco"",""addr:housenumber"":""1"",""addr:postcode"":""94130"",""addr:state"":""CA"",""addr:street"":""Avenue of the Palms"",""amenity"":""bar"",""brewery"":""wine"",""fixme"":""Determine position within the building"",""name"":""Woods Island Club"",""website"":""https://www.woodsbeer.com/island-club""}"
2026-10-02T15:01:21Z,100023,San Francisco,CA,node,6152485455,Ariake,restaurant,37.7804087,-122.4735845,,,"Mo-Th 11:30-14:30,17:00-22:00; Fr 11:30-14:30,17:00-23:00; Sa 12:00-15:00,17:00-23:00; Su off",,,,,,,,,japanese;sushi,5041,Geary Boulevard,San Francisco,CA,94118,,,2026-07-18,"{""addr:city"":""San Francisco"",""addr:housenumber"":""5041"",""addr:postcode"":""94118"",""addr:state"":""CA"",""addr:street"":""Geary Boulevard"",""amenity"":""restaurant"",""bar"":""yes"",""check_date"":""2026-07-18"",""cuisine"":""japanese;sushi"",""level"":""0"",""name"":""Ariake"",""opening_hours"":""Mo-Th 11:30-14:30,17:00-22:00; Fr 11:30-14:30,17:00-23:00; Sa 12:00-15:00,17:00-23:00; Su off"",""payment:visa"":""yes""}"
2026-10-02T15:01:21Z,100023,San Francisco,CA,node,6191250683,Club Malibu,nightclub,37.7422316,-122.4218441,,,,,,,,,,,,,3395,Mission Street,San Francisco,CA,94110,,,,"{""addr:city"":""San Francisco"",""addr:housenumber"":""3395"",""addr:postcode"":""94110"",""addr:state"":""CA"",""addr:street"":""Mission Street"",""amenity"":""nightclub"",""name"":""Club Malibu""}"
2026-10-02T15:01:21Z,100023,San Francisco,CA,node,6210959985,Kozy Kar,bar,37.791365,-122.4207198,http://kozykar.com/,+1 415 3465699,Th-Sa 19:00-26:00,,,,,,,,,,1548,Polk Street,San Francisco,CA,,,,2023-01-13,"{""addr:city"":""San Francisco"",""addr:housenumber"":""1548"",""addr:state"":""CA"",""addr:street"":""Polk Street"",""amenity"":""bar"",""check_date"":""2023-01-13"",""name"":""Kozy Kar"",""opening_hours"":""Th-Sa 19:00-26:00"",""opening_hours:url"":""http://kozykar.com/"",""phone"":""+1 415 3465699"",""website"":""http://kozykar.com/""}"
2026-10-02T15:01:21Z,100023,San Francisco,CA,node,6242795781,Ruth’s at Treat Street,bar,37.7526938,-122.4131711,,,"Mo,Su 13:00-24:00; Tu-Sa 13:00-02:00",,,,,,,yes,,,3050,24th Street,,,,,,2023-02-11,"{""addr:housenumber"":""3050"",""addr:street"":""24th Street"",""amenity"":""bar"",""brewery"":""yes"",""check_date"":""2023-02-11"",""name"":""Ruth’s at Treat Street"",""opening_hours"":""Mo,Su 13:00-24:00; Tu-Sa 13:00-02:00""}"
2026-10-02T15:01:21Z,100023,San Francisco,CA,node,6314144277,Fillmore Billiards,pub,37.7837256,-122.4326455,,+1-415-673-3514,,,,,,,,,,,1526,Fillmore Street,San Francisco,CA,94115,,,2023-07-29,"{""addr:city"":""San Francisco"",""addr:housenumber"":""1526"",""addr:postcode"":""94115"",""addr:state"":""CA"",""addr:street"":""Fillmore Street"",""amenity"":""pub"",""check_date"":""2023-07-29"",""drink:byob"":""yes"",""name"":""Fillmore Billiards"",""phone"":""+1-415-673-3514"",""sport"":""billiards""}"
2026-10-02T15:01:21Z,100023,San Francisco,CA,node,6371909286,Black cat,bar,37.7839108,-122.4144505,,,,,,,,,,,,,400,Eddy Street,,,,,,,"{""addr:housenumber"":""400"",""addr:street"":""Eddy Street"",""amenity"":""bar"",""name"":""Black cat""}"
2026-10-02T15:01:21Z,100023,San Francisco,CA,node,6371947786,Charmaine's rooftop bar,bar,37.780993,-122.4122888,https://www.charmainessf.com,+1 415 7863467,Mo-Th 17:00-23:00; Fr 17:00-24:00; Sa 16:00-24:00; Su 16:00-23:00,,,,,,,,,,,,,,,,,2025-11-19,"{""amenity"":""bar"",""check_date"":""2025-11-19"",""cocktails"":""yes"",""contact:facebook"":""CharmainesSanFrancisco"",""contact:yelp"":""https://www.yelp.com/biz/charmaines-san-francisco"",""email"":""info@charmainessf.com"",""name"":""Charmaine's rooftop bar"",""official_name"":""Charmaine's"",""opening_hours"":""Mo-Th 17:00-23:00; Fr 17:00-24:00; Sa 16:00-24:00; Su 16:00-23:00"",""opening_hours:url"":""https://www.charmainessf.com"",""payment:credit_cards"":""yes"",""payment:debit_cards"":""yes"",""phone"":""+1 415 7863467"",""reservation"":""yes"",""website"":""https://www.charmainessf.com""}"
2026-10-02T15:01:21Z,100023,San Francisco,CA,node,6426948685,20 Spot,bar,37.7584304,-122.4204199,https://www.20spot.com/,,Tu-Th 17:00-21:30; Fr-Sa 17:00-22:30,,,,,,,,,,3565,20th Street,San Francisco,CA,94110,,,,"{""addr:city"":""San Francisco"",""addr:housenumber"":""3565"",""addr:postcode"":""94110"",""addr:state"":""CA"",""addr:street"":""20th Street"",""amenity"":""bar"",""name"":""20 Spot"",""opening_hours"":""Tu-Th 17:00-21:30; Fr-Sa 17:00-22:30"",""website"":""https://www.20spot.com/"",""wheelchair"":""yes""}"
2026-10-02T15:01:21Z,100023,San Francisco,CA,node,6440030071,The Laughing Monk,pub,37.77574,-122.4460528,https://fulton.laughingmonk.com,+1-415-638-6667,"Mo-Th,Su 11:30-22:00; Fr-Sa 11:30-24:00",,,,,,,,,,1785,Fulton Street,,,,,,2026-06-09,"{""addr:housenumber"":""1785"",""addr:street"":""Fulton Street"",""amenity"":""pub"",""check_date"":""2026-06-09"",""level"":""0"",""name"":""The Laughing Monk"",""opening_hours"":""Mo-Th,Su 11:30-22:00; Fr-Sa 11:30-24:00"",""phone"":""+1-415-638-6667"",""website"":""https://fulton.laughingmonk.com"",""wheelchair"":""yes""}"
2026-10-02T15:01:21Z,100023,San Francisco,CA,node,6450218486,Liquid Gold,bar,37.7905812,-122.417187,https://www.liquidgoldsf.com/,+1 415 6605142,Mo-Th 15:00-21:00; Fr 15:00-22:00; Sa 14:00-22:00; Su 14:00-20:00,,,,,,,,,,1040,Hyde Street,San Francisco,CA,,,,,"{""addr:city"":""San Francisco"",""addr:housenumber"":""1040"",""addr:state"":""CA"",""addr:street"":""Hyde Street"",""amenity"":""bar"",""contact:facebook"":""liquidgoldsf"",""contact:instagram"":""liquidgoldsf"",""contact:twitter"":""LiquidGold_SF"",""drink:beer"":""yes"",""email"":""liquidgoldsf@gmail.com"",""name"":""Liquid Gold"",""opening_hours"":""Mo-Th 15:00-21:00; Fr 15:00-22:00; Sa 14:00-22:00; Su 14:00-20:00"",""phone"":""+1 415 6605142"",""website"":""https://www.liquidgoldsf.com/"",""website:menu"":""https://www.liquidgoldsf.com/live-tap-menu""}"
2026-10-02T15:01:21Z,100023,San Francisco,CA,node,6486930284,The Blarney Stone,bar,37.7801295,-122.4799505,,,Mo-Fr 14:00-02:00; Sa-Su 10:00-02:00,,,,,,,,,,5625,Geary Boulevard,San Francisco,CA,94121,,,2026-07-18,"{""addr:city"":""San Francisco"",""addr:housenumber"":""5625"",""addr:postcode"":""94121"",""addr:state"":""CA"",""addr:street"":""Geary Boulevard"",""amenity"":""bar"",""check_date"":""2026-07-18"",""name"":""The Blarney Stone"",""opening_hours"":""Mo-Fr 14:00-02:00; Sa-Su 10:00-02:00""}"
2026-10-02T15:01:21Z,100023,San Francisco,CA,node,6502703601,Boomerang,bar,37.7542699,-122.4791847,,,,,,,,,,,,,1430,Noriega Street,,,,,,,"{""addr:housenumber"":""1430"",""addr:street"":""Noriega Street"",""amenity"":""bar"",""name"":""Boomerang"",""name:ko"":""부메랑""}"
2026-10-02T15:01:21Z,100023,San Francisco,CA,node,6515692972,Happy Lounge,bar,37.7810461,-122.4597222,,,,,,,,,,,,,3745,Geary Boulevard,San Francisco,CA,94118,,,,"{""addr:city"":""San Francisco"",""addr:housenumber"":""3745"",""addr:postcode"":""94118"",""addr:state"":""CA"",""addr:street"":""Geary Boulevard"",""amenity"":""bar"",""name"":""Happy Lounge""}"
2026-10-02T15:01:21Z,100023,San Francisco,CA,node,6679529685,Kell’s,bar,37.7964373,-122.4040582,,,,,,,,,,,,,,,,,,,,,"{""alt_name"":""Kell’s Irish Pub and Restaurant"",""amenity"":""bar"",""name"":""Kell’s"",""theme"":""irish""}"
2026-10-02T15:01:21Z,100023,San Francisco,CA,node,6679598285,Maggie McGarrys,bar,37.7994205,-122.4074577,,+1 415-399-9020,,,,,,,,,,,1353,Grant Avenue,,,,,,2026-07-30,"{""addr:housenumber"":""1353"",""addr:street"":""Grant Avenue"",""amenity"":""bar"",""check_date"":""2026-07-30"",""name"":""Maggie McGarrys"",""phone"":""+1 415-399-9020""}"
2026-10-02T15:01:21Z,100023,San Francisco,CA,node,6698412416,The Detour,restaurant,37.7658057,-122.4314466,https://www.detoursf.com/,+1 415 8725310,Mo-Th 17:30-24:00; Fr 17:30-26:00; Sa 14:00-26:00; Su 14:00-22:00,,,,,,,,,pizza;wings;salad;sandwich,2200,Market Street,San Francisco,CA,94114,,,,"{""addr:city"":""San Francisco"",""addr:housenumber"":""2200"",""addr:postcode"":""94114"",""addr:state"":""CA"",""addr:street"":""Market Street"",""addr:unit"":""A"",""amenity"":""restaurant"",""bar"":""yes"",""contact:facebook"":""TheDetourSF"",""contact:instagram"":""thedetoursf"",""cuisine"":""pizza;wings;salad;sandwich"",""leisure"":""amusement_arcade"",""name"":""The Detour"",""note"":""Check website for opening hours, which may be adjusted weekly."",""opening_hours"":""Mo-Th 17:30-24:00; Fr 17:30-26:00; Sa 14:00-26:00; Su 14:00-22:00"",""opening_hours:url"":""https://www.detoursf.com/location/the-detour/"",""phone"":""+1 415 8725310"",""website"":""https://www.detoursf.com/""}"
2026-10-02T15:01:21Z,100023,San Francisco,CA,node,6744788662,Lincoln Park Bar & Grill,bar,37.7823521,-122.4943464,,,,,,,,,,,,,,,,,,,,,"{""amenity"":""bar"",""name"":""Lincoln Park Bar & Grill""}"
2026-10-02T15:01:21Z,100023,San Francisco,CA,node,6791676291,High Treason,bar,37.7828417,-122.4641076,,,,,,,,,,,,,443,Clement Street,,,,,,2026-03-13,"{""addr:housenumber"":""443"",""addr:street"":""Clement Street"",""amenity"":""bar"",""check_date"":""2026-03-13"",""check_date:opening_hours"":""2024-07-14"",""level"":""0"",""name"":""High Treason"",""opening_hours:signed"":""no"",""wheelchair"":""yes""}"
2026-10-02T15:01:21Z,100023,San Francisco,CA,node,6831790664,Would You Believe? Cocktails,bar,37.7809733,-122.4695178,,,,,,,,,,,,,,,,,,,,2026-01-21,"{""amenity"":""bar"",""check_date"":""2026-01-21"",""name"":""Would You Believe? Cocktails""}"
2026-10-02T15:01:21Z,100023,San Francisco,CA,node,6831790677,The Hearth,bar,37.780611,-122.4697821,,,Mo-Fr 14:00-26:00; Sa-Su 12:00-26:00,,,,,,,,,,4701,Geary Boulevard,,,,,,2026-01-21,"{""addr:housenumber"":""4701"",""addr:street"":""Geary Boulevard"",""amenity"":""bar"",""check_date"":""2026-01-21"",""level"":""0"",""name"":""The Hearth"",""opening_hours"":""Mo-Fr 14:00-26:00; Sa-Su 12:00-26:00"",""wheelchair"":""yes""}"
2026-10-02T15:01:21Z,100023,San Francisco,CA,node,6836067589,O'Keeffe's,bar,37.7773986,-122.462826,,+1 415-751-1449,,,,,,,,,,,598,5th Avenue,San Francisco,CA,94118,,,2025-07-16,"{""addr:city"":""San Francisco"",""addr:country"":""US"",""addr:housenumber"":""598"",""addr:postcode"":""94118"",""addr:state"":""CA"",""addr:street"":""5th Avenue"",""amenity"":""bar"",""check_date"":""2025-07-16"",""contact:facebook"":""https://www.facebook.com/people/OKeeffes-Bar/100065323876756/"",""level"":""0"",""name"":""O'Keeffe's"",""phone"":""+1 415-751-1449"",""wheelchair"":""limited""}"
2026-10-02T15:01:21Z,100023,San Francisco,CA,node,6839009628,Overtime,bar,37.7812248,-122.4638605,,,,,,,,,,,,,,,,,,,,,"{""amenity"":""bar"",""name"":""Overtime""}"
2026-10-02T15:01:21Z,100023,San Francisco,CA,node,6874561750,White Cap,bar,37.7418792,-122.5048589,https://whitecapsf.com/,,"Mo-Th 15:00-23:00, Fr 15:00-00:30, Sa 12:30-00:30, Su 12:30-23:00",,,,,,,,yes,,,,,,,,,2024-01-16,"{""amenity"":""bar"",""check_date"":""2024-01-16"",""level"":""0"",""name"":""White Cap"",""opening_hours"":""Mo-Th 15:00-23:00, Fr 15:00-00:30, Sa 12:30-00:30, Su 12:30-23:00"",""outdoor_seating"":""yes"",""website"":""https://whitecapsf.com/""}"
2026-10-02T15:01:21Z,100023,San Francisco,CA,node,7044799092,Mr. Tipple's Recording Studio,bar,37.7763736,-122.418569,https://mrtipplessf.com/,,We-Th 18:00-23:00; Fr-Sa 17:30-00:00,,,,,,,,,,39,Fell Street,San Francisco,CA,,,,,"{""addr:city"":""San Francisco"",""addr:housenumber"":""39"",""addr:state"":""CA"",""addr:street"":""Fell Street"",""amenity"":""bar"",""name"":""Mr. Tipple's Recording Studio"",""opening_hours"":""We-Th 18:00-23:00; Fr-Sa 17:30-00:00"",""website"":""https://mrtipplessf.com/""}"
2026-10-02T15:01:21Z,100023,San Francisco,CA,node,7127196316,Midnight Sun,bar,37.7608265,-122.43432,,,,,,,,,,,,,,,,,,,,,"{""amenity"":""bar"",""name"":""Midnight Sun""}"
2026-10-02T15:01:21Z,100023,San Francisco,CA,node,7876524201,Friend's Bar,bar,37.7318373,-122.4479698,,,,,,,,,,yes,,,558,Monterey Boulevard,San Francisco,CA,94127,,,,"{""addr:city"":""San Francisco"",""addr:housenumber"":""558"",""addr:postcode"":""94127"",""addr:state"":""CA"",""addr:street"":""Monterey Boulevard"",""amenity"":""bar"",""brewery"":""yes"",""min_age"":""21"",""name"":""Friend's Bar""}"
2026-10-02T15:01:21Z,100023,San Francisco,CA,node,9023334561,Luau Lounge Tiki Bar,bar,37.8112453,-122.4103446,,,,,,,,,,,,,,,,,,,,,"{""amenity"":""bar"",""level"":""1"",""name"":""Luau Lounge Tiki Bar""}"
2026-10-02T15:01:21Z,100023,San Francisco,CA,node,9039255113,Bodega Wine Bar,bar,37.8012883,-122.411387,https://www.bodegasf.com/,,Tu-Fr 17:00-23:00; Sa 09:00-23:00,,,,,,,,,,700,Columbus Avenue,San Francisco,CA,94133,,,,"{""addr:city"":""San Francisco"",""addr:housenumber"":""700"",""addr:postcode"":""94133"",""addr:state"":""CA"",""addr:street"":""Columbus Avenue"",""amenity"":""bar"",""name"":""Bodega Wine Bar"",""opening_hours"":""Tu-Fr 17:00-23:00; Sa 09:00-23:00"",""website"":""https://www.bodegasf.com/""}"
2026-10-02T15:01:21Z,100023,San Francisco,CA,node,9046364948,La Rocca's Corner,bar,37.8032002,-122.4146113,,,Mo-Su 11:00-02:00,,,,,,,,,,957,Columbus Avenue,San Francisco,CA,94133,,,,"{""addr:city"":""San Francisco"",""addr:housenumber"":""957"",""addr:postcode"":""94133"",""addr:state"":""CA"",""addr:street"":""Columbus Avenue"",""amenity"":""bar"",""name"":""La Rocca's Corner"",""opening_hours"":""Mo-Su 11:00-02:00""}"
2026-10-02T15:01:21Z,100023,San Francisco,CA,node,9156390100,Yossie's Cantina,restaurant,37.7755173,-122.4065662,https://www.yossiescantinasf.com/,,Mo-Su 10:00-21:00,,,,,,,,,mexican,393,7th Street,,,,,,,"{""addr:housenumber"":""393"",""addr:street"":""7th Street"",""amenity"":""restaurant"",""bar"":""yes"",""cuisine"":""mexican"",""name"":""Yossie's Cantina"",""opening_hours"":""Mo-Su 10:00-21:00"",""takeaway"":""yes"",""website"":""https://www.yossiescantinasf.com/""}"
2026-10-02T15:01:21Z,100023,San Francisco,CA,node,9181748926,Stookey's Club Moderne,bar,37.7896441,-122.4119492,https://www.stookeysclubmoderne.com/,+1 415 7719695,"Mo 18:00-24:30; Tu-We,Su 16:30-26:00; Th-Sa 17:00-26:00",,,,,,,,no,,895,Bush Street,San Francisco,CA,,,,2026-04-22,"{""addr:city"":""San Francisco"",""addr:housenumber"":""895"",""addr:state"":""CA"",""addr:street"":""Bush Street"",""amenity"":""bar"",""check_date"":""2026-04-22"",""cocktails"":""yes"",""contact:facebook"":""stookeysclubmoderne"",""contact:instagram"":""scmoderne"",""contact:twitter"":""StookeysCM"",""email"":""info@stookeysclubmoderne.com"",""indoor_seating"":""yes"",""name"":""Stookey's Club Moderne"",""opening_hours"":""Mo 18:00-24:30; Tu-We,Su 16:30-26:00; Th-Sa 17:00-26:00"",""opening_hours:url"":""https://www.stookeysclubmoderne.com/"",""outdoor_seating"":""no"",""payment:credit_cards"":""yes"",""phone"":""+1 415 7719695"",""website"":""https://www.stookeysclubmoderne.com/"",""website:menu"":""https://www.stookeysclubmoderne.com/menu"",""wheelchair"":""yes""}"
2026-10-02T15:01:21Z,100023,San Francisco,CA,node,9181815639,Propagation,bar,37.7871545,-122.4164929,https://www.propagationsf.com/,,"Tu-Th 16:00-24:00; Fr 00:00-02:00,16:00-24:00; Sa 00:00-02:00,14:30-24:00; Su 00:00-02:00",,,,,,,,,,895,Post Street,,,,,,,"{""addr:housenumber"":""895"",""addr:street"":""Post Street"",""amenity"":""bar"",""cocktails"":""yes"",""contact:instagram"":""propagationsf"",""internet_access"":""no"",""name"":""Propagation"",""old_name"":""SF Coin Laundry Company"",""opening_hours"":""Tu-Th 16:00-24:00; Fr 00:00-02:00,16:00-24:00; Sa 00:00-02:00,14:30-24:00; Su 00:00-02:00"",""reservation"":""no"",""website"":""https://www.propagationsf.com/"",""wheelchair"":""yes""}"
2026-10-02T15:01:21Z,100023,San Francisco,CA,node,9194418323,Sutter Pub & Restaurant,pub,37.7889112,-122.4120659,http://www.sutterpubsf.com/,+1 415 4005840,"Su-Th 08:00-22:00; Fr,Sa 08:00-22:30",,,,,,,,yes,,700,Sutter Street,San Francisco,CA,,,,2023-02-20,"{""addr:city"":""San Francisco"",""addr:housenumber"":""700"",""addr:state"":""CA"",""addr:street"":""Sutter Street"",""amenity"":""pub"",""check_date"":""2023-02-20"",""contact:facebook"":""sutterpub"",""contact:yelp"":""http://www.yelp.com/biz/sutter-pub-san-francisco"",""drink:beer"":""yes"",""food"":""yes"",""name"":""Sutter Pub & Restaurant"",""opening_hours"":""Su-Th 08:00-22:00; Fr,Sa 08:00-22:30"",""outdoor_seating"":""yes"",""phone"":""+1 415 4005840"",""website"":""http://www.sutterpubsf.com/"",""website:menu"":""http://www.sutterpubsf.com/menu.html"",""wheelchair"":""yes""}"
2026-10-02T15:01:21Z,100023,San Francisco,CA,node,9200292442,Festa Wine & Cocktail Lounge,bar,37.7851784,-122.4316091,https://festalounge.com/,+1 415 5675866,"Mo-Th,Su 19:30-25:00; Fr,Sa 19:30-26:00",,,,yes,,,,,,,,,,,,,,"{""amenity"":""bar"",""cocktails"":""yes"",""contact:instagram"":""festakaraoke"",""drink:beer"":""yes"",""drink:sake"":""yes"",""drink:wine"":""yes"",""email"":""masaem@ix.netcom.com"",""karaoke"":""yes"",""level"":""1"",""name"":""Festa Wine & Cocktail Lounge"",""opening_hours"":""Mo-Th,Su 19:30-25:00; Fr,Sa 19:30-26:00"",""opening_hours:url"":""https://festalounge.com/"",""payment:cash"":""yes"",""payment:credit_cards"":""yes"",""phone"":""+1 415 5675866"",""reservation"":""yes"",""website"":""https://festalounge.com/"",""website:menu"":""https://festalounge.com/menu/""}"
2026-10-02T15:01:21Z,100023,San Francisco,CA,node,9251127755,,nightclub,37.7230834,-122.4441965,,,,,,,,,,,,,,,,,,,,,"{""amenity"":""nightclub""}"
2026-10-02T15:01:21Z,100023,San Francisco,CA,node,9254580053,Harry's Bar,bar,37.7883367,-122.4335814,https://harrysbarsf.com/,+1 415 921 1000,"Mo,Tu 16:00-23:00; We,Th 16:00-24:00; Fr 14:00-26:00; Sa 10:00-26:00; Su 10:00-23:00",,,,,,,,,,2020,Fillmore Street,San Francisco,CA,94115,,,,"{""addr:city"":""San Francisco"",""addr:housenumber"":""2020"",""addr:postcode"":""94115"",""addr:state"":""CA"",""addr:street"":""Fillmore Street"",""amenity"":""bar"",""contact:facebook"":""harrysbarsf"",""contact:instagram"":""harrysbarsanfrancisco"",""contact:twitter"":""harrysbarsf"",""min_age"":""21"",""name"":""Harry's Bar"",""opening_hours"":""Mo,Tu 16:00-23:00; We,Th 16:00-24:00; Fr 14:00-26:00; Sa 10:00-26:00; Su 10:00-23:00"",""opening_hours:url"":""https://harrysbarsf.com/"",""phone"":""+1 415 921 1000"",""website"":""https://harrysbarsf.com/""}"
2026-10-02T15:01:21Z,100023,San Francisco,CA,node,9322450623,Clock Bar,bar,37.787738,-122.4087185,https://www.michaelmina.net/restaurants/clock-bar/,,,,,,,,,,no,,,,,,,,,,"{""amenity"":""bar"",""indoor_seating"":""yes"",""name"":""Clock Bar"",""outdoor_seating"":""no"",""website"":""https://www.michaelmina.net/restaurants/clock-bar/""}"
2026-10-02T15:01:21Z,100023,San Francisco,CA,node,9322450624,Cityscape Lounge,bar,37.7853003,-122.4109326,https://www.cityscapesf.com/,,Mo-Su 16:00-24:00,,,,,,,,,,333,O'Farrell Street,,,,,,,"{""addr:floor"":""46"",""addr:housenumber"":""333"",""addr:street"":""O'Farrell Street"",""amenity"":""bar"",""description"":""Bar with a scenic view of the city"",""name"":""Cityscape Lounge"",""opening_hours"":""Mo-Su 16:00-24:00"",""tourism"":""viewpoint"",""website"":""https://www.cityscapesf.com/""}"
2026-10-02T15:01:21Z,100023,San Francisco,CA,node,9328656115,Persona,bar,37.7887317,-122.4115659,https://www.persona-sf.com/,+1 415 4004598,"Tu-Sa 16:00-26:00; Mo,Su off",Tu-Fr 16:00-18:00,,,,,,,,,685,Sutter Street,,,,,,,"{""addr:housenumber"":""685"",""addr:street"":""Sutter Street"",""amenity"":""bar"",""cocktails"":""yes"",""contact:facebook"":""https://www.facebook.com/Persona-SF-107831278214358"",""contact:instagram"":""persona_sf"",""contact:twitter"":""persona_415"",""contact:vimeo"":""https://vimeo.com/580474524"",""contact:yelp"":""https://www.yelp.com/biz/persona-san-francisco-2"",""email"":""info@persona-sf.com"",""happy_hours"":""Tu-Fr 16:00-18:00"",""level"":""-1"",""name"":""Persona"",""opening_hours"":""Tu-Sa 16:00-26:00; Mo,Su off"",""opening_hours:url"":""https://www.persona-sf.com"",""phone"":""+1 415 4004598"",""website"":""https://www.persona-sf.com/""}"
2026-10-02T15:01:21Z,100023,San Francisco,CA,node,9328898384,Elements Bar and Lounge,bar,37.7862923,-122.4073527,https://www.one65sf.com/,+1 415 8148888,Th-Sa 15:30-22:00,,,,,,,,no,,165,O'Farrell Street,San Francisco,CA,,,,,"{""addr:city"":""San Francisco"",""addr:floor"":""4"",""addr:housenumber"":""165"",""addr:state"":""CA"",""addr:street"":""O'Farrell Street"",""amenity"":""bar"",""cocktails"":""yes"",""contact:facebook"":""One65SF"",""contact:instagram"":""one65sf"",""contact:twitter"":""one65sf"",""food"":""yes"",""indoor"":""yes"",""indoor_seating"":""yes"",""level"":""3"",""name"":""Elements Bar and Lounge"",""opening_hours"":""Th-Sa 15:30-22:00"",""outdoor_seating"":""no"",""phone"":""+1 415 8148888"",""short_name"":""Elements"",""website"":""https://www.one65sf.com/"",""wheelchair"":""yes""}"
2026-10-02T15:01:21Z,100023,San Francisco,CA,node,9341171152,California Wine Merchant,bar,37.8004562,-122.4382664,https://www.californiawinemerchant.com/,+1 415 5670646,Mo-Th 13:00-22:00; Fr-Sa 13:00-24:00; Su 14:00-19:00,,,,,,,,,,2113,Chestnut Street,San Francisco,CA,94123,,,,"{""addr:city"":""San Francisco"",""addr:housenumber"":""2113"",""addr:postcode"":""94123"",""addr:state"":""CA"",""addr:street"":""Chestnut Street"",""amenity"":""bar"",""contact:facebook"":""californiawinemerchant"",""contact:instagram"":""californiawinemerchant"",""email"":""wineclub@californiawinemerchant.com"",""name"":""California Wine Merchant"",""opening_hours"":""Mo-Th 13:00-22:00; Fr-Sa 13:00-24:00; Su 14:00-19:00"",""opening_hours:url"":""https://www.californiawinemerchant.com/"",""phone"":""+1 415 5670646"",""shop"":""wine"",""website"":""https://www.californiawinemerchant.com/"",""website:calendar"":""https://www.californiawinemerchant.com/events""}"
2026-10-02T15:01:21Z,100023,San Francisco,CA,node,9354806822,upcider,pub,37.7876712,-122.4199677,https://www.upcidersf.com/,+1 415 9665730,Tu-Th 17:00-24:00; Fr-Sa 17:00-25:00; Su 15:00-22:00; Mo off,,,,,,,,no,,1160,Polk Street,San Francisco,CA,,,,2023-02-09,"{""addr:city"":""San Francisco"",""addr:floor"":""2"",""addr:housenumber"":""1160"",""addr:state"":""CA"",""addr:street"":""Polk Street"",""amenity"":""pub"",""check_date"":""2023-02-09"",""contact:facebook"":""upciderSF"",""contact:instagram"":""upcidersf"",""contact:yelp"":""https://www.yelp.com/biz/upcider-san-francisco"",""diet:vegan"":""no"",""diet:vegetarian"":""yes"",""email"":""info@upcidersf.com"",""food"":""yes"",""indoor_seating"":""yes"",""level"":""2"",""name"":""upcider"",""opening_hours"":""Tu-Th 17:00-24:00; Fr-Sa 17:00-25:00; Su 15:00-22:00; Mo off"",""outdoor_seating"":""no"",""phone"":""+1 415 9665730"",""website"":""https://www.upcidersf.com/"",""wheelchair"":""no""}"
2026-10-02T15:01:21Z,100023,San Francisco,CA,node,9354883874,R Bar,bar,37.7879068,-122.4198211,http://rbarsf.com/,+1 415 5677441,Mo-Fr 14:00-26:00; Sa 12:00-26:00; Su 10:00-26:00,,,,,,,,,,1176,Sutter Street,San Francisco,CA,,,,2023-01-23,"{""addr:city"":""San Francisco"",""addr:housenumber"":""1176"",""addr:state"":""CA"",""addr:street"":""Sutter Street"",""amenity"":""bar"",""check_date"":""2023-01-23"",""email"":""info@rbarsf.com"",""name"":""R Bar"",""opening_hours"":""Mo-Fr 14:00-26:00; Sa 12:00-26:00; Su 10:00-26:00"",""phone"":""+1 415 5677441"",""website"":""http://rbarsf.com/""}"
2026-10-02T15:01:21Z,100023,San Francisco,CA,node,9397923182,Aliment,restaurant,37.7900926,-122.4102346,https://www.alimentsf.com/,+1 415 8292737,Mo-Sa 12:00-21:00,,,,,,,,,american,786,Bush Street,San Francisco,CA,94108,,,,"{""addr:city"":""San Francisco"",""addr:housenumber"":""786"",""addr:postcode"":""94108"",""addr:state"":""CA"",""addr:street"":""Bush Street"",""amenity"":""restaurant"",""bar"":""yes"",""cocktails"":""yes"",""contact:facebook"":""alimentsf"",""contact:instagram"":""alimentsf"",""cuisine"":""american"",""name"":""Aliment"",""opening_hours"":""Mo-Sa 12:00-21:00"",""opening_hours:url"":""https://www.alimentsf.com/"",""phone"":""+1 415 8292737"",""website"":""https://www.alimentsf.com/""}"
2026-10-02T15:01:21Z,100023,San Francisco,CA,node,9401048618,Zeki's Bar,bar,37.7910182,-122.4161898,http://www.zekisbar.com/,+1 415 928 0677,Mo-Su 16:00-26:00,,,,,,,,,,1319,California Street,San Francisco,CA,,,,,"{""addr:city"":""San Francisco"",""addr:housenumber"":""1319"",""addr:state"":""CA"",""addr:street"":""California Street"",""amenity"":""bar"",""drink:beer"":""yes"",""drink:wine"":""yes"",""email"":""info@zekisbar.com"",""indoor_seating"":""yes"",""name"":""Zeki's Bar"",""opening_hours"":""Mo-Su 16:00-26:00"",""opening_hours:url"":""http://www.zekisbar.com/"",""phone"":""+1 415 928 0677"",""website"":""http://www.zekisbar.com/"",""wheelchair"":""limited"",""wheelchair:description:en"":""There's a high step in front of the bar. A sign says \""ring bell for assistance\""""}"
2026-10-02T15:01:21Z,100023,San Francisco,CA,node,9403976636,The Beehive,bar,37.7594191,-122.4215245,https://www.thebeehivesf.com/,,"Tu-Th 16:00-24:00, Fr 16:00-02:00, Sa 14:00-02:00, Su 14:00-22:00",,,,,,,,,,842,Valencia Street,,,,,,2026-05-10,"{""addr:housenumber"":""842"",""addr:street"":""Valencia Street"",""amenity"":""bar"",""check_date"":""2026-05-10"",""cocktails"":""yes"",""contact:facebook"":""https://www.facebook.com/The-Beehive-SF-164311960990155/"",""contact:instagram"":""thebeehivesf"",""email"":""info@thebeehivesf.com"",""food"":""yes"",""name"":""The Beehive"",""opening_hours"":""Tu-Th 16:00-24:00, Fr 16:00-02:00, Sa 14:00-02:00, Su 14:00-22:00"",""opening_hours:url"":""https://www.thebeehivesf.com/"",""website"":""https://www.thebeehivesf.com/"",""website:menu"":""https://docs.wixstatic.com/ugd/fc5156_2c0b5e2c2e3e490c96b1ea3fe131e57d.pdf""}"
2026-10-02T15:01:21Z,100023,San Francisco,CA,node,9405810158,Fort Point Beer Company,pub,37.760967,-122.421689,https://fortpointbeer.com/locations/fort-point-valencia,,"Mo,Tu 12:00-21:00; We,Th 12:00-22:00; Fr,Sa 12:00-23:00; Su 12:00-20:00",,,,,,,,,,742,Valencia Street,San Francisco,CA,,,,,"{""addr:city"":""San Francisco"",""addr:housenumber"":""742"",""addr:state"":""CA"",""addr:street"":""Valencia Street"",""amenity"":""pub"",""contact:instagram"":""fortpointbeer"",""name"":""Fort Point Beer Company"",""opening_hours"":""Mo,Tu 12:00-21:00; We,Th 12:00-22:00; Fr,Sa 12:00-23:00; Su 12:00-20:00"",""reservation"":""no"",""website"":""https://fortpointbeer.com/locations/fort-point-valencia""}"
2026-10-02T15:01:21Z,100023,San Francisco,CA,node,9416928749,The Nag's Head,pub,37.7806294,-122.477013,,,,,,,,,,,no,,5346,Geary Boulevard,San Francisco,CA,,,,2026-07-18,"{""addr:city"":""San Francisco"",""addr:housenumber"":""5346"",""addr:state"":""CA"",""addr:street"":""Geary Boulevard"",""amenity"":""pub"",""check_date"":""2026-07-18"",""name"":""The Nag's Head"",""outdoor_seating"":""no""}"
2026-10-02T15:01:21Z,100023,San Francisco,CA,node,9502079156,Kona’s Street Market,bar,37.7870835,-122.4032843,https://konastreetmarket.com/,,"Mo-Th 17:00-23:00; Fr,Sa 16:00-24:00; Su off",,,,,,,,no,,32,3rd Street,San Francisco,CA,,,,2024-03-10,"{""addr:city"":""San Francisco"",""addr:housenumber"":""32"",""addr:state"":""CA"",""addr:street"":""3rd Street"",""amenity"":""bar"",""check_date"":""2024-03-10"",""cocktails"":""yes"",""contact:instagram"":""konasstreetmarketbar"",""email"":""info@konastreetmarket.com"",""indoor_seating"":""yes"",""name"":""Kona’s Street Market"",""opening_hours"":""Mo-Th 17:00-23:00; Fr,Sa 16:00-24:00; Su off"",""opening_hours:url"":""https://konastreetmarket.com/"",""outdoor_seating"":""no"",""website"":""https://konastreetmarket.com/"",""wheelchair"":""yes""}"
2026-10-02T15:01:21Z,100023,San Francisco,CA,node,9507011270,San Francisco Brewing Co.,pub,37.80564,-122.4232131,https://sfbrewingco.com/,+1 415 4842337,Mo-Th 11:30-20:00; Fr 11:30-22:00; Sa 11:00-22:00; Su 11:00-20:00,,,,,,,,yes,,,,,,,,,2023-10-10,"{""amenity"":""pub"",""check_date"":""2023-10-10"",""cocktails"":""yes"",""contact:facebook"":""SanFranciscoBrewingCo"",""contact:instagram"":""sfbrewingco"",""contact:twitter"":""sfbrewingco"",""drink:beer"":""yes"",""drink:wine"":""yes"",""food"":""yes"",""level"":""2"",""name"":""San Francisco Brewing Co."",""opening_hours"":""Mo-Th 11:30-20:00; Fr 11:30-22:00; Sa 11:00-22:00; Su 11:00-20:00"",""opening_hours:signed"":""yes"",""outdoor_seating"":""yes"",""phone"":""+1 415 4842337"",""sport"":""billiards;shuffleboard"",""website"":""https://sfbrewingco.com/""}"
2026-10-02T15:01:21Z,100023,San Francisco,CA,node,9536469191,Savoy Tivoli,bar,37.8002745,-122.4074183,,,,,,,,,,,,,1434,Grant Avenue,San Francisco,CA,,,,2022-02-07,"{""addr:city"":""San Francisco"",""addr:housenumber"":""1434"",""addr:state"":""CA"",""addr:street"":""Grant Avenue"",""amenity"":""bar"",""check_date"":""2022-02-07"",""name"":""Savoy Tivoli""}"
2026-10-02T15:01:21Z,100023,San Francisco,CA,node,9538820439,Terminus,bar,37.7937667,-122.3967216,https://www.terminussf.com/,+1 415 9608405,,,,,,,,,,,16,California Street,,,,,,2024-02-11,"{""addr:housenumber"":""16"",""addr:street"":""California Street"",""amenity"":""bar"",""bar"":""yes"",""check_date"":""2024-02-11"",""cocktails"":""yes"",""description"":""Small bar with daytime food. Mostly bar seating with a few small tables."",""drink:beer"":""yes"",""drink:coffee"":""no"",""drink:espresso"":""no"",""drink:wine"":""yes"",""email"":""cafeterminusbar@gmail.com"",""food"":""yes"",""name"":""Terminus"",""phone"":""+1 415 9608405"",""website"":""https://www.terminussf.com/"",""website:menu"":""https://www.terminussf.com/menu""}"
2026-10-02T15:01:21Z,100023,San Francisco,CA,node,9579873173,Pagoda,bar,37.7857142,-122.4299995,,,Mo-Su 17:00-26:00,,,,yes,,,,,,1704,Post Street,San Francisco,CA,,,,2022-03-14,"{""addr:city"":""San Francisco"",""addr:housenumber"":""1704"",""addr:state"":""CA"",""addr:street"":""Post Street"",""amenity"":""bar"",""check_date"":""2022-03-14"",""description"":""Karaoke bar"",""karaoke"":""yes"",""level"":""-1"",""name"":""Pagoda"",""name:ko"":""파고다"",""opening_hours"":""Mo-Su 17:00-26:00""}"
2026-10-02T15:01:21Z,100023,San Francisco,CA,node,9581952684,Fermentation Lab,bar,37.7857024,-122.4300336,https://www.fermlabsf.com/,,Mo off; Tu-Su 16:00-23:00,,,,,,,,,,1700A,Post Street,San Francisco,CA,,,,2023-11-26,"{""addr:city"":""San Francisco"",""addr:housenumber"":""1700A"",""addr:state"":""CA"",""addr:street"":""Post Street"",""amenity"":""bar"",""check_date"":""2023-11-26"",""cocktails"":""yes"",""drink:beer"":""yes"",""drink:wine"":""yes"",""food"":""yes"",""level"":""1"",""name"":""Fermentation Lab"",""opening_hours"":""Mo off; Tu-Su 16:00-23:00"",""website"":""https://www.fermlabsf.com/"",""wheelchair"":""yes""}"
2026-10-02T15:01:21Z,100023,San Francisco,CA,node,9592886313,Sequoia Sake tasting room,bar,37.74044,-122.4031529,https://sequoiasake.com/,+1 415 2250515,Sa 14:00-19:00,,,,,,yes,Sequoia Sake,no,,50,Apparel Way,San Francisco,CA,,,,2023-01-14,"{""addr:city"":""San Francisco"",""addr:housenumber"":""50"",""addr:state"":""CA"",""addr:street"":""Apparel Way"",""amenity"":""bar"",""brewery"":""Sequoia Sake"",""check_date"":""2023-01-14"",""cocktails"":""no"",""contact:facebook"":""sequoiasake"",""contact:instagram"":""sequoia_sake"",""contact:twitter"":""SequoiaSake"",""contact:yelp"":""https://www.yelp.com/biz/sequoia-sake-san-francisco"",""contact:youtube"":""https://www.youtube.com/channel/UC2hUhULM9xtYnSrLXxeGs6A"",""drink:beer"":""no"",""drink:sake"":""yes"",""food"":""no"",""indoor_seating"":""yes"",""microbrewery"":""yes"",""name"":""Sequoia Sake tasting room"",""opening_hours"":""Sa 14:00-19:00"",""outdoor_seating"":""no"",""payment:credit_cards"":""yes"",""phone"":""+1 415 2250515"",""website"":""https://sequoiasake.com/"",""wheelchair"":""yes""}"
2026-10-02T15:01:21Z,100023,San Francisco,CA,node,9592981167,Barebottle Taproom,pub,37.7399113,-122.4091302,https://www.barebottle.com/san-francisco,+1 415 9268617,Mo-Th 10:00-22:00; Fr-Sa 10:00-23:00; Su 10:00-21:00,,,,,,,,yes,,,,,,,,,,"{""amenity"":""pub"",""contact:facebook"":""Barebottle"",""contact:twitter"":""barebottlebeer"",""dog"":""yes"",""drink:beer"":""yes"",""email"":""info@barebottle.com"",""name"":""Barebottle Taproom"",""note"":""Refers to the taproom, the building refers to the brewery"",""opening_hours"":""Mo-Th 10:00-22:00; Fr-Sa 10:00-23:00; Su 10:00-21:00"",""outdoor_seating"":""yes"",""phone"":""+1 415 9268617"",""website"":""https://www.barebottle.com/san-francisco""}"
2026-10-02T15:01:21Z,100023,San Francisco,CA,node,9593474639,The Library,bar,37.7858838,-122.4132729,https://www.bourbonandbranch.com/library,+1 415 3461735,"Su,Mo-We 18:00-24:00; Th-Sa 18:00-26:00",,,,,,,,,,,,,,,,,,"{""amenity"":""bar"",""cocktails"":""yes"",""contact:facebook"":""bourbonandbranch"",""contact:instagram"":""bourbonandbranchsf"",""description"":""A speakeasy-themed bar that requires a password to get in"",""food"":""no"",""name"":""The Library"",""note"":""Unsigned. Part of Bourbon & Branch. This one doesn't require a reservation."",""opening_hours"":""Su,Mo-We 18:00-24:00; Th-Sa 18:00-26:00"",""opening_hours:url"":""https://www.bourbonandbranch.com/library"",""password"":""\""books\"""",""phone"":""+1 415 3461735"",""website"":""https://www.bourbonandbranch.com/library""}"
2026-10-02T15:01:21Z,100023,San Francisco,CA,node,9596331674,SF Eagle,bar,37.7699933,-122.4133375,https://thesfeagle.com/,,,,,,,,,,,,398,12th Street,San Francisco,CA,94103,,,2024-01-27,"{""addr:city"":""San Francisco"",""addr:housenumber"":""398"",""addr:postcode"":""94103"",""addr:state"":""CA"",""addr:street"":""12th Street"",""amenity"":""bar"",""check_date"":""2024-01-27"",""lgbtq"":""primary"",""name"":""SF Eagle"",""website"":""https://thesfeagle.com/"",""wikidata"":""Q57083776""}"
2026-10-02T15:01:21Z,100023,San Francisco,CA,node,9596331675,Powerhouse,bar,37.7731291,-122.4121937,,,,,,,,,,,,,1347,Folsom Street,San Francisco,CA,94103,,,2024-03-31,"{""addr:city"":""San Francisco"",""addr:housenumber"":""1347"",""addr:postcode"":""94103"",""addr:state"":""CA"",""addr:street"":""Folsom Street"",""amenity"":""bar"",""check_date"":""2024-03-31"",""lgbtq"":""primary"",""name"":""Powerhouse""}"
2026-10-02T15:01:21Z,100023,San Francisco,CA,node,9602091692,Lion's Den Bar & Lounge,bar,37.7957379,-122.4062528,https://www.lionsdenbarandlounge.com/,+1 628 2014272,,,,,,,,,,,57,Wentworth Place,San Francisco,CA,94108,,,2022-01-06,"{""addr:city"":""San Francisco"",""addr:housenumber"":""57"",""addr:postcode"":""94108"",""addr:state"":""CA"",""addr:street"":""Wentworth Place"",""amenity"":""bar"",""check_date"":""2022-01-06"",""contact:facebook"":""https://www.facebook.com/groups/237579894121184/"",""contact:instagram"":""lionsdensf"",""email"":""info@lionsdenbarandlounge.com"",""fax"":""+1 628 2014275"",""name"":""Lion's Den Bar & Lounge"",""phone"":""+1 628 2014272"",""reservation"":""yes"",""website"":""https://www.lionsdenbarandlounge.com/""}"
2026-10-02T15:01:21Z,100023,San Francisco,CA,node,9602333340,Members Only,bar,37.7871752,-122.4181867,https://membersonlysf.com/,,,,,,,,,,,,1000,Larkin Street,San Francisco,CA,,,,2022-05-06,"{""addr:city"":""San Francisco"",""addr:housenumber"":""1000"",""addr:state"":""CA"",""addr:street"":""Larkin Street"",""amenity"":""bar"",""check_date"":""2022-05-06"",""cocktails"":""yes"",""contact:facebook"":""membersonlysf"",""contact:instagram"":""membersonlysf"",""email"":""membersonlysf@gmail.com"",""name"":""Members Only"",""reservation"":""yes"",""website"":""https://membersonlysf.com/""}"
2026-10-02T15:01:21Z,100023,San Francisco,CA,node,9647295026,Fermentation Lab,pub,37.7783946,-122.4155015,,,,,,,,,,,,american,1230,Market Street,,,,,,2024-10-29,"{""addr:housenumber"":""1230"",""addr:street"":""Market Street"",""amenity"":""pub"",""check_date"":""2024-10-29"",""cuisine"":""american"",""food"":""yes"",""name"":""Fermentation Lab"",""wheelchair"":""yes""}"
2026-10-02T15:01:21Z,100023,San Francisco,CA,node,9652999596,San Francsco Brewing Co,pub,37.7680641,-122.399683,https://www.sfbrewingco.com/,,,,,,,,yes,,yes,,,,,,,,,,"{""amenity"":""pub"",""description"":""Brewery"",""drink:beer"":""yes"",""drink:wine"":""yes"",""food"":""yes"",""internet_access"":""wlan"",""internet_access:fee"":""no"",""microbrewery"":""yes"",""name"":""San Francsco Brewing Co"",""outdoor_seating"":""yes"",""website"":""https://www.sfbrewingco.com/""}"
2026-10-02T15:01:21Z,100023,San Francisco,CA,node,9655241060,Anina,bar,37.7768284,-122.424297,https://www.aninasf.com/,,Fr 14:00-01:00; Sa 13:00-01:00; Su 13:00-19:00; Mo-Tu 16:00-22:00; We 16:00-23:00; Th 15:00-01:00,,,,,,,,yes,,482,Hayes Street,San Francisco,CA,94102,,,2023-01-05,"{""addr:city"":""San Francisco"",""addr:housenumber"":""482"",""addr:postcode"":""94102"",""addr:state"":""CA"",""addr:street"":""Hayes Street"",""amenity"":""bar"",""check_date"":""2023-01-05"",""min_age"":""21"",""name"":""Anina"",""opening_hours"":""Fr 14:00-01:00; Sa 13:00-01:00; Su 13:00-19:00; Mo-Tu 16:00-22:00; We 16:00-23:00; Th 15:00-01:00"",""outdoor_seating"":""yes"",""website"":""https://www.aninasf.com/""}"
2026-10-02T15:01:21Z,100023,San Francisco,CA,node,9657530538,Peacock Pansy,restaurant,37.7788815,-122.423229,,,Mo-Fr 09:00-14:00; Sa-Su 09:00-14:30,,,,,,,,no,thai;vietnamese,392,Fulton Street,,,,,,2024-06-01,"{""addr:housenumber"":""392"",""addr:street"":""Fulton Street"",""amenity"":""restaurant"",""bar"":""yes"",""check_date"":""2024-06-01"",""cocktails"":""yes"",""contact:instagram"":""peacockpansy.sf"",""cuisine"":""thai;vietnamese"",""diet:gluten_free"":""yes"",""diet:vegan"":""yes"",""drink:beer"":""yes"",""drink:wine"":""yes"",""indoor_seating"":""yes"",""name"":""Peacock Pansy"",""opening_hours"":""Mo-Fr 09:00-14:00; Sa-Su 09:00-14:30"",""outdoor_seating"":""no"",""reservation"":""yes"",""wheelchair"":""yes""}"
2026-10-02T15:01:21Z,100023,San Francisco,CA,node,9657629728,The Lark Bar,bar,37.7879097,-122.4027988,,,,,,,,,,,no,,685,Market Street,San Francisco,CA,,,,2025-06-07,"{""addr:city"":""San Francisco"",""addr:housenumber"":""685"",""addr:state"":""CA"",""addr:street"":""Market Street"",""amenity"":""bar"",""check_date"":""2025-06-07"",""indoor_seating"":""yes"",""name"":""The Lark Bar"",""outdoor_seating"":""no""}"
2026-10-02T15:01:21Z,100023,San Francisco,CA,node,9659740450,The European,bar,37.7870831,-122.4114078,,,,,,,,,,,,,,,,,,,,2026-02-17,"{""amenity"":""bar"",""check_date"":""2026-02-17"",""name"":""The European""}"
2026-10-02T15:01:21Z,100023,San Francisco,CA,node,9659806929,Resolute,bar,37.7866893,-122.4144477,https://www.resolutesf.com/,,Tu-Th 16:00-22:00; Fr 16:00-24:00; Sa 14:00-24:00; Su 14:00-22:00; Mo off,,,,,,,,,,678,Geary Street,San Francisco,CA,,,,2023-07-05,"{""addr:city"":""San Francisco"",""addr:housenumber"":""678"",""addr:state"":""CA"",""addr:street"":""Geary Street"",""amenity"":""bar"",""check_date"":""2023-07-05"",""drink:beer"":""yes"",""drink:wine"":""yes"",""food"":""yes"",""name"":""Resolute"",""opening_hours"":""Tu-Th 16:00-22:00; Fr 16:00-24:00; Sa 14:00-24:00; Su 14:00-22:00; Mo off"",""opening_hours:url"":""https://www.resolutesf.com/"",""reservation"":""yes"",""website"":""https://www.resolutesf.com/""}"
2026-10-02T15:01:21Z,100023,San Francisco,CA,node,9662065899,Hôtel Biron,bar,37.7736071,-122.4218682,https://hotelbironwinebar.com/,+1 415 7805366,Mo-Su 17:00-25:00,,,,,,,,,,45,Rose Street,San Francisco,CA,,,,,"{""addr:city"":""San Francisco"",""addr:housenumber"":""45"",""addr:state"":""CA"",""addr:street"":""Rose Street"",""amenity"":""bar"",""contact:facebook"":""Hotel-Biron-220288925182"",""contact:instagram"":""hotelbironwinebar"",""description"":""\""Wine Bar & Art Gallery\"""",""drink:wine"":""yes"",""name"":""Hôtel Biron"",""opening_hours"":""Mo-Su 17:00-25:00"",""opening_hours:url"":""https://hotelbironwinebar.com/"",""phone"":""+1 415 7805366"",""website"":""https://hotelbironwinebar.com/"",""website:menu"":""https://hotelbironwinebar.com/menu""}"
2026-10-02T15:01:21Z,100023,San Francisco,CA,node,9684320117,Bar Part Time,bar,37.7681534,-122.424176,,,Tu-Th 17:00-23:00; Fr-Sa 17:00-01:00,,,,,,,,,,496,14th Street,San Francisco,CA,94103,,,2023-01-14,"{""addr:city"":""San Francisco"",""addr:housenumber"":""496"",""addr:postcode"":""94103"",""addr:state"":""CA"",""addr:street"":""14th Street"",""amenity"":""bar"",""check_date"":""2023-01-14"",""contact:instagram"":""barparttime"",""name"":""Bar Part Time"",""name:en"":""Bar Part Time"",""opening_hours"":""Tu-Th 17:00-23:00; Fr-Sa 17:00-01:00""}"
2026-10-02T15:01:21Z,100023,San Francisco,CA,node,9723884775,Harmonic Brewing,pub,37.7687441,-122.3868985,http://harmonicbrewing.com/thrivecity,+1 415-966-7128,,,,,,,,,yes,,7,Warriors Way,San Francisco,CA,94158,,,,"{""addr:city"":""San Francisco"",""addr:housenumber"":""7"",""addr:postcode"":""94158"",""addr:state"":""CA"",""addr:street"":""Warriors Way"",""addr:unit"":""206"",""amenity"":""pub"",""craft"":""brewery"",""level"":""2"",""name"":""Harmonic Brewing"",""outdoor_seating"":""yes"",""phone"":""+1 415-966-7128"",""website"":""http://harmonicbrewing.com/thrivecity""}"
2026-10-02T15:01:21Z,100023,San Francisco,CA,node,9845699052,The Social Study,bar,37.7841757,-122.4325036,https://www.thesocialstudysf.com/,+1 415 2927417,Mo 17:30-22:00; Tu-Su 13:00-22:00,,,,,,,yes,,,1795,Geary Boulevard,San Francisco,CA,94115,,,2023-09-08,"{""addr:city"":""San Francisco"",""addr:housenumber"":""1795"",""addr:postcode"":""94115"",""addr:state"":""CA"",""addr:street"":""Geary Boulevard"",""amenity"":""bar"",""brewery"":""yes"",""check_date"":""2023-09-08"",""contact:instagram"":""socialstudysf"",""contact:yelp"":""http://www.yelp.com/biz/the-social-study-san-francisco"",""drink:beer"":""yes"",""drink:wine"":""yes"",""food"":""yes"",""internet_access"":""wlan"",""name"":""The Social Study"",""opening_hours"":""Mo 17:30-22:00; Tu-Su 13:00-22:00"",""opening_hours:url"":""https://www.thesocialstudysf.com/"",""payment:credit_cards"":""yes"",""phone"":""+1 415 2927417"",""website"":""https://www.thesocialstudysf.com/"",""wheelchair"":""yes""}"
2026-10-02T15:01:21Z,100023,San Francisco,CA,node,9861755702,Young's Kung Fu Action Theatre & Laundry,bar,37.7858747,-122.4181987,http://youngskungfuactiontheatreandlaundry.com/,,"Th,Fr,Sa 19:00-26:00",,,,,,,,,,841,Larkin Street,San Francisco,CA,94109,,,2021-08-11,"{""addr:city"":""San Francisco"",""addr:housenumber"":""841"",""addr:postcode"":""94109"",""addr:state"":""CA"",""addr:street"":""Larkin Street"",""amenity"":""bar"",""check_date"":""2021-08-11"",""indoor_seating"":""yes"",""name"":""Young's Kung Fu Action Theatre & Laundry"",""note"":""The only visible sign is a drawing of kung-fu jumping kick"",""opening_hours"":""Th,Fr,Sa 19:00-26:00"",""opening_hours:url"":""http://www.kozykar.com/youngskungfuactiontheatreandlaundry.htm"",""website"":""http://youngskungfuactiontheatreandlaundry.com/""}"
2026-10-02T15:01:21Z,100023,San Francisco,CA,node,9869203374,Royal Exchange,pub,37.7941594,-122.3991541,https://www.royalexchange.com/,+1 415-956-1710,Mo-Fr 11:00-21:00,,,,,,,,,,301,Sacramento Street,San Francisco,CA,94111,,,2023-01-10,"{""addr:city"":""San Francisco"",""addr:housenumber"":""301"",""addr:postcode"":""94111"",""addr:state"":""CA"",""addr:street"":""Sacramento Street"",""amenity"":""pub"",""check_date"":""2023-01-10"",""name"":""Royal Exchange"",""opening_hours"":""Mo-Fr 11:00-21:00"",""phone"":""+1 415-956-1710"",""smoking"":""no"",""website"":""https://www.royalexchange.com/"",""wheelchair"":""yes""}"
2026-10-02T15:01:21Z,100023,San Francisco,CA,node,9877596391,Winery Collective,bar,37.8075245,-122.4203304,https://www.winerycollective.com/,+1 415 9299463,"Sa 12:00-21:00; Su,Mo-Fr 13:00-20:00",,,,,,,,,,485,Jefferson Street,San Francisco,CA,94109,,,,"{""addr:city"":""San Francisco"",""addr:housenumber"":""485"",""addr:postcode"":""94109"",""addr:state"":""CA"",""addr:street"":""Jefferson Street"",""amenity"":""bar"",""contact:facebook"":""WineryCollectiveSF"",""contact:instagram"":""winerycollective"",""contact:twitter"":""winerycollectiv"",""contact:yelp"":""https://www.yelp.com/biz/winery-collective-san-francisco"",""drink:wine"":""yes"",""email"":""info@winerycollective.com"",""name"":""Winery Collective"",""opening_hours"":""Sa 12:00-21:00; Su,Mo-Fr 13:00-20:00"",""opening_hours:url"":""https://www.winerycollective.com/"",""phone"":""+1 415 9299463"",""website"":""https://www.winerycollective.com/""}"
2026-10-02T15:01:21Z,100023,San Francisco,CA,node,9943927508,Nightingale,bar,37.7903654,-122.4041287,https://www.nightingalebar.com/,+1 415 6496952,"We-Th 16:30-23:30; Fr 16:30-26:00; Sa 18:00-26:00; Su,Mo off",,,,,,,,no,,239,Kearny Street,San Francisco,CA,94108,,,2022-07-22,"{""addr:city"":""San Francisco"",""addr:housenumber"":""239"",""addr:postcode"":""94108"",""addr:state"":""CA"",""addr:street"":""Kearny Street"",""amenity"":""bar"",""check_date"":""2022-07-22"",""cocktails"":""yes"",""contact:facebook"":""nightingalebarsf"",""contact:instagram"":""nightingalebarsf"",""contact:twitter"":""nightingale_sf"",""drink:beer"":""yes"",""drink:whisky"":""yes"",""drink:wine"":""yes"",""email"":""info@nightingalebar.com"",""food"":""no"",""indoor_seating"":""yes"",""name"":""Nightingale"",""note:opening_hours"":""Website hours don't mention Tuesday"",""opening_hours"":""We-Th 16:30-23:30; Fr 16:30-26:00; Sa 18:00-26:00; Su,Mo off"",""opening_hours:url"":""https://www.nightingalebar.com/"",""outdoor_seating"":""no"",""phone"":""+1 415 6496952"",""website"":""https://www.nightingalebar.com/"",""wheelchair"":""limited"",""wheelchair:description"":""Mostly wheelchair accessible, except for an upstairs part with seemingly no elevator""}"
2026-10-02T15:01:21Z,100023,San Francisco,CA,node,9948792868,El Trebol #2,bar,37.7526405,-122.4137221,,,,,,,,,,,,,3088,24th Street,,CA,,,,2026-03-09,"{""addr:housenumber"":""3088"",""addr:state"":""CA"",""addr:street"":""24th Street"",""amenity"":""bar"",""check_date"":""2026-03-09"",""level"":""0"",""name"":""El Trebol #2"",""was:amenity"":""cafe"",""was:cuisine"":""coffee_shop"",""was:name"":""Haus Coffee"",""wheelchair"":""yes""}"
2026-10-02T15:01:21Z,100023,San Francisco,CA,node,9958548306,Millay,bar,37.7676721,-122.4282827,,,Tu-Sa 16:00-22:00; Su 14:00-20:00,,,,,,,,parklet,,691,14th Street,,,,,,2023-02-04,"{""addr:housenumber"":""691"",""addr:street"":""14th Street"",""amenity"":""bar"",""check_date"":""2023-02-04"",""description"":""Wine & Sake bottle shop & bar"",""indoor_seating"":""yes"",""name"":""Millay"",""opening_hours"":""Tu-Sa 16:00-22:00; Su 14:00-20:00"",""outdoor_seating"":""parklet""}"
2026-10-02T15:01:21Z,100023,San Francisco,CA,node,10000755452,ENO Wine Bar,bar,37.7879166,-122.4087576,,,,,,,,,,,no,,,,,,,,,,"{""amenity"":""bar"",""indoor_seating"":""yes"",""name"":""ENO Wine Bar"",""outdoor_seating"":""no""}"
2026-10-02T15:01:21Z,100023,San Francisco,CA,node,10012048156,Secret Bar & Lounge,bar,37.7833726,-122.4191125,,,,,,,,,,,no,,708,Polk Street,,,,,,2023-06-24,"{""addr:housenumber"":""708"",""addr:street"":""Polk Street"",""amenity"":""bar"",""check_date"":""2023-06-24"",""food"":""yes"",""name"":""Secret Bar & Lounge"",""outdoor_seating"":""no"",""wheelchair"":""yes""}"
2026-10-02T15:01:21Z,100023,San Francisco,CA,node,10013767308,uccello Lounge,bar,37.7777196,-122.4195624,,,"Mo-We,Su off",,,,,,,,,,,,,,,,,2026-02-23,"{""amenity"":""bar"",""check_date"":""2026-02-23"",""name"":""uccello Lounge"",""opening_hours"":""Mo-We,Su off"",""wheelchair"":""yes""}"
2026-10-02T15:01:21Z,100023,San Francisco,CA,node,10043936904,Cold Drinks Bar,bar,37.7978985,-122.407759,https://chinalivesf.com/best-bars-in-san-francisco/,+1 415 7888188,"Su,Mo-We 18:00+; Th-Sa 17:30+",,,,,,,,no,,644,Broadway,San Francisco,CA,94133,,,,"{""addr:city"":""San Francisco"",""addr:housenumber"":""644"",""addr:postcode"":""94133"",""addr:state"":""CA"",""addr:street"":""Broadway"",""amenity"":""bar"",""cocktails"":""yes"",""contact:instagram"":""ColdDrinksBar"",""drink:beer"":""yes"",""drink:whisky"":""yes"",""drink:wine"":""yes"",""food"":""yes"",""indoor_seating"":""yes"",""level"":""2"",""name"":""Cold Drinks Bar"",""note"":""Part of China Live. Enter through staircase on the right with bats on the wall."",""opening_hours"":""Su,Mo-We 18:00+; Th-Sa 17:30+"",""opening_hours:url"":""https://chinalivesf.com/best-bars-in-san-francisco/"",""outdoor_seating"":""no"",""phone"":""+1 415 7888188"",""reservation"":""yes"",""website"":""https://chinalivesf.com/best-bars-in-san-francisco/"",""website:menu"":""https://chinalivesf.com/best-bars-in-san-francisco/cold-drinks-bar-menu/""}"
2026-10-02T15:01:21Z,100023,San Francisco,CA,node,10095744878,Moongate Lounge,bar,37.7936719,-122.4065757,,,Tu-Sa 18:00-00:00,,,,,,,,no,,28,Waverly Place,,,,,,,"{""addr:housenumber"":""28"",""addr:street"":""Waverly Place"",""amenity"":""bar"",""cocktails"":""yes"",""description"":""Cocktail bar on the second floor of Mister Jiu's"",""drink:beer"":""yes"",""drink:wine"":""yes"",""fixme"":""position_estimated"",""food"":""yes"",""indoor_seating"":""yes"",""level"":""2"",""name"":""Moongate Lounge"",""opening_hours"":""Tu-Sa 18:00-00:00"",""outdoor_seating"":""no"",""reservation"":""yes"",""wheelchair:description"":""Located on 2nd floor, taking stairs. Not sure if there's an elevator.""}"
2026-10-02T15:01:21Z,100023,San Francisco,CA,node,10124769381,Dragon Horse,restaurant,37.77987,-122.4036743,,,,,,,,,,,,sushi,917,Folsom Street,,,94107,,,2026-04-17,"{""addr:housenumber"":""917"",""addr:postcode"":""94107"",""addr:street"":""Folsom Street"",""amenity"":""restaurant"",""bar"":""yes"",""check_date"":""2026-04-17"",""cuisine"":""sushi"",""level"":""0"",""name"":""Dragon Horse"",""wheelchair"":""yes""}"
2026-10-02T15:01:21Z,100023,San Francisco,CA,node,10128454136,Ora Wine Bar,bar,37.7909836,-122.4209223,,,,,,,,,,,,,1519,Polk Street,,,,,,2023-01-13,"{""addr:housenumber"":""1519"",""addr:street"":""Polk Street"",""amenity"":""bar"",""check_date"":""2023-01-13"",""drink:wine"":""yes"",""fixme"":""Posted social is @orawinebarsf"",""name"":""Ora Wine Bar""}"
2026-10-02T15:01:21Z,100023,San Francisco,CA,node,10158817989,Lone Star Saloon,bar,37.7721566,-122.4108479,https://www.lonestarsf.com/,+1 415 863 9999,Mo-Sa 16:00-26:00; Su 14:00-26:00,,,,,,,,,,1354,Harrison Street,San Francisco,CA,94103,,,2024-01-27,"{""addr:city"":""San Francisco"",""addr:housenumber"":""1354"",""addr:postcode"":""94103"",""addr:state"":""CA"",""addr:street"":""Harrison Street"",""amenity"":""bar"",""check_date"":""2024-01-27"",""contact:facebook"":""lonestarsf"",""contact:instagram"":""lonestarsf"",""contact:twitter"":""lonestarsf"",""email"":""lonestarsaloonsf@gmail.com"",""name"":""Lone Star Saloon"",""opening_hours"":""Mo-Sa 16:00-26:00; Su 14:00-26:00"",""opening_hours:url"":""https://www.lonestarsf.com/"",""phone"":""+1 415 863 9999"",""website"":""https://www.lonestarsf.com/"",""website:calendar"":""https://www.lonestarsf.com/#events-section""}"
2026-10-02T15:01:21Z,100023,San Francisco,CA,node,10158842727,Kaiyō Rooftop,bar,37.7787752,-122.3923716,https://kaiyosf.com/kaiyorooftop,+1 415 525 4804,"Mo off; Tu-Th 16:00-24:00; Fr,Sa 16:00-25:00; Su 14:00-21:00",,,,,,,,yes,peruvian,701,3rd Street,San Francisco,CA,,,,,"{""addr:city"":""San Francisco"",""addr:housenumber"":""701"",""addr:state"":""CA"",""addr:street"":""3rd Street"",""amenity"":""bar"",""cocktails"":""yes"",""contact:facebook"":""kaiyosf"",""contact:instagram"":""kaiyosf"",""cuisine"":""peruvian"",""email"":""info@kaiyosf.com"",""level"":""12"",""name"":""Kaiyō Rooftop"",""opening_hours"":""Mo off; Tu-Th 16:00-24:00; Fr,Sa 16:00-25:00; Su 14:00-21:00"",""opening_hours:url"":""https://kaiyosf.com/kaiyorooftop"",""outdoor_seating"":""yes"",""phone"":""+1 415 525 4804"",""reservation"":""recommended"",""website"":""https://kaiyosf.com/kaiyorooftop"",""website:menu"":""https://kaiyosf.com/rooftop-menu""}"
2026-10-02T15:01:21Z,100023,San Francisco,CA,node,10239425287,Ula,restaurant,37.7882965,-122.4092925,https://www.ulasf.com/,+1 415 999 4950,,,,,,,,,no,mediterranean;french,450,Post Street,San Francisco,CA,94102,,,2023-01-16,"{""addr:city"":""San Francisco"",""addr:housenumber"":""450"",""addr:postcode"":""94102"",""addr:state"":""CA"",""addr:street"":""Post Street"",""amenity"":""restaurant"",""bar"":""yes"",""check_date"":""2023-01-16"",""cocktails"":""yes"",""contact:facebook"":""UlaRestaurantSF"",""contact:instagram"":""ularestaurantsf"",""cuisine"":""mediterranean;french"",""drink:beer"":""yes"",""drink:wine"":""yes"",""email"":""hello@ulasf.com"",""level"":""0"",""name"":""Ula"",""outdoor_seating"":""no"",""phone"":""+1 415 999 4950"",""reservation"":""yes"",""website"":""https://www.ulasf.com/""}"
2026-10-02T15:01:21Z,100023,San Francisco,CA,node,10245940482,Hotel Utah Saloon,pub,37.7793831,-122.3981059,https://hotelutah.com/,+1 415 546 6300,Mo-Su 11:30-24:00,,,,,,,,no,,500,4th Street,,,94107,,,,"{""addr:housenumber"":""500"",""addr:postcode"":""94107"",""addr:street"":""4th Street"",""amenity"":""pub"",""indoor_seating"":""yes"",""name"":""Hotel Utah Saloon"",""opening_hours"":""Mo-Su 11:30-24:00"",""outdoor_seating"":""no"",""phone"":""+1 415 546 6300"",""website"":""https://hotelutah.com/""}"
2026-10-02T15:01:21Z,100023,San Francisco,CA,node,10303811690,The Horseshoe,bar,37.8008439,-122.4369311,,,,,,,,,,,,,,,,,,,,2023-01-03,"{""amenity"":""bar"",""check_date"":""2023-01-03"",""name"":""The Horseshoe""}"
2026-10-02T15:01:21Z,100023,San Francisco,CA,node,10309959742,B-Side,bar,37.7762192,-122.4216327,http://www.b-sidesf.com,,"We 11:30-14:00, Th,Fr 11:30-14:00, Th,Fr 17:30-20:30, Sa,Su 11:00-14:30, Sa 17:30-20:30, Su 17:00-20:00; Mo-Tu off",,,,,,,,,,,,,,,,,2026-07-07,"{""amenity"":""bar"",""check_date"":""2026-07-07"",""check_date:opening_hours"":""2026-07-07"",""name"":""B-Side"",""opening_hours"":""We 11:30-14:00, Th,Fr 11:30-14:00, Th,Fr 17:30-20:30, Sa,Su 11:00-14:30, Sa 17:30-20:30, Su 17:00-20:00; Mo-Tu off"",""website"":""http://www.b-sidesf.com""}"
2026-10-02T15:01:21Z,100023,San Francisco,CA,node,10312292563,Nari,bar,37.7855979,-122.4286408,,,,,,,,,,,,,,,,,,,,2023-01-06,"{""amenity"":""bar"",""check_date"":""2023-01-06"",""name"":""Nari""}"
2026-10-02T15:01:21Z,100023,San Francisco,CA,node,10538343244,EZ5 Cocktails,bar,37.794122,-122.404378,,,,,,,,,,,,,682,Commercial Street,,,,,,2023-03-23,"{""addr:housenumber"":""682"",""addr:street"":""Commercial Street"",""addr:unit"":""4"",""amenity"":""bar"",""check_date"":""2023-03-23"",""name"":""EZ5 Cocktails""}"
2026-10-02T15:01:21Z,100023,San Francisco,CA,node,10538343245,Blind Pig,bar,37.7925492,-122.4062138,http://www.blindpigsf.com,,"Mo-Tu,Su off; We-Th 16:30-22:30; Fr-Sa 16:30-24:30",,,,,,,,,,718,California Street,,,,,,2023-01-10,"{""addr:housenumber"":""718"",""addr:street"":""California Street"",""amenity"":""bar"",""check_date"":""2023-01-10"",""contact:instagram"":""https://www.instagram.com/blindpig.speakeasylounge"",""fixme"":""confirm operation"",""name"":""Blind Pig"",""opening_hours"":""Mo-Tu,Su off; We-Th 16:30-22:30; Fr-Sa 16:30-24:30"",""website"":""http://www.blindpigsf.com""}"
2026-10-02T15:01:21Z,100023,San Francisco,CA,node,10555829843,Mother,bar,37.7648164,-122.4213338,https://www.mothersf.com/,,Mo-We 16:00-24:00; Th-Fr 16:00-02:00; Sa 14:00-02:00; Su 14:00-24:00; PH closed,,,,,,,,,,3079,16th Street,San Francisco,CA,94103,,,2024-09-07,"{""addr:city"":""San Francisco"",""addr:housenumber"":""3079"",""addr:postcode"":""94103"",""addr:state"":""CA"",""addr:street"":""16th Street"",""amenity"":""bar"",""check_date"":""2024-09-07"",""email"":""info@mothersf.com"",""lgbtq"":""primary"",""lgbtq:women"":""primary"",""name"":""Mother"",""opening_hours"":""Mo-We 16:00-24:00; Th-Fr 16:00-02:00; Sa 14:00-02:00; Su 14:00-24:00; PH closed"",""website"":""https://www.mothersf.com/""}"
2026-10-02T15:01:21Z,100023,San Francisco,CA,node,10555829846,Skylark,bar,37.7648183,-122.4215576,,,,,,,,,,,,,3089,16th Street,,,,,,2023-01-14,"{""addr:housenumber"":""3089"",""addr:street"":""16th Street"",""amenity"":""bar"",""check_date"":""2023-01-14"",""name"":""Skylark""}"
2026-10-02T15:01:21Z,100023,San Francisco,CA,node,10558070235,Buddy,bar,37.7554502,-122.4171081,https://www.buddythebar.com,,,,,,,,,,,,3115,22nd Street,San Francisco,CA,94110,,,,"{""addr:city"":""San Francisco"",""addr:housenumber"":""3115"",""addr:postcode"":""94110"",""addr:state"":""CA"",""addr:street"":""22nd Street"",""amenity"":""bar"",""name"":""Buddy"",""website"":""https://www.buddythebar.com""}"
2026-10-02T15:01:21Z,100023,San Francisco,CA,node,10558492785,Third Rail,bar,37.7606299,-122.388354,https://www.thirdrailbarsf.com/,,Tu-Th 16:00-23:00; Fr-Sa 14:00-01:00; Su 16:00-22:00,,,,,,,,yes,,628,20th Street,San Francisco,CA,94107,,,,"{""addr:city"":""San Francisco"",""addr:housenumber"":""628"",""addr:postcode"":""94107"",""addr:state"":""CA"",""addr:street"":""20th Street"",""amenity"":""bar"",""name"":""Third Rail"",""opening_hours"":""Tu-Th 16:00-23:00; Fr-Sa 14:00-01:00; Su 16:00-22:00"",""outdoor_seating"":""yes"",""website"":""https://www.thirdrailbarsf.com/""}"
2026-10-02T15:01:21Z,100023,San Francisco,CA,node,10575981868,Club Kristi,bar,37.7853308,-122.4175548,,,,,,,,,,,,,,,,,,,,2023-01-22,"{""amenity"":""bar"",""check_date"":""2023-01-22"",""name"":""Club Kristi""}"
2026-10-02T15:01:21Z,100023,San Francisco,CA,node,10600380560,Bar TZA,bar,37.7574019,-122.4187743,,,,,,,,,,,,,2481,Mission Street,,,,,,2023-02-01,"{""addr:housenumber"":""2481"",""addr:street"":""Mission Street"",""amenity"":""bar"",""check_date"":""2023-02-01"",""name"":""Bar TZA""}"
2026-10-02T15:01:21Z,100023,San Francisco,CA,node,10609477671,Royal Cuckoo Market,bar,37.7603692,-122.4186233,http://www.royalcuckoomarket.com/,+1 415-550-6903,Mo-We 14:00-22:00; Th-Sa 11:00-23:00; Su off,,,,,,,no,yes,,3368;3370,19th Street,,,,,,2023-02-05,"{""addr:housenumber"":""3368;3370"",""addr:street"":""19th Street"",""amenity"":""bar"",""brewery"":""no"",""check_date"":""2023-02-05"",""description"":""Wine beer and vermouth cocktails as well as snacks."",""email"":""info@royalcuckoomarket.com"",""name"":""Royal Cuckoo Market"",""opening_hours"":""Mo-We 14:00-22:00; Th-Sa 11:00-23:00; Su off"",""outdoor_seating"":""yes"",""payment:mastercard"":""yes"",""payment:visa"":""yes"",""phone"":""+1 415-550-6903"",""website"":""http://www.royalcuckoomarket.com/"",""wheelchair"":""limited""}"
2026-10-02T15:01:21Z,100023,San Francisco,CA,node,10635333073,True Laurel,bar,37.7594967,-122.4114886,https://truelaurelsf.com,,,,,,,,,,,,753,Alabama Street,,,,,,2023-02-09,"{""addr:housenumber"":""753"",""addr:street"":""Alabama Street"",""amenity"":""bar"",""check_date"":""2023-02-09"",""name"":""True Laurel"",""payment:mastercard"":""yes"",""payment:visa"":""yes"",""website"":""https://truelaurelsf.com"",""wheelchair"":""yes""}"
2026-10-02T15:01:21Z,100023,San Francisco,CA,node,10635345334,Jolenes Bar,bar,37.765597,-122.4133319,https://www.jolenessf.com/,,,,,,,,,,,,2700,16th Street,,,,,,2025-05-29,"{""addr:housenumber"":""2700"",""addr:street"":""16th Street"",""amenity"":""bar"",""check_date"":""2025-05-29"",""description"":""QUEER DESTINATION KITCHEN OPEN LATE + LIVE MUSIC"",""name"":""Jolenes Bar"",""payment:mastercard"":""yes"",""payment:visa"":""yes"",""website"":""https://www.jolenessf.com/"",""wheelchair"":""yes""}"
2026-10-02T15:01:21Z,100023,San Francisco,CA,node,10635743464,Namaste Indian Cuisine,restaurant,37.7545147,-122.4091513,https://namasteindianbistro.com,+14157963640,17:00-21:00,,,,,,,,,indian;nepalese;curry,2848,23rd Street,,,,,,,"{""addr:housenumber"":""2848"",""addr:street"":""23rd Street"",""air_conditioning"":""yes"",""amenity"":""restaurant"",""bar"":""yes"",""cuisine"":""indian;nepalese;curry"",""diet:chicken"":""yes"",""diet:lamb"":""yes"",""diet:meat"":""yes"",""diet:vegan"":""yes"",""diet:vegetarian"":""yes"",""name"":""Namaste Indian Cuisine"",""opening_hours"":""17:00-21:00"",""phone"":""+14157963640"",""website"":""https://namasteindianbistro.com""}"
2026-10-02T15:01:21Z,100023,San Francisco,CA,node,10635824452,El Chato,bar,37.7575118,-122.4094386,https://elchatosf.com,,Mo-Sa 16:00-22:00; Su 14:00-20:00,,,,,,,,,,2301,Bryant Street,,,,,,2023-02-09,"{""addr:housenumber"":""2301"",""addr:street"":""Bryant Street"",""amenity"":""bar"",""check_date"":""2023-02-09"",""description"":""Spanish-style taberna featuring authentic pintxos and tapas and a highly-curated beverage program."",""email"":""info@elchatosf.com"",""name"":""El Chato"",""opening_hours"":""Mo-Sa 16:00-22:00; Su 14:00-20:00"",""payment:mastercard"":""yes"",""payment:visa"":""yes"",""website"":""https://elchatosf.com"",""wheelchair"":""yes""}"
2026-10-02T15:01:21Z,100023,San Francisco,CA,node,10780794722,Alchemist,bar,37.779374,-122.3931598,,,Mo-Fr 17:00-01:30; Sa 19:00-01:30,,,,,,,,,,679,3rd Street,San Francisco,CA,94107,,,,"{""addr:city"":""San Francisco"",""addr:housenumber"":""679"",""addr:postcode"":""94107"",""addr:state"":""CA"",""addr:street"":""3rd Street"",""amenity"":""bar"",""name"":""Alchemist"",""opening_hours"":""Mo-Fr 17:00-01:30; Sa 19:00-01:30"",""wheelchair"":""yes""}"
2026-10-02T15:01:21Z,100023,San Francisco,CA,node,10780794754,Woodbury,bar,37.7793221,-122.3930975,,,Mo-Fr 16:30-02:00; Sa 18:30-02:00,,,,,,,,yes,,685,3rd Street,San Francisco,CA,94107,,,,"{""addr:city"":""San Francisco"",""addr:housenumber"":""685"",""addr:postcode"":""94107"",""addr:state"":""CA"",""addr:street"":""3rd Street"",""amenity"":""bar"",""level"":""0"",""name"":""Woodbury"",""opening_hours"":""Mo-Fr 16:30-02:00; Sa 18:30-02:00"",""outdoor_seating"":""yes"",""wheelchair"":""yes""}"
2026-10-02T15:01:21Z,100023,San Francisco,CA,node,10859142472,Wine Down,bar,37.7840748,-122.3983137,,,,,,,,,,,,,685,Folsom Street,,,,,,2023-04-30,"{""addr:housenumber"":""685"",""addr:street"":""Folsom Street"",""amenity"":""bar"",""check_date"":""2023-04-30"",""level"":""0"",""min_age"":""21"",""name"":""Wine Down""}"
2026-10-02T15:01:21Z,100023,San Francisco,CA,node,10861603640,F8,nightclub,37.7752814,-122.4099546,http://www.feightsf.com/,,,,,,,,,,,,1192,Folsom Street,,,,,,2024-03-31,"{""addr:housenumber"":""1192"",""addr:street"":""Folsom Street"",""amenity"":""nightclub"",""check_date"":""2024-03-31"",""name"":""F8"",""website"":""http://www.feightsf.com/""}"
2026-10-02T15:01:21Z,100023,San Francisco,CA,node,10874914163,The One,restaurant,37.7773815,-122.3922562,,,,,,,,,,,,,217,King Street,,,,,,2023-05-06,"{""addr:housenumber"":""217"",""addr:street"":""King Street"",""amenity"":""restaurant"",""bar"":""yes"",""check_date"":""2023-05-06"",""name"":""The One""}"
2026-10-02T15:01:21Z,100023,San Francisco,CA,node,10977609709,Decant SF,bar,37.7756341,-122.409533,https://decantsf.com/,,Tu 12:30-20:00; We-Sa 12:30-21:30; Su 12:30-18:30,,,,,,,,,,1168,Folsom Street,,,,,,2024-03-31,"{""addr:housenumber"":""1168"",""addr:street"":""Folsom Street"",""amenity"":""bar"",""check_date"":""2024-03-31"",""name"":""Decant SF"",""opening_hours"":""Tu 12:30-20:00; We-Sa 12:30-21:30; Su 12:30-18:30"",""shop"":""wine;deli"",""website"":""https://decantsf.com/""}"
2026-10-02T15:01:21Z,100023,San Francisco,CA,node,11032970208,Sam's Tavern,pub,37.7909636,-122.4035751,https://samsgrill-sf.com/,+1 415-796-2052,Mo 11:00-21:00; Tu-Fr 10:00-21:00; Sa-Su 10:00-18:00,,,,,,,,,,374,Bush Street,San Francisco,CA,94104,,,2025-04-03,"{""addr:city"":""San Francisco"",""addr:housenumber"":""374"",""addr:postcode"":""94104"",""addr:state"":""CA"",""addr:street"":""Bush Street"",""amenity"":""pub"",""check_date"":""2025-04-03"",""name"":""Sam's Tavern"",""opening_hours"":""Mo 11:00-21:00; Tu-Fr 10:00-21:00; Sa-Su 10:00-18:00"",""phone"":""+1 415-796-2052"",""website"":""https://samsgrill-sf.com/""}"
2026-10-02T15:01:21Z,100023,San Francisco,CA,node,11041008192,Bar VIA,bar,37.7792467,-122.3908206,,,,,,,,,,,,,136,King Street,,,,,,2023-07-11,"{""addr:housenumber"":""136"",""addr:street"":""King Street"",""amenity"":""bar"",""check_date"":""2023-07-11"",""name"":""Bar VIA""}"
2026-10-02T15:01:21Z,100023,San Francisco,CA,node,11043132735,Heartwood,pub,37.7942741,-122.4020082,,,,,,,,,,,,,531A,Commercial Street,,,,,,2023-07-12,"{""addr:housenumber"":""531A"",""addr:street"":""Commercial Street"",""amenity"":""pub"",""check_date"":""2023-07-12"",""email"":""events@heartwoodsf.com"",""fixme"":""opening hours mon-sat"",""name"":""Heartwood""}"
2026-10-02T15:01:21Z,100023,San Francisco,CA,node,11043335423,The Vault Garden,bar,37.7922622,-122.403564,https://www.vaultgarden.com/,+1 415- 508-4675,Tu-Sa 11:30-21:00,,,,,,,,,,555,California Street,San Francisco,CA,94104,,,,"{""addr:city"":""San Francisco"",""addr:housenumber"":""555"",""addr:postcode"":""94104"",""addr:state"":""CA"",""addr:street"":""California Street"",""amenity"":""bar"",""fixme"":""position_estimated, level_estimated"",""level"":""2"",""name"":""The Vault Garden"",""opening_hours"":""Tu-Sa 11:30-21:00"",""phone"":""+1 415- 508-4675"",""website"":""https://www.vaultgarden.com/""}"
2026-10-02T15:01:21Z,100023,San Francisco,CA,node,11050075244,Fizzees,pub,37.7813147,-122.4620298,,,,,,,,,,,,,,,,,,,,2023-07-16,"{""amenity"":""pub"",""check_date"":""2023-07-16"",""name"":""Fizzees""}"
2026-10-02T15:01:21Z,100023,San Francisco,CA,node,11149187371,Mission Bay Wine Bar at Thrive City,bar,37.7684244,-122.3864865,https://www.missionbaywine.com/mission-bay-wine-bar-thrive-city,,,,,,,,,,yes,,640,Terry A. Francois Boulevard,,,,,,2023-08-27,"{""addr:housenumber"":""640"",""addr:street"":""Terry A. Francois Boulevard"",""amenity"":""bar"",""check_date"":""2023-08-27"",""level"":""0"",""name"":""Mission Bay Wine Bar at Thrive City"",""outdoor_seating"":""yes"",""website"":""https://www.missionbaywine.com/mission-bay-wine-bar-thrive-city""}"
2026-10-02T15:01:21Z,100023,San Francisco,CA,node,11162058141,Harrington's Bar & Grill,pub,37.7940242,-122.3990871,,,,,,,,,,,,,,,,,,,,,"{""amenity"":""pub"",""name"":""Harrington's Bar & Grill"",""note"":""reopened after closure in 2024"",""theme"":""irish"",""wheelchair"":""yes""}"
2026-10-02T15:01:21Z,100023,San Francisco,CA,node,11166132562,?,bar,37.775343,-122.40285,,,"Mo-Su 11:30-14:30, 17:00-22:00",,,,,,,,,,312,Harriet Street,,,,,,2024-06-25,"{""addr:housenumber"":""312"",""addr:street"":""Harriet Street"",""amenity"":""bar"",""check_date"":""2024-06-25"",""name"":""?"",""note"":""The name is actually \""?\"" (or \""Question Mark\"" on some signs)"",""opening_hours"":""Mo-Su 11:30-14:30, 17:00-22:00""}"
2026-10-02T15:01:21Z,100023,San Francisco,CA,node,11232217086,Emperor Norton's Boozeland,bar,37.7826643,-122.4172601,,,,,,,,,,,,,510,Larkin Street,San Francisco,CA,94102,,,,"{""addr:city"":""San Francisco"",""addr:housenumber"":""510"",""addr:postcode"":""94102"",""addr:state"":""CA"",""addr:street"":""Larkin Street"",""amenity"":""bar"",""name"":""Emperor Norton's Boozeland""}"
2026-10-02T15:01:21Z,100023,San Francisco,CA,node,11263551593,Fort Point Beer Co.,bar,37.7957855,-122.3939649,,,,,,,,,,,,,,,,,,,,2023-10-14,"{""amenity"":""bar"",""check_date"":""2023-10-14"",""level"":""0"",""name"":""Fort Point Beer Co.""}"
2026-10-02T15:01:21Z,100023,San Francisco,CA,node,11328214993,Dawn Club,nightclub,37.7877967,-122.4026826,,,,,,,,,,,,,,,,,,,,2023-11-05,"{""amenity"":""nightclub"",""check_date"":""2023-11-05"",""name"":""Dawn Club""}"
2026-10-02T15:01:21Z,100023,San Francisco,CA,node,11342634169,Lost Marbles,bar,37.7826521,-122.4680842,https://www.lostmarblesbrewpub.com/menu,+1 415-592-8169,,,,,,,,,no,,823,Clement Street,San Francisco,CA,94118,,,2025-11-09,"{""addr:city"":""San Francisco"",""addr:housenumber"":""823"",""addr:postcode"":""94118"",""addr:state"":""CA"",""addr:street"":""Clement Street"",""amenity"":""bar"",""check_date"":""2025-11-09"",""email"":""lostmarblesbrewpub@gmail.com"",""level"":""0"",""name"":""Lost Marbles"",""outdoor_seating"":""no"",""phone"":""+1 415-592-8169"",""website"":""https://www.lostmarblesbrewpub.com/menu"",""wheelchair"":""yes""}"
2026-10-02T15:01:21Z,100023,San Francisco,CA,node,11345377375,Ballast Point Tasting Room & Kitchen,pub,37.7664408,-122.3934451,,,,,,,,,,,,,,,,,,,,2024-02-05,"{""amenity"":""pub"",""check_date"":""2024-02-05"",""drink:beer"":""yes"",""name"":""Ballast Point Tasting Room & Kitchen""}"
2026-10-02T15:01:21Z,100023,San Francisco,CA,node,11362887388,Enterprise Brewing Company,pub,37.7771618,-122.410704,https://www.enterprisebeer.com/,,,,,,,,yes,,,,1150,Howard Street,San Francisco,CA,94103,,,,"{""addr:city"":""San Francisco"",""addr:housenumber"":""1150"",""addr:postcode"":""94103"",""addr:state"":""CA"",""addr:street"":""Howard Street"",""amenity"":""pub"",""microbrewery"":""yes"",""min_age"":""21"",""name"":""Enterprise Brewing Company"",""website"":""https://www.enterprisebeer.com/""}"
2026-10-02T15:01:21Z,100023,San Francisco,CA,node,11423890573,The Socialite,bar,37.8083677,-122.4135411,,,,,,,,,,,,,,,,,,,,2023-12-16,"{""amenity"":""bar"",""check_date"":""2023-12-16"",""name"":""The Socialite""}"
2026-10-02T15:01:21Z,100023,San Francisco,CA,node,11436034122,Left Door,bar,37.7975942,-122.4307445,https://www.leftdoorsf.com,+1 415-295-2042,"Mo,Su off; Tu-We 17:00-24:00; Th-Sa 17:00-02:00",,,,,,,,,,1905,Union Street,San Francisco,CA,94123,,,2023-12-20,"{""addr:city"":""San Francisco"",""addr:floor"":""2"",""addr:housenumber"":""1905"",""addr:postcode"":""94123"",""addr:state"":""CA"",""addr:street"":""Union Street"",""amenity"":""bar"",""check_date"":""2023-12-20"",""email"":""hello@leftdoorsf.com"",""level"":""1"",""min_age"":""21"",""name"":""Left Door"",""opening_hours"":""Mo,Su off; Tu-We 17:00-24:00; Th-Sa 17:00-02:00"",""payment:cash"":""yes"",""payment:credit_cards"":""yes"",""payment:debit_cards"":""yes"",""phone"":""+1 415-295-2042"",""website"":""https://www.leftdoorsf.com""}"
2026-10-02T15:01:21Z,100023,San Francisco,CA,node,11612234508,Seven Square Taproom,bar,37.7859023,-122.3965903,,,,,,,,,,,,,,,,,,,,2024-02-11,"{""amenity"":""bar"",""check_date"":""2024-02-11"",""level"":""0"",""name"":""Seven Square Taproom"",""wheelchair"":""yes""}"
2026-10-02T15:01:21Z,100023,San Francisco,CA,node,11699777854,Aunt Charlies Lounge,bar,37.7830303,-122.4113803,https://www.auntcharlieslounge.com/,+1-415-441-2922,Mo-Th 12:00-22:30; Fr-Sa 12:00-23:45; Su 12:00-23:30,,,,,,,,,,133,Turk Street,San Francisco,CA,94102,,,,"{""addr:city"":""San Francisco"",""addr:housenumber"":""133"",""addr:postcode"":""94102"",""addr:state"":""CA"",""addr:street"":""Turk Street"",""amenity"":""bar"",""min_age"":""21"",""name"":""Aunt Charlies Lounge"",""opening_hours"":""Mo-Th 12:00-22:30; Fr-Sa 12:00-23:45; Su 12:00-23:30"",""phone"":""+1-415-441-2922"",""website"":""https://www.auntcharlieslounge.com/""}"
2026-10-02T15:01:21Z,100023,San Francisco,CA,node,11777326258,Buena Vida Cantina,bar,37.7810493,-122.4026799,,,,,,,,,,,,,860,Folsom Street,,,,,,2026-06-09,"{""addr:housenumber"":""860"",""addr:street"":""Folsom Street"",""amenity"":""bar"",""check_date"":""2026-06-09"",""name"":""Buena Vida Cantina""}"
2026-10-02T15:01:21Z,100023,San Francisco,CA,node,11777394327,Hole In The Wall,bar,37.7729234,-122.4124752,,,,,,,,,,,,,1369,Folsom Street,,,,,,2024-03-31,"{""addr:housenumber"":""1369"",""addr:street"":""Folsom Street"",""amenity"":""bar"",""check_date"":""2024-03-31"",""name"":""Hole In The Wall""}"
2026-10-02T15:01:21Z,100023,San Francisco,CA,node,11777394329,Dento Piano Cafe,cafe,37.7732522,-122.4120502,,,Mo-Fr 07:30-16:00; Sa-Su 08:30-16:00,,,,,,,,,coffee_shop,,,,,,,,2026-07-07,"{""amenity"":""cafe"",""bar"":""yes"",""check_date"":""2026-07-07"",""cuisine"":""coffee_shop"",""name"":""Dento Piano Cafe"",""opening_hours"":""Mo-Fr 07:30-16:00; Sa-Su 08:30-16:00""}"
2026-10-02T15:01:21Z,100023,San Francisco,CA,node,11777394339,Driftwood,bar,37.7745531,-122.4104282,,,,,,,,,,,,,1225,Folsom Street,,,,,,2024-03-31,"{""addr:housenumber"":""1225"",""addr:street"":""Folsom Street"",""amenity"":""bar"",""check_date"":""2024-03-31"",""name"":""Driftwood""}"
2026-10-02T15:01:21Z,100023,San Francisco,CA,node,11806415030,El Porteño II,restaurant,37.7604611,-122.419071,,,,,,,,,,,no,mexican,2293,Mission Street,,,,,,2025-05-25,"{""addr:housenumber"":""2293"",""addr:street"":""Mission Street"",""amenity"":""restaurant"",""bar"":""yes"",""check_date"":""2025-05-25"",""cuisine"":""mexican"",""name"":""El Porteño II"",""outdoor_seating"":""no"",""wheelchair"":""yes""}"
2026-10-02T15:01:21Z,100023,San Francisco,CA,node,11806415039,Casements,bar,37.7594304,-122.4189869,,,,,,,,,,,,,2351,Mission Street,,,,,,2025-05-25,"{""addr:housenumber"":""2351"",""addr:street"":""Mission Street"",""amenity"":""bar"",""check_date"":""2025-05-25"",""level"":""0"",""name"":""Casements"",""wheelchair"":""yes""}"
2026-10-02T15:01:21Z,100023,San Francisco,CA,node,11806415064,Hop Oast,bar,37.748524,-122.4085736,https://hopoast.com/,,Tu-Fr 16:00-21:00; Sa-Su 15:00-21:00,,,,,,,,,,2887,Bryant Street,,,,,,2026-05-17,"{""addr:housenumber"":""2887"",""addr:street"":""Bryant Street"",""amenity"":""bar"",""check_date"":""2026-05-17"",""name"":""Hop Oast"",""opening_hours"":""Tu-Fr 16:00-21:00; Sa-Su 15:00-21:00"",""website"":""https://hopoast.com/""}"
2026-10-02T15:01:21Z,100023,San Francisco,CA,node,12069089539,Saison Cellar & Wine Bar,bar,37.7782501,-122.393788,,,Tu-Sa; 14:00-22:00,,,,,,,,,,234,Townsend Street,San Francisco,CA,94107,,,,"{""addr:city"":""San Francisco"",""addr:housenumber"":""234"",""addr:postcode"":""94107"",""addr:state"":""CA"",""addr:street"":""Townsend Street"",""amenity"":""bar"",""name"":""Saison Cellar & Wine Bar"",""opening_hours"":""Tu-Sa; 14:00-22:00""}"
2026-10-02T15:01:21Z,100023,San Francisco,CA,node,12070629878,Saison Cellar & Wine Bar: Member's Cellar,bar,37.7783062,-122.3936992,,,,,,,,,,,,,228,Townsend Street,San Francisco,CA,94107,,,,"{""addr:city"":""San Francisco"",""addr:housenumber"":""228"",""addr:postcode"":""94107"",""addr:state"":""CA"",""addr:street"":""Townsend Street"",""amenity"":""bar"",""description"":""Member's only cellar."",""name"":""Saison Cellar & Wine Bar: Member's Cellar""}"
2026-10-02T15:01:21Z,100023,San Francisco,CA,node,12115120001,Louie's Bar,bar,37.7895975,-122.3996758,https://pourguys.com/,+1 415-286-9577,Mo-Fr 11:00-02:00; Sa 17:00-03:00,,,,,,,,,burger,55,Stevenson Street,,,94105,,,,"{""addr:housenumber"":""55"",""addr:postcode"":""94105"",""addr:street"":""Stevenson Street"",""amenity"":""bar"",""cuisine"":""burger"",""internet_access"":""wlan"",""name"":""Louie's Bar"",""opening_hours"":""Mo-Fr 11:00-02:00; Sa 17:00-03:00"",""phone"":""+1 415-286-9577"",""website"":""https://pourguys.com/""}"
2026-10-02T15:01:21Z,100023,San Francisco,CA,node,12133091149,Punsch Bar,bar,37.7827313,-122.4092532,,,,,,,,,,,,,,,,,,,,2024-08-23,"{""addr:floor"":""2"",""amenity"":""bar"",""check_date"":""2024-08-23"",""level"":""1"",""name"":""Punsch Bar""}"
2026-10-02T15:01:21Z,100023,San Francisco,CA,node,12247275391,The Comet Club,bar,37.7982107,-122.4358728,,,,,,,,,,,,,,,,,,,,2024-10-12,"{""amenity"":""bar"",""check_date"":""2024-10-12"",""name"":""The Comet Club""}"
2026-10-02T15:01:21Z,100023,San Francisco,CA,node,12288987452,The Sea Star,bar,37.7607437,-122.3884137,https://theseastarsf.com,,,,,,,,,various,,,2289,3rd Street,,,,,,2024-10-25,"{""addr:housenumber"":""2289"",""addr:street"":""3rd Street"",""amenity"":""bar"",""brewery"":""various"",""check_date"":""2024-10-25"",""internet_access"":""no"",""min_age"":""21"",""name"":""The Sea Star"",""payment:cash"":""yes"",""payment:credit_cards"":""yes"",""payment:debit_cards"":""yes"",""website"":""https://theseastarsf.com"",""wheelchair"":""limited""}"
2026-10-02T15:01:21Z,100023,San Francisco,CA,node,12408404346,Linden Room,bar,37.776529,-122.4227507,https://www.nightbirdrestaurant.com/linden-room/,,Tu-Th 17:00-00:00; Fr-Sa 17:00-01:00,,,,,,,,,,330,Gough Street,San Francisco,CA,94102,,,,"{""addr:city"":""San Francisco"",""addr:housenumber"":""330"",""addr:postcode"":""94102"",""addr:state"":""CA"",""addr:street"":""Gough Street"",""amenity"":""bar"",""name"":""Linden Room"",""opening_hours"":""Tu-Th 17:00-00:00; Fr-Sa 17:00-01:00"",""website"":""https://www.nightbirdrestaurant.com/linden-room/""}"
2026-10-02T15:01:21Z,100023,San Francisco,CA,node,12550746944,,bar,37.8083416,-122.4139934,,,,,,,,,,,,,,,,,,,,,"{""amenity"":""bar""}"
2026-10-02T15:01:21Z,100023,San Francisco,CA,node,12583335241,Radio Habana,bar,37.7551095,-122.4207974,,,,,,,,,,,,,1109,Valencia Street,,,,,,2025-02-11,"{""addr:housenumber"":""1109"",""addr:street"":""Valencia Street"",""amenity"":""bar"",""check_date"":""2025-02-11"",""name"":""Radio Habana"",""wheelchair"":""no""}"
2026-10-02T15:01:21Z,100023,San Francisco,CA,node,12637817162,Long Bridge Pizza Company,restaurant,37.7594775,-122.3882761,https://www.longbridgepizza.com/,+1-415-829-8999,Tu-Su 11:00-21:00,,,,,,,,,pizza,2347,3rd Street,San Francisco,CA,94107,,,,"{""addr:city"":""San Francisco"",""addr:housenumber"":""2347"",""addr:postcode"":""94107"",""addr:state"":""CA"",""addr:street"":""3rd Street"",""amenity"":""restaurant"",""bar"":""yes"",""cuisine"":""pizza"",""name"":""Long Bridge Pizza Company"",""opening_hours"":""Tu-Su 11:00-21:00"",""phone"":""+1-415-829-8999"",""website"":""https://www.longbridgepizza.com/""}"
2026-10-02T15:01:21Z,100023,San Francisco,CA,node,12676663498,Woods Outbound,pub,37.7603112,-122.5055953,,,,,,,,,,,,,,,,,,,,,"{""amenity"":""pub"",""name"":""Woods Outbound""}"
2026-10-02T15:01:21Z,100023,San Francisco,CA,node,12887035377,Paris 75,bar,37.7978376,-122.4058578,,,,,,,,,,,,,,,,,,,,,"{""amenity"":""bar"",""name"":""Paris 75""}"
2026-10-02T15:01:21Z,100023,San Francisco,CA,node,12887090805,Bamboo Hut,bar,37.7979485,-122.405093,,,,,,,,,,,,,,,,,,,,,"{""amenity"":""bar"",""name"":""Bamboo Hut"",""theme"":""tiki""}"
2026-10-02T15:01:21Z,100023,San Francisco,CA,node,12900325202,Rikki's,bar,37.7652703,-122.431471,https://www.rikkisbarsf.com/,,Tu-Th 15:30-22:00; Fr-Sa 11:30-24:00; Su 11:30-22:00,,,,,,,,,,2223,Market Street,San Francisco,CA,94114,,,,"{""addr:city"":""San Francisco"",""addr:housenumber"":""2223"",""addr:postcode"":""94114"",""addr:state"":""CA"",""addr:street"":""Market Street"",""amenity"":""bar"",""bar:type"":""womens_sports_bar"",""name"":""Rikki's"",""opening_hours"":""Tu-Th 15:30-22:00; Fr-Sa 11:30-24:00; Su 11:30-22:00"",""start_date"":""2025-06-11"",""website"":""https://www.rikkisbarsf.com/""}"
2026-10-02T15:01:21Z,100023,San Francisco,CA,node,12951004302,Indie Darling,bar,37.780965,-122.4105181,https://www.indiedarlingsf.com/,,,,,,,,,,,,537,Stevenson Street,,,,,,,"{""addr:housenumber"":""537"",""addr:street"":""Stevenson Street"",""amenity"":""bar"",""name"":""Indie Darling"",""website"":""https://www.indiedarlingsf.com/""}"
2026-10-02T15:01:21Z,100023,San Francisco,CA,node,13019496826,The Red Tail,bar,37.7640194,-122.4638179,,,Mo-Th 16:00-23:00; Fr 16:00-24:00; Sa-Su 15:00-24:00,,,,,,,,,,,,,,,,,2026-01-13,"{""amenity"":""bar"",""check_date"":""2026-01-13"",""level"":""0"",""name"":""The Red Tail"",""opening_hours"":""Mo-Th 16:00-23:00; Fr 16:00-24:00; Sa-Su 15:00-24:00"",""wheelchair"":""yes""}"
2026-10-02T15:01:21Z,100023,San Francisco,CA,node,13027417998,Lagom Bar,bar,37.782573,-122.4090446,,,,,,,,,,,,,,,,,,,,2025-07-26,"{""amenity"":""bar"",""check_date"":""2025-07-26"",""level"":""0"",""name"":""Lagom Bar""}"
2026-10-02T15:01:21Z,100023,San Francisco,CA,node,13030734579,Casanova Lounge,bar,37.7643859,-122.4216786,,,Mo-Su 17:00-02:00,,,,,,,,,,527,Valencia Street,San Francisco,CA,94110,,,2026-05-10,"{""addr:city"":""San Francisco"",""addr:housenumber"":""527"",""addr:postcode"":""94110"",""addr:state"":""CA"",""addr:street"":""Valencia Street"",""amenity"":""bar"",""check_date"":""2026-05-10"",""level"":""0"",""min_age"":""21"",""name"":""Casanova Lounge"",""opening_hours"":""Mo-Su 17:00-02:00"",""wheelchair"":""yes""}"
2026-10-02T15:01:21Z,100023,San Francisco,CA,node,13057323401,The Stud,bar,37.7761653,-122.4083643,https://www.studsf.com,,"Su, Tu-Th 17:00-00:00; Fr-Sa 17:00-02:00",,,,,,,,,,1123,Folsom Street,,,94103,,,,"{""addr:housenumber"":""1123"",""addr:postcode"":""94103"",""addr:street"":""Folsom Street"",""amenity"":""bar"",""contact:facebook"":""THESTUDBAR"",""contact:instagram"":""studsf"",""email"":""info@studsf.com"",""lgbtq"":""primary"",""name"":""The Stud"",""opening_hours"":""Su, Tu-Th 17:00-00:00; Fr-Sa 17:00-02:00"",""website"":""https://www.studsf.com""}"
2026-10-02T15:01:21Z,100023,San Francisco,CA,node,13093722241,,bar,37.7605716,-122.4103873,,,,,,,,,,,,,,,,,,,,2025-08-23,"{""amenity"":""bar"",""check_date"":""2025-08-23""}"
2026-10-02T15:01:21Z,100023,San Francisco,CA,node,13103796137,Las Margaritas,bar,37.752297,-122.4192534,,,Tu-Su 12:00-24:00,,,,,,,,,,3336,24th Street,San Francisco,CA,94110,,,,"{""addr:city"":""San Francisco"",""addr:housenumber"":""3336"",""addr:postcode"":""94110"",""addr:state"":""CA"",""addr:street"":""24th Street"",""amenity"":""bar"",""name"":""Las Margaritas"",""opening_hours"":""Tu-Su 12:00-24:00""}"
2026-10-02T15:01:21Z,100023,San Francisco,CA,node,13168483731,OneUP Lounge,bar,37.7892704,-122.4072866,,,,,,,,,,,,,345,Stockton Street,San Francisco,CA,94108,,,,"{""addr:city"":""San Francisco"",""addr:floor"":""2"",""addr:housenumber"":""345"",""addr:postcode"":""94108"",""addr:state"":""CA"",""addr:street"":""Stockton Street"",""amenity"":""bar"",""name"":""OneUP Lounge"",""note"":""located inside of Grand Hyatt San Francisco""}"
2026-10-02T15:01:21Z,100023,San Francisco,CA,node,13168486491,Campton Bar & Bistro,restaurant,37.7891367,-122.4063719,,,,,,,,,,,,,,,,,,,,,"{""amenity"":""restaurant"",""bar"":""yes"",""name"":""Campton Bar & Bistro"",""note"":""located inside of Taj Campton Place Hotel""}"
2026-10-02T15:01:21Z,100023,San Francisco,CA,node,13176381001,Laszlo,bar,37.7564579,-122.4190265,,,,,,,,,,,,,2526,Mission Street,,,,,,,"{""addr:housenumber"":""2526"",""addr:street"":""Mission Street"",""amenity"":""bar"",""name"":""Laszlo""}"
2026-10-02T15:01:21Z,100023,San Francisco,CA,node,13241683202,750 Restaurant & Bar,restaurant,37.7949983,-122.4044214,,,,,,,,,,,,,,,,,,,,,"{""amenity"":""restaurant"",""bar"":""yes"",""name"":""750 Restaurant & Bar"",""note"":""located inside Hilton""}"
2026-10-02T15:01:21Z,100023,San Francisco,CA,node,13241913569,Sky Bar,bar,37.7951943,-122.4025399,,,,,,,,,,,,,,,,,,,,,"{""access"":""private"",""amenity"":""bar"",""name"":""Sky Bar"",""note"":""building tenants access only""}"
2026-10-02T15:01:21Z,100023,San Francisco,CA,node,13257040801,Gold Bar Distillery,bar,37.8168273,-122.3710281,https://goldbarwhiskey.com,,Tu-Su 12:00-21:00,,,,,,,,,,1,Avenue of the Palms,,,,,,,"{""addr:housenumber"":""1"",""addr:street"":""Avenue of the Palms"",""amenity"":""bar"",""name"":""Gold Bar Distillery"",""opening_hours"":""Tu-Su 12:00-21:00"",""website"":""https://goldbarwhiskey.com""}"
2026-10-02T15:01:21Z,100023,San Francisco,CA,node,13264480901,Tiya,restaurant,37.7995453,-122.4411938,https://tiyasf.com,+1-415-400-8500,Su-Th 17:00-21:30; Fr-Sa 17:00-22:30,,,,,,,,no,indian,3213,Scott Street,,,94123,,,2025-12-30,"{""addr:housenumber"":""3213"",""addr:postcode"":""94123"",""addr:street"":""Scott Street"",""amenity"":""restaurant"",""bar"":""yes"",""check_date"":""2025-12-30"",""contact:instagram"":""tiya.social"",""contact:yelp"":""https://yelp.com/biz/tiya-san-francisco"",""cuisine"":""indian"",""delivery"":""no"",""diet:non-vegetarian"":""yes"",""diet:vegan"":""yes"",""diet:vegetarian"":""yes"",""email"":""hello@tiyasf.com"",""internet_access"":""wlan"",""name"":""Tiya"",""opening_hours"":""Su-Th 17:00-21:30; Fr-Sa 17:00-22:30"",""outdoor_seating"":""no"",""phone"":""+1-415-400-8500"",""reservation"":""yes"",""smoking"":""no"",""website"":""https://tiyasf.com"",""wheelchair"":""yes""}"
2026-10-02T15:01:21Z,100023,San Francisco,CA,node,13594408375,Silk Road Bar,bar,37.7855417,-122.408418,https://silkroadbarsf.com/,,"We,Th 16:00-22:00, Fr,Sa 16:00-24:00, Su-Tu 16:00-21:00",,,,,,,,,,134,Ellis Street,,,,,,,"{""addr:housenumber"":""134"",""addr:street"":""Ellis Street"",""amenity"":""bar"",""name"":""Silk Road Bar"",""opening_hours"":""We,Th 16:00-22:00, Fr,Sa 16:00-24:00, Su-Tu 16:00-21:00"",""website"":""https://silkroadbarsf.com/""}"
2026-10-02T15:01:21Z,100023,San Francisco,CA,node,13613318657,Scarlet Fox Wine Bar,bar,37.7742877,-122.4441734,,,"Mo-Tu,Sa 17:00-22:00; We-Fr 14:00-22:00; Su off",,,,,,,,,,,,,,,,,2026-04-29,"{""amenity"":""bar"",""check_date"":""2026-04-29"",""level"":""0"",""name"":""Scarlet Fox Wine Bar"",""opening_hours"":""Mo-Tu,Sa 17:00-22:00; We-Fr 14:00-22:00; Su off"",""wheelchair"":""yes""}"
2026-10-02T15:01:21Z,100023,San Francisco,CA,node,13631146967,Etcetera Wine Bar,bar,37.7602888,-122.421319,,,,,,,,,,,,,795,Valencia Street,,,,,,,"{""addr:housenumber"":""795"",""addr:street"":""Valencia Street"",""amenity"":""bar"",""name"":""Etcetera Wine Bar""}"
2026-10-02T15:01:21Z,100023,San Francisco,CA,node,13715184385,Cellarmaker,pub,37.7457503,-122.4196363,,,,,,,,,yes,,,,3191,Mission Street,,,,,,,"{""addr:housenumber"":""3191"",""addr:street"":""Mission Street"",""amenity"":""pub"",""microbrewery"":""yes"",""name"":""Cellarmaker""}"
2026-10-02T15:01:21Z,100023,San Francisco,CA,node,13739098894,Two Pitchers Brewing Company,pub,37.752836,-122.5048305,https://www.twopitchers.com/oceanbeach,+1-510-999-4939,,,,,,,,,,,3821,Noriega Street,San Francisco,CA,94122,,,,"{""addr:city"":""San Francisco"",""addr:country"":""US"",""addr:county"":""San Francisco"",""addr:housenumber"":""3821"",""addr:postcode"":""94122"",""addr:state"":""CA"",""addr:street"":""Noriega Street"",""amenity"":""pub"",""craft"":""brewery"",""name"":""Two Pitchers Brewing Company"",""phone"":""+1-510-999-4939"",""website"":""https://www.twopitchers.com/oceanbeach""}"
2026-10-02T15:01:21Z,100023,San Francisco,CA,node,13765410525,Arcana,bar,37.7566653,-122.4190806,https://www.arcanasf.com/,,,,,,,,,,,,2512,Mission Street,,,,,,2026-04-26,"{""addr:housenumber"":""2512"",""addr:street"":""Mission Street"",""amenity"":""bar"",""check_date"":""2026-04-26"",""name"":""Arcana"",""website"":""https://www.arcanasf.com/""}"
2026-10-02T15:01:21Z,100023,San Francisco,CA,node,13768629906,Latin American Club,bar,37.7554302,-122.4206643,,,,,,,,,,,,,3286,22nd Street,,,,,,,"{""addr:housenumber"":""3286"",""addr:street"":""22nd Street"",""amenity"":""bar"",""name"":""Latin American Club""}"
2026-10-02T15:01:21Z,100023,San Francisco,CA,node,13816468428,Blondies Bar,bar,37.7642161,-122.4219848,,,,,,,,,,,,,,,,,,,,2026-05-10,"{""amenity"":""bar"",""check_date"":""2026-05-10"",""level"":""0"",""name"":""Blondies Bar"",""wheelchair"":""yes""}"
2026-10-02T15:01:21Z,100023,San Francisco,CA,node,13941683512,Canchola's Bar,bar,37.7362958,-122.4242302,,,,,,,,,,,,,3779,Mission Street,,,,,,,"{""addr:housenumber"":""3779"",""addr:street"":""Mission Street"",""amenity"":""bar"",""name"":""Canchola's Bar""}"
2026-10-02T15:01:21Z,100023,San Francisco,CA,node,13990909501,Kissakeko,bar,37.795748,-122.4115205,,,,,,,,,,,,japanese;tea,1327,Mason Street,,,94133,,,2026-07-05,"{""addr:housenumber"":""1327"",""addr:postcode"":""94133"",""addr:street"":""Mason Street"",""amenity"":""bar"",""check_date"":""2026-07-05"",""cuisine"":""japanese;tea"",""name"":""Kissakeko""}"
2026-10-02T15:01:21Z,100023,San Francisco,CA,node,13991331474,The Café,bar,37.7630042,-122.434327,,,,,,,,,,,,,2369,Market Street,San Francisco,CA,,,,,"{""addr:city"":""San Francisco"",""addr:housenumber"":""2369"",""addr:state"":""CA"",""addr:street"":""Market Street"",""amenity"":""bar"",""lgbtq"":""primary"",""name"":""The Café""}"
2026-10-02T15:01:21Z,100023,San Francisco,CA,node,14052475620,Bergerac,bar,37.7714013,-122.413761,https://m.bergeracsf.com/,+1-415-255-9440,We-Fr 17:00-02:00; Sa 19:00-02:00,,,,,,,,,,316,11th St,,,,,,,"{""addr:housenumber"":""316"",""addr:street"":""11th St"",""amenity"":""bar"",""name"":""Bergerac"",""opening_hours"":""We-Fr 17:00-02:00; Sa 19:00-02:00"",""phone"":""+1-415-255-9440"",""website"":""https://m.bergeracsf.com/""}"
2026-10-02T15:01:21Z,100023,San Francisco,CA,node,14111560901,Modernist,nightclub,37.7928872,-122.3924133,https://www.modernist.club,,,,,,,,,,,,139,Steuart Street,,,94105,,,2026-08-21,"{""addr:housenumber"":""139"",""addr:postcode"":""94105"",""addr:street"":""Steuart Street"",""amenity"":""nightclub"",""check_date"":""2026-08-21"",""name"":""Modernist"",""website"":""https://www.modernist.club""}"
2026-10-02T15:01:21Z,100023,San Francisco,CA,way,29100414,Northstar Cafe,pub,37.7992192,-122.4104205,,,,,,,,,,,,,1560,Powell Street,San Francisco,CA,94133,,,2023-03-20,"{""addr:city"":""San Francisco"",""addr:housenumber"":""1560"",""addr:postcode"":""94133"",""addr:state"":""CA"",""addr:street"":""Powell Street"",""amenity"":""pub"",""building"":""yes"",""check_date"":""2023-03-20"",""name"":""Northstar Cafe""}"
2026-10-02T15:01:21Z,100023,San Francisco,CA,way,35537202,Vesuvio,pub,37.7974913,-122.406442,,,,,,,,,,,,,255,Columbus Avenue,,CA,94133,,,2025-09-05,"{""addr:housenumber"":""255"",""addr:postcode"":""94133"",""addr:state"":""CA"",""addr:street"":""Columbus Avenue"",""alt_name"":""Vesuvio Cafe"",""amenity"":""pub"",""building"":""yes"",""check_date"":""2025-09-05"",""height"":""10"",""name"":""Vesuvio"",""wikidata"":""Q7923521"",""wikipedia"":""en:Vesuvio Cafe""}"
2026-10-02T15:01:21Z,100023,San Francisco,CA,way,71209436,Pasha,bar,37.7863892,-122.4143462,,,,,,,,,,,,,673,Geary Street,San Francisco,CA,94102,,,2023-06-20,"{""addr:city"":""San Francisco"",""addr:housenumber"":""673"",""addr:postcode"":""94102"",""addr:state"":""CA"",""addr:street"":""Geary Street"",""amenity"":""bar"",""building"":""retail"",""building:levels"":""2"",""check_date"":""2023-06-20"",""name"":""Pasha""}"
2026-10-02T15:01:21Z,100023,San Francisco,CA,way,71515257,Peacekeeper,bar,37.7895001,-122.4125338,https://www.peacekeepersf.com/,+1 415 5042502,"Mo-Fr 15:00+; Sa,Su 13:00+",,,,,,,,,,925,Bush Street,San Francisco,CA,,,,2023-01-09,"{""addr:city"":""San Francisco"",""addr:housenumber"":""925"",""addr:state"":""CA"",""addr:street"":""Bush Street"",""amenity"":""bar"",""building"":""retail"",""check_date"":""2023-01-09"",""contact:instagram"":""peacekeepersf"",""email"":""hola@peacekeepersf.com"",""name"":""Peacekeeper"",""opening_hours"":""Mo-Fr 15:00+; Sa,Su 13:00+"",""phone"":""+1 415 5042502"",""website"":""https://www.peacekeepersf.com/""}"
2026-10-02T15:01:21Z,100023,San Francisco,CA,way,104600008,Hi Dive,pub,37.7876272,-122.3874724,https://www.hidivesf.com/,+1 415-977-0170,,,,,,,,,,,Pier 28,Embarcadero,San Francisco,,,,,2023-06-10,"{""addr:city"":""San Francisco"",""addr:housenumber"":""Pier 28"",""addr:street"":""Embarcadero"",""amenity"":""pub"",""atm"":""yes"",""building"":""yes"",""check_date"":""2023-06-10"",""name"":""Hi Dive"",""phone"":""+1 415-977-0170"",""website"":""https://www.hidivesf.com/"",""wheelchair"":""limited"",""wheelchair:description"":""Good for wheelchairs, bathroom might be small, patio is accessible""}"
2026-10-02T15:01:21Z,100023,San Francisco,CA,way,112757637,Zeitgeist,pub,37.7700366,-122.4221201,http://www.zeitgeistsf.com/,+1 415 2557505,Mo-We 14:00-23:00; Th 14:00-24:00; Fr 14:00-25:00; Sa 13:00-25:00; Su 13:00-21:30,,,,,,,,yes,,199,Valencia Street,San Francisco,CA,94103,,,2026-05-10,"{""addr:city"":""San Francisco"",""addr:housenumber"":""199"",""addr:postcode"":""94103"",""addr:state"":""CA"",""addr:street"":""Valencia Street"",""amenity"":""pub"",""atm"":""yes"",""building"":""yes"",""check_date"":""2026-05-10"",""contact:facebook"":""ZeitgeistSF"",""contact:instagram"":""zeitgeist_sf"",""dog"":""no"",""drink:beer"":""yes"",""email"":""info@zeitgeistsf.com"",""food"":""yes"",""indoor_seating"":""yes"",""name"":""Zeitgeist"",""opening_hours"":""Mo-We 14:00-23:00; Th 14:00-24:00; Fr 14:00-25:00; Sa 13:00-25:00; Su 13:00-21:30"",""opening_hours:url"":""http://www.zeitgeistsf.com/"",""outdoor_seating"":""yes"",""phone"":""+1 415 2557505"",""sport"":""billiards"",""website"":""http://www.zeitgeistsf.com/"",""website:menu"":""https://www.zeitgeistsf.com/menu"",""wheelchair"":""no""}"
2026-10-02T15:01:21Z,100023,San Francisco,CA,way,121024973,Cafe du Nord,pub,37.7667003,-122.4305217,,,,,,,,,,,,,2170,Market Street,,,,,,,"{""addr:housenumber"":""2170"",""addr:street"":""Market Street"",""amenity"":""pub"",""building"":""commercial"",""building:levels"":""3"",""building:levels:underground"":""1"",""building:material"":""wood"",""fixme"":""This building is, and has external signage as, the Swedish American Hall. Cafe du Nord is one of multiple tenants"",""height"":""13"",""name"":""Cafe du Nord"",""note"":""Below street level, downstairs, evening events 8pm to 2am days unknown, average occupancy 150 to 200"",""wikidata"":""Q5017096""}"
2026-10-02T15:01:21Z,100023,San Francisco,CA,way,132605452,Buzzworks,bar,37.771304,-122.4128898,https://www.sfbuzzworks.com/,,,,,,,,,,,,365,11th Street,,,,bing,,2023-03-10,"{""addr:housenumber"":""365"",""addr:street"":""11th Street"",""amenity"":""bar"",""building"":""yes"",""check_date"":""2023-03-10"",""height"":""5"",""name"":""Buzzworks"",""payment:credit_cards"":""yes"",""source"":""bing"",""website"":""https://www.sfbuzzworks.com/""}"
2026-10-02T15:01:21Z,100023,San Francisco,CA,way,132605490,DNA Lounge,nightclub,37.7710864,-122.4126124,https://www.dnalounge.com/,,,,,,,,,,,,375,11th Street,San Francisco,,94103,,,2024-01-27,"{""addr:city"":""San Francisco"",""addr:housenumber"":""375"",""addr:postcode"":""94103"",""addr:street"":""11th Street"",""amenity"":""nightclub"",""building"":""yes"",""check_date"":""2024-01-27"",""contact:facebook"":""dnalounge"",""contact:instagram"":""dnalounge"",""contact:mastodon"":""@dnalounge@sfba.social"",""contact:twitter"":""dnalounge"",""contact:youtube"":""DNALounge"",""name"":""DNA Lounge"",""website"":""https://www.dnalounge.com/"",""wikidata"":""Q5205728"",""wikimedia_commons"":""Category:DNA Lounge"",""wikipedia"":""en:DNA Lounge""}"
2026-10-02T15:01:21Z,100023,San Francisco,CA,way,132605512,The Budda Nightclub,nightclub,37.7715028,-122.4132643,https://www.thebuddanightclub.com/,+1-415-890-3768,,,,,,,,,,,333,11th Street,San Francisco,CA,94103,,,,"{""addr:city"":""San Francisco"",""addr:housenumber"":""333"",""addr:postcode"":""94103"",""addr:state"":""CA"",""addr:street"":""11th Street"",""amenity"":""nightclub"",""building"":""retail"",""building:levels"":""1"",""height"":""7"",""name"":""The Budda Nightclub"",""old_name:1988-2020"":""Slim's"",""old_name:2021-06-2025-04"":""Yolo"",""phone"":""+1-415-890-3768"",""website"":""https://www.thebuddanightclub.com/""}"
2026-10-02T15:01:21Z,100023,San Francisco,CA,way,147633860,Hawthorn,nightclub,37.7881332,-122.4043037,,,,,,,,,,,,,46,Grant Avenue,,,,,,,"{""addr:housenumber"":""46"",""addr:street"":""Grant Avenue"",""amenity"":""nightclub"",""building"":""yes"",""height"":""13"",""name"":""Hawthorn""}"
2026-10-02T15:01:21Z,100023,San Francisco,CA,way,148174267,The Temple Bar,pub,37.764223,-122.4670543,,,,,,,,,,,,,834,Irving Street,San Francisco,CA,94122,survey,,2025-12-10,"{""addr:city"":""San Francisco"",""addr:country"":""US"",""addr:housenumber"":""834"",""addr:postcode"":""94122"",""addr:state"":""CA"",""addr:street"":""Irving Street"",""amenity"":""pub"",""building"":""yes"",""check_date"":""2025-12-10"",""name"":""The Temple Bar"",""source"":""survey""}"
2026-10-02T15:01:21Z,100023,San Francisco,CA,way,148175381,Calle-11,nightclub,37.7715889,-122.4140197,,,,,,,,,,,,,1501,Folsom Street,San Francisco,CA,94103,Bing,,,"{""addr:city"":""San Francisco"",""addr:country"":""US"",""addr:housenumber"":""1501"",""addr:postcode"":""94103"",""addr:state"":""CA"",""addr:street"":""Folsom Street"",""amenity"":""nightclub"",""building"":""construction"",""height"":""6"",""level"":""0"",""name"":""Calle-11"",""source"":""Bing""}"
2026-10-02T15:01:21Z,100023,San Francisco,CA,way,148175385,Halcyon,nightclub,37.7714577,-122.4139177,https://halcyon-sf.com/,,,,,,,,,,,,314,11th Street,San Francisco,CA,94103,Bing,,,"{""addr:city"":""San Francisco"",""addr:housenumber"":""314"",""addr:postcode"":""94103"",""addr:state"":""CA"",""addr:street"":""11th Street"",""amenity"":""nightclub"",""building"":""yes"",""height"":""7"",""name"":""Halcyon"",""source"":""Bing"",""website"":""https://halcyon-sf.com/""}"
2026-10-02T15:01:21Z,100023,San Francisco,CA,way,148288778,Southside Spirit House,pub,37.7871112,-122.3974391,https://www.southsidesf.com/,+1-415-543-5874,Mo 16:00-21:00; Tu-Fr 16:00-23:00,,,,,,,,,,575,Howard Street,San Francisco,CA,94105,Bing,,2023-07-01,"{""addr:city"":""San Francisco"",""addr:country"":""US"",""addr:housenumber"":""575"",""addr:postcode"":""94105"",""addr:state"":""CA"",""addr:street"":""Howard Street"",""alt_name"":""South Side Spirits"",""amenity"":""pub"",""building"":""yes"",""check_date"":""2023-07-01"",""height"":""5"",""name"":""Southside Spirit House"",""opening_hours"":""Mo 16:00-21:00; Tu-Fr 16:00-23:00"",""phone"":""+1-415-543-5874"",""source"":""Bing"",""website"":""https://www.southsidesf.com/"",""wheelchair"":""yes""}"
2026-10-02T15:01:21Z,100023,San Francisco,CA,way,172111611,Rickshaw Stop,nightclub,37.7759904,-122.4204754,https://rickshawstop.com/,,,,,,,,,,,,155,Fell Street,San Francisco,CA,94102,Bing,,,"{""addr:city"":""San Francisco"",""addr:housenumber"":""155"",""addr:postcode"":""94102"",""addr:state"":""CA"",""addr:street"":""Fell Street"",""amenity"":""nightclub"",""building"":""yes"",""height"":""6"",""name"":""Rickshaw Stop"",""source"":""Bing"",""website"":""https://rickshawstop.com/""}"
2026-10-02T15:01:21Z,100023,San Francisco,CA,way,182809251,Brick & Beam,bar,37.806077,-122.4163693,,,,,,,,,,,,,555,North Point Street,,,,,,2023-10-10,"{""addr:housenumber"":""555"",""addr:street"":""North Point Street"",""amenity"":""bar"",""building"":""yes"",""check_date"":""2023-10-10"",""name"":""Brick & Beam""}"
2026-10-02T15:01:21Z,100023,San Francisco,CA,way,216220325,The Grand,nightclub,37.7790931,-122.3979041,https://www.grandnightclub.com/,+1 415 636 0029,,,,,,,,,,,520,4th Street,,,94107,,,,"{""addr:housenumber"":""520"",""addr:postcode"":""94107"",""addr:street"":""4th Street"",""amenity"":""nightclub"",""building"":""yes"",""height"":""8"",""name"":""The Grand"",""phone"":""+1 415 636 0029"",""website"":""https://www.grandnightclub.com/"",""wikidata"":""Q7844816""}"
2026-10-02T15:01:21Z,100023,San Francisco,CA,way,216220336,Thriller Social Club,pub,37.7791966,-122.3980831,https://www.thrillersocialclub.com/,+1 415 706 6568,Mo off; Tu 16:00-22:00; We 16:00-22:30; Th 16:00-23:30; Fr 16:00-25:00; Sa 17:00-25:00; Su 14:00-20:00,,,,,,,,no,,508,4th Street,San Francisco,CA,,,,,"{""addr:city"":""San Francisco"",""addr:housenumber"":""508"",""addr:state"":""CA"",""addr:street"":""4th Street"",""amenity"":""pub"",""building"":""retail"",""building:levels"":""2"",""cocktails"":""yes"",""contact:facebook"":""ThrillerSF"",""contact:instagram"":""thrillersocialclub"",""contact:yelp"":""https://www.yelp.com/biz/thriller-social-club-san-francisco"",""drink:beer"":""yes"",""email"":""thrills@thrillersocialclub.com"",""food"":""yes"",""indoor_seating"":""yes"",""leisure"":""amusement_arcade"",""name"":""Thriller Social Club"",""opening_hours"":""Mo off; Tu 16:00-22:00; We 16:00-22:30; Th 16:00-23:30; Fr 16:00-25:00; Sa 17:00-25:00; Su 14:00-20:00"",""opening_hours:url"":""https://www.thrillersocialclub.com/hours"",""outdoor_seating"":""no"",""phone"":""+1 415 706 6568"",""website"":""https://www.thrillersocialclub.com/"",""wheelchair:description"":""The first floor is wheelchair accessible. Unsure if there's an elevator for the second floor.""}"
2026-10-02T15:01:21Z,100023,San Francisco,CA,way,218159534,Mars Bar & Restaurant,bar,37.7733103,-122.4032439,http://www.marsbarsf.com/,+1 415 621 6277,,,,,,,,,,,798,Brannan Street,San Francisco,,94103,,,,"{""addr:city"":""San Francisco"",""addr:housenumber"":""798"",""addr:postcode"":""94103"",""addr:street"":""Brannan Street"",""amenity"":""bar"",""building"":""commercial"",""height"":""6"",""name"":""Mars Bar & Restaurant"",""phone"":""+1 415 621 6277"",""website"":""http://www.marsbarsf.com/""}"
2026-10-02T15:01:21Z,100023,San Francisco,CA,way,223616923,The Alembic,bar,37.769271,-122.4511302,,+1 415-666-0822,Mo-Tu off; We-Sa 16:00-24:00; Su 14:00-22:00,,,,,,,,yes,,1725,Haight Street,San Francisco,CA,94117,Bing;survey,,2025-12-11,"{""addr:city"":""San Francisco"",""addr:housenumber"":""1725"",""addr:postcode"":""94117"",""addr:state"":""CA"",""addr:street"":""Haight Street"",""amenity"":""bar"",""building"":""yes"",""check_date"":""2025-12-11"",""name"":""The Alembic"",""name:zh"":""蒸馏器餐厅"",""opening_hours"":""Mo-Tu off; We-Sa 16:00-24:00; Su 14:00-22:00"",""opening_hours:kitchen"":""We-Sa 16:00-22:00; Su 15:00-21:00"",""outdoor_seating"":""yes"",""phone"":""+1 415-666-0822"",""reservation"":""no"",""source"":""Bing;survey"",""wheelchair"":""yes""}"
2026-10-02T15:01:21Z,100023,San Francisco,CA,way,228247742,O'Reillys Pub,pub,37.7695111,-122.4526159,,,,,,,,,,,,,1840,Haight Street,,,,survey,,2026-02-15,"{""addr:housenumber"":""1840"",""addr:street"":""Haight Street"",""amenity"":""pub"",""building"":""yes"",""check_date"":""2026-02-15"",""height"":""6"",""name"":""O'Reillys Pub"",""source"":""survey"",""theme"":""irish"",""wheelchair"":""yes""}"
2026-10-02T15:01:21Z,100023,San Francisco,CA,way,247085040,Biergarten,biergarten,37.7760552,-122.4240918,https://biergartensf.com/,,We-Th 15:00-21:00; Su 12:00-20:00; Fr-Sa 12:00-21:00,,,,,,,,yes,,424,Octavia Street,San Francisco,CA,94102,,,2025-03-22,"{""addr:city"":""San Francisco"",""addr:housenumber"":""424"",""addr:postcode"":""94102"",""addr:state"":""CA"",""addr:street"":""Octavia Street"",""amenity"":""biergarten"",""check_date"":""2025-03-22"",""description"":""A traditional beer garden, serving German beer and locally sourced food"",""name"":""Biergarten"",""opening_hours"":""We-Th 15:00-21:00; Su 12:00-20:00; Fr-Sa 12:00-21:00"",""outdoor_seating"":""yes"",""smoking"":""no"",""website"":""https://biergartensf.com/""}"
2026-10-02T15:01:21Z,100023,San Francisco,CA,way,256029746,Monarch,nightclub,37.7809715,-122.4083336,https://www.monarchsf.com/,,,,,yes,,,,,,,101,6th Street,San Francisco,CA,94103,,,2024-04-14,"{""addr:city"":""San Francisco"",""addr:housenumber"":""101"",""addr:postcode"":""94103"",""addr:state"":""CA"",""addr:street"":""6th Street"",""amenity"":""nightclub"",""building"":""yes"",""check_date"":""2024-04-14"",""contact:facebook"":""MonarchSanFrancisco"",""contact:instagram"":""monarchsf"",""contact:twitter"":""MonarchSF"",""email"":""info@monarchsf.com"",""height"":""7"",""live_music"":""yes"",""name"":""Monarch"",""website"":""https://www.monarchsf.com/""}"
2026-10-02T15:01:21Z,100023,San Francisco,CA,way,256471158,Oasis,nightclub,37.7719147,-122.4144356,,,,,,,,,,,,,298,11th Street,San Francisco,CA,94103,,,2024-03-31,"{""addr:city"":""San Francisco"",""addr:country"":""US"",""addr:housenumber"":""298"",""addr:postcode"":""94103"",""addr:state"":""CA"",""addr:street"":""11th Street"",""amenity"":""nightclub"",""building"":""yes"",""check_date"":""2024-03-31"",""name"":""Oasis""}"
2026-10-02T15:01:21Z,100023,San Francisco,CA,way,256710553,Blackbird,pub,37.7673412,-122.4296872,,,,,,,,,,,,,2124;2126,Market Street,,,94114,,,2025-06-09,"{""addr:housenumber"":""2124;2126"",""addr:postcode"":""94114"",""addr:street"":""Market Street"",""amenity"":""pub"",""building"":""apartments"",""building:levels"":""3"",""building:material"":""masonry;wood"",""check_date"":""2025-06-09"",""height"":""11"",""name"":""Blackbird"",""note"":""Average occupancy in Blackbird Th- Sat eve. 50""}"
2026-10-02T15:01:21Z,100023,San Francisco,CA,way,260152109,Teeth,bar,37.759867,-122.4189763,https://teethbarsf.com/,+1 415 2852380,Mo-Th 16:00-22:00; Fr 14:00-23:00; Sa 11:00-23:00; Su 09:45-21:00,,,,,,,,,,2323,Mission Street,,,94110,,,2025-05-25,"{""addr:housenumber"":""2323"",""addr:postcode"":""94110"",""addr:street"":""Mission Street"",""amenity"":""bar"",""building"":""yes"",""check_date"":""2025-05-25"",""contact:facebook"":""teeth2323"",""email"":""teethsf2323@gmail.com"",""food"":""yes"",""height"":""8"",""name"":""Teeth"",""old_name"":""Dr. Teeth and the Electric Mayhem"",""opening_hours"":""Mo-Th 16:00-22:00; Fr 14:00-23:00; Sa 11:00-23:00; Su 09:45-21:00"",""opening_hours:url"":""https://teethbarsf.com/"",""phone"":""+1 415 2852380"",""website"":""https://teethbarsf.com/"",""wheelchair"":""yes""}"
2026-10-02T15:01:21Z,100023,San Francisco,CA,way,260188930,The Chapel,nightclub,37.7604879,-122.4212008,https://www.thechapelsf.com/,,"""Box office: th and sat 12:30 - 17:30 + nights of shows""",,,,,,,,,,777,Valencia Street,San Francisco,CA,94110,,,2025-05-25,"{""addr:city"":""San Francisco"",""addr:housenumber"":""777"",""addr:postcode"":""94110"",""addr:state"":""CA"",""addr:street"":""Valencia Street"",""amenity"":""nightclub"",""building"":""yes"",""check_date"":""2025-05-25"",""name"":""The Chapel"",""opening_hours"":""\""Box office: th and sat 12:30 - 17:30 + nights of shows\"""",""website"":""https://www.thechapelsf.com/""}"
2026-10-02T15:01:21Z,100023,San Francisco,CA,way,260241908,1015 Folsom,bar,37.7780519,-122.4056995,https://www.1015.com/,,,,,,,,,,,,1015,Folsom Street,San Francisco,CA,94103,,,2024-03-31,"{""addr:city"":""San Francisco"",""addr:housenumber"":""1015"",""addr:postcode"":""94103"",""addr:state"":""CA"",""addr:street"":""Folsom Street"",""amenity"":""bar"",""building"":""commercial"",""check_date"":""2024-03-31"",""name"":""1015 Folsom"",""website"":""https://www.1015.com/""}"
2026-10-02T15:01:21Z,100023,San Francisco,CA,way,260322174,500 Club,bar,37.7630225,-122.4241568,,+1 415 8612500,,,,,,,,,,,500,Guerrero Street,San Francisco,CA,94110,,,2023-02-04,"{""addr:city"":""San Francisco"",""addr:housenumber"":""500"",""addr:postcode"":""94110"",""addr:state"":""CA"",""addr:street"":""Guerrero Street"",""amenity"":""bar"",""building"":""yes"",""check_date"":""2023-02-04"",""height"":""8"",""name"":""500 Club"",""phone"":""+1 415 8612500"",""smoking"":""no""}"
2026-10-02T15:01:21Z,100023,San Francisco,CA,way,260973315,Public Works,nightclub,37.7688931,-122.4192651,https://publicsf.com/,,,,,,,,,,,,161,Erie Street,San Francisco,CA,94103,,,,"{""addr:city"":""San Francisco"",""addr:housenumber"":""161"",""addr:postcode"":""94103"",""addr:state"":""CA"",""addr:street"":""Erie Street"",""amenity"":""nightclub"",""building"":""yes"",""contact:facebook"":""PublicWorksSF"",""contact:instagram"":""publicworkssf"",""contact:twitter"":""publicworkssf"",""height"":""7"",""name"":""Public Works"",""website"":""https://publicsf.com/""}"
2026-10-02T15:01:21Z,100023,San Francisco,CA,way,260973325,Standard Deviant,pub,37.768506,-122.4194787,https://www.standarddeviantbrewing.com/,+1 415 5902550,Tu-We 16:00-21:00; Th 16:00-22:00; Fr 15:00-24:00; Sa 12:00-24:00; Su 10:00-20:00,,,,,,yes,,yes,,280,14th Street,San Francisco,CA,94103,,,2026-01-24,"{""addr:city"":""San Francisco"",""addr:housenumber"":""280"",""addr:postcode"":""94103"",""addr:state"":""CA"",""addr:street"":""14th Street"",""amenity"":""pub"",""building"":""yes"",""check_date"":""2026-01-24"",""contact:facebook"":""standarddeviantbrewing"",""contact:instagram"":""standarddeviantbrewing"",""craft"":""brewery"",""email"":""info@standarddeviantbrewing.com"",""height"":""6"",""microbrewery"":""yes"",""name"":""Standard Deviant"",""note"":""outdoor seating is a covid parklet"",""opening_hours"":""Tu-We 16:00-21:00; Th 16:00-22:00; Fr 15:00-24:00; Sa 12:00-24:00; Su 10:00-20:00"",""opening_hours:url"":""https://www.standarddeviantbrewing.com/"",""outdoor_seating"":""yes"",""phone"":""+1 415 5902550"",""website"":""https://www.standarddeviantbrewing.com/"",""website:menu"":""https://www.standarddeviantbrewing.com/ontap"",""wheelchair"":""no""}"
2026-10-02T15:01:21Z,100023,San Francisco,CA,way,262397366,Liverpool Lil's,pub,37.7982045,-122.4470322,,,,,,,,,,,,,2940;2942,Lyon Street,,,,,,,"{""addr:housenumber"":""2940;2942"",""addr:street"":""Lyon Street"",""amenity"":""pub"",""building"":""yes"",""name"":""Liverpool Lil's""}"
2026-10-02T15:01:21Z,100023,San Francisco,CA,way,262435071,Bimbo's 365 Club,nightclub,37.8037226,-122.4155724,https://www.bimbos365club.com/,+1-415-474-0365,,,,,,,,,,,1025,Columbus Avenue,San Francisco,CA,94133,,,,"{""addr:city"":""San Francisco"",""addr:housenumber"":""1025"",""addr:postcode"":""94133"",""addr:state"":""CA"",""addr:street"":""Columbus Avenue"",""amenity"":""nightclub"",""building"":""yes"",""height"":""6"",""name"":""Bimbo's 365 Club"",""phone"":""+1-415-474-0365"",""website"":""https://www.bimbos365club.com/"",""wikidata"":""Q4913716"",""wikipedia"":""en:Bimbo's 365 Club""}"
2026-10-02T15:01:21Z,100023,San Francisco,CA,way,263264445,The Brick Yard,bar,37.7977877,-122.4286121,https://brickyardsf.com/,+1 415 4004712,,,,,,,,,,,1787,Union Street,San Francisco,,94123,,,,"{""addr:city"":""San Francisco"",""addr:housenumber"":""1787"",""addr:postcode"":""94123"",""addr:street"":""Union Street"",""amenity"":""bar"",""building"":""yes"",""email"":""info@brickyardsf.com"",""height"":""6"",""name"":""The Brick Yard"",""phone"":""+1 415 4004712"",""website"":""https://brickyardsf.com/""}"
2026-10-02T15:01:21Z,100023,San Francisco,CA,way,264254814,Speakeasy Ales & Lagers,bar,37.7381455,-122.3806424,,,,,,,,,,,,,401,Keith Street,,,,,,,"{""addr:housenumber"":""401"",""addr:street"":""Keith Street"",""amenity"":""bar"",""building"":""yes"",""craft"":""brewery"",""height"":""7"",""name"":""Speakeasy Ales & Lagers""}"
2026-10-02T15:01:21Z,100023,San Francisco,CA,way,264371921,The Mad Dog in the Fog,pub,37.7701402,-122.4481316,https://www.facebook.com/michaelcollinshaight/,,"Mo-Sa 00:00-02:00,11:00-24:00; Su 00:00-02:00,09:00-24:00",,,,,,,,,,1568,Haight Street,,,,,,2026-02-14,"{""addr:housenumber"":""1568"",""addr:street"":""Haight Street"",""amenity"":""pub"",""building"":""yes"",""check_date"":""2026-02-14"",""height"":""7"",""name"":""The Mad Dog in the Fog"",""opening_hours"":""Mo-Sa 00:00-02:00,11:00-24:00; Su 00:00-02:00,09:00-24:00"",""website"":""https://www.facebook.com/michaelcollinshaight/"",""wheelchair"":""yes""}"
2026-10-02T15:01:21Z,100023,San Francisco,CA,way,267055246,Maggie & Mac's,pub,37.7635041,-122.4660662,,,,,,,,,,,,pizza;sandwich;salad,1326,9th Avenue,San Francisco,CA,,,,2026-07-14,"{""addr:city"":""San Francisco"",""addr:floor"":""1"",""addr:housenumber"":""1326"",""addr:state"":""CA"",""addr:street"":""9th Avenue"",""amenity"":""pub"",""building"":""yes"",""check_date"":""2026-07-14"",""cuisine"":""pizza;sandwich;salad"",""diet:fish"":""yes"",""diet:meat"":""yes"",""diet:vegetarian"":""yes"",""level"":""0"",""name"":""Maggie & Mac's"",""smoking"":""no"",""wheelchair"":""yes""}"
2026-10-02T15:01:21Z,100023,San Francisco,CA,way,267242909,Bottom of the Hill,bar,37.7649251,-122.3964114,https://bottomofthehill.com/,+1-415-626-4455,,,,,,,,,yes,,1233,17th Street,San Francisco,CA,94107,,,,"{""addr:city"":""San Francisco"",""addr:housenumber"":""1233"",""addr:postcode"":""94107"",""addr:state"":""CA"",""addr:street"":""17th Street"",""amenity"":""bar"",""building"":""yes"",""building:levels"":""2"",""height"":""8"",""name"":""Bottom of the Hill"",""outdoor_seating"":""yes"",""phone"":""+1-415-626-4455"",""website"":""https://bottomofthehill.com/"",""wikidata"":""Q4949139""}"
2026-10-02T15:01:21Z,100023,San Francisco,CA,way,271460262,Tikal Bar,bar,37.7415467,-122.4222635,,,,,,,,,,,,,3441,Mission Street,,,,,,,"{""addr:housenumber"":""3441"",""addr:street"":""Mission Street"",""amenity"":""bar"",""building"":""yes"",""name"":""Tikal Bar""}"
2026-10-02T15:01:21Z,100023,San Francisco,CA,way,272564476,Lucky Horseshoe,bar,37.7392653,-122.4167805,,,,,,,,,,,no,,453,Cortland Avenue,San Francisco,CA,94110,,,,"{""addr:city"":""San Francisco"",""addr:housenumber"":""453"",""addr:postcode"":""94110"",""addr:state"":""CA"",""addr:street"":""Cortland Avenue"",""amenity"":""bar"",""building"":""yes"",""height"":""4"",""name"":""Lucky Horseshoe"",""outdoor_seating"":""no"",""sport"":""billiards""}"
2026-10-02T15:01:21Z,100023,San Francisco,CA,way,272647185,Marina Lounge,bar,37.8007274,-122.4386959,,,,,,,,,,,,,2138;2142;2144;2146,Chestnut Street,,,,,,2023-01-03,"{""addr:housenumber"":""2138;2142;2144;2146"",""addr:street"":""Chestnut Street"",""amenity"":""bar"",""building"":""yes"",""check_date"":""2023-01-03"",""fixme"":""Move to separate node"",""height"":""7"",""name"":""Marina Lounge""}"
2026-10-02T15:01:21Z,100023,San Francisco,CA,way,273520672,Tip Top,bar,37.7364012,-122.424556,,,,,,,,,,,,,3776,Mission Street,,,,,,,"{""addr:housenumber"":""3776"",""addr:street"":""Mission Street"",""amenity"":""bar"",""building"":""yes"",""description"":""La Casa Del Club Jalisco"",""name"":""Tip Top""}"
2026-10-02T15:01:21Z,100023,San Francisco,CA,way,273580667,Roccapulco,nightclub,37.7472303,-122.4192809,http://roccapulco.com,+1-415-821-3563,,,,,,,,,,,3140,Mission Street,San Francisco,CA,94110,,,,"{""addr:city"":""San Francisco"",""addr:housenumber"":""3140"",""addr:postcode"":""94110"",""addr:state"":""CA"",""addr:street"":""Mission Street"",""amenity"":""nightclub"",""building"":""yes"",""height"":""7"",""name"":""Roccapulco"",""phone"":""+1-415-821-3563"",""website"":""http://roccapulco.com""}"
2026-10-02T15:01:21Z,100023,San Francisco,CA,way,276641699,Durty Nelly's,pub,37.7634848,-122.4830368,,+1-415-664-2555,,,,,,,,,,pub,2328,Irving Street,San Francisco,,94122,local_knowledge,,2025-07-21,"{""addr:city"":""San Francisco"",""addr:housenumber"":""2328"",""addr:postcode"":""94122"",""addr:street"":""Irving Street"",""amenity"":""pub"",""building"":""yes"",""check_date"":""2025-07-21"",""cuisine"":""pub"",""height"":""5"",""name"":""Durty Nelly's"",""phone"":""+1-415-664-2555"",""source"":""local_knowledge"",""wheelchair"":""yes"",""wifi"":""no""}"
2026-10-02T15:01:21Z,100023,San Francisco,CA,way,277135271,Palm City,restaurant,37.7622923,-122.5015965,,,Mo-Tu 16:00-22:00; We-Su 12:30-21:00,,,,,,,,yes,,4055,Irving Street,San Francisco,CA,94122,,,2025-08-15,"{""addr:city"":""San Francisco"",""addr:country"":""US"",""addr:housenumber"":""4055"",""addr:postcode"":""94122"",""addr:state"":""CA"",""addr:street"":""Irving Street"",""amenity"":""restaurant"",""bar"":""yes"",""building"":""yes"",""changing_table"":""no"",""check_date"":""2025-08-15"",""delivery"":""no"",""height"":""5"",""name"":""Palm City"",""opening_hours"":""Mo-Tu 16:00-22:00; We-Su 12:30-21:00"",""outdoor_seating"":""yes""}"
2026-10-02T15:01:21Z,100023,San Francisco,CA,way,279832397,Friends Bar,cafe,37.7318326,-122.4479698,,,,,,,,,,,,,558,Monterey Boulevard,San Francisco,CA,94127,,,,"{""addr:city"":""San Francisco"",""addr:country"":""US"",""addr:housenumber"":""558"",""addr:postcode"":""94127"",""addr:state"":""CA"",""addr:street"":""Monterey Boulevard"",""amenity"":""cafe"",""bar"":""yes"",""building"":""yes"",""height"":""4"",""name"":""Friends Bar""}"
2026-10-02T15:01:21Z,100023,San Francisco,CA,way,287411301,Hockey Haven,bar,37.775504,-122.4977993,,,,,,,,,,,yes,,3625,Balboa Street,,,94121,,,2023-05-14,"{""addr:housenumber"":""3625"",""addr:postcode"":""94121"",""addr:street"":""Balboa Street"",""amenity"":""bar"",""building"":""yes"",""check_date"":""2023-05-14"",""height"":""7"",""level"":""0"",""name"":""Hockey Haven"",""outdoor_seating"":""yes"",""start_date"":""1949""}"
2026-10-02T15:01:21Z,100023,San Francisco,CA,way,287720563,The Riptide,bar,37.7415771,-122.5053439,https://www.riptidesf.com/,,16:00-02:00,Mo-Fr 16:00 - 19:00,,"Sa, Su",,,,,,,3639,Taraval Street,San Francisco,CA,94116,,,,"{""addr:city"":""San Francisco"",""addr:country"":""US"",""addr:housenumber"":""3639"",""addr:postcode"":""94116"",""addr:state"":""CA"",""addr:street"":""Taraval Street"",""amenity"":""bar"",""building"":""yes"",""happy_hours"":""Mo-Fr 16:00 - 19:00"",""live_music"":""Sa, Su"",""name"":""The Riptide"",""opening_hours"":""16:00-02:00"",""website"":""https://www.riptidesf.com/""}"
2026-10-02T15:01:21Z,100023,San Francisco,CA,way,287872060,The Old Clam House,restaurant,37.7430787,-122.4048489,https://theoldclamhouse.com/,+1-415-826-4880,Mo-Su 11:30-10:00,,,,,,,,no,seafood;pasta,299,Bayshore Boulevard,San Francisco,CA,94124,,,2023-01-14,"{""addr:city"":""San Francisco"",""addr:housenumber"":""299"",""addr:postcode"":""94124"",""addr:state"":""CA"",""addr:street"":""Bayshore Boulevard"",""amenity"":""restaurant"",""bar"":""yes"",""building"":""yes"",""capacity"":""143"",""check_date"":""2023-01-14"",""cuisine"":""seafood;pasta"",""height"":""6"",""name"":""The Old Clam House"",""opening_hours"":""Mo-Su 11:30-10:00"",""outdoor_seating"":""no"",""payment:credit_cards"":""yes"",""phone"":""+1-415-826-4880"",""smoking"":""no"",""website"":""https://theoldclamhouse.com/"",""wheelchair"":""yes""}"
2026-10-02T15:01:21Z,100023,San Francisco,CA,way,288538918,Lost & Found,bar,37.742562,-122.481746,,,Mo-Th 17:00-01:00; Fr-Sa 17:00-02:00; Su 12:00-01:00,,,,,,,,,,1439,Taraval Street,San Francisco,CA,94116,,,,"{""addr:city"":""San Francisco"",""addr:country"":""US"",""addr:housenumber"":""1439"",""addr:postcode"":""94116"",""addr:state"":""CA"",""addr:street"":""Taraval Street"",""amenity"":""bar"",""building"":""yes"",""height"":""6"",""name"":""Lost & Found"",""opening_hours"":""Mo-Th 17:00-01:00; Fr-Sa 17:00-02:00; Su 12:00-01:00""}"
2026-10-02T15:01:21Z,100023,San Francisco,CA,way,290559578,El Toro Nightclub,nightclub,37.7306964,-122.4052045,,,,,,,,,,,,,2470,San Bruno Avenue,San Francisco,CA,94134,,,,"{""addr:city"":""San Francisco"",""addr:housenumber"":""2470"",""addr:postcode"":""94134"",""addr:state"":""CA"",""addr:street"":""San Bruno Avenue"",""amenity"":""nightclub"",""building"":""yes"",""height"":""8"",""name"":""El Toro Nightclub""}"
2026-10-02T15:01:21Z,100023,San Francisco,CA,way,376761568,The Kezar Pub,pub,37.7678819,-122.4529646,,,Mo-Th 11:30-24:00; Fr 11:30-02:00; Sa 06:00-02:00; Su 06:00-24:00,,,,,,no,,yes,,770,Stanyan Street,San Francisco,,94117,survey,,2026-04-15,"{""addr:city"":""San Francisco"",""addr:housenumber"":""770"",""addr:postcode"":""94117"",""addr:street"":""Stanyan Street"",""amenity"":""pub"",""building"":""yes"",""building:levels"":""1"",""check_date"":""2026-04-15"",""microbrewery"":""no"",""name"":""The Kezar Pub"",""opening_hours"":""Mo-Th 11:30-24:00; Fr 11:30-02:00; Sa 06:00-02:00; Su 06:00-24:00"",""outdoor_seating"":""yes"",""source"":""survey"",""toilets"":""yes"",""wheelchair"":""yes""}"
2026-10-02T15:01:21Z,100023,San Francisco,CA,way,939437493,Omg Club,bar,37.7817642,-122.4093293,,,,,,,,,,,,,43,6th Street,San Francisco,CA,94103,,,,"{""addr:city"":""San Francisco"",""addr:housenumber"":""43"",""addr:postcode"":""94103"",""addr:state"":""CA"",""addr:street"":""6th Street"",""amenity"":""bar"",""building"":""yes"",""name"":""Omg Club""}"
2026-10-02T15:01:21Z,100023,San Francisco,CA,way,1213210758,Per Diem,restaurant,37.7887063,-122.3975259,https://www.perdiemsf.com/,,,,,,,,,,yes,californian,41,Minna Street,,,94105,,,,"{""addr:housenumber"":""41"",""addr:postcode"":""94105"",""addr:street"":""Minna Street"",""amenity"":""restaurant"",""bar"":""yes"",""cuisine"":""californian"",""indoor"":""room"",""indoor_seating"":""yes"",""level"":""0"",""name"":""Per Diem"",""outdoor_seating"":""yes"",""website"":""https://www.perdiemsf.com/""}"
2026-10-02T15:01:21Z,100023,San Francisco,CA,way,1216690688,Barebottle Brew Co.,bar,37.7893431,-122.3963606,https://www.barebottle.com/salesforce-park-beer-garden,,,,,,,,,,yes,,,,,,,,,,"{""amenity"":""bar"",""indoor"":""room"",""level"":""3"",""name"":""Barebottle Brew Co."",""outdoor_seating"":""yes"",""website"":""https://www.barebottle.com/salesforce-park-beer-garden""}"
