tec_run_started_utc,tec_canonical_host,tec_endpoint,tec_page,event.id,event.global_id,event.title,event.start_date,event.utc_start_date,event.end_date,event.utc_end_date,event.timezone,event.all_day,event.featured,event.status,event.url,event.website,event.purchase_link,event.cost,event.cost_details_json,event.categories_json,event.tags_json,event.venue_json,event.organizer_json,event.description,event.excerpt,event.image_json,event.custom_fields_json,event.hide_from_listings,event.is_virtual,event.virtual_url,event.virtual_video_source,event.modified,event.modified_utc,event.show_map,event.show_map_link,event.subevents_json,event.ticketed,event.ticketed_json
2026-09-30T20:20:26Z,marcuscenter.org,https://www.marcuscenter.org/wp-json/tribe/events/v1/events,1,46055,www.marcuscenter.org?id=46055,Churchill Starring David Payne,2026-10-01 19:30:00,2026-10-02 00:30:00,2026-10-01 19:30:00,2026-10-02 00:30:00,America/Chicago,false,true,publish,https://www.marcuscenter.org/event/churchill-starring-david-payne/,,,,"{""currency_symbol"":"""",""currency_code"":"""",""currency_position"":"""",""values"":[]}",[],[],"{""id"":1978,""global_id"":""www.marcuscenter.org?id=1978"",""venue"":""Wilson Theater at Vogel Hall"",""address"":""121 E State St"",""city"":""Milwaukee"",""country"":""United States"",""province"":""Wisconsin"",""state"":""WI"",""zip"":""53202"",""url"":""https://www.marcuscenter.org/venue/wilson-theater-at-vogel-hall-mpac/"",""show_map"":false,""show_map_link"":true}","[{""id"":11725,""global_id"":""www.marcuscenter.org?id=11725"",""organizer"":""Emery Entertainment"",""url"":""https://www.marcuscenter.org/organizer/emery-entertainment/""}]","Winston Churchill, has just been awarded honorary US citizenship by President John F. Kennedy. In recognition of this unprecedented occasion, The American-Oxford Society has asked the former Prime Minister to address them and discuss what this honor means to him. In this often funny, sometimes touching and always engaging one-man-show… veteran British actor David Payne brings Churchill to life onstage. Audiences will be delighted to hear of his exploits during the Boer War, his constant battles with Britain’s fellow politicians, and his special relationship with America and America’s presidents. But most telling of all, Churchill enlightens the audience with intimate and touching details of the two special women in his life—his wife Clementine and Queen Elizabeth. With elements of The Crown and The Darkest Hour, David Payne once again gives audiences an opportunity to spend an evening with one of the greatest historical figures in the world—Sir Winston Churchill.",,"{""url"":""https://www.marcuscenter.org/wp-content/uploads/2026/05/WChruchill_400X400.jpg"",""id"":46057,""extension"":""jpg"",""width"":400,""height"":400}",[],false,,,,2026-05-19 13:39:54,2026-05-19 18:39:54,false,true,,false,
2026-09-30T20:20:26Z,marcuscenter.org,https://www.marcuscenter.org/wp-json/tribe/events/v1/events,1,5632,www.marcuscenter.org?id=5632,Nō Studios Dance Fest 2026,2026-10-03 19:30:00,2026-10-04 00:30:00,2026-10-03 19:30:00,2026-10-04 00:30:00,America/Chicago,false,true,publish,https://www.marcuscenter.org/event/dance-fest-2026/,,,,"{""currency_symbol"":"""",""currency_code"":"""",""currency_position"":""prefix"",""values"":[]}","[{""id"":57,""name"":""Outside Presenter"",""slug"":""outside-presenter"",""parent"":0}]","[{""name"":""Dance"",""slug"":""dance"",""term_group"":0,""term_taxonomy_id"":35,""taxonomy"":""post_tag"",""description"":"""",""parent"":0,""count"":39,""filter"":""raw"",""id"":35,""urls"":{""self"":""https://www.marcuscenter.org/wp-json/tribe/events/v1/tags/35"",""collection"":""https://www.marcuscenter.org/wp-json/tribe/events/v1/tags""}},{""name"":""Family"",""slug"":""family"",""term_group"":0,""term_taxonomy_id"":42,""taxonomy"":""post_tag"",""description"":"""",""parent"":0,""count"":77,""filter"":""raw"",""id"":42,""urls"":{""self"":""https://www.marcuscenter.org/wp-json/tribe/events/v1/tags/42"",""collection"":""https://www.marcuscenter.org/wp-json/tribe/events/v1/tags""}}]","{""id"":1978,""global_id"":""www.marcuscenter.org?id=1978"",""venue"":""Wilson Theater at Vogel Hall"",""address"":""121 E State St"",""city"":""Milwaukee"",""country"":""United States"",""province"":""Wisconsin"",""state"":""WI"",""zip"":""53202"",""url"":""https://www.marcuscenter.org/venue/wilson-theater-at-vogel-hall-mpac/"",""show_map"":false,""show_map_link"":true}","[{""id"":5633,""global_id"":""www.marcuscenter.org?id=5633"",""organizer"":""Nō Studios Presents"",""url"":""https://www.marcuscenter.org/organizer/no-studios-presents/""}]","DanceFest is a combined performance featuring local and regional dance companies performing in a range of styles including contemporary, cultural, classical, and street. Established in 2018, Nō Studios DanceFest is a signature event that seeks to preserve and elevate dance as art, as well as a means of cultural expression. In an effort to make dance accessible to a new generation of fans and enthusiasts, DanceFest is independent and funded in its entirety by Nõ Studios and its partners. – John Ridley Our Daytime Show will take place on the Peck Pavilion stage and feature fourteen companies. This show is free and open to the public. This event is presented by Nō Studios, an independent organization separate from the Marcus Performing Arts Center.","<p>Dance Fest is a combined performance featuring elite dance companies from throughout the country. This eclectic program showcases a variety of dance styles including contemporary, street dance and traditional ballet.</p>","{""url"":""https://www.marcuscenter.org/wp-content/uploads/2024/06/DanceFest-2026-Marcus-Center-Art-400x400-1.png"",""id"":46642,""extension"":""png"",""width"":400,""height"":400}",[],false,,,,2026-09-23 09:34:17,2026-09-23 14:34:17,false,true,,false,
2026-09-30T20:20:26Z,marcuscenter.org,https://www.marcuscenter.org/wp-json/tribe/events/v1/events,1,46081,www.marcuscenter.org?id=46081,The Carpenters Songbook: A Live Celebration,2026-10-04 19:00:00,2026-10-05 00:00:00,2026-10-04 19:00:00,2026-10-05 00:00:00,America/Chicago,false,true,publish,https://www.marcuscenter.org/event/the-carpenters-songbook-a-live-celebration/,,,,"{""currency_symbol"":"""",""currency_code"":"""",""currency_position"":"""",""values"":[]}","[{""id"":94,""name"":""26-27 Build Your Own Series"",""slug"":""26-27-build-your-own-series"",""parent"":28}]","[{""name"":""Concert"",""slug"":""concert"",""term_group"":0,""term_taxonomy_id"":40,""taxonomy"":""post_tag"",""description"":"""",""parent"":0,""count"":71,""filter"":""raw"",""id"":40,""urls"":{""self"":""https://www.marcuscenter.org/wp-json/tribe/events/v1/tags/40"",""collection"":""https://www.marcuscenter.org/wp-json/tribe/events/v1/tags""}}]","{""id"":33,""global_id"":""www.marcuscenter.org?id=33"",""venue"":""Uihlein Hall"",""address"":""929 N Water St"",""city"":""Milwaukee"",""country"":""United States"",""province"":""Wisconsin"",""state"":""WI"",""zip"":""53202"",""url"":""https://www.marcuscenter.org/venue/uihlein-hall-marcus-center/"",""show_map"":false,""show_map_link"":true}","[{""id"":2196,""global_id"":""www.marcuscenter.org?id=2196"",""organizer"":""MPAC Presents"",""url"":""https://www.marcuscenter.org/organizer/mpac-presents/""}]","Few voices in pop history are as instantly recognizable, or as deeply loved, as Karen Carpenter’s. THE CARPENTERS SONGBOOK: A LIVE CELEBRATION, brings the icon’s extraordinary voice and the brother-sister duo’s unforgettable music back to the stage in a beautifully crafted all-new production from the creative team behind The Simon & Garfunkel Story. With a full band and heartfelt storytelling, this concert captures the warmth, emotion, and musical brilliance of The Carpenters. It’s a touching tribute that invites audiences to sing-along, reminisce, and fall in love all over again. Expect to relive all of their favorites including “We’ve Only Just Begun,” “Close to You,” and “Rainy Days and Mondays” with this heartfelt love letter to the quiet magic of Karen and Richard Carpenter.","<p>With a full band and heartfelt storytelling, this concert captures the warmth, emotion, and musical brilliance of The Carpenters.</p>","{""url"":""https://www.marcuscenter.org/wp-content/uploads/2026/05/Carpenters-Featured-Image.jpg"",""id"":46082,""extension"":""jpg"",""width"":1080,""height"":1080}",[],false,,,,2026-09-24 16:14:26,2026-09-24 21:14:26,false,true,,false,
2026-09-30T20:20:26Z,milwaukeehistory.net,https://www.milwaukeehistory.net/wp-json/tribe/events/v1/events,1,3159,milwaukeehistory.net?id=3159,SPARK! “Artist in Focus: Lyle Oberwise”,2026-10-06 11:00:00,2026-10-06 16:00:00,2026-10-06 12:30:00,2026-10-06 17:30:00,America/Chicago,false,false,publish,https://milwaukeehistory.net/event/spark-artist-in-focus-lyle-oberwise/,,,,"{""currency_symbol"":""$"",""currency_code"":""USD"",""currency_position"":""prefix"",""values"":[]}","[{""id"":58,""name"":""SPARK!"",""slug"":""spark"",""parent"":0}]",[],"{""id"":1664,""global_id"":""milwaukeehistory.net?id=1664"",""venue"":""Milwaukee County Historical Society"",""address"":""910 N. Dr. MLK Jr. Drive"",""city"":""Milwaukee"",""province"":""Wisconsin"",""zip"":""53203"",""url"":""https://milwaukeehistory.net/venue/milwaukee-county-historical-society/"",""show_map"":true,""show_map_link"":true}",[],"This month we will explore the photographs of Milwaukee documentarian Lyle Oberwise. Oberwise photographed Milwaukee throughout the mid-century. Registration is required: Space is limited. Contact Olivia, Programs Manager, or click the button below to register. Register NowRegister Now",,"{""url"":""https://milwaukeehistory.net/wp-content/uploads/2026/04/Copy-of-SPARK-Graphic-.png"",""id"":2962,""extension"":""png"",""width"":1920,""height"":1080}",[],false,,,,2026-05-06 11:21:04,2026-05-06 16:21:04,true,true,,,
2026-09-30T20:20:26Z,milwaukeehistory.net,https://www.milwaukeehistory.net/wp-json/tribe/events/v1/events,1,3506,milwaukeehistory.net?id=3506,Teacher Open House,2026-10-07 15:30:00,2026-10-07 20:30:00,2026-10-07 18:30:00,2026-10-07 23:30:00,America/Chicago,false,false,publish,https://milwaukeehistory.net/event/teacher-open-house-at-the-milwaukee-county-historical-society/,,,Free,"{""currency_symbol"":""$"",""currency_code"":""USD"",""currency_position"":""prefix"",""values"":[""0""]}","[{""id"":79,""name"":""K-12 Program"",""slug"":""k-12-program"",""parent"":0}]",[],"{""id"":1664,""global_id"":""milwaukeehistory.net?id=1664"",""venue"":""Milwaukee County Historical Society"",""address"":""910 N. Dr. MLK Jr. Drive"",""city"":""Milwaukee"",""province"":""Wisconsin"",""zip"":""53203"",""url"":""https://milwaukeehistory.net/venue/milwaukee-county-historical-society/"",""show_map"":true,""show_map_link"":true}",[],"Calling all teachers! Come see what the Milwaukee County Historical Society Education Department can offer your school this year! Learn about Hands-on History programs, Trimborn Farm and Museum field trip opportunities for your classroom. Explore the new exhibit, We the People: Milwaukee Stories of Immigration, Citizenship, and Community and learn about local history in your community. Please RSVP to either email by Monday, October 5th: Educators, Mary Jo Knapp, mjknapp@milwaukeehistory.net or Christian Jensen, cjensen@milwaukeehistory.net",,"{""url"":""https://milwaukeehistory.net/wp-content/uploads/2026/09/DSC00176-scaled.jpg"",""id"":3507,""extension"":""jpg"",""width"":2560,""height"":1707}",[],false,,,,2026-09-18 13:34:29,2026-09-18 18:34:29,true,true,,,
2026-09-30T20:20:26Z,milwaukeehistory.net,https://www.milwaukeehistory.net/wp-json/tribe/events/v1/events,1,3465,milwaukeehistory.net?id=3465,Author Talk with Nora L. Rubel,2026-10-08 17:30:00,2026-10-08 22:30:00,2026-10-08 18:30:00,2026-10-08 23:30:00,America/Chicago,false,false,publish,https://milwaukeehistory.net/event/author-talk-with-nora-l-rubel/,,,,"{""currency_symbol"":""$"",""currency_code"":""USD"",""currency_position"":""prefix"",""values"":[]}","[{""id"":59,""name"":""Community Events"",""slug"":""community-events"",""parent"":0}]",[],"{""id"":1664,""global_id"":""milwaukeehistory.net?id=1664"",""venue"":""Milwaukee County Historical Society"",""address"":""910 N. Dr. MLK Jr. Drive"",""city"":""Milwaukee"",""province"":""Wisconsin"",""zip"":""53203"",""url"":""https://milwaukeehistory.net/venue/milwaukee-county-historical-society/"",""show_map"":true,""show_map_link"":true}",[],"FREE Program with Museum Admission Registration Encouraged | Admission to be paid at the front desk on the day of the program. Join author Nora L. Rubel for a fascinating look at the history and legacy of The Settlement Cook Book, first published in Milwaukee in 1901 by Lizzie Black Kander. Created from cooking classes Kander taught to young immigrant women at the Milwaukee Jewish Mission, The Settlement Cook Book began as a charitable effort to teach practical, nutritious, and affordable cooking. It would go on to become one of the most successful charitable cookbooks in American history, remaining a best-seller for generations. In her book, Recipes for the Melting Pot: The Lives of the Settlement Cookbook, Rubel traces the cookbook’s evolution through 40 editions, exploring how it reflected and helped shape Jewish American identity amid changing immigration patterns, gender roles, economic mobility, suburbanization, and changes in Jewish life. Discover the Milwaukee story behind a cookbook that became a cultural touchstone for generations of American families and learn how food can offer a window into history, identity, and community. Register NowRegister Now",,"{""url"":""https://milwaukeehistory.net/wp-content/uploads/2026/09/Author-Talk-Nora-Rubel-1080-x-1080-px.png"",""id"":3466,""extension"":""png"",""width"":1080,""height"":1080}",[],false,,,,2026-09-02 13:15:57,2026-09-02 18:15:57,true,true,,,
2026-09-30T20:20:26Z,marcuscenter.org,https://www.marcuscenter.org/wp-json/tribe/events/v1/events,1,45891,www.marcuscenter.org?id=45891,Ghostbusters in Concert,2026-10-09 19:30:00,2026-10-10 00:30:00,2026-10-09 19:30:00,2026-10-10 00:30:00,America/Chicago,false,true,publish,https://www.marcuscenter.org/event/ghostbusters-in-concert/,,,,"{""currency_symbol"":"""",""currency_code"":"""",""currency_position"":"""",""values"":[]}","[{""id"":94,""name"":""26-27 Build Your Own Series"",""slug"":""26-27-build-your-own-series"",""parent"":28},{""id"":28,""name"":""Build Your Own Series"",""slug"":""build-your-own-series"",""parent"":0}]","[{""name"":""Concert"",""slug"":""concert"",""term_group"":0,""term_taxonomy_id"":40,""taxonomy"":""post_tag"",""description"":"""",""parent"":0,""count"":71,""filter"":""raw"",""id"":40,""urls"":{""self"":""https://www.marcuscenter.org/wp-json/tribe/events/v1/tags/40"",""collection"":""https://www.marcuscenter.org/wp-json/tribe/events/v1/tags""}}]","{""id"":33,""global_id"":""www.marcuscenter.org?id=33"",""venue"":""Uihlein Hall"",""address"":""929 N Water St"",""city"":""Milwaukee"",""country"":""United States"",""province"":""Wisconsin"",""state"":""WI"",""zip"":""53202"",""url"":""https://www.marcuscenter.org/venue/uihlein-hall-marcus-center/"",""show_map"":false,""show_map_link"":true}","[{""id"":2196,""global_id"":""www.marcuscenter.org?id=2196"",""organizer"":""MPAC Presents"",""url"":""https://www.marcuscenter.org/organizer/mpac-presents/""}]","Experience the beloved 1984 classic film like never before, with the music performed on stage by an orchestra. Audience members will enjoy the ultimate movie concert experience as Ghostbusters is presented on a large HD cinema screen, fully synced to a live performance of Academy Award®-winning composer Elmer Berstein’s spine-tingling score.","<p>Experience the beloved 1984 classic film like never before, with the music performed on stage by an orchestra. Audience members will enjoy the ultimate movie concert experience as Ghostbusters is presented on a large HD cinema screen, fully synced to a live performance.</p>","{""url"":""https://www.marcuscenter.org/wp-content/uploads/2026/03/Static_Social-Instagram_1080x1080_Ghostbusters_2026_Regional_Venue_Date.jpg"",""id"":45892,""extension"":""jpg"",""width"":1080,""height"":1080}",[],false,,,,2026-05-20 11:59:58,2026-05-20 16:59:58,false,true,,false,
2026-09-30T20:20:26Z,bestplacemilwaukee.com,https://www.bestplacemilwaukee.com/wp-json/tribe/events/v1/events,1,2517,bestplacemilwaukee.com?id=2517,Shakespeare RAW: Macbeth,2026-10-12 19:00:00,2026-10-13 00:00:00,2026-10-12 22:00:00,2026-10-13 03:00:00,America/Chicago,false,false,publish,https://bestplacemilwaukee.com/event/shakespeare-raw-macbeth/,https://www.facebook.com/BoozyBard/events,,$10,"{""currency_symbol"":""$"",""currency_code"":""USD"",""currency_position"":""prefix"",""values"":[""10""]}",[],[],"{""id"":2310,""global_id"":""bestplacemilwaukee.com?id=2310"",""venue"":""Blue Ribbon Hall"",""address"":""907 W Juneau Ave"",""city"":""Milwaukee"",""country"":""United States"",""province"":""WI"",""state"":""WI"",""url"":""https://bestplacemilwaukee.com/venue/blue-ribbon-hall/"",""show_map"":false,""show_map_link"":true}","[{""id"":2470,""global_id"":""bestplacemilwaukee.com?id=2470"",""organizer"":""Boozy Bard Productions"",""url"":""https://bestplacemilwaukee.com/organizer/boozy-bard-productions/"",""website"":""https://www.facebook.com/BoozyBard""}]",,,false,[],false,,,,2026-04-17 12:49:19,2026-04-17 17:49:19,false,true,,,
2026-09-30T20:20:26Z,bestplacemilwaukee.com,https://www.bestplacemilwaukee.com/wp-json/tribe/events/v1/events,1,2519,bestplacemilwaukee.com?id=2519,Shakespeare RAW: Macbeth,2026-10-13 19:00:00,2026-10-14 00:00:00,2026-10-13 22:00:00,2026-10-14 03:00:00,America/Chicago,false,false,publish,https://bestplacemilwaukee.com/event/shakespeare-raw-macbeth-2/,https://www.facebook.com/BoozyBard/events,,$10,"{""currency_symbol"":""$"",""currency_code"":""USD"",""currency_position"":""prefix"",""values"":[""10""]}",[],[],"{""id"":2310,""global_id"":""bestplacemilwaukee.com?id=2310"",""venue"":""Blue Ribbon Hall"",""address"":""907 W Juneau Ave"",""city"":""Milwaukee"",""country"":""United States"",""province"":""WI"",""state"":""WI"",""url"":""https://bestplacemilwaukee.com/venue/blue-ribbon-hall/"",""show_map"":false,""show_map_link"":true}","[{""id"":2470,""global_id"":""bestplacemilwaukee.com?id=2470"",""organizer"":""Boozy Bard Productions"",""url"":""https://bestplacemilwaukee.com/organizer/boozy-bard-productions/"",""website"":""https://www.facebook.com/BoozyBard""}]",,,false,[],false,,,,2026-04-17 12:50:05,2026-04-17 17:50:05,false,true,,,
2026-09-30T20:20:26Z,marcuscenter.org,https://www.marcuscenter.org/wp-json/tribe/events/v1/events,1,5317,www.marcuscenter.org?id=5317,Jazz at Lincoln Center Orchestra with Wynton Marsalis,2026-10-14 00:00:00,2026-10-14 05:00:00,2026-10-15 23:59:59,2026-10-16 04:59:59,America/Chicago,true,true,publish,https://www.marcuscenter.org/event/wynton-marsalis/,,,,"{""currency_symbol"":""$"",""currency_code"":""USD"",""currency_position"":""prefix"",""values"":[]}",[],"[{""name"":""Concert"",""slug"":""concert"",""term_group"":0,""term_taxonomy_id"":40,""taxonomy"":""post_tag"",""description"":"""",""parent"":0,""count"":71,""filter"":""raw"",""id"":40,""urls"":{""self"":""https://www.marcuscenter.org/wp-json/tribe/events/v1/tags/40"",""collection"":""https://www.marcuscenter.org/wp-json/tribe/events/v1/tags""}},{""name"":""Jazz"",""slug"":""jazz"",""term_group"":0,""term_taxonomy_id"":36,""taxonomy"":""post_tag"",""description"":"""",""parent"":0,""count"":12,""filter"":""raw"",""id"":36,""urls"":{""self"":""https://www.marcuscenter.org/wp-json/tribe/events/v1/tags/36"",""collection"":""https://www.marcuscenter.org/wp-json/tribe/events/v1/tags""}}]","{""id"":1978,""global_id"":""www.marcuscenter.org?id=1978"",""venue"":""Wilson Theater at Vogel Hall"",""address"":""121 E State St"",""city"":""Milwaukee"",""country"":""United States"",""province"":""Wisconsin"",""state"":""WI"",""zip"":""53202"",""url"":""https://www.marcuscenter.org/venue/wilson-theater-at-vogel-hall-mpac/"",""show_map"":false,""show_map_link"":true}","[{""id"":2196,""global_id"":""www.marcuscenter.org?id=2196"",""organizer"":""MPAC Presents"",""url"":""https://www.marcuscenter.org/organizer/mpac-presents/""}]","This performance is part of Wynton Marsalis’ final season as Artistic Director of Jazz at Lincoln Center and Music Director of the Jazz at Lincoln Center Orchestra. For more than three decades, Jazz at Lincoln Center has been a leading advocate for jazz, culture, and arts education, dedicated to inspiring and growing jazz audiences throughout the world. Under the direction of Wynton Marsalis, the Jazz at Lincoln Center Orchestra has brought the art form of jazz from the heart of New York City to cities around the world. From swinging rhythms to soulful melodies, every performance is a celebration of the spirit of jazz and its enduring influence. The Chicago Tribune describes the exhilarating force of the band in concert: “The orchestra [tore] through this music as if chasing the wind. Only a group of musicians who have toured together for so long…could have attained this kind of synchronicity.”","<p>With its swinging rhythms and soulful melodies, the Jazz at Lincoln Center Orchestra, led by artistic director and nine-time Grammy Award® winner Wynton Marsalis, brings jazz from the heart of New York City to cities around the world. </p>","{""url"":""https://www.marcuscenter.org/wp-content/uploads/2024/03/JLCO25-Featured-Image.jpg"",""id"":5318,""extension"":""jpg"",""width"":400,""height"":400}",[],false,,,,2026-09-04 11:52:03,2026-09-04 16:52:03,false,true,,false,
2026-09-30T20:20:26Z,bestplacemilwaukee.com,https://www.bestplacemilwaukee.com/wp-json/tribe/events/v1/events,1,2521,bestplacemilwaukee.com?id=2521,Shakespeare RAW: Macbeth,2026-10-14 19:00:00,2026-10-15 00:00:00,2026-10-14 22:00:00,2026-10-15 03:00:00,America/Chicago,false,false,publish,https://bestplacemilwaukee.com/event/shakespeare-raw-macbeth-3/,https://www.facebook.com/BoozyBard/events,,$10,"{""currency_symbol"":""$"",""currency_code"":""USD"",""currency_position"":""prefix"",""values"":[""10""]}",[],[],"{""id"":2310,""global_id"":""bestplacemilwaukee.com?id=2310"",""venue"":""Blue Ribbon Hall"",""address"":""907 W Juneau Ave"",""city"":""Milwaukee"",""country"":""United States"",""province"":""WI"",""state"":""WI"",""url"":""https://bestplacemilwaukee.com/venue/blue-ribbon-hall/"",""show_map"":false,""show_map_link"":true}","[{""id"":2470,""global_id"":""bestplacemilwaukee.com?id=2470"",""organizer"":""Boozy Bard Productions"",""url"":""https://bestplacemilwaukee.com/organizer/boozy-bard-productions/"",""website"":""https://www.facebook.com/BoozyBard""}]",,,false,[],false,,,,2026-04-17 12:50:51,2026-04-17 17:50:51,false,true,,,
2026-09-30T20:20:26Z,marcuscenter.org,https://www.marcuscenter.org/wp-json/tribe/events/v1/events,1,46052,www.marcuscenter.org?id=46052,Florentine Opera: La Traviata,2026-10-16 00:00:00,2026-10-16 05:00:00,2026-10-18 23:59:59,2026-10-19 04:59:59,America/Chicago,true,true,publish,https://www.marcuscenter.org/event/florentine-opera-la-traviata/,,,,"{""currency_symbol"":"""",""currency_code"":"""",""currency_position"":"""",""values"":[]}",[],"[{""name"":""Opera"",""slug"":""opera"",""term_group"":0,""term_taxonomy_id"":38,""taxonomy"":""post_tag"",""description"":"""",""parent"":0,""count"":13,""filter"":""raw"",""id"":38,""urls"":{""self"":""https://www.marcuscenter.org/wp-json/tribe/events/v1/tags/38"",""collection"":""https://www.marcuscenter.org/wp-json/tribe/events/v1/tags""}}]","{""id"":33,""global_id"":""www.marcuscenter.org?id=33"",""venue"":""Uihlein Hall"",""address"":""929 N Water St"",""city"":""Milwaukee"",""country"":""United States"",""province"":""Wisconsin"",""state"":""WI"",""zip"":""53202"",""url"":""https://www.marcuscenter.org/venue/uihlein-hall-marcus-center/"",""show_map"":false,""show_map_link"":true}","[{""id"":2198,""global_id"":""www.marcuscenter.org?id=2198"",""organizer"":""Florentine Opera Presents"",""url"":""https://www.marcuscenter.org/organizer/florentine-opera-presents/""}]","She lives fast, loves freely, and throws a better party than anyone in Paris. But beneath the champagne and charm, Violetta knows her days in the spotlight won’t last forever. When she dares to trade pleasure for true love, society—and Alfredo’s very proper family—are quick to remind her just how unforgiving Paris can be. Verdi’s La Traviata is all romance, sacrifice, and a story where “happily ever after” takes a hard pass. At a Glance Blurb: She lives fast and loves freely, but Violetta’s time is running out. Trading pleasure for true love sets her on a collision course with a judgmental society. Experience Verdi’s La Traviata—where “happily ever after” isn’t part of the program. Bonus Content: Pre Opera Talk: Featuring head of music and education and community engagement manager- October 16, 2026 at 6:30pm & October 18, 2026 at 1:30pm",,"{""url"":""https://www.marcuscenter.org/wp-content/uploads/2026/05/LaTraviata-400x400-1.png"",""id"":46054,""extension"":""png"",""width"":400,""height"":400}",[],false,,,,2026-05-11 16:56:31,2026-05-11 21:56:31,false,true,,false,
2026-09-30T20:20:26Z,marcuscenter.org,https://www.marcuscenter.org/wp-json/tribe/events/v1/events,1,45552,www.marcuscenter.org?id=45552,Jersey Boys,2026-10-20 00:00:00,2026-10-20 05:00:00,2026-10-25 23:59:59,2026-10-26 04:59:59,America/Chicago,true,true,publish,https://www.marcuscenter.org/event/jersey-boys/,,,,"{""currency_symbol"":"""",""currency_code"":"""",""currency_position"":"""",""values"":[]}","[{""id"":91,""name"":""26-27 Broadway Series"",""slug"":""26-27-broadway-series"",""parent"":25}]","[{""name"":""Broadway"",""slug"":""broadway"",""term_group"":0,""term_taxonomy_id"":34,""taxonomy"":""post_tag"",""description"":"""",""parent"":0,""count"":40,""filter"":""raw"",""id"":34,""urls"":{""self"":""https://www.marcuscenter.org/wp-json/tribe/events/v1/tags/34"",""collection"":""https://www.marcuscenter.org/wp-json/tribe/events/v1/tags""}},{""name"":""Theater"",""slug"":""theater"",""term_group"":0,""term_taxonomy_id"":37,""taxonomy"":""post_tag"",""description"":"""",""parent"":0,""count"":88,""filter"":""raw"",""id"":37,""urls"":{""self"":""https://www.marcuscenter.org/wp-json/tribe/events/v1/tags/37"",""collection"":""https://www.marcuscenter.org/wp-json/tribe/events/v1/tags""}}]","{""id"":33,""global_id"":""www.marcuscenter.org?id=33"",""venue"":""Uihlein Hall"",""address"":""929 N Water St"",""city"":""Milwaukee"",""country"":""United States"",""province"":""Wisconsin"",""state"":""WI"",""zip"":""53202"",""url"":""https://www.marcuscenter.org/venue/uihlein-hall-marcus-center/"",""show_map"":false,""show_map_link"":true}","[{""id"":2195,""global_id"":""www.marcuscenter.org?id=2195"",""organizer"":""Johnson Financial Group Broadway at the Marcus Center"",""url"":""https://www.marcuscenter.org/organizer/johnson-financial-group-broadway-at-the-marcus-center/""}]","The original Broadway sensation returns to the road! Celebrating 20 years – Jersey style! They were just four guys from Jersey, until they sang their very first note. They had a sound nobody had ever heard… and the radio just couldn’t get enough of. But while their harmonies were perfect on stage, off stage it was a very different story — a story that has made them an international sensation all over again. The show features all their hits including “Sherry,” “Big Girls Don’t Cry,” “Oh What a Night,” “Walk Like a Man,” “Can’t Take My Eyes Off You,” “Beggin’” and “Working My Way Back to You.” Go behind the music and inside the story of Frankie Valli and The Four Seasons in the Tony Award®-winning, original Broadway sensation, JERSEY BOYS. From the streets of New Jersey to the Rock and Roll Hall of Fame, this is the musical that’s too good to be true. JUST LAUNCHED: Broadway Bites is the new all-inclusive dining program at the Marcus Performing Arts Center! Broadway Bites includes a top-tiered, four-course buffet meal on-site with a fixed price that is guaranteed to have you in your seat by show-time. The Broadway Bites Bar will also be open, serving all beverages with a Happy Hour discount. The Happy Hour discount will also apply to any pre-purchased intermission beverages. Broadway Bites is only available to Jersey Boys ticket holders on Tuesday-Saturday, and cannot be purchased without attending a performance. Seats are limited All Show Dates Tuesday, October 20, 2026 @ 7:30 PM Wednesday, October 21, 2026 @ 7:30 PM Thursday, October 22, 2026 @ 7:30 PM Friday, October 23, 2026 @ 7:30 PM Saturday, October 24, 2026 @ 2:00 PM Saturday, October 24, 2026 @ 7:30 PM Sunday, October 25, 2026 @ 1:00 PM Sunday, October 25, 2026 @ 6:30 PM",,"{""url"":""https://www.marcuscenter.org/wp-content/uploads/2026/02/Jersey-Boys-1080x1080-1.jpg"",""id"":45764,""extension"":""jpg"",""width"":1080,""height"":1080}",[],false,,,,2026-09-16 14:08:22,2026-09-16 19:08:22,false,true,,false,
2026-09-30T20:20:26Z,milwaukeehistory.net,https://www.milwaukeehistory.net/wp-json/tribe/events/v1/events,1,3369,milwaukeehistory.net?id=3369,MKE History Trivia @ Von Trier,2026-10-21 18:00:00,2026-10-21 23:00:00,2026-10-21 21:00:00,2026-10-22 02:00:00,America/Chicago,false,false,publish,https://milwaukeehistory.net/event/mke-history-trivia-von-trier/,,,Free,"{""currency_symbol"":""$"",""currency_code"":""USD"",""currency_position"":""prefix"",""values"":[""0""]}","[{""id"":59,""name"":""Community Events"",""slug"":""community-events"",""parent"":0}]",[],"{""id"":3370,""global_id"":""milwaukeehistory.net?id=3370"",""venue"":""Von Trier"",""address"":""2235 N Farwell Ave."",""city"":""Milwaukee"",""country"":""United States"",""province"":""Wisconsin"",""zip"":""53202"",""website"":""https://www.vontriers.com/"",""url"":""https://milwaukeehistory.net/venue/von-trier/"",""show_map"":true,""show_map_link"":true}",[],"Join us at Von Trier for another round of MKE History Trivia! Since July of 1978, Von Trier has proudly served Milwaukeeans and their friends a uniquely German experience. Featuring a robust selection of German import drafts, a creative classic cocktail and hot drink list, an expansive and carefully-curated craft beer draft and bottle selections, a top-notch wine program, and divine German-centric culinary creations, Von Trier has stood the test of time and etched itself into legend as a Milwaukee Institution. Bring your friends or join a team – It’s free to play!",,"{""url"":""https://milwaukeehistory.net/wp-content/uploads/2026/05/Trivia-Graphic-.png"",""id"":3121,""extension"":""png"",""width"":1920,""height"":1080}",[],false,,,,2026-06-26 15:31:58,2026-06-26 20:31:58,true,true,,,
2026-09-30T20:20:26Z,milwaukeehistory.net,https://www.milwaukeehistory.net/wp-json/tribe/events/v1/events,1,3498,milwaukeehistory.net?id=3498,Drawing Connections: Screen-Printing Workshop,2026-10-29 17:30:00,2026-10-29 22:30:00,2026-10-29 18:30:00,2026-10-29 23:30:00,America/Chicago,false,false,publish,https://milwaukeehistory.net/event/drawing-connections-screen-printing-workshop/,,,$17 – $25,"{""currency_symbol"":""$"",""currency_code"":""USD"",""currency_position"":""prefix"",""values"":[""17"",""25""]}","[{""id"":59,""name"":""Community Events"",""slug"":""community-events"",""parent"":0}]",[],"{""id"":1664,""global_id"":""milwaukeehistory.net?id=1664"",""venue"":""Milwaukee County Historical Society"",""address"":""910 N. Dr. MLK Jr. Drive"",""city"":""Milwaukee"",""province"":""Wisconsin"",""zip"":""53203"",""url"":""https://milwaukeehistory.net/venue/milwaukee-county-historical-society/"",""show_map"":true,""show_map_link"":true}",[],"Join artist Nicolas Lampert and Voces de La Frontera for a hands-on screen-printing workshop where participants will create their own picket signs. Learn the basics of screen printing while exploring how art, messaging, and visual expression can be used to make a statement. TICKETS $25 per person $17 per MCHS Members and Voces de La Frontera Members Ticket proceeds support the mission of the MCHS and VDLF. Museum admission included in ticket price. Children under 12 are free – must be accompanied by an adult. Buy TicketsBuy Tickets IMMIGRANT STORIES AND ART WORKSHOP SERIES The Milwaukee County Historical Society (MCHS) will host a new series of artist workshops titled Drawing Connections: Immigrant Stories and Art Workshop led by local artists from multiple ethnic and immigrant groups of Milwaukee. Each workshop will specifically focus on the experiences of immigrant groups throughout Milwaukee County’s history through modern day. The art workshops will occur bi-monthly in relation to the MCHS’ new exhibit, We the People: Milwaukee Stories of Immigration, Citizenship, and Community. MEET THE ARTIST Artist Nicolas Lampert is a Milwaukee-based interdisciplinary artist and author whose work focuses on themes of social justice and ecology. His artwork is in the permanent collections of the Museum of Modern Art, the Milwaukee Art Museum, the Library of Congress, and over sixty archives and special collections across the world. Lampert is the area head for the Community Arts program in the Department of Art and Design at the University of Wisconsin-Milwaukee. Lampert is also the volunteer art organizer with Voces de la Frontera – Wisconsin’s largest immigrant rights organization. He first began collaborating with Voces in 2015 and helped form the Voces de los Artistas (VDLA) art affinity group within Voces in 2016. Lampert established a rapid response art space at the Voces building in Milwaukee in 2024. He co-organizes art builds for Voces, curates the art within the Voces building, and co-organizes the Voces de la Frontera archive through the UWM Libraries and Booklyn.",,"{""url"":""https://milwaukeehistory.net/wp-content/uploads/2026/09/Workshop-Promo.-Image-Website.png"",""id"":3499,""extension"":""png"",""width"":1350,""height"":1080}",[],false,,,,2026-09-17 15:16:49,2026-09-17 20:16:49,true,true,,,
2026-09-30T20:20:26Z,marcuscenter.org,https://www.marcuscenter.org/wp-json/tribe/events/v1/events,1,46335,www.marcuscenter.org?id=46335,Sugar Skull,2026-10-30 19:00:00,2026-10-31 00:00:00,2026-10-30 19:00:00,2026-10-31 00:00:00,America/Chicago,false,true,publish,https://www.marcuscenter.org/event/sugar-skull/,,,,"{""currency_symbol"":"""",""currency_code"":"""",""currency_position"":"""",""values"":[]}","[{""id"":94,""name"":""26-27 Build Your Own Series"",""slug"":""26-27-build-your-own-series"",""parent"":28}]",[],"{""id"":33,""global_id"":""www.marcuscenter.org?id=33"",""venue"":""Uihlein Hall"",""address"":""929 N Water St"",""city"":""Milwaukee"",""country"":""United States"",""province"":""Wisconsin"",""state"":""WI"",""zip"":""53202"",""url"":""https://www.marcuscenter.org/venue/uihlein-hall-marcus-center/"",""show_map"":false,""show_map_link"":true}","[{""id"":2196,""global_id"":""www.marcuscenter.org?id=2196"",""organizer"":""MPAC Presents"",""url"":""https://www.marcuscenter.org/organizer/mpac-presents/""}]","SUGAR SKULL! A Día de Muertos Musical Adventure is a touring bilingual/bicultural musical for young audiences and families that uses traditional regional music and dance from Mexico to tell the story of twelve-year-old Vita Flores. Vita thinks her family has gone loco planning a celebration for deceased loved ones. Why throw a party for the dead? But when a spirited candy skeleton suddenly springs to life, Vita finds herself on a magical, musical journey to unravel the true meaning of Día de Muertos. Meet Sugar Skull, a charismatic skeleton with a secret or two. With her skeletal new friend, Vita dances with ancient ancestors, sings with a sorrowful sorceress, escapes the trickster Chaneques, and even meets the famous Catrina Calavera. But can this clever youth gather the missing pieces needed for her Family ofrenda before it’s too late ¡SUGAR SKULL! Una aventura musical del Día de Muertos es un espectáculo musical bilingüe y bicultural, dirigido a familias y público joven, que utiliza música y danzas regionales tradicionales de México para narrar la historia de Vita Flores, una niña de doce años. A Vita le parece que su familia se ha vuelto loca al organizar una celebración para sus seres queridos fallecidos: ¿por qué hacer una fiesta para los muertos? Sin embargo, cuando una vivaz calavera de azúcar cobra vida de repente, Vita se embarca en un viaje mágico y musical para descubrir el verdadero significado del Día de Muertos. Conoce a Sugar Skull, una carismática calavera que guarda un par de secretos. Junto a su nueva amiga esquelética, Vita baila con antepasados ancestrales, canta con una hechicera afligida, escapa del travieso Chaneques e incluso conoce a la famosa Catrina Calavera. Pero, ¿logrará esta ingeniosa joven reunir las piezas que faltan para la ofrenda familiar antes de que sea demasiado tarde?",<p>SUGAR SKULL! A Día de Muertos Musical Adventure is a touring bilingual/bicultural musical for young audiences and families that uses traditional regional music and dance from Mexico.</p>,"{""url"":""https://www.marcuscenter.org/wp-content/uploads/2026/06/Sugar-Skull-1080-x-1080-3.jpg"",""id"":46336,""extension"":""jpg"",""width"":1080,""height"":1080}",[],false,,,,2026-09-17 17:16:51,2026-09-17 22:16:51,false,true,,false,
2026-09-30T20:20:26Z,milwaukeehistory.net,https://www.milwaukeehistory.net/wp-json/tribe/events/v1/events,1,3447,milwaukeehistory.net?id=3447,10th Annual MCHS Book Sale,2026-10-31 10:00:00,2026-10-31 15:00:00,2026-11-01 16:00:00,2026-11-01 22:00:00,America/Chicago,false,false,publish,https://milwaukeehistory.net/event/10th-annual-mchs-book-sale/,,,Free,"{""currency_symbol"":""$"",""currency_code"":""USD"",""currency_position"":""prefix"",""values"":[""0""]}","[{""id"":59,""name"":""Community Events"",""slug"":""community-events"",""parent"":0}]",[],"{""id"":1664,""global_id"":""milwaukeehistory.net?id=1664"",""venue"":""Milwaukee County Historical Society"",""address"":""910 N. Dr. MLK Jr. Drive"",""city"":""Milwaukee"",""province"":""Wisconsin"",""zip"":""53203"",""url"":""https://milwaukeehistory.net/venue/milwaukee-county-historical-society/"",""show_map"":true,""show_map_link"":true}",[],"Join us for our 10th Annual Book Sale at Milwaukee County Historical Society. Rifle through photos, books, postcards, magazines and other items that did not meet the scope of our collecting mission. Items on sale: Duplicate and Out of Scope Materials Postcards, Prints, & Frames Discounted Titles Slightly Worn Books Magazines and Historical Books Saturday, October 31st, 2026 | 10:00am-4:00pm Sunday, November 1st, 2026 | 12:00pm-4:00pm All proceeds support Milwaukee County Historical Society.",,"{""url"":""https://milwaukeehistory.net/wp-content/uploads/2026/08/Untitled-design-65.png"",""id"":3497,""extension"":""png"",""width"":2550,""height"":1339}",[],false,,,,2026-09-17 12:49:03,2026-09-17 17:49:03,true,true,,,
2026-09-30T20:20:26Z,milwaukeehistory.net,https://www.milwaukeehistory.net/wp-json/tribe/events/v1/events,1,3162,milwaukeehistory.net?id=3162,SPARK! Oral History,2026-11-03 11:00:00,2026-11-03 17:00:00,2026-11-03 12:30:00,2026-11-03 18:30:00,America/Chicago,false,false,publish,https://milwaukeehistory.net/event/spark-oral-history/,,,,"{""currency_symbol"":""$"",""currency_code"":""USD"",""currency_position"":""prefix"",""values"":[]}","[{""id"":58,""name"":""SPARK!"",""slug"":""spark"",""parent"":0}]",[],"{""id"":1664,""global_id"":""milwaukeehistory.net?id=1664"",""venue"":""Milwaukee County Historical Society"",""address"":""910 N. Dr. MLK Jr. Drive"",""city"":""Milwaukee"",""province"":""Wisconsin"",""zip"":""53203"",""url"":""https://milwaukeehistory.net/venue/milwaukee-county-historical-society/"",""show_map"":true,""show_map_link"":true}",[],"This month we will explore oral history traditions and modern practices. Participants will create their share their own oral history. Registration is required: Space is limited. Contact Olivia, Programs Manager, or click the button below to register. Register NowRegister Now",,"{""url"":""https://milwaukeehistory.net/wp-content/uploads/2026/04/Copy-of-SPARK-Graphic-.png"",""id"":2962,""extension"":""png"",""width"":1920,""height"":1080}",[],false,,,,2026-05-06 11:26:09,2026-05-06 16:26:09,true,true,,,
2026-09-30T20:20:26Z,milwaukeehistory.net,https://www.milwaukeehistory.net/wp-json/tribe/events/v1/events,1,3513,milwaukeehistory.net?id=3513,Author Talk with Thomas Jacobson,2026-11-05 18:00:00,2026-11-06 00:00:00,2026-11-05 19:00:00,2026-11-06 01:00:00,America/Chicago,false,false,publish,https://milwaukeehistory.net/event/author-talk-with-thomas-jacobson/,,,,"{""currency_symbol"":""$"",""currency_code"":""USD"",""currency_position"":""prefix"",""values"":[]}","[{""id"":59,""name"":""Community Events"",""slug"":""community-events"",""parent"":0}]",[],"{""id"":1664,""global_id"":""milwaukeehistory.net?id=1664"",""venue"":""Milwaukee County Historical Society"",""address"":""910 N. Dr. MLK Jr. Drive"",""city"":""Milwaukee"",""province"":""Wisconsin"",""zip"":""53203"",""url"":""https://milwaukeehistory.net/venue/milwaukee-county-historical-society/"",""show_map"":true,""show_map_link"":true}",[],"FREE Program with Museum Admission Registration Encouraged | Admission to be paid at the front desk on the day of the program. Tom Jacobson was born in 1938 in Bamberg, Germany. As a child, he and his family fled Nazi Germany aboard the MS St. Louis, the ill-fated ship later known as the “Voyage of the Damned.” After eventually reaching the United States, the family settled in Milwaukee. Tom graduated from UW Law School in 1962 and went on to form Milwaukee’s first integrated law firm with Lloyd Barbee. Throughout his career, he represented numerous civil rights advocates, including Father James Groppi and Dick Gregory, and provided legal representation to thousands of people, often pro bono. He argued two cases before the U.S. Supreme Court and handled many of Wisconsin’s most prominent civil rights cases. Tom retired from practicing law in 2008 and now lives in Los Angeles with his wife, Peggy. He recently published his revised memoir, “Underdog: Against All Odds: The Fight for Justice,” which he’ll be discussing with us on Thursday, November 5th. Signed copies will be available for purchase following the presentation. Register NowRegister Now",,"{""url"":""https://milwaukeehistory.net/wp-content/uploads/2026/09/Author-Talk-Thomas-Jacobson-1080-x-1080-px.png"",""id"":3514,""extension"":""png"",""width"":1080,""height"":1080}",[],false,,,,2026-09-30 10:39:20,2026-09-30 15:39:20,true,true,,,
2026-09-30T20:20:26Z,marcuscenter.org,https://www.marcuscenter.org/wp-json/tribe/events/v1/events,1,46653,www.marcuscenter.org?id=46653,Mirror Mirror,2026-11-06 00:00:00,2026-11-06 06:00:00,2026-11-08 23:59:59,2026-11-09 05:59:59,America/Chicago,true,true,publish,https://www.marcuscenter.org/event/mirror-mirror/,,,,"{""currency_symbol"":"""",""currency_code"":"""",""currency_position"":"""",""values"":[]}","[{""id"":29,""name"":""Milwaukee Ballet"",""slug"":""milwaukee-ballet"",""parent"":0}]","[{""name"":""ballet"",""slug"":""ballet"",""term_group"":0,""term_taxonomy_id"":98,""taxonomy"":""post_tag"",""description"":"""",""parent"":0,""count"":3,""filter"":""raw"",""id"":98,""urls"":{""self"":""https://www.marcuscenter.org/wp-json/tribe/events/v1/tags/98"",""collection"":""https://www.marcuscenter.org/wp-json/tribe/events/v1/tags""}},{""name"":""Dance"",""slug"":""dance"",""term_group"":0,""term_taxonomy_id"":35,""taxonomy"":""post_tag"",""description"":"""",""parent"":0,""count"":39,""filter"":""raw"",""id"":35,""urls"":{""self"":""https://www.marcuscenter.org/wp-json/tribe/events/v1/tags/35"",""collection"":""https://www.marcuscenter.org/wp-json/tribe/events/v1/tags""}}]","{""id"":33,""global_id"":""www.marcuscenter.org?id=33"",""venue"":""Uihlein Hall"",""address"":""929 N Water St"",""city"":""Milwaukee"",""country"":""United States"",""province"":""Wisconsin"",""state"":""WI"",""zip"":""53202"",""url"":""https://www.marcuscenter.org/venue/uihlein-hall-marcus-center/"",""show_map"":false,""show_map_link"":true}","[{""id"":2197,""global_id"":""www.marcuscenter.org?id=2197"",""organizer"":""Milwaukee Ballet Presents"",""url"":""https://www.marcuscenter.org/organizer/milwaukee-ballet-presents/""}]","The age-old battles between good and evil, light and darkness, love and lust ensue in Michael Pink’s imaginative story of what happened between the evil stepmother, Claudia, and Snow White before she bit the apple. Beauty becomes both weapon and weakness, with The Mirror revealing Claudia’s true evil while fueling her vanity. Step into the fractured world of Mirror Mirror, with an original score performed by Milwaukee Ballet Orchestra. All Show Dates Friday, November 6, 2026 – 7:30 PM Saturday, November 7, 2026 – 2:00 PM Saturday, November 7, 2026 – 7:30 PM Sunday, November 8, 2026 – 2:00 PM",,"{""url"":""https://www.marcuscenter.org/wp-content/uploads/2026/08/MPAC-Show-Thumbnail-Mirror.jpg"",""id"":46654,""extension"":""jpg"",""width"":400,""height"":400}",[],false,,,,2026-08-10 17:30:07,2026-08-10 22:30:07,false,true,,false,
2026-09-30T20:20:26Z,marcuscenter.org,https://www.marcuscenter.org/wp-json/tribe/events/v1/events,1,14051,www.marcuscenter.org?id=14051,Wish You Were Floyd- Pink Floyd Tribute,2026-11-07 19:30:00,2026-11-08 01:30:00,2026-11-07 19:30:00,2026-11-08 01:30:00,America/Chicago,false,true,publish,https://www.marcuscenter.org/event/wish-you-were-floyd-pink-floyd-tribute/,,,,"{""currency_symbol"":"""",""currency_code"":"""",""currency_position"":"""",""values"":[]}","[{""id"":57,""name"":""Outside Presenter"",""slug"":""outside-presenter"",""parent"":0}]","[{""name"":""Concert"",""slug"":""concert"",""term_group"":0,""term_taxonomy_id"":40,""taxonomy"":""post_tag"",""description"":"""",""parent"":0,""count"":71,""filter"":""raw"",""id"":40,""urls"":{""self"":""https://www.marcuscenter.org/wp-json/tribe/events/v1/tags/40"",""collection"":""https://www.marcuscenter.org/wp-json/tribe/events/v1/tags""}}]","{""id"":1978,""global_id"":""www.marcuscenter.org?id=1978"",""venue"":""Wilson Theater at Vogel Hall"",""address"":""121 E State St"",""city"":""Milwaukee"",""country"":""United States"",""province"":""Wisconsin"",""state"":""WI"",""zip"":""53202"",""url"":""https://www.marcuscenter.org/venue/wilson-theater-at-vogel-hall-mpac/"",""show_map"":false,""show_map_link"":true}","[{""id"":14054,""global_id"":""www.marcuscenter.org?id=14054"",""organizer"":""Fearless Productions"",""url"":""https://www.marcuscenter.org/organizer/fearless-productions/""}]","Wish You were Floyd delivers a critically-acclaimed, stunningly authentic and heartfelt tribute experience, faithfully and expertly reproducing the timeless musical soundscapes of Pink Floyd, with entirely live music and vocals. Immerse yourself in this captivating journey through Pink Floyd’s musical catalog with this top-level act! “From the first note to the last, the night was a blast…if you love Pink Floyd you have to get to one of these shows…it was the kind of night that reminds you why live music is so magical.” – Wisconsin Entertainer This event is presented by Fearless Productions, an independent organization separate from the Marcus Performing Arts Center.",<p>Immerse yourself in this captivating journey through Pink Floyd’s musical catalog with this top-level tribute experience.</p>,"{""url"":""https://www.marcuscenter.org/wp-content/uploads/2025/12/WYWF-1080x1080-1.jpeg"",""id"":14052,""extension"":""jpeg"",""width"":1080,""height"":1080}",[],false,,,,2026-09-02 14:34:35,2026-09-02 19:34:35,false,true,,false,
2026-09-30T20:20:26Z,milwaukeehistory.net,https://www.milwaukeehistory.net/wp-json/tribe/events/v1/events,1,3525,milwaukeehistory.net?id=3525,MCHS Annual Meeting & Landmarks Presentation,2026-11-09 17:30:00,2026-11-09 23:30:00,2026-11-09 18:30:00,2026-11-10 00:30:00,America/Chicago,false,false,publish,https://milwaukeehistory.net/event/mchs-annual-meeting-landmarks-presentation/,,,Free,"{""currency_symbol"":""$"",""currency_code"":""USD"",""currency_position"":""prefix"",""values"":[""0""]}","[{""id"":59,""name"":""Community Events"",""slug"":""community-events"",""parent"":0}]",[],"{""id"":1664,""global_id"":""milwaukeehistory.net?id=1664"",""venue"":""Milwaukee County Historical Society"",""address"":""910 N. Dr. MLK Jr. Drive"",""city"":""Milwaukee"",""province"":""Wisconsin"",""zip"":""53203"",""url"":""https://milwaukeehistory.net/venue/milwaukee-county-historical-society/"",""show_map"":true,""show_map_link"":true}",[],"MCHS welcomes all to join us for our 2026 Annual Meeting to hear the latest updates about our organization. Also at this time, the 2026 Milwaukee County Landmarks Designation will be officially awarded. This event is free and open to the public!",,"{""url"":""https://milwaukeehistory.net/wp-content/uploads/2026/09/Annual-Meeting-Landmarks-scaled.png"",""id"":3526,""extension"":""png"",""width"":2560,""height"":2560}",[],false,,,,2026-09-30 12:52:53,2026-09-30 17:52:53,true,true,,,
2026-09-30T20:20:26Z,marcuscenter.org,https://www.marcuscenter.org/wp-json/tribe/events/v1/events,1,45647,www.marcuscenter.org?id=45647,Nova Linea Presents: Clarity and Connection,2026-11-13 00:00:00,2026-11-13 06:00:00,2026-11-14 23:59:59,2026-11-15 05:59:59,America/Chicago,true,true,publish,https://www.marcuscenter.org/event/nova-linea-clarity-and-connection/,,,,"{""currency_symbol"":"""",""currency_code"":"""",""currency_position"":"""",""values"":[]}",[],"[{""name"":""Dance"",""slug"":""dance"",""term_group"":0,""term_taxonomy_id"":35,""taxonomy"":""post_tag"",""description"":"""",""parent"":0,""count"":39,""filter"":""raw"",""id"":35,""urls"":{""self"":""https://www.marcuscenter.org/wp-json/tribe/events/v1/tags/35"",""collection"":""https://www.marcuscenter.org/wp-json/tribe/events/v1/tags""}}]","{""id"":1978,""global_id"":""www.marcuscenter.org?id=1978"",""venue"":""Wilson Theater at Vogel Hall"",""address"":""121 E State St"",""city"":""Milwaukee"",""country"":""United States"",""province"":""Wisconsin"",""state"":""WI"",""zip"":""53202"",""url"":""https://www.marcuscenter.org/venue/wilson-theater-at-vogel-hall-mpac/"",""show_map"":false,""show_map_link"":true}","[{""id"":6541,""global_id"":""www.marcuscenter.org?id=6541"",""organizer"":""Nova Linea Contemporary Dance"",""url"":""https://www.marcuscenter.org/organizer/nova-linea-contemporary-dance/"",""website"":""www.novalineadance.com""}]","Nova Linea Contemporary Dance is Wisconsin’s premier contemporary dance company. Known for our emotionally-provocative performances, it is Nova Linea’s mission to provide accessible and relatable stories through dance to our community. “Clarity & Connection”, inspired by the book from author Yung Pueblo, delves into the concept of self-awareness, and how we cannot form healthy relationships with others until we have a strong understanding of ourselves. Following the five chapters of the book (Self-Awareness, Unbinding, The Love Between Us, Growing, and A New Life), the work takes us on this narrative through the mediums of dance and music. Each chapter explores a different part of the process of understanding ourselves, the experiences that have shaped us, and the ways in which we connect with the people around us. Told from the perspective of different individuals, this evening-length work also draws from the personal stories of each artist, as we all have different, unique, and complex experiences, yet similar struggles and challenges to overcome in life. Throughout the piece, we are taken on a journey of letting go of past trauma, connecting deeper with our relationships, and healing into a new version of ourselves. The work explores the ways in which our past experiences can influence how we see ourselves and how we interact with others, while reminding us that healing and growth are ongoing processes.",,"{""url"":""https://www.marcuscenter.org/wp-content/uploads/2026/02/Square_Clarity-Connection.png"",""id"":47041,""extension"":""png"",""width"":400,""height"":400}",[],false,,,,2026-09-16 13:03:57,2026-09-16 18:03:57,false,true,,false,
2026-09-30T20:20:26Z,marcuscenter.org,https://www.marcuscenter.org/wp-json/tribe/events/v1/events,1,46089,www.marcuscenter.org?id=46089,Gravity and Other Myths,2026-11-13 19:30:00,2026-11-14 01:30:00,2026-11-13 19:30:00,2026-11-14 01:30:00,America/Chicago,false,true,publish,https://www.marcuscenter.org/event/gravity-and-other-myths/,,,,"{""currency_symbol"":"""",""currency_code"":"""",""currency_position"":"""",""values"":[]}","[{""id"":94,""name"":""26-27 Build Your Own Series"",""slug"":""26-27-build-your-own-series"",""parent"":28}]","[{""name"":""Dance"",""slug"":""dance"",""term_group"":0,""term_taxonomy_id"":35,""taxonomy"":""post_tag"",""description"":"""",""parent"":0,""count"":39,""filter"":""raw"",""id"":35,""urls"":{""self"":""https://www.marcuscenter.org/wp-json/tribe/events/v1/tags/35"",""collection"":""https://www.marcuscenter.org/wp-json/tribe/events/v1/tags""}}]","{""id"":33,""global_id"":""www.marcuscenter.org?id=33"",""venue"":""Uihlein Hall"",""address"":""929 N Water St"",""city"":""Milwaukee"",""country"":""United States"",""province"":""Wisconsin"",""state"":""WI"",""zip"":""53202"",""url"":""https://www.marcuscenter.org/venue/uihlein-hall-marcus-center/"",""show_map"":false,""show_map_link"":true}","[{""id"":2196,""global_id"":""www.marcuscenter.org?id=2196"",""organizer"":""MPAC Presents"",""url"":""https://www.marcuscenter.org/organizer/mpac-presents/""}]","Everybody is a master of something. Blink, step, jump, balance, flip, fly. This is an ode to the countless hours needed to achieve great things. A tribute to the dedication required to realise our physical ambitions. An acknowledgement of the backstory that is often more spectacular than the finished product. Eight world class acrobats investigate physical skill; how we obtain it, how we perfect it, and how it can transform our lives. Through highlighting the nuance of high-level acrobatics, audiences experience a heightened appreciation of the countless hours required to master the skills they are witnessing. This is a love letter to our bodies and the amazing things they let us do every day. This is an invitation to watch us work.","<p>Through highlighting the nuance of high-level acrobatics, audiences experience a heightened appreciation of the countless hours required to master the skills they are witnessing.</p>","{""url"":""https://www.marcuscenter.org/wp-content/uploads/2026/05/Gravity-and-Other-Myths-1080x1080-1.jpg"",""id"":46090,""extension"":""jpg"",""width"":1080,""height"":1080}",[],false,,,,2026-05-26 11:10:48,2026-05-26 16:10:48,false,true,,false,
2026-09-30T20:20:26Z,marcuscenter.org,https://www.marcuscenter.org/wp-json/tribe/events/v1/events,1,45524,www.marcuscenter.org?id=45524,The Sound of Music,2026-11-24 00:00:00,2026-11-24 06:00:00,2026-11-29 23:59:59,2026-11-30 05:59:59,America/Chicago,true,true,publish,https://www.marcuscenter.org/event/the-sound-of-music/,,,,"{""currency_symbol"":"""",""currency_code"":"""",""currency_position"":"""",""values"":[]}","[{""id"":91,""name"":""26-27 Broadway Series"",""slug"":""26-27-broadway-series"",""parent"":25}]","[{""name"":""Broadway"",""slug"":""broadway"",""term_group"":0,""term_taxonomy_id"":34,""taxonomy"":""post_tag"",""description"":"""",""parent"":0,""count"":40,""filter"":""raw"",""id"":34,""urls"":{""self"":""https://www.marcuscenter.org/wp-json/tribe/events/v1/tags/34"",""collection"":""https://www.marcuscenter.org/wp-json/tribe/events/v1/tags""}},{""name"":""Theater"",""slug"":""theater"",""term_group"":0,""term_taxonomy_id"":37,""taxonomy"":""post_tag"",""description"":"""",""parent"":0,""count"":88,""filter"":""raw"",""id"":37,""urls"":{""self"":""https://www.marcuscenter.org/wp-json/tribe/events/v1/tags/37"",""collection"":""https://www.marcuscenter.org/wp-json/tribe/events/v1/tags""}}]","{""id"":33,""global_id"":""www.marcuscenter.org?id=33"",""venue"":""Uihlein Hall"",""address"":""929 N Water St"",""city"":""Milwaukee"",""country"":""United States"",""province"":""Wisconsin"",""state"":""WI"",""zip"":""53202"",""url"":""https://www.marcuscenter.org/venue/uihlein-hall-marcus-center/"",""show_map"":false,""show_map_link"":true}","[{""id"":2195,""global_id"":""www.marcuscenter.org?id=2195"",""organizer"":""Johnson Financial Group Broadway at the Marcus Center"",""url"":""https://www.marcuscenter.org/organizer/johnson-financial-group-broadway-at-the-marcus-center/""}]","For 65 years, THE SOUND OF MUSIC has been one of our “favorite things.” With its timeless story and irresistibly charming score, this Rodgers & Hammerstein classic isn’t just meant to be enjoyed – it’s meant to be shared. Now, a critically acclaimed North American tour brings the cherished musical to stages across the country to teach a new generation to sing. Directed by three-time Tony Award® winner Jack O’Brien (Hairspray), this vibrant and romantic tale of Maria and the von Trapp family will captivate audiences with its universal themes of love, resilience and the power of music. Featuring beloved songs like “Do-Re-Mi,” “Sixteen Going on Seventeen” and “Edelweiss,” THE SOUND OF MUSIC is the iconic tale of a spirited nun who chooses not to live behind closed doors – and, by following her heart, learns to climb every mountain. THE SOUND OF MUSIC features music by Richard Rodgers, lyrics by Oscar Hammerstein II, and book by Howard Lindsay and Russel Crouse, suggested by The Trapp Family Singers by Maria Augusta Trapp. The 1965 Oscar®-winning film recently celebrated its 60th anniversary and continues to be one of the most successful movie musicals of all time. JUST LAUNCHED: Broadway Bites is the new all-inclusive dining program at the Marcus Performing Arts Center! Broadway Bites includes a top-tiered, four-course buffet meal on-site with a fixed price that is guaranteed to have you in your seat by show-time. The Broadway Bites Bar will also be open, serving all beverages with a Happy Hour discount. The Happy Hour discount will also apply to any pre-purchased intermission beverages. Broadway Bites is only available to The Sound of Music ticket holders on Tuesday-Saturday, and cannot be purchased without attending a performance. Seats are limited. All Show Dates Tuesday, November 24, 2026 @ 7:30 PM Wednesday, November 25, 2026 @ 7:30 PM Friday, November 27, 2026 @ 1:00 PM Friday, November 27, 2026 @ 7:30 PM Saturday, November 28, 2026 @ 2:00 PM Saturday, November 28, 2026 @ 7:30 PM Sunday, November 29, 2026 @ 1:00 PM Sunday, November 29, 2026 @ 6:30 PM",,"{""url"":""https://www.marcuscenter.org/wp-content/uploads/2026/03/SOM_Square_logo_Billing.jpg"",""id"":45788,""extension"":""jpg"",""width"":1920,""height"":1920}",[],false,,,,2026-09-16 14:10:16,2026-09-16 19:10:16,false,true,,false,
2026-09-30T20:20:26Z,milwaukeehistory.net,https://www.milwaukeehistory.net/wp-json/tribe/events/v1/events,1,3164,milwaukeehistory.net?id=3164,SPARK! MKE Holiday Traditions,2026-12-01 11:00:00,2026-12-01 17:00:00,2026-12-01 12:30:00,2026-12-01 18:30:00,America/Chicago,false,false,publish,https://milwaukeehistory.net/event/spark-mke-holiday-traditions/,,,,"{""currency_symbol"":""$"",""currency_code"":""USD"",""currency_position"":""prefix"",""values"":[]}","[{""id"":58,""name"":""SPARK!"",""slug"":""spark"",""parent"":0}]",[],"{""id"":1664,""global_id"":""milwaukeehistory.net?id=1664"",""venue"":""Milwaukee County Historical Society"",""address"":""910 N. Dr. MLK Jr. Drive"",""city"":""Milwaukee"",""province"":""Wisconsin"",""zip"":""53203"",""url"":""https://milwaukeehistory.net/venue/milwaukee-county-historical-society/"",""show_map"":true,""show_map_link"":true}",[],"This month we will explore Milwaukee’s holiday traditions – Holiday Parade, Downtown Store Front Windows, holiday lights, etc. Participants will create a holiday inspired craft. Registration required, space is limited. Click the button below to register or contact Olivia, Programs Manager. Register NowRegister Now",,"{""url"":""https://milwaukeehistory.net/wp-content/uploads/2026/04/Copy-of-SPARK-Graphic-.png"",""id"":2962,""extension"":""png"",""width"":1920,""height"":1080}",[],false,,,,2026-05-06 11:33:18,2026-05-06 16:33:18,true,true,,,
2026-09-30T20:20:26Z,marcuscenter.org,https://www.marcuscenter.org/wp-json/tribe/events/v1/events,1,46659,www.marcuscenter.org?id=46659,The Nutcracker,2026-12-05 00:00:00,2026-12-05 06:00:00,2026-12-26 23:59:59,2026-12-27 05:59:59,America/Chicago,true,true,publish,https://www.marcuscenter.org/event/the-nutcracker/,,,,"{""currency_symbol"":"""",""currency_code"":"""",""currency_position"":"""",""values"":[]}","[{""id"":29,""name"":""Milwaukee Ballet"",""slug"":""milwaukee-ballet"",""parent"":0}]","[{""name"":""ballet"",""slug"":""ballet"",""term_group"":0,""term_taxonomy_id"":98,""taxonomy"":""post_tag"",""description"":"""",""parent"":0,""count"":3,""filter"":""raw"",""id"":98,""urls"":{""self"":""https://www.marcuscenter.org/wp-json/tribe/events/v1/tags/98"",""collection"":""https://www.marcuscenter.org/wp-json/tribe/events/v1/tags""}},{""name"":""Dance"",""slug"":""dance"",""term_group"":0,""term_taxonomy_id"":35,""taxonomy"":""post_tag"",""description"":"""",""parent"":0,""count"":39,""filter"":""raw"",""id"":35,""urls"":{""self"":""https://www.marcuscenter.org/wp-json/tribe/events/v1/tags/35"",""collection"":""https://www.marcuscenter.org/wp-json/tribe/events/v1/tags""}}]","{""id"":33,""global_id"":""www.marcuscenter.org?id=33"",""venue"":""Uihlein Hall"",""address"":""929 N Water St"",""city"":""Milwaukee"",""country"":""United States"",""province"":""Wisconsin"",""state"":""WI"",""zip"":""53202"",""url"":""https://www.marcuscenter.org/venue/uihlein-hall-marcus-center/"",""show_map"":false,""show_map_link"":true}","[{""id"":2197,""global_id"":""www.marcuscenter.org?id=2197"",""organizer"":""Milwaukee Ballet Presents"",""url"":""https://www.marcuscenter.org/organizer/milwaukee-ballet-presents/""}]","The most familiar of beloved holiday traditions is transformed into a wondrous dreamscape in Michael Pink’s The Nutcracker: Drosselmeyer’s Imaginarium. The Tannenbaum children are led on a magical adventure where reality and imagination blur together. Milwaukee Ballet Company is joined by students from Milwaukee Ballet School & Academy in the annual holiday spectacular. Select performances will feature live music by Milwaukee Ballet Orchestra. All Show Dates Saturday, December 5, 2026 – 7:30 PM (Live Orchestra) Sunday, December 6, 2026 – 1:00 PM (Live Orchestra) Friday, December 11, 2026 – 7:30 PM Saturday, December 12, 2026 – 2:00 PM (Live Orchestra) Saturday, December 12, 2026 – 7:30 PM (Live Orchestra) Sunday, December 13, 2026 – 1:00 PM (Live Orchestra) Friday, December 18, 2026 – 7:30 PM Saturday, December 19, 2026 – 2:00 PM (Live Orchestra) Saturday, December 19, 2026 – 7:30 PM (Live Orchestra) Sunday, December 20, 2026 – 1:00 PM (Live Orchestra) Sunday, December 20, 2026 – 6:30 PM (Live Orchestra) Wednesday, December 23, 2026 – 7:30 PM Thursday, December 24, 2026 – 1:00 PM (Live Orchestra)",,"{""url"":""https://www.marcuscenter.org/wp-content/uploads/2026/08/MPAC-Show-Thumbnail-Nut.jpg"",""id"":46661,""extension"":""jpg"",""width"":400,""height"":400}",[],false,,,,2026-08-10 17:32:25,2026-08-10 22:32:25,false,true,,false,
2026-09-30T20:20:26Z,marcuscenter.org,https://www.marcuscenter.org/wp-json/tribe/events/v1/events,1,46590,www.marcuscenter.org?id=46590,Sister’s Christmas Catechism,2026-12-05 15:00:00,2026-12-05 21:00:00,2026-12-05 15:00:00,2026-12-05 21:00:00,America/Chicago,false,true,publish,https://www.marcuscenter.org/event/sisters-christmas-catechism/,,,,"{""currency_symbol"":"""",""currency_code"":"""",""currency_position"":"""",""values"":[]}",[],[],"{""id"":1978,""global_id"":""www.marcuscenter.org?id=1978"",""venue"":""Wilson Theater at Vogel Hall"",""address"":""121 E State St"",""city"":""Milwaukee"",""country"":""United States"",""province"":""Wisconsin"",""state"":""WI"",""zip"":""53202"",""url"":""https://www.marcuscenter.org/venue/wilson-theater-at-vogel-hall-mpac/"",""show_map"":false,""show_map_link"":true}",[],"It’s “CSI: Bethlehem” in this holiday mystery extravaganza by the author of the Late Nite Catechism series, as Sister takes on the mystery that has intrigued historians throughout the ages—whatever happened to the Magi’s gold? Retelling the story of the nativity as only Sister can, this hilarious holiday production is bound to become a yearly classic. Bring your cameras, because in Sister’s Nativity, your mother might be cast as the Virgin Mary or your husband as the Ass!",,"{""url"":""https://www.marcuscenter.org/wp-content/uploads/2026/07/SisterChristmasCatechism500x500.png"",""id"":46592,""extension"":""png"",""width"":500,""height"":500}",[],false,,,,2026-08-04 12:44:36,2026-08-04 17:44:36,false,true,,false,
2026-09-30T20:20:26Z,marcuscenter.org,https://www.marcuscenter.org/wp-json/tribe/events/v1/events,1,4694,www.marcuscenter.org?id=4694,11th Annual Black Nativity,2026-12-10 00:00:00,2026-12-10 06:00:00,2026-12-13 23:59:59,2026-12-14 05:59:59,America/Chicago,true,true,publish,https://www.marcuscenter.org/event/black-nativity/,,,,"{""currency_symbol"":""$"",""currency_code"":""USD"",""currency_position"":""prefix"",""values"":[]}","[{""id"":31,""name"":""Black Arts MKE"",""slug"":""black-arts-mke"",""parent"":0}]","[{""name"":""Family"",""slug"":""family"",""term_group"":0,""term_taxonomy_id"":42,""taxonomy"":""post_tag"",""description"":"""",""parent"":0,""count"":77,""filter"":""raw"",""id"":42,""urls"":{""self"":""https://www.marcuscenter.org/wp-json/tribe/events/v1/tags/42"",""collection"":""https://www.marcuscenter.org/wp-json/tribe/events/v1/tags""}},{""name"":""Holiday"",""slug"":""holiday"",""term_group"":0,""term_taxonomy_id"":46,""taxonomy"":""post_tag"",""description"":"""",""parent"":0,""count"":13,""filter"":""raw"",""id"":46,""urls"":{""self"":""https://www.marcuscenter.org/wp-json/tribe/events/v1/tags/46"",""collection"":""https://www.marcuscenter.org/wp-json/tribe/events/v1/tags""}},{""name"":""Theater"",""slug"":""theater"",""term_group"":0,""term_taxonomy_id"":37,""taxonomy"":""post_tag"",""description"":"""",""parent"":0,""count"":88,""filter"":""raw"",""id"":37,""urls"":{""self"":""https://www.marcuscenter.org/wp-json/tribe/events/v1/tags/37"",""collection"":""https://www.marcuscenter.org/wp-json/tribe/events/v1/tags""}}]","{""id"":1978,""global_id"":""www.marcuscenter.org?id=1978"",""venue"":""Wilson Theater at Vogel Hall"",""address"":""121 E State St"",""city"":""Milwaukee"",""country"":""United States"",""province"":""Wisconsin"",""state"":""WI"",""zip"":""53202"",""url"":""https://www.marcuscenter.org/venue/wilson-theater-at-vogel-hall-mpac/"",""show_map"":false,""show_map_link"":true}","[{""id"":2199,""global_id"":""www.marcuscenter.org?id=2199"",""organizer"":""Black Arts MKE Presents"",""url"":""https://www.marcuscenter.org/organizer/black-arts-mke-presents/""}]","2026 BLACK NATIVITY BY LANGSTON HUGHES | DIRECTED BY ANTOINE REYNOLDS SR. For the 11th consecutive year, Black Arts MKE (BAMKE) will produce Langston Hughes’ Black Nativity, December 10–13, 2026, in the Wilson Theater at Vogel Hall, Marcus Performing Arts Center. A Milwaukee holiday favorite, Black Nativity tells the Christmas story through scripture, poetry, dance, and song from the African American perspective. Each year, the production is reimagined with new themes and creative approaches while maintaining its core spirit of faith, family, and joy. This year’s production is directed by Antoine Reynolds Sr., BAMKE’s Black Nativity by Langston Hughes Music Director of 10 years. Sheri Williams Pannell, one of Milwaukee’s most respected theater artists and educators served as an artistic advisor to the production. In his directing debut, Reynolds seeks to preserve the spirit of Black Nativity while grounding it within the contemporary Black religious and family experience. “Faith and family are core values that have guided generations through uncertainty, struggle, celebration, loss, and transformation. This production brings those worlds together—the ancient and the modern, Bethlehem and the Black church, parent and child, struggle and redemption—to remind us why Christ came. The problems surrounding humanity may change their appearance from generation to generation, but the need for hope, redemption, grace, and transformation remains.”","<p>A Milwaukee favorite, this joyous holiday musical tells the story of the Nativity through a combination of scripture, poetry, dance and song from the African-American perspective.</p>","{""url"":""https://www.marcuscenter.org/wp-content/uploads/2023/10/Black-Nativity-2026-1.png"",""id"":47174,""extension"":""png"",""width"":1080,""height"":1080}",[],false,,,,2026-09-30 10:54:56,2026-09-30 15:54:56,false,true,,false,
2026-09-30T20:20:26Z,marcuscenter.org,https://www.marcuscenter.org/wp-json/tribe/events/v1/events,1,46437,www.marcuscenter.org?id=46437,Sean Heely’s Celtic Christmas,2026-12-19 00:00:00,2026-12-19 06:00:00,2026-12-19 23:59:59,2026-12-20 05:59:59,America/Chicago,true,true,publish,https://www.marcuscenter.org/event/sean-heelys-celtic-christmas/,,,,"{""currency_symbol"":"""",""currency_code"":"""",""currency_position"":"""",""values"":[]}","[{""id"":94,""name"":""26-27 Build Your Own Series"",""slug"":""26-27-build-your-own-series"",""parent"":28},{""id"":79,""name"":""Culture Collective"",""slug"":""culture-collective"",""parent"":51}]",[],"{""id"":1978,""global_id"":""www.marcuscenter.org?id=1978"",""venue"":""Wilson Theater at Vogel Hall"",""address"":""121 E State St"",""city"":""Milwaukee"",""country"":""United States"",""province"":""Wisconsin"",""state"":""WI"",""zip"":""53202"",""url"":""https://www.marcuscenter.org/venue/wilson-theater-at-vogel-hall-mpac/"",""show_map"":false,""show_map_link"":true}","[{""id"":46526,""global_id"":""www.marcuscenter.org?id=46526"",""organizer"":""MPAC Presents Culture Collective"",""url"":""https://www.marcuscenter.org/organizer/mpac-presents-culture-collective/""}]","Kilts and tartan abound as US National Scottish Fiddle Champion Seán Heely and a cast of nationally-acclaimed Celtic performers take you on a magical winter tour through the Scottish Highlands and across the rugged Irish coast. The fiddle and bagpipes will sweep you away to Christmastime and Winter Solstice celebrations that are sure to lift your holiday spirits and warm your heart. The festive journey follows ancient Gaelic carols and songs, tucked in perfectly with lively Irish tunes and familiar Christmas melodies with a Celtic twist. Seán Heely Bio: Seán Heely is a U.S. National Scottish Fiddle Champion, National Champion in Scottish Gaelic (Gàidhlig) Song, and one of the most dynamic Celtic artists of his generation. A virtuoso fiddler, singer, harpist, and composer, Seán blends the fire of traditional music with classical finesse—praised by Irish fiddle legend Liz Carroll as “one powerhouse of a fiddler.” He has performed internationally and at top U.S. venues like the Kennedy Center and Strathmore, and has shared the stage with icons such as Natalie Haas, Bonnie Rideout, and Paddy Keenan. A graduate of the University of South Carolina, Seán made his classical debut with the Virginia Symphony and was a 2019 Artist in Residence at Strathmore Music Center. His latest album, Dramagical, has received international acclaim with features on BBC, RTÉ, and NPR. Based in Washington, D.C., Seán tours with the Seán Heely Celtic Band, The Glencoe Lads, and Jennifer Cutting’s Ocean Orchestra, and serves as a passionate ambassador for Gaelic culture through performance and teaching.",<p>Kilts and tartan abound as US National Scottish Fiddle Champion Seán Heely and a cast of nationally-acclaimed Celtic performers take you on a magical winter tour through the Scottish Highlands and across the rugged Irish coast.</p>,"{""url"":""https://www.marcuscenter.org/wp-content/uploads/2026/07/Sean-Heely-Celtic-Christmas-1080x1080-1.jpg"",""id"":46439,""extension"":""jpg"",""width"":1920,""height"":1920}",[],false,,,,2026-07-21 10:48:50,2026-07-21 15:48:50,false,true,,false,
2026-09-30T20:20:26Z,marcuscenter.org,https://www.marcuscenter.org/wp-json/tribe/events/v1/events,1,46595,www.marcuscenter.org?id=46595,The Unauthorized Hallmark(ish) Parody Musical,2026-12-26 00:00:00,2026-12-26 06:00:00,2026-12-30 23:59:59,2026-12-31 05:59:59,America/Chicago,true,true,publish,https://www.marcuscenter.org/event/the-unauthorized-hallmarkish-parody-musical/,,,,"{""currency_symbol"":"""",""currency_code"":"""",""currency_position"":"""",""values"":[]}",[],[],"{""id"":1978,""global_id"":""www.marcuscenter.org?id=1978"",""venue"":""Wilson Theater at Vogel Hall"",""address"":""121 E State St"",""city"":""Milwaukee"",""country"":""United States"",""province"":""Wisconsin"",""state"":""WI"",""zip"":""53202"",""url"":""https://www.marcuscenter.org/venue/wilson-theater-at-vogel-hall-mpac/"",""show_map"":false,""show_map_link"":true}","[{""id"":46597,""global_id"":""www.marcuscenter.org?id=46597"",""organizer"":""Paquin Exhibition &#038; Theatrical"",""url"":""https://www.marcuscenter.org/organizer/paquin-exhibition-theatrical/""}]","The Unauthorized Hallmark(ish) Parody Musical tells the story of our heroine, Holly, an overworked city executive forced to return to her quirky hometown to help her mother run the family business. Holly reunites with Mark, an old flame (who is now the local Sheriff!) and discovers the town’s long-running cookie contest cheating conspiracy involves a moose on the loose. As Holly juggles romance, small-town drama, and a looming corporate merger, she learns that love and community might matter more than work. Packed with immersive holiday moments and original pop songs such as, “Judge That Cookie” and “It Feels Like Christmas (Because It Is Literally Christmas),” the show offers a hilarious twist on the classic holiday movies you already know and love. It promises festive immersive fun for everyone whether you’re a hopeless romantic, a holiday movie superfan, or just in it for the moose.",,"{""url"":""https://www.marcuscenter.org/wp-content/uploads/2026/07/Hallmarkish_400x400_final-1.jpg"",""id"":46596,""extension"":""jpg"",""width"":400,""height"":400}",[],false,,,,2026-09-22 10:16:52,2026-09-22 15:16:52,false,true,,false,
2026-09-30T20:20:26Z,marcuscenter.org,https://www.marcuscenter.org/wp-json/tribe/events/v1/events,1,45554,www.marcuscenter.org?id=45554,Buena Vista Social Club™,2027-01-05 00:00:00,2027-01-05 06:00:00,2027-01-10 23:59:59,2027-01-11 05:59:59,America/Chicago,true,true,publish,https://www.marcuscenter.org/event/buena-vista-social-club/,,,,"{""currency_symbol"":"""",""currency_code"":"""",""currency_position"":"""",""values"":[]}","[{""id"":91,""name"":""26-27 Broadway Series"",""slug"":""26-27-broadway-series"",""parent"":25}]","[{""name"":""Broadway"",""slug"":""broadway"",""term_group"":0,""term_taxonomy_id"":34,""taxonomy"":""post_tag"",""description"":"""",""parent"":0,""count"":40,""filter"":""raw"",""id"":34,""urls"":{""self"":""https://www.marcuscenter.org/wp-json/tribe/events/v1/tags/34"",""collection"":""https://www.marcuscenter.org/wp-json/tribe/events/v1/tags""}},{""name"":""Theater"",""slug"":""theater"",""term_group"":0,""term_taxonomy_id"":37,""taxonomy"":""post_tag"",""description"":"""",""parent"":0,""count"":88,""filter"":""raw"",""id"":37,""urls"":{""self"":""https://www.marcuscenter.org/wp-json/tribe/events/v1/tags/37"",""collection"":""https://www.marcuscenter.org/wp-json/tribe/events/v1/tags""}}]","{""id"":33,""global_id"":""www.marcuscenter.org?id=33"",""venue"":""Uihlein Hall"",""address"":""929 N Water St"",""city"":""Milwaukee"",""country"":""United States"",""province"":""Wisconsin"",""state"":""WI"",""zip"":""53202"",""url"":""https://www.marcuscenter.org/venue/uihlein-hall-marcus-center/"",""show_map"":false,""show_map_link"":true}","[{""id"":2195,""global_id"":""www.marcuscenter.org?id=2195"",""organizer"":""Johnson Financial Group Broadway at the Marcus Center"",""url"":""https://www.marcuscenter.org/organizer/johnson-financial-group-broadway-at-the-marcus-center/""}]","It’s been years since legendary singer Omara Portuondo last entered a recording studio. Once known as the “Queen of Feeling,” her voice was celebrated throughout Cuba – until she vanished from the spotlight. But when an ambitious young record producer brings her a rare opportunity, the elusive diva must finally reckon with her past. Hailed as a “jaw-dropping, soul-stirring must see” (The Washington Post), the Tony® and GRAMMY® Award-winning BUENA VISTA SOCIAL CLUB™ is a journey through music and memory into the beating heart of Havana. A world-class company brings the story of the iconic album to thrilling life in this tale of big dreams, second chances, and music that needs no translation. All Show Dates Tuesday, January 5, 2027 @ 7:30 PM Wednesday, January 6, 2027 @ 7:30 PM Thursday, January 7, 2027 @ 7:30 PM Friday, January 8, 2027 @ 7:30 PM Saturday, January 9, 2027 @ 2:00 PM Saturday, January 9, 2027 @ 7:30 PM Sunday, January 10, 2027 @ 1:00 PM Sunday, January 10, 2027 @ 6:30 PM",,"{""url"":""https://www.marcuscenter.org/wp-content/uploads/2026/02/Untitled-13.jpg"",""id"":45763,""extension"":""jpg"",""width"":1080,""height"":1080}",[],false,,,,2026-09-18 10:10:44,2026-09-18 15:10:44,false,true,,false,
2026-09-30T20:20:26Z,marcuscenter.org,https://www.marcuscenter.org/wp-json/tribe/events/v1/events,1,46914,www.marcuscenter.org?id=46914,Uncharted Conversations: Photographer Brian Skerry: Ocean Soul,2027-01-12 19:30:00,2027-01-13 01:30:00,2027-01-12 19:30:00,2027-01-13 01:30:00,America/Chicago,false,true,publish,https://www.marcuscenter.org/event/photographer-brian-skerry-ocean-soul/,,,,"{""currency_symbol"":"""",""currency_code"":"""",""currency_position"":"""",""values"":[]}","[{""id"":100,""name"":""Uncharted Conversations Series"",""slug"":""uncharted-conversations-series"",""parent"":0}]","[{""name"":""Speaker"",""slug"":""speaker"",""term_group"":0,""term_taxonomy_id"":39,""taxonomy"":""post_tag"",""description"":"""",""parent"":0,""count"":10,""filter"":""raw"",""id"":39,""urls"":{""self"":""https://www.marcuscenter.org/wp-json/tribe/events/v1/tags/39"",""collection"":""https://www.marcuscenter.org/wp-json/tribe/events/v1/tags""}}]","{""id"":1978,""global_id"":""www.marcuscenter.org?id=1978"",""venue"":""Wilson Theater at Vogel Hall"",""address"":""121 E State St"",""city"":""Milwaukee"",""country"":""United States"",""province"":""Wisconsin"",""state"":""WI"",""zip"":""53202"",""url"":""https://www.marcuscenter.org/venue/wilson-theater-at-vogel-hall-mpac/"",""show_map"":false,""show_map_link"":true}","[{""id"":46924,""global_id"":""www.marcuscenter.org?id=46924"",""organizer"":""MPAC Presents: Uncharted Conversations"",""url"":""https://www.marcuscenter.org/organizer/mpac-presents-uncharted-conversations/""}]","Brian Skerry has explored Earth’s oceans for four decades, working on every continent and in nearly every underwater ecosystem. In Ocean Soul, Brian weaves together the visual stories he has created as an award-winning photojournalist and film producer, resulting in a portrait of the ocean’s beauty and mystery: a place in trouble, but also a place of hope that can rebound with care and attention. Blending stunning photography from dozens of feature stories for National Geographic magazine with exciting, behind-the-scenes videos showcasing how he ‘got the picture,’ Ocean Soul is a sweeping show that tells the story of our Ocean, the marine life that calls it home, and—ultimately—us. This show is part of the 2026/27 Uncharted Conversations Series powered by ATC. Explore the full series here! Brian Skerry Bio As a visual storyteller, Brian has spent more than 12,000 hours submerged underwater. Since 1998, he’s created and photographed more than 30 stories for National Geographic, including 7 cover stories. A founding member of the International League of Conservation Photographers, Brian’s work is proof that visuals can make a difference. His images have helped sway policy makers to implement marine protected areas and to pass legislation that will have lasting positive impact on the world’s oceans. Brian was named a National Geographic Society Photography Fellow in 2014 and then a Storytelling Fellow in 2017. He has been recognized worldwide including being an 11-time award winner in the prestigious Wildlife Photographer of the Year competition. Brian’s Disney Plus series Secrets of the Whales won the 2021 Primetime Emmy Award for Outstanding Documentary.","<p>Brian Skerry has explored Earth’s oceans for four decades, working on every continent and in nearly every underwater ecosystem.</p>","{""url"":""https://www.marcuscenter.org/wp-content/uploads/2026/06/Brian-Skerry-Ocean-Soul-1080x1080-1.jpg"",""id"":46254,""extension"":""jpg"",""width"":1080,""height"":1080}",[],false,,,,2026-09-14 17:00:19,2026-09-14 22:00:19,false,true,,false,
2026-09-30T20:20:26Z,marcuscenter.org,https://www.marcuscenter.org/wp-json/tribe/events/v1/events,1,4328,www.marcuscenter.org?id=4328,43rd Annual Dr. Martin Luther King Jr. Birthday Celebration,2027-01-18 16:00:00,2027-01-18 22:00:00,2027-01-18 16:00:00,2027-01-18 22:00:00,America/Chicago,false,true,publish,https://www.marcuscenter.org/event/43rd-annual-mlk-celebration/,,,,"{""currency_symbol"":""$"",""currency_code"":""USD"",""currency_position"":""prefix"",""values"":[]}","[{""id"":62,""name"":""Community Event"",""slug"":""community-event"",""parent"":0},{""id"":79,""name"":""Culture Collective"",""slug"":""culture-collective"",""parent"":51}]","[{""name"":""Family"",""slug"":""family"",""term_group"":0,""term_taxonomy_id"":42,""taxonomy"":""post_tag"",""description"":"""",""parent"":0,""count"":77,""filter"":""raw"",""id"":42,""urls"":{""self"":""https://www.marcuscenter.org/wp-json/tribe/events/v1/tags/42"",""collection"":""https://www.marcuscenter.org/wp-json/tribe/events/v1/tags""}},{""name"":""Free"",""slug"":""free"",""term_group"":0,""term_taxonomy_id"":45,""taxonomy"":""post_tag"",""description"":"""",""parent"":0,""count"":40,""filter"":""raw"",""id"":45,""urls"":{""self"":""https://www.marcuscenter.org/wp-json/tribe/events/v1/tags/45"",""collection"":""https://www.marcuscenter.org/wp-json/tribe/events/v1/tags""}},{""name"":""Speaker"",""slug"":""speaker"",""term_group"":0,""term_taxonomy_id"":39,""taxonomy"":""post_tag"",""description"":"""",""parent"":0,""count"":10,""filter"":""raw"",""id"":39,""urls"":{""self"":""https://www.marcuscenter.org/wp-json/tribe/events/v1/tags/39"",""collection"":""https://www.marcuscenter.org/wp-json/tribe/events/v1/tags""}}]","{""id"":1978,""global_id"":""www.marcuscenter.org?id=1978"",""venue"":""Wilson Theater at Vogel Hall"",""address"":""121 E State St"",""city"":""Milwaukee"",""country"":""United States"",""province"":""Wisconsin"",""state"":""WI"",""zip"":""53202"",""url"":""https://www.marcuscenter.org/venue/wilson-theater-at-vogel-hall-mpac/"",""show_map"":false,""show_map_link"":true}","[{""id"":46526,""global_id"":""www.marcuscenter.org?id=46526"",""organizer"":""MPAC Presents Culture Collective"",""url"":""https://www.marcuscenter.org/organizer/mpac-presents-culture-collective/""}]",The Marcus Performing Arts Center has celebrated Dr. King’s Birthday annually since 1984. The Dr. Martin Luther King Jr. Birthday Celebration highlights the youth in our community who interpret Dr. King’s words through student contests. Winners will be showcased at a free celebration event held in the Marcus Performing Arts Center. Theme: “A Look to the Future”,<p>The Marcus Performing Arts Center in Milwaukee has celebrated Dr. King’s Birthday annually since 1984. The Dr. Martin Luther King Jr. Birthday Celebration highlights the youth in our community who every year interpret Dr. King’s words through student contests.</p>,"{""url"":""https://www.marcuscenter.org/wp-content/uploads/2023/08/MLK_Celebration_Header_1080x1080.jpeg"",""id"":46292,""extension"":""jpeg"",""width"":1080,""height"":1080}",[],false,,,,2026-09-30 10:12:39,2026-09-30 15:12:39,false,false,,false,
2026-09-30T20:20:26Z,marcuscenter.org,https://www.marcuscenter.org/wp-json/tribe/events/v1/events,1,46386,www.marcuscenter.org?id=46386,Girls Night: The Musical,2027-01-29 20:00:00,2027-01-30 02:00:00,2027-01-29 20:00:00,2027-01-30 02:00:00,America/Chicago,false,true,publish,https://www.marcuscenter.org/event/girls-night-the-musical-2/,,,,"{""currency_symbol"":"""",""currency_code"":"""",""currency_position"":"""",""values"":[]}",[],[],"{""id"":1978,""global_id"":""www.marcuscenter.org?id=1978"",""venue"":""Wilson Theater at Vogel Hall"",""address"":""121 E State St"",""city"":""Milwaukee"",""country"":""United States"",""province"":""Wisconsin"",""state"":""WI"",""zip"":""53202"",""url"":""https://www.marcuscenter.org/venue/wilson-theater-at-vogel-hall-mpac/"",""show_map"":false,""show_map_link"":true}","[{""id"":2093,""global_id"":""www.marcuscenter.org?id=2093"",""organizer"":""Entertainment Events, Inc. Presents"",""url"":""https://www.marcuscenter.org/organizer/entertainment-events-inc/""}]","Grab your girlfriends for the ultimate night out! GIRLS NIGHT: THE MUSICAL is a hilarious and heartwarming Off-Broadway hit celebrating friendship, laughter, and the music that defined a generation. Follow five fabulous women through one unforgettable evening filled with memories, surprises, and hit songs including “Lady Marmalade,” “It’s Raining Men,” “Man! I Feel Like a Woman,” and “I Will Survive.” Described as “Desperate Housewives meets Mamma Mia!” (Applause Magazine), this feel-good celebration will have you laughing, singing along, and dancing all the way home.",,"{""url"":""https://www.marcuscenter.org/wp-content/uploads/2026/07/Girls-Night-the-Musical-REVISED-400x400-1.jpeg"",""id"":46885,""extension"":""jpeg"",""width"":400,""height"":400}",[],false,,,,2026-09-01 11:17:50,2026-09-01 16:17:50,false,true,,false,
2026-09-30T20:20:26Z,marcuscenter.org,https://www.marcuscenter.org/wp-json/tribe/events/v1/events,1,45599,www.marcuscenter.org?id=45599,SIX,2027-02-02 00:00:00,2027-02-02 06:00:00,2027-02-07 23:59:59,2027-02-08 05:59:59,America/Chicago,true,true,publish,https://www.marcuscenter.org/event/six-2/,,,,"{""currency_symbol"":"""",""currency_code"":"""",""currency_position"":"""",""values"":[]}","[{""id"":91,""name"":""26-27 Broadway Series"",""slug"":""26-27-broadway-series"",""parent"":25}]","[{""name"":""Broadway"",""slug"":""broadway"",""term_group"":0,""term_taxonomy_id"":34,""taxonomy"":""post_tag"",""description"":"""",""parent"":0,""count"":40,""filter"":""raw"",""id"":34,""urls"":{""self"":""https://www.marcuscenter.org/wp-json/tribe/events/v1/tags/34"",""collection"":""https://www.marcuscenter.org/wp-json/tribe/events/v1/tags""}},{""name"":""Theater"",""slug"":""theater"",""term_group"":0,""term_taxonomy_id"":37,""taxonomy"":""post_tag"",""description"":"""",""parent"":0,""count"":88,""filter"":""raw"",""id"":37,""urls"":{""self"":""https://www.marcuscenter.org/wp-json/tribe/events/v1/tags/37"",""collection"":""https://www.marcuscenter.org/wp-json/tribe/events/v1/tags""}}]","{""id"":33,""global_id"":""www.marcuscenter.org?id=33"",""venue"":""Uihlein Hall"",""address"":""929 N Water St"",""city"":""Milwaukee"",""country"":""United States"",""province"":""Wisconsin"",""state"":""WI"",""zip"":""53202"",""url"":""https://www.marcuscenter.org/venue/uihlein-hall-marcus-center/"",""show_map"":false,""show_map_link"":true}","[{""id"":2195,""global_id"":""www.marcuscenter.org?id=2195"",""organizer"":""Johnson Financial Group Broadway at the Marcus Center"",""url"":""https://www.marcuscenter.org/organizer/johnson-financial-group-broadway-at-the-marcus-center/""}]","From Tudor Queens to Pop Icons, the SIX wives of Henry VIII take the microphone to remix five hundred years of historical heartbreak into a Euphoric Celebration of 21st century girl power! This new original musical is the global sensation that everyone is losing their head over! The New York Times says SIX “TOTALLY RULES!” (Critic’s Pick) and The Washington Post hails SIX as “Exactly the kind of energizing, inspirational illumination this town aches for!” The SIX: LIVE ON OPENING NIGHT Broadway album debuted at Number 1 on the Billboard cast album charts and surpassed one billion streams worldwide! All Show Dates Tuesday, February 2, 2027 @ 7:30 PM Wednesday, February 3, 2027 @ 7:30 PM Thursday, February 4, 2027 @ 7:30 PM Friday, February 5, 2027 @ 7:30 PM Saturday, February 6, 2027 @ 2:00 PM Saturday, February 6, 2027 @ 7:30 PM Sunday, February 7, 2027 @ 1:00 PM Sunday, February 7, 2027 @ 6:30 PM",,"{""url"":""https://www.marcuscenter.org/wp-content/uploads/2026/02/SIX_12x12.jpg"",""id"":45762,""extension"":""jpg"",""width"":864,""height"":864}",[],false,,,,2026-08-07 10:27:28,2026-08-07 15:27:28,false,true,,false,
2026-09-30T20:20:26Z,marcuscenter.org,https://www.marcuscenter.org/wp-json/tribe/events/v1/events,1,46585,www.marcuscenter.org?id=46585,Jim Brickman,2027-02-07 15:00:00,2027-02-07 21:00:00,2027-02-07 15:00:00,2027-02-07 21:00:00,America/Chicago,false,true,publish,https://www.marcuscenter.org/event/jim-brickman-2/,,,,"{""currency_symbol"":"""",""currency_code"":"""",""currency_position"":"""",""values"":[]}",[],"[{""name"":""Classical"",""slug"":""classical"",""term_group"":0,""term_taxonomy_id"":97,""taxonomy"":""post_tag"",""description"":"""",""parent"":0,""count"":1,""filter"":""raw"",""id"":97,""urls"":{""self"":""https://www.marcuscenter.org/wp-json/tribe/events/v1/tags/97"",""collection"":""https://www.marcuscenter.org/wp-json/tribe/events/v1/tags""}}]","{""id"":1978,""global_id"":""www.marcuscenter.org?id=1978"",""venue"":""Wilson Theater at Vogel Hall"",""address"":""121 E State St"",""city"":""Milwaukee"",""country"":""United States"",""province"":""Wisconsin"",""state"":""WI"",""zip"":""53202"",""url"":""https://www.marcuscenter.org/venue/wilson-theater-at-vogel-hall-mpac/"",""show_map"":false,""show_map_link"":true}",[],"Jim Brickman dazzles audiences with his live concert experience “Piano Sensation! & A Little Bit of Christmas.” This spectacular performance blends Brickman’s signature piano mastery with unforgettable storytelling and his greatest hits like “Valentine” and “The Gift,” Brickman brings the perfect mix of his timeless songs and the holiday favorites you love. This is the must-see concert of the season. Join the multi-platinum, Grammy-nominated artist for an evening that is as funny and engaging as it is musical. Seats for this holiday tradition go quickly—grab your tickets now and experience Jim Brickman live on stage!",,"{""url"":""https://www.marcuscenter.org/wp-content/uploads/2026/07/10-10-Milwaukee-WI-1200x1200-1.jpg"",""id"":46602,""extension"":""jpg"",""width"":1200,""height"":1200}",[],false,,,,2026-09-24 11:58:47,2026-09-24 16:58:47,false,true,,false,
2026-09-30T20:20:26Z,marcuscenter.org,https://www.marcuscenter.org/wp-json/tribe/events/v1/events,1,46927,www.marcuscenter.org?id=46927,Uncharted Conversations: Primatologist Mireya Mayor: Pink Boots and a Machete,2027-02-09 19:30:00,2027-02-10 01:30:00,2027-02-09 19:30:00,2027-02-10 01:30:00,America/Chicago,false,true,publish,https://www.marcuscenter.org/event/uncharted-conversations-primatologist-mireya-mayor-pink-boots-and-a-machete/,,,,"{""currency_symbol"":"""",""currency_code"":"""",""currency_position"":"""",""values"":[]}","[{""id"":100,""name"":""Uncharted Conversations Series"",""slug"":""uncharted-conversations-series"",""parent"":0}]","[{""name"":""Speaker"",""slug"":""speaker"",""term_group"":0,""term_taxonomy_id"":39,""taxonomy"":""post_tag"",""description"":"""",""parent"":0,""count"":10,""filter"":""raw"",""id"":39,""urls"":{""self"":""https://www.marcuscenter.org/wp-json/tribe/events/v1/tags/39"",""collection"":""https://www.marcuscenter.org/wp-json/tribe/events/v1/tags""}}]","{""id"":1978,""global_id"":""www.marcuscenter.org?id=1978"",""venue"":""Wilson Theater at Vogel Hall"",""address"":""121 E State St"",""city"":""Milwaukee"",""country"":""United States"",""province"":""Wisconsin"",""state"":""WI"",""zip"":""53202"",""url"":""https://www.marcuscenter.org/venue/wilson-theater-at-vogel-hall-mpac/"",""show_map"":false,""show_map_link"":true}","[{""id"":46924,""global_id"":""www.marcuscenter.org?id=46924"",""organizer"":""MPAC Presents: Uncharted Conversations"",""url"":""https://www.marcuscenter.org/organizer/mpac-presents-uncharted-conversations/""}]","Join world-renowned scientist and National Geographic explorer Mireya Mayor on a wild and inspiring romp through her unconventional path to success. From her early days as an NFL cheerleader to near-death experiences in the Congo and co-discovering the world’s smallest primate in Madagascar, Mireya shares her incredible journey with us. Mireya hosts a wide variety of TV series, including the Discovery Channel’s hit series Expedition Bigfoot. Between field expeditions, on-screen work, and her real-life drama of juggling a family of eight, Mireya reminds us that we are capable of more than we can imagine. This show is part of the 2026/27 Uncharted Conversations Series powered by ATC. View the full series here! Dr. Mireya Mayor Bio Dr. Mireya Mayor is a primatologist, explorer, National Science Foundation fellow, Fulbright scholar, and Emmy Award–nominated wildlife correspondent for the National Geographic Channel. Her explorations have led to several scientific discoveries, most notably her co-discovery in Madagascar of the world’s smallest primate. Mireya has hosted dozens of documentaries, including her Nat Geo WILD series, Wild Nights with Mireya Mayor; Expedition Africa on the History Channel; La Cuba De Hoy on Nat Geo Mundo, and currently stars in Discovery Channel’s hit series Expedition Bigfoot. She is the author of a best selling book, Pink Boots and a Machete, and the subject of an award winning children’s book, Just Wild Enough. Mireya is also executive director of exploration and science communications at Florida International University, where she is helping scientists effectively communicate complex topics. She’s been recognized as a National Geographic Emerging Explorer, a Fulbright Global Changemaker, and one of Stony Brook University’s “40 under Forty.”",<p>Join world-renowned scientist and National Geographic explorer Mireya Mayor on a wild and inspiring romp through her unconventional path to success.</p>,"{""url"":""https://www.marcuscenter.org/wp-content/uploads/2026/06/Pink-Boots-and-a-Machete-1080x1080-1.jpg"",""id"":46257,""extension"":""jpg"",""width"":1080,""height"":1080}",[],false,,,,2026-09-14 16:59:33,2026-09-14 21:59:33,false,true,,false,
2026-09-30T20:20:26Z,marcuscenter.org,https://www.marcuscenter.org/wp-json/tribe/events/v1/events,1,47030,www.marcuscenter.org?id=47030,Rhiannon Giddens,2027-02-18 19:30:00,2027-02-19 01:30:00,2027-02-18 19:30:00,2027-02-19 01:30:00,America/Chicago,false,true,publish,https://www.marcuscenter.org/event/rhiannon-giddens/,,,,"{""currency_symbol"":"""",""currency_code"":"""",""currency_position"":"""",""values"":[]}","[{""id"":94,""name"":""26-27 Build Your Own Series"",""slug"":""26-27-build-your-own-series"",""parent"":28},{""id"":79,""name"":""Culture Collective"",""slug"":""culture-collective"",""parent"":51}]",[],"{""id"":33,""global_id"":""www.marcuscenter.org?id=33"",""venue"":""Uihlein Hall"",""address"":""929 N Water St"",""city"":""Milwaukee"",""country"":""United States"",""province"":""Wisconsin"",""state"":""WI"",""zip"":""53202"",""url"":""https://www.marcuscenter.org/venue/uihlein-hall-marcus-center/"",""show_map"":false,""show_map_link"":true}","[{""id"":46526,""global_id"":""www.marcuscenter.org?id=46526"",""organizer"":""MPAC Presents Culture Collective"",""url"":""https://www.marcuscenter.org/organizer/mpac-presents-culture-collective/""}]","Rhiannon Giddens has made a singular, iconic career out of stretching her brand of folk music, with its miles-deep historical roots and contemporary sensibilities, into just about every field imaginable. A two-time GRAMMY Award and Pulitzer Prize-winning singer and instrumentalist, MacArthur “Genius” grant recipient, and composer of opera, ballet, and film, Giddens has centered her work around the mission of lifting up people whose contributions to American musical history have previously been overlooked or erased, and advocating for a more accurate understanding of the country’s musical origins through art. As Pitchfork once said, “few artists are so fearless and so ravenous in their exploration”—a journey that has led to NPR naming her one of its 25 Most Influential Women Musicians of the 21st Century and to American Songwriter calling her “one of the most important musical minds currently walking the planet.”","<p>Rhiannon Giddens has made a singular, iconic career out of stretching her brand of folk music, with its miles-deep historical roots and contemporary sensibilities, into just about every field imaginable.</p>","{""url"":""https://www.marcuscenter.org/wp-content/uploads/2026/09/Rhiannon-Giddens-Spring-20271080x1080-1.png"",""id"":47033,""extension"":""png"",""width"":1338,""height"":1350}",[],false,,,,2026-09-18 13:28:24,2026-09-18 18:28:24,false,true,,false,
2026-09-30T20:20:26Z,marcuscenter.org,https://www.marcuscenter.org/wp-json/tribe/events/v1/events,1,45578,www.marcuscenter.org?id=45578,The Outsiders,2027-02-23 00:00:00,2027-02-23 06:00:00,2027-02-28 23:59:59,2027-03-01 05:59:59,America/Chicago,true,true,publish,https://www.marcuscenter.org/event/the-outsiders/,,,,"{""currency_symbol"":"""",""currency_code"":"""",""currency_position"":"""",""values"":[]}","[{""id"":91,""name"":""26-27 Broadway Series"",""slug"":""26-27-broadway-series"",""parent"":25}]","[{""name"":""Broadway"",""slug"":""broadway"",""term_group"":0,""term_taxonomy_id"":34,""taxonomy"":""post_tag"",""description"":"""",""parent"":0,""count"":40,""filter"":""raw"",""id"":34,""urls"":{""self"":""https://www.marcuscenter.org/wp-json/tribe/events/v1/tags/34"",""collection"":""https://www.marcuscenter.org/wp-json/tribe/events/v1/tags""}},{""name"":""Theater"",""slug"":""theater"",""term_group"":0,""term_taxonomy_id"":37,""taxonomy"":""post_tag"",""description"":"""",""parent"":0,""count"":88,""filter"":""raw"",""id"":37,""urls"":{""self"":""https://www.marcuscenter.org/wp-json/tribe/events/v1/tags/37"",""collection"":""https://www.marcuscenter.org/wp-json/tribe/events/v1/tags""}}]","{""id"":33,""global_id"":""www.marcuscenter.org?id=33"",""venue"":""Uihlein Hall"",""address"":""929 N Water St"",""city"":""Milwaukee"",""country"":""United States"",""province"":""Wisconsin"",""state"":""WI"",""zip"":""53202"",""url"":""https://www.marcuscenter.org/venue/uihlein-hall-marcus-center/"",""show_map"":false,""show_map_link"":true}","[{""id"":2195,""global_id"":""www.marcuscenter.org?id=2195"",""organizer"":""Johnson Financial Group Broadway at the Marcus Center"",""url"":""https://www.marcuscenter.org/organizer/johnson-financial-group-broadway-at-the-marcus-center/""}]","The winner of four 2024 Tony Awards®, including Best Musical, is THE OUTSIDERS. Adapted from S.E. HINTON’s seminal novel and FRANCIS FORD COPPOLA’s iconic film, this thrilling new musical features a book by ADAM RAPP with JUSTIN LEVINE, music and lyrics by JAMESTOWN REVIVAL (Jonathan Clay & Zach Chance) and Tony Award® winner JUSTIN LEVINE, music supervision, orchestration, and arrangements by JUSTIN LEVINE, choreography by RICK KUPERMAN & JEFF KUPERMAN, and direction by Tony Award® winner DANYA TAYMOR. Entertainment Weekly says, “THE OUTSIDERS has the power to inspire an entire generation.” In Tulsa, Oklahoma, 1967, Ponyboy Curtis, his best friend Johnny Cade and their Greaser family of ‘outsiders’ battle with their affluent rivals, the Socs. THE OUTSIDERS navigates the complexities of self-discovery as the Greasers dream about who they want to become in a world that may never accept them. With a dynamic original score, THE OUTSIDERS is a story of friendship, family, belonging…and the realization that there is still “lots of good in the world.” All Show Dates Tuesday, February 23, 2027 @ 7:30 PM Wednesday, February 24, 2027 @ 7:30 PM Thursday, February 25, 2027 @ 7:30 PM Friday, February 26, 2027 @ 7:30 PM Saturday, February 27, 2027 @ 2:00 PM Saturday, February 27, 2027 @ 7:30 PM Sunday, February 28, 2027 @ 1:00 PM Sunday, February 28, 2027 @ 6:30 PM",,"{""url"":""https://www.marcuscenter.org/wp-content/uploads/2026/02/P00119244_OUT_AlliedTour_SQUARE-1200x1200_0325-1.jpg"",""id"":45761,""extension"":""jpg"",""width"":1200,""height"":1200}",[],false,,,,2026-03-04 18:46:45,2026-03-05 00:46:45,false,true,,false,
2026-09-30T20:20:26Z,marcuscenter.org,https://www.marcuscenter.org/wp-json/tribe/events/v1/events,1,46514,www.marcuscenter.org?id=46514,"Ballet Folklórico de México, de Amalia Hernández",2027-03-03 19:30:00,2027-03-04 01:30:00,2027-03-03 19:30:00,2027-03-04 01:30:00,America/Chicago,false,true,publish,https://www.marcuscenter.org/event/ballet-folklorico-de-mexico-de-amalia-hernandez/,,,,"{""currency_symbol"":"""",""currency_code"":"""",""currency_position"":"""",""values"":[]}","[{""id"":79,""name"":""Culture Collective"",""slug"":""culture-collective"",""parent"":51}]","[{""name"":""Dance"",""slug"":""dance"",""term_group"":0,""term_taxonomy_id"":35,""taxonomy"":""post_tag"",""description"":"""",""parent"":0,""count"":39,""filter"":""raw"",""id"":35,""urls"":{""self"":""https://www.marcuscenter.org/wp-json/tribe/events/v1/tags/35"",""collection"":""https://www.marcuscenter.org/wp-json/tribe/events/v1/tags""}}]","{""id"":33,""global_id"":""www.marcuscenter.org?id=33"",""venue"":""Uihlein Hall"",""address"":""929 N Water St"",""city"":""Milwaukee"",""country"":""United States"",""province"":""Wisconsin"",""state"":""WI"",""zip"":""53202"",""url"":""https://www.marcuscenter.org/venue/uihlein-hall-marcus-center/"",""show_map"":false,""show_map_link"":true}","[{""id"":46526,""global_id"":""www.marcuscenter.org?id=46526"",""organizer"":""MPAC Presents Culture Collective"",""url"":""https://www.marcuscenter.org/organizer/mpac-presents-culture-collective/""}]","For over seven decades, Amalia Hernández’s Ballet Folklórico de México has positioned itself as the most emblematic folkloric dance ensemble in Mexico and around the world. Founded in 1952 by the dancer and choreographer Amalia Hernández, the Ballet Folklórico de México revolutionized the concept of traditional dance and transformed the history of Mexican dance, laying the groundwork and setting the tone for thousands of dance troupes in Mexico and abroad with the characteristic seal of its creator. Amalia Hernández carried out in-depth research in the different states of the Mexican Republic, studying not only the traditional dances, but also the music, customs and typical costumes and then imbuing them with new meaning, recreating them, staging them and spreading knowledge of them through the theater. Through avant-garde thinking, she designed a show and created a cultural management model characterized by efficiency and professionalism on stage. Amalia Hernández’s work was not limited to choreography, as she was also a great businesswoman and cultural promoter who, through her brilliant proposals, managed to rediscover and revalue the richness of Mexican dance. Her hard work resulted in a group with a sense of discipline, perseverance and extraordinary teamwork that became the first professional folkloric dance company. Transcendental to the history of dance in Mexico, it also created a cultural management model never seen before in the country. Amalia Hernández’s Ballet Folklórico de México has managed to garner attention for Mexican culture and creators, acquiring enormous value through creative excellence that is comparable to other great artistic creations around the world. Today, her repertoire has become a classic, but one that is renewed, transformed and enriched with the passage of time. With more than 45 million spectators and countless recognitions, Amalia Hernández’s artistic legacy remains strong among large audiences, Mexican and from around the world, thanks to more than 120 original choreographies with great technical rigor, elaborate traditional costumes and wonderful dancers. Consolidating itself as the best company in the world of its kind.","<p>For over seven decades, Amalia Hernández’s Ballet Folklórico de México has positioned itself as the most emblematic folkloric dance ensemble in Mexico and around the world. </p>","{""url"":""https://www.marcuscenter.org/wp-content/uploads/2026/07/BFM-Feature-Image-1080x1080-1.jpg"",""id"":46515,""extension"":""jpg"",""width"":1920,""height"":1920}",[],false,,,,2026-08-14 11:05:34,2026-08-14 16:05:34,false,true,,false,
2026-09-30T20:20:26Z,marcuscenter.org,https://www.marcuscenter.org/wp-json/tribe/events/v1/events,1,46939,www.marcuscenter.org?id=46939,Uncharted Conversations: Photographer Keith Ladzinksi: Forces of Nature,2027-03-09 19:30:00,2027-03-10 01:30:00,2027-03-09 19:30:00,2027-03-10 01:30:00,America/Chicago,false,true,publish,https://www.marcuscenter.org/event/photographer-keith-ladzinksi-forces-of-nature/,,,,"{""currency_symbol"":"""",""currency_code"":"""",""currency_position"":"""",""values"":[]}","[{""id"":100,""name"":""Uncharted Conversations Series"",""slug"":""uncharted-conversations-series"",""parent"":0}]","[{""name"":""Speaker"",""slug"":""speaker"",""term_group"":0,""term_taxonomy_id"":39,""taxonomy"":""post_tag"",""description"":"""",""parent"":0,""count"":10,""filter"":""raw"",""id"":39,""urls"":{""self"":""https://www.marcuscenter.org/wp-json/tribe/events/v1/tags/39"",""collection"":""https://www.marcuscenter.org/wp-json/tribe/events/v1/tags""}}]","{""id"":1978,""global_id"":""www.marcuscenter.org?id=1978"",""venue"":""Wilson Theater at Vogel Hall"",""address"":""121 E State St"",""city"":""Milwaukee"",""country"":""United States"",""province"":""Wisconsin"",""state"":""WI"",""zip"":""53202"",""url"":""https://www.marcuscenter.org/venue/wilson-theater-at-vogel-hall-mpac/"",""show_map"":false,""show_map_link"":true}","[{""id"":46924,""global_id"":""www.marcuscenter.org?id=46924"",""organizer"":""MPAC Presents: Uncharted Conversations"",""url"":""https://www.marcuscenter.org/organizer/mpac-presents-uncharted-conversations/""}]","An esteemed photographer and filmmaker, Keith is known for captivating imagery that explores the intersection of adventure, nature, and conservation. Whether dangling from ropes thousands of feet up to film first ascents in interior Antarctica, storm chasing in Tornado Alley, scaling ancient giant Redwoods, or diving with wild alligators in the Florida Everglades, he always goes to the extreme to capture the moment and share it with us. This show is part of the 2026/27 Uncharted Conversations Series powered by ATC. Explore the full series here! Keith Ladzinksi Bio Keith Ladzinski's journey as a National Geographic Photographer and Emmy-nominated director began in the spring of 1995 when he ventured to a Pawn Shop to use his earnings from a summer of mowing lawns to buy a second hand camera. This seemingly modest acquisition sparked a creative awakening in him, reshaping his perspective with newfound imagination and potential. Initially drawn to capturing the untamed beauty of Colorado's wilderness and his fellow skateboarding friends, Keith quickly began harboring dreams of pursuing photography professionally. Yet it wasn’t until 2003 that the real journey would begin. While rock climbing in Aspen, Colorado, Keith sustained a ground fall that resulted in a broken neck, and a long list of catastrophic injuries, an accident that nearly took his life. But this brush with mortality didn't deter him. It became a defining moment. Within six months, he was back at the cliffs, with a camera in hand and a newly defined objective, to document. Over the preceding decades, climbing expeditions would take him across the seven continents multiple times over, and through his lens, Keith would capture the feats of the world's most elite rock climbers for esteemed publications like the Washington Post, New York Times, and National Geographic.","<p>An esteemed photographer and filmmaker, Keith is known for captivating imagery that explores the intersection of adventure, nature, and conservation.</p>","{""url"":""https://www.marcuscenter.org/wp-content/uploads/2026/06/Forces-of-Nature-1080x1080-1.jpg"",""id"":46260,""extension"":""jpg"",""width"":1080,""height"":1080}",[],false,,,,2026-09-14 16:58:47,2026-09-14 21:58:47,false,true,,false,
2026-09-30T20:20:26Z,marcuscenter.org,https://www.marcuscenter.org/wp-json/tribe/events/v1/events,1,45569,www.marcuscenter.org?id=45569,Disney’s Beauty and The Beast,2027-03-16 00:00:00,2027-03-16 05:00:00,2027-03-21 23:59:59,2027-03-22 04:59:59,America/Chicago,true,true,publish,https://www.marcuscenter.org/event/disneys-beauty-and-the-beast/,,,,"{""currency_symbol"":"""",""currency_code"":"""",""currency_position"":"""",""values"":[]}","[{""id"":91,""name"":""26-27 Broadway Series"",""slug"":""26-27-broadway-series"",""parent"":25}]","[{""name"":""Broadway"",""slug"":""broadway"",""term_group"":0,""term_taxonomy_id"":34,""taxonomy"":""post_tag"",""description"":"""",""parent"":0,""count"":40,""filter"":""raw"",""id"":34,""urls"":{""self"":""https://www.marcuscenter.org/wp-json/tribe/events/v1/tags/34"",""collection"":""https://www.marcuscenter.org/wp-json/tribe/events/v1/tags""}},{""name"":""Theater"",""slug"":""theater"",""term_group"":0,""term_taxonomy_id"":37,""taxonomy"":""post_tag"",""description"":"""",""parent"":0,""count"":88,""filter"":""raw"",""id"":37,""urls"":{""self"":""https://www.marcuscenter.org/wp-json/tribe/events/v1/tags/37"",""collection"":""https://www.marcuscenter.org/wp-json/tribe/events/v1/tags""}}]","{""id"":33,""global_id"":""www.marcuscenter.org?id=33"",""venue"":""Uihlein Hall"",""address"":""929 N Water St"",""city"":""Milwaukee"",""country"":""United States"",""province"":""Wisconsin"",""state"":""WI"",""zip"":""53202"",""url"":""https://www.marcuscenter.org/venue/uihlein-hall-marcus-center/"",""show_map"":false,""show_map_link"":true}","[{""id"":2195,""global_id"":""www.marcuscenter.org?id=2195"",""organizer"":""Johnson Financial Group Broadway at the Marcus Center"",""url"":""https://www.marcuscenter.org/organizer/johnson-financial-group-broadway-at-the-marcus-center/""}]","Be Our Guest at BEAUTY AND THE BEAST, Disney’s first North American touring production of the beloved musical in over 25 years. This enchanting and timeless tale, filled with the romance and grandeur audiences know and love, has been brought to life like never before, with spectacular new sets and dazzling costumes. The show boasts the Oscar®-winning and Tony Award®-nominated score, including the classic songs “Be Our Guest” and “Beauty and the Beast.” Reuniting to create this new production are members of the original Tony Award®-winning artistic team, including composer Alan Menken, lyricist Tim Rice, book writer Linda Woolverton, with direction and choreography by Matt West, scenic design by Stanley A. Meyer, costume design by Ann Hould-Ward and lighting design by Natasha Katz. BEAUTY AND THE BEAST is the beloved musical that will fill your heart with joy and Disney magic. All Show Dates Tuesday, March 16, 2027 @ 7:30 PM Wednesday, March 17, 2027 @ 7:30 PM Thursday, March 18, 2027 @ 7:30 PM Friday, March 19, 2027 @ 7:30 PM Saturday, March 20, 2027 @ 2:00 PM (sign-interpreted) Saturday, March 20, 2027 @ 7:30 PM Sunday, March 21, 2027 @ 1:00 PM Sunday, March 21, 2027 @ 6:30 PM",,"{""url"":""https://www.marcuscenter.org/wp-content/uploads/2026/02/Beauty-and-The-Beast-1080x0180-1.jpeg"",""id"":45760,""extension"":""jpeg"",""width"":1080,""height"":1080}",[],false,,,,2026-03-04 18:45:24,2026-03-05 00:45:24,false,true,,false,
2026-09-30T20:20:26Z,marcuscenter.org,https://www.marcuscenter.org/wp-json/tribe/events/v1/events,1,45561,www.marcuscenter.org?id=45561,Waitress,2027-04-06 00:00:00,2027-04-06 05:00:00,2027-04-07 23:59:59,2027-04-08 04:59:59,America/Chicago,true,true,publish,https://www.marcuscenter.org/event/waitress/,,,,"{""currency_symbol"":"""",""currency_code"":"""",""currency_position"":"""",""values"":[]}","[{""id"":91,""name"":""26-27 Broadway Series"",""slug"":""26-27-broadway-series"",""parent"":25}]","[{""name"":""Broadway"",""slug"":""broadway"",""term_group"":0,""term_taxonomy_id"":34,""taxonomy"":""post_tag"",""description"":"""",""parent"":0,""count"":40,""filter"":""raw"",""id"":34,""urls"":{""self"":""https://www.marcuscenter.org/wp-json/tribe/events/v1/tags/34"",""collection"":""https://www.marcuscenter.org/wp-json/tribe/events/v1/tags""}},{""name"":""Theater"",""slug"":""theater"",""term_group"":0,""term_taxonomy_id"":37,""taxonomy"":""post_tag"",""description"":"""",""parent"":0,""count"":88,""filter"":""raw"",""id"":37,""urls"":{""self"":""https://www.marcuscenter.org/wp-json/tribe/events/v1/tags/37"",""collection"":""https://www.marcuscenter.org/wp-json/tribe/events/v1/tags""}}]","{""id"":33,""global_id"":""www.marcuscenter.org?id=33"",""venue"":""Uihlein Hall"",""address"":""929 N Water St"",""city"":""Milwaukee"",""country"":""United States"",""province"":""Wisconsin"",""state"":""WI"",""zip"":""53202"",""url"":""https://www.marcuscenter.org/venue/uihlein-hall-marcus-center/"",""show_map"":false,""show_map_link"":true}","[{""id"":2195,""global_id"":""www.marcuscenter.org?id=2195"",""organizer"":""Johnson Financial Group Broadway at the Marcus Center"",""url"":""https://www.marcuscenter.org/organizer/johnson-financial-group-broadway-at-the-marcus-center/""}]","Meet Jenna, a waitress and expert pie-maker who dreams of a way out of her small town and rocky marriage. Pouring her heart into her pies, she crafts desserts that mirror her topsy-turvy life such as “The Key (Lime) to Happiness Pie” and “Betrayed By My Eggs Pie.” When a baking contest in a nearby county — and a satisfying encounter with someone new — show Jenna a chance at a fresh start, she must find the courage to seize it. Change is on the menu, as long as Jenna can write her own perfectly personal recipe for happiness. Brought to life by a groundbreaking creative team, this hilarious hit Broadway musical features original music and lyrics by Grammy® Award winner Sara Bareilles (“Brave,” “Love Song”), a book by acclaimed screenwriter Jessie Nelson (I Am Sam), original choreography by Lorin Latarro (Mrs. Doubtfire, Chess) and original direction by Tony Award® winner Diane Paulus (1776, Jagged Little Pill, Pippin). “WAITRESS is a little slice of heaven!” says Entertainment Weekly, and is “sweet, sassy and passionate,” according to New York Magazine. “It’s an empowering musical of the highest order!” raves the Chicago Tribune. Don’t miss this uplifting and hilarious musical celebrating friendship, motherhood, and the magic of a well-made pie. All Show Dates Tuesday, April 6, 2027 @ 7:30 PM Wednesday, April 7, 2027 @ 7:30 PM",,"{""url"":""https://www.marcuscenter.org/wp-content/uploads/2026/02/Waitress-1080x1080-1.jpg"",""id"":45759,""extension"":""jpg"",""width"":1500,""height"":1500}",[],false,,,,2026-03-04 18:41:41,2026-03-05 00:41:41,false,true,,false,
2026-09-30T20:20:26Z,marcuscenter.org,https://www.marcuscenter.org/wp-json/tribe/events/v1/events,1,46174,www.marcuscenter.org?id=46174,Thee Phantom & The Illharmonic Orchestra,2027-04-10 19:30:00,2027-04-11 00:30:00,2027-04-10 19:30:00,2027-04-11 00:30:00,America/Chicago,false,true,publish,https://www.marcuscenter.org/event/thee-phantom-the-illharmonic-orchestra/,,,,"{""currency_symbol"":"""",""currency_code"":"""",""currency_position"":"""",""values"":[]}","[{""id"":94,""name"":""26-27 Build Your Own Series"",""slug"":""26-27-build-your-own-series"",""parent"":28},{""id"":79,""name"":""Culture Collective"",""slug"":""culture-collective"",""parent"":51},{""id"":51,""name"":""MPAC Presents"",""slug"":""mpac-presents"",""parent"":0}]","[{""name"":""Concert"",""slug"":""concert"",""term_group"":0,""term_taxonomy_id"":40,""taxonomy"":""post_tag"",""description"":"""",""parent"":0,""count"":71,""filter"":""raw"",""id"":40,""urls"":{""self"":""https://www.marcuscenter.org/wp-json/tribe/events/v1/tags/40"",""collection"":""https://www.marcuscenter.org/wp-json/tribe/events/v1/tags""}}]","{""id"":33,""global_id"":""www.marcuscenter.org?id=33"",""venue"":""Uihlein Hall"",""address"":""929 N Water St"",""city"":""Milwaukee"",""country"":""United States"",""province"":""Wisconsin"",""state"":""WI"",""zip"":""53202"",""url"":""https://www.marcuscenter.org/venue/uihlein-hall-marcus-center/"",""show_map"":false,""show_map_link"":true}","[{""id"":46526,""global_id"":""www.marcuscenter.org?id=46526"",""organizer"":""MPAC Presents Culture Collective"",""url"":""https://www.marcuscenter.org/organizer/mpac-presents-culture-collective/""}]","IMPORTANT NOTICE: Due to Unforeseen Circumstances, Thee Phantom and the Illharmonic Orchestra originally scheduled for this Sunday, August 30th at the Marcus Performing Arts Center has been rescheduled. The new date will be Saturday, April 10, 2027 at 7:30pm. When was the last time you witnessed; strings, horns and piano at a Hip-Hop concert? Add to that, a party-rocking DJ, a soul-stirring female vocalist and a fire-breathing MC and that is still but a fraction of what you’ll see when you catch Thee Phantom & The Illharmonic Orchestra in action! Combining the raw energy and passion of Hip-Hop, with the beautiful sounds of orchestral accompaniment, The Illharmonic is just the 3rd Hip-Hop group to headline their own performance at the famed Carnegie Hall. The ensemble will be making their Milwaukee debut on August 30th!","<p>Combining the raw energy and passion of Hip-Hop, with the beautiful sounds of orchestral accompaniment, The Illharmonic is just the 3rd Hip-Hop group to headline their own performance at the famed Carnegie Hall.</p>","{""url"":""https://www.marcuscenter.org/wp-content/uploads/2026/05/Illharmonic-1080x1080-1.jpg"",""id"":46175,""extension"":""jpg"",""width"":1080,""height"":1080}",[],false,,,,2026-08-25 15:01:30,2026-08-25 20:01:30,false,true,,false,
2026-09-30T20:20:26Z,marcuscenter.org,https://www.marcuscenter.org/wp-json/tribe/events/v1/events,1,46668,www.marcuscenter.org?id=46668,A Midsummer Night’s Dream,2027-04-23 00:00:00,2027-04-23 05:00:00,2027-05-02 23:59:59,2027-05-03 04:59:59,America/Chicago,true,true,publish,https://www.marcuscenter.org/event/a-midsummer-nights-dream/,,,,"{""currency_symbol"":"""",""currency_code"":"""",""currency_position"":"""",""values"":[]}","[{""id"":29,""name"":""Milwaukee Ballet"",""slug"":""milwaukee-ballet"",""parent"":0}]","[{""name"":""ballet"",""slug"":""ballet"",""term_group"":0,""term_taxonomy_id"":98,""taxonomy"":""post_tag"",""description"":"""",""parent"":0,""count"":3,""filter"":""raw"",""id"":98,""urls"":{""self"":""https://www.marcuscenter.org/wp-json/tribe/events/v1/tags/98"",""collection"":""https://www.marcuscenter.org/wp-json/tribe/events/v1/tags""}},{""name"":""Dance"",""slug"":""dance"",""term_group"":0,""term_taxonomy_id"":35,""taxonomy"":""post_tag"",""description"":"""",""parent"":0,""count"":39,""filter"":""raw"",""id"":35,""urls"":{""self"":""https://www.marcuscenter.org/wp-json/tribe/events/v1/tags/35"",""collection"":""https://www.marcuscenter.org/wp-json/tribe/events/v1/tags""}}]","{""id"":33,""global_id"":""www.marcuscenter.org?id=33"",""venue"":""Uihlein Hall"",""address"":""929 N Water St"",""city"":""Milwaukee"",""country"":""United States"",""province"":""Wisconsin"",""state"":""WI"",""zip"":""53202"",""url"":""https://www.marcuscenter.org/venue/uihlein-hall-marcus-center/"",""show_map"":false,""show_map_link"":true}","[{""id"":2197,""global_id"":""www.marcuscenter.org?id=2197"",""organizer"":""Milwaukee Ballet Presents"",""url"":""https://www.marcuscenter.org/organizer/milwaukee-ballet-presents/""}]","Escape into a world of fairies, magic, and mischief in Bruce Wells’ A Midsummer Night’s Dream, based on Shakespeare’s popular comedy. The impish sprite, Puck, stirs up trouble with a magic potion, leading to chaos of tangled romances and confused identities that will entertain the whole family. Featuring students from Milwaukee Ballet School & Academy All Show Dates Friday, April 23, 2027 – 7:30 PM Saturday, April 24, 2027 – 2:00 PM Saturday, April 24, 2027 – 7:30 PM Sunday, April 25, 2027 – 2:00 PM Friday, April 30, 2027 – 7:30 PM Saturday, May 1, 2027 – 2:00 PM Saturday, May 1, 2027 – 7:30 PM Sunday, May 2, 2027 – 2:00 PM",,"{""url"":""https://www.marcuscenter.org/wp-content/uploads/2026/08/MPAC-Show-Thumbnail-Midsummer.jpg"",""id"":46669,""extension"":""jpg"",""width"":400,""height"":400}",[],false,,,,2026-08-10 17:27:47,2026-08-10 22:27:47,false,true,,false,
2026-09-30T20:20:26Z,marcuscenter.org,https://www.marcuscenter.org/wp-json/tribe/events/v1/events,1,46049,www.marcuscenter.org?id=46049,Florentine Opera: The Magic Flute,2027-05-14 00:00:00,2027-05-14 05:00:00,2027-05-16 23:59:59,2027-05-17 04:59:59,America/Chicago,true,true,publish,https://www.marcuscenter.org/event/florentine-opera-the-magic-flute/,,,,"{""currency_symbol"":"""",""currency_code"":"""",""currency_position"":"""",""values"":[]}","[{""id"":30,""name"":""Florentine Opera"",""slug"":""florentine-opera"",""parent"":0}]","[{""name"":""Opera"",""slug"":""opera"",""term_group"":0,""term_taxonomy_id"":38,""taxonomy"":""post_tag"",""description"":"""",""parent"":0,""count"":13,""filter"":""raw"",""id"":38,""urls"":{""self"":""https://www.marcuscenter.org/wp-json/tribe/events/v1/tags/38"",""collection"":""https://www.marcuscenter.org/wp-json/tribe/events/v1/tags""}}]","{""id"":33,""global_id"":""www.marcuscenter.org?id=33"",""venue"":""Uihlein Hall"",""address"":""929 N Water St"",""city"":""Milwaukee"",""country"":""United States"",""province"":""Wisconsin"",""state"":""WI"",""zip"":""53202"",""url"":""https://www.marcuscenter.org/venue/uihlein-hall-marcus-center/"",""show_map"":false,""show_map_link"":true}","[{""id"":2198,""global_id"":""www.marcuscenter.org?id=2198"",""organizer"":""Florentine Opera Presents"",""url"":""https://www.marcuscenter.org/organizer/florentine-opera-presents/""}]","Prince Tamino sets out to rescue Princess Pamina from the formidable Queen of the Night (yes, her mother), armed with a magical flute and an anxious companion, Papageno. What begins as a straightforward mission quickly opens into a world of rigid traditions, obscure rules, and trials that test far more than bravery. This is not just Tamino’s journey. Pamina faces the same ordeals, makes the same choices, and proves herself every bit his equal. Inspired by classic epic fantasy in the spirit of The Wheel of Time, Mozart’s The Magic Flute is a fantastical and occasionally heart-stopping adventure, where the world is strange, the path is uncertain, and—against all odds—love still wins. Bonus Content Pre Opera Talk: Featuring head of music and education and community engagement manager- May 14, 2027 at 6:30pm & May 16, 2027 at 2:30pm",,"{""url"":""https://www.marcuscenter.org/wp-content/uploads/2026/05/TheMagicFlute-400x400-1.jpg"",""id"":46050,""extension"":""jpg"",""width"":400,""height"":400}",[],false,,,,2026-09-17 09:36:54,2026-09-17 14:36:54,false,true,,false,
2026-09-30T20:20:26Z,marcuscenter.org,https://www.marcuscenter.org/wp-json/tribe/events/v1/events,1,46496,www.marcuscenter.org?id=46496,Dirty Dozen Brass Band,2027-05-21 19:30:00,2027-05-22 00:30:00,2027-05-21 19:30:00,2027-05-22 00:30:00,America/Chicago,false,true,publish,https://www.marcuscenter.org/event/dirty-dozen-brass-band/,,,,"{""currency_symbol"":"""",""currency_code"":"""",""currency_position"":"""",""values"":[]}","[{""id"":94,""name"":""26-27 Build Your Own Series"",""slug"":""26-27-build-your-own-series"",""parent"":28},{""id"":79,""name"":""Culture Collective"",""slug"":""culture-collective"",""parent"":51}]","[{""name"":""Concert"",""slug"":""concert"",""term_group"":0,""term_taxonomy_id"":40,""taxonomy"":""post_tag"",""description"":"""",""parent"":0,""count"":71,""filter"":""raw"",""id"":40,""urls"":{""self"":""https://www.marcuscenter.org/wp-json/tribe/events/v1/tags/40"",""collection"":""https://www.marcuscenter.org/wp-json/tribe/events/v1/tags""}}]","{""id"":33,""global_id"":""www.marcuscenter.org?id=33"",""venue"":""Uihlein Hall"",""address"":""929 N Water St"",""city"":""Milwaukee"",""country"":""United States"",""province"":""Wisconsin"",""state"":""WI"",""zip"":""53202"",""url"":""https://www.marcuscenter.org/venue/uihlein-hall-marcus-center/"",""show_map"":false,""show_map_link"":true}","[{""id"":46526,""global_id"":""www.marcuscenter.org?id=46526"",""organizer"":""MPAC Presents Culture Collective"",""url"":""https://www.marcuscenter.org/organizer/mpac-presents-culture-collective/""}]","Celebrating over 45 years since their founding in 1977, the GRAMMY Award-winning New Orleans-based Dirty Dozen Brass Band has taken the traditional foundation of brass band music and incorporated it into a blend of genres, including bebop jazz, funk, and R&B/soul. This unique sound, described by the band as a “musical gumbo”, has allowed the Dirty Dozen to tour across five continents and more than thirty countries, record twelve studio albums, and collaborate with a range of artists from Modest Mouse to Widespread Panic to Norah Jones. Forty-five plus years later, the Dirty Dozen Brass Band is a world-famous music machine whose name is synonymous with genre-bending romps and high-octane performances. The History of The Dirty Dozen Brass Band In 1977, The Dirty Dozen Social Aid and Pleasure Club in New Orleans began showcasing a traditional Crescent City brass band. It was a joining of two proud, but antiquated, traditions at the time: social aid and pleasure clubs dated back over a century to a time when black southerners could rarely afford life insurance, and the clubs would provide proper funeral arrangements. Brass bands, early predecessors of jazz as we know it, would often follow the funeral procession playing somber dirges, then once the family of the deceased was out of earshot, burst into jubilant dance tunes as casual onlookers danced in the streets. By the late '70s, few of either existed. The Dirty Dozen Social Aid and Pleasure Club decided to assemble this group as a house band, and over the course of these early gigs, the seven-member ensemble adopted the venue's name: The Dirty Dozen Brass Band","<p>Celebrating over 45 years since their founding in 1977, the GRAMMY Award-winning New Orleans-based Dirty Dozen Brass Band has taken the traditional foundation of brass band music and incorporated it into a blend of genres.</p>","{""url"":""https://www.marcuscenter.org/wp-content/uploads/2026/07/DDBB-1080x1080-1.jpg"",""id"":46497,""extension"":""jpg"",""width"":1080,""height"":1080}",[],false,,,,2026-09-03 13:06:41,2026-09-03 18:06:41,false,false,,false,
2026-09-30T20:20:26Z,marcuscenter.org,https://www.marcuscenter.org/wp-json/tribe/events/v1/events,1,45567,www.marcuscenter.org?id=45567,The Bodyguard,2027-06-08 00:00:00,2027-06-08 05:00:00,2027-06-13 23:59:59,2027-06-14 04:59:59,America/Chicago,true,true,publish,https://www.marcuscenter.org/event/the-bodyguard/,,,,"{""currency_symbol"":"""",""currency_code"":"""",""currency_position"":"""",""values"":[]}","[{""id"":91,""name"":""26-27 Broadway Series"",""slug"":""26-27-broadway-series"",""parent"":25}]","[{""name"":""Broadway"",""slug"":""broadway"",""term_group"":0,""term_taxonomy_id"":34,""taxonomy"":""post_tag"",""description"":"""",""parent"":0,""count"":40,""filter"":""raw"",""id"":34,""urls"":{""self"":""https://www.marcuscenter.org/wp-json/tribe/events/v1/tags/34"",""collection"":""https://www.marcuscenter.org/wp-json/tribe/events/v1/tags""}},{""name"":""Theater"",""slug"":""theater"",""term_group"":0,""term_taxonomy_id"":37,""taxonomy"":""post_tag"",""description"":"""",""parent"":0,""count"":88,""filter"":""raw"",""id"":37,""urls"":{""self"":""https://www.marcuscenter.org/wp-json/tribe/events/v1/tags/37"",""collection"":""https://www.marcuscenter.org/wp-json/tribe/events/v1/tags""}}]","{""id"":33,""global_id"":""www.marcuscenter.org?id=33"",""venue"":""Uihlein Hall"",""address"":""929 N Water St"",""city"":""Milwaukee"",""country"":""United States"",""province"":""Wisconsin"",""state"":""WI"",""zip"":""53202"",""url"":""https://www.marcuscenter.org/venue/uihlein-hall-marcus-center/"",""show_map"":false,""show_map_link"":true}","[{""id"":2195,""global_id"":""www.marcuscenter.org?id=2195"",""organizer"":""Johnson Financial Group Broadway at the Marcus Center"",""url"":""https://www.marcuscenter.org/organizer/johnson-financial-group-broadway-at-the-marcus-center/""}]","THE INTERNATIONAL, AWARD-WINNING SMASH-HIT MUSICAL THE BODYGUARD IS BACK! Based on the 1992 film starring Whitney Houston and Kevin Costner, THE BODYGUARD is a thrilling, romantic musical that combines high-stakes suspense with unforgettable music. Former Secret Service agent turned bodyguard, Frank Farmer, is hired to protect superstar Rachel Marron from an unknown stalker. Both expect to be in charge of their situation – what they don’t expect is to fall in love. A “BRILLIANT” (The Times), breathtakingly romantic thriller, THE BODYGUARD features a whole host of unforgettable classics including “Queen of the Night,” “So Emotional,” “I Wanna Dance with Somebody,” “Saving All My Love,” and “One Moment in Time”, alongside thrilling plot twists and emotional drama. THE BODYGUARD is an electrifying combination of romance, suspense and chart-topping music that will captivate audiences from start to finish. All Show Dates Tuesday, June 8, 2027 @ 7:30 PM Wednesday, June 9, 2027 @ 7:30 PM Thursday, June 10, 2027 @ 7:30 PM Friday, June 11, 2027 @ 7:30 PM Saturday, June 12, 2027 @ 2:00 PM Saturday, June 12, 2027 @ 7:30 PM Sunday, June 13, 2027 @ 1:00 PM Sunday, June 13, 2027 @ 6:30 PM",,"{""url"":""https://www.marcuscenter.org/wp-content/uploads/2026/02/Bodyguard-1080x1080-1.jpg"",""id"":45758,""extension"":""jpg"",""width"":1920,""height"":1920}",[],false,,,,2026-09-10 13:58:41,2026-09-10 18:58:41,false,true,,false,
2026-09-30T20:20:26Z,marcuscenter.org,https://www.marcuscenter.org/wp-json/tribe/events/v1/events,1,45715,www.marcuscenter.org?id=45715,Beetlejuice,2027-06-22 00:00:00,2027-06-22 05:00:00,2027-06-24 23:59:59,2027-06-25 04:59:59,America/Chicago,true,true,publish,https://www.marcuscenter.org/event/beetlejuice-2/,,,,"{""currency_symbol"":"""",""currency_code"":"""",""currency_position"":"""",""values"":[]}","[{""id"":91,""name"":""26-27 Broadway Series"",""slug"":""26-27-broadway-series"",""parent"":25}]","[{""name"":""Broadway"",""slug"":""broadway"",""term_group"":0,""term_taxonomy_id"":34,""taxonomy"":""post_tag"",""description"":"""",""parent"":0,""count"":40,""filter"":""raw"",""id"":34,""urls"":{""self"":""https://www.marcuscenter.org/wp-json/tribe/events/v1/tags/34"",""collection"":""https://www.marcuscenter.org/wp-json/tribe/events/v1/tags""}},{""name"":""Theater"",""slug"":""theater"",""term_group"":0,""term_taxonomy_id"":37,""taxonomy"":""post_tag"",""description"":"""",""parent"":0,""count"":88,""filter"":""raw"",""id"":37,""urls"":{""self"":""https://www.marcuscenter.org/wp-json/tribe/events/v1/tags/37"",""collection"":""https://www.marcuscenter.org/wp-json/tribe/events/v1/tags""}}]","{""id"":33,""global_id"":""www.marcuscenter.org?id=33"",""venue"":""Uihlein Hall"",""address"":""929 N Water St"",""city"":""Milwaukee"",""country"":""United States"",""province"":""Wisconsin"",""state"":""WI"",""zip"":""53202"",""url"":""https://www.marcuscenter.org/venue/uihlein-hall-marcus-center/"",""show_map"":false,""show_map_link"":true}","[{""id"":2195,""global_id"":""www.marcuscenter.org?id=2195"",""organizer"":""Johnson Financial Group Broadway at the Marcus Center"",""url"":""https://www.marcuscenter.org/organizer/johnson-financial-group-broadway-at-the-marcus-center/""}]","It’s showtime! Based on Tim Burton’s dearly beloved film, this hilarious musical tells the story of Lydia Deetz, a strange and unusual teenager whose whole life changes when she meets a recently deceased couple and a demon with a thing for stripes. With an irreverent book and a score that’s out of this Netherworld, BEETLEJUICE is “SCREAMINGLY GOOD FUN!” (Variety). And under its uproarious surface (six feet under, to be exact), it’s a remarkably touching show about family, love, and making the most of every Day-O! All Show Dates Tuesday, June 22nd @ 7:30 PM Wednesday, June 23rd @ 7:30 PM Thursday, June 24 @ 7:30 PM",,"{""url"":""https://www.marcuscenter.org/wp-content/uploads/2026/03/BTL-KeyArt-8x8_Stacked_Logo_RGB_HANDOFF-1.jpg"",""id"":45757,""extension"":""jpg"",""width"":1920,""height"":1920}",[],false,,,,2026-03-04 18:39:44,2026-03-05 00:39:44,false,true,,false,
2026-09-30T20:20:26Z,marcuscenter.org,https://www.marcuscenter.org/wp-json/tribe/events/v1/events,1,45589,www.marcuscenter.org?id=45589,Alicia Keys’ Hell’s Kitchen,2027-07-20 00:00:00,2027-07-20 05:00:00,2027-07-25 23:59:59,2027-07-26 04:59:59,America/Chicago,true,true,publish,https://www.marcuscenter.org/event/alicia-keys-hells-kitchen/,,,,"{""currency_symbol"":"""",""currency_code"":"""",""currency_position"":"""",""values"":[]}","[{""id"":91,""name"":""26-27 Broadway Series"",""slug"":""26-27-broadway-series"",""parent"":25}]","[{""name"":""Broadway"",""slug"":""broadway"",""term_group"":0,""term_taxonomy_id"":34,""taxonomy"":""post_tag"",""description"":"""",""parent"":0,""count"":40,""filter"":""raw"",""id"":34,""urls"":{""self"":""https://www.marcuscenter.org/wp-json/tribe/events/v1/tags/34"",""collection"":""https://www.marcuscenter.org/wp-json/tribe/events/v1/tags""}},{""name"":""Theater"",""slug"":""theater"",""term_group"":0,""term_taxonomy_id"":37,""taxonomy"":""post_tag"",""description"":"""",""parent"":0,""count"":88,""filter"":""raw"",""id"":37,""urls"":{""self"":""https://www.marcuscenter.org/wp-json/tribe/events/v1/tags/37"",""collection"":""https://www.marcuscenter.org/wp-json/tribe/events/v1/tags""}}]","{""id"":33,""global_id"":""www.marcuscenter.org?id=33"",""venue"":""Uihlein Hall"",""address"":""929 N Water St"",""city"":""Milwaukee"",""country"":""United States"",""province"":""Wisconsin"",""state"":""WI"",""zip"":""53202"",""url"":""https://www.marcuscenter.org/venue/uihlein-hall-marcus-center/"",""show_map"":false,""show_map_link"":true}","[{""id"":2195,""global_id"":""www.marcuscenter.org?id=2195"",""organizer"":""Johnson Financial Group Broadway at the Marcus Center"",""url"":""https://www.marcuscenter.org/organizer/johnson-financial-group-broadway-at-the-marcus-center/""}]","Welcome to HELL’S KITCHEN, the hit musical from 17-time Grammy® Award winning Alicia Keys—inspired by her life, her music, and her community. Your journey begins with Ali, a 17-year-old girl full of fire, searching for freedom, passion, and her place in the world. Along the way, you’ll meet the musical mentor who changes her life, her dynamic family, and the neighborhood that helps her grow. Relatable, raw, and refreshingly fun, HELL’S KITCHEN is a celebration of finding yourself, your purpose, and the people who lift you up. More than watching a performance, this experience pulls you out of your seat and has you buzzing when you leave, wondering who to tell about it first. The music—a mix of Keys’ greatest hits and new songs written exclusively for the show—is brought to life through exhilarating choreography. It’s a soundtrack of rebellion, life, and love that speaks to you no matter where you’re from, where you’ve been, or where you’re going. Hailed as a New York Times Critic’s Pick that is, “thrilling from beginning to end – a rare must-see!” HELL’S KITCHEN is directed by four-time Tony Award nominee Michael Greif (Rent, Dear Evan Hansen and The Notebook), with choreography by four-time Tony Award nominee Camille A. Brown, a book by Pulitzer Prize finalist Kristoffer Diaz, and the music of Alicia Keys. Feel the energy of this multi-award-winning musical and experience where dreams begin: HELL’S KITCHEN All Show Dates Tuesday, July 20, 2027 @ 7:30PM Wednesday, July 21, 2027 @ 7:30PM Thursday, July 22, 2027 @ 7:30PM Friday, July 23, 2027 @ 7:30PM Saturday, July 24, 2027 @ 2:00PM Saturday, July 24, 2027 @ 7:30PM Sunday, July 25, 2027 @ 1:00PM Sunday, July 25, 2027 @ 6:30PM",,"{""url"":""https://www.marcuscenter.org/wp-content/uploads/2026/02/Hells-Kitchen-1080x1080-1.jpg"",""id"":45756,""extension"":""jpg"",""width"":1874,""height"":1920}",[],false,,,,2026-03-04 18:48:27,2026-03-05 00:48:27,false,true,,false,
