schema_org_run_started_utc,schema_org_seed_host,schema_org_seed_city_id,schema_org_seed_categories,schema_org_source_url,schema_org_event_type,schema_org_city_mapping,schema_org_city_mapping_distance_miles,event_name,event_start_date,event_end_date,event_url,event_status,event_attendance_mode,event_description,event_location_json,event_offers_json,event_organizer_json,event_performer_json,event_image_json,event_keywords,event_json
2026-10-01T17:33:08Z,firsthorizonpark.com,100144,baseball stadium,https://firsthorizonpark.com/new-events/2018/1/10/sounds-vs-express,Event,mapped_seed_site,,Nashville Sounds vs. Round Rock Express — First Horizon Park,2018-01-10T16:00:00-0600,2018-01-10T17:00:00-0600,https://firsthorizonpark.com/new-events/2018/1/10/sounds-vs-express,,,,"{""name"":"""",""address"":"""",""@context"":""http://schema.org"",""@type"":""Place""}",,,,,,"{""name"":""Nashville Sounds vs. Round Rock Express — First Horizon Park"",""startDate"":""2018-01-10T16:00:00-0600"",""endDate"":""2018-01-10T17:00:00-0600"",""location"":{""name"":"""",""address"":"""",""@context"":""http://schema.org"",""@type"":""Place""},""@context"":""http://schema.org"",""@type"":""Event""}"
2026-10-01T17:33:08Z,firsthorizonpark.com,100144,baseball stadium,https://firsthorizonpark.com/new-events/2018/1/25/sounds-vs-redbirds,Event,mapped_seed_site,,Sounds vs. Redbirds — First Horizon Park,2018-01-25T16:30:00-0600,2018-01-26T17:30:00-0600,https://firsthorizonpark.com/new-events/2018/1/25/sounds-vs-redbirds,,,,"{""name"":"""",""address"":"""",""@context"":""http://schema.org"",""@type"":""Place""}",,,,,,"{""name"":""Sounds vs. Redbirds — First Horizon Park"",""startDate"":""2018-01-25T16:30:00-0600"",""endDate"":""2018-01-26T17:30:00-0600"",""location"":{""name"":"""",""address"":"""",""@context"":""http://schema.org"",""@type"":""Place""},""@context"":""http://schema.org"",""@type"":""Event""}"
2026-10-01T17:33:08Z,firsthorizonpark.com,100144,baseball stadium,https://firsthorizonpark.com/new-events/2018/2/10/nashville-sc-vs-atlanta-united,Event,mapped_seed_site,,Feb. 10 - Nashville SC vs Atlanta United FC (Pre-Season Game) — First Horizon Park,2018-02-10T15:00:00-0600,2018-02-10T17:00:00-0600,https://firsthorizonpark.com/new-events/2018/2/10/nashville-sc-vs-atlanta-united,,,,"{""name"":""First Tennessee Park"",""address"":""Junior Gilliam Way\nNashville, TN\nUnited States"",""@context"":""http://schema.org"",""@type"":""Place""}",,,,"[""http://static1.squarespace.com/static/5a568696aeb625f6111ef269/5a568c78652dea23bbb53167/5a74e40c71c10be8314a5782/1518207203912/Nashville_SC_vs_ATLUTD_Square_large.png?format=1500w""]",,"{""name"":""Feb. 10 - Nashville SC vs Atlanta United FC (Pre-Season Game) — First Horizon Park"",""startDate"":""2018-02-10T15:00:00-0600"",""endDate"":""2018-02-10T17:00:00-0600"",""image"":[""http://static1.squarespace.com/static/5a568696aeb625f6111ef269/5a568c78652dea23bbb53167/5a74e40c71c10be8314a5782/1518207203912/Nashville_SC_vs_ATLUTD_Square_large.png?format=1500w""],""location"":{""name"":""First Tennessee Park"",""address"":""Junior Gilliam Way\nNashville, TN\nUnited States"",""@context"":""http://schema.org"",""@type"":""Place""},""@context"":""http://schema.org"",""@type"":""Event""}"
2026-10-01T17:33:08Z,firsthorizonpark.com,100144,baseball stadium,https://firsthorizonpark.com/new-events/2018/3/20/vanderbilt-commodores-baseball-vs-belmont-university-bruins,Event,mapped_seed_site,,**Rescheduled** Mar. 21 - Vanderbilt Commodores Baseball vs. Belmont University Bruins — First Horizon Park,2018-03-21T18:30:00-0500,2018-03-21T20:30:00-0500,https://firsthorizonpark.com/new-events/2018/3/20/vanderbilt-commodores-baseball-vs-belmont-university-bruins,,,,"{""name"":""First Tennessee Park"",""address"":""Junior Gilliam Way\nNashville, TN\nUnited States"",""@context"":""http://schema.org"",""@type"":""Place""}",,,,"[""http://static1.squarespace.com/static/5a568696aeb625f6111ef269/5a568c78652dea23bbb53167/5a74e70bc83025b92d9c20ba/1521643089320/cut.png?format=1500w""]",,"{""name"":""**Rescheduled** Mar. 21 - Vanderbilt Commodores Baseball vs. Belmont University Bruins — First Horizon Park"",""startDate"":""2018-03-21T18:30:00-0500"",""endDate"":""2018-03-21T20:30:00-0500"",""image"":[""http://static1.squarespace.com/static/5a568696aeb625f6111ef269/5a568c78652dea23bbb53167/5a74e70bc83025b92d9c20ba/1521643089320/cut.png?format=1500w""],""location"":{""name"":""First Tennessee Park"",""address"":""Junior Gilliam Way\nNashville, TN\nUnited States"",""@context"":""http://schema.org"",""@type"":""Place""},""@context"":""http://schema.org"",""@type"":""Event""}"
2026-10-01T17:33:08Z,firsthorizonpark.com,100144,baseball stadium,https://firsthorizonpark.com/new-events/2018/3/24/sportsfest,Event,mapped_seed_site,,Mar. 24 - SportsFest pres. by 104.5 the Zone — First Horizon Park,2018-03-24T10:00:00-0500,2018-03-24T15:00:00-0500,https://firsthorizonpark.com/new-events/2018/3/24/sportsfest,,,,"{""name"":""FIrst Tennessee Park"",""address"":""Junior Gilliam Way\nNashville, TN\nUnited States"",""@context"":""http://schema.org"",""@type"":""Place""}",,,,"[""http://static1.squarespace.com/static/5a568696aeb625f6111ef269/5a568c78652dea23bbb53167/5a789bf841920240449670db/1517867864885/SportsFest+2018+654x374.png?format=1500w""]",,"{""name"":""Mar. 24 - SportsFest pres. by 104.5 the Zone — First Horizon Park"",""startDate"":""2018-03-24T10:00:00-0500"",""endDate"":""2018-03-24T15:00:00-0500"",""image"":[""http://static1.squarespace.com/static/5a568696aeb625f6111ef269/5a568c78652dea23bbb53167/5a789bf841920240449670db/1517867864885/SportsFest+2018+654x374.png?format=1500w""],""location"":{""name"":""FIrst Tennessee Park"",""address"":""Junior Gilliam Way\nNashville, TN\nUnited States"",""@context"":""http://schema.org"",""@type"":""Place""},""@context"":""http://schema.org"",""@type"":""Event""}"
2026-10-01T17:33:08Z,firsthorizonpark.com,100144,baseball stadium,https://firsthorizonpark.com/new-events/2018/2/3/mar-27-vanderbilt-commodores-baseball-vs-david-lipscomb-bisons,Event,mapped_seed_site,,Mar. 27 - Vanderbilt Commodores Baseball vs. Lipscomb Bisons — First Horizon Park,2018-03-27T18:30:00-0500,2018-03-27T19:30:00-0500,https://firsthorizonpark.com/new-events/2018/2/3/mar-27-vanderbilt-commodores-baseball-vs-david-lipscomb-bisons,,,,"{""name"":""First Tennessee Park"",""address"":""19 Junior Gilliam Way\nNashville, TN\nUnited States"",""@context"":""http://schema.org"",""@type"":""Place""}",,,,"[""http://static1.squarespace.com/static/5a568696aeb625f6111ef269/5a568c78652dea23bbb53167/5a765466f9619a31bd23f904/1518103594069/180124---Vanderbilt-Baseball-at-First-Tennessee-Park-Belmont-Bruins-Lipscomb-media.png?format=1500w""]",,"{""name"":""Mar. 27 - Vanderbilt Commodores Baseball vs. Lipscomb Bisons — First Horizon Park"",""startDate"":""2018-03-27T18:30:00-0500"",""endDate"":""2018-03-27T19:30:00-0500"",""image"":[""http://static1.squarespace.com/static/5a568696aeb625f6111ef269/5a568c78652dea23bbb53167/5a765466f9619a31bd23f904/1518103594069/180124---Vanderbilt-Baseball-at-First-Tennessee-Park-Belmont-Bruins-Lipscomb-media.png?format=1500w""],""location"":{""name"":""First Tennessee Park"",""address"":""19 Junior Gilliam Way\nNashville, TN\nUnited States"",""@context"":""http://schema.org"",""@type"":""Place""},""@context"":""http://schema.org"",""@type"":""Event""}"
2026-10-01T17:33:08Z,firsthorizonpark.com,100144,baseball stadium,https://firsthorizonpark.com/new-events/2018/4/7/nashville-sc-vs-charlotte-independence,Event,mapped_seed_site,,Apr. 7 - Nashville SC vs Charlotte Independence — First Horizon Park,2018-04-07T00:01:00-0500,2018-04-07T23:59:00-0500,https://firsthorizonpark.com/new-events/2018/4/7/nashville-sc-vs-charlotte-independence,,,,"{""name"":""First Tennessee Park"",""address"":""Junior Gilliam Way\nNashville, TN\nUnited States"",""@context"":""http://schema.org"",""@type"":""Place""}",,,,"[""http://static1.squarespace.com/static/5a568696aeb625f6111ef269/5a568c78652dea23bbb53167/5a7b612f24a6942e852d14d0/1518035352491/nashville-sc-logo.png?format=1500w""]",,"{""name"":""Apr. 7 - Nashville SC vs Charlotte Independence — First Horizon Park"",""startDate"":""2018-04-07T00:01:00-0500"",""endDate"":""2018-04-07T23:59:00-0500"",""image"":[""http://static1.squarespace.com/static/5a568696aeb625f6111ef269/5a568c78652dea23bbb53167/5a7b612f24a6942e852d14d0/1518035352491/nashville-sc-logo.png?format=1500w""],""location"":{""name"":""First Tennessee Park"",""address"":""Junior Gilliam Way\nNashville, TN\nUnited States"",""@context"":""http://schema.org"",""@type"":""Place""},""@context"":""http://schema.org"",""@type"":""Event""}"
2026-10-01T17:33:08Z,firsthorizonpark.com,100144,baseball stadium,https://firsthorizonpark.com/new-events/2018/4/10/sounds-vs-iowa,Event,mapped_seed_site,,Apr. 10 - Nashville Sounds vs Iowa Cubs — First Horizon Park,2018-04-10T18:35:00-0500,2018-04-10T21:35:00-0500,https://firsthorizonpark.com/new-events/2018/4/10/sounds-vs-iowa,,,,"{""name"":""First Tennessee Park"",""address"":""Junior Gilliam Way\nNashville, TN\nUnited States"",""@context"":""http://schema.org"",""@type"":""Place""}",,,,"[""http://static1.squarespace.com/static/5a568696aeb625f6111ef269/5a568c78652dea23bbb53167/5a7885b6419202f8d99d65b9/1520614877233/Sounds+vs+Cubs.png?format=1500w""]",,"{""name"":""Apr. 10 - Nashville Sounds vs Iowa Cubs — First Horizon Park"",""startDate"":""2018-04-10T18:35:00-0500"",""endDate"":""2018-04-10T21:35:00-0500"",""image"":[""http://static1.squarespace.com/static/5a568696aeb625f6111ef269/5a568c78652dea23bbb53167/5a7885b6419202f8d99d65b9/1520614877233/Sounds+vs+Cubs.png?format=1500w""],""location"":{""name"":""First Tennessee Park"",""address"":""Junior Gilliam Way\nNashville, TN\nUnited States"",""@context"":""http://schema.org"",""@type"":""Place""},""@context"":""http://schema.org"",""@type"":""Event""}"
2026-10-01T17:33:08Z,firsthorizonpark.com,100144,baseball stadium,https://firsthorizonpark.com/new-events/2018/4/11/sounds-vs-iowa,Event,mapped_seed_site,,Apr. 11 - Nashville Sounds vs Iowa Cubs — First Horizon Park,2018-04-11T18:35:00-0500,2018-04-11T21:35:00-0500,https://firsthorizonpark.com/new-events/2018/4/11/sounds-vs-iowa,,,,"{""name"":""First Tennessee Park"",""address"":""Junior Gilliam Way\nNashville, TN\nUnited States"",""@context"":""http://schema.org"",""@type"":""Place""}",,,,"[""http://static1.squarespace.com/static/5a568696aeb625f6111ef269/5a568c78652dea23bbb53167/5a78b06bc830256c69a51009/1520614995541/Sounds+vs+Cubs.png?format=1500w""]",,"{""name"":""Apr. 11 - Nashville Sounds vs Iowa Cubs — First Horizon Park"",""startDate"":""2018-04-11T18:35:00-0500"",""endDate"":""2018-04-11T21:35:00-0500"",""image"":[""http://static1.squarespace.com/static/5a568696aeb625f6111ef269/5a568c78652dea23bbb53167/5a78b06bc830256c69a51009/1520614995541/Sounds+vs+Cubs.png?format=1500w""],""location"":{""name"":""First Tennessee Park"",""address"":""Junior Gilliam Way\nNashville, TN\nUnited States"",""@context"":""http://schema.org"",""@type"":""Place""},""@context"":""http://schema.org"",""@type"":""Event""}"
2026-10-01T17:33:08Z,firsthorizonpark.com,100144,baseball stadium,https://firsthorizonpark.com/new-events/2018/4/12/sounds-vs-iowa,Event,mapped_seed_site,,Apr. 12 - Nashville Sounds vs Iowa Cubs — First Horizon Park,2018-04-12T18:35:00-0500,2018-04-12T21:35:00-0500,https://firsthorizonpark.com/new-events/2018/4/12/sounds-vs-iowa,,,,"{""name"":""First Tennessee Park"",""address"":""Junior Gilliam Way\nNashville, TN\nUnited States"",""@context"":""http://schema.org"",""@type"":""Place""}",,,,"[""http://static1.squarespace.com/static/5a568696aeb625f6111ef269/5a568c78652dea23bbb53167/5a78ba65419202bce0ab0406/1523491973333/Sounds+vs+Cubs.png?format=1500w""]",,"{""name"":""Apr. 12 - Nashville Sounds vs Iowa Cubs — First Horizon Park"",""startDate"":""2018-04-12T18:35:00-0500"",""endDate"":""2018-04-12T21:35:00-0500"",""image"":[""http://static1.squarespace.com/static/5a568696aeb625f6111ef269/5a568c78652dea23bbb53167/5a78ba65419202bce0ab0406/1523491973333/Sounds+vs+Cubs.png?format=1500w""],""location"":{""name"":""First Tennessee Park"",""address"":""Junior Gilliam Way\nNashville, TN\nUnited States"",""@context"":""http://schema.org"",""@type"":""Place""},""@context"":""http://schema.org"",""@type"":""Event""}"
2026-10-01T17:33:08Z,firsthorizonpark.com,100144,baseball stadium,https://firsthorizonpark.com/new-events/2018/4/13/sounds-vs-omaha,Event,mapped_seed_site,,Apr. 13 - Nashville Sounds vs Omaha Storm Chasers — First Horizon Park,2018-04-13T18:35:00-0500,2018-04-13T21:35:00-0500,https://firsthorizonpark.com/new-events/2018/4/13/sounds-vs-omaha,,,,"{""name"":""First Tennessee Park"",""address"":""Junior Gilliam Way\nNashville, TN\nUnited States"",""@context"":""http://schema.org"",""@type"":""Place""}",,,,"[""http://static1.squarespace.com/static/5a568696aeb625f6111ef269/5a568c78652dea23bbb53167/5a78bbe671c10b9caabbdf78/1523491992928/Sounds+vs+Omaha.png?format=1500w""]",,"{""name"":""Apr. 13 - Nashville Sounds vs Omaha Storm Chasers — First Horizon Park"",""startDate"":""2018-04-13T18:35:00-0500"",""endDate"":""2018-04-13T21:35:00-0500"",""image"":[""http://static1.squarespace.com/static/5a568696aeb625f6111ef269/5a568c78652dea23bbb53167/5a78bbe671c10b9caabbdf78/1523491992928/Sounds+vs+Omaha.png?format=1500w""],""location"":{""name"":""First Tennessee Park"",""address"":""Junior Gilliam Way\nNashville, TN\nUnited States"",""@context"":""http://schema.org"",""@type"":""Place""},""@context"":""http://schema.org"",""@type"":""Event""}"
2026-10-01T17:33:08Z,firsthorizonpark.com,100144,baseball stadium,https://firsthorizonpark.com/new-events/2018/4/14/sounds-vs-omaha,Event,mapped_seed_site,,Apr. 14 - Nashville Sounds vs Omaha Storm Chasers — First Horizon Park,2018-04-14T18:35:00-0500,2018-04-14T21:35:00-0500,https://firsthorizonpark.com/new-events/2018/4/14/sounds-vs-omaha,,,,"{""name"":""First Tennessee Park"",""address"":""Junior Gilliam Way\nNashville, TN\nUnited States"",""@context"":""http://schema.org"",""@type"":""Place""}",,,,"[""http://static1.squarespace.com/static/5a568696aeb625f6111ef269/5a568c78652dea23bbb53167/5a78bc4253450a8baa80a678/1523492012677/Sounds+vs+Omaha.png?format=1500w""]",,"{""name"":""Apr. 14 - Nashville Sounds vs Omaha Storm Chasers — First Horizon Park"",""startDate"":""2018-04-14T18:35:00-0500"",""endDate"":""2018-04-14T21:35:00-0500"",""image"":[""http://static1.squarespace.com/static/5a568696aeb625f6111ef269/5a568c78652dea23bbb53167/5a78bc4253450a8baa80a678/1523492012677/Sounds+vs+Omaha.png?format=1500w""],""location"":{""name"":""First Tennessee Park"",""address"":""Junior Gilliam Way\nNashville, TN\nUnited States"",""@context"":""http://schema.org"",""@type"":""Place""},""@context"":""http://schema.org"",""@type"":""Event""}"
2026-10-01T17:33:08Z,firsthorizonpark.com,100144,baseball stadium,https://firsthorizonpark.com/new-events/2018/4/15/sounds-vs-omaha,Event,mapped_seed_site,,Apr. 15 - Nashville Sounds vs Omaha Storm Chasers — First Horizon Park,2018-04-15T14:05:00-0500,2018-04-15T17:05:00-0500,https://firsthorizonpark.com/new-events/2018/4/15/sounds-vs-omaha,,,,"{""name"":""First Tennessee Park"",""address"":""Junior Gilliam Way\nNashville, TN\nUnited States"",""@context"":""http://schema.org"",""@type"":""Place""}",,,,"[""http://static1.squarespace.com/static/5a568696aeb625f6111ef269/5a568c78652dea23bbb53167/5a7b1bb4c8302558b8a2c80f/1523492033883/Sounds+vs+Omaha.png?format=1500w""]",,"{""name"":""Apr. 15 - Nashville Sounds vs Omaha Storm Chasers — First Horizon Park"",""startDate"":""2018-04-15T14:05:00-0500"",""endDate"":""2018-04-15T17:05:00-0500"",""image"":[""http://static1.squarespace.com/static/5a568696aeb625f6111ef269/5a568c78652dea23bbb53167/5a7b1bb4c8302558b8a2c80f/1523492033883/Sounds+vs+Omaha.png?format=1500w""],""location"":{""name"":""First Tennessee Park"",""address"":""Junior Gilliam Way\nNashville, TN\nUnited States"",""@context"":""http://schema.org"",""@type"":""Place""},""@context"":""http://schema.org"",""@type"":""Event""}"
2026-10-01T17:33:08Z,firsthorizonpark.com,100144,baseball stadium,https://firsthorizonpark.com/new-events/2018/4/16/sounds-vs-omaha,Event,mapped_seed_site,,Apr. 16 - Nashville Sounds vs Omaha Storm Chasers — First Horizon Park,2018-04-16T12:05:00-0500,2018-04-16T15:05:00-0500,https://firsthorizonpark.com/new-events/2018/4/16/sounds-vs-omaha,,,,"{""name"":""First Tennessee Park"",""address"":""Junior Gilliam Way\nNashville, TN\nUnited States"",""@context"":""http://schema.org"",""@type"":""Place""}",,,,"[""http://static1.squarespace.com/static/5a568696aeb625f6111ef269/5a568c78652dea23bbb53167/5a7879a70d929789ff48171f/1523492070862/Sounds+vs+Omaha.png?format=1500w""]",,"{""name"":""Apr. 16 - Nashville Sounds vs Omaha Storm Chasers — First Horizon Park"",""startDate"":""2018-04-16T12:05:00-0500"",""endDate"":""2018-04-16T15:05:00-0500"",""image"":[""http://static1.squarespace.com/static/5a568696aeb625f6111ef269/5a568c78652dea23bbb53167/5a7879a70d929789ff48171f/1523492070862/Sounds+vs+Omaha.png?format=1500w""],""location"":{""name"":""First Tennessee Park"",""address"":""Junior Gilliam Way\nNashville, TN\nUnited States"",""@context"":""http://schema.org"",""@type"":""Place""},""@context"":""http://schema.org"",""@type"":""Event""}"
2026-10-01T17:33:08Z,firsthorizonpark.com,100144,baseball stadium,https://firsthorizonpark.com/new-events/2018/4/25/sounds-vs-neworleans,Event,mapped_seed_site,,Apr. 25 - Nashville Sounds vs New Orleans Baby Cakes — First Horizon Park,2018-04-25T18:35:00-0500,2018-04-25T21:35:00-0500,https://firsthorizonpark.com/new-events/2018/4/25/sounds-vs-neworleans,,,,"{""name"":""First Tennessee Park"",""address"":""Junior Gilliam Way\nNashville, TN\nUnited States"",""@context"":""http://schema.org"",""@type"":""Place""}",,,,"[""http://static1.squarespace.com/static/5a568696aeb625f6111ef269/5a568c78652dea23bbb53167/5a78c36be4966bfa0eeac078/1520631514131/Sounds+vs+New+Orleans.png?format=1500w""]",,"{""name"":""Apr. 25 - Nashville Sounds vs New Orleans Baby Cakes — First Horizon Park"",""startDate"":""2018-04-25T18:35:00-0500"",""endDate"":""2018-04-25T21:35:00-0500"",""image"":[""http://static1.squarespace.com/static/5a568696aeb625f6111ef269/5a568c78652dea23bbb53167/5a78c36be4966bfa0eeac078/1520631514131/Sounds+vs+New+Orleans.png?format=1500w""],""location"":{""name"":""First Tennessee Park"",""address"":""Junior Gilliam Way\nNashville, TN\nUnited States"",""@context"":""http://schema.org"",""@type"":""Place""},""@context"":""http://schema.org"",""@type"":""Event""}"
2026-10-01T17:33:08Z,firsthorizonpark.com,100144,baseball stadium,https://firsthorizonpark.com/new-events/2018/4/26/sounds-vs-neworleans,Event,mapped_seed_site,,Apr. 26 - Nashville Sounds vs New Orleans Baby Cakes — First Horizon Park,2018-04-26T18:35:00-0500,2018-04-26T21:35:00-0500,https://firsthorizonpark.com/new-events/2018/4/26/sounds-vs-neworleans,,,,"{""name"":""First Tennessee Park"",""address"":""Junior Gilliam Way\nNashville, TN\nUnited States"",""@context"":""http://schema.org"",""@type"":""Place""}",,,,"[""http://static1.squarespace.com/static/5a568696aeb625f6111ef269/5a568c78652dea23bbb53167/5a78cfb59140b7a84fed9643/1520631554798/Sounds+vs+New+Orleans.png?format=1500w""]",,"{""name"":""Apr. 26 - Nashville Sounds vs New Orleans Baby Cakes — First Horizon Park"",""startDate"":""2018-04-26T18:35:00-0500"",""endDate"":""2018-04-26T21:35:00-0500"",""image"":[""http://static1.squarespace.com/static/5a568696aeb625f6111ef269/5a568c78652dea23bbb53167/5a78cfb59140b7a84fed9643/1520631554798/Sounds+vs+New+Orleans.png?format=1500w""],""location"":{""name"":""First Tennessee Park"",""address"":""Junior Gilliam Way\nNashville, TN\nUnited States"",""@context"":""http://schema.org"",""@type"":""Place""},""@context"":""http://schema.org"",""@type"":""Event""}"
2026-10-01T17:33:08Z,firsthorizonpark.com,100144,baseball stadium,https://firsthorizonpark.com/new-events/2018/4/27/sounds-vs-neworleans,Event,mapped_seed_site,,Apr. 27 - Nashville Sounds vs New Orleans Baby Cakes — First Horizon Park,2018-04-27T18:35:00-0500,2018-04-27T21:35:00-0500,https://firsthorizonpark.com/new-events/2018/4/27/sounds-vs-neworleans,,,,"{""name"":""First Tennessee Park"",""address"":""Junior Gilliam Way\nNashville, TN\nUnited States"",""@context"":""http://schema.org"",""@type"":""Place""}",,,,"[""http://static1.squarespace.com/static/5a568696aeb625f6111ef269/5a568c78652dea23bbb53167/5a78d03ce2c48387961c5cd8/1520631608990/Sounds+vs+New+Orleans.png?format=1500w""]",,"{""name"":""Apr. 27 - Nashville Sounds vs New Orleans Baby Cakes — First Horizon Park"",""startDate"":""2018-04-27T18:35:00-0500"",""endDate"":""2018-04-27T21:35:00-0500"",""image"":[""http://static1.squarespace.com/static/5a568696aeb625f6111ef269/5a568c78652dea23bbb53167/5a78d03ce2c48387961c5cd8/1520631608990/Sounds+vs+New+Orleans.png?format=1500w""],""location"":{""name"":""First Tennessee Park"",""address"":""Junior Gilliam Way\nNashville, TN\nUnited States"",""@context"":""http://schema.org"",""@type"":""Place""},""@context"":""http://schema.org"",""@type"":""Event""}"
2026-10-01T17:33:08Z,firsthorizonpark.com,100144,baseball stadium,https://firsthorizonpark.com/new-events/2018/4/28/sounds-vs-neworleans,Event,mapped_seed_site,,Apr. 28 - Nashville Sounds vs New Orleans Baby Cakes — First Horizon Park,2018-04-28T18:35:00-0500,2018-04-28T21:35:00-0500,https://firsthorizonpark.com/new-events/2018/4/28/sounds-vs-neworleans,,,,"{""name"":""First Tennessee Park"",""address"":""Junior Gilliam Way\nNashville, TN\nUnited States"",""@context"":""http://schema.org"",""@type"":""Place""}",,,,"[""http://static1.squarespace.com/static/5a568696aeb625f6111ef269/5a568c78652dea23bbb53167/5a78d0bce2c48387961c8949/1520631667234/Sounds+vs+New+Orleans.png?format=1500w""]",,"{""name"":""Apr. 28 - Nashville Sounds vs New Orleans Baby Cakes — First Horizon Park"",""startDate"":""2018-04-28T18:35:00-0500"",""endDate"":""2018-04-28T21:35:00-0500"",""image"":[""http://static1.squarespace.com/static/5a568696aeb625f6111ef269/5a568c78652dea23bbb53167/5a78d0bce2c48387961c8949/1520631667234/Sounds+vs+New+Orleans.png?format=1500w""],""location"":{""name"":""First Tennessee Park"",""address"":""Junior Gilliam Way\nNashville, TN\nUnited States"",""@context"":""http://schema.org"",""@type"":""Place""},""@context"":""http://schema.org"",""@type"":""Event""}"
2026-10-01T17:33:08Z,firsthorizonpark.com,100144,baseball stadium,https://firsthorizonpark.com/new-events/2018/4/29/sounds-vs-neworleans,Event,mapped_seed_site,,Apr. 29 - Nashville Sounds vs New Orleans Baby Cakes — First Horizon Park,2018-04-29T13:05:00-0500,2018-04-29T16:05:00-0500,https://firsthorizonpark.com/new-events/2018/4/29/sounds-vs-neworleans,,,,"{""name"":""First Tennessee Park"",""address"":""Junior Gilliam Way\nNashville, TN\nUnited States"",""@context"":""http://schema.org"",""@type"":""Place""}",,,,"[""http://static1.squarespace.com/static/5a568696aeb625f6111ef269/5a568c78652dea23bbb53167/5a78bd419140b702f0e649d6/1520631699863/Sounds+vs+New+Orleans.png?format=1500w""]",,"{""name"":""Apr. 29 - Nashville Sounds vs New Orleans Baby Cakes — First Horizon Park"",""startDate"":""2018-04-29T13:05:00-0500"",""endDate"":""2018-04-29T16:05:00-0500"",""image"":[""http://static1.squarespace.com/static/5a568696aeb625f6111ef269/5a568c78652dea23bbb53167/5a78bd419140b702f0e649d6/1520631699863/Sounds+vs+New+Orleans.png?format=1500w""],""location"":{""name"":""First Tennessee Park"",""address"":""Junior Gilliam Way\nNashville, TN\nUnited States"",""@context"":""http://schema.org"",""@type"":""Place""},""@context"":""http://schema.org"",""@type"":""Event""}"
2026-10-01T17:33:08Z,firsthorizonpark.com,100144,baseball stadium,https://firsthorizonpark.com/new-events/2018/5/4/sounds-vs-memphis,Event,mapped_seed_site,,May 4 - Nashville Sounds vs Memphis Redbirds — First Horizon Park,2018-05-04T18:35:00-0500,2018-05-04T21:35:00-0500,https://firsthorizonpark.com/new-events/2018/5/4/sounds-vs-memphis,,,,"{""name"":""First Tennessee Park"",""address"":""Junior Gilliam Way\nNashville, TN\nUnited States"",""@context"":""http://schema.org"",""@type"":""Place""}",,,,"[""http://static1.squarespace.com/static/5a568696aeb625f6111ef269/5a568c78652dea23bbb53167/5a79c2e5e2c483d0f8493a7a/1518104182891/Sounds+vs+Memphis.png?format=1500w""]",,"{""name"":""May 4 - Nashville Sounds vs Memphis Redbirds — First Horizon Park"",""startDate"":""2018-05-04T18:35:00-0500"",""endDate"":""2018-05-04T21:35:00-0500"",""image"":[""http://static1.squarespace.com/static/5a568696aeb625f6111ef269/5a568c78652dea23bbb53167/5a79c2e5e2c483d0f8493a7a/1518104182891/Sounds+vs+Memphis.png?format=1500w""],""location"":{""name"":""First Tennessee Park"",""address"":""Junior Gilliam Way\nNashville, TN\nUnited States"",""@context"":""http://schema.org"",""@type"":""Place""},""@context"":""http://schema.org"",""@type"":""Event""}"
2026-10-01T17:33:08Z,firsthorizonpark.com,100144,baseball stadium,https://firsthorizonpark.com/new-events/2018/5/10/sounds-vs-coloradosprings,Event,mapped_seed_site,,May 10 - Nashville Sounds vs Colorado Springs Sky Sox — First Horizon Park,2018-05-10T18:35:00-0500,2018-05-10T21:35:00-0500,https://firsthorizonpark.com/new-events/2018/5/10/sounds-vs-coloradosprings,,,,"{""name"":""First Tennessee Park"",""address"":""Junior Gilliam Way\nNashville, TN\nUnited States"",""@context"":""http://schema.org"",""@type"":""Place""}",,,,"[""http://static1.squarespace.com/static/5a568696aeb625f6111ef269/5a568c78652dea23bbb53167/5a79c8e4c83025d6ef147b1f/1518104252925/Sounds+vs+Colorado+Springs.png?format=1500w""]",,"{""name"":""May 10 - Nashville Sounds vs Colorado Springs Sky Sox — First Horizon Park"",""startDate"":""2018-05-10T18:35:00-0500"",""endDate"":""2018-05-10T21:35:00-0500"",""image"":[""http://static1.squarespace.com/static/5a568696aeb625f6111ef269/5a568c78652dea23bbb53167/5a79c8e4c83025d6ef147b1f/1518104252925/Sounds+vs+Colorado+Springs.png?format=1500w""],""location"":{""name"":""First Tennessee Park"",""address"":""Junior Gilliam Way\nNashville, TN\nUnited States"",""@context"":""http://schema.org"",""@type"":""Place""},""@context"":""http://schema.org"",""@type"":""Event""}"
2026-10-01T17:33:08Z,firsthorizonpark.com,100144,baseball stadium,https://firsthorizonpark.com/new-events/2018/5/11/sounds-vs-coloradosprings,Event,mapped_seed_site,,May 11 - Nashville Sounds vs Colorado Springs Sky Sox — First Horizon Park,2018-05-11T18:35:00-0500,2018-05-11T21:35:00-0500,https://firsthorizonpark.com/new-events/2018/5/11/sounds-vs-coloradosprings,,,,"{""name"":""First Tennessee Park"",""address"":""Junior Gilliam Way\nNashville, TN\nUnited States"",""@context"":""http://schema.org"",""@type"":""Place""}",,,,"[""http://static1.squarespace.com/static/5a568696aeb625f6111ef269/5a568c78652dea23bbb53167/5a79c8f924a69403a4814f5f/1518104262831/Sounds+vs+Colorado+Springs.png?format=1500w""]",,"{""name"":""May 11 - Nashville Sounds vs Colorado Springs Sky Sox — First Horizon Park"",""startDate"":""2018-05-11T18:35:00-0500"",""endDate"":""2018-05-11T21:35:00-0500"",""image"":[""http://static1.squarespace.com/static/5a568696aeb625f6111ef269/5a568c78652dea23bbb53167/5a79c8f924a69403a4814f5f/1518104262831/Sounds+vs+Colorado+Springs.png?format=1500w""],""location"":{""name"":""First Tennessee Park"",""address"":""Junior Gilliam Way\nNashville, TN\nUnited States"",""@context"":""http://schema.org"",""@type"":""Place""},""@context"":""http://schema.org"",""@type"":""Event""}"
2026-10-01T17:33:08Z,firsthorizonpark.com,100144,baseball stadium,https://firsthorizonpark.com/new-events/2018/4/7/nashville-sc-vs-charlotte-independence-7wb95,Event,mapped_seed_site,,May 13 - Nashville SC vs Louisville City FC — First Horizon Park,2018-05-13T17:00:00-0500,2018-05-13T20:00:00-0500,https://firsthorizonpark.com/new-events/2018/4/7/nashville-sc-vs-charlotte-independence-7wb95,,,,"{""name"":""First Tennessee Park"",""address"":""Junior Gilliam Way\nNashville, TN\nUnited States"",""@context"":""http://schema.org"",""@type"":""Place""}",,,,"[""http://static1.squarespace.com/static/5a568696aeb625f6111ef269/5a568c78652dea23bbb53167/5a7b615f085229a191e2fbc4/1525883749226/nashville-sc-logo.png?format=1500w""]",,"{""name"":""May 13 - Nashville SC vs Louisville City FC — First Horizon Park"",""startDate"":""2018-05-13T17:00:00-0500"",""endDate"":""2018-05-13T20:00:00-0500"",""image"":[""http://static1.squarespace.com/static/5a568696aeb625f6111ef269/5a568c78652dea23bbb53167/5a7b615f085229a191e2fbc4/1525883749226/nashville-sc-logo.png?format=1500w""],""location"":{""name"":""First Tennessee Park"",""address"":""Junior Gilliam Way\nNashville, TN\nUnited States"",""@context"":""http://schema.org"",""@type"":""Place""},""@context"":""http://schema.org"",""@type"":""Event""}"
2026-10-01T17:33:08Z,firsthorizonpark.com,100144,baseball stadium,https://firsthorizonpark.com/new-events/2018/5/19/big-guitar-brewfest-presented-by-pucketts-grocery,Event,mapped_seed_site,,Big Guitar Brewfest presented by Puckett's — First Horizon Park,2018-05-19T17:00:00-0500,2018-05-19T20:00:00-0500,https://firsthorizonpark.com/new-events/2018/5/19/big-guitar-brewfest-presented-by-pucketts-grocery,,,,"{""name"":"""",""address"":"""",""@context"":""http://schema.org"",""@type"":""Place""}",,,,"[""http://static1.squarespace.com/static/5a568696aeb625f6111ef269/5a568c78652dea23bbb53167/5aa807c753450ad3cc90e7b1/1521063657099/180313-Big-Guitar-Brewfest-First-Tennessee-Park-2018-article.png?format=1500w""]",,"{""name"":""Big Guitar Brewfest presented by Puckett's — First Horizon Park"",""startDate"":""2018-05-19T17:00:00-0500"",""endDate"":""2018-05-19T20:00:00-0500"",""image"":[""http://static1.squarespace.com/static/5a568696aeb625f6111ef269/5a568c78652dea23bbb53167/5aa807c753450ad3cc90e7b1/1521063657099/180313-Big-Guitar-Brewfest-First-Tennessee-Park-2018-article.png?format=1500w""],""location"":{""name"":"""",""address"":"""",""@context"":""http://schema.org"",""@type"":""Place""},""@context"":""http://schema.org"",""@type"":""Event""}"
2026-10-01T17:33:08Z,firsthorizonpark.com,100144,baseball stadium,https://firsthorizonpark.com/new-events/2018/5/21/sounds-vs-coloradosprings,Event,mapped_seed_site,,May 21 - Nashville Sounds vs Colorado Springs Sky Sox — First Horizon Park,2018-05-21T18:35:00-0500,2018-05-21T21:35:00-0500,https://firsthorizonpark.com/new-events/2018/5/21/sounds-vs-coloradosprings,,,,"{""name"":""First Tennessee Park"",""address"":""Junior Gilliam Way\nNashville, TN\nUnited States"",""@context"":""http://schema.org"",""@type"":""Place""}",,,,"[""http://static1.squarespace.com/static/5a568696aeb625f6111ef269/5a568c78652dea23bbb53167/5a79cd1224a6948cfd2b130a/1526587423866/Sounds+vs+Colorado+Springs.png?format=1500w""]",,"{""name"":""May 21 - Nashville Sounds vs Colorado Springs Sky Sox — First Horizon Park"",""startDate"":""2018-05-21T18:35:00-0500"",""endDate"":""2018-05-21T21:35:00-0500"",""image"":[""http://static1.squarespace.com/static/5a568696aeb625f6111ef269/5a568c78652dea23bbb53167/5a79cd1224a6948cfd2b130a/1526587423866/Sounds+vs+Colorado+Springs.png?format=1500w""],""location"":{""name"":""First Tennessee Park"",""address"":""Junior Gilliam Way\nNashville, TN\nUnited States"",""@context"":""http://schema.org"",""@type"":""Place""},""@context"":""http://schema.org"",""@type"":""Event""}"
2026-10-01T17:33:08Z,firsthorizonpark.com,100144,baseball stadium,https://firsthorizonpark.com/new-events/2018/5/22/sounds-vs-coloradosprings,Event,mapped_seed_site,,May 22 - Nashville Sounds vs Colorado Springs Sky Sox — First Horizon Park,2018-05-22T18:35:00-0500,2018-05-22T21:35:00-0500,https://firsthorizonpark.com/new-events/2018/5/22/sounds-vs-coloradosprings,,,,"{""name"":""First Tennessee Park"",""address"":""Junior Gilliam Way\nNashville, TN\nUnited States"",""@context"":""http://schema.org"",""@type"":""Place""}",,,,"[""http://static1.squarespace.com/static/5a568696aeb625f6111ef269/5a568c78652dea23bbb53167/5a79ce0bec212d1ab6d3e78a/1526587468795/Sounds+vs+Colorado+Springs.png?format=1500w""]",,"{""name"":""May 22 - Nashville Sounds vs Colorado Springs Sky Sox — First Horizon Park"",""startDate"":""2018-05-22T18:35:00-0500"",""endDate"":""2018-05-22T21:35:00-0500"",""image"":[""http://static1.squarespace.com/static/5a568696aeb625f6111ef269/5a568c78652dea23bbb53167/5a79ce0bec212d1ab6d3e78a/1526587468795/Sounds+vs+Colorado+Springs.png?format=1500w""],""location"":{""name"":""First Tennessee Park"",""address"":""Junior Gilliam Way\nNashville, TN\nUnited States"",""@context"":""http://schema.org"",""@type"":""Place""},""@context"":""http://schema.org"",""@type"":""Event""}"
2026-10-01T17:33:08Z,firsthorizonpark.com,100144,baseball stadium,https://firsthorizonpark.com/new-events/2018/5/23/sounds-vs-coloradosprings,Event,mapped_seed_site,,May 23 - Nashville Sounds vs Colorado Springs Sky Sox — First Horizon Park,2018-05-23T18:35:00-0500,2018-05-23T21:35:00-0500,https://firsthorizonpark.com/new-events/2018/5/23/sounds-vs-coloradosprings,,,,"{""name"":""First Tennessee Park"",""address"":""Junior Gilliam Way\nNashville, TN\nUnited States"",""@context"":""http://schema.org"",""@type"":""Place""}",,,,"[""http://static1.squarespace.com/static/5a568696aeb625f6111ef269/5a568c78652dea23bbb53167/5a79cf85652dea6218d681f4/1526587494636/Sounds+vs+Colorado+Springs.png?format=1500w""]",,"{""name"":""May 23 - Nashville Sounds vs Colorado Springs Sky Sox — First Horizon Park"",""startDate"":""2018-05-23T18:35:00-0500"",""endDate"":""2018-05-23T21:35:00-0500"",""image"":[""http://static1.squarespace.com/static/5a568696aeb625f6111ef269/5a568c78652dea23bbb53167/5a79cf85652dea6218d681f4/1526587494636/Sounds+vs+Colorado+Springs.png?format=1500w""],""location"":{""name"":""First Tennessee Park"",""address"":""Junior Gilliam Way\nNashville, TN\nUnited States"",""@context"":""http://schema.org"",""@type"":""Place""},""@context"":""http://schema.org"",""@type"":""Event""}"
2026-10-01T17:33:08Z,firsthorizonpark.com,100144,baseball stadium,https://firsthorizonpark.com/new-events/2018/5/24/sounds-vs-coloradosprings,Event,mapped_seed_site,,May 24 - Nashville Sounds vs Colorado Springs Sky Sox — First Horizon Park,2018-05-24T18:35:00-0500,2018-05-24T21:35:00-0500,https://firsthorizonpark.com/new-events/2018/5/24/sounds-vs-coloradosprings,,,,"{""name"":""First Tennessee Park"",""address"":""Junior Gilliam Way\nNashville, TN\nUnited States"",""@context"":""http://schema.org"",""@type"":""Place""}",,,,"[""http://static1.squarespace.com/static/5a568696aeb625f6111ef269/5a568c78652dea23bbb53167/5a79cfba71c10b127643f825/1526587517757/Sounds+vs+Colorado+Springs.png?format=1500w""]",,"{""name"":""May 24 - Nashville Sounds vs Colorado Springs Sky Sox — First Horizon Park"",""startDate"":""2018-05-24T18:35:00-0500"",""endDate"":""2018-05-24T21:35:00-0500"",""image"":[""http://static1.squarespace.com/static/5a568696aeb625f6111ef269/5a568c78652dea23bbb53167/5a79cfba71c10b127643f825/1526587517757/Sounds+vs+Colorado+Springs.png?format=1500w""],""location"":{""name"":""First Tennessee Park"",""address"":""Junior Gilliam Way\nNashville, TN\nUnited States"",""@context"":""http://schema.org"",""@type"":""Place""},""@context"":""http://schema.org"",""@type"":""Event""}"
2026-10-01T17:33:08Z,firsthorizonpark.com,100144,baseball stadium,https://firsthorizonpark.com/new-events/2018/5/25/sounds-vs-oklahomacity,Event,mapped_seed_site,,May 25 - Nashville Sounds vs Oklahoma City Dodgers — First Horizon Park,2018-05-25T18:35:00-0500,2018-05-25T21:35:00-0500,https://firsthorizonpark.com/new-events/2018/5/25/sounds-vs-oklahomacity,,,,"{""name"":""First Tennessee Park"",""address"":""Junior Gilliam Way\nNashville, TN\nUnited States"",""@context"":""http://schema.org"",""@type"":""Place""}",,,,"[""http://static1.squarespace.com/static/5a568696aeb625f6111ef269/5a568c78652dea23bbb53167/5a79d0bf0d9297e49c37c3ba/1526587683347/Sounds+vs+Oklahoma+City.png?format=1500w""]",,"{""name"":""May 25 - Nashville Sounds vs Oklahoma City Dodgers — First Horizon Park"",""startDate"":""2018-05-25T18:35:00-0500"",""endDate"":""2018-05-25T21:35:00-0500"",""image"":[""http://static1.squarespace.com/static/5a568696aeb625f6111ef269/5a568c78652dea23bbb53167/5a79d0bf0d9297e49c37c3ba/1526587683347/Sounds+vs+Oklahoma+City.png?format=1500w""],""location"":{""name"":""First Tennessee Park"",""address"":""Junior Gilliam Way\nNashville, TN\nUnited States"",""@context"":""http://schema.org"",""@type"":""Place""},""@context"":""http://schema.org"",""@type"":""Event""}"
2026-10-01T17:33:08Z,firsthorizonpark.com,100144,baseball stadium,https://firsthorizonpark.com/new-events/2018/5/26/sounds-vs-oklahomacity,Event,mapped_seed_site,,May 26 - Nashville Sounds vs Oklahoma City Dodgers — First Horizon Park,2018-05-26T18:35:00-0500,2018-05-26T21:35:00-0500,https://firsthorizonpark.com/new-events/2018/5/26/sounds-vs-oklahomacity,,,,"{""name"":""First Tennessee Park"",""address"":""Junior Gilliam Way\nNashville, TN\nUnited States"",""@context"":""http://schema.org"",""@type"":""Place""}",,,,"[""http://static1.squarespace.com/static/5a568696aeb625f6111ef269/5a568c78652dea23bbb53167/5a79d244ec212d1ab6d5341e/1526587715823/Sounds+vs+Oklahoma+City.png?format=1500w""]",,"{""name"":""May 26 - Nashville Sounds vs Oklahoma City Dodgers — First Horizon Park"",""startDate"":""2018-05-26T18:35:00-0500"",""endDate"":""2018-05-26T21:35:00-0500"",""image"":[""http://static1.squarespace.com/static/5a568696aeb625f6111ef269/5a568c78652dea23bbb53167/5a79d244ec212d1ab6d5341e/1526587715823/Sounds+vs+Oklahoma+City.png?format=1500w""],""location"":{""name"":""First Tennessee Park"",""address"":""Junior Gilliam Way\nNashville, TN\nUnited States"",""@context"":""http://schema.org"",""@type"":""Place""},""@context"":""http://schema.org"",""@type"":""Event""}"
2026-10-01T17:33:08Z,firsthorizonpark.com,100144,baseball stadium,https://firsthorizonpark.com/new-events/2018/5/27/sounds-vs-oklahomacity,Event,mapped_seed_site,,May 27 - Nashville Sounds vs Oklahoma City Dodgers — First Horizon Park,2018-05-27T18:35:00-0500,2018-05-27T21:35:00-0500,https://firsthorizonpark.com/new-events/2018/5/27/sounds-vs-oklahomacity,,,,"{""name"":""First Tennessee Park"",""address"":""Junior Gilliam Way\nNashville, TN\nUnited States"",""@context"":""http://schema.org"",""@type"":""Place""}",,,,"[""http://static1.squarespace.com/static/5a568696aeb625f6111ef269/5a568c78652dea23bbb53167/5a79d3b8c83025d6ef17d134/1526587729991/Sounds+vs+Oklahoma+City.png?format=1500w""]",,"{""name"":""May 27 - Nashville Sounds vs Oklahoma City Dodgers — First Horizon Park"",""startDate"":""2018-05-27T18:35:00-0500"",""endDate"":""2018-05-27T21:35:00-0500"",""image"":[""http://static1.squarespace.com/static/5a568696aeb625f6111ef269/5a568c78652dea23bbb53167/5a79d3b8c83025d6ef17d134/1526587729991/Sounds+vs+Oklahoma+City.png?format=1500w""],""location"":{""name"":""First Tennessee Park"",""address"":""Junior Gilliam Way\nNashville, TN\nUnited States"",""@context"":""http://schema.org"",""@type"":""Place""},""@context"":""http://schema.org"",""@type"":""Event""}"
2026-10-01T17:33:08Z,firsthorizonpark.com,100144,baseball stadium,https://firsthorizonpark.com/new-events/2018/5/28/sounds-vs-oklahomacity,Event,mapped_seed_site,,May 28 - Nashville Sounds vs Oklahoma City Dodgers — First Horizon Park,2018-05-28T12:05:00-0500,2018-05-28T15:05:00-0500,https://firsthorizonpark.com/new-events/2018/5/28/sounds-vs-oklahomacity,,,,"{""name"":""First Tennessee Park"",""address"":""Junior Gilliam Way\nNashville, TN\nUnited States"",""@context"":""http://schema.org"",""@type"":""Place""}",,,,"[""http://static1.squarespace.com/static/5a568696aeb625f6111ef269/5a568c78652dea23bbb53167/5a79d253085229ff171490f9/1526587743178/Sounds+vs+Oklahoma+City.png?format=1500w""]",,"{""name"":""May 28 - Nashville Sounds vs Oklahoma City Dodgers — First Horizon Park"",""startDate"":""2018-05-28T12:05:00-0500"",""endDate"":""2018-05-28T15:05:00-0500"",""image"":[""http://static1.squarespace.com/static/5a568696aeb625f6111ef269/5a568c78652dea23bbb53167/5a79d253085229ff171490f9/1526587743178/Sounds+vs+Oklahoma+City.png?format=1500w""],""location"":{""name"":""First Tennessee Park"",""address"":""Junior Gilliam Way\nNashville, TN\nUnited States"",""@context"":""http://schema.org"",""@type"":""Place""},""@context"":""http://schema.org"",""@type"":""Event""}"
2026-10-01T17:33:08Z,firsthorizonpark.com,100144,baseball stadium,https://firsthorizonpark.com/new-events/2018/5/29/sounds-vs-oklahomacity,Event,mapped_seed_site,,May 29 - Nashville Sounds vs Oklahoma City Dodgers — First Horizon Park,2018-05-29T18:35:00-0500,2018-05-29T21:35:00-0500,https://firsthorizonpark.com/new-events/2018/5/29/sounds-vs-oklahomacity,,,,"{""name"":""First Tennessee Park"",""address"":""Junior Gilliam Way\nNashville, TN\nUnited States"",""@context"":""http://schema.org"",""@type"":""Place""}",,,,"[""http://static1.squarespace.com/static/5a568696aeb625f6111ef269/5a568c78652dea23bbb53167/5a79d262085229ff1714955b/1526587792022/Sounds+vs+Oklahoma+City.png?format=1500w""]",,"{""name"":""May 29 - Nashville Sounds vs Oklahoma City Dodgers — First Horizon Park"",""startDate"":""2018-05-29T18:35:00-0500"",""endDate"":""2018-05-29T21:35:00-0500"",""image"":[""http://static1.squarespace.com/static/5a568696aeb625f6111ef269/5a568c78652dea23bbb53167/5a79d262085229ff1714955b/1526587792022/Sounds+vs+Oklahoma+City.png?format=1500w""],""location"":{""name"":""First Tennessee Park"",""address"":""Junior Gilliam Way\nNashville, TN\nUnited States"",""@context"":""http://schema.org"",""@type"":""Place""},""@context"":""http://schema.org"",""@type"":""Event""}"
2026-10-01T17:33:08Z,firsthorizonpark.com,100144,baseball stadium,https://firsthorizonpark.com/new-events/2018/4/7/nashville-sc-vs-charlotte-independence-7wb95-gkrtm,Event,mapped_seed_site,,Jun. 2 - Nashville SC vs Penn FC — First Horizon Park,2018-06-02T19:30:00-0500,2018-06-02T22:30:00-0500,https://firsthorizonpark.com/new-events/2018/4/7/nashville-sc-vs-charlotte-independence-7wb95-gkrtm,,,,"{""name"":""First Tennessee Park"",""address"":""Junior Gilliam Way\nNashville, TN\nUnited States"",""@context"":""http://schema.org"",""@type"":""Place""}",,,,"[""http://static1.squarespace.com/static/5a568696aeb625f6111ef269/5a568c78652dea23bbb53167/5a7b61aae4966b41e2b80aaa/1527270155593/nashville-sc-logo.png?format=1500w""]",,"{""name"":""Jun. 2 - Nashville SC vs Penn FC — First Horizon Park"",""startDate"":""2018-06-02T19:30:00-0500"",""endDate"":""2018-06-02T22:30:00-0500"",""image"":[""http://static1.squarespace.com/static/5a568696aeb625f6111ef269/5a568c78652dea23bbb53167/5a7b61aae4966b41e2b80aaa/1527270155593/nashville-sc-logo.png?format=1500w""],""location"":{""name"":""First Tennessee Park"",""address"":""Junior Gilliam Way\nNashville, TN\nUnited States"",""@context"":""http://schema.org"",""@type"":""Place""},""@context"":""http://schema.org"",""@type"":""Event""}"
2026-10-01T17:33:08Z,firsthorizonpark.com,100144,baseball stadium,https://firsthorizonpark.com/new-events/2018/4/7/nashville-sc-vs-charlotte-independence-8tks7-cyf7s,Event,mapped_seed_site,,Jun. 16 - Nashville SC vs North Carolina FC — First Horizon Park,2018-06-16T19:30:00-0500,2018-06-16T22:30:00-0500,https://firsthorizonpark.com/new-events/2018/4/7/nashville-sc-vs-charlotte-independence-8tks7-cyf7s,,,,"{""name"":""First Tennessee Park"",""address"":""Junior Gilliam Way\nNashville, TN\nUnited States"",""@context"":""http://schema.org"",""@type"":""Place""}",,,,"[""http://static1.squarespace.com/static/5a568696aeb625f6111ef269/5a568c78652dea23bbb53167/5a7b630224a6942e852db892/1528987231688/nashville-sc-logo.png?format=1500w""]",,"{""name"":""Jun. 16 - Nashville SC vs North Carolina FC — First Horizon Park"",""startDate"":""2018-06-16T19:30:00-0500"",""endDate"":""2018-06-16T22:30:00-0500"",""image"":[""http://static1.squarespace.com/static/5a568696aeb625f6111ef269/5a568c78652dea23bbb53167/5a7b630224a6942e852db892/1528987231688/nashville-sc-logo.png?format=1500w""],""location"":{""name"":""First Tennessee Park"",""address"":""Junior Gilliam Way\nNashville, TN\nUnited States"",""@context"":""http://schema.org"",""@type"":""Place""},""@context"":""http://schema.org"",""@type"":""Event""}"
2026-10-01T17:33:08Z,firsthorizonpark.com,100144,baseball stadium,https://firsthorizonpark.com/new-events/2018/4/7/nashville-sc-vs-charlotte-independence-8tks7-t9tpf,Event,mapped_seed_site,,Jun. 26 - Nashville SC vs Indy Eleven — First Horizon Park,2018-06-26T19:30:00-0500,2018-06-26T22:30:00-0500,https://firsthorizonpark.com/new-events/2018/4/7/nashville-sc-vs-charlotte-independence-8tks7-t9tpf,,,,"{""name"":""First Tennessee Park"",""address"":""Junior Gilliam Way\nNashville, TN\nUnited States"",""@context"":""http://schema.org"",""@type"":""Place""}",,,,"[""http://static1.squarespace.com/static/5a568696aeb625f6111ef269/5a568c78652dea23bbb53167/5a7b6218c830258a6af604fc/1525883853904/nashville-sc-logo.png?format=1500w""]",,"{""name"":""Jun. 26 - Nashville SC vs Indy Eleven — First Horizon Park"",""startDate"":""2018-06-26T19:30:00-0500"",""endDate"":""2018-06-26T22:30:00-0500"",""image"":[""http://static1.squarespace.com/static/5a568696aeb625f6111ef269/5a568c78652dea23bbb53167/5a7b6218c830258a6af604fc/1525883853904/nashville-sc-logo.png?format=1500w""],""location"":{""name"":""First Tennessee Park"",""address"":""Junior Gilliam Way\nNashville, TN\nUnited States"",""@context"":""http://schema.org"",""@type"":""Place""},""@context"":""http://schema.org"",""@type"":""Event""}"
2026-10-01T17:33:08Z,firsthorizonpark.com,100144,baseball stadium,https://firsthorizonpark.com/new-events/2018/4/7/nashville-sc-vs-charlotte-independence-8tks7-hnf4c,Event,mapped_seed_site,,Jun. 30 - Nashville SC vs Atlanta United FC 2 — First Horizon Park,2018-06-30T19:30:00-0500,2018-06-30T22:30:00-0500,https://firsthorizonpark.com/new-events/2018/4/7/nashville-sc-vs-charlotte-independence-8tks7-hnf4c,,,,"{""name"":""First Tennessee Park"",""address"":""Junior Gilliam Way\nNashville, TN\nUnited States"",""@context"":""http://schema.org"",""@type"":""Place""}",,,,"[""http://static1.squarespace.com/static/5a568696aeb625f6111ef269/5a568c78652dea23bbb53167/5a7b6245ec212d0b0d7e4af4/1525883882751/nashville-sc-logo.png?format=1500w""]",,"{""name"":""Jun. 30 - Nashville SC vs Atlanta United FC 2 — First Horizon Park"",""startDate"":""2018-06-30T19:30:00-0500"",""endDate"":""2018-06-30T22:30:00-0500"",""image"":[""http://static1.squarespace.com/static/5a568696aeb625f6111ef269/5a568c78652dea23bbb53167/5a7b6245ec212d0b0d7e4af4/1525883882751/nashville-sc-logo.png?format=1500w""],""location"":{""name"":""First Tennessee Park"",""address"":""Junior Gilliam Way\nNashville, TN\nUnited States"",""@context"":""http://schema.org"",""@type"":""Place""},""@context"":""http://schema.org"",""@type"":""Event""}"
2026-10-01T17:33:08Z,firsthorizonpark.com,100144,baseball stadium,https://firsthorizonpark.com/new-events/2018/4/7/nashville-sc-vs-charlotte-independence-8tks7-34knm,Event,mapped_seed_site,,Jul. 25 - Nashville SC vs Atlanta United FC 2 — First Horizon Park,2018-07-25T19:30:00-0500,2018-07-25T22:30:00-0500,https://firsthorizonpark.com/new-events/2018/4/7/nashville-sc-vs-charlotte-independence-8tks7-34knm,,,,"{""name"":""First Tennessee Park"",""address"":""Junior Gilliam Way\nNashville, TN\nUnited States"",""@context"":""http://schema.org"",""@type"":""Place""}",,,,"[""http://static1.squarespace.com/static/5a568696aeb625f6111ef269/5a568c78652dea23bbb53167/5a7b6267ec212d0b0d7e5529/1525883916642/nashville-sc-logo.png?format=1500w""]",,"{""name"":""Jul. 25 - Nashville SC vs Atlanta United FC 2 — First Horizon Park"",""startDate"":""2018-07-25T19:30:00-0500"",""endDate"":""2018-07-25T22:30:00-0500"",""image"":[""http://static1.squarespace.com/static/5a568696aeb625f6111ef269/5a568c78652dea23bbb53167/5a7b6267ec212d0b0d7e5529/1525883916642/nashville-sc-logo.png?format=1500w""],""location"":{""name"":""First Tennessee Park"",""address"":""Junior Gilliam Way\nNashville, TN\nUnited States"",""@context"":""http://schema.org"",""@type"":""Place""},""@context"":""http://schema.org"",""@type"":""Event""}"
2026-10-01T17:33:08Z,firsthorizonpark.com,100144,baseball stadium,https://firsthorizonpark.com/new-events/2018/4/7/nashville-sc-vs-charlotte-independence-8tks7-lbzwj,Event,mapped_seed_site,,Aug. 10 - Nashville SC vs Ottawa Fury FC — First Horizon Park,2018-08-10T19:30:00-0500,2018-08-10T22:30:00-0500,https://firsthorizonpark.com/new-events/2018/4/7/nashville-sc-vs-charlotte-independence-8tks7-lbzwj,,,,"{""name"":""First Tennessee Park"",""address"":""Junior Gilliam Way\nNashville, TN\nUnited States"",""@context"":""http://schema.org"",""@type"":""Place""}",,,,"[""http://static1.squarespace.com/static/5a568696aeb625f6111ef269/5a568c78652dea23bbb53167/5a7b62a153450a9b06c1244d/1525883937707/nashville-sc-logo.png?format=1500w""]",,"{""name"":""Aug. 10 - Nashville SC vs Ottawa Fury FC — First Horizon Park"",""startDate"":""2018-08-10T19:30:00-0500"",""endDate"":""2018-08-10T22:30:00-0500"",""image"":[""http://static1.squarespace.com/static/5a568696aeb625f6111ef269/5a568c78652dea23bbb53167/5a7b62a153450a9b06c1244d/1525883937707/nashville-sc-logo.png?format=1500w""],""location"":{""name"":""First Tennessee Park"",""address"":""Junior Gilliam Way\nNashville, TN\nUnited States"",""@context"":""http://schema.org"",""@type"":""Place""},""@context"":""http://schema.org"",""@type"":""Event""}"
2026-10-01T17:33:08Z,firsthorizonpark.com,100144,baseball stadium,https://firsthorizonpark.com/new-events/2018/4/7/nashville-sc-vs-charlotte-independence-8tks7,Event,mapped_seed_site,,Aug. 25 - Nashville SC vs Bethlehem Steel FC — First Horizon Park,2018-08-25T19:30:00-0500,2018-08-25T22:30:00-0500,https://firsthorizonpark.com/new-events/2018/4/7/nashville-sc-vs-charlotte-independence-8tks7,,,,"{""name"":""First Tennessee Park"",""address"":""Junior Gilliam Way\nNashville, TN\nUnited States"",""@context"":""http://schema.org"",""@type"":""Place""}",,,,"[""http://static1.squarespace.com/static/5a568696aeb625f6111ef269/5a568c78652dea23bbb53167/5a7b61dae2c483f4e36cc592/1525884009608/nashville-sc-logo.png?format=1500w""]",,"{""name"":""Aug. 25 - Nashville SC vs Bethlehem Steel FC — First Horizon Park"",""startDate"":""2018-08-25T19:30:00-0500"",""endDate"":""2018-08-25T22:30:00-0500"",""image"":[""http://static1.squarespace.com/static/5a568696aeb625f6111ef269/5a568c78652dea23bbb53167/5a7b61dae2c483f4e36cc592/1525884009608/nashville-sc-logo.png?format=1500w""],""location"":{""name"":""First Tennessee Park"",""address"":""Junior Gilliam Way\nNashville, TN\nUnited States"",""@context"":""http://schema.org"",""@type"":""Place""},""@context"":""http://schema.org"",""@type"":""Event""}"
2026-10-01T17:33:08Z,firsthorizonpark.com,100144,baseball stadium,https://firsthorizonpark.com/new-events/2018/4/7/nashville-sc-vs-charlotte-independence-8tks7-cyf7s-5227z,Event,mapped_seed_site,,Aug. 28 - Nashville SC vs Richmond Kickers — First Horizon Park,2018-08-28T19:30:00-0500,2018-08-28T22:30:00-0500,https://firsthorizonpark.com/new-events/2018/4/7/nashville-sc-vs-charlotte-independence-8tks7-cyf7s-5227z,,,,"{""name"":""First Tennessee Park"",""address"":""Junior Gilliam Way\nNashville, TN\nUnited States"",""@context"":""http://schema.org"",""@type"":""Place""}",,,,"[""http://static1.squarespace.com/static/5a568696aeb625f6111ef269/5a568c78652dea23bbb53167/5a7b632a085229a191e39eec/1525884051496/nashville-sc-logo.png?format=1500w""]",,"{""name"":""Aug. 28 - Nashville SC vs Richmond Kickers — First Horizon Park"",""startDate"":""2018-08-28T19:30:00-0500"",""endDate"":""2018-08-28T22:30:00-0500"",""image"":[""http://static1.squarespace.com/static/5a568696aeb625f6111ef269/5a568c78652dea23bbb53167/5a7b632a085229a191e39eec/1525884051496/nashville-sc-logo.png?format=1500w""],""location"":{""name"":""First Tennessee Park"",""address"":""Junior Gilliam Way\nNashville, TN\nUnited States"",""@context"":""http://schema.org"",""@type"":""Place""},""@context"":""http://schema.org"",""@type"":""Event""}"
2026-10-01T17:33:08Z,firsthorizonpark.com,100144,baseball stadium,https://firsthorizonpark.com/new-events/2018/4/7/nashville-sc-vs-charlotte-independence-8tks7-cyf7s-5227z-xhnsj,Event,mapped_seed_site,,Sep. 18 - Nashville SC vs Tampa Bay Rowdies — First Horizon Park,2018-09-18T19:30:00-0500,2018-09-18T22:30:00-0500,https://firsthorizonpark.com/new-events/2018/4/7/nashville-sc-vs-charlotte-independence-8tks7-cyf7s-5227z-xhnsj,,,,"{""name"":""First Tennessee Park"",""address"":""Junior Gilliam Way\nNashville, TN\nUnited States"",""@context"":""http://schema.org"",""@type"":""Place""}",,,,"[""http://static1.squarespace.com/static/5a568696aeb625f6111ef269/5a568c78652dea23bbb53167/5a7b6371419202b885d57911/1525884078761/nashville-sc-logo.png?format=1500w""]",,"{""name"":""Sep. 18 - Nashville SC vs Tampa Bay Rowdies — First Horizon Park"",""startDate"":""2018-09-18T19:30:00-0500"",""endDate"":""2018-09-18T22:30:00-0500"",""image"":[""http://static1.squarespace.com/static/5a568696aeb625f6111ef269/5a568c78652dea23bbb53167/5a7b6371419202b885d57911/1525884078761/nashville-sc-logo.png?format=1500w""],""location"":{""name"":""First Tennessee Park"",""address"":""Junior Gilliam Way\nNashville, TN\nUnited States"",""@context"":""http://schema.org"",""@type"":""Place""},""@context"":""http://schema.org"",""@type"":""Event""}"
2026-10-01T17:33:08Z,firsthorizonpark.com,100144,baseball stadium,https://firsthorizonpark.com/new-events/2018/4/7/nashville-sc-vs-charlotte-independence-8tks7-t9tpf-cgwcc,Event,mapped_seed_site,,Sep. 22 - Nashville SC vs Charleston Battery — First Horizon Park,2018-09-22T19:30:00-0500,2018-09-22T22:30:00-0500,https://firsthorizonpark.com/new-events/2018/4/7/nashville-sc-vs-charlotte-independence-8tks7-t9tpf-cgwcc,,,,"{""name"":""First Tennessee Park"",""address"":""Junior Gilliam Way\nNashville, TN\nUnited States"",""@context"":""http://schema.org"",""@type"":""Place""}",,,,"[""http://static1.squarespace.com/static/5a568696aeb625f6111ef269/5a568c78652dea23bbb53167/5a7b63950d9297d743c6b851/1525884101484/nashville-sc-logo.png?format=1500w""]",,"{""name"":""Sep. 22 - Nashville SC vs Charleston Battery — First Horizon Park"",""startDate"":""2018-09-22T19:30:00-0500"",""endDate"":""2018-09-22T22:30:00-0500"",""image"":[""http://static1.squarespace.com/static/5a568696aeb625f6111ef269/5a568c78652dea23bbb53167/5a7b63950d9297d743c6b851/1525884101484/nashville-sc-logo.png?format=1500w""],""location"":{""name"":""First Tennessee Park"",""address"":""Junior Gilliam Way\nNashville, TN\nUnited States"",""@context"":""http://schema.org"",""@type"":""Place""},""@context"":""http://schema.org"",""@type"":""Event""}"
2026-10-01T17:33:08Z,firsthorizonpark.com,100144,baseball stadium,https://firsthorizonpark.com/new-events/2018/4/7/nashville-sc-vs-charlotte-independence-8tks7-t9tpf-85zay,Event,mapped_seed_site,,Sep. 29 - Nashville SC vs New York Red Bulls II — First Horizon Park,2018-09-29T19:30:00-0500,2018-09-29T22:30:00-0500,https://firsthorizonpark.com/new-events/2018/4/7/nashville-sc-vs-charlotte-independence-8tks7-t9tpf-85zay,,,,"{""name"":""First Tennessee Park"",""address"":""Junior Gilliam Way\nNashville, TN\nUnited States"",""@context"":""http://schema.org"",""@type"":""Place""}",,,,"[""http://static1.squarespace.com/static/5a568696aeb625f6111ef269/5a568c78652dea23bbb53167/5a7b63b953450a9b06c18451/1525884124695/nashville-sc-logo.png?format=1500w""]",,"{""name"":""Sep. 29 - Nashville SC vs New York Red Bulls II — First Horizon Park"",""startDate"":""2018-09-29T19:30:00-0500"",""endDate"":""2018-09-29T22:30:00-0500"",""image"":[""http://static1.squarespace.com/static/5a568696aeb625f6111ef269/5a568c78652dea23bbb53167/5a7b63b953450a9b06c18451/1525884124695/nashville-sc-logo.png?format=1500w""],""location"":{""name"":""First Tennessee Park"",""address"":""Junior Gilliam Way\nNashville, TN\nUnited States"",""@context"":""http://schema.org"",""@type"":""Place""},""@context"":""http://schema.org"",""@type"":""Event""}"
2026-10-01T17:33:08Z,firsthorizonpark.com,100144,baseball stadium,https://firsthorizonpark.com/new-events/2018/4/7/nashville-sc-vs-charlotte-independence-8tks7-t9tpf-de59c,Event,mapped_seed_site,,Oct. 9 - Nashville SC vs Toronto FC II — First Horizon Park,2018-10-09T19:30:00-0500,2018-10-09T22:30:00-0500,https://firsthorizonpark.com/new-events/2018/4/7/nashville-sc-vs-charlotte-independence-8tks7-t9tpf-de59c,,,,"{""name"":""First Tennessee Park"",""address"":""Junior Gilliam Way\nNashville, TN\nUnited States"",""@context"":""http://schema.org"",""@type"":""Place""}",,,,"[""http://static1.squarespace.com/static/5a568696aeb625f6111ef269/5a568c78652dea23bbb53167/5a7b6402ec212d0b0d7ee3f1/1525884149034/nashville-sc-logo.png?format=1500w""]",,"{""name"":""Oct. 9 - Nashville SC vs Toronto FC II — First Horizon Park"",""startDate"":""2018-10-09T19:30:00-0500"",""endDate"":""2018-10-09T22:30:00-0500"",""image"":[""http://static1.squarespace.com/static/5a568696aeb625f6111ef269/5a568c78652dea23bbb53167/5a7b6402ec212d0b0d7ee3f1/1525884149034/nashville-sc-logo.png?format=1500w""],""location"":{""name"":""First Tennessee Park"",""address"":""Junior Gilliam Way\nNashville, TN\nUnited States"",""@context"":""http://schema.org"",""@type"":""Place""},""@context"":""http://schema.org"",""@type"":""Event""}"
2026-10-01T17:33:08Z,firsthorizonpark.com,100144,baseball stadium,https://firsthorizonpark.com/new-events/2018/4/7/nashville-sc-vs-charlotte-independence-8tks7-t9tpf-ysptg,Event,mapped_seed_site,,Oct. 13 - Nashville SC vs FC Cincinnati — First Horizon Park,2018-10-13T19:30:00-0500,2018-10-13T22:30:00-0500,https://firsthorizonpark.com/new-events/2018/4/7/nashville-sc-vs-charlotte-independence-8tks7-t9tpf-ysptg,,,,"{""name"":""First Tennessee Park"",""address"":""Junior Gilliam Way\nNashville, TN\nUnited States"",""@context"":""http://schema.org"",""@type"":""Place""}",,,,"[""http://static1.squarespace.com/static/5a568696aeb625f6111ef269/5a568c78652dea23bbb53167/5a7b643f71c10bb2da53233a/1525884188782/nashville-sc-logo.png?format=1500w""]",,"{""name"":""Oct. 13 - Nashville SC vs FC Cincinnati — First Horizon Park"",""startDate"":""2018-10-13T19:30:00-0500"",""endDate"":""2018-10-13T22:30:00-0500"",""image"":[""http://static1.squarespace.com/static/5a568696aeb625f6111ef269/5a568c78652dea23bbb53167/5a7b643f71c10bb2da53233a/1525884188782/nashville-sc-logo.png?format=1500w""],""location"":{""name"":""First Tennessee Park"",""address"":""Junior Gilliam Way\nNashville, TN\nUnited States"",""@context"":""http://schema.org"",""@type"":""Place""},""@context"":""http://schema.org"",""@type"":""Event""}"
2026-10-01T17:33:08Z,firsthorizonpark.com,100144,baseball stadium,https://firsthorizonpark.com/new-events/2018/11/8/nashville-sounds-remastered-unveiling-party,Event,mapped_seed_site,,Nashville Sounds Remastered: Unveiling Party — First Horizon Park,2018-11-15T18:00:00-0600,2018-11-15T20:00:00-0600,https://firsthorizonpark.com/new-events/2018/11/8/nashville-sounds-remastered-unveiling-party,,,,"{""name"":"""",""address"":"""",""@context"":""http://schema.org"",""@type"":""Place""}",,,,"[""http://static1.squarespace.com/static/5a568696aeb625f6111ef269/5a568c78652dea23bbb53167/5be4671270a6ade8e19eedde/1542222490910/300x250+Google+Remastered+Ad.png?format=1500w""]",,"{""name"":""Nashville Sounds Remastered: Unveiling Party — First Horizon Park"",""startDate"":""2018-11-15T18:00:00-0600"",""endDate"":""2018-11-15T20:00:00-0600"",""image"":[""http://static1.squarespace.com/static/5a568696aeb625f6111ef269/5a568c78652dea23bbb53167/5be4671270a6ade8e19eedde/1542222490910/300x250+Google+Remastered+Ad.png?format=1500w""],""location"":{""name"":"""",""address"":"""",""@context"":""http://schema.org"",""@type"":""Place""},""@context"":""http://schema.org"",""@type"":""Event""}"
2026-10-01T17:33:08Z,nmaam.org,100144,4bf58dd8d48988d181941735|museum,https://www.nmaam.org/event/an-evening-with-kenny-sharp-at-amplify-lounge/,Event,mapped_exact,0.000,An Evening with Kenny Sharp at Amplify Lounge,2025-06-26T08:00:00-04:00,2025-06-26T17:00:00-04:00,https://www.nmaam.org/event/an-evening-with-kenny-sharp-at-amplify-lounge/,https://schema.org/EventScheduled,https://schema.org/OfflineEventAttendanceMode,Experience Kenny Sharp&#8217;s electrifying &#8220;Brown Liquor Music&#8221; in an exclusive one-night-only transformation of NMAAM&#8217;s Amplify space—a rare preview of Nashville&#8217;s next iconic music venue. National Museum of African American Music Black [&hellip;],"{""@type"":""Place"",""name"":""NMAAM"",""description"":"""",""url"":""https://www.nmaam.org/venue/nmaam/"",""address"":{""@type"":""PostalAddress"",""streetAddress"":""510 Broadway"",""addressLocality"":""Nashville"",""addressRegion"":""TN"",""postalCode"":""37203"",""addressCountry"":""United States""},""telephone"":""615-301-8724"",""sameAs"":""https://www.nmaam.org/""}","{""@type"":""Offer"",""price"":""40"",""priceCurrency"":""USD"",""url"":""https://www.nmaam.org/event/an-evening-with-kenny-sharp-at-amplify-lounge/"",""category"":""primary"",""availability"":""inStock"",""validFrom"":""2025-05-28T00:00:00+00:00""}","{""@type"":""Person"",""name"":""NMAAM"",""description"":"""",""url"":""https://www.nmaam.org/"",""telephone"":""615-301-8724"",""email"":""inf&#111;&#64;n&#109;&#97;am&#46;o&#114;g""}",,"{""@id"":""https://www.nmaam.org/event/an-evening-with-kenny-sharp-at-amplify-lounge/#primaryimage""}",,"{""@type"":""Event"",""name"":""An Evening with Kenny Sharp at Amplify Lounge"",""description"":""Experience Kenny Sharp&#8217;s electrifying &#8220;Brown Liquor Music&#8221; in an exclusive one-night-only transformation of NMAAM&#8217;s Amplify space—a rare preview of Nashville&#8217;s next iconic music venue. National Museum of African American Music Black [&hellip;]"",""image"":{""@id"":""https://www.nmaam.org/event/an-evening-with-kenny-sharp-at-amplify-lounge/#primaryimage""},""url"":""https://www.nmaam.org/event/an-evening-with-kenny-sharp-at-amplify-lounge/"",""eventAttendanceMode"":""https://schema.org/OfflineEventAttendanceMode"",""eventStatus"":""https://schema.org/EventScheduled"",""startDate"":""2025-06-26T08:00:00-04:00"",""endDate"":""2025-06-26T17:00:00-04:00"",""location"":{""@type"":""Place"",""name"":""NMAAM"",""description"":"""",""url"":""https://www.nmaam.org/venue/nmaam/"",""address"":{""@type"":""PostalAddress"",""streetAddress"":""510 Broadway"",""addressLocality"":""Nashville"",""addressRegion"":""TN"",""postalCode"":""37203"",""addressCountry"":""United States""},""telephone"":""615-301-8724"",""sameAs"":""https://www.nmaam.org/""},""organizer"":{""@type"":""Person"",""name"":""NMAAM"",""description"":"""",""url"":""https://www.nmaam.org/"",""telephone"":""615-301-8724"",""email"":""inf&#111;&#64;n&#109;&#97;am&#46;o&#114;g""},""offers"":{""@type"":""Offer"",""price"":""40"",""priceCurrency"":""USD"",""url"":""https://www.nmaam.org/event/an-evening-with-kenny-sharp-at-amplify-lounge/"",""category"":""primary"",""availability"":""inStock"",""validFrom"":""2025-05-28T00:00:00+00:00""},""@id"":""https://www.nmaam.org/event/an-evening-with-kenny-sharp-at-amplify-lounge/#event"",""mainEntityOfPage"":{""@id"":""https://www.nmaam.org/event/an-evening-with-kenny-sharp-at-amplify-lounge/""}}"
2026-10-01T17:33:08Z,nmaam.org,100144,4bf58dd8d48988d181941735|museum,https://www.nmaam.org/event/an-afternoon-with-megan-piphus/,Event,mapped_exact,0.000,An Afternoon with Megan Piphus,2025-07-19T12:00:00-05:00,2025-07-19T14:00:00-05:00,https://www.nmaam.org/event/an-afternoon-with-megan-piphus/,https://schema.org/EventScheduled,https://schema.org/OfflineEventAttendanceMode,"Join us for a memorable afternoon with Megan Piphus—a four-time Emmy Award-winning producer, celebrated ventriloquist, and the first full-time Black woman puppeteer on Sesame Street. Megan will take the stage [&hellip;]","{""@type"":""Place"",""name"":""NMAAM"",""description"":"""",""url"":""https://www.nmaam.org/venue/nmaam/"",""address"":{""@type"":""PostalAddress"",""streetAddress"":""510 Broadway"",""addressLocality"":""Nashville"",""addressRegion"":""TN"",""postalCode"":""37203"",""addressCountry"":""United States""},""telephone"":""615-301-8724"",""sameAs"":""https://www.nmaam.org/""}","{""@type"":""Offer"",""price"":""0"",""priceCurrency"":""USD"",""url"":""https://www.nmaam.org/event/an-afternoon-with-megan-piphus/"",""category"":""primary"",""availability"":""inStock"",""validFrom"":""2025-07-08T00:00:00+00:00""}","{""@type"":""Person"",""name"":""NMAAM"",""description"":"""",""url"":""https://www.nmaam.org/"",""telephone"":""615-301-8724"",""email"":""i&#110;fo&#64;n&#109;a&#97;m&#46;&#111;rg""}",,"{""@id"":""https://www.nmaam.org/event/an-afternoon-with-megan-piphus/#primaryimage""}",,"{""@type"":""Event"",""name"":""An Afternoon with Megan Piphus"",""description"":""Join us for a memorable afternoon with Megan Piphus—a four-time Emmy Award-winning producer, celebrated ventriloquist, and the first full-time Black woman puppeteer on Sesame Street. Megan will take the stage [&hellip;]"",""image"":{""@id"":""https://www.nmaam.org/event/an-afternoon-with-megan-piphus/#primaryimage""},""url"":""https://www.nmaam.org/event/an-afternoon-with-megan-piphus/"",""eventAttendanceMode"":""https://schema.org/OfflineEventAttendanceMode"",""eventStatus"":""https://schema.org/EventScheduled"",""startDate"":""2025-07-19T12:00:00-05:00"",""endDate"":""2025-07-19T14:00:00-05:00"",""location"":{""@type"":""Place"",""name"":""NMAAM"",""description"":"""",""url"":""https://www.nmaam.org/venue/nmaam/"",""address"":{""@type"":""PostalAddress"",""streetAddress"":""510 Broadway"",""addressLocality"":""Nashville"",""addressRegion"":""TN"",""postalCode"":""37203"",""addressCountry"":""United States""},""telephone"":""615-301-8724"",""sameAs"":""https://www.nmaam.org/""},""organizer"":{""@type"":""Person"",""name"":""NMAAM"",""description"":"""",""url"":""https://www.nmaam.org/"",""telephone"":""615-301-8724"",""email"":""i&#110;fo&#64;n&#109;a&#97;m&#46;&#111;rg""},""offers"":{""@type"":""Offer"",""price"":""0"",""priceCurrency"":""USD"",""url"":""https://www.nmaam.org/event/an-afternoon-with-megan-piphus/"",""category"":""primary"",""availability"":""inStock"",""validFrom"":""2025-07-08T00:00:00+00:00""},""@id"":""https://www.nmaam.org/event/an-afternoon-with-megan-piphus/#event"",""mainEntityOfPage"":{""@id"":""https://www.nmaam.org/event/an-afternoon-with-megan-piphus/""}}"
2026-10-01T17:33:08Z,nmaam.org,100144,4bf58dd8d48988d181941735|museum,https://www.nmaam.org/event/black-on-broadway-runway-rodeo/,Event,mapped_exact,0.000,Black on Broadway: Runway Rodeo,2025-07-19T19:00:00-04:00,2025-07-19T21:00:00-04:00,https://www.nmaam.org/event/black-on-broadway-runway-rodeo/,https://schema.org/EventScheduled,https://schema.org/OfflineEventAttendanceMode,"In proud partnership with the National Museum of African American Music, The Black Fashion Week invites you to an unforgettable evening of bold celebration, where music and fashion come together. [&hellip;]","{""@type"":""Place"",""name"":""NMAAM"",""description"":"""",""url"":""https://www.nmaam.org/venue/nmaam/"",""address"":{""@type"":""PostalAddress"",""streetAddress"":""510 Broadway"",""addressLocality"":""Nashville"",""addressRegion"":""TN"",""postalCode"":""37203"",""addressCountry"":""United States""},""telephone"":""615-301-8724"",""sameAs"":""https://www.nmaam.org/""}","{""@type"":""Offer"",""price"":""30 – 100"",""priceCurrency"":""USD"",""url"":""https://www.nmaam.org/event/black-on-broadway-runway-rodeo/"",""category"":""primary"",""availability"":""inStock"",""validFrom"":""2025-07-08T00:00:00+00:00""}","{""@type"":""Person"",""name"":""NMAAM"",""description"":"""",""url"":""https://www.nmaam.org/"",""telephone"":""615-301-8724"",""email"":""i&#110;f&#111;&#64;&#110;&#109;aam.&#111;&#114;g""}",,"{""@id"":""https://www.nmaam.org/event/black-on-broadway-runway-rodeo/#primaryimage""}",,"{""@type"":""Event"",""name"":""Black on Broadway: Runway Rodeo"",""description"":""In proud partnership with the National Museum of African American Music, The Black Fashion Week invites you to an unforgettable evening of bold celebration, where music and fashion come together. [&hellip;]"",""image"":{""@id"":""https://www.nmaam.org/event/black-on-broadway-runway-rodeo/#primaryimage""},""url"":""https://www.nmaam.org/event/black-on-broadway-runway-rodeo/"",""eventAttendanceMode"":""https://schema.org/OfflineEventAttendanceMode"",""eventStatus"":""https://schema.org/EventScheduled"",""startDate"":""2025-07-19T19:00:00-04:00"",""endDate"":""2025-07-19T21:00:00-04:00"",""location"":{""@type"":""Place"",""name"":""NMAAM"",""description"":"""",""url"":""https://www.nmaam.org/venue/nmaam/"",""address"":{""@type"":""PostalAddress"",""streetAddress"":""510 Broadway"",""addressLocality"":""Nashville"",""addressRegion"":""TN"",""postalCode"":""37203"",""addressCountry"":""United States""},""telephone"":""615-301-8724"",""sameAs"":""https://www.nmaam.org/""},""organizer"":{""@type"":""Person"",""name"":""NMAAM"",""description"":"""",""url"":""https://www.nmaam.org/"",""telephone"":""615-301-8724"",""email"":""i&#110;f&#111;&#64;&#110;&#109;aam.&#111;&#114;g""},""offers"":{""@type"":""Offer"",""price"":""30 – 100"",""priceCurrency"":""USD"",""url"":""https://www.nmaam.org/event/black-on-broadway-runway-rodeo/"",""category"":""primary"",""availability"":""inStock"",""validFrom"":""2025-07-08T00:00:00+00:00""},""@id"":""https://www.nmaam.org/event/black-on-broadway-runway-rodeo/#event"",""mainEntityOfPage"":{""@id"":""https://www.nmaam.org/event/black-on-broadway-runway-rodeo/""}}"
2026-10-01T17:33:08Z,nmaam.org,100144,4bf58dd8d48988d181941735|museum,https://www.nmaam.org/event/artway-nashville/,Event,mapped_exact,0.000,ArtWay: Nashville,2025-09-27T17:00:00-05:00,2025-09-27T22:00:00-05:00,https://www.nmaam.org/event/artway-nashville/,https://schema.org/EventScheduled,https://schema.org/OfflineEventAttendanceMode,"ArtWay makes its Nashville debut at NMAAM! Experience America&#8217;s premier cultural art show featuring incredible artists, live DJ sets, and interactive art activations. This one-of-a-kind art experience includes curated craft [&hellip;]","{""@type"":""Place"",""name"":""NMAAM"",""description"":"""",""url"":""https://www.nmaam.org/venue/nmaam/"",""address"":{""@type"":""PostalAddress"",""streetAddress"":""510 Broadway"",""addressLocality"":""Nashville"",""addressRegion"":""TN"",""postalCode"":""37203"",""addressCountry"":""United States""},""telephone"":""615-301-8724"",""sameAs"":""https://www.nmaam.org/""}","{""@type"":""Offer"",""price"":""20 – 45"",""priceCurrency"":""USD"",""url"":""https://www.nmaam.org/event/artway-nashville/"",""category"":""primary"",""availability"":""inStock"",""validFrom"":""2025-09-17T00:00:00+00:00""}","{""@type"":""Person"",""name"":""NMAAM"",""description"":"""",""url"":""https://www.nmaam.org/"",""telephone"":""615-301-8724"",""email"":""i&#110;fo&#64;n&#109;a&#97;m.o&#114;&#103;""}",,"{""@id"":""https://www.nmaam.org/event/artway-nashville/#primaryimage""}",,"{""@type"":""Event"",""name"":""ArtWay: Nashville"",""description"":""ArtWay makes its Nashville debut at NMAAM! Experience America&#8217;s premier cultural art show featuring incredible artists, live DJ sets, and interactive art activations. This one-of-a-kind art experience includes curated craft [&hellip;]"",""image"":{""@id"":""https://www.nmaam.org/event/artway-nashville/#primaryimage""},""url"":""https://www.nmaam.org/event/artway-nashville/"",""eventAttendanceMode"":""https://schema.org/OfflineEventAttendanceMode"",""eventStatus"":""https://schema.org/EventScheduled"",""startDate"":""2025-09-27T17:00:00-05:00"",""endDate"":""2025-09-27T22:00:00-05:00"",""location"":{""@type"":""Place"",""name"":""NMAAM"",""description"":"""",""url"":""https://www.nmaam.org/venue/nmaam/"",""address"":{""@type"":""PostalAddress"",""streetAddress"":""510 Broadway"",""addressLocality"":""Nashville"",""addressRegion"":""TN"",""postalCode"":""37203"",""addressCountry"":""United States""},""telephone"":""615-301-8724"",""sameAs"":""https://www.nmaam.org/""},""organizer"":{""@type"":""Person"",""name"":""NMAAM"",""description"":"""",""url"":""https://www.nmaam.org/"",""telephone"":""615-301-8724"",""email"":""i&#110;fo&#64;n&#109;a&#97;m.o&#114;&#103;""},""offers"":{""@type"":""Offer"",""price"":""20 – 45"",""priceCurrency"":""USD"",""url"":""https://www.nmaam.org/event/artway-nashville/"",""category"":""primary"",""availability"":""inStock"",""validFrom"":""2025-09-17T00:00:00+00:00""},""@id"":""https://www.nmaam.org/event/artway-nashville/#event"",""mainEntityOfPage"":{""@id"":""https://www.nmaam.org/event/artway-nashville/""}}"
2026-10-01T17:33:08Z,nmaam.org,100144,4bf58dd8d48988d181941735|museum,https://www.nmaam.org/event/chrisblue/,Event,mapped_exact,0.000,Chris Blue &#038; Friends Concert,2025-12-03T17:00:00-05:00,2025-12-03T20:00:00-05:00,https://www.nmaam.org/event/chrisblue/,https://schema.org/EventScheduled,https://schema.org/OfflineEventAttendanceMode,"Celebrate the magic of the season with Chris Blue, winner of Season 12 of NBC&#8217;s The Voice and the first African American artist to win since Season 2. This special [&hellip;]","{""@type"":""Place"",""name"":""National Museum of African American Music"",""description"":"""",""url"":""https://www.nmaam.org/venue/national-museum-of-african-american-music/"",""address"":{""@type"":""PostalAddress"",""streetAddress"":""510 Broadway"",""addressLocality"":""Nashville"",""addressRegion"":""TN"",""postalCode"":""37203"",""addressCountry"":""United States""},""telephone"":""6153018724"",""sameAs"":""https://www.nmaam.org""}","{""@type"":""Offer"",""price"":""40 – 65"",""priceCurrency"":""USD"",""url"":""https://www.nmaam.org/event/chrisblue/"",""category"":""primary"",""availability"":""inStock"",""validFrom"":""2025-10-30T00:00:00+00:00""}","{""@type"":""Person"",""name"":""National Museum of African American Music"",""description"":"""",""url"":""https://www.nmaam.org"",""telephone"":""6153018724"",""email"":""c&#111;m&#109;&#117;&#110;i&#116;y&#64;nma&#97;&#109;&#46;or&#103;""}",,"{""@id"":""https://www.nmaam.org/event/chrisblue/#primaryimage""}",,"{""@type"":""Event"",""name"":""Chris Blue &#038; Friends Concert"",""description"":""Celebrate the magic of the season with Chris Blue, winner of Season 12 of NBC&#8217;s The Voice and the first African American artist to win since Season 2. This special [&hellip;]"",""image"":{""@id"":""https://www.nmaam.org/event/chrisblue/#primaryimage""},""url"":""https://www.nmaam.org/event/chrisblue/"",""eventAttendanceMode"":""https://schema.org/OfflineEventAttendanceMode"",""eventStatus"":""https://schema.org/EventScheduled"",""startDate"":""2025-12-03T17:00:00-05:00"",""endDate"":""2025-12-03T20:00:00-05:00"",""location"":{""@type"":""Place"",""name"":""National Museum of African American Music"",""description"":"""",""url"":""https://www.nmaam.org/venue/national-museum-of-african-american-music/"",""address"":{""@type"":""PostalAddress"",""streetAddress"":""510 Broadway"",""addressLocality"":""Nashville"",""addressRegion"":""TN"",""postalCode"":""37203"",""addressCountry"":""United States""},""telephone"":""6153018724"",""sameAs"":""https://www.nmaam.org""},""organizer"":{""@type"":""Person"",""name"":""National Museum of African American Music"",""description"":"""",""url"":""https://www.nmaam.org"",""telephone"":""6153018724"",""email"":""c&#111;m&#109;&#117;&#110;i&#116;y&#64;nma&#97;&#109;&#46;or&#103;""},""offers"":{""@type"":""Offer"",""price"":""40 – 65"",""priceCurrency"":""USD"",""url"":""https://www.nmaam.org/event/chrisblue/"",""category"":""primary"",""availability"":""inStock"",""validFrom"":""2025-10-30T00:00:00+00:00""},""@id"":""https://www.nmaam.org/event/chrisblue/#event"",""mainEntityOfPage"":{""@id"":""https://www.nmaam.org/event/chrisblue/""}}"
2026-10-01T17:33:08Z,nmaam.org,100144,4bf58dd8d48988d181941735|museum,https://www.nmaam.org/event/bingoholiday/,Event,mapped_exact,0.000,R&#038;B Bingo: Holiday Vibes,2025-12-27T21:00:00-05:00,2025-12-27T23:59:00-05:00,https://www.nmaam.org/event/bingoholiday/,https://schema.org/EventScheduled,https://schema.org/OfflineEventAttendanceMode,"Turn up the volume and celebrate the season with the EPIC CHRISTMAS EDITION of R&amp;B BINGO — a high energy, music filled night where the beats decide your fate and [&hellip;]","{""@type"":""Place"",""name"":""National Museum of African American Music"",""description"":"""",""url"":""https://www.nmaam.org/venue/national-museum-of-african-american-music/"",""address"":{""@type"":""PostalAddress"",""streetAddress"":""510 Broadway"",""addressLocality"":""Nashville"",""addressRegion"":""TN"",""postalCode"":""37203"",""addressCountry"":""United States""},""telephone"":""6153018724"",""sameAs"":""https://www.nmaam.org""}","{""@type"":""Offer"",""price"":""20 – 25"",""priceCurrency"":""USD"",""url"":""https://www.nmaam.org/event/bingoholiday/"",""category"":""primary"",""availability"":""inStock"",""validFrom"":""2025-11-23T00:00:00+00:00""}","{""@type"":""Person"",""name"":""National Museum of African American Music"",""description"":"""",""url"":""https://www.nmaam.org"",""telephone"":""6153018724"",""email"":""com&#109;&#117;nity&#64;nm&#97;am&#46;&#111;rg""}",,"{""@id"":""https://www.nmaam.org/event/bingoholiday/#primaryimage""}",,"{""@type"":""Event"",""name"":""R&#038;B Bingo: Holiday Vibes"",""description"":""Turn up the volume and celebrate the season with the EPIC CHRISTMAS EDITION of R&amp;B BINGO — a high energy, music filled night where the beats decide your fate and [&hellip;]"",""image"":{""@id"":""https://www.nmaam.org/event/bingoholiday/#primaryimage""},""url"":""https://www.nmaam.org/event/bingoholiday/"",""eventAttendanceMode"":""https://schema.org/OfflineEventAttendanceMode"",""eventStatus"":""https://schema.org/EventScheduled"",""startDate"":""2025-12-27T21:00:00-05:00"",""endDate"":""2025-12-27T23:59:00-05:00"",""location"":{""@type"":""Place"",""name"":""National Museum of African American Music"",""description"":"""",""url"":""https://www.nmaam.org/venue/national-museum-of-african-american-music/"",""address"":{""@type"":""PostalAddress"",""streetAddress"":""510 Broadway"",""addressLocality"":""Nashville"",""addressRegion"":""TN"",""postalCode"":""37203"",""addressCountry"":""United States""},""telephone"":""6153018724"",""sameAs"":""https://www.nmaam.org""},""organizer"":{""@type"":""Person"",""name"":""National Museum of African American Music"",""description"":"""",""url"":""https://www.nmaam.org"",""telephone"":""6153018724"",""email"":""com&#109;&#117;nity&#64;nm&#97;am&#46;&#111;rg""},""offers"":{""@type"":""Offer"",""price"":""20 – 25"",""priceCurrency"":""USD"",""url"":""https://www.nmaam.org/event/bingoholiday/"",""category"":""primary"",""availability"":""inStock"",""validFrom"":""2025-11-23T00:00:00+00:00""},""@id"":""https://www.nmaam.org/event/bingoholiday/#event"",""mainEntityOfPage"":{""@id"":""http://live-nmaam-site.pantheonsite.io/event/bingoholiday/""}}"
2026-10-01T17:33:08Z,nmaam.org,100144,4bf58dd8d48988d181941735|museum,https://www.nmaam.org/event/fifthanniversary/,Event,mapped_exact,0.000,NMAAM&#8217;s 5th Anniversary Celebration (MLK Day Community Day),2026-01-19T12:00:00-05:00,2026-01-19T17:00:00-05:00,https://www.nmaam.org/event/fifthanniversary/,https://schema.org/EventScheduled,https://schema.org/OfflineEventAttendanceMode,"Five years of preserving the soundtrack. One day launching the future. Celebrate NMAAM&#8217;s 5th Anniversary with an unforgettable MLK Day celebration honoring Dr. King&#8217;s legacy through music, education, and innovation. [&hellip;]","{""@type"":""Place"",""name"":""National Museum of African American Music"",""description"":"""",""url"":""https://www.nmaam.org/venue/national-museum-of-african-american-music/"",""address"":{""@type"":""PostalAddress"",""streetAddress"":""510 Broadway"",""addressLocality"":""Nashville"",""addressRegion"":""TN"",""postalCode"":""37203"",""addressCountry"":""United States""},""telephone"":""6153018724"",""sameAs"":""https://www.nmaam.org""}","{""@type"":""Offer"",""price"":""0"",""priceCurrency"":""USD"",""url"":""https://www.nmaam.org/event/fifthanniversary/"",""category"":""primary"",""availability"":""inStock"",""validFrom"":""2025-11-23T00:00:00+00:00""}","{""@type"":""Person"",""name"":""National Museum of African American Music"",""description"":"""",""url"":""https://www.nmaam.org"",""telephone"":""6153018724"",""email"":""&#99;o&#109;&#109;uni&#116;y&#64;&#110;&#109;aam&#46;o&#114;&#103;""}",,"{""@id"":""https://www.nmaam.org/event/fifthanniversary/#primaryimage""}",,"{""@type"":""Event"",""name"":""NMAAM&#8217;s 5th Anniversary Celebration (MLK Day Community Day)"",""description"":""Five years of preserving the soundtrack. One day launching the future. Celebrate NMAAM&#8217;s 5th Anniversary with an unforgettable MLK Day celebration honoring Dr. King&#8217;s legacy through music, education, and innovation. [&hellip;]"",""image"":{""@id"":""https://www.nmaam.org/event/fifthanniversary/#primaryimage""},""url"":""https://www.nmaam.org/event/fifthanniversary/"",""eventAttendanceMode"":""https://schema.org/OfflineEventAttendanceMode"",""eventStatus"":""https://schema.org/EventScheduled"",""startDate"":""2026-01-19T12:00:00-05:00"",""endDate"":""2026-01-19T17:00:00-05:00"",""location"":{""@type"":""Place"",""name"":""National Museum of African American Music"",""description"":"""",""url"":""https://www.nmaam.org/venue/national-museum-of-african-american-music/"",""address"":{""@type"":""PostalAddress"",""streetAddress"":""510 Broadway"",""addressLocality"":""Nashville"",""addressRegion"":""TN"",""postalCode"":""37203"",""addressCountry"":""United States""},""telephone"":""6153018724"",""sameAs"":""https://www.nmaam.org""},""organizer"":{""@type"":""Person"",""name"":""National Museum of African American Music"",""description"":"""",""url"":""https://www.nmaam.org"",""telephone"":""6153018724"",""email"":""&#99;o&#109;&#109;uni&#116;y&#64;&#110;&#109;aam&#46;o&#114;&#103;""},""offers"":{""@type"":""Offer"",""price"":""0"",""priceCurrency"":""USD"",""url"":""https://www.nmaam.org/event/fifthanniversary/"",""category"":""primary"",""availability"":""inStock"",""validFrom"":""2025-11-23T00:00:00+00:00""},""@id"":""https://www.nmaam.org/event/fifthanniversary/#event"",""mainEntityOfPage"":{""@id"":""https://www.nmaam.org/event/fifthanniversary/""}}"
2026-10-01T17:33:08Z,nmaam.org,100144,4bf58dd8d48988d181941735|museum,https://www.nmaam.org/event/bridge-to-broadway-black-music-heritage-edition/,Event,mapped_exact,0.000,Bridge to Broadway: Black Music Heritage Edition,2026-01-20T17:30:00-05:00,2026-01-20T22:30:00-05:00,https://www.nmaam.org/event/bridge-to-broadway-black-music-heritage-edition/,https://schema.org/EventScheduled,https://schema.org/OfflineEventAttendanceMode,"NMAAM takes over Bridgestone Arena for an unforgettable night celebrating Black music heritage! Join us for Bridge to Broadway featuring an intergenerational performance showcase (Old School vs. New School), interactive [&hellip;]","{""@type"":""Place"",""name"":""Bridgestone Arena"",""description"":"""",""url"":""https://www.nmaam.org/venue/bridgestone-arena/"",""address"":{""@type"":""PostalAddress"",""streetAddress"":""501 Broadway"",""addressLocality"":""Nashville"",""addressRegion"":""TN"",""postalCode"":""37203"",""addressCountry"":""United States""},""telephone"":"""",""sameAs"":""https://www.nhl.com/predators/""}","{""@type"":""Offer"",""price"":""55 – 140"",""priceCurrency"":""USD"",""url"":""https://www.nmaam.org/event/bridge-to-broadway-black-music-heritage-edition/"",""category"":""primary"",""availability"":""inStock"",""validFrom"":""2025-12-19T00:00:00+00:00""}","{""@type"":""Person"",""name"":""National Museum of African American Music"",""description"":"""",""url"":""https://www.nmaam.org"",""telephone"":""6153018724"",""email"":""&#99;o&#109;m&#117;&#110;&#105;t&#121;&#64;&#110;&#109;aam&#46;o&#114;&#103;""}",,"{""@id"":""https://www.nmaam.org/event/bridge-to-broadway-black-music-heritage-edition/#primaryimage""}",,"{""@type"":""Event"",""name"":""Bridge to Broadway: Black Music Heritage Edition"",""description"":""NMAAM takes over Bridgestone Arena for an unforgettable night celebrating Black music heritage! Join us for Bridge to Broadway featuring an intergenerational performance showcase (Old School vs. New School), interactive [&hellip;]"",""image"":{""@id"":""https://www.nmaam.org/event/bridge-to-broadway-black-music-heritage-edition/#primaryimage""},""url"":""https://www.nmaam.org/event/bridge-to-broadway-black-music-heritage-edition/"",""eventAttendanceMode"":""https://schema.org/OfflineEventAttendanceMode"",""eventStatus"":""https://schema.org/EventScheduled"",""startDate"":""2026-01-20T17:30:00-05:00"",""endDate"":""2026-01-20T22:30:00-05:00"",""location"":{""@type"":""Place"",""name"":""Bridgestone Arena"",""description"":"""",""url"":""https://www.nmaam.org/venue/bridgestone-arena/"",""address"":{""@type"":""PostalAddress"",""streetAddress"":""501 Broadway"",""addressLocality"":""Nashville"",""addressRegion"":""TN"",""postalCode"":""37203"",""addressCountry"":""United States""},""telephone"":"""",""sameAs"":""https://www.nhl.com/predators/""},""organizer"":{""@type"":""Person"",""name"":""National Museum of African American Music"",""description"":"""",""url"":""https://www.nmaam.org"",""telephone"":""6153018724"",""email"":""&#99;o&#109;m&#117;&#110;&#105;t&#121;&#64;&#110;&#109;aam&#46;o&#114;&#103;""},""offers"":{""@type"":""Offer"",""price"":""55 – 140"",""priceCurrency"":""USD"",""url"":""https://www.nmaam.org/event/bridge-to-broadway-black-music-heritage-edition/"",""category"":""primary"",""availability"":""inStock"",""validFrom"":""2025-12-19T00:00:00+00:00""},""@id"":""https://www.nmaam.org/event/bridge-to-broadway-black-music-heritage-edition/#event"",""mainEntityOfPage"":{""@id"":""http://live-nmaam-site.pantheonsite.io/event/bridge-to-broadway-black-music-heritage-edition/""}}"
2026-10-01T17:33:08Z,nmaam.org,100144,4bf58dd8d48988d181941735|museum,https://www.nmaam.org/event/bootsy-collins-50th-year-celebration/,Event,mapped_exact,0.000,POSTPONED: Bootsy&#8217;s Back &#8211; But He Never Left! A Celebration of Bootsy Collins,2026-01-29T18:00:00-05:00,2026-01-29T21:00:00-05:00,https://www.nmaam.org/event/bootsy-collins-50th-year-celebration/,https://schema.org/EventScheduled,https://schema.org/OfflineEventAttendanceMode,"Edit January 27, 2026: This event is being postponed until further notice due to inclement weather. For Ticketed Guests:We are actively working to secure a new date and will be [&hellip;]","{""@type"":""Place"",""name"":""National Museum of African American Music"",""description"":"""",""url"":""https://www.nmaam.org/venue/national-museum-of-african-american-music/"",""address"":{""@type"":""PostalAddress"",""streetAddress"":""510 Broadway"",""addressLocality"":""Nashville"",""addressRegion"":""TN"",""postalCode"":""37203"",""addressCountry"":""United States""},""telephone"":""6153018724"",""sameAs"":""https://www.nmaam.org""}","{""@type"":""Offer"",""price"":""25 – 60"",""priceCurrency"":""USD"",""url"":""https://www.nmaam.org/event/bootsy-collins-50th-year-celebration/"",""category"":""primary"",""availability"":""inStock"",""validFrom"":""2026-01-16T00:00:00+00:00""}",,,"{""@id"":""https://www.nmaam.org/event/bootsy-collins-50th-year-celebration/#primaryimage""}",,"{""@type"":""Event"",""name"":""POSTPONED: Bootsy&#8217;s Back &#8211; But He Never Left! A Celebration of Bootsy Collins"",""description"":""Edit January 27, 2026: This event is being postponed until further notice due to inclement weather. For Ticketed Guests:We are actively working to secure a new date and will be [&hellip;]"",""image"":{""@id"":""https://www.nmaam.org/event/bootsy-collins-50th-year-celebration/#primaryimage""},""url"":""https://www.nmaam.org/event/bootsy-collins-50th-year-celebration/"",""eventAttendanceMode"":""https://schema.org/OfflineEventAttendanceMode"",""eventStatus"":""https://schema.org/EventScheduled"",""startDate"":""2026-01-29T18:00:00-05:00"",""endDate"":""2026-01-29T21:00:00-05:00"",""location"":{""@type"":""Place"",""name"":""National Museum of African American Music"",""description"":"""",""url"":""https://www.nmaam.org/venue/national-museum-of-african-american-music/"",""address"":{""@type"":""PostalAddress"",""streetAddress"":""510 Broadway"",""addressLocality"":""Nashville"",""addressRegion"":""TN"",""postalCode"":""37203"",""addressCountry"":""United States""},""telephone"":""6153018724"",""sameAs"":""https://www.nmaam.org""},""offers"":{""@type"":""Offer"",""price"":""25 – 60"",""priceCurrency"":""USD"",""url"":""https://www.nmaam.org/event/bootsy-collins-50th-year-celebration/"",""category"":""primary"",""availability"":""inStock"",""validFrom"":""2026-01-16T00:00:00+00:00""},""@id"":""https://www.nmaam.org/event/bootsy-collins-50th-year-celebration/#event"",""mainEntityOfPage"":{""@id"":""https://www.nmaam.org/event/bootsy-collins-50th-year-celebration/""}}"
2026-10-01T17:33:08Z,nmaam.org,100144,4bf58dd8d48988d181941735|museum,https://www.nmaam.org/event/donte-everhart-presents-legacy-live/,Event,mapped_exact,0.000,Donté Everhart Presents: Legacy Live,2026-02-28T14:00:00-06:00,2026-02-28T16:00:00-06:00,https://www.nmaam.org/event/donte-everhart-presents-legacy-live/,https://schema.org/EventScheduled,https://schema.org/OfflineEventAttendanceMode,"About Legacy Live Join us for an all-ages, live experience that brings history, music, and legacy together in the museum. Explore the evolution of Negro spirituals, a foundational tradition in [&hellip;]","{""@type"":""Place"",""name"":""National Museum of African American Music"",""description"":"""",""url"":""https://www.nmaam.org/venue/national-museum-of-african-american-music/"",""address"":{""@type"":""PostalAddress"",""streetAddress"":""510 Broadway"",""addressLocality"":""Nashville"",""addressRegion"":""TN"",""postalCode"":""37203"",""addressCountry"":""United States""},""telephone"":""6153018724"",""sameAs"":""https://www.nmaam.org""}","{""@type"":""Offer"",""price"":""0"",""priceCurrency"":""USD"",""url"":""https://www.nmaam.org/event/donte-everhart-presents-legacy-live/"",""category"":""primary"",""availability"":""inStock"",""validFrom"":""2026-02-13T00:00:00+00:00""}","{""@type"":""Person"",""name"":""NMAAM Education"",""description"":"""",""url"":"""",""telephone"":""615-301-8724"",""email"":""&#101;&#100;&#117;ca&#116;&#105;&#111;n&#64;&#110;m&#97;&#97;m&#46;o&#114;&#103;""}",,"{""@id"":""https://www.nmaam.org/event/donte-everhart-presents-legacy-live/#primaryimage""}",,"{""@type"":""Event"",""name"":""Donté Everhart Presents: Legacy Live"",""description"":""About Legacy Live Join us for an all-ages, live experience that brings history, music, and legacy together in the museum. Explore the evolution of Negro spirituals, a foundational tradition in [&hellip;]"",""image"":{""@id"":""https://www.nmaam.org/event/donte-everhart-presents-legacy-live/#primaryimage""},""url"":""https://www.nmaam.org/event/donte-everhart-presents-legacy-live/"",""eventAttendanceMode"":""https://schema.org/OfflineEventAttendanceMode"",""eventStatus"":""https://schema.org/EventScheduled"",""startDate"":""2026-02-28T14:00:00-06:00"",""endDate"":""2026-02-28T16:00:00-06:00"",""location"":{""@type"":""Place"",""name"":""National Museum of African American Music"",""description"":"""",""url"":""https://www.nmaam.org/venue/national-museum-of-african-american-music/"",""address"":{""@type"":""PostalAddress"",""streetAddress"":""510 Broadway"",""addressLocality"":""Nashville"",""addressRegion"":""TN"",""postalCode"":""37203"",""addressCountry"":""United States""},""telephone"":""6153018724"",""sameAs"":""https://www.nmaam.org""},""organizer"":{""@type"":""Person"",""name"":""NMAAM Education"",""description"":"""",""url"":"""",""telephone"":""615-301-8724"",""email"":""&#101;&#100;&#117;ca&#116;&#105;&#111;n&#64;&#110;m&#97;&#97;m&#46;o&#114;&#103;""},""offers"":{""@type"":""Offer"",""price"":""0"",""priceCurrency"":""USD"",""url"":""https://www.nmaam.org/event/donte-everhart-presents-legacy-live/"",""category"":""primary"",""availability"":""inStock"",""validFrom"":""2026-02-13T00:00:00+00:00""},""@id"":""https://www.nmaam.org/event/donte-everhart-presents-legacy-live/#event"",""mainEntityOfPage"":{""@id"":""http://live-nmaam-site.pantheonsite.io/event/donte-everhart-presents-legacy-live/""}}"
2026-10-01T17:33:08Z,nmaam.org,100144,4bf58dd8d48988d181941735|museum,https://www.nmaam.org/event/615-battle-of-the-drummers/,Event,mapped_exact,0.000,615 Battle of the Drummers,2026-03-21T12:00:00-05:00,2026-03-21T16:00:00-05:00,https://www.nmaam.org/event/615-battle-of-the-drummers/,https://schema.org/EventScheduled,https://schema.org/OfflineEventAttendanceMode,"Marching Matters Presents: 615 Battle of the Drummers Nashville, get ready to feel the rhythm like never before! Join us for an electrifying showdown as some of your favorite local [&hellip;]","{""@type"":""Place"",""name"":""National Museum of African American Music"",""description"":"""",""url"":""https://www.nmaam.org/venue/national-museum-of-african-american-music/"",""address"":{""@type"":""PostalAddress"",""streetAddress"":""510 Broadway"",""addressLocality"":""Nashville"",""addressRegion"":""TN"",""postalCode"":""37203"",""addressCountry"":""United States""},""telephone"":""6153018724"",""sameAs"":""https://www.nmaam.org""}","{""@type"":""Offer"",""price"":""10"",""priceCurrency"":""USD"",""url"":""https://www.nmaam.org/event/615-battle-of-the-drummers/"",""category"":""primary"",""availability"":""inStock"",""validFrom"":""2026-03-17T00:00:00+00:00""}","{""@type"":""Person"",""name"":""NMAAM Events"",""description"":"""",""url"":"""",""telephone"":""(615) 301-8724"",""email"":""&#101;&#118;e&#110;&#116;s&#64;&#110;m&#97;am&#46;&#111;r&#103;""}",,"{""@id"":""https://www.nmaam.org/event/615-battle-of-the-drummers/#primaryimage""}",,"{""@type"":""Event"",""name"":""615 Battle of the Drummers"",""description"":""Marching Matters Presents: 615 Battle of the Drummers Nashville, get ready to feel the rhythm like never before! Join us for an electrifying showdown as some of your favorite local [&hellip;]"",""image"":{""@id"":""https://www.nmaam.org/event/615-battle-of-the-drummers/#primaryimage""},""url"":""https://www.nmaam.org/event/615-battle-of-the-drummers/"",""eventAttendanceMode"":""https://schema.org/OfflineEventAttendanceMode"",""eventStatus"":""https://schema.org/EventScheduled"",""startDate"":""2026-03-21T12:00:00-05:00"",""endDate"":""2026-03-21T16:00:00-05:00"",""location"":{""@type"":""Place"",""name"":""National Museum of African American Music"",""description"":"""",""url"":""https://www.nmaam.org/venue/national-museum-of-african-american-music/"",""address"":{""@type"":""PostalAddress"",""streetAddress"":""510 Broadway"",""addressLocality"":""Nashville"",""addressRegion"":""TN"",""postalCode"":""37203"",""addressCountry"":""United States""},""telephone"":""6153018724"",""sameAs"":""https://www.nmaam.org""},""organizer"":{""@type"":""Person"",""name"":""NMAAM Events"",""description"":"""",""url"":"""",""telephone"":""(615) 301-8724"",""email"":""&#101;&#118;e&#110;&#116;s&#64;&#110;m&#97;am&#46;&#111;r&#103;""},""offers"":{""@type"":""Offer"",""price"":""10"",""priceCurrency"":""USD"",""url"":""https://www.nmaam.org/event/615-battle-of-the-drummers/"",""category"":""primary"",""availability"":""inStock"",""validFrom"":""2026-03-17T00:00:00+00:00""},""@id"":""https://www.nmaam.org/event/615-battle-of-the-drummers/#event"",""mainEntityOfPage"":{""@id"":""https://www.nmaam.org/event/615-battle-of-the-drummers/""}}"
2026-10-01T17:33:08Z,nmaam.org,100144,4bf58dd8d48988d181941735|museum,https://www.nmaam.org/event/destinys-child-iconic-reimagined-tribute-2/,Event,mapped_exact,0.000,Destiny&#8217;s Child Iconic Reimagined Tribute [EARLY SHOW],2026-03-27T18:00:00-04:00,2026-03-27T20:00:00-04:00,https://www.nmaam.org/event/destinys-child-iconic-reimagined-tribute-2/,https://schema.org/EventScheduled,https://schema.org/OfflineEventAttendanceMode,Experience the songs of a generation like never before. Reimagined through the elegance of a live string quintet and the glow of thousands of candles. The Destiny’s Child: Iconic Reimagined [&hellip;],"{""@type"":""Place"",""name"":""National Museum of African American Music"",""description"":"""",""url"":""https://www.nmaam.org/venue/national-museum-of-african-american-music/"",""address"":{""@type"":""PostalAddress"",""streetAddress"":""510 Broadway"",""addressLocality"":""Nashville"",""addressRegion"":""TN"",""postalCode"":""37203"",""addressCountry"":""United States""},""telephone"":""6153018724"",""sameAs"":""https://www.nmaam.org""}","{""@type"":""Offer"",""price"":""60.00 – 120.00"",""priceCurrency"":""USD"",""url"":""https://www.nmaam.org/event/destinys-child-iconic-reimagined-tribute-2/"",""category"":""primary"",""availability"":""inStock"",""validFrom"":""2026-03-06T00:00:00+00:00""}","{""@type"":""Person"",""name"":""National Museum of African American Music"",""description"":"""",""url"":""https://www.nmaam.org"",""telephone"":""6153018724"",""email"":""&#99;o&#109;&#109;un&#105;&#116;y&#64;n&#109;&#97;&#97;m&#46;or&#103;""}",,"{""@id"":""https://www.nmaam.org/event/destinys-child-iconic-reimagined-tribute-2/#primaryimage""}",,"{""@type"":""Event"",""name"":""Destiny&#8217;s Child Iconic Reimagined Tribute [EARLY SHOW]"",""description"":""Experience the songs of a generation like never before. Reimagined through the elegance of a live string quintet and the glow of thousands of candles. The Destiny’s Child: Iconic Reimagined [&hellip;]"",""image"":{""@id"":""https://www.nmaam.org/event/destinys-child-iconic-reimagined-tribute-2/#primaryimage""},""url"":""https://www.nmaam.org/event/destinys-child-iconic-reimagined-tribute-2/"",""eventAttendanceMode"":""https://schema.org/OfflineEventAttendanceMode"",""eventStatus"":""https://schema.org/EventScheduled"",""startDate"":""2026-03-27T18:00:00-04:00"",""endDate"":""2026-03-27T20:00:00-04:00"",""location"":{""@type"":""Place"",""name"":""National Museum of African American Music"",""description"":"""",""url"":""https://www.nmaam.org/venue/national-museum-of-african-american-music/"",""address"":{""@type"":""PostalAddress"",""streetAddress"":""510 Broadway"",""addressLocality"":""Nashville"",""addressRegion"":""TN"",""postalCode"":""37203"",""addressCountry"":""United States""},""telephone"":""6153018724"",""sameAs"":""https://www.nmaam.org""},""organizer"":{""@type"":""Person"",""name"":""National Museum of African American Music"",""description"":"""",""url"":""https://www.nmaam.org"",""telephone"":""6153018724"",""email"":""&#99;o&#109;&#109;un&#105;&#116;y&#64;n&#109;&#97;&#97;m&#46;or&#103;""},""offers"":{""@type"":""Offer"",""price"":""60.00 – 120.00"",""priceCurrency"":""USD"",""url"":""https://www.nmaam.org/event/destinys-child-iconic-reimagined-tribute-2/"",""category"":""primary"",""availability"":""inStock"",""validFrom"":""2026-03-06T00:00:00+00:00""},""@id"":""https://www.nmaam.org/event/destinys-child-iconic-reimagined-tribute-2/#event"",""mainEntityOfPage"":{""@id"":""https://www.nmaam.org/event/destinys-child-iconic-reimagined-tribute-2/""}}"
2026-10-01T17:33:08Z,nmaam.org,100144,4bf58dd8d48988d181941735|museum,https://www.nmaam.org/event/destinys-child-iconic-reimagined-tribute-early-show/,Event,mapped_exact,0.000,Destiny&#8217;s Child Iconic Reimagined Tribute [LATE SHOW],2026-03-27T20:15:00-04:00,2026-03-27T23:00:00-04:00,https://www.nmaam.org/event/destinys-child-iconic-reimagined-tribute-early-show/,https://schema.org/EventScheduled,https://schema.org/OfflineEventAttendanceMode,Experience the songs of a generation like never before. Reimagined through the elegance of a live string quintet and the glow of thousands of candles. The Destiny’s Child: Iconic Reimagined [&hellip;],"{""@type"":""Place"",""name"":""National Museum of African American Music"",""description"":"""",""url"":""https://www.nmaam.org/venue/national-museum-of-african-american-music/"",""address"":{""@type"":""PostalAddress"",""streetAddress"":""510 Broadway"",""addressLocality"":""Nashville"",""addressRegion"":""TN"",""postalCode"":""37203"",""addressCountry"":""United States""},""telephone"":""6153018724"",""sameAs"":""https://www.nmaam.org""}","{""@type"":""Offer"",""price"":""60.00 – 120.00"",""priceCurrency"":""USD"",""url"":""https://www.nmaam.org/event/destinys-child-iconic-reimagined-tribute-early-show/"",""category"":""primary"",""availability"":""inStock"",""validFrom"":""2026-03-06T00:00:00+00:00""}","{""@type"":""Person"",""name"":""National Museum of African American Music"",""description"":"""",""url"":""https://www.nmaam.org"",""telephone"":""6153018724"",""email"":""&#99;&#111;m&#109;unity&#64;&#110;&#109;aam&#46;&#111;rg""}",,"{""@id"":""https://www.nmaam.org/event/destinys-child-iconic-reimagined-tribute-early-show/#primaryimage""}",,"{""@type"":""Event"",""name"":""Destiny&#8217;s Child Iconic Reimagined Tribute [LATE SHOW]"",""description"":""Experience the songs of a generation like never before. Reimagined through the elegance of a live string quintet and the glow of thousands of candles. The Destiny’s Child: Iconic Reimagined [&hellip;]"",""image"":{""@id"":""https://www.nmaam.org/event/destinys-child-iconic-reimagined-tribute-early-show/#primaryimage""},""url"":""https://www.nmaam.org/event/destinys-child-iconic-reimagined-tribute-early-show/"",""eventAttendanceMode"":""https://schema.org/OfflineEventAttendanceMode"",""eventStatus"":""https://schema.org/EventScheduled"",""startDate"":""2026-03-27T20:15:00-04:00"",""endDate"":""2026-03-27T23:00:00-04:00"",""location"":{""@type"":""Place"",""name"":""National Museum of African American Music"",""description"":"""",""url"":""https://www.nmaam.org/venue/national-museum-of-african-american-music/"",""address"":{""@type"":""PostalAddress"",""streetAddress"":""510 Broadway"",""addressLocality"":""Nashville"",""addressRegion"":""TN"",""postalCode"":""37203"",""addressCountry"":""United States""},""telephone"":""6153018724"",""sameAs"":""https://www.nmaam.org""},""organizer"":{""@type"":""Person"",""name"":""National Museum of African American Music"",""description"":"""",""url"":""https://www.nmaam.org"",""telephone"":""6153018724"",""email"":""&#99;&#111;m&#109;unity&#64;&#110;&#109;aam&#46;&#111;rg""},""offers"":{""@type"":""Offer"",""price"":""60.00 – 120.00"",""priceCurrency"":""USD"",""url"":""https://www.nmaam.org/event/destinys-child-iconic-reimagined-tribute-early-show/"",""category"":""primary"",""availability"":""inStock"",""validFrom"":""2026-03-06T00:00:00+00:00""},""@id"":""https://www.nmaam.org/event/destinys-child-iconic-reimagined-tribute-early-show/#event"",""mainEntityOfPage"":{""@id"":""http://live-nmaam-site.pantheonsite.io/event/destinys-child-iconic-reimagined-tribute-early-show/""}}"
2026-10-01T17:33:08Z,nmaam.org,100144,4bf58dd8d48988d181941735|museum,https://www.nmaam.org/event/5678/2026-04-01/,Event,mapped_exact,0.000,NMAAM Presents: Sounds In Cinema,2026-04-01T15:30:00-05:00,2026-04-01T17:30:00-05:00,https://www.nmaam.org/event/5678/2026-04-01/,https://schema.org/EventScheduled,https://schema.org/OfflineEventAttendanceMode,"SOUNDS IN CINEMA Where film meets music history. Join us for curated documentary screenings that explore the intersection of African American music and cinema, featuring authentic industry conversations and special [&hellip;]","{""@type"":""Place"",""name"":""National Museum of African American Music"",""description"":"""",""url"":""https://www.nmaam.org/venue/national-museum-of-african-american-music/"",""address"":{""@type"":""PostalAddress"",""streetAddress"":""510 Broadway"",""addressLocality"":""Nashville"",""addressRegion"":""TN"",""postalCode"":""37203"",""addressCountry"":""United States""},""telephone"":""6153018724"",""sameAs"":""https://www.nmaam.org""}","{""@type"":""Offer"",""price"":""0"",""priceCurrency"":""USD"",""url"":""https://www.nmaam.org/event/5678/2026-04-01/"",""category"":""primary"",""availability"":""inStock"",""validFrom"":""2026-02-19T00:00:00+00:00""}","{""@type"":""Person"",""name"":""National Museum of African American Music"",""description"":"""",""url"":""https://www.nmaam.org"",""telephone"":""6153018724"",""email"":""co&#109;m&#117;nity&#64;&#110;maam&#46;o&#114;&#103;""}",,"{""@id"":""https://www.nmaam.org/event/5678/2026-04-01/#primaryimage""}",,"{""@type"":""Event"",""name"":""NMAAM Presents: Sounds In Cinema"",""description"":""SOUNDS IN CINEMA  Where film meets music history. Join us for curated documentary screenings that explore the intersection of African American music and cinema, featuring authentic industry conversations and special [&hellip;]"",""image"":{""@id"":""https://www.nmaam.org/event/5678/2026-04-01/#primaryimage""},""url"":""https://www.nmaam.org/event/5678/2026-04-01/"",""eventAttendanceMode"":""https://schema.org/OfflineEventAttendanceMode"",""eventStatus"":""https://schema.org/EventScheduled"",""startDate"":""2026-04-01T15:30:00-05:00"",""endDate"":""2026-04-01T17:30:00-05:00"",""location"":{""@type"":""Place"",""name"":""National Museum of African American Music"",""description"":"""",""url"":""https://www.nmaam.org/venue/national-museum-of-african-american-music/"",""address"":{""@type"":""PostalAddress"",""streetAddress"":""510 Broadway"",""addressLocality"":""Nashville"",""addressRegion"":""TN"",""postalCode"":""37203"",""addressCountry"":""United States""},""telephone"":""6153018724"",""sameAs"":""https://www.nmaam.org""},""organizer"":{""@type"":""Person"",""name"":""National Museum of African American Music"",""description"":"""",""url"":""https://www.nmaam.org"",""telephone"":""6153018724"",""email"":""co&#109;m&#117;nity&#64;&#110;maam&#46;o&#114;&#103;""},""offers"":{""@type"":""Offer"",""price"":""0"",""priceCurrency"":""USD"",""url"":""https://www.nmaam.org/event/5678/2026-04-01/"",""category"":""primary"",""availability"":""inStock"",""validFrom"":""2026-02-19T00:00:00+00:00""},""@id"":""https://www.nmaam.org/event/5678/2026-04-01/#event"",""mainEntityOfPage"":{""@id"":""https://www.nmaam.org/event/5678/2026-04-01/""}}"
2026-10-01T17:33:08Z,nmaam.org,100144,4bf58dd8d48988d181941735|museum,https://www.nmaam.org/event/drummer-boy/,Event,mapped_exact,0.000,Drummer Boy,2026-04-12T15:00:00-05:00,2026-04-12T17:00:00-05:00,https://www.nmaam.org/event/drummer-boy/,https://schema.org/EventScheduled,https://schema.org/OfflineEventAttendanceMode,"AfricaNashville, Fort Negley, and the National Museum of African American Music present: Drummer Boy Drummer Boy honors the bravery of Black soldiers who played a decisive role in the outcome [&hellip;]","{""@type"":""Place"",""name"":""National Museum of African American Music"",""description"":"""",""url"":""https://www.nmaam.org/venue/national-museum-of-african-american-music/"",""address"":{""@type"":""PostalAddress"",""streetAddress"":""510 Broadway"",""addressLocality"":""Nashville"",""addressRegion"":""TN"",""postalCode"":""37203"",""addressCountry"":""United States""},""telephone"":""6153018724"",""sameAs"":""https://www.nmaam.org""}","{""@type"":""Offer"",""price"":""0"",""priceCurrency"":""USD"",""url"":""https://www.nmaam.org/event/drummer-boy/"",""category"":""primary"",""availability"":""inStock"",""validFrom"":""2026-03-22T00:00:00+00:00""}","{""@type"":""Person"",""name"":""NMAAM Education"",""description"":"""",""url"":"""",""telephone"":""615-301-8724"",""email"":""e&#100;&#117;ca&#116;&#105;o&#110;&#64;&#110;ma&#97;m.&#111;&#114;g""}",,"{""@id"":""https://www.nmaam.org/event/drummer-boy/#primaryimage""}",,"{""@type"":""Event"",""name"":""Drummer Boy"",""description"":""AfricaNashville, Fort Negley, and the National Museum of African American Music present: Drummer Boy Drummer Boy honors the bravery of Black soldiers who played a decisive role in the outcome [&hellip;]"",""image"":{""@id"":""https://www.nmaam.org/event/drummer-boy/#primaryimage""},""url"":""https://www.nmaam.org/event/drummer-boy/"",""eventAttendanceMode"":""https://schema.org/OfflineEventAttendanceMode"",""eventStatus"":""https://schema.org/EventScheduled"",""startDate"":""2026-04-12T15:00:00-05:00"",""endDate"":""2026-04-12T17:00:00-05:00"",""location"":{""@type"":""Place"",""name"":""National Museum of African American Music"",""description"":"""",""url"":""https://www.nmaam.org/venue/national-museum-of-african-american-music/"",""address"":{""@type"":""PostalAddress"",""streetAddress"":""510 Broadway"",""addressLocality"":""Nashville"",""addressRegion"":""TN"",""postalCode"":""37203"",""addressCountry"":""United States""},""telephone"":""6153018724"",""sameAs"":""https://www.nmaam.org""},""organizer"":{""@type"":""Person"",""name"":""NMAAM Education"",""description"":"""",""url"":"""",""telephone"":""615-301-8724"",""email"":""e&#100;&#117;ca&#116;&#105;o&#110;&#64;&#110;ma&#97;m.&#111;&#114;g""},""offers"":{""@type"":""Offer"",""price"":""0"",""priceCurrency"":""USD"",""url"":""https://www.nmaam.org/event/drummer-boy/"",""category"":""primary"",""availability"":""inStock"",""validFrom"":""2026-03-22T00:00:00+00:00""},""@id"":""https://www.nmaam.org/event/drummer-boy/#event"",""mainEntityOfPage"":{""@id"":""https://www.nmaam.org/event/drummer-boy/""}}"
2026-10-01T17:33:08Z,nmaam.org,100144,4bf58dd8d48988d181941735|museum,https://www.nmaam.org/event/coffee-talk-with-metro-arts/,Event,mapped_exact,0.000,Coffee Talk with Metro Arts,2026-05-06T09:30:00-05:00,2026-05-06T11:00:00-05:00,https://www.nmaam.org/event/coffee-talk-with-metro-arts/,https://schema.org/EventScheduled,https://schema.org/OfflineEventAttendanceMode,"Coffee Talk with Metro Arts is a monthly community gathering where artists, neighbors, and anyone looking to get involved in the Nashville arts scene can connect and share their stories. [&hellip;]","{""@type"":""Place"",""name"":""National Museum of African American Music"",""description"":"""",""url"":""https://www.nmaam.org/venue/national-museum-of-african-american-music/"",""address"":{""@type"":""PostalAddress"",""streetAddress"":""510 Broadway"",""addressLocality"":""Nashville"",""addressRegion"":""TN"",""postalCode"":""37203"",""addressCountry"":""United States""},""telephone"":""6153018724"",""sameAs"":""https://www.nmaam.org""}","{""@type"":""Offer"",""price"":""0"",""priceCurrency"":""USD"",""url"":""https://www.nmaam.org/event/coffee-talk-with-metro-arts/"",""category"":""primary"",""availability"":""inStock"",""validFrom"":""2026-04-28T00:00:00+00:00""}","{""@type"":""Person"",""name"":""NMAAM"",""description"":"""",""url"":""https://www.nmaam.org/"",""telephone"":""615-301-8724"",""email"":""&#105;&#110;&#102;&#111;&#64;nma&#97;&#109;&#46;or&#103;""}",,"{""@id"":""https://www.nmaam.org/event/coffee-talk-with-metro-arts/#primaryimage""}",,"{""@type"":""Event"",""name"":""Coffee Talk with Metro Arts"",""description"":""Coffee Talk with Metro Arts is a monthly community gathering where artists, neighbors, and anyone looking to get involved in the Nashville arts scene can connect and share their stories. [&hellip;]"",""image"":{""@id"":""https://www.nmaam.org/event/coffee-talk-with-metro-arts/#primaryimage""},""url"":""https://www.nmaam.org/event/coffee-talk-with-metro-arts/"",""eventAttendanceMode"":""https://schema.org/OfflineEventAttendanceMode"",""eventStatus"":""https://schema.org/EventScheduled"",""startDate"":""2026-05-06T09:30:00-05:00"",""endDate"":""2026-05-06T11:00:00-05:00"",""location"":{""@type"":""Place"",""name"":""National Museum of African American Music"",""description"":"""",""url"":""https://www.nmaam.org/venue/national-museum-of-african-american-music/"",""address"":{""@type"":""PostalAddress"",""streetAddress"":""510 Broadway"",""addressLocality"":""Nashville"",""addressRegion"":""TN"",""postalCode"":""37203"",""addressCountry"":""United States""},""telephone"":""6153018724"",""sameAs"":""https://www.nmaam.org""},""organizer"":{""@type"":""Person"",""name"":""NMAAM"",""description"":"""",""url"":""https://www.nmaam.org/"",""telephone"":""615-301-8724"",""email"":""&#105;&#110;&#102;&#111;&#64;nma&#97;&#109;&#46;or&#103;""},""offers"":{""@type"":""Offer"",""price"":""0"",""priceCurrency"":""USD"",""url"":""https://www.nmaam.org/event/coffee-talk-with-metro-arts/"",""category"":""primary"",""availability"":""inStock"",""validFrom"":""2026-04-28T00:00:00+00:00""},""@id"":""https://www.nmaam.org/event/coffee-talk-with-metro-arts/#event"",""mainEntityOfPage"":{""@id"":""https://www.nmaam.org/event/coffee-talk-with-metro-arts/""}}"
2026-10-01T17:33:08Z,nmaam.org,100144,4bf58dd8d48988d181941735|museum,https://www.nmaam.org/event/first-note/,Event,mapped_exact,0.000,First Note,2026-05-15T20:00:00-04:00,2026-05-15T22:00:00-04:00,https://www.nmaam.org/event/first-note/,https://schema.org/EventScheduled,https://schema.org/OfflineEventAttendanceMode,"THE FIRST NOTE A Concert Series by the National Museum of African American Music Friday, May 15, 2026 | 8:00 PM 10:00 PM NMAAM Lobby, 510 Broadway, Nashville, TN &nbsp; [&hellip;]","{""@type"":""Place"",""name"":""National Museum of African American Music"",""description"":"""",""url"":""https://www.nmaam.org/venue/national-museum-of-african-american-music/"",""address"":{""@type"":""PostalAddress"",""streetAddress"":""510 Broadway"",""addressLocality"":""Nashville"",""addressRegion"":""TN"",""postalCode"":""37203"",""addressCountry"":""United States""},""telephone"":""6153018724"",""sameAs"":""https://www.nmaam.org""}","{""@type"":""Offer"",""price"":""15 – 20"",""priceCurrency"":""USD"",""url"":""https://www.nmaam.org/event/first-note/"",""category"":""primary"",""availability"":""inStock"",""validFrom"":""2026-04-14T00:00:00+00:00""}",,,"{""@id"":""https://www.nmaam.org/event/first-note/#primaryimage""}",,"{""@type"":""Event"",""name"":""First Note"",""description"":""THE FIRST NOTE A Concert Series by the National Museum of African American Music  Friday, May 15, 2026 | 8:00 PM 10:00 PM NMAAM Lobby, 510 Broadway, Nashville, TN &nbsp; [&hellip;]"",""image"":{""@id"":""https://www.nmaam.org/event/first-note/#primaryimage""},""url"":""https://www.nmaam.org/event/first-note/"",""eventAttendanceMode"":""https://schema.org/OfflineEventAttendanceMode"",""eventStatus"":""https://schema.org/EventScheduled"",""startDate"":""2026-05-15T20:00:00-04:00"",""endDate"":""2026-05-15T22:00:00-04:00"",""location"":{""@type"":""Place"",""name"":""National Museum of African American Music"",""description"":"""",""url"":""https://www.nmaam.org/venue/national-museum-of-african-american-music/"",""address"":{""@type"":""PostalAddress"",""streetAddress"":""510 Broadway"",""addressLocality"":""Nashville"",""addressRegion"":""TN"",""postalCode"":""37203"",""addressCountry"":""United States""},""telephone"":""6153018724"",""sameAs"":""https://www.nmaam.org""},""offers"":{""@type"":""Offer"",""price"":""15 – 20"",""priceCurrency"":""USD"",""url"":""https://www.nmaam.org/event/first-note/"",""category"":""primary"",""availability"":""inStock"",""validFrom"":""2026-04-14T00:00:00+00:00""},""@id"":""https://www.nmaam.org/event/first-note/#event"",""mainEntityOfPage"":{""@id"":""https://www.nmaam.org/event/first-note/""}}"
2026-10-01T17:33:08Z,nmaam.org,100144,4bf58dd8d48988d181941735|museum,https://www.nmaam.org/event/api-middle-tennessee-night/,Event,mapped_exact,0.000,API Middle Tennessee Night,2026-05-28T18:00:00-05:00,2026-05-28T21:00:00-05:00,https://www.nmaam.org/event/api-middle-tennessee-night/,https://schema.org/EventScheduled,https://schema.org/OfflineEventAttendanceMode,"NMAAM x API Middle Tennessee Night Presented by the National Museum of African American Music Thursday, May 28 | 6:00 PM &#8211; 9:00 AM | Feature Gallery Join us for [&hellip;]","{""@type"":""Place"",""name"":""National Museum of African American Music"",""description"":"""",""url"":""https://www.nmaam.org/venue/national-museum-of-african-american-music/"",""address"":{""@type"":""PostalAddress"",""streetAddress"":""510 Broadway"",""addressLocality"":""Nashville"",""addressRegion"":""TN"",""postalCode"":""37203"",""addressCountry"":""United States""},""telephone"":""6153018724"",""sameAs"":""https://www.nmaam.org""}","{""@type"":""Offer"",""price"":""0"",""priceCurrency"":""USD"",""url"":""https://www.nmaam.org/event/api-middle-tennessee-night/"",""category"":""primary"",""availability"":""inStock"",""validFrom"":""2026-05-01T00:00:00+00:00""}","{""@type"":""Person"",""name"":""National Museum of African American Music"",""description"":"""",""url"":""https://www.nmaam.org"",""telephone"":""6153018724"",""email"":""&#99;o&#109;&#109;&#117;n&#105;ty&#64;n&#109;&#97;&#97;&#109;.o&#114;&#103;""}",,"{""@id"":""https://www.nmaam.org/event/api-middle-tennessee-night/#primaryimage""}",,"{""@type"":""Event"",""name"":""API Middle Tennessee Night"",""description"":""NMAAM x API Middle Tennessee Night Presented by the National Museum of African American Music Thursday, May 28 | 6:00 PM &#8211; 9:00 AM | Feature Gallery Join us for [&hellip;]"",""image"":{""@id"":""https://www.nmaam.org/event/api-middle-tennessee-night/#primaryimage""},""url"":""https://www.nmaam.org/event/api-middle-tennessee-night/"",""eventAttendanceMode"":""https://schema.org/OfflineEventAttendanceMode"",""eventStatus"":""https://schema.org/EventScheduled"",""startDate"":""2026-05-28T18:00:00-05:00"",""endDate"":""2026-05-28T21:00:00-05:00"",""location"":{""@type"":""Place"",""name"":""National Museum of African American Music"",""description"":"""",""url"":""https://www.nmaam.org/venue/national-museum-of-african-american-music/"",""address"":{""@type"":""PostalAddress"",""streetAddress"":""510 Broadway"",""addressLocality"":""Nashville"",""addressRegion"":""TN"",""postalCode"":""37203"",""addressCountry"":""United States""},""telephone"":""6153018724"",""sameAs"":""https://www.nmaam.org""},""organizer"":{""@type"":""Person"",""name"":""National Museum of African American Music"",""description"":"""",""url"":""https://www.nmaam.org"",""telephone"":""6153018724"",""email"":""&#99;o&#109;&#109;&#117;n&#105;ty&#64;n&#109;&#97;&#97;&#109;.o&#114;&#103;""},""offers"":{""@type"":""Offer"",""price"":""0"",""priceCurrency"":""USD"",""url"":""https://www.nmaam.org/event/api-middle-tennessee-night/"",""category"":""primary"",""availability"":""inStock"",""validFrom"":""2026-05-01T00:00:00+00:00""},""@id"":""https://www.nmaam.org/event/api-middle-tennessee-night/#event"",""mainEntityOfPage"":{""@id"":""https://www.nmaam.org/event/api-middle-tennessee-night/""}}"
2026-10-01T17:33:08Z,nmaam.org,100144,4bf58dd8d48988d181941735|museum,https://www.nmaam.org/event/front-row-at-nmaam-presents-mya/,Event,mapped_exact,0.000,FRONT ROW at NMAAM presents: Mýa!,2026-06-26T19:00:00-05:00,2026-06-26T22:00:00-05:00,https://www.nmaam.org/event/front-row-at-nmaam-presents-mya/,https://schema.org/EventScheduled,https://schema.org/OfflineEventAttendanceMode,"Grammy-Award Winner. Soul of the 90s Honoree. NMAAM BMM 2026 Soundtrack Marshal. Friday, June 26, 2026 | 7:00 PM doors / 8:00 PM start National Museum of African American Music [&hellip;]","{""@type"":""Place"",""name"":""National Museum of African American Music"",""description"":"""",""url"":""https://www.nmaam.org/venue/national-museum-of-african-american-music/"",""address"":{""@type"":""PostalAddress"",""streetAddress"":""510 Broadway"",""addressLocality"":""Nashville"",""addressRegion"":""TN"",""postalCode"":""37203"",""addressCountry"":""United States""},""telephone"":""6153018724"",""sameAs"":""https://www.nmaam.org""}","{""@type"":""Offer"",""price"":""30"",""priceCurrency"":""USD"",""url"":""https://www.nmaam.org/event/front-row-at-nmaam-presents-mya/"",""category"":""primary"",""availability"":""inStock"",""validFrom"":""2026-06-25T00:00:00+00:00""}","{""@type"":""Person"",""name"":""National Museum of African American Music"",""description"":"""",""url"":""https://www.nmaam.org"",""telephone"":""6153018724"",""email"":""&#99;o&#109;&#109;&#117;n&#105;t&#121;&#64;&#110;ma&#97;m&#46;&#111;&#114;g""}",,"{""@id"":""https://www.nmaam.org/event/front-row-at-nmaam-presents-mya/#primaryimage""}",,"{""@type"":""Event"",""name"":""FRONT ROW at NMAAM presents: Mýa!"",""description"":""Grammy-Award Winner. Soul of the 90s Honoree. NMAAM BMM 2026 Soundtrack Marshal. Friday, June 26, 2026 | 7:00 PM doors / 8:00 PM start National Museum of African American Music [&hellip;]"",""image"":{""@id"":""https://www.nmaam.org/event/front-row-at-nmaam-presents-mya/#primaryimage""},""url"":""https://www.nmaam.org/event/front-row-at-nmaam-presents-mya/"",""eventAttendanceMode"":""https://schema.org/OfflineEventAttendanceMode"",""eventStatus"":""https://schema.org/EventScheduled"",""startDate"":""2026-06-26T19:00:00-05:00"",""endDate"":""2026-06-26T22:00:00-05:00"",""location"":{""@type"":""Place"",""name"":""National Museum of African American Music"",""description"":"""",""url"":""https://www.nmaam.org/venue/national-museum-of-african-american-music/"",""address"":{""@type"":""PostalAddress"",""streetAddress"":""510 Broadway"",""addressLocality"":""Nashville"",""addressRegion"":""TN"",""postalCode"":""37203"",""addressCountry"":""United States""},""telephone"":""6153018724"",""sameAs"":""https://www.nmaam.org""},""organizer"":{""@type"":""Person"",""name"":""National Museum of African American Music"",""description"":"""",""url"":""https://www.nmaam.org"",""telephone"":""6153018724"",""email"":""&#99;o&#109;&#109;&#117;n&#105;t&#121;&#64;&#110;ma&#97;m&#46;&#111;&#114;g""},""offers"":{""@type"":""Offer"",""price"":""30"",""priceCurrency"":""USD"",""url"":""https://www.nmaam.org/event/front-row-at-nmaam-presents-mya/"",""category"":""primary"",""availability"":""inStock"",""validFrom"":""2026-06-25T00:00:00+00:00""},""@id"":""https://www.nmaam.org/event/front-row-at-nmaam-presents-mya/#event"",""mainEntityOfPage"":{""@id"":""https://www.nmaam.org/event/front-row-at-nmaam-presents-mya/""}}"
2026-10-01T17:33:08Z,nmaam.org,100144,4bf58dd8d48988d181941735|museum,https://www.nmaam.org/event/an-exquisite-evening-of-song-an-intimate-rock-n-roll-concert-experience/,Event,mapped_exact,0.000,An Exquisite Evening of Song | An Intimate Rock &#8216;n&#8217; Roll Concert Experience,2026-07-11T19:00:00-05:00,2026-07-11T20:30:00-05:00,https://www.nmaam.org/event/an-exquisite-evening-of-song-an-intimate-rock-n-roll-concert-experience/,https://schema.org/EventScheduled,https://schema.org/OfflineEventAttendanceMode,"An Exquisite Evening of Song with Cameron Lavi-Jones of King Youngblood Date: Saturday, July 11th Doors: 6:00 PM Performance: 7:00 PM Celebrate National Rock &#8216;n&#8217; Roll Day at NMAAM with [&hellip;]","{""@type"":""Place"",""name"":""National Museum of African American Music"",""description"":"""",""url"":""https://www.nmaam.org/venue/national-museum-of-african-american-music/"",""address"":{""@type"":""PostalAddress"",""streetAddress"":""510 Broadway"",""addressLocality"":""Nashville"",""addressRegion"":""TN"",""postalCode"":""37203"",""addressCountry"":""United States""},""telephone"":""6153018724"",""sameAs"":""https://www.nmaam.org""}","{""@type"":""Offer"",""price"":""0"",""priceCurrency"":""USD"",""url"":""https://www.nmaam.org/event/an-exquisite-evening-of-song-an-intimate-rock-n-roll-concert-experience/"",""category"":""primary"",""availability"":""inStock"",""validFrom"":""2026-07-02T00:00:00+00:00""}","{""@type"":""Person"",""name"":""National Museum of African American Music"",""description"":"""",""url"":""https://www.nmaam.org"",""telephone"":""6153018724"",""email"":""&#99;&#111;mmu&#110;i&#116;&#121;&#64;n&#109;aam&#46;&#111;rg""}",,"{""@id"":""https://www.nmaam.org/event/an-exquisite-evening-of-song-an-intimate-rock-n-roll-concert-experience/#primaryimage""}",,"{""@type"":""Event"",""name"":""An Exquisite Evening of Song | An Intimate Rock &#8216;n&#8217; Roll Concert Experience"",""description"":""An Exquisite Evening of Song with Cameron Lavi-Jones of King Youngblood Date: Saturday, July 11th Doors: 6:00 PM Performance: 7:00 PM Celebrate National Rock &#8216;n&#8217; Roll Day at NMAAM with [&hellip;]"",""image"":{""@id"":""https://www.nmaam.org/event/an-exquisite-evening-of-song-an-intimate-rock-n-roll-concert-experience/#primaryimage""},""url"":""https://www.nmaam.org/event/an-exquisite-evening-of-song-an-intimate-rock-n-roll-concert-experience/"",""eventAttendanceMode"":""https://schema.org/OfflineEventAttendanceMode"",""eventStatus"":""https://schema.org/EventScheduled"",""startDate"":""2026-07-11T19:00:00-05:00"",""endDate"":""2026-07-11T20:30:00-05:00"",""location"":{""@type"":""Place"",""name"":""National Museum of African American Music"",""description"":"""",""url"":""https://www.nmaam.org/venue/national-museum-of-african-american-music/"",""address"":{""@type"":""PostalAddress"",""streetAddress"":""510 Broadway"",""addressLocality"":""Nashville"",""addressRegion"":""TN"",""postalCode"":""37203"",""addressCountry"":""United States""},""telephone"":""6153018724"",""sameAs"":""https://www.nmaam.org""},""organizer"":{""@type"":""Person"",""name"":""National Museum of African American Music"",""description"":"""",""url"":""https://www.nmaam.org"",""telephone"":""6153018724"",""email"":""&#99;&#111;mmu&#110;i&#116;&#121;&#64;n&#109;aam&#46;&#111;rg""},""offers"":{""@type"":""Offer"",""price"":""0"",""priceCurrency"":""USD"",""url"":""https://www.nmaam.org/event/an-exquisite-evening-of-song-an-intimate-rock-n-roll-concert-experience/"",""category"":""primary"",""availability"":""inStock"",""validFrom"":""2026-07-02T00:00:00+00:00""},""@id"":""https://www.nmaam.org/event/an-exquisite-evening-of-song-an-intimate-rock-n-roll-concert-experience/#event"",""mainEntityOfPage"":{""@id"":""https://www.nmaam.org/event/an-exquisite-evening-of-song-an-intimate-rock-n-roll-concert-experience/""}}"
2026-10-01T17:33:08Z,nmaam.org,100144,4bf58dd8d48988d181941735|museum,https://www.nmaam.org/event/catching-songs-a-rock-n-roll-songwriting-experience/,Event,mapped_exact,0.000,Catching Songs | A Rock &#8216;n&#8217; Roll Songwriting Experience,2026-07-12T15:00:00-05:00,2026-07-12T17:00:00-05:00,https://www.nmaam.org/event/catching-songs-a-rock-n-roll-songwriting-experience/,https://schema.org/EventScheduled,https://schema.org/OfflineEventAttendanceMode,"Catching Songs A hands-on songwriting experience for all ages Date: Sunday, July 12th Doors: 2:00 PM Workshop: 3:00 PM &#8211; 5:00 PM Celebrate National Rock &#8216;n&#8217; Roll Day at the [&hellip;]","{""@type"":""Place"",""name"":""National Museum of African American Music"",""description"":"""",""url"":""https://www.nmaam.org/venue/national-museum-of-african-american-music/"",""address"":{""@type"":""PostalAddress"",""streetAddress"":""510 Broadway"",""addressLocality"":""Nashville"",""addressRegion"":""TN"",""postalCode"":""37203"",""addressCountry"":""United States""},""telephone"":""6153018724"",""sameAs"":""https://www.nmaam.org""}","{""@type"":""Offer"",""price"":""0"",""priceCurrency"":""USD"",""url"":""https://www.nmaam.org/event/catching-songs-a-rock-n-roll-songwriting-experience/"",""category"":""primary"",""availability"":""inStock"",""validFrom"":""2026-07-02T00:00:00+00:00""}","{""@type"":""Person"",""name"":""National Museum of African American Music"",""description"":"""",""url"":""https://www.nmaam.org"",""telephone"":""6153018724"",""email"":""&#99;ommu&#110;ity&#64;&#110;m&#97;&#97;m.&#111;&#114;&#103;""}",,"{""@id"":""https://www.nmaam.org/event/catching-songs-a-rock-n-roll-songwriting-experience/#primaryimage""}",,"{""@type"":""Event"",""name"":""Catching Songs | A Rock &#8216;n&#8217; Roll Songwriting Experience"",""description"":""Catching Songs A hands-on songwriting experience for all ages Date: Sunday, July 12th Doors: 2:00 PM Workshop: 3:00 PM &#8211; 5:00 PM Celebrate National Rock &#8216;n&#8217; Roll Day at the [&hellip;]"",""image"":{""@id"":""https://www.nmaam.org/event/catching-songs-a-rock-n-roll-songwriting-experience/#primaryimage""},""url"":""https://www.nmaam.org/event/catching-songs-a-rock-n-roll-songwriting-experience/"",""eventAttendanceMode"":""https://schema.org/OfflineEventAttendanceMode"",""eventStatus"":""https://schema.org/EventScheduled"",""startDate"":""2026-07-12T15:00:00-05:00"",""endDate"":""2026-07-12T17:00:00-05:00"",""location"":{""@type"":""Place"",""name"":""National Museum of African American Music"",""description"":"""",""url"":""https://www.nmaam.org/venue/national-museum-of-african-american-music/"",""address"":{""@type"":""PostalAddress"",""streetAddress"":""510 Broadway"",""addressLocality"":""Nashville"",""addressRegion"":""TN"",""postalCode"":""37203"",""addressCountry"":""United States""},""telephone"":""6153018724"",""sameAs"":""https://www.nmaam.org""},""organizer"":{""@type"":""Person"",""name"":""National Museum of African American Music"",""description"":"""",""url"":""https://www.nmaam.org"",""telephone"":""6153018724"",""email"":""&#99;ommu&#110;ity&#64;&#110;m&#97;&#97;m.&#111;&#114;&#103;""},""offers"":{""@type"":""Offer"",""price"":""0"",""priceCurrency"":""USD"",""url"":""https://www.nmaam.org/event/catching-songs-a-rock-n-roll-songwriting-experience/"",""category"":""primary"",""availability"":""inStock"",""validFrom"":""2026-07-02T00:00:00+00:00""},""@id"":""https://www.nmaam.org/event/catching-songs-a-rock-n-roll-songwriting-experience/#event"",""mainEntityOfPage"":{""@id"":""https://www.nmaam.org/event/catching-songs-a-rock-n-roll-songwriting-experience/""}}"
2026-10-01T17:33:08Z,nmaam.org,100144,4bf58dd8d48988d181941735|museum,https://www.nmaam.org/event/ella-mai-exclusive-conversation/,Event,mapped_exact,0.000,Exclusive Conversation with Ella Mai,2026-08-15T12:00:00-05:00,2026-08-15T14:00:00-05:00,https://www.nmaam.org/event/ella-mai-exclusive-conversation/,https://schema.org/EventScheduled,https://schema.org/OfflineEventAttendanceMode,"Today at NMAAM Saturday, August 15, 2026 | 12:00 PM – 2:00 PM Amplify Lounge In partnership with BMI, the National Museum of African American Music presents an exclusive, intimate [&hellip;]","{""@type"":""Place"",""name"":""National Museum of African American Music"",""description"":"""",""url"":""https://www.nmaam.org/venue/national-museum-of-african-american-music/"",""address"":{""@type"":""PostalAddress"",""streetAddress"":""510 Broadway"",""addressLocality"":""Nashville"",""addressRegion"":""TN"",""postalCode"":""37203"",""addressCountry"":""United States""},""telephone"":""6153018724"",""sameAs"":""https://www.nmaam.org""}",,"{""@type"":""Person"",""name"":""National Museum of African American Music"",""description"":"""",""url"":""https://www.nmaam.org"",""telephone"":""6153018724"",""email"":""&#99;o&#109;mun&#105;&#116;&#121;&#64;&#110;maam.org""}",,"{""@id"":""https://www.nmaam.org/event/ella-mai-exclusive-conversation/#primaryimage""}",,"{""@type"":""Event"",""name"":""Exclusive Conversation with Ella Mai"",""description"":""Today at NMAAM Saturday, August 15, 2026 | 12:00 PM – 2:00 PM Amplify Lounge In partnership with BMI, the National Museum of African American Music presents an exclusive, intimate [&hellip;]"",""image"":{""@id"":""https://www.nmaam.org/event/ella-mai-exclusive-conversation/#primaryimage""},""url"":""https://www.nmaam.org/event/ella-mai-exclusive-conversation/"",""eventAttendanceMode"":""https://schema.org/OfflineEventAttendanceMode"",""eventStatus"":""https://schema.org/EventScheduled"",""startDate"":""2026-08-15T12:00:00-05:00"",""endDate"":""2026-08-15T14:00:00-05:00"",""location"":{""@type"":""Place"",""name"":""National Museum of African American Music"",""description"":"""",""url"":""https://www.nmaam.org/venue/national-museum-of-african-american-music/"",""address"":{""@type"":""PostalAddress"",""streetAddress"":""510 Broadway"",""addressLocality"":""Nashville"",""addressRegion"":""TN"",""postalCode"":""37203"",""addressCountry"":""United States""},""telephone"":""6153018724"",""sameAs"":""https://www.nmaam.org""},""organizer"":{""@type"":""Person"",""name"":""National Museum of African American Music"",""description"":"""",""url"":""https://www.nmaam.org"",""telephone"":""6153018724"",""email"":""&#99;o&#109;mun&#105;&#116;&#121;&#64;&#110;maam.org""},""@id"":""https://www.nmaam.org/event/ella-mai-exclusive-conversation/#event"",""mainEntityOfPage"":{""@id"":""https://www.nmaam.org/event/ella-mai-exclusive-conversation/""}}"
2026-10-01T17:33:08Z,nmaam.org,100144,4bf58dd8d48988d181941735|museum,https://www.nmaam.org/event/bobby-rush-king-of-the-chitlin-circuit-film-screening-qa/,Event,mapped_exact,0.000,Bobby Rush: King of the Chitlin&#8217; Circuit — Film Screening &#038; Q&#038;A,2026-09-18T15:00:00-05:00,2026-09-18T19:00:00-05:00,https://www.nmaam.org/event/bobby-rush-king-of-the-chitlin-circuit-film-screening-qa/,https://schema.org/EventScheduled,https://schema.org/OfflineEventAttendanceMode,"Step inside the story of a blues legend. Join Grammy winner and Blues Hall of Famer Bobby Rush for an AMERICANAFEST screening of his new documentary, King of the Chitlin&#8217; [&hellip;]","{""@type"":""Place"",""name"":""National Museum of African American Music"",""description"":"""",""url"":""https://www.nmaam.org/venue/national-museum-of-african-american-music/"",""address"":{""@type"":""PostalAddress"",""streetAddress"":""510 Broadway"",""addressLocality"":""Nashville"",""addressRegion"":""TN"",""postalCode"":""37203"",""addressCountry"":""United States""},""telephone"":""6153018724"",""sameAs"":""https://www.nmaam.org""}","{""@type"":""Offer"",""price"":""0"",""priceCurrency"":""USD"",""url"":""https://www.nmaam.org/event/bobby-rush-king-of-the-chitlin-circuit-film-screening-qa/"",""category"":""primary"",""availability"":""inStock"",""validFrom"":""2026-08-18T00:00:00+00:00""}","{""@type"":""Person"",""name"":""National Museum of African American Music"",""description"":"""",""url"":""https://www.nmaam.org"",""telephone"":""6153018724"",""email"":""comm&#117;ni&#116;&#121;&#64;nm&#97;&#97;m.&#111;&#114;&#103;""}",,"{""@id"":""https://www.nmaam.org/event/bobby-rush-king-of-the-chitlin-circuit-film-screening-qa/#primaryimage""}",,"{""@type"":""Event"",""name"":""Bobby Rush: King of the Chitlin&#8217; Circuit — Film Screening &#038; Q&#038;A"",""description"":""Step inside the story of a blues legend. Join Grammy winner and Blues Hall of Famer Bobby Rush for an AMERICANAFEST screening of his new documentary, King of the Chitlin&#8217; [&hellip;]"",""image"":{""@id"":""https://www.nmaam.org/event/bobby-rush-king-of-the-chitlin-circuit-film-screening-qa/#primaryimage""},""url"":""https://www.nmaam.org/event/bobby-rush-king-of-the-chitlin-circuit-film-screening-qa/"",""eventAttendanceMode"":""https://schema.org/OfflineEventAttendanceMode"",""eventStatus"":""https://schema.org/EventScheduled"",""startDate"":""2026-09-18T15:00:00-05:00"",""endDate"":""2026-09-18T19:00:00-05:00"",""location"":{""@type"":""Place"",""name"":""National Museum of African American Music"",""description"":"""",""url"":""https://www.nmaam.org/venue/national-museum-of-african-american-music/"",""address"":{""@type"":""PostalAddress"",""streetAddress"":""510 Broadway"",""addressLocality"":""Nashville"",""addressRegion"":""TN"",""postalCode"":""37203"",""addressCountry"":""United States""},""telephone"":""6153018724"",""sameAs"":""https://www.nmaam.org""},""organizer"":{""@type"":""Person"",""name"":""National Museum of African American Music"",""description"":"""",""url"":""https://www.nmaam.org"",""telephone"":""6153018724"",""email"":""comm&#117;ni&#116;&#121;&#64;nm&#97;&#97;m.&#111;&#114;&#103;""},""offers"":{""@type"":""Offer"",""price"":""0"",""priceCurrency"":""USD"",""url"":""https://www.nmaam.org/event/bobby-rush-king-of-the-chitlin-circuit-film-screening-qa/"",""category"":""primary"",""availability"":""inStock"",""validFrom"":""2026-08-18T00:00:00+00:00""},""@id"":""https://www.nmaam.org/event/bobby-rush-king-of-the-chitlin-circuit-film-screening-qa/#event"",""mainEntityOfPage"":{""@id"":""https://www.nmaam.org/event/bobby-rush-king-of-the-chitlin-circuit-film-screening-qa/""}}"
2026-10-01T17:33:08Z,transcore.com,100144,4bf58dd8d48988d184941735|stadium,https://transcore.com/event/innotrans-3,Event,mapped_seed_site,,Innotrans,2026-09-22T00:00:00+00:00,2026-09-25T23:59:59+00:00,https://transcore.com/event/innotrans-3/,https://schema.org/EventScheduled,https://schema.org/OfflineEventAttendanceMode,&lt;p&gt;TransCore Exhibiting: Hall 23 / Stand #215&lt;/p&gt;\n,"{""@type"":""Place"",""name"":""Messe Berlin"",""description"":"""",""url"":"""",""address"":{""@type"":""PostalAddress"",""addressCountry"":""Germany""},""telephone"":"""",""sameAs"":""""}",,,"""Organization""",,,"{""@context"":""http://schema.org"",""@type"":""Event"",""name"":""Innotrans"",""description"":""&lt;p&gt;TransCore Exhibiting:  Hall 23 / Stand #215&lt;/p&gt;\\n"",""url"":""https://transcore.com/event/innotrans-3/"",""eventAttendanceMode"":""https://schema.org/OfflineEventAttendanceMode"",""eventStatus"":""https://schema.org/EventScheduled"",""startDate"":""2026-09-22T00:00:00+00:00"",""endDate"":""2026-09-25T23:59:59+00:00"",""location"":{""@type"":""Place"",""name"":""Messe Berlin"",""description"":"""",""url"":"""",""address"":{""@type"":""PostalAddress"",""addressCountry"":""Germany""},""telephone"":"""",""sameAs"":""""},""performer"":""Organization""}"
2026-10-01T17:33:08Z,theacmenashville.com,100144,4bf58dd8d48988d1e5931735|music venue,https://www.acmefeedandseed.com/calendar/3drcy7ba7wj9ar9-jbm8b-ssrxk-dapbw-f8zy5,Event,mapped_seed_site,,Country Club Day ft. The Cowpokes — Acme Feed and Seed,2026-10-02T12:00:00-0500,2026-10-02T16:00:00-0500,https://www.acmefeedandseed.com/calendar/3drcy7ba7wj9ar9-jbm8b-ssrxk-dapbw-f8zy5,,,,"{""name"":""Acme Feed and Seed"",""address"":""101 Broadway\nNashville, TN 37201\nUnited States"",""@context"":""http://schema.org"",""@type"":""Place""}",,,,"[""http://static1.squarespace.com/static/5c422df2af2096b86008eaad/t/6a98504caca9be4094b33e79/1788280960341/TV+Assets+2025+%2844%29.png?format=1500w""]",,"{""name"":""Country Club Day ft. The Cowpokes — Acme Feed and Seed"",""startDate"":""2026-10-02T12:00:00-0500"",""endDate"":""2026-10-02T16:00:00-0500"",""image"":[""http://static1.squarespace.com/static/5c422df2af2096b86008eaad/t/6a98504caca9be4094b33e79/1788280960341/TV+Assets+2025+%2844%29.png?format=1500w""],""location"":{""name"":""Acme Feed and Seed"",""address"":""101 Broadway\nNashville, TN 37201\nUnited States"",""@context"":""http://schema.org"",""@type"":""Place""},""@context"":""http://schema.org"",""@type"":""Event""}"
2026-10-01T17:33:08Z,theacmenashville.com,100144,4bf58dd8d48988d1e5931735|music venue,https://www.acmefeedandseed.com/calendar/2025/6/20/wild-bill-amp-the-bruisers-1-spdpb-ft5c6-96jz7-f4apf-zmlb7-eydhs-62gyx-fjz6y-karfa-phasb-cyry2-25mfm-cwt94-afzmr-rglzm,Event,mapped_seed_site,,Sturgill Simpson Pre-Party ft. Proud Highway — Acme Feed and Seed,2026-10-02T17:00:00-0500,2026-10-02T19:30:00-0500,https://www.acmefeedandseed.com/calendar/2025/6/20/wild-bill-amp-the-bruisers-1-spdpb-ft5c6-96jz7-f4apf-zmlb7-eydhs-62gyx-fjz6y-karfa-phasb-cyry2-25mfm-cwt94-afzmr-rglzm,,,,"{""name"":""Acme Feed and Seed"",""address"":""101 Broadway\nNashville, TN 37201\nUnited States"",""@context"":""http://schema.org"",""@type"":""Place""}",,,,"[""http://static1.squarespace.com/static/5c422df2af2096b86008eaad/t/6aa0505448b3af1a48660a0c/1788891243744/IMG_9313.jpeg?format=1500w""]",,"{""name"":""Sturgill Simpson Pre-Party ft. Proud Highway — Acme Feed and Seed"",""startDate"":""2026-10-02T17:00:00-0500"",""endDate"":""2026-10-02T19:30:00-0500"",""image"":[""http://static1.squarespace.com/static/5c422df2af2096b86008eaad/t/6aa0505448b3af1a48660a0c/1788891243744/IMG_9313.jpeg?format=1500w""],""location"":{""name"":""Acme Feed and Seed"",""address"":""101 Broadway\nNashville, TN 37201\nUnited States"",""@context"":""http://schema.org"",""@type"":""Place""},""@context"":""http://schema.org"",""@type"":""Event""}"
2026-10-01T17:33:08Z,theacmenashville.com,100144,4bf58dd8d48988d1e5931735|music venue,https://www.acmefeedandseed.com/calendar/2025/6/20/wild-bill-amp-the-bruisers-1-spdpb-ft5c6-96jz7-f4apf-zmlb7-eydhs-62gyx-fjz6y-2hg9m-jgm5f-3lwgx-4ny8p-tc6kz-6de7w-6xpdz-588ff,Event,mapped_seed_site,,TBA — Acme Feed and Seed,2026-10-02T20:00:00-0500,2026-10-02T23:00:00-0500,https://www.acmefeedandseed.com/calendar/2025/6/20/wild-bill-amp-the-bruisers-1-spdpb-ft5c6-96jz7-f4apf-zmlb7-eydhs-62gyx-fjz6y-2hg9m-jgm5f-3lwgx-4ny8p-tc6kz-6de7w-6xpdz-588ff,,,,"{""name"":""Acme Feed and Seed"",""address"":""101 Broadway\nNashville, TN 37201\nUnited States"",""@context"":""http://schema.org"",""@type"":""Place""}",,,,,,"{""name"":""TBA — Acme Feed and Seed"",""startDate"":""2026-10-02T20:00:00-0500"",""endDate"":""2026-10-02T23:00:00-0500"",""location"":{""name"":""Acme Feed and Seed"",""address"":""101 Broadway\nNashville, TN 37201\nUnited States"",""@context"":""http://schema.org"",""@type"":""Place""},""@context"":""http://schema.org"",""@type"":""Event""}"
2026-10-01T17:33:08Z,nmaam.org,100144,4bf58dd8d48988d181941735|museum,https://www.nmaam.org/event/heartbeat-saturdays-6/2026-10-03/,Event,mapped_exact,0.000,Heartbeat Saturdays,2026-10-03T11:30:00-05:00,2026-10-03T14:30:00-05:00,https://www.nmaam.org/event/heartbeat-saturdays-6/2026-10-03/,https://schema.org/EventScheduled,https://schema.org/OfflineEventAttendanceMode,"Join us every Saturday in the NMAAM lobby from 11:30 AM to 2:30 PM for Heartbeat Saturday, a curated event that is free and open to the public. Experience vibrant [&hellip;]","{""@type"":""Place"",""name"":""National Museum of African American Music"",""description"":"""",""url"":""https://www.nmaam.org/venue/national-museum-of-african-american-music/"",""address"":{""@type"":""PostalAddress"",""streetAddress"":""510 Broadway"",""addressLocality"":""Nashville"",""addressRegion"":""TN"",""postalCode"":""37203"",""addressCountry"":""United States""},""telephone"":""6153018724"",""sameAs"":""https://www.nmaam.org""}","{""@type"":""Offer"",""price"":""0"",""priceCurrency"":""USD"",""url"":""https://www.nmaam.org/event/heartbeat-saturdays-6/2026-10-03/"",""category"":""primary"",""availability"":""inStock"",""validFrom"":""2026-09-25T00:00:00+00:00""}","{""@type"":""Person"",""name"":""NMAAM"",""description"":"""",""url"":""https://www.nmaam.org/"",""telephone"":""615-301-8724"",""email"":""&#105;&#110;&#102;&#111;&#64;&#110;m&#97;&#97;m&#46;org""}",,"{""@id"":""https://www.nmaam.org/event/heartbeat-saturdays-6/2026-10-03/#primaryimage""}",,"{""@type"":""Event"",""name"":""Heartbeat Saturdays"",""description"":""Join us every Saturday in the NMAAM lobby from 11:30 AM to 2:30 PM for Heartbeat Saturday, a curated event that is free and open to the public. Experience vibrant [&hellip;]"",""image"":{""@id"":""https://www.nmaam.org/event/heartbeat-saturdays-6/2026-10-03/#primaryimage""},""url"":""https://www.nmaam.org/event/heartbeat-saturdays-6/2026-10-03/"",""eventAttendanceMode"":""https://schema.org/OfflineEventAttendanceMode"",""eventStatus"":""https://schema.org/EventScheduled"",""startDate"":""2026-10-03T11:30:00-05:00"",""endDate"":""2026-10-03T14:30:00-05:00"",""location"":{""@type"":""Place"",""name"":""National Museum of African American Music"",""description"":"""",""url"":""https://www.nmaam.org/venue/national-museum-of-african-american-music/"",""address"":{""@type"":""PostalAddress"",""streetAddress"":""510 Broadway"",""addressLocality"":""Nashville"",""addressRegion"":""TN"",""postalCode"":""37203"",""addressCountry"":""United States""},""telephone"":""6153018724"",""sameAs"":""https://www.nmaam.org""},""organizer"":{""@type"":""Person"",""name"":""NMAAM"",""description"":"""",""url"":""https://www.nmaam.org/"",""telephone"":""615-301-8724"",""email"":""&#105;&#110;&#102;&#111;&#64;&#110;m&#97;&#97;m&#46;org""},""offers"":{""@type"":""Offer"",""price"":""0"",""priceCurrency"":""USD"",""url"":""https://www.nmaam.org/event/heartbeat-saturdays-6/2026-10-03/"",""category"":""primary"",""availability"":""inStock"",""validFrom"":""2026-09-25T00:00:00+00:00""},""@id"":""https://www.nmaam.org/event/heartbeat-saturdays-6/2026-10-03/#event"",""mainEntityOfPage"":{""@id"":""https://www.nmaam.org/event/heartbeat-saturdays/2026-10-03/""}}"
2026-10-01T17:33:08Z,theacmenashville.com,100144,4bf58dd8d48988d1e5931735|music venue,https://www.acmefeedandseed.com/calendar/2025/6/20/wild-bill-amp-the-bruisers-1-spdpb-ft5c6-96jz7-f4apf-zmlb7-eydhs-62gyx-fjz6y-karfa-phasb-cyry2-25mfm-5sc78-l2pax-kd4m9,Event,mapped_seed_site,,Peter Stringer-Hye — Acme Feed and Seed,2026-10-03T17:00:00-0500,2026-10-03T19:00:00-0500,https://www.acmefeedandseed.com/calendar/2025/6/20/wild-bill-amp-the-bruisers-1-spdpb-ft5c6-96jz7-f4apf-zmlb7-eydhs-62gyx-fjz6y-karfa-phasb-cyry2-25mfm-5sc78-l2pax-kd4m9,,,,"{""name"":""Acme Feed and Seed"",""address"":""101 Broadway\nNashville, TN 37201\nUnited States"",""@context"":""http://schema.org"",""@type"":""Place""}",,,,,,"{""name"":""Peter Stringer-Hye — Acme Feed and Seed"",""startDate"":""2026-10-03T17:00:00-0500"",""endDate"":""2026-10-03T19:00:00-0500"",""location"":{""name"":""Acme Feed and Seed"",""address"":""101 Broadway\nNashville, TN 37201\nUnited States"",""@context"":""http://schema.org"",""@type"":""Place""},""@context"":""http://schema.org"",""@type"":""Event""}"
2026-10-01T17:33:08Z,theacmenashville.com,100144,4bf58dd8d48988d1e5931735|music venue,https://www.acmefeedandseed.com/calendar/2025/7/5/gabe-tonon-x6pdw-s74yt-6ek62-mrp7k-wsxrt-rlh6w-gx8h8-axxr9-w6mdb-jlgg7-krs2j-e9537-5afth-zmrbh-tzlz3-gdmbp-eml9c-t6gga,Event,mapped_seed_site,,Bluegrass By The River ft. Noelle Goodin — Acme Feed and Seed,2026-10-03T18:30:00-0500,2026-10-03T21:30:00-0500,https://www.acmefeedandseed.com/calendar/2025/7/5/gabe-tonon-x6pdw-s74yt-6ek62-mrp7k-wsxrt-rlh6w-gx8h8-axxr9-w6mdb-jlgg7-krs2j-e9537-5afth-zmrbh-tzlz3-gdmbp-eml9c-t6gga,,,,"{""name"":""Acme Feed and Seed"",""address"":""101 Broadway\nNashville, TN 37201\nUnited States"",""@context"":""http://schema.org"",""@type"":""Place""}",,,,"[""http://static1.squarespace.com/static/5c422df2af2096b86008eaad/t/6a9850a980ced56280147341/1775152756029/acme+bluegrass+by+the+river+%284%29.png?format=1500w""]",,"{""name"":""Bluegrass By The River ft. Noelle Goodin — Acme Feed and Seed"",""startDate"":""2026-10-03T18:30:00-0500"",""endDate"":""2026-10-03T21:30:00-0500"",""image"":[""http://static1.squarespace.com/static/5c422df2af2096b86008eaad/t/6a9850a980ced56280147341/1775152756029/acme+bluegrass+by+the+river+%284%29.png?format=1500w""],""location"":{""name"":""Acme Feed and Seed"",""address"":""101 Broadway\nNashville, TN 37201\nUnited States"",""@context"":""http://schema.org"",""@type"":""Place""},""@context"":""http://schema.org"",""@type"":""Event""}"
2026-10-01T17:33:08Z,theacmenashville.com,100144,4bf58dd8d48988d1e5931735|music venue,https://www.acmefeedandseed.com/calendar/2025/6/20/wild-bill-amp-the-bruisers-1-spdpb-ft5c6-96jz7-f4apf-zmlb7-eydhs-62gyx-fjz6y-karfa-phasb-cyry2-25mfm-h8sbs-38lz9-wnnbs-7wkl4-thlwt-4b9dl-dln4p,Event,mapped_seed_site,,Wild Bill &amp; The Bruisers — Acme Feed and Seed,2026-10-03T20:00:00-0500,2026-10-03T23:00:00-0500,https://www.acmefeedandseed.com/calendar/2025/6/20/wild-bill-amp-the-bruisers-1-spdpb-ft5c6-96jz7-f4apf-zmlb7-eydhs-62gyx-fjz6y-karfa-phasb-cyry2-25mfm-h8sbs-38lz9-wnnbs-7wkl4-thlwt-4b9dl-dln4p,,,,"{""name"":""Acme Feed and Seed"",""address"":""101 Broadway\nNashville, TN 37201\nUnited States"",""@context"":""http://schema.org"",""@type"":""Place""}",,,,,,"{""name"":""Wild Bill &amp; The Bruisers — Acme Feed and Seed"",""startDate"":""2026-10-03T20:00:00-0500"",""endDate"":""2026-10-03T23:00:00-0500"",""location"":{""name"":""Acme Feed and Seed"",""address"":""101 Broadway\nNashville, TN 37201\nUnited States"",""@context"":""http://schema.org"",""@type"":""Place""},""@context"":""http://schema.org"",""@type"":""Event""}"
2026-10-01T17:33:08Z,theacmenashville.com,100144,4bf58dd8d48988d1e5931735|music venue,https://www.acmefeedandseed.com/calendar/4pr9k2e8ckrsg4z-ctdhx-9sfh8-ma4zk-4kps8-9rzj8-5pzap-2sa2n-h7hxn-292m7-ncjyc-l8gg4-fbgz7-dwjp5-s4jyn-ajrk2-xw9eh,Event,mapped_seed_site,,Bluegrass Brunch ft. Nash Grass Unit — Acme Feed and Seed,2026-10-04T12:00:00-0500,2026-10-04T15:00:00-0500,https://www.acmefeedandseed.com/calendar/4pr9k2e8ckrsg4z-ctdhx-9sfh8-ma4zk-4kps8-9rzj8-5pzap-2sa2n-h7hxn-292m7-ncjyc-l8gg4-fbgz7-dwjp5-s4jyn-ajrk2-xw9eh,,,,"{""name"":""Acme Feed and Seed"",""address"":""101 Broadway\nNashville, TN 37201\nUnited States"",""@context"":""http://schema.org"",""@type"":""Place""}",,,,"[""http://static1.squarespace.com/static/5c422df2af2096b86008eaad/t/6a9850f42ef55b5b1c0b5cda/1788281736263/TV+Assets+2025+%2846%29.png?format=1500w""]",,"{""name"":""Bluegrass Brunch ft. Nash Grass Unit — Acme Feed and Seed"",""startDate"":""2026-10-04T12:00:00-0500"",""endDate"":""2026-10-04T15:00:00-0500"",""image"":[""http://static1.squarespace.com/static/5c422df2af2096b86008eaad/t/6a9850f42ef55b5b1c0b5cda/1788281736263/TV+Assets+2025+%2846%29.png?format=1500w""],""location"":{""name"":""Acme Feed and Seed"",""address"":""101 Broadway\nNashville, TN 37201\nUnited States"",""@context"":""http://schema.org"",""@type"":""Place""},""@context"":""http://schema.org"",""@type"":""Event""}"
2026-10-01T17:33:08Z,theacmenashville.com,100144,4bf58dd8d48988d1e5931735|music venue,https://www.acmefeedandseed.com/calendar/2024/12/1/sunday-salsa-ft-giovanni-rodriguez-d3lmk-kst74-sy8r2-bzphs-mkgld-a4ngh-skrwl-a8stt-3dr5w-xa8bb,Event,mapped_seed_site,,Sunday Salsa ft. Giovanni Rodriguez — Acme Feed and Seed,2026-10-04T18:00:00-0500,2026-10-04T21:00:00-0500,https://www.acmefeedandseed.com/calendar/2024/12/1/sunday-salsa-ft-giovanni-rodriguez-d3lmk-kst74-sy8r2-bzphs-mkgld-a4ngh-skrwl-a8stt-3dr5w-xa8bb,,,,"{""name"":""Acme Feed and Seed"",""address"":""101 Broadway\nNashville, TN 37201\nUnited States"",""@context"":""http://schema.org"",""@type"":""Place""}",,,,"[""http://static1.squarespace.com/static/5c422df2af2096b86008eaad/t/6a98512e80334b4eb019e637/1768326553559/Salsa+Sunday+Story+Art+%282%29.png?format=1500w""]",,"{""name"":""Sunday Salsa ft. Giovanni Rodriguez — Acme Feed and Seed"",""startDate"":""2026-10-04T18:00:00-0500"",""endDate"":""2026-10-04T21:00:00-0500"",""image"":[""http://static1.squarespace.com/static/5c422df2af2096b86008eaad/t/6a98512e80334b4eb019e637/1768326553559/Salsa+Sunday+Story+Art+%282%29.png?format=1500w""],""location"":{""name"":""Acme Feed and Seed"",""address"":""101 Broadway\nNashville, TN 37201\nUnited States"",""@context"":""http://schema.org"",""@type"":""Place""},""@context"":""http://schema.org"",""@type"":""Event""}"
2026-10-01T17:33:08Z,theacmenashville.com,100144,4bf58dd8d48988d1e5931735|music venue,https://www.acmefeedandseed.com/calendar/6al6xf6cakpr2b5-ypm4p-lcjp3-6jkdd-w4h78-fp3jg-ah94e-3skkt-nrbfx-7y8r5-mscc6-sscmm-l2lya-nsf3c,Event,mapped_seed_site,,Twang Tuesday feat. Les Tonky: A Night of Backbeat Twang — Acme Feed and Seed,2026-10-06T19:00:00-0500,2026-10-06T22:00:00-0500,https://www.acmefeedandseed.com/calendar/6al6xf6cakpr2b5-ypm4p-lcjp3-6jkdd-w4h78-fp3jg-ah94e-3skkt-nrbfx-7y8r5-mscc6-sscmm-l2lya-nsf3c,,,,"{""name"":""Acme Feed and Seed"",""address"":""101 Broadway\nNashville, TN 37201\nUnited States"",""@context"":""http://schema.org"",""@type"":""Place""}",,,,"[""http://static1.squarespace.com/static/5c422df2af2096b86008eaad/t/6a984fe01e18b645d9e451f2/1788279481099/TV+Assets+2025+%2841%29.png?format=1500w""]",,"{""name"":""Twang Tuesday feat. Les Tonky: A Night of Backbeat Twang — Acme Feed and Seed"",""startDate"":""2026-10-06T19:00:00-0500"",""endDate"":""2026-10-06T22:00:00-0500"",""image"":[""http://static1.squarespace.com/static/5c422df2af2096b86008eaad/t/6a984fe01e18b645d9e451f2/1788279481099/TV+Assets+2025+%2841%29.png?format=1500w""],""location"":{""name"":""Acme Feed and Seed"",""address"":""101 Broadway\nNashville, TN 37201\nUnited States"",""@context"":""http://schema.org"",""@type"":""Place""},""@context"":""http://schema.org"",""@type"":""Event""}"
2026-10-01T17:33:08Z,nmaam.org,100144,4bf58dd8d48988d181941735|museum,https://www.nmaam.org/event/5678/2026-10-07/,Event,mapped_exact,0.000,NMAAM Presents: Sounds In Cinema,2026-10-07T15:30:00-05:00,2026-10-07T17:30:00-05:00,https://www.nmaam.org/event/5678/2026-10-07/,https://schema.org/EventScheduled,https://schema.org/OfflineEventAttendanceMode,"SOUNDS IN CINEMA Where film meets music history. Join us for curated documentary screenings that explore the intersection of African American music and cinema, featuring authentic industry conversations and special [&hellip;]","{""@type"":""Place"",""name"":""National Museum of African American Music"",""description"":"""",""url"":""https://www.nmaam.org/venue/national-museum-of-african-american-music/"",""address"":{""@type"":""PostalAddress"",""streetAddress"":""510 Broadway"",""addressLocality"":""Nashville"",""addressRegion"":""TN"",""postalCode"":""37203"",""addressCountry"":""United States""},""telephone"":""6153018724"",""sameAs"":""https://www.nmaam.org""}","{""@type"":""Offer"",""price"":""0"",""priceCurrency"":""USD"",""url"":""https://www.nmaam.org/event/5678/2026-10-07/"",""category"":""primary"",""availability"":""inStock"",""validFrom"":""2026-02-19T00:00:00+00:00""}","{""@type"":""Person"",""name"":""National Museum of African American Music"",""description"":"""",""url"":""https://www.nmaam.org"",""telephone"":""6153018724"",""email"":""c&#111;&#109;&#109;&#117;n&#105;&#116;&#121;&#64;nm&#97;am&#46;&#111;rg""}",,"{""@id"":""https://www.nmaam.org/event/5678/2026-10-07/#primaryimage""}",,"{""@type"":""Event"",""name"":""NMAAM Presents: Sounds In Cinema"",""description"":""SOUNDS IN CINEMA  Where film meets music history. Join us for curated documentary screenings that explore the intersection of African American music and cinema, featuring authentic industry conversations and special [&hellip;]"",""image"":{""@id"":""https://www.nmaam.org/event/5678/2026-10-07/#primaryimage""},""url"":""https://www.nmaam.org/event/5678/2026-10-07/"",""eventAttendanceMode"":""https://schema.org/OfflineEventAttendanceMode"",""eventStatus"":""https://schema.org/EventScheduled"",""startDate"":""2026-10-07T15:30:00-05:00"",""endDate"":""2026-10-07T17:30:00-05:00"",""location"":{""@type"":""Place"",""name"":""National Museum of African American Music"",""description"":"""",""url"":""https://www.nmaam.org/venue/national-museum-of-african-american-music/"",""address"":{""@type"":""PostalAddress"",""streetAddress"":""510 Broadway"",""addressLocality"":""Nashville"",""addressRegion"":""TN"",""postalCode"":""37203"",""addressCountry"":""United States""},""telephone"":""6153018724"",""sameAs"":""https://www.nmaam.org""},""organizer"":{""@type"":""Person"",""name"":""National Museum of African American Music"",""description"":"""",""url"":""https://www.nmaam.org"",""telephone"":""6153018724"",""email"":""c&#111;&#109;&#109;&#117;n&#105;&#116;&#121;&#64;nm&#97;am&#46;&#111;rg""},""offers"":{""@type"":""Offer"",""price"":""0"",""priceCurrency"":""USD"",""url"":""https://www.nmaam.org/event/5678/2026-10-07/"",""category"":""primary"",""availability"":""inStock"",""validFrom"":""2026-02-19T00:00:00+00:00""},""@id"":""https://www.nmaam.org/event/5678/2026-10-07/#event"",""mainEntityOfPage"":{""@id"":""https://www.nmaam.org/event/5678/2026-10-07/""}}"
2026-10-01T17:33:08Z,livenation.com,100039|100071|100074|100109|100118,4bf58dd8d48988d1e5931735|amphitheater|concert hall|music venue|rock club,https://www.livenation.com/artist/K8vZ9173GO7/bleachers-events,MusicEvent,mapped_exact,0.000,Bleachers Forever,2026-10-08T19:30:00-05:00,,https://www.livenation.com/event/G5viZ_kmbi5h3/bleachers-forever,https://schema.org/EventScheduled,https://schema.org/OfflineEventAttendanceMode,"Bleachers Forever Thursday, October 8, 2026 at 7:30 PM CDT The Truth, Nashville, TN","{""@type"":""Place"",""address"":{""@type"":""PostalAddress"",""addressCountry"":{""@type"":""Country"",""name"":""US""},""addressLocality"":""Nashville"",""addressRegion"":""TN"",""postalCode"":""37203"",""streetAddress"":""440 Chestnut Street""},""name"":""The Truth"",""sameAs"":""https://www.livenation.com/venue/KovZ917ASBh/the-truth-events""}",,,,"""https://s1.ticketm.net/dam/a/c22/c8629e9a-cca8-4ef6-992e-712853df0c22_TABLET_LANDSCAPE_LARGE_16_9.jpg""",,"{""@context"":""https://schema.org"",""@type"":""MusicEvent"",""description"":""Bleachers Forever Thursday, October 8, 2026 at 7:30 PM CDT The Truth, Nashville, TN"",""eventAttendanceMode"":""https://schema.org/OfflineEventAttendanceMode"",""eventStatus"":""https://schema.org/EventScheduled"",""image"":""https://s1.ticketm.net/dam/a/c22/c8629e9a-cca8-4ef6-992e-712853df0c22_TABLET_LANDSCAPE_LARGE_16_9.jpg"",""location"":{""@type"":""Place"",""address"":{""@type"":""PostalAddress"",""addressCountry"":{""@type"":""Country"",""name"":""US""},""addressLocality"":""Nashville"",""addressRegion"":""TN"",""postalCode"":""37203"",""streetAddress"":""440 Chestnut Street""},""name"":""The Truth"",""sameAs"":""https://www.livenation.com/venue/KovZ917ASBh/the-truth-events""},""name"":""Bleachers Forever"",""performers"":[{""@type"":""MusicGroup"",""name"":""Bleachers"",""sameAs"":""https://www.livenation.com/artist/K8vZ9173GO7/bleachers-events""},{""@type"":""MusicGroup"",""name"":""This Is Lorelei"",""sameAs"":""https://www.livenation.com/artist/K8vZ917jsV7/this-is-lorelei-events""}],""startDate"":""2026-10-08T19:30:00-05:00"",""url"":""https://www.livenation.com/event/G5viZ_kmbi5h3/bleachers-forever""}"
2026-10-01T17:33:08Z,theacmenashville.com,100144,4bf58dd8d48988d1e5931735|music venue,https://www.acmefeedandseed.com/calendar/3drcy7ba7wj9ar9-jbm8b-ssrxk-dapbw-f8zy5-pzmjt,Event,mapped_seed_site,,Country Club Day ft. The Cowpokes — Acme Feed and Seed,2026-10-09T12:00:00-0500,2026-10-09T16:00:00-0500,https://www.acmefeedandseed.com/calendar/3drcy7ba7wj9ar9-jbm8b-ssrxk-dapbw-f8zy5-pzmjt,,,,"{""name"":""Acme Feed and Seed"",""address"":""101 Broadway\nNashville, TN 37201\nUnited States"",""@context"":""http://schema.org"",""@type"":""Place""}",,,,"[""http://static1.squarespace.com/static/5c422df2af2096b86008eaad/t/6a9852a2fee6125c29eefacc/1788280960341/TV+Assets+2025+%2844%29.png?format=1500w""]",,"{""name"":""Country Club Day ft. The Cowpokes — Acme Feed and Seed"",""startDate"":""2026-10-09T12:00:00-0500"",""endDate"":""2026-10-09T16:00:00-0500"",""image"":[""http://static1.squarespace.com/static/5c422df2af2096b86008eaad/t/6a9852a2fee6125c29eefacc/1788280960341/TV+Assets+2025+%2844%29.png?format=1500w""],""location"":{""name"":""Acme Feed and Seed"",""address"":""101 Broadway\nNashville, TN 37201\nUnited States"",""@context"":""http://schema.org"",""@type"":""Place""},""@context"":""http://schema.org"",""@type"":""Event""}"
2026-10-01T17:33:08Z,theacmenashville.com,100144,4bf58dd8d48988d1e5931735|music venue,https://www.acmefeedandseed.com/calendar/2025/6/20/wild-bill-amp-the-bruisers-1-spdpb-ft5c6-96jz7-f4apf-zmlb7-eydhs-62gyx-fjz6y-2hg9m-jgm5f-3lwgx-4ny8p-tc6kz-6de7w-6xpdz-588ff-sx7ja,Event,mapped_seed_site,,Nathan Kalish &amp; His Derechos — Acme Feed and Seed,2026-10-09T17:00:00-0500,2026-10-09T19:00:00-0500,https://www.acmefeedandseed.com/calendar/2025/6/20/wild-bill-amp-the-bruisers-1-spdpb-ft5c6-96jz7-f4apf-zmlb7-eydhs-62gyx-fjz6y-2hg9m-jgm5f-3lwgx-4ny8p-tc6kz-6de7w-6xpdz-588ff-sx7ja,,,,"{""name"":""Acme Feed and Seed"",""address"":""101 Broadway\nNashville, TN 37201\nUnited States"",""@context"":""http://schema.org"",""@type"":""Place""}",,,,,,"{""name"":""Nathan Kalish &amp; His Derechos — Acme Feed and Seed"",""startDate"":""2026-10-09T17:00:00-0500"",""endDate"":""2026-10-09T19:00:00-0500"",""location"":{""name"":""Acme Feed and Seed"",""address"":""101 Broadway\nNashville, TN 37201\nUnited States"",""@context"":""http://schema.org"",""@type"":""Place""},""@context"":""http://schema.org"",""@type"":""Event""}"
2026-10-01T17:33:08Z,nmaam.org,100144,4bf58dd8d48988d181941735|museum,https://www.nmaam.org/event/finding-home-songs-of-love-justice-jazz-concert/,Event,mapped_exact,0.000,Finding Home | Songs of Love &#038; Justice Benefit Concert,2026-10-09T19:00:00-05:00,2026-10-09T21:00:00-05:00,https://www.nmaam.org/event/finding-home-songs-of-love-justice-jazz-concert/,https://schema.org/EventScheduled,https://schema.org/OfflineEventAttendanceMode,"An Evening with Cheryl Slay Carr Finding Home: Songs of Love and Justice A Benefit Concert Supporting I Am Next Date: Friday, October 9, 2026 Doors Open: 6:15 PM Concert: [&hellip;]","{""@type"":""Place"",""name"":""National Museum of African American Music"",""description"":"""",""url"":""https://www.nmaam.org/venue/national-museum-of-african-american-music/"",""address"":{""@type"":""PostalAddress"",""streetAddress"":""510 Broadway"",""addressLocality"":""Nashville"",""addressRegion"":""TN"",""postalCode"":""37203"",""addressCountry"":""United States""},""telephone"":""6153018724"",""sameAs"":""https://www.nmaam.org""}","{""@type"":""Offer"",""price"":""25.00"",""priceCurrency"":""USD"",""url"":""https://www.nmaam.org/event/finding-home-songs-of-love-justice-jazz-concert/"",""category"":""primary"",""availability"":""inStock"",""validFrom"":""2026-08-20T00:00:00+00:00""}","{""@type"":""Person"",""name"":""National Museum of African American Music"",""description"":"""",""url"":""https://www.nmaam.org"",""telephone"":""6153018724"",""email"":""&#99;&#111;&#109;&#109;&#117;nit&#121;&#64;n&#109;a&#97;m.&#111;r&#103;""}",,"{""@id"":""https://www.nmaam.org/event/finding-home-songs-of-love-justice-jazz-concert/#primaryimage""}",,"{""@type"":""Event"",""name"":""Finding Home | Songs of Love &#038; Justice Benefit Concert"",""description"":""An Evening with Cheryl Slay Carr Finding Home: Songs of Love and Justice A Benefit Concert Supporting I Am Next  Date: Friday, October 9, 2026 Doors Open: 6:15 PM Concert: [&hellip;]"",""image"":{""@id"":""https://www.nmaam.org/event/finding-home-songs-of-love-justice-jazz-concert/#primaryimage""},""url"":""https://www.nmaam.org/event/finding-home-songs-of-love-justice-jazz-concert/"",""eventAttendanceMode"":""https://schema.org/OfflineEventAttendanceMode"",""eventStatus"":""https://schema.org/EventScheduled"",""startDate"":""2026-10-09T19:00:00-05:00"",""endDate"":""2026-10-09T21:00:00-05:00"",""location"":{""@type"":""Place"",""name"":""National Museum of African American Music"",""description"":"""",""url"":""https://www.nmaam.org/venue/national-museum-of-african-american-music/"",""address"":{""@type"":""PostalAddress"",""streetAddress"":""510 Broadway"",""addressLocality"":""Nashville"",""addressRegion"":""TN"",""postalCode"":""37203"",""addressCountry"":""United States""},""telephone"":""6153018724"",""sameAs"":""https://www.nmaam.org""},""organizer"":{""@type"":""Person"",""name"":""National Museum of African American Music"",""description"":"""",""url"":""https://www.nmaam.org"",""telephone"":""6153018724"",""email"":""&#99;&#111;&#109;&#109;&#117;nit&#121;&#64;n&#109;a&#97;m.&#111;r&#103;""},""offers"":{""@type"":""Offer"",""price"":""25.00"",""priceCurrency"":""USD"",""url"":""https://www.nmaam.org/event/finding-home-songs-of-love-justice-jazz-concert/"",""category"":""primary"",""availability"":""inStock"",""validFrom"":""2026-08-20T00:00:00+00:00""},""@id"":""https://www.nmaam.org/event/finding-home-songs-of-love-justice-jazz-concert/#event"",""mainEntityOfPage"":{""@id"":""https://www.nmaam.org/event/finding-home-songs-of-love-justice-jazz-concert/""}}"
2026-10-01T17:33:08Z,nmaam.org,100144,4bf58dd8d48988d181941735|museum,https://www.nmaam.org/event/heartbeat-saturday-presents-body-language-a-dance-fitness-experience/,Event,mapped_exact,0.000,Heartbeat Saturday Presents Body Language | A Dance Fitness Experience,2026-10-10T11:00:00-05:00,2026-10-10T12:00:00-05:00,https://www.nmaam.org/event/heartbeat-saturday-presents-body-language-a-dance-fitness-experience/,https://schema.org/EventScheduled,https://schema.org/OfflineEventAttendanceMode,"Heartbeat Saturdays Presents Body Language A Dance Fitness Class with Maximize Your Mobility Saturday, October 10th | A FREE Community Event Start your Saturday with movement, music, and meaningful community [&hellip;]","{""@type"":""Place"",""name"":""National Museum of African American Music"",""description"":"""",""url"":""https://www.nmaam.org/venue/national-museum-of-african-american-music/"",""address"":{""@type"":""PostalAddress"",""streetAddress"":""510 Broadway"",""addressLocality"":""Nashville"",""addressRegion"":""TN"",""postalCode"":""37203"",""addressCountry"":""United States""},""telephone"":""6153018724"",""sameAs"":""https://www.nmaam.org""}","{""@type"":""Offer"",""price"":""0"",""priceCurrency"":""USD"",""url"":""https://www.nmaam.org/event/heartbeat-saturday-presents-body-language-a-dance-fitness-experience/"",""category"":""primary"",""availability"":""inStock"",""validFrom"":""2026-09-17T00:00:00+00:00""}","{""@type"":""Person"",""name"":""National Museum of African American Music"",""description"":"""",""url"":""https://www.nmaam.org"",""telephone"":""6153018724"",""email"":""c&#111;m&#109;&#117;n&#105;&#116;&#121;&#64;&#110;m&#97;&#97;m&#46;&#111;r&#103;""}",,"{""@id"":""https://www.nmaam.org/event/heartbeat-saturday-presents-body-language-a-dance-fitness-experience/#primaryimage""}",,"{""@type"":""Event"",""name"":""Heartbeat Saturday Presents Body Language | A Dance Fitness Experience"",""description"":""Heartbeat Saturdays Presents Body Language A Dance Fitness Class with Maximize Your Mobility Saturday, October 10th | A FREE Community Event Start your Saturday with movement, music, and meaningful community [&hellip;]"",""image"":{""@id"":""https://www.nmaam.org/event/heartbeat-saturday-presents-body-language-a-dance-fitness-experience/#primaryimage""},""url"":""https://www.nmaam.org/event/heartbeat-saturday-presents-body-language-a-dance-fitness-experience/"",""eventAttendanceMode"":""https://schema.org/OfflineEventAttendanceMode"",""eventStatus"":""https://schema.org/EventScheduled"",""startDate"":""2026-10-10T11:00:00-05:00"",""endDate"":""2026-10-10T12:00:00-05:00"",""location"":{""@type"":""Place"",""name"":""National Museum of African American Music"",""description"":"""",""url"":""https://www.nmaam.org/venue/national-museum-of-african-american-music/"",""address"":{""@type"":""PostalAddress"",""streetAddress"":""510 Broadway"",""addressLocality"":""Nashville"",""addressRegion"":""TN"",""postalCode"":""37203"",""addressCountry"":""United States""},""telephone"":""6153018724"",""sameAs"":""https://www.nmaam.org""},""organizer"":{""@type"":""Person"",""name"":""National Museum of African American Music"",""description"":"""",""url"":""https://www.nmaam.org"",""telephone"":""6153018724"",""email"":""c&#111;m&#109;&#117;n&#105;&#116;&#121;&#64;&#110;m&#97;&#97;m&#46;&#111;r&#103;""},""offers"":{""@type"":""Offer"",""price"":""0"",""priceCurrency"":""USD"",""url"":""https://www.nmaam.org/event/heartbeat-saturday-presents-body-language-a-dance-fitness-experience/"",""category"":""primary"",""availability"":""inStock"",""validFrom"":""2026-09-17T00:00:00+00:00""},""@id"":""https://www.nmaam.org/event/heartbeat-saturday-presents-body-language-a-dance-fitness-experience/#event"",""mainEntityOfPage"":{""@id"":""https://www.nmaam.org/event/heartbeat-saturday-presents-body-language-a-dance-fitness-experience/""}}"
2026-10-01T17:33:08Z,theacmenashville.com,100144,4bf58dd8d48988d1e5931735|music venue,https://www.acmefeedandseed.com/calendar/2025/7/5/gabe-tonon-x6pdw-s74yt-6ek62-mrp7k-wsxrt-rlh6w-gx8h8-axxr9-w6mdb-jlgg7-krs2j-e9537-5afth-zmrbh-tzlz3-gdmbp-eml9c-t6gga-s3tya,Event,mapped_seed_site,,Bluegrass By The River ft. Addison Simmons — Acme Feed and Seed,2026-10-10T18:30:00-0500,2026-10-10T21:30:00-0500,https://www.acmefeedandseed.com/calendar/2025/7/5/gabe-tonon-x6pdw-s74yt-6ek62-mrp7k-wsxrt-rlh6w-gx8h8-axxr9-w6mdb-jlgg7-krs2j-e9537-5afth-zmrbh-tzlz3-gdmbp-eml9c-t6gga-s3tya,,,,"{""name"":""Acme Feed and Seed"",""address"":""101 Broadway\nNashville, TN 37201\nUnited States"",""@context"":""http://schema.org"",""@type"":""Place""}",,,,"[""http://static1.squarespace.com/static/5c422df2af2096b86008eaad/t/6abe8920bd5afc207dd78d0f/1775152756029/acme+bluegrass+by+the+river+%284%29.png?format=1500w""]",,"{""name"":""Bluegrass By The River ft. Addison Simmons — Acme Feed and Seed"",""startDate"":""2026-10-10T18:30:00-0500"",""endDate"":""2026-10-10T21:30:00-0500"",""image"":[""http://static1.squarespace.com/static/5c422df2af2096b86008eaad/t/6abe8920bd5afc207dd78d0f/1775152756029/acme+bluegrass+by+the+river+%284%29.png?format=1500w""],""location"":{""name"":""Acme Feed and Seed"",""address"":""101 Broadway\nNashville, TN 37201\nUnited States"",""@context"":""http://schema.org"",""@type"":""Place""},""@context"":""http://schema.org"",""@type"":""Event""}"
2026-10-01T17:33:08Z,theacmenashville.com,100144,4bf58dd8d48988d1e5931735|music venue,https://www.acmefeedandseed.com/calendar/2025/6/20/wild-bill-amp-the-bruisers-1-spdpb-ft5c6-96jz7-f4apf-zmlb7-eydhs-62gyx-fjz6y-karfa-phasb-cyry2-pbmwy-g5nf8-48za7-mspsk-xxjty-bh8ch,Event,mapped_seed_site,,FREE! Tennessee Titan's Watch Party — Acme Feed and Seed,2026-10-11T10:00:00-0500,2026-10-11T18:00:00-0500,https://www.acmefeedandseed.com/calendar/2025/6/20/wild-bill-amp-the-bruisers-1-spdpb-ft5c6-96jz7-f4apf-zmlb7-eydhs-62gyx-fjz6y-karfa-phasb-cyry2-pbmwy-g5nf8-48za7-mspsk-xxjty-bh8ch,,,,"{""name"":""Acme Feed and Seed"",""address"":""101 Broadway\nNashville, TN 37201\nUnited States"",""@context"":""http://schema.org"",""@type"":""Place""}",,,,"[""http://static1.squarespace.com/static/5c422df2af2096b86008eaad/t/6a9857189c4242081f5dc8b5/1788201164600/Acme+Titans+Tailgate+.png?format=1500w""]",,"{""name"":""FREE! Tennessee Titan's Watch Party — Acme Feed and Seed"",""startDate"":""2026-10-11T10:00:00-0500"",""endDate"":""2026-10-11T18:00:00-0500"",""image"":[""http://static1.squarespace.com/static/5c422df2af2096b86008eaad/t/6a9857189c4242081f5dc8b5/1788201164600/Acme+Titans+Tailgate+.png?format=1500w""],""location"":{""name"":""Acme Feed and Seed"",""address"":""101 Broadway\nNashville, TN 37201\nUnited States"",""@context"":""http://schema.org"",""@type"":""Place""},""@context"":""http://schema.org"",""@type"":""Event""}"
2026-10-01T17:33:08Z,theacmenashville.com,100144,4bf58dd8d48988d1e5931735|music venue,https://www.acmefeedandseed.com/calendar/2025/6/20/wild-bill-amp-the-bruisers-1-spdpb-ft5c6-96jz7-f4apf-zmlb7-eydhs-62gyx-fjz6y-karfa-phasb-cyry2-pbmwy-g5nf8-48za7-mspsk-aes7e-pw59g,Event,mapped_seed_site,,OPENING AT 10AM — Acme Feed and Seed,2026-10-11T10:00:00-0500,2026-10-11T10:01:00-0500,https://www.acmefeedandseed.com/calendar/2025/6/20/wild-bill-amp-the-bruisers-1-spdpb-ft5c6-96jz7-f4apf-zmlb7-eydhs-62gyx-fjz6y-karfa-phasb-cyry2-pbmwy-g5nf8-48za7-mspsk-aes7e-pw59g,,,,"{""name"":""Acme Feed and Seed"",""address"":""101 Broadway\nNashville, TN 37201\nUnited States"",""@context"":""http://schema.org"",""@type"":""Place""}",,,,,,"{""name"":""OPENING AT 10AM — Acme Feed and Seed"",""startDate"":""2026-10-11T10:00:00-0500"",""endDate"":""2026-10-11T10:01:00-0500"",""location"":{""name"":""Acme Feed and Seed"",""address"":""101 Broadway\nNashville, TN 37201\nUnited States"",""@context"":""http://schema.org"",""@type"":""Place""},""@context"":""http://schema.org"",""@type"":""Event""}"
2026-10-01T17:33:08Z,theacmenashville.com,100144,4bf58dd8d48988d1e5931735|music venue,https://www.acmefeedandseed.com/calendar/4pr9k2e8ckrsg4z-ctdhx-9sfh8-ma4zk-4kps8-9rzj8-5pzap-2sa2n-h7hxn-292m7-ncjyc-l8gg4-fbgz7-dwjp5-s4jyn-ajrk2-xw9eh-wjw8z,Event,mapped_seed_site,,Bluegrass Brunch ft. Addison Simmons — Acme Feed and Seed,2026-10-11T10:30:00-0500,2026-10-11T13:30:00-0500,https://www.acmefeedandseed.com/calendar/4pr9k2e8ckrsg4z-ctdhx-9sfh8-ma4zk-4kps8-9rzj8-5pzap-2sa2n-h7hxn-292m7-ncjyc-l8gg4-fbgz7-dwjp5-s4jyn-ajrk2-xw9eh-wjw8z,,,,"{""name"":""Acme Feed and Seed"",""address"":""101 Broadway\nNashville, TN 37201\nUnited States"",""@context"":""http://schema.org"",""@type"":""Place""}",,,,"[""http://static1.squarespace.com/static/5c422df2af2096b86008eaad/t/6a9852dd7fb11b524d22ae2a/1788281736263/TV+Assets+2025+%2846%29.png?format=1500w""]",,"{""name"":""Bluegrass Brunch ft. Addison Simmons — Acme Feed and Seed"",""startDate"":""2026-10-11T10:30:00-0500"",""endDate"":""2026-10-11T13:30:00-0500"",""image"":[""http://static1.squarespace.com/static/5c422df2af2096b86008eaad/t/6a9852dd7fb11b524d22ae2a/1788281736263/TV+Assets+2025+%2846%29.png?format=1500w""],""location"":{""name"":""Acme Feed and Seed"",""address"":""101 Broadway\nNashville, TN 37201\nUnited States"",""@context"":""http://schema.org"",""@type"":""Place""},""@context"":""http://schema.org"",""@type"":""Event""}"
2026-10-01T17:33:08Z,theacmenashville.com,100144,4bf58dd8d48988d1e5931735|music venue,https://www.acmefeedandseed.com/calendar/2025/6/20/wild-bill-amp-the-bruisers-1-spdpb-ft5c6-96jz7-f4apf-zmlb7-eydhs-62gyx-fjz6y-karfa-phasb-cyry2-pbmwy-g5nf8-48za7-mspsk-4dhe2-lsc9k-ds95r,Event,mapped_seed_site,,Mike Lawson &amp; Friends — Acme Feed and Seed,2026-10-11T18:00:00-0500,2026-10-11T21:00:00-0500,https://www.acmefeedandseed.com/calendar/2025/6/20/wild-bill-amp-the-bruisers-1-spdpb-ft5c6-96jz7-f4apf-zmlb7-eydhs-62gyx-fjz6y-karfa-phasb-cyry2-pbmwy-g5nf8-48za7-mspsk-4dhe2-lsc9k-ds95r,,,,"{""name"":""Acme Feed and Seed"",""address"":""101 Broadway\nNashville, TN 37201\nUnited States"",""@context"":""http://schema.org"",""@type"":""Place""}",,,,,,"{""name"":""Mike Lawson &amp; Friends — Acme Feed and Seed"",""startDate"":""2026-10-11T18:00:00-0500"",""endDate"":""2026-10-11T21:00:00-0500"",""location"":{""name"":""Acme Feed and Seed"",""address"":""101 Broadway\nNashville, TN 37201\nUnited States"",""@context"":""http://schema.org"",""@type"":""Place""},""@context"":""http://schema.org"",""@type"":""Event""}"
2026-10-01T17:33:08Z,theacmenashville.com,100144,4bf58dd8d48988d1e5931735|music venue,https://www.acmefeedandseed.com/calendar/3drcy7ba7wj9ar9-jbm8b-ssrxk-dapbw-f8zy5-e8tfm,Event,mapped_seed_site,,Country Club Day ft. The Cowpokes — Acme Feed and Seed,2026-10-16T12:00:00-0500,2026-10-16T16:00:00-0500,https://www.acmefeedandseed.com/calendar/3drcy7ba7wj9ar9-jbm8b-ssrxk-dapbw-f8zy5-e8tfm,,,,"{""name"":""Acme Feed and Seed"",""address"":""101 Broadway\nNashville, TN 37201\nUnited States"",""@context"":""http://schema.org"",""@type"":""Place""}",,,,"[""http://static1.squarespace.com/static/5c422df2af2096b86008eaad/t/6a9852ad9c4242081f5d62db/1788280960341/TV+Assets+2025+%2844%29.png?format=1500w""]",,"{""name"":""Country Club Day ft. The Cowpokes — Acme Feed and Seed"",""startDate"":""2026-10-16T12:00:00-0500"",""endDate"":""2026-10-16T16:00:00-0500"",""image"":[""http://static1.squarespace.com/static/5c422df2af2096b86008eaad/t/6a9852ad9c4242081f5d62db/1788280960341/TV+Assets+2025+%2844%29.png?format=1500w""],""location"":{""name"":""Acme Feed and Seed"",""address"":""101 Broadway\nNashville, TN 37201\nUnited States"",""@context"":""http://schema.org"",""@type"":""Place""},""@context"":""http://schema.org"",""@type"":""Event""}"
2026-10-01T17:33:08Z,theacmenashville.com,100144,4bf58dd8d48988d1e5931735|music venue,https://www.acmefeedandseed.com/calendar/2025/6/20/wild-bill-amp-the-bruisers-1-spdpb-ft5c6-96jz7-f4apf-zmlb7-eydhs-62gyx-fjz6y-2hg9m-jgm5f-3lwgx-4ny8p-tc6kz-6de7w-6xpdz-588ff-sx7ja-p5h2s,Event,mapped_seed_site,,Kara Grainger — Acme Feed and Seed,2026-10-16T17:00:00-0500,2026-10-16T19:00:00-0500,https://www.acmefeedandseed.com/calendar/2025/6/20/wild-bill-amp-the-bruisers-1-spdpb-ft5c6-96jz7-f4apf-zmlb7-eydhs-62gyx-fjz6y-2hg9m-jgm5f-3lwgx-4ny8p-tc6kz-6de7w-6xpdz-588ff-sx7ja-p5h2s,,,,"{""name"":""Acme Feed and Seed"",""address"":""101 Broadway\nNashville, TN 37201\nUnited States"",""@context"":""http://schema.org"",""@type"":""Place""}",,,,,,"{""name"":""Kara Grainger — Acme Feed and Seed"",""startDate"":""2026-10-16T17:00:00-0500"",""endDate"":""2026-10-16T19:00:00-0500"",""location"":{""name"":""Acme Feed and Seed"",""address"":""101 Broadway\nNashville, TN 37201\nUnited States"",""@context"":""http://schema.org"",""@type"":""Place""},""@context"":""http://schema.org"",""@type"":""Event""}"
2026-10-01T17:33:08Z,nmaam.org,100144,4bf58dd8d48988d181941735|museum,https://www.nmaam.org/event/heartbeat-saturdays-6/2026-10-17/,Event,mapped_exact,0.000,Heartbeat Saturdays,2026-10-17T11:30:00-05:00,2026-10-17T14:30:00-05:00,https://www.nmaam.org/event/heartbeat-saturdays-6/2026-10-17/,https://schema.org/EventScheduled,https://schema.org/OfflineEventAttendanceMode,"Join us every Saturday in the NMAAM lobby from 11:30 AM to 2:30 PM for Heartbeat Saturday, a curated event that is free and open to the public. Experience vibrant [&hellip;]","{""@type"":""Place"",""name"":""National Museum of African American Music"",""description"":"""",""url"":""https://www.nmaam.org/venue/national-museum-of-african-american-music/"",""address"":{""@type"":""PostalAddress"",""streetAddress"":""510 Broadway"",""addressLocality"":""Nashville"",""addressRegion"":""TN"",""postalCode"":""37203"",""addressCountry"":""United States""},""telephone"":""6153018724"",""sameAs"":""https://www.nmaam.org""}","{""@type"":""Offer"",""price"":""0"",""priceCurrency"":""USD"",""url"":""https://www.nmaam.org/event/heartbeat-saturdays-6/2026-10-17/"",""category"":""primary"",""availability"":""inStock"",""validFrom"":""2026-09-25T00:00:00+00:00""}","{""@type"":""Person"",""name"":""NMAAM"",""description"":"""",""url"":""https://www.nmaam.org/"",""telephone"":""615-301-8724"",""email"":""i&#110;f&#111;&#64;n&#109;&#97;a&#109;&#46;or&#103;""}",,"{""@id"":""https://www.nmaam.org/event/heartbeat-saturdays-6/2026-10-17/#primaryimage""}",,"{""@type"":""Event"",""name"":""Heartbeat Saturdays"",""description"":""Join us every Saturday in the NMAAM lobby from 11:30 AM to 2:30 PM for Heartbeat Saturday, a curated event that is free and open to the public. Experience vibrant [&hellip;]"",""image"":{""@id"":""https://www.nmaam.org/event/heartbeat-saturdays-6/2026-10-17/#primaryimage""},""url"":""https://www.nmaam.org/event/heartbeat-saturdays-6/2026-10-17/"",""eventAttendanceMode"":""https://schema.org/OfflineEventAttendanceMode"",""eventStatus"":""https://schema.org/EventScheduled"",""startDate"":""2026-10-17T11:30:00-05:00"",""endDate"":""2026-10-17T14:30:00-05:00"",""location"":{""@type"":""Place"",""name"":""National Museum of African American Music"",""description"":"""",""url"":""https://www.nmaam.org/venue/national-museum-of-african-american-music/"",""address"":{""@type"":""PostalAddress"",""streetAddress"":""510 Broadway"",""addressLocality"":""Nashville"",""addressRegion"":""TN"",""postalCode"":""37203"",""addressCountry"":""United States""},""telephone"":""6153018724"",""sameAs"":""https://www.nmaam.org""},""organizer"":{""@type"":""Person"",""name"":""NMAAM"",""description"":"""",""url"":""https://www.nmaam.org/"",""telephone"":""615-301-8724"",""email"":""i&#110;f&#111;&#64;n&#109;&#97;a&#109;&#46;or&#103;""},""offers"":{""@type"":""Offer"",""price"":""0"",""priceCurrency"":""USD"",""url"":""https://www.nmaam.org/event/heartbeat-saturdays-6/2026-10-17/"",""category"":""primary"",""availability"":""inStock"",""validFrom"":""2026-09-25T00:00:00+00:00""},""@id"":""https://www.nmaam.org/event/heartbeat-saturdays-6/2026-10-17/#event"",""mainEntityOfPage"":{""@id"":""https://www.nmaam.org/event/heartbeat-saturdays/2026-10-17/""}}"
2026-10-01T17:33:08Z,theacmenashville.com,100144,4bf58dd8d48988d1e5931735|music venue,https://www.acmefeedandseed.com/calendar/2025/6/20/wild-bill-amp-the-bruisers-1-spdpb-ft5c6-96jz7-f4apf-zmlb7-eydhs-62gyx-fjz6y-karfa-phasb-cyry2-25mfm-5sc78-l2pax-kd4m9-swj7n,Event,mapped_seed_site,,Father Jumanji — Acme Feed and Seed,2026-10-17T17:00:00-0500,2026-10-17T19:00:00-0500,https://www.acmefeedandseed.com/calendar/2025/6/20/wild-bill-amp-the-bruisers-1-spdpb-ft5c6-96jz7-f4apf-zmlb7-eydhs-62gyx-fjz6y-karfa-phasb-cyry2-25mfm-5sc78-l2pax-kd4m9-swj7n,,,,"{""name"":""Acme Feed and Seed"",""address"":""101 Broadway\nNashville, TN 37201\nUnited States"",""@context"":""http://schema.org"",""@type"":""Place""}",,,,,,"{""name"":""Father Jumanji — Acme Feed and Seed"",""startDate"":""2026-10-17T17:00:00-0500"",""endDate"":""2026-10-17T19:00:00-0500"",""location"":{""name"":""Acme Feed and Seed"",""address"":""101 Broadway\nNashville, TN 37201\nUnited States"",""@context"":""http://schema.org"",""@type"":""Place""},""@context"":""http://schema.org"",""@type"":""Event""}"
2026-10-01T17:33:08Z,theacmenashville.com,100144,4bf58dd8d48988d1e5931735|music venue,https://www.acmefeedandseed.com/calendar/2025/7/5/gabe-tonon-x6pdw-s74yt-6ek62-mrp7k-wsxrt-rlh6w-gx8h8-axxr9-w6mdb-jlgg7-krs2j-e9537-5afth-zmrbh-tzlz3-gdmbp-eml9c-t6gga-rf9k2,Event,mapped_seed_site,,Bluegrass By The River ft. Amanda Accardi — Acme Feed and Seed,2026-10-17T18:30:00-0500,2026-10-17T21:30:00-0500,https://www.acmefeedandseed.com/calendar/2025/7/5/gabe-tonon-x6pdw-s74yt-6ek62-mrp7k-wsxrt-rlh6w-gx8h8-axxr9-w6mdb-jlgg7-krs2j-e9537-5afth-zmrbh-tzlz3-gdmbp-eml9c-t6gga-rf9k2,,,,"{""name"":""Acme Feed and Seed"",""address"":""101 Broadway\nNashville, TN 37201\nUnited States"",""@context"":""http://schema.org"",""@type"":""Place""}",,,,"[""http://static1.squarespace.com/static/5c422df2af2096b86008eaad/t/6aa04fd5c13f5c6cb2154f75/1775152756029/acme+bluegrass+by+the+river+%284%29.png?format=1500w""]",,"{""name"":""Bluegrass By The River ft. Amanda Accardi — Acme Feed and Seed"",""startDate"":""2026-10-17T18:30:00-0500"",""endDate"":""2026-10-17T21:30:00-0500"",""image"":[""http://static1.squarespace.com/static/5c422df2af2096b86008eaad/t/6aa04fd5c13f5c6cb2154f75/1775152756029/acme+bluegrass+by+the+river+%284%29.png?format=1500w""],""location"":{""name"":""Acme Feed and Seed"",""address"":""101 Broadway\nNashville, TN 37201\nUnited States"",""@context"":""http://schema.org"",""@type"":""Place""},""@context"":""http://schema.org"",""@type"":""Event""}"
2026-10-01T17:33:08Z,theacmenashville.com,100144,4bf58dd8d48988d1e5931735|music venue,https://www.acmefeedandseed.com/calendar/2025/6/20/wild-bill-amp-the-bruisers-1-spdpb-ft5c6-96jz7-f4apf-zmlb7-eydhs-62gyx-fjz6y-karfa-phasb-cyry2-pbmwy-g5nf8-48za7-mspsk-4dhe2-pb3sh,Event,mapped_seed_site,,Pumpkin Spiced Pilates — Acme Feed and Seed,2026-10-18T11:00:00-0500,2026-10-18T13:00:00-0500,https://www.acmefeedandseed.com/calendar/2025/6/20/wild-bill-amp-the-bruisers-1-spdpb-ft5c6-96jz7-f4apf-zmlb7-eydhs-62gyx-fjz6y-karfa-phasb-cyry2-pbmwy-g5nf8-48za7-mspsk-4dhe2-pb3sh,,,,"{""name"":""Acme Feed and Seed"",""address"":""101 Broadway\nNashville, TN 37201\nUnited States"",""@context"":""http://schema.org"",""@type"":""Place""}",,,,"[""http://static1.squarespace.com/static/5c422df2af2096b86008eaad/t/6ab2c810793f8c2e248c6b10/1790101520766/Acme+Pumpkin+Spiced+Pilates.png?format=1500w""]",,"{""name"":""Pumpkin Spiced Pilates — Acme Feed and Seed"",""startDate"":""2026-10-18T11:00:00-0500"",""endDate"":""2026-10-18T13:00:00-0500"",""image"":[""http://static1.squarespace.com/static/5c422df2af2096b86008eaad/t/6ab2c810793f8c2e248c6b10/1790101520766/Acme+Pumpkin+Spiced+Pilates.png?format=1500w""],""location"":{""name"":""Acme Feed and Seed"",""address"":""101 Broadway\nNashville, TN 37201\nUnited States"",""@context"":""http://schema.org"",""@type"":""Place""},""@context"":""http://schema.org"",""@type"":""Event""}"
2026-10-01T17:33:08Z,theacmenashville.com,100144,4bf58dd8d48988d1e5931735|music venue,https://www.acmefeedandseed.com/calendar/4pr9k2e8ckrsg4z-ctdhx-9sfh8-ma4zk-4kps8-9rzj8-5pzap-2sa2n-h7hxn-292m7-ncjyc-l8gg4-fbgz7-dwjp5-s4jyn-ajrk2-xw9eh-9yfzc,Event,mapped_seed_site,,Bluegrass Brunch ft. Noelle Goodin — Acme Feed and Seed,2026-10-18T12:00:00-0500,2026-10-18T15:00:00-0500,https://www.acmefeedandseed.com/calendar/4pr9k2e8ckrsg4z-ctdhx-9sfh8-ma4zk-4kps8-9rzj8-5pzap-2sa2n-h7hxn-292m7-ncjyc-l8gg4-fbgz7-dwjp5-s4jyn-ajrk2-xw9eh-9yfzc,,,,"{""name"":""Acme Feed and Seed"",""address"":""101 Broadway\nNashville, TN 37201\nUnited States"",""@context"":""http://schema.org"",""@type"":""Place""}",,,,"[""http://static1.squarespace.com/static/5c422df2af2096b86008eaad/t/6a9852e9381bf1364084d457/1788281736263/TV+Assets+2025+%2846%29.png?format=1500w""]",,"{""name"":""Bluegrass Brunch ft. Noelle Goodin — Acme Feed and Seed"",""startDate"":""2026-10-18T12:00:00-0500"",""endDate"":""2026-10-18T15:00:00-0500"",""image"":[""http://static1.squarespace.com/static/5c422df2af2096b86008eaad/t/6a9852e9381bf1364084d457/1788281736263/TV+Assets+2025+%2846%29.png?format=1500w""],""location"":{""name"":""Acme Feed and Seed"",""address"":""101 Broadway\nNashville, TN 37201\nUnited States"",""@context"":""http://schema.org"",""@type"":""Place""},""@context"":""http://schema.org"",""@type"":""Event""}"
2026-10-01T17:33:08Z,theacmenashville.com,100144,4bf58dd8d48988d1e5931735|music venue,https://www.acmefeedandseed.com/calendar/2025/6/20/wild-bill-amp-the-bruisers-1-spdpb-ft5c6-96jz7-f4apf-zmlb7-eydhs-62gyx-fjz6y-karfa-phasb-cyry2-pbmwy-g5nf8-48za7-mspsk-4dhe2,Event,mapped_seed_site,,Timbo — Acme Feed and Seed,2026-10-18T18:00:00-0500,2026-10-18T21:00:00-0500,https://www.acmefeedandseed.com/calendar/2025/6/20/wild-bill-amp-the-bruisers-1-spdpb-ft5c6-96jz7-f4apf-zmlb7-eydhs-62gyx-fjz6y-karfa-phasb-cyry2-pbmwy-g5nf8-48za7-mspsk-4dhe2,,,,"{""name"":""Acme Feed and Seed"",""address"":""101 Broadway\nNashville, TN 37201\nUnited States"",""@context"":""http://schema.org"",""@type"":""Place""}",,,,,,"{""name"":""Timbo — Acme Feed and Seed"",""startDate"":""2026-10-18T18:00:00-0500"",""endDate"":""2026-10-18T21:00:00-0500"",""location"":{""name"":""Acme Feed and Seed"",""address"":""101 Broadway\nNashville, TN 37201\nUnited States"",""@context"":""http://schema.org"",""@type"":""Place""},""@context"":""http://schema.org"",""@type"":""Event""}"
2026-10-01T17:33:08Z,theacmenashville.com,100144,4bf58dd8d48988d1e5931735|music venue,https://www.acmefeedandseed.com/calendar/3drcy7ba7wj9ar9-jbm8b-ssrxk-dapbw-f8zy5-nj2bl,Event,mapped_seed_site,,Country Club Day ft. The Cowpokes — Acme Feed and Seed,2026-10-23T12:00:00-0500,2026-10-23T16:00:00-0500,https://www.acmefeedandseed.com/calendar/3drcy7ba7wj9ar9-jbm8b-ssrxk-dapbw-f8zy5-nj2bl,,,,"{""name"":""Acme Feed and Seed"",""address"":""101 Broadway\nNashville, TN 37201\nUnited States"",""@context"":""http://schema.org"",""@type"":""Place""}",,,,"[""http://static1.squarespace.com/static/5c422df2af2096b86008eaad/t/6a9852b7730b9449f310b03c/1788280960341/TV+Assets+2025+%2844%29.png?format=1500w""]",,"{""name"":""Country Club Day ft. The Cowpokes — Acme Feed and Seed"",""startDate"":""2026-10-23T12:00:00-0500"",""endDate"":""2026-10-23T16:00:00-0500"",""image"":[""http://static1.squarespace.com/static/5c422df2af2096b86008eaad/t/6a9852b7730b9449f310b03c/1788280960341/TV+Assets+2025+%2844%29.png?format=1500w""],""location"":{""name"":""Acme Feed and Seed"",""address"":""101 Broadway\nNashville, TN 37201\nUnited States"",""@context"":""http://schema.org"",""@type"":""Place""},""@context"":""http://schema.org"",""@type"":""Event""}"
2026-10-01T17:33:08Z,theacmenashville.com,100144,4bf58dd8d48988d1e5931735|music venue,https://www.acmefeedandseed.com/calendar/2025/6/20/wild-bill-amp-the-bruisers-1-spdpb-ft5c6-96jz7-f4apf-zmlb7-eydhs-62gyx-fjz6y-2hg9m-jgm5f-3lwgx-4ny8p-tc6kz-6de7w-6xpdz-588ff-sx7ja-p5h2s-43y5f,Event,mapped_seed_site,,Dylan Farrell — Acme Feed and Seed,2026-10-23T17:00:00-0500,2026-10-23T19:00:00-0500,https://www.acmefeedandseed.com/calendar/2025/6/20/wild-bill-amp-the-bruisers-1-spdpb-ft5c6-96jz7-f4apf-zmlb7-eydhs-62gyx-fjz6y-2hg9m-jgm5f-3lwgx-4ny8p-tc6kz-6de7w-6xpdz-588ff-sx7ja-p5h2s-43y5f,,,,"{""name"":""Acme Feed and Seed"",""address"":""101 Broadway\nNashville, TN 37201\nUnited States"",""@context"":""http://schema.org"",""@type"":""Place""}",,,,,,"{""name"":""Dylan Farrell — Acme Feed and Seed"",""startDate"":""2026-10-23T17:00:00-0500"",""endDate"":""2026-10-23T19:00:00-0500"",""location"":{""name"":""Acme Feed and Seed"",""address"":""101 Broadway\nNashville, TN 37201\nUnited States"",""@context"":""http://schema.org"",""@type"":""Place""},""@context"":""http://schema.org"",""@type"":""Event""}"
2026-10-01T17:33:08Z,theacmenashville.com,100144,4bf58dd8d48988d1e5931735|music venue,https://www.acmefeedandseed.com/calendar/2025/6/20/wild-bill-amp-the-bruisers-1-spdpb-ft5c6-96jz7-f4apf-zmlb7-eydhs-62gyx-fjz6y-2hg9m-jgm5f-3lwgx-4ny8p-tc6kz-6de7w-6xpdz-588ff-pjyx7,Event,mapped_seed_site,,Jannelle Means — Acme Feed and Seed,2026-10-23T20:00:00-0500,2026-10-23T23:00:00-0500,https://www.acmefeedandseed.com/calendar/2025/6/20/wild-bill-amp-the-bruisers-1-spdpb-ft5c6-96jz7-f4apf-zmlb7-eydhs-62gyx-fjz6y-2hg9m-jgm5f-3lwgx-4ny8p-tc6kz-6de7w-6xpdz-588ff-pjyx7,,,,"{""name"":""Acme Feed and Seed"",""address"":""101 Broadway\nNashville, TN 37201\nUnited States"",""@context"":""http://schema.org"",""@type"":""Place""}",,,,,,"{""name"":""Jannelle Means — Acme Feed and Seed"",""startDate"":""2026-10-23T20:00:00-0500"",""endDate"":""2026-10-23T23:00:00-0500"",""location"":{""name"":""Acme Feed and Seed"",""address"":""101 Broadway\nNashville, TN 37201\nUnited States"",""@context"":""http://schema.org"",""@type"":""Place""},""@context"":""http://schema.org"",""@type"":""Event""}"
2026-10-01T17:33:08Z,nmaam.org,100144,4bf58dd8d48988d181941735|museum,https://www.nmaam.org/event/heartbeat-saturdays-6/2026-10-24/,Event,mapped_exact,0.000,Heartbeat Saturdays,2026-10-24T11:30:00-05:00,2026-10-24T14:30:00-05:00,https://www.nmaam.org/event/heartbeat-saturdays-6/2026-10-24/,https://schema.org/EventScheduled,https://schema.org/OfflineEventAttendanceMode,"Join us every Saturday in the NMAAM lobby from 11:30 AM to 2:30 PM for Heartbeat Saturday, a curated event that is free and open to the public. Experience vibrant [&hellip;]","{""@type"":""Place"",""name"":""National Museum of African American Music"",""description"":"""",""url"":""https://www.nmaam.org/venue/national-museum-of-african-american-music/"",""address"":{""@type"":""PostalAddress"",""streetAddress"":""510 Broadway"",""addressLocality"":""Nashville"",""addressRegion"":""TN"",""postalCode"":""37203"",""addressCountry"":""United States""},""telephone"":""6153018724"",""sameAs"":""https://www.nmaam.org""}","{""@type"":""Offer"",""price"":""0"",""priceCurrency"":""USD"",""url"":""https://www.nmaam.org/event/heartbeat-saturdays-6/2026-10-24/"",""category"":""primary"",""availability"":""inStock"",""validFrom"":""2026-09-25T00:00:00+00:00""}","{""@type"":""Person"",""name"":""NMAAM"",""description"":"""",""url"":""https://www.nmaam.org/"",""telephone"":""615-301-8724"",""email"":""&#105;n&#102;&#111;&#64;&#110;&#109;&#97;am.&#111;rg""}",,"{""@id"":""https://www.nmaam.org/event/heartbeat-saturdays-6/2026-10-24/#primaryimage""}",,"{""@type"":""Event"",""name"":""Heartbeat Saturdays"",""description"":""Join us every Saturday in the NMAAM lobby from 11:30 AM to 2:30 PM for Heartbeat Saturday, a curated event that is free and open to the public. Experience vibrant [&hellip;]"",""image"":{""@id"":""https://www.nmaam.org/event/heartbeat-saturdays-6/2026-10-24/#primaryimage""},""url"":""https://www.nmaam.org/event/heartbeat-saturdays-6/2026-10-24/"",""eventAttendanceMode"":""https://schema.org/OfflineEventAttendanceMode"",""eventStatus"":""https://schema.org/EventScheduled"",""startDate"":""2026-10-24T11:30:00-05:00"",""endDate"":""2026-10-24T14:30:00-05:00"",""location"":{""@type"":""Place"",""name"":""National Museum of African American Music"",""description"":"""",""url"":""https://www.nmaam.org/venue/national-museum-of-african-american-music/"",""address"":{""@type"":""PostalAddress"",""streetAddress"":""510 Broadway"",""addressLocality"":""Nashville"",""addressRegion"":""TN"",""postalCode"":""37203"",""addressCountry"":""United States""},""telephone"":""6153018724"",""sameAs"":""https://www.nmaam.org""},""organizer"":{""@type"":""Person"",""name"":""NMAAM"",""description"":"""",""url"":""https://www.nmaam.org/"",""telephone"":""615-301-8724"",""email"":""&#105;n&#102;&#111;&#64;&#110;&#109;&#97;am.&#111;rg""},""offers"":{""@type"":""Offer"",""price"":""0"",""priceCurrency"":""USD"",""url"":""https://www.nmaam.org/event/heartbeat-saturdays-6/2026-10-24/"",""category"":""primary"",""availability"":""inStock"",""validFrom"":""2026-09-25T00:00:00+00:00""},""@id"":""https://www.nmaam.org/event/heartbeat-saturdays-6/2026-10-24/#event"",""mainEntityOfPage"":{""@id"":""https://www.nmaam.org/event/heartbeat-saturdays/2026-10-24/""}}"
2026-10-01T17:33:08Z,nmaam.org,100144,4bf58dd8d48988d181941735|museum,https://www.nmaam.org/event/first-note-for-the-love-of-rb/,Event,mapped_exact,0.000,FIRST NOTE: For The Love of R&#038;B,2026-10-24T19:00:00-05:00,2026-10-24T22:30:00-05:00,https://www.nmaam.org/event/first-note-for-the-love-of-rb/,https://schema.org/EventScheduled,https://schema.org/OfflineEventAttendanceMode,"Memphis’ emerging sound joins forces with Nashville&#8217;s, and NMAAM is capturing this unforgettable story on an unforgettable night. The National Museum of African American Music and TappedIN 901 proudly present [&hellip;]","{""@type"":""Place"",""name"":""National Museum of African American Music"",""description"":"""",""url"":""https://www.nmaam.org/venue/national-museum-of-african-american-music/"",""address"":{""@type"":""PostalAddress"",""streetAddress"":""510 Broadway"",""addressLocality"":""Nashville"",""addressRegion"":""TN"",""postalCode"":""37203"",""addressCountry"":""United States""},""telephone"":""6153018724"",""sameAs"":""https://www.nmaam.org""}","{""@type"":""Offer"",""price"":""20 – 25"",""priceCurrency"":""USD"",""url"":""https://www.nmaam.org/event/first-note-for-the-love-of-rb/"",""category"":""primary"",""availability"":""inStock"",""validFrom"":""2026-09-24T00:00:00+00:00""}","{""@type"":""Person"",""name"":""National Museum of African American Music"",""description"":"""",""url"":""https://www.nmaam.org"",""telephone"":""6153018724"",""email"":""&#99;o&#109;m&#117;n&#105;ty&#64;n&#109;a&#97;&#109;.&#111;rg""}",,"{""@id"":""https://www.nmaam.org/event/first-note-for-the-love-of-rb/#primaryimage""}",,"{""@type"":""Event"",""name"":""FIRST NOTE: For The Love of R&#038;B"",""description"":""Memphis’ emerging sound joins forces with Nashville&#8217;s, and NMAAM is capturing this unforgettable story on an unforgettable night. The National Museum of African American Music and TappedIN 901 proudly present [&hellip;]"",""image"":{""@id"":""https://www.nmaam.org/event/first-note-for-the-love-of-rb/#primaryimage""},""url"":""https://www.nmaam.org/event/first-note-for-the-love-of-rb/"",""eventAttendanceMode"":""https://schema.org/OfflineEventAttendanceMode"",""eventStatus"":""https://schema.org/EventScheduled"",""startDate"":""2026-10-24T19:00:00-05:00"",""endDate"":""2026-10-24T22:30:00-05:00"",""location"":{""@type"":""Place"",""name"":""National Museum of African American Music"",""description"":"""",""url"":""https://www.nmaam.org/venue/national-museum-of-african-american-music/"",""address"":{""@type"":""PostalAddress"",""streetAddress"":""510 Broadway"",""addressLocality"":""Nashville"",""addressRegion"":""TN"",""postalCode"":""37203"",""addressCountry"":""United States""},""telephone"":""6153018724"",""sameAs"":""https://www.nmaam.org""},""organizer"":{""@type"":""Person"",""name"":""National Museum of African American Music"",""description"":"""",""url"":""https://www.nmaam.org"",""telephone"":""6153018724"",""email"":""&#99;o&#109;m&#117;n&#105;ty&#64;n&#109;a&#97;&#109;.&#111;rg""},""offers"":{""@type"":""Offer"",""price"":""20 – 25"",""priceCurrency"":""USD"",""url"":""https://www.nmaam.org/event/first-note-for-the-love-of-rb/"",""category"":""primary"",""availability"":""inStock"",""validFrom"":""2026-09-24T00:00:00+00:00""},""@id"":""https://www.nmaam.org/event/first-note-for-the-love-of-rb/#event"",""mainEntityOfPage"":{""@id"":""https://www.nmaam.org/event/first-note-for-the-love-of-rb/""}}"
2026-10-01T17:33:08Z,theacmenashville.com,100144,4bf58dd8d48988d1e5931735|music venue,https://www.acmefeedandseed.com/calendar/4pr9k2e8ckrsg4z-ctdhx-9sfh8-ma4zk-4kps8-9rzj8-5pzap-2sa2n-h7hxn-292m7-ncjyc-l8gg4-fbgz7-dwjp5-s4jyn-ajrk2-xw9eh-a8hm8,Event,mapped_seed_site,,Bluegrass Brunch ft. TBA — Acme Feed and Seed,2026-10-25T12:00:00-0500,2026-10-25T15:00:00-0500,https://www.acmefeedandseed.com/calendar/4pr9k2e8ckrsg4z-ctdhx-9sfh8-ma4zk-4kps8-9rzj8-5pzap-2sa2n-h7hxn-292m7-ncjyc-l8gg4-fbgz7-dwjp5-s4jyn-ajrk2-xw9eh-a8hm8,,,,"{""name"":""Acme Feed and Seed"",""address"":""101 Broadway\nNashville, TN 37201\nUnited States"",""@context"":""http://schema.org"",""@type"":""Place""}",,,,"[""http://static1.squarespace.com/static/5c422df2af2096b86008eaad/t/6a9852f3c0951532ab0e15bf/1788281736263/TV+Assets+2025+%2846%29.png?format=1500w""]",,"{""name"":""Bluegrass Brunch ft. TBA — Acme Feed and Seed"",""startDate"":""2026-10-25T12:00:00-0500"",""endDate"":""2026-10-25T15:00:00-0500"",""image"":[""http://static1.squarespace.com/static/5c422df2af2096b86008eaad/t/6a9852f3c0951532ab0e15bf/1788281736263/TV+Assets+2025+%2846%29.png?format=1500w""],""location"":{""name"":""Acme Feed and Seed"",""address"":""101 Broadway\nNashville, TN 37201\nUnited States"",""@context"":""http://schema.org"",""@type"":""Place""},""@context"":""http://schema.org"",""@type"":""Event""}"
2026-10-01T17:33:08Z,theacmenashville.com,100144,4bf58dd8d48988d1e5931735|music venue,https://www.acmefeedandseed.com/calendar/2025/6/20/wild-bill-amp-the-bruisers-1-spdpb-ft5c6-96jz7-f4apf-zmlb7-eydhs-62gyx-fjz6y-karfa-phasb-cyry2-pbmwy-g5nf8-48za7-mspsk-4dhe2-lsc9k,Event,mapped_seed_site,,Mike Lawson &amp; Friends — Acme Feed and Seed,2026-10-25T18:00:00-0500,2026-10-25T21:00:00-0500,https://www.acmefeedandseed.com/calendar/2025/6/20/wild-bill-amp-the-bruisers-1-spdpb-ft5c6-96jz7-f4apf-zmlb7-eydhs-62gyx-fjz6y-karfa-phasb-cyry2-pbmwy-g5nf8-48za7-mspsk-4dhe2-lsc9k,,,,"{""name"":""Acme Feed and Seed"",""address"":""101 Broadway\nNashville, TN 37201\nUnited States"",""@context"":""http://schema.org"",""@type"":""Place""}",,,,,,"{""name"":""Mike Lawson &amp; Friends — Acme Feed and Seed"",""startDate"":""2026-10-25T18:00:00-0500"",""endDate"":""2026-10-25T21:00:00-0500"",""location"":{""name"":""Acme Feed and Seed"",""address"":""101 Broadway\nNashville, TN 37201\nUnited States"",""@context"":""http://schema.org"",""@type"":""Place""},""@context"":""http://schema.org"",""@type"":""Event""}"
2026-10-01T17:33:08Z,theacmenashville.com,100144,4bf58dd8d48988d1e5931735|music venue,https://www.acmefeedandseed.com/calendar/3drcy7ba7wj9ar9-jbm8b-ssrxk-dapbw-f8zy5-cl2ms,Event,mapped_seed_site,,Country Club Day ft. The Cowpokes — Acme Feed and Seed,2026-10-30T12:00:00-0500,2026-10-30T16:00:00-0500,https://www.acmefeedandseed.com/calendar/3drcy7ba7wj9ar9-jbm8b-ssrxk-dapbw-f8zy5-cl2ms,,,,"{""name"":""Acme Feed and Seed"",""address"":""101 Broadway\nNashville, TN 37201\nUnited States"",""@context"":""http://schema.org"",""@type"":""Place""}",,,,"[""http://static1.squarespace.com/static/5c422df2af2096b86008eaad/t/6a9852bf506b3a584e6c0aed/1788280960341/TV+Assets+2025+%2844%29.png?format=1500w""]",,"{""name"":""Country Club Day ft. The Cowpokes — Acme Feed and Seed"",""startDate"":""2026-10-30T12:00:00-0500"",""endDate"":""2026-10-30T16:00:00-0500"",""image"":[""http://static1.squarespace.com/static/5c422df2af2096b86008eaad/t/6a9852bf506b3a584e6c0aed/1788280960341/TV+Assets+2025+%2844%29.png?format=1500w""],""location"":{""name"":""Acme Feed and Seed"",""address"":""101 Broadway\nNashville, TN 37201\nUnited States"",""@context"":""http://schema.org"",""@type"":""Place""},""@context"":""http://schema.org"",""@type"":""Event""}"
2026-10-01T17:33:08Z,nmaam.org,100144,4bf58dd8d48988d181941735|museum,https://www.nmaam.org/event/heartbeat-saturdays-6/2026-10-31/,Event,mapped_exact,0.000,Heartbeat Saturdays,2026-10-31T11:30:00-05:00,2026-10-31T14:30:00-05:00,https://www.nmaam.org/event/heartbeat-saturdays-6/2026-10-31/,https://schema.org/EventScheduled,https://schema.org/OfflineEventAttendanceMode,"Join us every Saturday in the NMAAM lobby from 11:30 AM to 2:30 PM for Heartbeat Saturday, a curated event that is free and open to the public. Experience vibrant [&hellip;]","{""@type"":""Place"",""name"":""National Museum of African American Music"",""description"":"""",""url"":""https://www.nmaam.org/venue/national-museum-of-african-american-music/"",""address"":{""@type"":""PostalAddress"",""streetAddress"":""510 Broadway"",""addressLocality"":""Nashville"",""addressRegion"":""TN"",""postalCode"":""37203"",""addressCountry"":""United States""},""telephone"":""6153018724"",""sameAs"":""https://www.nmaam.org""}","{""@type"":""Offer"",""price"":""0"",""priceCurrency"":""USD"",""url"":""https://www.nmaam.org/event/heartbeat-saturdays-6/2026-10-31/"",""category"":""primary"",""availability"":""inStock"",""validFrom"":""2026-09-25T00:00:00+00:00""}","{""@type"":""Person"",""name"":""NMAAM"",""description"":"""",""url"":""https://www.nmaam.org/"",""telephone"":""615-301-8724"",""email"":""info&#64;&#110;&#109;a&#97;&#109;.or&#103;""}",,"{""@id"":""https://www.nmaam.org/event/heartbeat-saturdays-6/2026-10-31/#primaryimage""}",,"{""@type"":""Event"",""name"":""Heartbeat Saturdays"",""description"":""Join us every Saturday in the NMAAM lobby from 11:30 AM to 2:30 PM for Heartbeat Saturday, a curated event that is free and open to the public. Experience vibrant [&hellip;]"",""image"":{""@id"":""https://www.nmaam.org/event/heartbeat-saturdays-6/2026-10-31/#primaryimage""},""url"":""https://www.nmaam.org/event/heartbeat-saturdays-6/2026-10-31/"",""eventAttendanceMode"":""https://schema.org/OfflineEventAttendanceMode"",""eventStatus"":""https://schema.org/EventScheduled"",""startDate"":""2026-10-31T11:30:00-05:00"",""endDate"":""2026-10-31T14:30:00-05:00"",""location"":{""@type"":""Place"",""name"":""National Museum of African American Music"",""description"":"""",""url"":""https://www.nmaam.org/venue/national-museum-of-african-american-music/"",""address"":{""@type"":""PostalAddress"",""streetAddress"":""510 Broadway"",""addressLocality"":""Nashville"",""addressRegion"":""TN"",""postalCode"":""37203"",""addressCountry"":""United States""},""telephone"":""6153018724"",""sameAs"":""https://www.nmaam.org""},""organizer"":{""@type"":""Person"",""name"":""NMAAM"",""description"":"""",""url"":""https://www.nmaam.org/"",""telephone"":""615-301-8724"",""email"":""info&#64;&#110;&#109;a&#97;&#109;.or&#103;""},""offers"":{""@type"":""Offer"",""price"":""0"",""priceCurrency"":""USD"",""url"":""https://www.nmaam.org/event/heartbeat-saturdays-6/2026-10-31/"",""category"":""primary"",""availability"":""inStock"",""validFrom"":""2026-09-25T00:00:00+00:00""},""@id"":""https://www.nmaam.org/event/heartbeat-saturdays-6/2026-10-31/#event"",""mainEntityOfPage"":{""@id"":""https://www.nmaam.org/event/heartbeat-saturdays/2026-10-31/""}}"
2026-10-01T17:33:08Z,theacmenashville.com,100144,4bf58dd8d48988d1e5931735|music venue,https://www.acmefeedandseed.com/calendar/2025/6/20/wild-bill-amp-the-bruisers-1-spdpb-ft5c6-96jz7-f4apf-zmlb7-eydhs-62gyx-fjz6y-karfa-phasb-cyry2-cmdrb-6zjyh-2cchk-ayryz-w3axl-3mhgn-bha9t,Event,mapped_seed_site,,FREE! Line Dancing w/ Urban Cowboy Line Dancing — Acme Feed and Seed,2026-10-31T14:30:00-0500,2026-10-31T16:30:00-0500,https://www.acmefeedandseed.com/calendar/2025/6/20/wild-bill-amp-the-bruisers-1-spdpb-ft5c6-96jz7-f4apf-zmlb7-eydhs-62gyx-fjz6y-karfa-phasb-cyry2-cmdrb-6zjyh-2cchk-ayryz-w3axl-3mhgn-bha9t,,,,"{""name"":""Acme Feed and Seed"",""address"":""101 Broadway\nNashville, TN 37201\nUnited States"",""@context"":""http://schema.org"",""@type"":""Place""}",,,,"[""http://static1.squarespace.com/static/5c422df2af2096b86008eaad/t/6ab2de10195a4d02df118973/1783957819354/TV+Assets+2025+%2835%29.png?format=1500w""]",,"{""name"":""FREE! Line Dancing w/ Urban Cowboy Line Dancing — Acme Feed and Seed"",""startDate"":""2026-10-31T14:30:00-0500"",""endDate"":""2026-10-31T16:30:00-0500"",""image"":[""http://static1.squarespace.com/static/5c422df2af2096b86008eaad/t/6ab2de10195a4d02df118973/1783957819354/TV+Assets+2025+%2835%29.png?format=1500w""],""location"":{""name"":""Acme Feed and Seed"",""address"":""101 Broadway\nNashville, TN 37201\nUnited States"",""@context"":""http://schema.org"",""@type"":""Place""},""@context"":""http://schema.org"",""@type"":""Event""}"
2026-10-01T17:33:08Z,nmaam.org,100144,4bf58dd8d48988d181941735|museum,https://www.nmaam.org/event/5678/2026-11-04/,Event,mapped_exact,0.000,NMAAM Presents: Sounds In Cinema,2026-11-04T15:30:00-06:00,2026-11-04T17:30:00-06:00,https://www.nmaam.org/event/5678/2026-11-04/,https://schema.org/EventScheduled,https://schema.org/OfflineEventAttendanceMode,"SOUNDS IN CINEMA Where film meets music history. Join us for curated documentary screenings that explore the intersection of African American music and cinema, featuring authentic industry conversations and special [&hellip;]","{""@type"":""Place"",""name"":""National Museum of African American Music"",""description"":"""",""url"":""https://www.nmaam.org/venue/national-museum-of-african-american-music/"",""address"":{""@type"":""PostalAddress"",""streetAddress"":""510 Broadway"",""addressLocality"":""Nashville"",""addressRegion"":""TN"",""postalCode"":""37203"",""addressCountry"":""United States""},""telephone"":""6153018724"",""sameAs"":""https://www.nmaam.org""}","{""@type"":""Offer"",""price"":""0"",""priceCurrency"":""USD"",""url"":""https://www.nmaam.org/event/5678/2026-11-04/"",""category"":""primary"",""availability"":""inStock"",""validFrom"":""2026-02-19T00:00:00+00:00""}","{""@type"":""Person"",""name"":""National Museum of African American Music"",""description"":"""",""url"":""https://www.nmaam.org"",""telephone"":""6153018724"",""email"":""&#99;&#111;&#109;mu&#110;i&#116;y&#64;n&#109;&#97;a&#109;&#46;org""}",,"{""@id"":""https://www.nmaam.org/event/5678/2026-11-04/#primaryimage""}",,"{""@type"":""Event"",""name"":""NMAAM Presents: Sounds In Cinema"",""description"":""SOUNDS IN CINEMA  Where film meets music history. Join us for curated documentary screenings that explore the intersection of African American music and cinema, featuring authentic industry conversations and special [&hellip;]"",""image"":{""@id"":""https://www.nmaam.org/event/5678/2026-11-04/#primaryimage""},""url"":""https://www.nmaam.org/event/5678/2026-11-04/"",""eventAttendanceMode"":""https://schema.org/OfflineEventAttendanceMode"",""eventStatus"":""https://schema.org/EventScheduled"",""startDate"":""2026-11-04T15:30:00-06:00"",""endDate"":""2026-11-04T17:30:00-06:00"",""location"":{""@type"":""Place"",""name"":""National Museum of African American Music"",""description"":"""",""url"":""https://www.nmaam.org/venue/national-museum-of-african-american-music/"",""address"":{""@type"":""PostalAddress"",""streetAddress"":""510 Broadway"",""addressLocality"":""Nashville"",""addressRegion"":""TN"",""postalCode"":""37203"",""addressCountry"":""United States""},""telephone"":""6153018724"",""sameAs"":""https://www.nmaam.org""},""organizer"":{""@type"":""Person"",""name"":""National Museum of African American Music"",""description"":"""",""url"":""https://www.nmaam.org"",""telephone"":""6153018724"",""email"":""&#99;&#111;&#109;mu&#110;i&#116;y&#64;n&#109;&#97;a&#109;&#46;org""},""offers"":{""@type"":""Offer"",""price"":""0"",""priceCurrency"":""USD"",""url"":""https://www.nmaam.org/event/5678/2026-11-04/"",""category"":""primary"",""availability"":""inStock"",""validFrom"":""2026-02-19T00:00:00+00:00""},""@id"":""https://www.nmaam.org/event/5678/2026-11-04/#event"",""mainEntityOfPage"":{""@id"":""https://www.nmaam.org/event/5678/2026-11-04/""}}"
2026-10-01T17:33:08Z,nmaam.org,100144,4bf58dd8d48988d181941735|museum,https://www.nmaam.org/event/heartbeat-saturdays-6/2026-11-07/,Event,mapped_exact,0.000,Heartbeat Saturdays,2026-11-07T11:30:00-06:00,2026-11-07T14:30:00-06:00,https://www.nmaam.org/event/heartbeat-saturdays-6/2026-11-07/,https://schema.org/EventScheduled,https://schema.org/OfflineEventAttendanceMode,"Join us every Saturday in the NMAAM lobby from 11:30 AM to 2:30 PM for Heartbeat Saturday, a curated event that is free and open to the public. Experience vibrant [&hellip;]","{""@type"":""Place"",""name"":""National Museum of African American Music"",""description"":"""",""url"":""https://www.nmaam.org/venue/national-museum-of-african-american-music/"",""address"":{""@type"":""PostalAddress"",""streetAddress"":""510 Broadway"",""addressLocality"":""Nashville"",""addressRegion"":""TN"",""postalCode"":""37203"",""addressCountry"":""United States""},""telephone"":""6153018724"",""sameAs"":""https://www.nmaam.org""}","{""@type"":""Offer"",""price"":""0"",""priceCurrency"":""USD"",""url"":""https://www.nmaam.org/event/heartbeat-saturdays-6/2026-11-07/"",""category"":""primary"",""availability"":""inStock"",""validFrom"":""2026-09-25T00:00:00+00:00""}","{""@type"":""Person"",""name"":""NMAAM"",""description"":"""",""url"":""https://www.nmaam.org/"",""telephone"":""615-301-8724"",""email"":""in&#102;&#111;&#64;&#110;m&#97;&#97;&#109;&#46;o&#114;g""}",,"{""@id"":""https://www.nmaam.org/event/heartbeat-saturdays-6/2026-11-07/#primaryimage""}",,"{""@type"":""Event"",""name"":""Heartbeat Saturdays"",""description"":""Join us every Saturday in the NMAAM lobby from 11:30 AM to 2:30 PM for Heartbeat Saturday, a curated event that is free and open to the public. Experience vibrant [&hellip;]"",""image"":{""@id"":""https://www.nmaam.org/event/heartbeat-saturdays-6/2026-11-07/#primaryimage""},""url"":""https://www.nmaam.org/event/heartbeat-saturdays-6/2026-11-07/"",""eventAttendanceMode"":""https://schema.org/OfflineEventAttendanceMode"",""eventStatus"":""https://schema.org/EventScheduled"",""startDate"":""2026-11-07T11:30:00-06:00"",""endDate"":""2026-11-07T14:30:00-06:00"",""location"":{""@type"":""Place"",""name"":""National Museum of African American Music"",""description"":"""",""url"":""https://www.nmaam.org/venue/national-museum-of-african-american-music/"",""address"":{""@type"":""PostalAddress"",""streetAddress"":""510 Broadway"",""addressLocality"":""Nashville"",""addressRegion"":""TN"",""postalCode"":""37203"",""addressCountry"":""United States""},""telephone"":""6153018724"",""sameAs"":""https://www.nmaam.org""},""organizer"":{""@type"":""Person"",""name"":""NMAAM"",""description"":"""",""url"":""https://www.nmaam.org/"",""telephone"":""615-301-8724"",""email"":""in&#102;&#111;&#64;&#110;m&#97;&#97;&#109;&#46;o&#114;g""},""offers"":{""@type"":""Offer"",""price"":""0"",""priceCurrency"":""USD"",""url"":""https://www.nmaam.org/event/heartbeat-saturdays-6/2026-11-07/"",""category"":""primary"",""availability"":""inStock"",""validFrom"":""2026-09-25T00:00:00+00:00""},""@id"":""https://www.nmaam.org/event/heartbeat-saturdays-6/2026-11-07/#event"",""mainEntityOfPage"":{""@id"":""https://www.nmaam.org/event/heartbeat-saturdays/2026-11-07/""}}"
2026-10-01T17:33:08Z,nmaam.org,100144,4bf58dd8d48988d181941735|museum,https://www.nmaam.org/event/heartbeat-saturdays-6/2026-11-14/,Event,mapped_exact,0.000,Heartbeat Saturdays,2026-11-14T11:30:00-06:00,2026-11-14T14:30:00-06:00,https://www.nmaam.org/event/heartbeat-saturdays-6/2026-11-14/,https://schema.org/EventScheduled,https://schema.org/OfflineEventAttendanceMode,"Join us every Saturday in the NMAAM lobby from 11:30 AM to 2:30 PM for Heartbeat Saturday, a curated event that is free and open to the public. Experience vibrant [&hellip;]","{""@type"":""Place"",""name"":""National Museum of African American Music"",""description"":"""",""url"":""https://www.nmaam.org/venue/national-museum-of-african-american-music/"",""address"":{""@type"":""PostalAddress"",""streetAddress"":""510 Broadway"",""addressLocality"":""Nashville"",""addressRegion"":""TN"",""postalCode"":""37203"",""addressCountry"":""United States""},""telephone"":""6153018724"",""sameAs"":""https://www.nmaam.org""}","{""@type"":""Offer"",""price"":""0"",""priceCurrency"":""USD"",""url"":""https://www.nmaam.org/event/heartbeat-saturdays-6/2026-11-14/"",""category"":""primary"",""availability"":""inStock"",""validFrom"":""2026-09-25T00:00:00+00:00""}","{""@type"":""Person"",""name"":""NMAAM"",""description"":"""",""url"":""https://www.nmaam.org/"",""telephone"":""615-301-8724"",""email"":""&#105;nfo&#64;&#110;&#109;&#97;am&#46;&#111;r&#103;""}",,"{""@id"":""https://www.nmaam.org/event/heartbeat-saturdays-6/2026-11-14/#primaryimage""}",,"{""@type"":""Event"",""name"":""Heartbeat Saturdays"",""description"":""Join us every Saturday in the NMAAM lobby from 11:30 AM to 2:30 PM for Heartbeat Saturday, a curated event that is free and open to the public. Experience vibrant [&hellip;]"",""image"":{""@id"":""https://www.nmaam.org/event/heartbeat-saturdays-6/2026-11-14/#primaryimage""},""url"":""https://www.nmaam.org/event/heartbeat-saturdays-6/2026-11-14/"",""eventAttendanceMode"":""https://schema.org/OfflineEventAttendanceMode"",""eventStatus"":""https://schema.org/EventScheduled"",""startDate"":""2026-11-14T11:30:00-06:00"",""endDate"":""2026-11-14T14:30:00-06:00"",""location"":{""@type"":""Place"",""name"":""National Museum of African American Music"",""description"":"""",""url"":""https://www.nmaam.org/venue/national-museum-of-african-american-music/"",""address"":{""@type"":""PostalAddress"",""streetAddress"":""510 Broadway"",""addressLocality"":""Nashville"",""addressRegion"":""TN"",""postalCode"":""37203"",""addressCountry"":""United States""},""telephone"":""6153018724"",""sameAs"":""https://www.nmaam.org""},""organizer"":{""@type"":""Person"",""name"":""NMAAM"",""description"":"""",""url"":""https://www.nmaam.org/"",""telephone"":""615-301-8724"",""email"":""&#105;nfo&#64;&#110;&#109;&#97;am&#46;&#111;r&#103;""},""offers"":{""@type"":""Offer"",""price"":""0"",""priceCurrency"":""USD"",""url"":""https://www.nmaam.org/event/heartbeat-saturdays-6/2026-11-14/"",""category"":""primary"",""availability"":""inStock"",""validFrom"":""2026-09-25T00:00:00+00:00""},""@id"":""https://www.nmaam.org/event/heartbeat-saturdays-6/2026-11-14/#event"",""mainEntityOfPage"":{""@id"":""https://www.nmaam.org/event/heartbeat-saturdays/2026-11-14/""}}"
2026-10-01T17:33:08Z,nmaam.org,100144,4bf58dd8d48988d181941735|museum,https://www.nmaam.org/event/heartbeat-saturdays-6/2026-11-21/,Event,mapped_exact,0.000,Heartbeat Saturdays,2026-11-21T11:30:00-06:00,2026-11-21T14:30:00-06:00,https://www.nmaam.org/event/heartbeat-saturdays-6/2026-11-21/,https://schema.org/EventScheduled,https://schema.org/OfflineEventAttendanceMode,"Join us every Saturday in the NMAAM lobby from 11:30 AM to 2:30 PM for Heartbeat Saturday, a curated event that is free and open to the public. Experience vibrant [&hellip;]","{""@type"":""Place"",""name"":""National Museum of African American Music"",""description"":"""",""url"":""https://www.nmaam.org/venue/national-museum-of-african-american-music/"",""address"":{""@type"":""PostalAddress"",""streetAddress"":""510 Broadway"",""addressLocality"":""Nashville"",""addressRegion"":""TN"",""postalCode"":""37203"",""addressCountry"":""United States""},""telephone"":""6153018724"",""sameAs"":""https://www.nmaam.org""}","{""@type"":""Offer"",""price"":""0"",""priceCurrency"":""USD"",""url"":""https://www.nmaam.org/event/heartbeat-saturdays-6/2026-11-21/"",""category"":""primary"",""availability"":""inStock"",""validFrom"":""2026-09-25T00:00:00+00:00""}","{""@type"":""Person"",""name"":""NMAAM"",""description"":"""",""url"":""https://www.nmaam.org/"",""telephone"":""615-301-8724"",""email"":""info&#64;&#110;&#109;aam&#46;o&#114;g""}",,"{""@id"":""https://www.nmaam.org/event/heartbeat-saturdays-6/2026-11-21/#primaryimage""}",,"{""@type"":""Event"",""name"":""Heartbeat Saturdays"",""description"":""Join us every Saturday in the NMAAM lobby from 11:30 AM to 2:30 PM for Heartbeat Saturday, a curated event that is free and open to the public. Experience vibrant [&hellip;]"",""image"":{""@id"":""https://www.nmaam.org/event/heartbeat-saturdays-6/2026-11-21/#primaryimage""},""url"":""https://www.nmaam.org/event/heartbeat-saturdays-6/2026-11-21/"",""eventAttendanceMode"":""https://schema.org/OfflineEventAttendanceMode"",""eventStatus"":""https://schema.org/EventScheduled"",""startDate"":""2026-11-21T11:30:00-06:00"",""endDate"":""2026-11-21T14:30:00-06:00"",""location"":{""@type"":""Place"",""name"":""National Museum of African American Music"",""description"":"""",""url"":""https://www.nmaam.org/venue/national-museum-of-african-american-music/"",""address"":{""@type"":""PostalAddress"",""streetAddress"":""510 Broadway"",""addressLocality"":""Nashville"",""addressRegion"":""TN"",""postalCode"":""37203"",""addressCountry"":""United States""},""telephone"":""6153018724"",""sameAs"":""https://www.nmaam.org""},""organizer"":{""@type"":""Person"",""name"":""NMAAM"",""description"":"""",""url"":""https://www.nmaam.org/"",""telephone"":""615-301-8724"",""email"":""info&#64;&#110;&#109;aam&#46;o&#114;g""},""offers"":{""@type"":""Offer"",""price"":""0"",""priceCurrency"":""USD"",""url"":""https://www.nmaam.org/event/heartbeat-saturdays-6/2026-11-21/"",""category"":""primary"",""availability"":""inStock"",""validFrom"":""2026-09-25T00:00:00+00:00""},""@id"":""https://www.nmaam.org/event/heartbeat-saturdays-6/2026-11-21/#event"",""mainEntityOfPage"":{""@id"":""https://www.nmaam.org/event/heartbeat-saturdays/2026-11-21/""}}"
2026-10-01T17:33:08Z,nmaam.org,100144,4bf58dd8d48988d181941735|museum,https://www.nmaam.org/event/5678/2026-12-02/,Event,mapped_exact,0.000,NMAAM Presents: Sounds In Cinema,2026-12-02T15:30:00-06:00,2026-12-02T17:30:00-06:00,https://www.nmaam.org/event/5678/2026-12-02/,https://schema.org/EventScheduled,https://schema.org/OfflineEventAttendanceMode,"SOUNDS IN CINEMA Where film meets music history. Join us for curated documentary screenings that explore the intersection of African American music and cinema, featuring authentic industry conversations and special [&hellip;]","{""@type"":""Place"",""name"":""National Museum of African American Music"",""description"":"""",""url"":""https://www.nmaam.org/venue/national-museum-of-african-american-music/"",""address"":{""@type"":""PostalAddress"",""streetAddress"":""510 Broadway"",""addressLocality"":""Nashville"",""addressRegion"":""TN"",""postalCode"":""37203"",""addressCountry"":""United States""},""telephone"":""6153018724"",""sameAs"":""https://www.nmaam.org""}","{""@type"":""Offer"",""price"":""0"",""priceCurrency"":""USD"",""url"":""https://www.nmaam.org/event/5678/2026-12-02/"",""category"":""primary"",""availability"":""inStock"",""validFrom"":""2026-02-19T00:00:00+00:00""}","{""@type"":""Person"",""name"":""National Museum of African American Music"",""description"":"""",""url"":""https://www.nmaam.org"",""telephone"":""6153018724"",""email"":""co&#109;&#109;&#117;&#110;i&#116;y&#64;&#110;&#109;&#97;a&#109;.&#111;r&#103;""}",,"{""@id"":""https://www.nmaam.org/event/5678/2026-12-02/#primaryimage""}",,"{""@type"":""Event"",""name"":""NMAAM Presents: Sounds In Cinema"",""description"":""SOUNDS IN CINEMA  Where film meets music history. Join us for curated documentary screenings that explore the intersection of African American music and cinema, featuring authentic industry conversations and special [&hellip;]"",""image"":{""@id"":""https://www.nmaam.org/event/5678/2026-12-02/#primaryimage""},""url"":""https://www.nmaam.org/event/5678/2026-12-02/"",""eventAttendanceMode"":""https://schema.org/OfflineEventAttendanceMode"",""eventStatus"":""https://schema.org/EventScheduled"",""startDate"":""2026-12-02T15:30:00-06:00"",""endDate"":""2026-12-02T17:30:00-06:00"",""location"":{""@type"":""Place"",""name"":""National Museum of African American Music"",""description"":"""",""url"":""https://www.nmaam.org/venue/national-museum-of-african-american-music/"",""address"":{""@type"":""PostalAddress"",""streetAddress"":""510 Broadway"",""addressLocality"":""Nashville"",""addressRegion"":""TN"",""postalCode"":""37203"",""addressCountry"":""United States""},""telephone"":""6153018724"",""sameAs"":""https://www.nmaam.org""},""organizer"":{""@type"":""Person"",""name"":""National Museum of African American Music"",""description"":"""",""url"":""https://www.nmaam.org"",""telephone"":""6153018724"",""email"":""co&#109;&#109;&#117;&#110;i&#116;y&#64;&#110;&#109;&#97;a&#109;.&#111;r&#103;""},""offers"":{""@type"":""Offer"",""price"":""0"",""priceCurrency"":""USD"",""url"":""https://www.nmaam.org/event/5678/2026-12-02/"",""category"":""primary"",""availability"":""inStock"",""validFrom"":""2026-02-19T00:00:00+00:00""},""@id"":""https://www.nmaam.org/event/5678/2026-12-02/#event"",""mainEntityOfPage"":{""@id"":""https://www.nmaam.org/event/5678/2026-12-02/""}}"
2026-10-01T17:33:08Z,nmaam.org,100144,4bf58dd8d48988d181941735|museum,https://www.nmaam.org/event/5678/2027-01-06/,Event,mapped_exact,0.000,NMAAM Presents: Sounds In Cinema,2027-01-06T15:30:00-06:00,2027-01-06T17:30:00-06:00,https://www.nmaam.org/event/5678/2027-01-06/,https://schema.org/EventScheduled,https://schema.org/OfflineEventAttendanceMode,"SOUNDS IN CINEMA Where film meets music history. Join us for curated documentary screenings that explore the intersection of African American music and cinema, featuring authentic industry conversations and special [&hellip;]","{""@type"":""Place"",""name"":""National Museum of African American Music"",""description"":"""",""url"":""https://www.nmaam.org/venue/national-museum-of-african-american-music/"",""address"":{""@type"":""PostalAddress"",""streetAddress"":""510 Broadway"",""addressLocality"":""Nashville"",""addressRegion"":""TN"",""postalCode"":""37203"",""addressCountry"":""United States""},""telephone"":""6153018724"",""sameAs"":""https://www.nmaam.org""}","{""@type"":""Offer"",""price"":""0"",""priceCurrency"":""USD"",""url"":""https://www.nmaam.org/event/5678/2027-01-06/"",""category"":""primary"",""availability"":""inStock"",""validFrom"":""2026-02-19T00:00:00+00:00""}","{""@type"":""Person"",""name"":""National Museum of African American Music"",""description"":"""",""url"":""https://www.nmaam.org"",""telephone"":""6153018724"",""email"":""&#99;&#111;m&#109;&#117;ni&#116;&#121;&#64;&#110;&#109;aam.o&#114;g""}",,"{""@id"":""https://www.nmaam.org/event/5678/2027-01-06/#primaryimage""}",,"{""@type"":""Event"",""name"":""NMAAM Presents: Sounds In Cinema"",""description"":""SOUNDS IN CINEMA  Where film meets music history. Join us for curated documentary screenings that explore the intersection of African American music and cinema, featuring authentic industry conversations and special [&hellip;]"",""image"":{""@id"":""https://www.nmaam.org/event/5678/2027-01-06/#primaryimage""},""url"":""https://www.nmaam.org/event/5678/2027-01-06/"",""eventAttendanceMode"":""https://schema.org/OfflineEventAttendanceMode"",""eventStatus"":""https://schema.org/EventScheduled"",""startDate"":""2027-01-06T15:30:00-06:00"",""endDate"":""2027-01-06T17:30:00-06:00"",""location"":{""@type"":""Place"",""name"":""National Museum of African American Music"",""description"":"""",""url"":""https://www.nmaam.org/venue/national-museum-of-african-american-music/"",""address"":{""@type"":""PostalAddress"",""streetAddress"":""510 Broadway"",""addressLocality"":""Nashville"",""addressRegion"":""TN"",""postalCode"":""37203"",""addressCountry"":""United States""},""telephone"":""6153018724"",""sameAs"":""https://www.nmaam.org""},""organizer"":{""@type"":""Person"",""name"":""National Museum of African American Music"",""description"":"""",""url"":""https://www.nmaam.org"",""telephone"":""6153018724"",""email"":""&#99;&#111;m&#109;&#117;ni&#116;&#121;&#64;&#110;&#109;aam.o&#114;g""},""offers"":{""@type"":""Offer"",""price"":""0"",""priceCurrency"":""USD"",""url"":""https://www.nmaam.org/event/5678/2027-01-06/"",""category"":""primary"",""availability"":""inStock"",""validFrom"":""2026-02-19T00:00:00+00:00""},""@id"":""https://www.nmaam.org/event/5678/2027-01-06/#event"",""mainEntityOfPage"":{""@id"":""https://www.nmaam.org/event/5678/2027-01-06/""}}"
2026-10-01T17:33:08Z,nmaam.org,100144,4bf58dd8d48988d181941735|museum,https://www.nmaam.org/event/5678/2027-02-03/,Event,mapped_exact,0.000,NMAAM Presents: Sounds In Cinema,2027-02-03T15:30:00-06:00,2027-02-03T17:30:00-06:00,https://www.nmaam.org/event/5678/2027-02-03/,https://schema.org/EventScheduled,https://schema.org/OfflineEventAttendanceMode,"SOUNDS IN CINEMA Where film meets music history. Join us for curated documentary screenings that explore the intersection of African American music and cinema, featuring authentic industry conversations and special [&hellip;]","{""@type"":""Place"",""name"":""National Museum of African American Music"",""description"":"""",""url"":""https://www.nmaam.org/venue/national-museum-of-african-american-music/"",""address"":{""@type"":""PostalAddress"",""streetAddress"":""510 Broadway"",""addressLocality"":""Nashville"",""addressRegion"":""TN"",""postalCode"":""37203"",""addressCountry"":""United States""},""telephone"":""6153018724"",""sameAs"":""https://www.nmaam.org""}","{""@type"":""Offer"",""price"":""0"",""priceCurrency"":""USD"",""url"":""https://www.nmaam.org/event/5678/2027-02-03/"",""category"":""primary"",""availability"":""inStock"",""validFrom"":""2026-02-19T00:00:00+00:00""}","{""@type"":""Person"",""name"":""National Museum of African American Music"",""description"":"""",""url"":""https://www.nmaam.org"",""telephone"":""6153018724"",""email"":""c&#111;mm&#117;&#110;&#105;t&#121;&#64;n&#109;a&#97;&#109;.o&#114;g""}",,"{""@id"":""https://www.nmaam.org/event/5678/2027-02-03/#primaryimage""}",,"{""@type"":""Event"",""name"":""NMAAM Presents: Sounds In Cinema"",""description"":""SOUNDS IN CINEMA  Where film meets music history. Join us for curated documentary screenings that explore the intersection of African American music and cinema, featuring authentic industry conversations and special [&hellip;]"",""image"":{""@id"":""https://www.nmaam.org/event/5678/2027-02-03/#primaryimage""},""url"":""https://www.nmaam.org/event/5678/2027-02-03/"",""eventAttendanceMode"":""https://schema.org/OfflineEventAttendanceMode"",""eventStatus"":""https://schema.org/EventScheduled"",""startDate"":""2027-02-03T15:30:00-06:00"",""endDate"":""2027-02-03T17:30:00-06:00"",""location"":{""@type"":""Place"",""name"":""National Museum of African American Music"",""description"":"""",""url"":""https://www.nmaam.org/venue/national-museum-of-african-american-music/"",""address"":{""@type"":""PostalAddress"",""streetAddress"":""510 Broadway"",""addressLocality"":""Nashville"",""addressRegion"":""TN"",""postalCode"":""37203"",""addressCountry"":""United States""},""telephone"":""6153018724"",""sameAs"":""https://www.nmaam.org""},""organizer"":{""@type"":""Person"",""name"":""National Museum of African American Music"",""description"":"""",""url"":""https://www.nmaam.org"",""telephone"":""6153018724"",""email"":""c&#111;mm&#117;&#110;&#105;t&#121;&#64;n&#109;a&#97;&#109;.o&#114;g""},""offers"":{""@type"":""Offer"",""price"":""0"",""priceCurrency"":""USD"",""url"":""https://www.nmaam.org/event/5678/2027-02-03/"",""category"":""primary"",""availability"":""inStock"",""validFrom"":""2026-02-19T00:00:00+00:00""},""@id"":""https://www.nmaam.org/event/5678/2027-02-03/#event"",""mainEntityOfPage"":{""@id"":""https://www.nmaam.org/event/5678/2027-02-03/""}}"
2026-10-01T17:33:08Z,nmaam.org,100144,4bf58dd8d48988d181941735|museum,https://www.nmaam.org/event/5678/2027-03-03/,Event,mapped_exact,0.000,NMAAM Presents: Sounds In Cinema,2027-03-03T15:30:00-06:00,2027-03-03T17:30:00-06:00,https://www.nmaam.org/event/5678/2027-03-03/,https://schema.org/EventScheduled,https://schema.org/OfflineEventAttendanceMode,"SOUNDS IN CINEMA Where film meets music history. Join us for curated documentary screenings that explore the intersection of African American music and cinema, featuring authentic industry conversations and special [&hellip;]","{""@type"":""Place"",""name"":""National Museum of African American Music"",""description"":"""",""url"":""https://www.nmaam.org/venue/national-museum-of-african-american-music/"",""address"":{""@type"":""PostalAddress"",""streetAddress"":""510 Broadway"",""addressLocality"":""Nashville"",""addressRegion"":""TN"",""postalCode"":""37203"",""addressCountry"":""United States""},""telephone"":""6153018724"",""sameAs"":""https://www.nmaam.org""}","{""@type"":""Offer"",""price"":""0"",""priceCurrency"":""USD"",""url"":""https://www.nmaam.org/event/5678/2027-03-03/"",""category"":""primary"",""availability"":""inStock"",""validFrom"":""2026-02-19T00:00:00+00:00""}","{""@type"":""Person"",""name"":""National Museum of African American Music"",""description"":"""",""url"":""https://www.nmaam.org"",""telephone"":""6153018724"",""email"":""&#99;&#111;mmuni&#116;y&#64;&#110;ma&#97;&#109;&#46;&#111;&#114;g""}",,"{""@id"":""https://www.nmaam.org/event/5678/2027-03-03/#primaryimage""}",,"{""@type"":""Event"",""name"":""NMAAM Presents: Sounds In Cinema"",""description"":""SOUNDS IN CINEMA  Where film meets music history. Join us for curated documentary screenings that explore the intersection of African American music and cinema, featuring authentic industry conversations and special [&hellip;]"",""image"":{""@id"":""https://www.nmaam.org/event/5678/2027-03-03/#primaryimage""},""url"":""https://www.nmaam.org/event/5678/2027-03-03/"",""eventAttendanceMode"":""https://schema.org/OfflineEventAttendanceMode"",""eventStatus"":""https://schema.org/EventScheduled"",""startDate"":""2027-03-03T15:30:00-06:00"",""endDate"":""2027-03-03T17:30:00-06:00"",""location"":{""@type"":""Place"",""name"":""National Museum of African American Music"",""description"":"""",""url"":""https://www.nmaam.org/venue/national-museum-of-african-american-music/"",""address"":{""@type"":""PostalAddress"",""streetAddress"":""510 Broadway"",""addressLocality"":""Nashville"",""addressRegion"":""TN"",""postalCode"":""37203"",""addressCountry"":""United States""},""telephone"":""6153018724"",""sameAs"":""https://www.nmaam.org""},""organizer"":{""@type"":""Person"",""name"":""National Museum of African American Music"",""description"":"""",""url"":""https://www.nmaam.org"",""telephone"":""6153018724"",""email"":""&#99;&#111;mmuni&#116;y&#64;&#110;ma&#97;&#109;&#46;&#111;&#114;g""},""offers"":{""@type"":""Offer"",""price"":""0"",""priceCurrency"":""USD"",""url"":""https://www.nmaam.org/event/5678/2027-03-03/"",""category"":""primary"",""availability"":""inStock"",""validFrom"":""2026-02-19T00:00:00+00:00""},""@id"":""https://www.nmaam.org/event/5678/2027-03-03/#event"",""mainEntityOfPage"":{""@id"":""https://www.nmaam.org/event/5678/2027-03-03/""}}"
2026-10-01T17:33:08Z,livenation.com,100039|100071|100074|100109|100118,4bf58dd8d48988d1e5931735|amphitheater|concert hall|music venue|rock club,https://www.livenation.com/artist/K8vZ917ofYf/sylvan-esso-events,MusicEvent,mapped_exact,0.000,Sylvan Esso,2027-03-13T20:00:00-06:00,,https://www.livenation.com/event/G5viZ_G3V82aE/sylvan-esso,https://schema.org/EventScheduled,https://schema.org/OfflineEventAttendanceMode,"Sylvan Esso Saturday, March 13, 2027 at 8:00 PM CST Brooklyn Bowl Nashville, Nashville, TN","{""@type"":""Place"",""address"":{""@type"":""PostalAddress"",""addressCountry"":{""@type"":""Country"",""name"":""US""},""addressLocality"":""Nashville"",""addressRegion"":""TN"",""postalCode"":""37201"",""streetAddress"":""925 3rd Ave N""},""name"":""Brooklyn Bowl Nashville"",""sameAs"":""https://www.livenation.com/venue/KovZ917APep/brooklyn-bowl-nashville-events""}",,,,"""https://s1.ticketm.net/dam/a/676/983a21d6-933e-4fb7-9f83-7d73c6e16676_TABLET_LANDSCAPE_LARGE_16_9.jpg""",,"{""@context"":""https://schema.org"",""@type"":""MusicEvent"",""description"":""Sylvan Esso Saturday, March 13, 2027 at 8:00 PM CST Brooklyn Bowl Nashville, Nashville, TN"",""eventAttendanceMode"":""https://schema.org/OfflineEventAttendanceMode"",""eventStatus"":""https://schema.org/EventScheduled"",""image"":""https://s1.ticketm.net/dam/a/676/983a21d6-933e-4fb7-9f83-7d73c6e16676_TABLET_LANDSCAPE_LARGE_16_9.jpg"",""location"":{""@type"":""Place"",""address"":{""@type"":""PostalAddress"",""addressCountry"":{""@type"":""Country"",""name"":""US""},""addressLocality"":""Nashville"",""addressRegion"":""TN"",""postalCode"":""37201"",""streetAddress"":""925 3rd Ave N""},""name"":""Brooklyn Bowl Nashville"",""sameAs"":""https://www.livenation.com/venue/KovZ917APep/brooklyn-bowl-nashville-events""},""name"":""Sylvan Esso"",""performers"":[{""@type"":""MusicGroup"",""name"":""Sylvan Esso"",""sameAs"":""https://www.livenation.com/artist/K8vZ917ofYf/sylvan-esso-events""}],""startDate"":""2027-03-13T20:00:00-06:00"",""url"":""https://www.livenation.com/event/G5viZ_G3V82aE/sylvan-esso""}"
2026-10-01T17:33:08Z,shenyun.com,100021,4bf58dd8d48988d137941735|4bf58dd8d48988d1e5931735|music venue|theater,https://www.shenyun.com/tickets,DanceEvent,mapped_exact,0.000,Shen Yun Performing Arts - Nashville,2027-04-03T14:00:00Z,2027-04-04T14:00:00Z,https://www.shenyun.com/nashville/the-fisher-center-for-the-performing-arts,https://schema.org/EventScheduled,https://schema.org/OfflineEventAttendanceMode,"Shen Yun Performing Arts is the world's premier classical Chinese dance and music company, bringing an all-new performance of dance, costumes, animated backdrops, singing, and music to over 150 theaters every year.","{""@type"":""Place"",""name"":""The Fisher Center for the Performing Arts"",""address"":{""@type"":""PostalAddress"",""addressLocality"":""Nashville"",""addressRegion"":""Tennessee""}}","{""@type"":""AggregateOffer"",""lowPrice"":""98"",""url"":""https://www.shenyun.com/nashville/the-fisher-center-for-the-performing-arts"",""availability"":""https://schema.org/InStock"",""priceCurrency"":""USD"",""validFrom"":""2019-09-01 00:00:00"",""offers"":[{""@type"":""Offer"",""price"":""175"",""priceCurrency"":""USD"",""validFrom"":""2019-09-01 00:00:00""},{""@type"":""Offer"",""price"":""140"",""priceCurrency"":""USD"",""validFrom"":""2019-09-01 00:00:00""},{""@type"":""Offer"",""price"":""120"",""priceCurrency"":""USD"",""validFrom"":""2019-09-01 00:00:00""},{""@type"":""Offer"",""price"":""109"",""priceCurrency"":""USD"",""validFrom"":""2019-09-01 00:00:00""},{""@type"":""Offer"",""price"":""98"",""priceCurrency"":""USD"",""validFrom"":""2019-09-01 00:00:00""}]}",,"""Shen Yun Performing Arts""","""https://www.shenyun.com/image/front/shenyun-og-fb-share-2023-newslogan.jpg""",,"{""@context"":""http://schema.org"",""@type"":""DanceEvent"",""location"":{""@type"":""Place"",""name"":""The Fisher Center for the Performing Arts"",""address"":{""@type"":""PostalAddress"",""addressLocality"":""Nashville"",""addressRegion"":""Tennessee""}},""description"":""Shen Yun Performing Arts is the world's premier classical Chinese dance and music company, bringing an all-new performance of dance, costumes, animated backdrops, singing, and music to over 150 theaters every year."",""performer"":""Shen Yun Performing Arts"",""name"":""Shen Yun Performing Arts - Nashville"",""startDate"":""2027-04-03T14:00:00Z"",""endDate"":""2027-04-04T14:00:00Z"",""eventAttendanceMode"":""https://schema.org/OfflineEventAttendanceMode"",""eventStatus"":""https://schema.org/EventScheduled"",""offers"":{""@type"":""AggregateOffer"",""lowPrice"":""98"",""url"":""https://www.shenyun.com/nashville/the-fisher-center-for-the-performing-arts"",""availability"":""https://schema.org/InStock"",""priceCurrency"":""USD"",""validFrom"":""2019-09-01 00:00:00"",""offers"":[{""@type"":""Offer"",""price"":""175"",""priceCurrency"":""USD"",""validFrom"":""2019-09-01 00:00:00""},{""@type"":""Offer"",""price"":""140"",""priceCurrency"":""USD"",""validFrom"":""2019-09-01 00:00:00""},{""@type"":""Offer"",""price"":""120"",""priceCurrency"":""USD"",""validFrom"":""2019-09-01 00:00:00""},{""@type"":""Offer"",""price"":""109"",""priceCurrency"":""USD"",""validFrom"":""2019-09-01 00:00:00""},{""@type"":""Offer"",""price"":""98"",""priceCurrency"":""USD"",""validFrom"":""2019-09-01 00:00:00""}]},""image"":""https://www.shenyun.com/image/front/shenyun-og-fb-share-2023-newslogan.jpg"",""url"":""https://www.shenyun.com/nashville/the-fisher-center-for-the-performing-arts"",""eventSchedule"":[{""@type"":""Schedule"",""startDate"":""1969-12-31"",""endDate"":""1969-12-31"",""startTime"":""19:00:00"",""endTime"":""19:00:00"",""performer"":""Shen Yun Performing Arts""}]}"
2026-10-01T17:33:08Z,nmaam.org,100144,4bf58dd8d48988d181941735|museum,https://www.nmaam.org/event/5678/2027-04-07/,Event,mapped_exact,0.000,NMAAM Presents: Sounds In Cinema,2027-04-07T15:30:00-05:00,2027-04-07T17:30:00-05:00,https://www.nmaam.org/event/5678/2027-04-07/,https://schema.org/EventScheduled,https://schema.org/OfflineEventAttendanceMode,"SOUNDS IN CINEMA Where film meets music history. Join us for curated documentary screenings that explore the intersection of African American music and cinema, featuring authentic industry conversations and special [&hellip;]","{""@type"":""Place"",""name"":""National Museum of African American Music"",""description"":"""",""url"":""https://www.nmaam.org/venue/national-museum-of-african-american-music/"",""address"":{""@type"":""PostalAddress"",""streetAddress"":""510 Broadway"",""addressLocality"":""Nashville"",""addressRegion"":""TN"",""postalCode"":""37203"",""addressCountry"":""United States""},""telephone"":""6153018724"",""sameAs"":""https://www.nmaam.org""}","{""@type"":""Offer"",""price"":""0"",""priceCurrency"":""USD"",""url"":""https://www.nmaam.org/event/5678/2027-04-07/"",""category"":""primary"",""availability"":""inStock"",""validFrom"":""2026-02-19T00:00:00+00:00""}","{""@type"":""Person"",""name"":""National Museum of African American Music"",""description"":"""",""url"":""https://www.nmaam.org"",""telephone"":""6153018724"",""email"":""c&#111;m&#109;unity&#64;&#110;&#109;aam&#46;o&#114;&#103;""}",,"{""@id"":""https://www.nmaam.org/event/5678/2027-04-07/#primaryimage""}",,"{""@type"":""Event"",""name"":""NMAAM Presents: Sounds In Cinema"",""description"":""SOUNDS IN CINEMA  Where film meets music history. Join us for curated documentary screenings that explore the intersection of African American music and cinema, featuring authentic industry conversations and special [&hellip;]"",""image"":{""@id"":""https://www.nmaam.org/event/5678/2027-04-07/#primaryimage""},""url"":""https://www.nmaam.org/event/5678/2027-04-07/"",""eventAttendanceMode"":""https://schema.org/OfflineEventAttendanceMode"",""eventStatus"":""https://schema.org/EventScheduled"",""startDate"":""2027-04-07T15:30:00-05:00"",""endDate"":""2027-04-07T17:30:00-05:00"",""location"":{""@type"":""Place"",""name"":""National Museum of African American Music"",""description"":"""",""url"":""https://www.nmaam.org/venue/national-museum-of-african-american-music/"",""address"":{""@type"":""PostalAddress"",""streetAddress"":""510 Broadway"",""addressLocality"":""Nashville"",""addressRegion"":""TN"",""postalCode"":""37203"",""addressCountry"":""United States""},""telephone"":""6153018724"",""sameAs"":""https://www.nmaam.org""},""organizer"":{""@type"":""Person"",""name"":""National Museum of African American Music"",""description"":"""",""url"":""https://www.nmaam.org"",""telephone"":""6153018724"",""email"":""c&#111;m&#109;unity&#64;&#110;&#109;aam&#46;o&#114;&#103;""},""offers"":{""@type"":""Offer"",""price"":""0"",""priceCurrency"":""USD"",""url"":""https://www.nmaam.org/event/5678/2027-04-07/"",""category"":""primary"",""availability"":""inStock"",""validFrom"":""2026-02-19T00:00:00+00:00""},""@id"":""https://www.nmaam.org/event/5678/2027-04-07/#event"",""mainEntityOfPage"":{""@id"":""https://www.nmaam.org/event/5678/2027-04-07/""}}"
2026-10-01T17:33:08Z,nmaam.org,100144,4bf58dd8d48988d181941735|museum,https://www.nmaam.org/event/5678/2027-05-05/,Event,mapped_exact,0.000,NMAAM Presents: Sounds In Cinema,2027-05-05T15:30:00-05:00,2027-05-05T17:30:00-05:00,https://www.nmaam.org/event/5678/2027-05-05/,https://schema.org/EventScheduled,https://schema.org/OfflineEventAttendanceMode,"SOUNDS IN CINEMA Where film meets music history. Join us for curated documentary screenings that explore the intersection of African American music and cinema, featuring authentic industry conversations and special [&hellip;]","{""@type"":""Place"",""name"":""National Museum of African American Music"",""description"":"""",""url"":""https://www.nmaam.org/venue/national-museum-of-african-american-music/"",""address"":{""@type"":""PostalAddress"",""streetAddress"":""510 Broadway"",""addressLocality"":""Nashville"",""addressRegion"":""TN"",""postalCode"":""37203"",""addressCountry"":""United States""},""telephone"":""6153018724"",""sameAs"":""https://www.nmaam.org""}","{""@type"":""Offer"",""price"":""0"",""priceCurrency"":""USD"",""url"":""https://www.nmaam.org/event/5678/2027-05-05/"",""category"":""primary"",""availability"":""inStock"",""validFrom"":""2026-02-19T00:00:00+00:00""}","{""@type"":""Person"",""name"":""National Museum of African American Music"",""description"":"""",""url"":""https://www.nmaam.org"",""telephone"":""6153018724"",""email"":""&#99;omm&#117;ni&#116;y&#64;n&#109;&#97;&#97;&#109;&#46;o&#114;g""}",,"{""@id"":""https://www.nmaam.org/event/5678/2027-05-05/#primaryimage""}",,"{""@type"":""Event"",""name"":""NMAAM Presents: Sounds In Cinema"",""description"":""SOUNDS IN CINEMA  Where film meets music history. Join us for curated documentary screenings that explore the intersection of African American music and cinema, featuring authentic industry conversations and special [&hellip;]"",""image"":{""@id"":""https://www.nmaam.org/event/5678/2027-05-05/#primaryimage""},""url"":""https://www.nmaam.org/event/5678/2027-05-05/"",""eventAttendanceMode"":""https://schema.org/OfflineEventAttendanceMode"",""eventStatus"":""https://schema.org/EventScheduled"",""startDate"":""2027-05-05T15:30:00-05:00"",""endDate"":""2027-05-05T17:30:00-05:00"",""location"":{""@type"":""Place"",""name"":""National Museum of African American Music"",""description"":"""",""url"":""https://www.nmaam.org/venue/national-museum-of-african-american-music/"",""address"":{""@type"":""PostalAddress"",""streetAddress"":""510 Broadway"",""addressLocality"":""Nashville"",""addressRegion"":""TN"",""postalCode"":""37203"",""addressCountry"":""United States""},""telephone"":""6153018724"",""sameAs"":""https://www.nmaam.org""},""organizer"":{""@type"":""Person"",""name"":""National Museum of African American Music"",""description"":"""",""url"":""https://www.nmaam.org"",""telephone"":""6153018724"",""email"":""&#99;omm&#117;ni&#116;y&#64;n&#109;&#97;&#97;&#109;&#46;o&#114;g""},""offers"":{""@type"":""Offer"",""price"":""0"",""priceCurrency"":""USD"",""url"":""https://www.nmaam.org/event/5678/2027-05-05/"",""category"":""primary"",""availability"":""inStock"",""validFrom"":""2026-02-19T00:00:00+00:00""},""@id"":""https://www.nmaam.org/event/5678/2027-05-05/#event"",""mainEntityOfPage"":{""@id"":""https://www.nmaam.org/event/5678/2027-05-05/""}}"
2026-10-01T17:33:08Z,nmaam.org,100144,4bf58dd8d48988d181941735|museum,https://www.nmaam.org/event/5678/2027-06-02/,Event,mapped_exact,0.000,NMAAM Presents: Sounds In Cinema,2027-06-02T15:30:00-05:00,2027-06-02T17:30:00-05:00,https://www.nmaam.org/event/5678/2027-06-02/,https://schema.org/EventScheduled,https://schema.org/OfflineEventAttendanceMode,"SOUNDS IN CINEMA Where film meets music history. Join us for curated documentary screenings that explore the intersection of African American music and cinema, featuring authentic industry conversations and special [&hellip;]","{""@type"":""Place"",""name"":""National Museum of African American Music"",""description"":"""",""url"":""https://www.nmaam.org/venue/national-museum-of-african-american-music/"",""address"":{""@type"":""PostalAddress"",""streetAddress"":""510 Broadway"",""addressLocality"":""Nashville"",""addressRegion"":""TN"",""postalCode"":""37203"",""addressCountry"":""United States""},""telephone"":""6153018724"",""sameAs"":""https://www.nmaam.org""}","{""@type"":""Offer"",""price"":""0"",""priceCurrency"":""USD"",""url"":""https://www.nmaam.org/event/5678/2027-06-02/"",""category"":""primary"",""availability"":""inStock"",""validFrom"":""2026-02-19T00:00:00+00:00""}","{""@type"":""Person"",""name"":""National Museum of African American Music"",""description"":"""",""url"":""https://www.nmaam.org"",""telephone"":""6153018724"",""email"":""&#99;&#111;m&#109;&#117;&#110;ity&#64;&#110;m&#97;a&#109;.&#111;rg""}",,"{""@id"":""https://www.nmaam.org/event/5678/2027-06-02/#primaryimage""}",,"{""@type"":""Event"",""name"":""NMAAM Presents: Sounds In Cinema"",""description"":""SOUNDS IN CINEMA  Where film meets music history. Join us for curated documentary screenings that explore the intersection of African American music and cinema, featuring authentic industry conversations and special [&hellip;]"",""image"":{""@id"":""https://www.nmaam.org/event/5678/2027-06-02/#primaryimage""},""url"":""https://www.nmaam.org/event/5678/2027-06-02/"",""eventAttendanceMode"":""https://schema.org/OfflineEventAttendanceMode"",""eventStatus"":""https://schema.org/EventScheduled"",""startDate"":""2027-06-02T15:30:00-05:00"",""endDate"":""2027-06-02T17:30:00-05:00"",""location"":{""@type"":""Place"",""name"":""National Museum of African American Music"",""description"":"""",""url"":""https://www.nmaam.org/venue/national-museum-of-african-american-music/"",""address"":{""@type"":""PostalAddress"",""streetAddress"":""510 Broadway"",""addressLocality"":""Nashville"",""addressRegion"":""TN"",""postalCode"":""37203"",""addressCountry"":""United States""},""telephone"":""6153018724"",""sameAs"":""https://www.nmaam.org""},""organizer"":{""@type"":""Person"",""name"":""National Museum of African American Music"",""description"":"""",""url"":""https://www.nmaam.org"",""telephone"":""6153018724"",""email"":""&#99;&#111;m&#109;&#117;&#110;ity&#64;&#110;m&#97;a&#109;.&#111;rg""},""offers"":{""@type"":""Offer"",""price"":""0"",""priceCurrency"":""USD"",""url"":""https://www.nmaam.org/event/5678/2027-06-02/"",""category"":""primary"",""availability"":""inStock"",""validFrom"":""2026-02-19T00:00:00+00:00""},""@id"":""https://www.nmaam.org/event/5678/2027-06-02/#event"",""mainEntityOfPage"":{""@id"":""https://www.nmaam.org/event/5678/2027-06-02/""}}"
2026-10-01T17:33:08Z,nmaam.org,100144,4bf58dd8d48988d181941735|museum,https://www.nmaam.org/event/5678/2027-07-07/,Event,mapped_exact,0.000,NMAAM Presents: Sounds In Cinema,2027-07-07T15:30:00-05:00,2027-07-07T17:30:00-05:00,https://www.nmaam.org/event/5678/2027-07-07/,https://schema.org/EventScheduled,https://schema.org/OfflineEventAttendanceMode,"SOUNDS IN CINEMA Where film meets music history. Join us for curated documentary screenings that explore the intersection of African American music and cinema, featuring authentic industry conversations and special [&hellip;]","{""@type"":""Place"",""name"":""National Museum of African American Music"",""description"":"""",""url"":""https://www.nmaam.org/venue/national-museum-of-african-american-music/"",""address"":{""@type"":""PostalAddress"",""streetAddress"":""510 Broadway"",""addressLocality"":""Nashville"",""addressRegion"":""TN"",""postalCode"":""37203"",""addressCountry"":""United States""},""telephone"":""6153018724"",""sameAs"":""https://www.nmaam.org""}","{""@type"":""Offer"",""price"":""0"",""priceCurrency"":""USD"",""url"":""https://www.nmaam.org/event/5678/2027-07-07/"",""category"":""primary"",""availability"":""inStock"",""validFrom"":""2026-02-19T00:00:00+00:00""}","{""@type"":""Person"",""name"":""National Museum of African American Music"",""description"":"""",""url"":""https://www.nmaam.org"",""telephone"":""6153018724"",""email"":""&#99;o&#109;&#109;&#117;n&#105;t&#121;&#64;&#110;ma&#97;&#109;.or&#103;""}",,"{""@id"":""https://www.nmaam.org/event/5678/2027-07-07/#primaryimage""}",,"{""@type"":""Event"",""name"":""NMAAM Presents: Sounds In Cinema"",""description"":""SOUNDS IN CINEMA  Where film meets music history. Join us for curated documentary screenings that explore the intersection of African American music and cinema, featuring authentic industry conversations and special [&hellip;]"",""image"":{""@id"":""https://www.nmaam.org/event/5678/2027-07-07/#primaryimage""},""url"":""https://www.nmaam.org/event/5678/2027-07-07/"",""eventAttendanceMode"":""https://schema.org/OfflineEventAttendanceMode"",""eventStatus"":""https://schema.org/EventScheduled"",""startDate"":""2027-07-07T15:30:00-05:00"",""endDate"":""2027-07-07T17:30:00-05:00"",""location"":{""@type"":""Place"",""name"":""National Museum of African American Music"",""description"":"""",""url"":""https://www.nmaam.org/venue/national-museum-of-african-american-music/"",""address"":{""@type"":""PostalAddress"",""streetAddress"":""510 Broadway"",""addressLocality"":""Nashville"",""addressRegion"":""TN"",""postalCode"":""37203"",""addressCountry"":""United States""},""telephone"":""6153018724"",""sameAs"":""https://www.nmaam.org""},""organizer"":{""@type"":""Person"",""name"":""National Museum of African American Music"",""description"":"""",""url"":""https://www.nmaam.org"",""telephone"":""6153018724"",""email"":""&#99;o&#109;&#109;&#117;n&#105;t&#121;&#64;&#110;ma&#97;&#109;.or&#103;""},""offers"":{""@type"":""Offer"",""price"":""0"",""priceCurrency"":""USD"",""url"":""https://www.nmaam.org/event/5678/2027-07-07/"",""category"":""primary"",""availability"":""inStock"",""validFrom"":""2026-02-19T00:00:00+00:00""},""@id"":""https://www.nmaam.org/event/5678/2027-07-07/#event"",""mainEntityOfPage"":{""@id"":""https://www.nmaam.org/event/5678/2027-07-07/""}}"
2026-10-01T17:33:08Z,livenation.com,100039|100071|100074|100109|100118,4bf58dd8d48988d1e5931735|amphitheater|concert hall|music venue|rock club,https://www.livenation.com/artist/K8vZ9171Lz0/slipknot-events,MusicEvent,mapped_exact,0.000,Slipknot: (sic)est Stadium Tour,2027-08-03T18:00:00-05:00,,https://www.livenation.com/event/G5viZ_KUItmaw/slipknot-sic-est-stadium-tour,https://schema.org/EventScheduled,https://schema.org/OfflineEventAttendanceMode,"Slipknot: (sic)est Stadium Tour Tuesday, August 3, 2027 at 6:00 PM CDT FirstBank Stadium, Nashville, TN","{""@type"":""Place"",""address"":{""@type"":""PostalAddress"",""addressCountry"":{""@type"":""Country"",""name"":""US""},""addressLocality"":""Nashville"",""addressRegion"":""TN"",""postalCode"":""37212"",""streetAddress"":""2601 Jess Neely Drive""},""name"":""FirstBank Stadium"",""sameAs"":""https://www.livenation.com/venue/KovZpa9-be/firstbank-stadium-events""}",,,,"""https://s1.ticketm.net/dam/a/ee5/3902f906-8bb6-4ed3-8ce3-69592dc37ee5_TABLET_LANDSCAPE_LARGE_16_9.jpg""",,"{""@context"":""https://schema.org"",""@type"":""MusicEvent"",""description"":""Slipknot: (sic)est Stadium Tour Tuesday, August 3, 2027 at 6:00 PM CDT FirstBank Stadium, Nashville, TN"",""eventAttendanceMode"":""https://schema.org/OfflineEventAttendanceMode"",""eventStatus"":""https://schema.org/EventScheduled"",""image"":""https://s1.ticketm.net/dam/a/ee5/3902f906-8bb6-4ed3-8ce3-69592dc37ee5_TABLET_LANDSCAPE_LARGE_16_9.jpg"",""location"":{""@type"":""Place"",""address"":{""@type"":""PostalAddress"",""addressCountry"":{""@type"":""Country"",""name"":""US""},""addressLocality"":""Nashville"",""addressRegion"":""TN"",""postalCode"":""37212"",""streetAddress"":""2601 Jess Neely Drive""},""name"":""FirstBank Stadium"",""sameAs"":""https://www.livenation.com/venue/KovZpa9-be/firstbank-stadium-events""},""name"":""Slipknot: (sic)est Stadium Tour"",""performers"":[{""@type"":""MusicGroup"",""name"":""Slipknot"",""sameAs"":""https://www.livenation.com/artist/K8vZ9171Lz0/slipknot-events""},{""@type"":""MusicGroup"",""name"":""Bring Me The Horizon"",""sameAs"":""https://www.livenation.com/artist/K8vZ917Ge97/bring-me-the-horizon-events""},{""@type"":""MusicGroup"",""name"":""Kublai Khan TX"",""sameAs"":""https://www.livenation.com/artist/K8vZ917QE1f/kublai-khan-tx-events""}],""startDate"":""2027-08-03T18:00:00-05:00"",""url"":""https://www.livenation.com/event/G5viZ_KUItmaw/slipknot-sic-est-stadium-tour""}"
2026-10-01T17:33:08Z,nmaam.org,100144,4bf58dd8d48988d181941735|museum,https://www.nmaam.org/event/5678/2027-08-04/,Event,mapped_exact,0.000,NMAAM Presents: Sounds In Cinema,2027-08-04T15:30:00-05:00,2027-08-04T17:30:00-05:00,https://www.nmaam.org/event/5678/2027-08-04/,https://schema.org/EventScheduled,https://schema.org/OfflineEventAttendanceMode,"SOUNDS IN CINEMA Where film meets music history. Join us for curated documentary screenings that explore the intersection of African American music and cinema, featuring authentic industry conversations and special [&hellip;]","{""@type"":""Place"",""name"":""National Museum of African American Music"",""description"":"""",""url"":""https://www.nmaam.org/venue/national-museum-of-african-american-music/"",""address"":{""@type"":""PostalAddress"",""streetAddress"":""510 Broadway"",""addressLocality"":""Nashville"",""addressRegion"":""TN"",""postalCode"":""37203"",""addressCountry"":""United States""},""telephone"":""6153018724"",""sameAs"":""https://www.nmaam.org""}","{""@type"":""Offer"",""price"":""0"",""priceCurrency"":""USD"",""url"":""https://www.nmaam.org/event/5678/2027-08-04/"",""category"":""primary"",""availability"":""inStock"",""validFrom"":""2026-02-19T00:00:00+00:00""}","{""@type"":""Person"",""name"":""National Museum of African American Music"",""description"":"""",""url"":""https://www.nmaam.org"",""telephone"":""6153018724"",""email"":""co&#109;&#109;&#117;&#110;i&#116;&#121;&#64;nmaam.&#111;r&#103;""}",,"{""@id"":""https://www.nmaam.org/event/5678/2027-08-04/#primaryimage""}",,"{""@type"":""Event"",""name"":""NMAAM Presents: Sounds In Cinema"",""description"":""SOUNDS IN CINEMA  Where film meets music history. Join us for curated documentary screenings that explore the intersection of African American music and cinema, featuring authentic industry conversations and special [&hellip;]"",""image"":{""@id"":""https://www.nmaam.org/event/5678/2027-08-04/#primaryimage""},""url"":""https://www.nmaam.org/event/5678/2027-08-04/"",""eventAttendanceMode"":""https://schema.org/OfflineEventAttendanceMode"",""eventStatus"":""https://schema.org/EventScheduled"",""startDate"":""2027-08-04T15:30:00-05:00"",""endDate"":""2027-08-04T17:30:00-05:00"",""location"":{""@type"":""Place"",""name"":""National Museum of African American Music"",""description"":"""",""url"":""https://www.nmaam.org/venue/national-museum-of-african-american-music/"",""address"":{""@type"":""PostalAddress"",""streetAddress"":""510 Broadway"",""addressLocality"":""Nashville"",""addressRegion"":""TN"",""postalCode"":""37203"",""addressCountry"":""United States""},""telephone"":""6153018724"",""sameAs"":""https://www.nmaam.org""},""organizer"":{""@type"":""Person"",""name"":""National Museum of African American Music"",""description"":"""",""url"":""https://www.nmaam.org"",""telephone"":""6153018724"",""email"":""co&#109;&#109;&#117;&#110;i&#116;&#121;&#64;nmaam.&#111;r&#103;""},""offers"":{""@type"":""Offer"",""price"":""0"",""priceCurrency"":""USD"",""url"":""https://www.nmaam.org/event/5678/2027-08-04/"",""category"":""primary"",""availability"":""inStock"",""validFrom"":""2026-02-19T00:00:00+00:00""},""@id"":""https://www.nmaam.org/event/5678/2027-08-04/#event"",""mainEntityOfPage"":{""@id"":""https://www.nmaam.org/event/5678/2027-08-04/""}}"
2026-10-01T17:33:08Z,nmaam.org,100144,4bf58dd8d48988d181941735|museum,https://www.nmaam.org/event/5678/2027-09-01/,Event,mapped_exact,0.000,NMAAM Presents: Sounds In Cinema,2027-09-01T15:30:00-05:00,2027-09-01T17:30:00-05:00,https://www.nmaam.org/event/5678/2027-09-01/,https://schema.org/EventScheduled,https://schema.org/OfflineEventAttendanceMode,"SOUNDS IN CINEMA Where film meets music history. Join us for curated documentary screenings that explore the intersection of African American music and cinema, featuring authentic industry conversations and special [&hellip;]","{""@type"":""Place"",""name"":""National Museum of African American Music"",""description"":"""",""url"":""https://www.nmaam.org/venue/national-museum-of-african-american-music/"",""address"":{""@type"":""PostalAddress"",""streetAddress"":""510 Broadway"",""addressLocality"":""Nashville"",""addressRegion"":""TN"",""postalCode"":""37203"",""addressCountry"":""United States""},""telephone"":""6153018724"",""sameAs"":""https://www.nmaam.org""}","{""@type"":""Offer"",""price"":""0"",""priceCurrency"":""USD"",""url"":""https://www.nmaam.org/event/5678/2027-09-01/"",""category"":""primary"",""availability"":""inStock"",""validFrom"":""2026-02-19T00:00:00+00:00""}","{""@type"":""Person"",""name"":""National Museum of African American Music"",""description"":"""",""url"":""https://www.nmaam.org"",""telephone"":""6153018724"",""email"":""c&#111;&#109;&#109;un&#105;&#116;&#121;&#64;nmaam.o&#114;g""}",,"{""@id"":""https://www.nmaam.org/event/5678/2027-09-01/#primaryimage""}",,"{""@type"":""Event"",""name"":""NMAAM Presents: Sounds In Cinema"",""description"":""SOUNDS IN CINEMA  Where film meets music history. Join us for curated documentary screenings that explore the intersection of African American music and cinema, featuring authentic industry conversations and special [&hellip;]"",""image"":{""@id"":""https://www.nmaam.org/event/5678/2027-09-01/#primaryimage""},""url"":""https://www.nmaam.org/event/5678/2027-09-01/"",""eventAttendanceMode"":""https://schema.org/OfflineEventAttendanceMode"",""eventStatus"":""https://schema.org/EventScheduled"",""startDate"":""2027-09-01T15:30:00-05:00"",""endDate"":""2027-09-01T17:30:00-05:00"",""location"":{""@type"":""Place"",""name"":""National Museum of African American Music"",""description"":"""",""url"":""https://www.nmaam.org/venue/national-museum-of-african-american-music/"",""address"":{""@type"":""PostalAddress"",""streetAddress"":""510 Broadway"",""addressLocality"":""Nashville"",""addressRegion"":""TN"",""postalCode"":""37203"",""addressCountry"":""United States""},""telephone"":""6153018724"",""sameAs"":""https://www.nmaam.org""},""organizer"":{""@type"":""Person"",""name"":""National Museum of African American Music"",""description"":"""",""url"":""https://www.nmaam.org"",""telephone"":""6153018724"",""email"":""c&#111;&#109;&#109;un&#105;&#116;&#121;&#64;nmaam.o&#114;g""},""offers"":{""@type"":""Offer"",""price"":""0"",""priceCurrency"":""USD"",""url"":""https://www.nmaam.org/event/5678/2027-09-01/"",""category"":""primary"",""availability"":""inStock"",""validFrom"":""2026-02-19T00:00:00+00:00""},""@id"":""https://www.nmaam.org/event/5678/2027-09-01/#event"",""mainEntityOfPage"":{""@id"":""https://www.nmaam.org/event/5678/2027-09-01/""}}"
