tec_run_started_utc,tec_canonical_host,tec_endpoint,tec_page,event.id,event.global_id,event.title,event.start_date,event.utc_start_date,event.end_date,event.utc_end_date,event.timezone,event.all_day,event.featured,event.status,event.url,event.website,event.purchase_link,event.cost,event.cost_details_json,event.categories_json,event.tags_json,event.venue_json,event.organizer_json,event.description,event.excerpt,event.image_json,event.custom_fields_json,event.hide_from_listings,event.is_virtual,event.virtual_url,event.virtual_video_source,event.modified,event.modified_utc,event.show_map,event.show_map_link,event.subevents_json,event.ticketed,event.ticketed_json
2026-09-30T17:11:03Z,ribandchophouse.com,https://ribandchophouse.com/wp-json/tribe/events/v1/events,1,4999,ribandchophouse.com?id=4999,Air Force Hockey Radio Show,2026-09-29 18:00:00,2026-09-30 00:00:00,2026-09-29 19:00:00,2026-09-30 01:00:00,UTC-7,false,false,publish,https://ribandchophouse.com/event/air-force-hockey-radio-show-18/,,,,"{""currency_symbol"":""$"",""currency_code"":""USD"",""currency_position"":""prefix"",""values"":[]}",[],[],"{""id"":2567,""global_id"":""ribandchophouse.com?id=2567"",""venue"":""Colorado&#8217;s Rib &#038; Chop House"",""address"":""5935 Dublin Blvd Suite 190"",""city"":""Colorado Springs"",""province"":""CO"",""zip"":""80923"",""url"":""https://ribandchophouse.com/venue/colorados-rib-chop-house/"",""show_map"":true,""show_map_link"":true}",[],"Join Air Force Hockey Coach Frank Serratore every week to get in-depth analysis and insight into the team, hosted at Colorado’s Rib & Chop House!",,false,,false,,,,2026-09-01 17:22:22,2026-09-01 17:22:22,true,true,,,
2026-09-30T17:11:03Z,ribandchophouse.com,https://ribandchophouse.com/wp-json/tribe/events/v1/events,1,4981,ribandchophouse.com?id=4981,Air Force Football Radio Show,2026-09-30 18:30:00,2026-10-01 00:30:00,2026-09-30 19:30:00,2026-10-01 01:30:00,UTC-7,false,false,publish,https://ribandchophouse.com/event/air-force-football-radio-show-32/,,,,"{""currency_symbol"":""$"",""currency_code"":""USD"",""currency_position"":""prefix"",""values"":[]}",[],[],"{""id"":2567,""global_id"":""ribandchophouse.com?id=2567"",""venue"":""Colorado&#8217;s Rib &#038; Chop House"",""address"":""5935 Dublin Blvd Suite 190"",""city"":""Colorado Springs"",""province"":""CO"",""zip"":""80923"",""url"":""https://ribandchophouse.com/venue/colorados-rib-chop-house/"",""show_map"":true,""show_map_link"":true}",[],"Join Air Force Football Coach Troy Calhoun and select special guests every week to get in-depth analysis and insight into the team, hosted at Colorado’s Rib & Chop House!",,false,,false,,,,2026-09-01 17:16:16,2026-09-01 17:16:16,true,true,,,
2026-09-30T17:11:03Z,csfineartscenter.org,https://fac.coloradocollege.edu/wp-json/tribe/events/v1/events,1,10005795,fac.coloradocollege.edu?id=10005795,David Mamet&#8217;s Oleanna,2026-09-30 19:00:00,2026-10-01 01:00:00,2026-09-30 20:30:00,2026-10-01 02:30:00,America/Denver,false,true,publish,https://fac.coloradocollege.edu/event/david-mamets-oleanna/2026-09-30/,https://fac.coloradocollege.edu/theatre-events/david-mamets-oleanna/,,,"{""currency_symbol"":""$"",""currency_code"":""USD"",""currency_position"":""prefix"",""values"":[]}","[{""id"":1253,""name"":""Museum"",""slug"":""museum"",""parent"":1252}]",[],"{""id"":8439,""global_id"":""fac.coloradocollege.edu?id=8439"",""venue"":""Fine Arts Center"",""address"":""30 W. Dale St."",""city"":""Colorado Springs"",""country"":""United States"",""state"":""CO"",""zip"":""80903"",""phone"":""(719) 634-5581"",""url"":""https://fac.coloradocollege.edu/venue/fine-arts-center/"",""show_map"":true,""show_map_link"":true}",[],,,"{""url"":""https://fac.coloradocollege.edu/wp-content/uploads/2026/08/Oleanna_WebEmailSocial_500x500.jpg"",""id"":45820,""extension"":""jpg"",""width"":500,""height"":500}",[],false,false,,,2026-08-25 13:25:02,2026-08-25 19:25:02,true,true,,,
2026-09-30T17:11:03Z,csfineartscenter.org,https://fac.coloradocollege.edu/wp-json/tribe/events/v1/events,1,10005796,fac.coloradocollege.edu?id=10005796,David Mamet&#8217;s Oleanna,2026-10-01 13:00:00,2026-10-01 19:00:00,2026-10-01 14:30:00,2026-10-01 20:30:00,America/Denver,false,true,publish,https://fac.coloradocollege.edu/event/david-mamets-oleanna/2026-10-01/,https://fac.coloradocollege.edu/theatre-events/david-mamets-oleanna/,,,"{""currency_symbol"":""$"",""currency_code"":""USD"",""currency_position"":""prefix"",""values"":[]}","[{""id"":1253,""name"":""Museum"",""slug"":""museum"",""parent"":1252}]",[],"{""id"":8439,""global_id"":""fac.coloradocollege.edu?id=8439"",""venue"":""Fine Arts Center"",""address"":""30 W. Dale St."",""city"":""Colorado Springs"",""country"":""United States"",""state"":""CO"",""zip"":""80903"",""phone"":""(719) 634-5581"",""url"":""https://fac.coloradocollege.edu/venue/fine-arts-center/"",""show_map"":true,""show_map_link"":true}",[],,,"{""url"":""https://fac.coloradocollege.edu/wp-content/uploads/2026/08/Oleanna_WebEmailSocial_500x500.jpg"",""id"":45820,""extension"":""jpg"",""width"":500,""height"":500}",[],false,false,,,2026-08-25 13:25:02,2026-08-25 19:25:02,true,true,,,
2026-09-30T17:11:03Z,csfineartscenter.org,https://fac.coloradocollege.edu/wp-json/tribe/events/v1/events,1,45830,fac.coloradocollege.edu?id=45830,Talkback &#038; Reception: David Mamet&#8217;s Oleanna,2026-10-01 17:00:00,2026-10-01 23:00:00,2026-10-01 18:30:00,2026-10-02 00:30:00,America/Denver,false,true,publish,https://fac.coloradocollege.edu/event/talkback-reception-david-mamets-oleanna/,,,,"{""currency_symbol"":""$"",""currency_code"":""USD"",""currency_position"":""prefix"",""values"":[]}","[{""id"":1227,""name"":""Special Event"",""slug"":""special-event"",""parent"":1252},{""id"":1228,""name"":""Theatre"",""slug"":""theatre"",""parent"":1252}]",[],"{""id"":8439,""global_id"":""fac.coloradocollege.edu?id=8439"",""venue"":""Fine Arts Center"",""address"":""30 W. Dale St."",""city"":""Colorado Springs"",""country"":""United States"",""state"":""CO"",""zip"":""80903"",""phone"":""(719) 634-5581"",""url"":""https://fac.coloradocollege.edu/venue/fine-arts-center/"",""show_map"":true,""show_map_link"":true}",[],"David Mamet’s Oleanna is an uncomfortably relevant play exploring gender, authority, power, and education through a series of increasingly fraught conversations between a university professor and his student. Written in 1992 in response to the Anita Hill–Clarence Thomas hearings, the play examines what happens when assumptions, personal biases, and failures of communication turn differences into divisions. The production invites audiences to reflect on their own perspectives and continue the conversation with openness and respect. Join us on Thursday, Oct. 1, from 5–6:30 p.m. for a talkback and reception following that day’s 1 p.m. performance. Colorado College President Manya Whitaker will moderate the conversation. Refreshments and light hors d’oeuvres will be served. Talkback attendees may also receive a complimentary ticket to that evening’s performance of Come From Away, capacity permitting. The talkback and reception are free and open to the public. RSVPs are strongly encouraged. RSVP for the talkback get oleanna tickets",,"{""url"":""https://fac.coloradocollege.edu/wp-content/uploads/2026/08/Oleanna_WebEmailSocial_500x500.jpg"",""id"":45820,""extension"":""jpg"",""width"":500,""height"":500}",[],false,false,,,2026-09-15 10:18:17,2026-09-15 16:18:17,true,true,,,
2026-09-30T17:11:03Z,csfineartscenter.org,https://fac.coloradocollege.edu/wp-json/tribe/events/v1/events,1,10005595,fac.coloradocollege.edu?id=10005595,Come From Away,2026-10-01 19:00:00,2026-10-02 01:00:00,2026-10-01 21:00:00,2026-10-02 03:00:00,America/Denver,false,true,publish,https://fac.coloradocollege.edu/event/come-from-away/2026-10-01/,https://fac.coloradocollege.edu/theatre-events/come-from-away/,,,"{""currency_symbol"":""$"",""currency_code"":""USD"",""currency_position"":""prefix"",""values"":[]}","[{""id"":1228,""name"":""Theatre"",""slug"":""theatre"",""parent"":1252}]",[],"{""id"":8439,""global_id"":""fac.coloradocollege.edu?id=8439"",""venue"":""Fine Arts Center"",""address"":""30 W. Dale St."",""city"":""Colorado Springs"",""country"":""United States"",""state"":""CO"",""zip"":""80903"",""phone"":""(719) 634-5581"",""url"":""https://fac.coloradocollege.edu/venue/fine-arts-center/"",""show_map"":true,""show_map_link"":true}",[],,,"{""url"":""https://fac.coloradocollege.edu/wp-content/uploads/2026/03/ComeFromAway_500x500_Website.png"",""id"":44918,""extension"":""png"",""width"":500,""height"":500}",[],false,false,,,2026-05-26 15:09:10,2026-05-26 21:09:10,true,true,,,
2026-09-30T17:11:03Z,csfineartscenter.org,https://fac.coloradocollege.edu/wp-json/tribe/events/v1/events,1,45495,fac.coloradocollege.edu?id=45495,Member Moments: Exhibition Preview Morning,2026-10-02 08:30:00,2026-10-02 14:30:00,2026-10-02 10:00:00,2026-10-02 16:00:00,America/Denver,false,true,publish,https://fac.coloradocollege.edu/event/member-moments-exhibition-preview/,,,,"{""currency_symbol"":""$"",""currency_code"":""USD"",""currency_position"":""prefix"",""values"":[]}","[{""id"":1277,""name"":""Member Moments"",""slug"":""member-moments"",""parent"":1252},{""id"":1278,""name"":""Members"",""slug"":""members"",""parent"":1252},{""id"":1253,""name"":""Museum"",""slug"":""museum"",""parent"":1252}]",[],"{""id"":8439,""global_id"":""fac.coloradocollege.edu?id=8439"",""venue"":""Fine Arts Center"",""address"":""30 W. Dale St."",""city"":""Colorado Springs"",""country"":""United States"",""state"":""CO"",""zip"":""80903"",""phone"":""(719) 634-5581"",""url"":""https://fac.coloradocollege.edu/venue/fine-arts-center/"",""show_map"":true,""show_map_link"":true}",[],"Join us at our members-only preview for an exclusive first look at both Here and Now, Then and Always before it opens to the public and celebrate the newly opened Annalee Davis: More Tender Geographies. Enjoy brief remarks and explore the exhibition at your own pace where you’ll mingle with the artists, FAC museum staff, and connect directly with the curators of the exhibition. We’ll also have a complimentary selection of coffee, tea, and breakfast bites for you to enjoy! RSVP This is a members-only event. Not a member? Join today!",,"{""url"":""https://fac.coloradocollege.edu/wp-content/uploads/2026/07/Member-preview-morning-1.jpg"",""id"":45496,""extension"":""jpg"",""width"":500,""height"":500}",[],false,false,,,2026-07-08 12:15:23,2026-07-08 18:15:23,true,true,,,
2026-09-30T17:11:03Z,csfineartscenter.org,https://fac.coloradocollege.edu/wp-json/tribe/events/v1/events,1,45584,fac.coloradocollege.edu?id=45584,"First Friday and Opening Celebration of Here and Now, Then and Always",2026-10-02 17:00:00,2026-10-02 23:00:00,2026-10-02 20:00:00,2026-10-03 02:00:00,America/Denver,false,true,publish,https://fac.coloradocollege.edu/event/first-friday-and-opening-celebration-of-here-and-now/,,,,"{""currency_symbol"":""$"",""currency_code"":""USD"",""currency_position"":""prefix"",""values"":[]}","[{""id"":1253,""name"":""Museum"",""slug"":""museum"",""parent"":1252}]",[],"{""id"":8439,""global_id"":""fac.coloradocollege.edu?id=8439"",""venue"":""Fine Arts Center"",""address"":""30 W. Dale St."",""city"":""Colorado Springs"",""country"":""United States"",""state"":""CO"",""zip"":""80903"",""phone"":""(719) 634-5581"",""url"":""https://fac.coloradocollege.edu/venue/fine-arts-center/"",""show_map"":true,""show_map_link"":true}",[],"Join us for the opening of Here and Now, Then and Always, a new exhibition featuring the Fine Arts Center Museum’s permanent collection alongside new commissions by Colorado artists. Hear from the exhibition curators, explore the galleries, and discover how artists across generations have engaged with place, identity, community, and change in the region now called Colorado. Experience The Truth About 250-150, an Indigenous-led mobile exhibition centered on history, truth, and healing. The visiting exhibition features Native artists alongside new youth art, including bison sculptures. The evening also includes a performance by Machete Garcia, an interdisciplinary artist, musician, and writer whose work draws on Indigenous knowledge and the natural world. Garcia’s work explores decolonization, dismantling white supremacy, and protecting the earth, with a belief in the power of art and education to advance peace and equity. Admission is free, and RSVPs are encouraged. Your RSVP includes access to the opening celebration, First Friday activities, and all museum galleries. Here and Now, Then and Always is on view in the El Pomar Galleries from Oct. 2, 2026, through Feb. 27, 2027. RSVP",,"{""url"":""https://fac.coloradocollege.edu/wp-content/uploads/2026/04/FAC_HereAndNow_Web-Square_2026-e1785274296912.jpg"",""id"":45582,""extension"":""jpg"",""width"":500,""height"":500}",[],false,false,,,2026-09-29 11:34:23,2026-09-29 17:34:23,true,true,,,
2026-09-30T17:11:03Z,csfineartscenter.org,https://fac.coloradocollege.edu/wp-json/tribe/events/v1/events,1,10005596,fac.coloradocollege.edu?id=10005596,Come From Away,2026-10-02 19:00:00,2026-10-03 01:00:00,2026-10-02 21:00:00,2026-10-03 03:00:00,America/Denver,false,true,publish,https://fac.coloradocollege.edu/event/come-from-away/2026-10-02/,https://fac.coloradocollege.edu/theatre-events/come-from-away/,,,"{""currency_symbol"":""$"",""currency_code"":""USD"",""currency_position"":""prefix"",""values"":[]}","[{""id"":1228,""name"":""Theatre"",""slug"":""theatre"",""parent"":1252}]",[],"{""id"":8439,""global_id"":""fac.coloradocollege.edu?id=8439"",""venue"":""Fine Arts Center"",""address"":""30 W. Dale St."",""city"":""Colorado Springs"",""country"":""United States"",""state"":""CO"",""zip"":""80903"",""phone"":""(719) 634-5581"",""url"":""https://fac.coloradocollege.edu/venue/fine-arts-center/"",""show_map"":true,""show_map_link"":true}",[],,,"{""url"":""https://fac.coloradocollege.edu/wp-content/uploads/2026/03/ComeFromAway_500x500_Website.png"",""id"":44918,""extension"":""png"",""width"":500,""height"":500}",[],false,false,,,2026-05-26 15:09:10,2026-05-26 21:09:10,true,true,,,
2026-09-30T17:11:03Z,csfineartscenter.org,https://fac.coloradocollege.edu/wp-json/tribe/events/v1/events,1,10005597,fac.coloradocollege.edu?id=10005597,Come From Away,2026-10-03 17:00:00,2026-10-03 23:00:00,2026-10-03 19:00:00,2026-10-04 01:00:00,America/Denver,false,true,publish,https://fac.coloradocollege.edu/event/come-from-away/2026-10-03/,https://fac.coloradocollege.edu/theatre-events/come-from-away/,,,"{""currency_symbol"":""$"",""currency_code"":""USD"",""currency_position"":""prefix"",""values"":[]}","[{""id"":1228,""name"":""Theatre"",""slug"":""theatre"",""parent"":1252}]",[],"{""id"":8439,""global_id"":""fac.coloradocollege.edu?id=8439"",""venue"":""Fine Arts Center"",""address"":""30 W. Dale St."",""city"":""Colorado Springs"",""country"":""United States"",""state"":""CO"",""zip"":""80903"",""phone"":""(719) 634-5581"",""url"":""https://fac.coloradocollege.edu/venue/fine-arts-center/"",""show_map"":true,""show_map_link"":true}",[],,,"{""url"":""https://fac.coloradocollege.edu/wp-content/uploads/2026/03/ComeFromAway_500x500_Website.png"",""id"":44918,""extension"":""png"",""width"":500,""height"":500}",[],false,false,,,2026-05-26 15:09:10,2026-05-26 21:09:10,true,true,,,
2026-09-30T17:11:03Z,csfineartscenter.org,https://fac.coloradocollege.edu/wp-json/tribe/events/v1/events,1,10005598,fac.coloradocollege.edu?id=10005598,Come From Away,2026-10-04 14:00:00,2026-10-04 20:00:00,2026-10-04 16:00:00,2026-10-04 22:00:00,America/Denver,false,true,publish,https://fac.coloradocollege.edu/event/come-from-away/2026-10-04/,https://fac.coloradocollege.edu/theatre-events/come-from-away/,,,"{""currency_symbol"":""$"",""currency_code"":""USD"",""currency_position"":""prefix"",""values"":[]}","[{""id"":1228,""name"":""Theatre"",""slug"":""theatre"",""parent"":1252}]",[],"{""id"":8439,""global_id"":""fac.coloradocollege.edu?id=8439"",""venue"":""Fine Arts Center"",""address"":""30 W. Dale St."",""city"":""Colorado Springs"",""country"":""United States"",""state"":""CO"",""zip"":""80903"",""phone"":""(719) 634-5581"",""url"":""https://fac.coloradocollege.edu/venue/fine-arts-center/"",""show_map"":true,""show_map_link"":true}",[],,,"{""url"":""https://fac.coloradocollege.edu/wp-content/uploads/2026/03/ComeFromAway_500x500_Website.png"",""id"":44918,""extension"":""png"",""width"":500,""height"":500}",[],false,false,,,2026-05-26 15:09:10,2026-05-26 21:09:10,true,true,,,
2026-09-30T17:11:03Z,ribandchophouse.com,https://ribandchophouse.com/wp-json/tribe/events/v1/events,1,5001,ribandchophouse.com?id=5001,Air Force Hockey Radio Show,2026-10-06 18:00:00,2026-10-07 00:00:00,2026-10-06 19:00:00,2026-10-07 01:00:00,UTC-7,false,false,publish,https://ribandchophouse.com/event/air-force-hockey-radio-show-19/,,,,"{""currency_symbol"":""$"",""currency_code"":""USD"",""currency_position"":""prefix"",""values"":[]}",[],[],"{""id"":2567,""global_id"":""ribandchophouse.com?id=2567"",""venue"":""Colorado&#8217;s Rib &#038; Chop House"",""address"":""5935 Dublin Blvd Suite 190"",""city"":""Colorado Springs"",""province"":""CO"",""zip"":""80923"",""url"":""https://ribandchophouse.com/venue/colorados-rib-chop-house/"",""show_map"":true,""show_map_link"":true}",[],"Join Air Force Hockey Coach Frank Serratore every week to get in-depth analysis and insight into the team, hosted at Colorado’s Rib & Chop House!",,false,,false,,,,2026-09-01 17:22:54,2026-09-01 17:22:54,true,true,,,
2026-09-30T17:11:03Z,ribandchophouse.com,https://ribandchophouse.com/wp-json/tribe/events/v1/events,1,4983,ribandchophouse.com?id=4983,Air Force Football Radio Show,2026-10-07 18:30:00,2026-10-08 00:30:00,2026-10-07 19:30:00,2026-10-08 01:30:00,UTC-7,false,false,publish,https://ribandchophouse.com/event/air-force-football-radio-show-33/,,,,"{""currency_symbol"":""$"",""currency_code"":""USD"",""currency_position"":""prefix"",""values"":[]}",[],[],"{""id"":2567,""global_id"":""ribandchophouse.com?id=2567"",""venue"":""Colorado&#8217;s Rib &#038; Chop House"",""address"":""5935 Dublin Blvd Suite 190"",""city"":""Colorado Springs"",""province"":""CO"",""zip"":""80923"",""url"":""https://ribandchophouse.com/venue/colorados-rib-chop-house/"",""show_map"":true,""show_map_link"":true}",[],"Join Air Force Football Coach Troy Calhoun and select special guests every week to get in-depth analysis and insight into the team, hosted at Colorado’s Rib & Chop House!",,false,,false,,,,2026-09-01 17:16:42,2026-09-01 17:16:42,true,true,,,
2026-09-30T17:11:03Z,ribandchophouse.com,https://ribandchophouse.com/wp-json/tribe/events/v1/events,1,5003,ribandchophouse.com?id=5003,Air Force Hockey Radio Show,2026-10-13 18:00:00,2026-10-14 00:00:00,2026-10-13 19:00:00,2026-10-14 01:00:00,UTC-7,false,false,publish,https://ribandchophouse.com/event/air-force-hockey-radio-show-20/,,,,"{""currency_symbol"":""$"",""currency_code"":""USD"",""currency_position"":""prefix"",""values"":[]}",[],[],"{""id"":2567,""global_id"":""ribandchophouse.com?id=2567"",""venue"":""Colorado&#8217;s Rib &#038; Chop House"",""address"":""5935 Dublin Blvd Suite 190"",""city"":""Colorado Springs"",""province"":""CO"",""zip"":""80923"",""url"":""https://ribandchophouse.com/venue/colorados-rib-chop-house/"",""show_map"":true,""show_map_link"":true}",[],"Join Air Force Hockey Coach Frank Serratore every week to get in-depth analysis and insight into the team, hosted at Colorado’s Rib & Chop House!",,false,,false,,,,2026-09-01 17:23:54,2026-09-01 17:23:54,true,true,,,
2026-09-30T17:11:03Z,ribandchophouse.com,https://ribandchophouse.com/wp-json/tribe/events/v1/events,1,4985,ribandchophouse.com?id=4985,Air Force Football Radio Show,2026-10-14 18:30:00,2026-10-15 00:30:00,2026-10-14 19:30:00,2026-10-15 01:30:00,UTC-7,false,false,publish,https://ribandchophouse.com/event/air-force-football-radio-show-34/,,,,"{""currency_symbol"":""$"",""currency_code"":""USD"",""currency_position"":""prefix"",""values"":[]}",[],[],"{""id"":2567,""global_id"":""ribandchophouse.com?id=2567"",""venue"":""Colorado&#8217;s Rib &#038; Chop House"",""address"":""5935 Dublin Blvd Suite 190"",""city"":""Colorado Springs"",""province"":""CO"",""zip"":""80923"",""url"":""https://ribandchophouse.com/venue/colorados-rib-chop-house/"",""show_map"":true,""show_map_link"":true}",[],"Join Air Force Football Coach Troy Calhoun and select special guests every week to get in-depth analysis and insight into the team, hosted at Colorado’s Rib & Chop House!",,false,,false,,,,2026-09-01 17:17:03,2026-09-01 17:17:03,true,true,,,
2026-09-30T17:11:03Z,csfineartscenter.org,https://fac.coloradocollege.edu/wp-json/tribe/events/v1/events,1,10005355,fac.coloradocollege.edu?id=10005355,Yoga,2026-10-17 11:00:00,2026-10-17 17:00:00,2026-10-17 12:00:00,2026-10-17 18:00:00,America/Denver,false,true,publish,https://fac.coloradocollege.edu/event/yoga/2026-10-17/,,,,"{""currency_symbol"":""$"",""currency_code"":""USD"",""currency_position"":""prefix"",""values"":[]}","[{""id"":1227,""name"":""Special Event"",""slug"":""special-event"",""parent"":1252}]",[],"{""id"":8439,""global_id"":""fac.coloradocollege.edu?id=8439"",""venue"":""Fine Arts Center"",""address"":""30 W. Dale St."",""city"":""Colorado Springs"",""country"":""United States"",""state"":""CO"",""zip"":""80903"",""phone"":""(719) 634-5581"",""url"":""https://fac.coloradocollege.edu/venue/fine-arts-center/"",""show_map"":true,""show_map_link"":true}",[],"Join us for yoga in our beautiful glass-walled Smith Family gallery. Participants are invited to stay and enjoy the museum after class. All experience levels are welcome. Tickets $12 per person (includes museum admission) FAC Members receive a 10% discount! Not a member? Join today TICKETS Please bring your own mat. Water is allowed during class, but not in the museum galleries if you choose to visit. If you love doing yoga at the FAC, check out into our Yoga Flex Passes!",,"{""url"":""https://fac.coloradocollege.edu/wp-content/uploads/2024/05/Yoga_500.jpg"",""id"":34564,""extension"":""jpg"",""width"":500,""height"":500}",[],false,false,,,2026-02-05 16:11:18,2026-02-05 23:11:18,true,true,,,
2026-09-30T17:11:03Z,csfineartscenter.org,https://fac.coloradocollege.edu/wp-json/tribe/events/v1/events,1,45779,fac.coloradocollege.edu?id=45779,An Evening with Paula Poundstone,2026-10-17 19:00:00,2026-10-18 01:00:00,2026-10-17 21:00:00,2026-10-18 03:00:00,America/Denver,false,true,publish,https://fac.coloradocollege.edu/event/an-evening-with-paula-poundstone/,https://fac.coloradocollege.edu/theatre-events/paula-poundstone-3/,,,"{""currency_symbol"":""$"",""currency_code"":""USD"",""currency_position"":""prefix"",""values"":[]}","[{""id"":1227,""name"":""Special Event"",""slug"":""special-event"",""parent"":1252},{""id"":1228,""name"":""Theatre"",""slug"":""theatre"",""parent"":1252}]",[],"{""id"":8439,""global_id"":""fac.coloradocollege.edu?id=8439"",""venue"":""Fine Arts Center"",""address"":""30 W. Dale St."",""city"":""Colorado Springs"",""country"":""United States"",""state"":""CO"",""zip"":""80903"",""phone"":""(719) 634-5581"",""url"":""https://fac.coloradocollege.edu/venue/fine-arts-center/"",""show_map"":true,""show_map_link"":true}",[],,,"{""url"":""https://fac.coloradocollege.edu/wp-content/uploads/2023/05/paula-pounstone.jpg"",""id"":32040,""extension"":""jpg"",""width"":500,""height"":500}",[],false,false,,,2026-08-20 10:27:58,2026-08-20 16:27:58,true,true,,,
2026-09-30T17:11:03Z,ribandchophouse.com,https://ribandchophouse.com/wp-json/tribe/events/v1/events,1,5005,ribandchophouse.com?id=5005,Air Force Hockey Radio Show,2026-10-20 18:00:00,2026-10-21 00:00:00,2026-10-20 19:00:00,2026-10-21 01:00:00,UTC-7,false,false,publish,https://ribandchophouse.com/event/air-force-hockey-radio-show-21/,,,,"{""currency_symbol"":""$"",""currency_code"":""USD"",""currency_position"":""prefix"",""values"":[]}",[],[],"{""id"":2567,""global_id"":""ribandchophouse.com?id=2567"",""venue"":""Colorado&#8217;s Rib &#038; Chop House"",""address"":""5935 Dublin Blvd Suite 190"",""city"":""Colorado Springs"",""province"":""CO"",""zip"":""80923"",""url"":""https://ribandchophouse.com/venue/colorados-rib-chop-house/"",""show_map"":true,""show_map_link"":true}",[],"Join Air Force Hockey Coach Frank Serratore every week to get in-depth analysis and insight into the team, hosted at Colorado’s Rib & Chop House!",,false,,false,,,,2026-09-01 17:24:21,2026-09-01 17:24:21,true,true,,,
2026-09-30T17:11:03Z,ribandchophouse.com,https://ribandchophouse.com/wp-json/tribe/events/v1/events,1,4987,ribandchophouse.com?id=4987,Air Force Football Radio Show,2026-10-21 18:30:00,2026-10-22 00:30:00,2026-10-21 19:30:00,2026-10-22 01:30:00,UTC-7,false,false,publish,https://ribandchophouse.com/event/air-force-football-radio-show-35/,,,,"{""currency_symbol"":""$"",""currency_code"":""USD"",""currency_position"":""prefix"",""values"":[]}",[],[],"{""id"":2567,""global_id"":""ribandchophouse.com?id=2567"",""venue"":""Colorado&#8217;s Rib &#038; Chop House"",""address"":""5935 Dublin Blvd Suite 190"",""city"":""Colorado Springs"",""province"":""CO"",""zip"":""80923"",""url"":""https://ribandchophouse.com/venue/colorados-rib-chop-house/"",""show_map"":true,""show_map_link"":true}",[],"Join Air Force Football Coach Troy Calhoun and select special guests every week to get in-depth analysis and insight into the team, hosted at Colorado’s Rib & Chop House!",,false,,false,,,,2026-09-01 17:17:23,2026-09-01 17:17:23,true,true,,,
2026-09-30T17:11:03Z,csfineartscenter.org,https://fac.coloradocollege.edu/wp-json/tribe/events/v1/events,1,45609,fac.coloradocollege.edu?id=45609,Backpacks &#038; Bites,2026-10-23 10:00:00,2026-10-23 16:00:00,2026-10-23 20:00:00,2026-10-24 02:00:00,America/Denver,false,true,publish,https://fac.coloradocollege.edu/event/backpacks-bites-8/,,,,"{""currency_symbol"":""$"",""currency_code"":""USD"",""currency_position"":""prefix"",""values"":[]}","[{""id"":1287,""name"":""Backpacks &amp; Bites"",""slug"":""backpacks-bites"",""parent"":1252},{""id"":1277,""name"":""Member Moments"",""slug"":""member-moments"",""parent"":1252},{""id"":1278,""name"":""Members"",""slug"":""members"",""parent"":1252},{""id"":1286,""name"":""Upcoming Member-Only"",""slug"":""upcoming-member-only"",""parent"":1252}]",[],"{""id"":8439,""global_id"":""fac.coloradocollege.edu?id=8439"",""venue"":""Fine Arts Center"",""address"":""30 W. Dale St."",""city"":""Colorado Springs"",""country"":""United States"",""state"":""CO"",""zip"":""80903"",""phone"":""(719) 634-5581"",""url"":""https://fac.coloradocollege.edu/venue/fine-arts-center/"",""show_map"":true,""show_map_link"":true}",[],"Members: Make your backpack visit extra special with a creative outing the whole family will love! On select days, when you use the Family Activity Backpack, you can pick up a free snack pack for the kids to enjoy before or after. Cozy up with your little ones in the Garden Lounge and explore our collection of art-themed children’s books. Snack, craft, and relax together. RSVPs are required. RSVP This is a members-only event. Not a member? Join today!",,"{""url"":""https://fac.coloradocollege.edu/wp-content/uploads/2025/05/Backpacks-and-bites_500.jpg"",""id"":43570,""extension"":""jpg"",""width"":500,""height"":500}",[],false,false,,,2026-08-03 16:18:22,2026-08-03 22:18:22,true,true,,,
2026-09-30T17:11:03Z,csfineartscenter.org,https://fac.coloradocollege.edu/wp-json/tribe/events/v1/events,1,45326,fac.coloradocollege.edu?id=45326,The Bones of Tradition: The Many Lives of the Day of the Dead,2026-10-23 17:30:00,2026-10-23 23:30:00,2026-10-23 18:30:00,2026-10-24 00:30:00,America/Denver,false,true,publish,https://fac.coloradocollege.edu/event/bones-of-tradition/,,,,"{""currency_symbol"":""$"",""currency_code"":""USD"",""currency_position"":""prefix"",""values"":[]}","[{""id"":1279,""name"":""Día de Muertos"",""slug"":""dia-de-muertos"",""parent"":1252},{""id"":1276,""name"":""Libation Lectures"",""slug"":""libation-lectures"",""parent"":1252},{""id"":1227,""name"":""Special Event"",""slug"":""special-event"",""parent"":1252}]",[],"{""id"":8439,""global_id"":""fac.coloradocollege.edu?id=8439"",""venue"":""Fine Arts Center"",""address"":""30 W. Dale St."",""city"":""Colorado Springs"",""country"":""United States"",""state"":""CO"",""zip"":""80903"",""phone"":""(719) 634-5581"",""url"":""https://fac.coloradocollege.edu/venue/fine-arts-center/"",""show_map"":true,""show_map_link"":true}",[],"In 2015, a James Bond movie introduced millions to a spectacularly staged Día de los Muertos parade in Mexico City. Two years later, the Pixar movie Coco depicted some of the rituals associated with the Day of the Dead. But did you know that the Mexico City parade didn’t exist until the filmmakers created it? Or that Disney, in anticipation of Coco’s release, filed an application to trademark the phrase “Día de los Muertos” to sell merchandise? What does the actual observance look like, and has it always looked that way? Through a series of images, this lecture travels across Mexico to uncover the many regional traditions behind one of the world’s most recognizable commemorations. Peel back the Hollywood imagery to explore a family of living practices shaped by Indigenous ritual, Spanish Catholicism, and sometimes, even the movies. This lecture coincides with the FAC annual community event Día de Muertos, on November 1 and 2. Themed Cocktail: Muertos Margarita Lecturer: José Antonio Arellano, Associate Professor of English, United States Air Force Academy Tickets: $26 ($20 for FAC Members), includes your first drink Get TICKETS About Libation Lectures Libation Lectures is lecture series offering an educational twist to the traditional happy hour. Each lecture explores an aspect of the amazing art and artists from various FAC exhibitions and theatre shows, served up with a themed drink to help you really dive deep into the topic! This lecture is part of the Libation Lectures Spring Series, which includes four lectures: Chasing the Cambrian Explosion, Friday, August 14 A Victorian Gentlewoman in Colorado’s Mines, Friday, September 18 The Bones of Tradition: The Many Lives of the Day of the Dead, Friday, October 23 Dreaming of a White Christmas, Friday, November 20",,"{""url"":""https://fac.coloradocollege.edu/wp-content/uploads/2026/06/Dia-De-muertos.jpeg"",""id"":45327,""extension"":""jpeg"",""width"":500,""height"":492}",[],false,false,,,2026-06-05 15:42:25,2026-06-05 21:42:25,true,true,,,
2026-09-30T17:11:03Z,csfineartscenter.org,https://fac.coloradocollege.edu/wp-json/tribe/events/v1/events,1,46073,fac.coloradocollege.edu?id=46073,Paper Marigold Garlands,2026-10-24 10:00:00,2026-10-24 16:00:00,2026-10-24 12:00:00,2026-10-24 18:00:00,America/Denver,false,true,publish,https://fac.coloradocollege.edu/event/paper-marigold-garlands/,https://artschool.csfineartscenter.org/classes/paper-marigold-garlands/,,,"{""currency_symbol"":""$"",""currency_code"":""USD"",""currency_position"":""prefix"",""values"":[]}","[{""id"":1232,""name"":""Art School"",""slug"":""art-school"",""parent"":1252},{""id"":1279,""name"":""Día de Muertos"",""slug"":""dia-de-muertos"",""parent"":1252}]",[],"{""id"":14403,""global_id"":""fac.coloradocollege.edu?id=14403"",""venue"":""Bemis School of Art"",""address"":""818 Pelham Pl"",""city"":""Colorado Springs"",""country"":""United States"",""state"":""CO"",""zip"":""80903"",""phone"":""(719) 475-2444"",""url"":""https://fac.coloradocollege.edu/venue/bemis-school-of-art/"",""geo_lat"":38.84621,""geo_lng"":-104.8265376,""show_map"":true,""show_map_link"":true}",[],,,"{""url"":""https://fac.coloradocollege.edu/wp-content/uploads/2026/09/Pennell_Paper-Marigold-Garlands.jpg"",""id"":46074,""extension"":""jpg"",""width"":500,""height"":500}",[],false,false,,,2026-09-21 09:13:11,2026-09-21 15:13:11,true,true,,,
2026-09-30T17:11:03Z,csfineartscenter.org,https://fac.coloradocollege.edu/wp-json/tribe/events/v1/events,1,46111,fac.coloradocollege.edu?id=46111,"Día de Muertos: Art, Memory &#038; Making with Cal Duran",2026-10-24 15:30:00,2026-10-24 21:30:00,2026-10-24 17:30:00,2026-10-24 23:30:00,America/Denver,false,true,publish,https://fac.coloradocollege.edu/event/art-memory-making-cal-duran/,,,,"{""currency_symbol"":""$"",""currency_code"":""USD"",""currency_position"":""prefix"",""values"":[]}","[{""id"":1279,""name"":""Día de Muertos"",""slug"":""dia-de-muertos"",""parent"":1252},{""id"":1227,""name"":""Special Event"",""slug"":""special-event"",""parent"":1252}]",[],"{""id"":8439,""global_id"":""fac.coloradocollege.edu?id=8439"",""venue"":""Fine Arts Center"",""address"":""30 W. Dale St."",""city"":""Colorado Springs"",""country"":""United States"",""state"":""CO"",""zip"":""80903"",""phone"":""(719) 634-5581"",""url"":""https://fac.coloradocollege.edu/venue/fine-arts-center/"",""show_map"":true,""show_map_link"":true}",[],"Join featured artist Cal Duran for a creative and cultural exploration of Día de los Muertos. Participants will begin with a blessing of the space and an introduction to Cal’s artwork before learning about the meaning, history, and symbolism of the ofrenda, an important tradition honoring loved ones who have passed. After exploring these cultural traditions, attendees will create their own air-dry clay sugar skull to take home. This interactive workshop combines storytelling, artistic expression, and hands-on learning in a welcoming environment for families, friends, and community members. Children ages 7 and older are welcome when accompanied by a participating adult. Whether you’re attending as a family or on your own, you’ll gain a deeper understanding of Día de los Muertos traditions while creating a meaningful work of art. No prior art experience is necessary. All materials will be provided. Space is limited, and advance registration is required. Get TICKETS $7 non-members ($5 FAC members)",,"{""url"":""https://fac.coloradocollege.edu/wp-content/uploads/2026/09/Cal-Duran-sq.jpg"",""id"":46113,""extension"":""jpg"",""width"":500,""height"":500}",[],false,false,,,2026-09-29 13:04:59,2026-09-29 19:04:59,true,true,,,
2026-09-30T17:11:03Z,ribandchophouse.com,https://ribandchophouse.com/wp-json/tribe/events/v1/events,1,5007,ribandchophouse.com?id=5007,Air Force Hockey Radio Show,2026-10-27 18:00:00,2026-10-28 00:00:00,2026-10-27 19:00:00,2026-10-28 01:00:00,UTC-7,false,false,publish,https://ribandchophouse.com/event/air-force-hockey-radio-show-22/,,,,"{""currency_symbol"":""$"",""currency_code"":""USD"",""currency_position"":""prefix"",""values"":[]}",[],[],"{""id"":2567,""global_id"":""ribandchophouse.com?id=2567"",""venue"":""Colorado&#8217;s Rib &#038; Chop House"",""address"":""5935 Dublin Blvd Suite 190"",""city"":""Colorado Springs"",""province"":""CO"",""zip"":""80923"",""url"":""https://ribandchophouse.com/venue/colorados-rib-chop-house/"",""show_map"":true,""show_map_link"":true}",[],"Join Air Force Hockey Coach Frank Serratore every week to get in-depth analysis and insight into the team, hosted at Colorado’s Rib & Chop House!",,false,,false,,,,2026-09-01 17:24:36,2026-09-01 17:24:36,true,true,,,
2026-09-30T17:11:03Z,csfineartscenter.org,https://fac.coloradocollege.edu/wp-json/tribe/events/v1/events,1,46106,fac.coloradocollege.edu?id=46106,Spirits of the Night: Tequila Tasting and Food Pairing,2026-10-28 18:00:00,2026-10-29 00:00:00,2026-10-28 19:30:00,2026-10-29 01:30:00,America/Denver,false,true,publish,https://fac.coloradocollege.edu/event/spirits-of-the-night/,,,,"{""currency_symbol"":""$"",""currency_code"":""USD"",""currency_position"":""prefix"",""values"":[]}","[{""id"":1279,""name"":""Día de Muertos"",""slug"":""dia-de-muertos"",""parent"":1252},{""id"":1227,""name"":""Special Event"",""slug"":""special-event"",""parent"":1252}]",[],"{""id"":8439,""global_id"":""fac.coloradocollege.edu?id=8439"",""venue"":""Fine Arts Center"",""address"":""30 W. Dale St."",""city"":""Colorado Springs"",""country"":""United States"",""state"":""CO"",""zip"":""80903"",""phone"":""(719) 634-5581"",""url"":""https://fac.coloradocollege.edu/venue/fine-arts-center/"",""show_map"":true,""show_map_link"":true}",[],"Join us for an unforgettable evening as tequila specialist Josh Howard, independent spirits judge and consultant, guides you through the vibrant world and history of tequila. Discover the diverse flavors and types of this celebrated spirit and learn about the time-honored process of producing traditional tequila. Throughout the night, you’ll savor a curated tasting of five unique tequilas, each thoughtfully paired with salsa & snacks, a main course and dessert course. As you sip and sample, uncover how each spirit’s flavor characteristics interplay with the food, elevating both in surprising and delightful ways. Each guest will receive a Día de Muertos shot glass, a perfect keepsake to remember this spirited experience. 21+ event. Get TICKETS Tickets: $75 (Members: $70)",,"{""url"":""https://fac.coloradocollege.edu/wp-content/uploads/2026/09/tequila-1.jpg"",""id"":46108,""extension"":""jpg"",""width"":500,""height"":500}",[],false,false,,,2026-09-29 12:10:50,2026-09-29 18:10:50,true,true,,,
2026-09-30T17:11:03Z,ribandchophouse.com,https://ribandchophouse.com/wp-json/tribe/events/v1/events,1,4989,ribandchophouse.com?id=4989,Air Force Football Radio Show,2026-10-28 18:30:00,2026-10-29 00:30:00,2026-10-28 19:30:00,2026-10-29 01:30:00,UTC-7,false,false,publish,https://ribandchophouse.com/event/air-force-football-radio-show-36/,,,,"{""currency_symbol"":""$"",""currency_code"":""USD"",""currency_position"":""prefix"",""values"":[]}",[],[],"{""id"":2567,""global_id"":""ribandchophouse.com?id=2567"",""venue"":""Colorado&#8217;s Rib &#038; Chop House"",""address"":""5935 Dublin Blvd Suite 190"",""city"":""Colorado Springs"",""province"":""CO"",""zip"":""80923"",""url"":""https://ribandchophouse.com/venue/colorados-rib-chop-house/"",""show_map"":true,""show_map_link"":true}",[],"Join Air Force Football Coach Troy Calhoun and select special guests every week to get in-depth analysis and insight into the team, hosted at Colorado’s Rib & Chop House!",,false,,false,,,,2026-09-01 17:17:39,2026-09-01 17:17:39,true,true,,,
2026-09-30T17:11:03Z,csfineartscenter.org,https://fac.coloradocollege.edu/wp-json/tribe/events/v1/events,1,10005790,fac.coloradocollege.edu?id=10005790,Día de Muertos,2026-11-01 12:30:00,2026-11-01 19:30:00,2026-11-01 16:30:00,2026-11-01 23:30:00,America/Denver,false,true,publish,https://fac.coloradocollege.edu/event/dia-de-muertos/2026-11-01/,https://fac.coloradocollege.edu/events/dia-de-muertos/,,,"{""currency_symbol"":""$"",""currency_code"":""USD"",""currency_position"":""prefix"",""values"":[]}","[{""id"":1279,""name"":""Día de Muertos"",""slug"":""dia-de-muertos"",""parent"":1252},{""id"":1227,""name"":""Special Event"",""slug"":""special-event"",""parent"":1252}]",[],"{""id"":8439,""global_id"":""fac.coloradocollege.edu?id=8439"",""venue"":""Fine Arts Center"",""address"":""30 W. Dale St."",""city"":""Colorado Springs"",""country"":""United States"",""state"":""CO"",""zip"":""80903"",""phone"":""(719) 634-5581"",""url"":""https://fac.coloradocollege.edu/venue/fine-arts-center/"",""show_map"":true,""show_map_link"":true}",[],,,"{""url"":""https://fac.coloradocollege.edu/wp-content/uploads/2026/06/Dia-De-muertos.jpeg"",""id"":45327,""extension"":""jpeg"",""width"":500,""height"":492}",[],false,false,,,2026-08-17 13:09:27,2026-08-17 19:09:27,true,true,,,
2026-09-30T17:11:03Z,csfineartscenter.org,https://fac.coloradocollege.edu/wp-json/tribe/events/v1/events,1,10005791,fac.coloradocollege.edu?id=10005791,Día de Muertos,2026-11-02 16:00:00,2026-11-02 23:00:00,2026-11-02 20:00:00,2026-11-03 03:00:00,America/Denver,false,true,publish,https://fac.coloradocollege.edu/event/dia-de-muertos/2026-11-02/,https://fac.coloradocollege.edu/events/dia-de-muertos/,,,"{""currency_symbol"":""$"",""currency_code"":""USD"",""currency_position"":""prefix"",""values"":[]}","[{""id"":1279,""name"":""Día de Muertos"",""slug"":""dia-de-muertos"",""parent"":1252},{""id"":1227,""name"":""Special Event"",""slug"":""special-event"",""parent"":1252}]",[],"{""id"":8439,""global_id"":""fac.coloradocollege.edu?id=8439"",""venue"":""Fine Arts Center"",""address"":""30 W. Dale St."",""city"":""Colorado Springs"",""country"":""United States"",""state"":""CO"",""zip"":""80903"",""phone"":""(719) 634-5581"",""url"":""https://fac.coloradocollege.edu/venue/fine-arts-center/"",""show_map"":true,""show_map_link"":true}",[],,,"{""url"":""https://fac.coloradocollege.edu/wp-content/uploads/2026/06/Dia-De-muertos.jpeg"",""id"":45327,""extension"":""jpeg"",""width"":500,""height"":492}",[],false,false,,,2026-08-17 13:09:27,2026-08-17 19:09:27,true,true,,,
2026-09-30T17:11:03Z,ribandchophouse.com,https://ribandchophouse.com/wp-json/tribe/events/v1/events,1,5009,ribandchophouse.com?id=5009,Air Force Hockey Radio Show,2026-11-03 18:00:00,2026-11-04 01:00:00,2026-11-03 19:00:00,2026-11-04 02:00:00,UTC-7,false,false,publish,https://ribandchophouse.com/event/air-force-hockey-radio-show-23/,,,,"{""currency_symbol"":""$"",""currency_code"":""USD"",""currency_position"":""prefix"",""values"":[]}",[],[],"{""id"":2567,""global_id"":""ribandchophouse.com?id=2567"",""venue"":""Colorado&#8217;s Rib &#038; Chop House"",""address"":""5935 Dublin Blvd Suite 190"",""city"":""Colorado Springs"",""province"":""CO"",""zip"":""80923"",""url"":""https://ribandchophouse.com/venue/colorados-rib-chop-house/"",""show_map"":true,""show_map_link"":true}",[],"Join Air Force Hockey Coach Frank Serratore every week to get in-depth analysis and insight into the team, hosted at Colorado’s Rib & Chop House!",,false,,false,,,,2026-09-01 17:25:04,2026-09-01 17:25:04,true,true,,,
2026-09-30T17:11:03Z,ribandchophouse.com,https://ribandchophouse.com/wp-json/tribe/events/v1/events,1,4991,ribandchophouse.com?id=4991,Air Force Football Radio Show,2026-11-04 18:30:00,2026-11-05 01:30:00,2026-11-04 19:30:00,2026-11-05 02:30:00,UTC-7,false,false,publish,https://ribandchophouse.com/event/air-force-football-radio-show-37/,,,,"{""currency_symbol"":""$"",""currency_code"":""USD"",""currency_position"":""prefix"",""values"":[]}",[],[],"{""id"":2567,""global_id"":""ribandchophouse.com?id=2567"",""venue"":""Colorado&#8217;s Rib &#038; Chop House"",""address"":""5935 Dublin Blvd Suite 190"",""city"":""Colorado Springs"",""province"":""CO"",""zip"":""80923"",""url"":""https://ribandchophouse.com/venue/colorados-rib-chop-house/"",""show_map"":true,""show_map_link"":true}",[],"Join Air Force Football Coach Troy Calhoun and select special guests every week to get in-depth analysis and insight into the team, hosted at Colorado’s Rib & Chop House!",,false,,false,,,,2026-09-01 17:18:28,2026-09-01 17:18:28,true,true,,,
2026-09-30T17:11:03Z,csfineartscenter.org,https://fac.coloradocollege.edu/wp-json/tribe/events/v1/events,1,45502,fac.coloradocollege.edu?id=45502,"Member Tour: Here and Now, Then and Always",2026-11-06 16:00:00,2026-11-06 23:00:00,2026-11-06 17:00:00,2026-11-07 00:00:00,America/Denver,false,true,publish,https://fac.coloradocollege.edu/event/member-tour-hnta/,,,,"{""currency_symbol"":""$"",""currency_code"":""USD"",""currency_position"":""prefix"",""values"":[]}","[{""id"":1277,""name"":""Member Moments"",""slug"":""member-moments"",""parent"":1252},{""id"":1278,""name"":""Members"",""slug"":""members"",""parent"":1252},{""id"":1253,""name"":""Museum"",""slug"":""museum"",""parent"":1252},{""id"":1286,""name"":""Upcoming Member-Only"",""slug"":""upcoming-member-only"",""parent"":1252}]",[],"{""id"":8439,""global_id"":""fac.coloradocollege.edu?id=8439"",""venue"":""Fine Arts Center"",""address"":""30 W. Dale St."",""city"":""Colorado Springs"",""country"":""United States"",""state"":""CO"",""zip"":""80903"",""phone"":""(719) 634-5581"",""url"":""https://fac.coloradocollege.edu/venue/fine-arts-center/"",""show_map"":true,""show_map_link"":true}",[],"Join us for a guided tour of Here and Now, Then and Always, an exhibition drawn from the FAC’s permanent collection—expanded through loans and community partnerships—exploring how artists across generations have engaged with the land, communities, and histories of Colorado. Learn about the curatorial thinking behind key groupings and reflect on what the collection reveals about this place and the people who have called it home. RSVP This is a members-only event. Not a member? Join today!",,"{""url"":""https://fac.coloradocollege.edu/wp-content/uploads/2026/07/here-and-now.png"",""id"":45503,""extension"":""png"",""width"":500,""height"":500}",[],false,false,,,2026-09-04 14:21:12,2026-09-04 20:21:12,true,true,,,
2026-09-30T17:11:03Z,ribandchophouse.com,https://ribandchophouse.com/wp-json/tribe/events/v1/events,1,5011,ribandchophouse.com?id=5011,Air Force Hockey Radio Show,2026-11-10 18:00:00,2026-11-11 01:00:00,2026-11-10 19:00:00,2026-11-11 02:00:00,UTC-7,false,false,publish,https://ribandchophouse.com/event/air-force-hockey-radio-show-24/,,,,"{""currency_symbol"":""$"",""currency_code"":""USD"",""currency_position"":""prefix"",""values"":[]}",[],[],"{""id"":2567,""global_id"":""ribandchophouse.com?id=2567"",""venue"":""Colorado&#8217;s Rib &#038; Chop House"",""address"":""5935 Dublin Blvd Suite 190"",""city"":""Colorado Springs"",""province"":""CO"",""zip"":""80923"",""url"":""https://ribandchophouse.com/venue/colorados-rib-chop-house/"",""show_map"":true,""show_map_link"":true}",[],"Join Air Force Hockey Coach Frank Serratore every week to get in-depth analysis and insight into the team, hosted at Colorado’s Rib & Chop House!",,false,,false,,,,2026-09-01 17:25:18,2026-09-01 17:25:18,true,true,,,
2026-09-30T17:11:03Z,ribandchophouse.com,https://ribandchophouse.com/wp-json/tribe/events/v1/events,1,4993,ribandchophouse.com?id=4993,Air Force Football Radio Show,2026-11-11 18:30:00,2026-11-12 01:30:00,2026-11-11 19:30:00,2026-11-12 02:30:00,UTC-7,false,false,publish,https://ribandchophouse.com/event/air-force-football-radio-show-38/,,,,"{""currency_symbol"":""$"",""currency_code"":""USD"",""currency_position"":""prefix"",""values"":[]}",[],[],"{""id"":2567,""global_id"":""ribandchophouse.com?id=2567"",""venue"":""Colorado&#8217;s Rib &#038; Chop House"",""address"":""5935 Dublin Blvd Suite 190"",""city"":""Colorado Springs"",""province"":""CO"",""zip"":""80923"",""url"":""https://ribandchophouse.com/venue/colorados-rib-chop-house/"",""show_map"":true,""show_map_link"":true}",[],"Join Air Force Football Coach Troy Calhoun and select special guests every week to get in-depth analysis and insight into the team, hosted at Colorado’s Rib & Chop House!",,false,,false,,,,2026-09-01 17:18:47,2026-09-01 17:18:47,true,true,,,
2026-09-30T17:11:03Z,ribandchophouse.com,https://ribandchophouse.com/wp-json/tribe/events/v1/events,1,5013,ribandchophouse.com?id=5013,Air Force Hockey Radio Show,2026-11-17 18:00:00,2026-11-18 01:00:00,2026-11-17 19:00:00,2026-11-18 02:00:00,UTC-7,false,false,publish,https://ribandchophouse.com/event/air-force-hockey-radio-show-25/,,,,"{""currency_symbol"":""$"",""currency_code"":""USD"",""currency_position"":""prefix"",""values"":[]}",[],[],"{""id"":2567,""global_id"":""ribandchophouse.com?id=2567"",""venue"":""Colorado&#8217;s Rib &#038; Chop House"",""address"":""5935 Dublin Blvd Suite 190"",""city"":""Colorado Springs"",""province"":""CO"",""zip"":""80923"",""url"":""https://ribandchophouse.com/venue/colorados-rib-chop-house/"",""show_map"":true,""show_map_link"":true}",[],"Join Air Force Hockey Coach Frank Serratore every week to get in-depth analysis and insight into the team, hosted at Colorado’s Rib & Chop House!",,false,,false,,,,2026-09-01 17:25:45,2026-09-01 17:25:45,true,true,,,
2026-09-30T17:11:03Z,ribandchophouse.com,https://ribandchophouse.com/wp-json/tribe/events/v1/events,1,4995,ribandchophouse.com?id=4995,Air Force Football Radio Show,2026-11-18 18:30:00,2026-11-19 01:30:00,2026-11-18 19:30:00,2026-11-19 02:30:00,UTC-7,false,false,publish,https://ribandchophouse.com/event/air-force-football-radio-show-39/,,,,"{""currency_symbol"":""$"",""currency_code"":""USD"",""currency_position"":""prefix"",""values"":[]}",[],[],"{""id"":2567,""global_id"":""ribandchophouse.com?id=2567"",""venue"":""Colorado&#8217;s Rib &#038; Chop House"",""address"":""5935 Dublin Blvd Suite 190"",""city"":""Colorado Springs"",""province"":""CO"",""zip"":""80923"",""url"":""https://ribandchophouse.com/venue/colorados-rib-chop-house/"",""show_map"":true,""show_map_link"":true}",[],"Join Air Force Football Coach Troy Calhoun and select special guests every week to get in-depth analysis and insight into the team, hosted at Colorado’s Rib & Chop House!",,false,,false,,,,2026-09-01 17:19:06,2026-09-01 17:19:06,true,true,,,
2026-09-30T17:11:03Z,csfineartscenter.org,https://fac.coloradocollege.edu/wp-json/tribe/events/v1/events,1,10005617,fac.coloradocollege.edu?id=10005617,Irving Berlin&#8217;s White Christmas,2026-11-19 19:00:00,2026-11-20 02:00:00,2026-11-19 21:30:00,2026-11-20 04:30:00,America/Denver,false,true,publish,https://fac.coloradocollege.edu/event/irving-berlins-white-christmas/2026-11-19/,https://fac.coloradocollege.edu/theatre-events/irving-berlins-white-christmas/,,,"{""currency_symbol"":""$"",""currency_code"":""USD"",""currency_position"":""prefix"",""values"":[]}","[{""id"":1228,""name"":""Theatre"",""slug"":""theatre"",""parent"":1252}]",[],"{""id"":8439,""global_id"":""fac.coloradocollege.edu?id=8439"",""venue"":""Fine Arts Center"",""address"":""30 W. Dale St."",""city"":""Colorado Springs"",""country"":""United States"",""state"":""CO"",""zip"":""80903"",""phone"":""(719) 634-5581"",""url"":""https://fac.coloradocollege.edu/venue/fine-arts-center/"",""show_map"":true,""show_map_link"":true}",[],,,"{""url"":""https://fac.coloradocollege.edu/wp-content/uploads/2026/03/WhiteChristmas_500x500_Website.png"",""id"":44921,""extension"":""png"",""width"":500,""height"":500}",[],false,false,,,2026-05-27 10:53:30,2026-05-27 16:53:30,true,true,,,
2026-09-30T17:11:03Z,csfineartscenter.org,https://fac.coloradocollege.edu/wp-json/tribe/events/v1/events,1,45335,fac.coloradocollege.edu?id=45335,Dreaming of a White Christmas: A Behind the Scenes Look at Irving Berlin&#8217;s Classic Holiday Film and Stage Play,2026-11-20 17:30:00,2026-11-21 00:30:00,2026-11-20 18:30:00,2026-11-21 01:30:00,America/Denver,false,true,publish,https://fac.coloradocollege.edu/event/dreaming-of-a-white-christmas/,,,,"{""currency_symbol"":""$"",""currency_code"":""USD"",""currency_position"":""prefix"",""values"":[]}","[{""id"":1276,""name"":""Libation Lectures"",""slug"":""libation-lectures"",""parent"":1252},{""id"":1227,""name"":""Special Event"",""slug"":""special-event"",""parent"":1252},{""id"":1228,""name"":""Theatre"",""slug"":""theatre"",""parent"":1252}]",[],"{""id"":8439,""global_id"":""fac.coloradocollege.edu?id=8439"",""venue"":""Fine Arts Center"",""address"":""30 W. Dale St."",""city"":""Colorado Springs"",""country"":""United States"",""state"":""CO"",""zip"":""80903"",""phone"":""(719) 634-5581"",""url"":""https://fac.coloradocollege.edu/venue/fine-arts-center/"",""show_map"":true,""show_map_link"":true}",[],"Step behind the curtain of Irving Berlin’s beloved holiday classic in this festive Libation Lecture exploring the journey of White Christmas from iconic 1954 film to celebrated stage musical. Discover behind-the-scenes stories about the film’s legendary cast, unforgettable music, dazzling production design, and enduring cultural impact, while uncovering how this timeless tale of friendship, nostalgia, and holiday spirit continues to enchant audiences on stage and screen generations later. This lecture coincides with the FAC theatre production of Irving Berlin’s White Christmas, on stage from November 19 – December 27. Themed Cocktail: Snowflake Martini Lecturer: Ralph Giordano, Producer/Writer/Director of ArchAngel Productions, LLC Tickets: $26 ($20 for FAC Members), includes your first drink Get TICKETS About Libation Lectures Libation Lectures is lecture series offering an educational twist to the traditional happy hour. Each lecture explores an aspect of the amazing art and artists from various FAC exhibitions and theatre shows, served up with a themed drink to help you really dive deep into the topic! This lecture is part of the Libation Lectures Spring Series, which includes four lectures: Chasing the Cambrian Explosion, Friday, August 14 A Victorian Gentlewoman in Colorado’s Mines, Friday, September 18 The Bones of Tradition: The Many Lives of the Day of the Dead, Friday, October 23 Dreaming of a White Christmas, Friday, November 20",,"{""url"":""https://fac.coloradocollege.edu/wp-content/uploads/2026/06/White_Christmas_film.jpg"",""id"":45336,""extension"":""jpg"",""width"":232,""height"":231}",[],false,false,,,2026-06-09 07:36:09,2026-06-09 13:36:09,true,true,,,
2026-09-30T17:11:03Z,csfineartscenter.org,https://fac.coloradocollege.edu/wp-json/tribe/events/v1/events,1,10005618,fac.coloradocollege.edu?id=10005618,Irving Berlin&#8217;s White Christmas,2026-11-20 19:00:00,2026-11-21 02:00:00,2026-11-20 21:30:00,2026-11-21 04:30:00,America/Denver,false,true,publish,https://fac.coloradocollege.edu/event/irving-berlins-white-christmas/2026-11-20/,https://fac.coloradocollege.edu/theatre-events/irving-berlins-white-christmas/,,,"{""currency_symbol"":""$"",""currency_code"":""USD"",""currency_position"":""prefix"",""values"":[]}","[{""id"":1228,""name"":""Theatre"",""slug"":""theatre"",""parent"":1252}]",[],"{""id"":8439,""global_id"":""fac.coloradocollege.edu?id=8439"",""venue"":""Fine Arts Center"",""address"":""30 W. Dale St."",""city"":""Colorado Springs"",""country"":""United States"",""state"":""CO"",""zip"":""80903"",""phone"":""(719) 634-5581"",""url"":""https://fac.coloradocollege.edu/venue/fine-arts-center/"",""show_map"":true,""show_map_link"":true}",[],,,"{""url"":""https://fac.coloradocollege.edu/wp-content/uploads/2026/03/WhiteChristmas_500x500_Website.png"",""id"":44921,""extension"":""png"",""width"":500,""height"":500}",[],false,false,,,2026-05-27 10:53:30,2026-05-27 16:53:30,true,true,,,
2026-09-30T17:11:03Z,csfineartscenter.org,https://fac.coloradocollege.edu/wp-json/tribe/events/v1/events,1,45611,fac.coloradocollege.edu?id=45611,Backpacks &#038; Bites,2026-11-21 10:00:00,2026-11-21 17:00:00,2026-11-21 17:00:00,2026-11-22 00:00:00,America/Denver,false,true,publish,https://fac.coloradocollege.edu/event/backpacks-bites-9/,,,,"{""currency_symbol"":""$"",""currency_code"":""USD"",""currency_position"":""prefix"",""values"":[]}","[{""id"":1287,""name"":""Backpacks &amp; Bites"",""slug"":""backpacks-bites"",""parent"":1252},{""id"":1277,""name"":""Member Moments"",""slug"":""member-moments"",""parent"":1252},{""id"":1278,""name"":""Members"",""slug"":""members"",""parent"":1252},{""id"":1286,""name"":""Upcoming Member-Only"",""slug"":""upcoming-member-only"",""parent"":1252}]",[],"{""id"":8439,""global_id"":""fac.coloradocollege.edu?id=8439"",""venue"":""Fine Arts Center"",""address"":""30 W. Dale St."",""city"":""Colorado Springs"",""country"":""United States"",""state"":""CO"",""zip"":""80903"",""phone"":""(719) 634-5581"",""url"":""https://fac.coloradocollege.edu/venue/fine-arts-center/"",""show_map"":true,""show_map_link"":true}",[],"Members: Make your backpack visit extra special with a creative outing the whole family will love! On select days, when you use the Family Activity Backpack, you can pick up a free snack pack for the kids to enjoy before or after. Cozy up with your little ones in the Garden Lounge and explore our collection of art-themed children’s books. Snack, craft, and relax together. RSVPs are required. RSVP This is a members-only event. Not a member? Join today!",,"{""url"":""https://fac.coloradocollege.edu/wp-content/uploads/2025/05/Backpacks-and-bites_500.jpg"",""id"":43570,""extension"":""jpg"",""width"":500,""height"":500}",[],false,false,,,2026-09-23 09:35:56,2026-09-23 15:35:56,true,true,,,
2026-09-30T17:11:03Z,csfineartscenter.org,https://fac.coloradocollege.edu/wp-json/tribe/events/v1/events,1,10005356,fac.coloradocollege.edu?id=10005356,Yoga,2026-11-21 11:00:00,2026-11-21 18:00:00,2026-11-21 12:00:00,2026-11-21 19:00:00,America/Denver,false,true,publish,https://fac.coloradocollege.edu/event/yoga/2026-11-21/,,,,"{""currency_symbol"":""$"",""currency_code"":""USD"",""currency_position"":""prefix"",""values"":[]}","[{""id"":1227,""name"":""Special Event"",""slug"":""special-event"",""parent"":1252}]",[],"{""id"":8439,""global_id"":""fac.coloradocollege.edu?id=8439"",""venue"":""Fine Arts Center"",""address"":""30 W. Dale St."",""city"":""Colorado Springs"",""country"":""United States"",""state"":""CO"",""zip"":""80903"",""phone"":""(719) 634-5581"",""url"":""https://fac.coloradocollege.edu/venue/fine-arts-center/"",""show_map"":true,""show_map_link"":true}",[],"Join us for yoga in our beautiful glass-walled Smith Family gallery. Participants are invited to stay and enjoy the museum after class. All experience levels are welcome. Tickets $12 per person (includes museum admission) FAC Members receive a 10% discount! Not a member? Join today TICKETS Please bring your own mat. Water is allowed during class, but not in the museum galleries if you choose to visit. If you love doing yoga at the FAC, check out into our Yoga Flex Passes!",,"{""url"":""https://fac.coloradocollege.edu/wp-content/uploads/2024/05/Yoga_500.jpg"",""id"":34564,""extension"":""jpg"",""width"":500,""height"":500}",[],false,false,,,2026-02-05 16:11:18,2026-02-05 23:11:18,true,true,,,
2026-09-30T17:11:03Z,csfineartscenter.org,https://fac.coloradocollege.edu/wp-json/tribe/events/v1/events,1,10005619,fac.coloradocollege.edu?id=10005619,Irving Berlin&#8217;s White Christmas,2026-11-21 19:30:00,2026-11-22 02:30:00,2026-11-21 22:00:00,2026-11-22 05:00:00,America/Denver,false,true,publish,https://fac.coloradocollege.edu/event/irving-berlins-white-christmas/2026-11-21/,https://fac.coloradocollege.edu/theatre-events/irving-berlins-white-christmas/,,,"{""currency_symbol"":""$"",""currency_code"":""USD"",""currency_position"":""prefix"",""values"":[]}","[{""id"":1228,""name"":""Theatre"",""slug"":""theatre"",""parent"":1252}]",[],"{""id"":8439,""global_id"":""fac.coloradocollege.edu?id=8439"",""venue"":""Fine Arts Center"",""address"":""30 W. Dale St."",""city"":""Colorado Springs"",""country"":""United States"",""state"":""CO"",""zip"":""80903"",""phone"":""(719) 634-5581"",""url"":""https://fac.coloradocollege.edu/venue/fine-arts-center/"",""show_map"":true,""show_map_link"":true}",[],,,"{""url"":""https://fac.coloradocollege.edu/wp-content/uploads/2026/03/WhiteChristmas_500x500_Website.png"",""id"":44921,""extension"":""png"",""width"":500,""height"":500}",[],false,false,,,2026-05-27 10:53:30,2026-05-27 16:53:30,true,true,,,
2026-09-30T17:11:03Z,csfineartscenter.org,https://fac.coloradocollege.edu/wp-json/tribe/events/v1/events,1,10005620,fac.coloradocollege.edu?id=10005620,Irving Berlin&#8217;s White Christmas,2026-11-22 14:00:00,2026-11-22 21:00:00,2026-11-22 16:30:00,2026-11-22 23:30:00,America/Denver,false,true,publish,https://fac.coloradocollege.edu/event/irving-berlins-white-christmas/2026-11-22/,https://fac.coloradocollege.edu/theatre-events/irving-berlins-white-christmas/,,,"{""currency_symbol"":""$"",""currency_code"":""USD"",""currency_position"":""prefix"",""values"":[]}","[{""id"":1228,""name"":""Theatre"",""slug"":""theatre"",""parent"":1252}]",[],"{""id"":8439,""global_id"":""fac.coloradocollege.edu?id=8439"",""venue"":""Fine Arts Center"",""address"":""30 W. Dale St."",""city"":""Colorado Springs"",""country"":""United States"",""state"":""CO"",""zip"":""80903"",""phone"":""(719) 634-5581"",""url"":""https://fac.coloradocollege.edu/venue/fine-arts-center/"",""show_map"":true,""show_map_link"":true}",[],,,"{""url"":""https://fac.coloradocollege.edu/wp-content/uploads/2026/03/WhiteChristmas_500x500_Website.png"",""id"":44921,""extension"":""png"",""width"":500,""height"":500}",[],false,false,,,2026-05-27 10:53:30,2026-05-27 16:53:30,true,true,,,
2026-09-30T17:11:03Z,ribandchophouse.com,https://ribandchophouse.com/wp-json/tribe/events/v1/events,1,5015,ribandchophouse.com?id=5015,Air Force Hockey Radio Show,2026-11-24 18:00:00,2026-11-25 01:00:00,2026-11-24 19:00:00,2026-11-25 02:00:00,UTC-7,false,false,publish,https://ribandchophouse.com/event/air-force-hockey-radio-show-26/,,,,"{""currency_symbol"":""$"",""currency_code"":""USD"",""currency_position"":""prefix"",""values"":[]}",[],[],"{""id"":2567,""global_id"":""ribandchophouse.com?id=2567"",""venue"":""Colorado&#8217;s Rib &#038; Chop House"",""address"":""5935 Dublin Blvd Suite 190"",""city"":""Colorado Springs"",""province"":""CO"",""zip"":""80923"",""url"":""https://ribandchophouse.com/venue/colorados-rib-chop-house/"",""show_map"":true,""show_map_link"":true}",[],"Join Air Force Hockey Coach Frank Serratore every week to get in-depth analysis and insight into the team, hosted at Colorado’s Rib & Chop House! **remote show due to travel",,false,,false,,,,2026-09-01 17:26:23,2026-09-01 17:26:23,true,true,,,
2026-09-30T17:11:03Z,ribandchophouse.com,https://ribandchophouse.com/wp-json/tribe/events/v1/events,1,4997,ribandchophouse.com?id=4997,Air Force Football Radio Show,2026-11-25 18:30:00,2026-11-26 01:30:00,2026-11-25 19:30:00,2026-11-26 02:30:00,UTC-7,false,false,publish,https://ribandchophouse.com/event/air-force-football-radio-show-40/,,,,"{""currency_symbol"":""$"",""currency_code"":""USD"",""currency_position"":""prefix"",""values"":[]}",[],[],"{""id"":2567,""global_id"":""ribandchophouse.com?id=2567"",""venue"":""Colorado&#8217;s Rib &#038; Chop House"",""address"":""5935 Dublin Blvd Suite 190"",""city"":""Colorado Springs"",""province"":""CO"",""zip"":""80923"",""url"":""https://ribandchophouse.com/venue/colorados-rib-chop-house/"",""show_map"":true,""show_map_link"":true}",[],"Join Air Force Football Coach Troy Calhoun and select special guests every week to get in-depth analysis and insight into the team, hosted at Colorado’s Rib & Chop House!",,false,,false,,,,2026-09-01 17:19:22,2026-09-01 17:19:22,true,true,,,
2026-09-30T17:11:03Z,csfineartscenter.org,https://fac.coloradocollege.edu/wp-json/tribe/events/v1/events,1,10005621,fac.coloradocollege.edu?id=10005621,Irving Berlin&#8217;s White Christmas,2026-11-27 19:00:00,2026-11-28 02:00:00,2026-11-27 21:30:00,2026-11-28 04:30:00,America/Denver,false,true,publish,https://fac.coloradocollege.edu/event/irving-berlins-white-christmas/2026-11-27/,https://fac.coloradocollege.edu/theatre-events/irving-berlins-white-christmas/,,,"{""currency_symbol"":""$"",""currency_code"":""USD"",""currency_position"":""prefix"",""values"":[]}","[{""id"":1228,""name"":""Theatre"",""slug"":""theatre"",""parent"":1252}]",[],"{""id"":8439,""global_id"":""fac.coloradocollege.edu?id=8439"",""venue"":""Fine Arts Center"",""address"":""30 W. Dale St."",""city"":""Colorado Springs"",""country"":""United States"",""state"":""CO"",""zip"":""80903"",""phone"":""(719) 634-5581"",""url"":""https://fac.coloradocollege.edu/venue/fine-arts-center/"",""show_map"":true,""show_map_link"":true}",[],,,"{""url"":""https://fac.coloradocollege.edu/wp-content/uploads/2026/03/WhiteChristmas_500x500_Website.png"",""id"":44921,""extension"":""png"",""width"":500,""height"":500}",[],false,false,,,2026-05-27 10:53:30,2026-05-27 16:53:30,true,true,,,
2026-09-30T17:11:03Z,csfineartscenter.org,https://fac.coloradocollege.edu/wp-json/tribe/events/v1/events,1,10005622,fac.coloradocollege.edu?id=10005622,Irving Berlin&#8217;s White Christmas,2026-11-28 14:00:00,2026-11-28 21:00:00,2026-11-28 16:30:00,2026-11-28 23:30:00,America/Denver,false,true,publish,https://fac.coloradocollege.edu/event/irving-berlins-white-christmas/2026-11-28/1/,https://fac.coloradocollege.edu/theatre-events/irving-berlins-white-christmas/,,,"{""currency_symbol"":""$"",""currency_code"":""USD"",""currency_position"":""prefix"",""values"":[]}","[{""id"":1228,""name"":""Theatre"",""slug"":""theatre"",""parent"":1252}]",[],"{""id"":8439,""global_id"":""fac.coloradocollege.edu?id=8439"",""venue"":""Fine Arts Center"",""address"":""30 W. Dale St."",""city"":""Colorado Springs"",""country"":""United States"",""state"":""CO"",""zip"":""80903"",""phone"":""(719) 634-5581"",""url"":""https://fac.coloradocollege.edu/venue/fine-arts-center/"",""show_map"":true,""show_map_link"":true}",[],,,"{""url"":""https://fac.coloradocollege.edu/wp-content/uploads/2026/03/WhiteChristmas_500x500_Website.png"",""id"":44921,""extension"":""png"",""width"":500,""height"":500}",[],false,false,,,2026-05-27 10:53:30,2026-05-27 16:53:30,true,true,,,
2026-09-30T17:11:03Z,csfineartscenter.org,https://fac.coloradocollege.edu/wp-json/tribe/events/v1/events,1,10005623,fac.coloradocollege.edu?id=10005623,Irving Berlin&#8217;s White Christmas,2026-11-28 19:30:00,2026-11-29 02:30:00,2026-11-28 22:00:00,2026-11-29 05:00:00,America/Denver,false,true,publish,https://fac.coloradocollege.edu/event/irving-berlins-white-christmas/2026-11-28/2/,https://fac.coloradocollege.edu/theatre-events/irving-berlins-white-christmas/,,,"{""currency_symbol"":""$"",""currency_code"":""USD"",""currency_position"":""prefix"",""values"":[]}","[{""id"":1228,""name"":""Theatre"",""slug"":""theatre"",""parent"":1252}]",[],"{""id"":8439,""global_id"":""fac.coloradocollege.edu?id=8439"",""venue"":""Fine Arts Center"",""address"":""30 W. Dale St."",""city"":""Colorado Springs"",""country"":""United States"",""state"":""CO"",""zip"":""80903"",""phone"":""(719) 634-5581"",""url"":""https://fac.coloradocollege.edu/venue/fine-arts-center/"",""show_map"":true,""show_map_link"":true}",[],,,"{""url"":""https://fac.coloradocollege.edu/wp-content/uploads/2026/03/WhiteChristmas_500x500_Website.png"",""id"":44921,""extension"":""png"",""width"":500,""height"":500}",[],false,false,,,2026-05-27 10:53:30,2026-05-27 16:53:30,true,true,,,
2026-09-30T17:11:03Z,csfineartscenter.org,https://fac.coloradocollege.edu/wp-json/tribe/events/v1/events,1,10005624,fac.coloradocollege.edu?id=10005624,Irving Berlin&#8217;s White Christmas,2026-11-29 14:00:00,2026-11-29 21:00:00,2026-11-29 16:30:00,2026-11-29 23:30:00,America/Denver,false,true,publish,https://fac.coloradocollege.edu/event/irving-berlins-white-christmas/2026-11-29/,https://fac.coloradocollege.edu/theatre-events/irving-berlins-white-christmas/,,,"{""currency_symbol"":""$"",""currency_code"":""USD"",""currency_position"":""prefix"",""values"":[]}","[{""id"":1228,""name"":""Theatre"",""slug"":""theatre"",""parent"":1252}]",[],"{""id"":8439,""global_id"":""fac.coloradocollege.edu?id=8439"",""venue"":""Fine Arts Center"",""address"":""30 W. Dale St."",""city"":""Colorado Springs"",""country"":""United States"",""state"":""CO"",""zip"":""80903"",""phone"":""(719) 634-5581"",""url"":""https://fac.coloradocollege.edu/venue/fine-arts-center/"",""show_map"":true,""show_map_link"":true}",[],,,"{""url"":""https://fac.coloradocollege.edu/wp-content/uploads/2026/03/WhiteChristmas_500x500_Website.png"",""id"":44921,""extension"":""png"",""width"":500,""height"":500}",[],false,false,,,2026-05-27 10:53:30,2026-05-27 16:53:30,true,true,,,
2026-09-30T17:11:03Z,ribandchophouse.com,https://ribandchophouse.com/wp-json/tribe/events/v1/events,1,5018,ribandchophouse.com?id=5018,Air Force Hockey Radio Show,2026-12-01 18:00:00,2026-12-02 01:00:00,2026-12-01 19:00:00,2026-12-02 02:00:00,UTC-7,false,false,publish,https://ribandchophouse.com/event/air-force-hockey-radio-show-27/,,,,"{""currency_symbol"":""$"",""currency_code"":""USD"",""currency_position"":""prefix"",""values"":[]}",[],[],"{""id"":2567,""global_id"":""ribandchophouse.com?id=2567"",""venue"":""Colorado&#8217;s Rib &#038; Chop House"",""address"":""5935 Dublin Blvd Suite 190"",""city"":""Colorado Springs"",""province"":""CO"",""zip"":""80923"",""url"":""https://ribandchophouse.com/venue/colorados-rib-chop-house/"",""show_map"":true,""show_map_link"":true}",[],"Join Air Force Hockey Coach Frank Serratore every week to get in-depth analysis and insight into the team, hosted at Colorado’s Rib & Chop House!",,false,,false,,,,2026-09-01 17:26:48,2026-09-01 17:26:48,true,true,,,
2026-09-30T17:11:03Z,csfineartscenter.org,https://fac.coloradocollege.edu/wp-json/tribe/events/v1/events,1,10005625,fac.coloradocollege.edu?id=10005625,Irving Berlin&#8217;s White Christmas,2026-12-03 19:00:00,2026-12-04 02:00:00,2026-12-03 21:30:00,2026-12-04 04:30:00,America/Denver,false,true,publish,https://fac.coloradocollege.edu/event/irving-berlins-white-christmas/2026-12-03/,https://fac.coloradocollege.edu/theatre-events/irving-berlins-white-christmas/,,,"{""currency_symbol"":""$"",""currency_code"":""USD"",""currency_position"":""prefix"",""values"":[]}","[{""id"":1228,""name"":""Theatre"",""slug"":""theatre"",""parent"":1252}]",[],"{""id"":8439,""global_id"":""fac.coloradocollege.edu?id=8439"",""venue"":""Fine Arts Center"",""address"":""30 W. Dale St."",""city"":""Colorado Springs"",""country"":""United States"",""state"":""CO"",""zip"":""80903"",""phone"":""(719) 634-5581"",""url"":""https://fac.coloradocollege.edu/venue/fine-arts-center/"",""show_map"":true,""show_map_link"":true}",[],,,"{""url"":""https://fac.coloradocollege.edu/wp-content/uploads/2026/03/WhiteChristmas_500x500_Website.png"",""id"":44921,""extension"":""png"",""width"":500,""height"":500}",[],false,false,,,2026-05-27 10:53:30,2026-05-27 16:53:30,true,true,,,
2026-09-30T17:11:03Z,csfineartscenter.org,https://fac.coloradocollege.edu/wp-json/tribe/events/v1/events,1,46079,fac.coloradocollege.edu?id=46079,Member Moments Backstage Tour: Costumes of White Christmas,2026-12-04 16:00:00,2026-12-04 23:00:00,2026-12-04 17:00:00,2026-12-05 00:00:00,America/Denver,false,true,publish,https://fac.coloradocollege.edu/event/member-moments-backstage-white-christmas/,,,,"{""currency_symbol"":""$"",""currency_code"":""USD"",""currency_position"":""prefix"",""values"":[]}","[{""id"":1277,""name"":""Member Moments"",""slug"":""member-moments"",""parent"":1252},{""id"":1278,""name"":""Members"",""slug"":""members"",""parent"":1252},{""id"":1228,""name"":""Theatre"",""slug"":""theatre"",""parent"":1252}]",[],"{""id"":8439,""global_id"":""fac.coloradocollege.edu?id=8439"",""venue"":""Fine Arts Center"",""address"":""30 W. Dale St."",""city"":""Colorado Springs"",""country"":""United States"",""state"":""CO"",""zip"":""80903"",""phone"":""(719) 634-5581"",""url"":""https://fac.coloradocollege.edu/venue/fine-arts-center/"",""show_map"":true,""show_map_link"":true}",[],"Members: Join our Associate Costume Designer for an inside look at the wardrobe magic behind White Christmas. From the military uniforms to the cozy Vermont knitwear and the red velvet dresses, every costume is created to survive up to seven shows a week of dancing, quick changes, and snow. You’ll get a close-up look at the fabrics, silhouettes, and period details that bring 1954 to life, hear how the design team balances vintage style with modern stagecraft, and learn what really goes into a lightning-fast costume change in the wings. It’s a rare chance to see the craftsmanship that usually stays hidden behind the curtain. RSVP required, space is limited. RSVP This is a members-only event. Not a member? Join today!",,"{""url"":""https://fac.coloradocollege.edu/wp-content/uploads/2026/09/Costume-theater-member-tour-1.jpeg"",""id"":46080,""extension"":""jpeg"",""width"":500,""height"":498}",[],false,false,,,2026-09-23 09:32:35,2026-09-23 15:32:35,true,true,,,
2026-09-30T17:11:03Z,csfineartscenter.org,https://fac.coloradocollege.edu/wp-json/tribe/events/v1/events,1,10005626,fac.coloradocollege.edu?id=10005626,Irving Berlin&#8217;s White Christmas,2026-12-04 19:00:00,2026-12-05 02:00:00,2026-12-04 21:30:00,2026-12-05 04:30:00,America/Denver,false,true,publish,https://fac.coloradocollege.edu/event/irving-berlins-white-christmas/2026-12-04/,https://fac.coloradocollege.edu/theatre-events/irving-berlins-white-christmas/,,,"{""currency_symbol"":""$"",""currency_code"":""USD"",""currency_position"":""prefix"",""values"":[]}","[{""id"":1228,""name"":""Theatre"",""slug"":""theatre"",""parent"":1252}]",[],"{""id"":8439,""global_id"":""fac.coloradocollege.edu?id=8439"",""venue"":""Fine Arts Center"",""address"":""30 W. Dale St."",""city"":""Colorado Springs"",""country"":""United States"",""state"":""CO"",""zip"":""80903"",""phone"":""(719) 634-5581"",""url"":""https://fac.coloradocollege.edu/venue/fine-arts-center/"",""show_map"":true,""show_map_link"":true}",[],,,"{""url"":""https://fac.coloradocollege.edu/wp-content/uploads/2026/03/WhiteChristmas_500x500_Website.png"",""id"":44921,""extension"":""png"",""width"":500,""height"":500}",[],false,false,,,2026-05-27 10:53:30,2026-05-27 16:53:30,true,true,,,
2026-09-30T17:11:03Z,csfineartscenter.org,https://fac.coloradocollege.edu/wp-json/tribe/events/v1/events,1,10005627,fac.coloradocollege.edu?id=10005627,Irving Berlin&#8217;s White Christmas,2026-12-05 17:00:00,2026-12-06 00:00:00,2026-12-05 19:30:00,2026-12-06 02:30:00,America/Denver,false,true,publish,https://fac.coloradocollege.edu/event/irving-berlins-white-christmas/2026-12-05/,https://fac.coloradocollege.edu/theatre-events/irving-berlins-white-christmas/,,,"{""currency_symbol"":""$"",""currency_code"":""USD"",""currency_position"":""prefix"",""values"":[]}","[{""id"":1228,""name"":""Theatre"",""slug"":""theatre"",""parent"":1252}]",[],"{""id"":8439,""global_id"":""fac.coloradocollege.edu?id=8439"",""venue"":""Fine Arts Center"",""address"":""30 W. Dale St."",""city"":""Colorado Springs"",""country"":""United States"",""state"":""CO"",""zip"":""80903"",""phone"":""(719) 634-5581"",""url"":""https://fac.coloradocollege.edu/venue/fine-arts-center/"",""show_map"":true,""show_map_link"":true}",[],,,"{""url"":""https://fac.coloradocollege.edu/wp-content/uploads/2026/03/WhiteChristmas_500x500_Website.png"",""id"":44921,""extension"":""png"",""width"":500,""height"":500}",[],false,false,,,2026-05-27 10:53:30,2026-05-27 16:53:30,true,true,,,
2026-09-30T17:11:03Z,csfineartscenter.org,https://fac.coloradocollege.edu/wp-json/tribe/events/v1/events,1,10005628,fac.coloradocollege.edu?id=10005628,Irving Berlin&#8217;s White Christmas,2026-12-06 14:00:00,2026-12-06 21:00:00,2026-12-06 16:30:00,2026-12-06 23:30:00,America/Denver,false,true,publish,https://fac.coloradocollege.edu/event/irving-berlins-white-christmas/2026-12-06/,https://fac.coloradocollege.edu/theatre-events/irving-berlins-white-christmas/,,,"{""currency_symbol"":""$"",""currency_code"":""USD"",""currency_position"":""prefix"",""values"":[]}","[{""id"":1228,""name"":""Theatre"",""slug"":""theatre"",""parent"":1252}]",[],"{""id"":8439,""global_id"":""fac.coloradocollege.edu?id=8439"",""venue"":""Fine Arts Center"",""address"":""30 W. Dale St."",""city"":""Colorado Springs"",""country"":""United States"",""state"":""CO"",""zip"":""80903"",""phone"":""(719) 634-5581"",""url"":""https://fac.coloradocollege.edu/venue/fine-arts-center/"",""show_map"":true,""show_map_link"":true}",[],,,"{""url"":""https://fac.coloradocollege.edu/wp-content/uploads/2026/03/WhiteChristmas_500x500_Website.png"",""id"":44921,""extension"":""png"",""width"":500,""height"":500}",[],false,false,,,2026-05-27 10:53:30,2026-05-27 16:53:30,true,true,,,
2026-09-30T17:11:03Z,ribandchophouse.com,https://ribandchophouse.com/wp-json/tribe/events/v1/events,1,5020,ribandchophouse.com?id=5020,Air Force Hockey Radio Show,2026-12-08 18:00:00,2026-12-09 01:00:00,2026-12-08 19:00:00,2026-12-09 02:00:00,UTC-7,false,false,publish,https://ribandchophouse.com/event/air-force-hockey-radio-show-28/,,,,"{""currency_symbol"":""$"",""currency_code"":""USD"",""currency_position"":""prefix"",""values"":[]}",[],[],"{""id"":2567,""global_id"":""ribandchophouse.com?id=2567"",""venue"":""Colorado&#8217;s Rib &#038; Chop House"",""address"":""5935 Dublin Blvd Suite 190"",""city"":""Colorado Springs"",""province"":""CO"",""zip"":""80923"",""url"":""https://ribandchophouse.com/venue/colorados-rib-chop-house/"",""show_map"":true,""show_map_link"":true}",[],"Join Air Force Hockey Coach Frank Serratore every week to get in-depth analysis and insight into the team, hosted at Colorado’s Rib & Chop House!",,false,,false,,,,2026-09-01 17:27:00,2026-09-01 17:27:00,true,true,,,
2026-09-30T17:11:03Z,csfineartscenter.org,https://fac.coloradocollege.edu/wp-json/tribe/events/v1/events,1,10005629,fac.coloradocollege.edu?id=10005629,Irving Berlin&#8217;s White Christmas,2026-12-10 19:00:00,2026-12-11 02:00:00,2026-12-10 21:30:00,2026-12-11 04:30:00,America/Denver,false,true,publish,https://fac.coloradocollege.edu/event/irving-berlins-white-christmas/2026-12-10/,https://fac.coloradocollege.edu/theatre-events/irving-berlins-white-christmas/,,,"{""currency_symbol"":""$"",""currency_code"":""USD"",""currency_position"":""prefix"",""values"":[]}","[{""id"":1228,""name"":""Theatre"",""slug"":""theatre"",""parent"":1252}]",[],"{""id"":8439,""global_id"":""fac.coloradocollege.edu?id=8439"",""venue"":""Fine Arts Center"",""address"":""30 W. Dale St."",""city"":""Colorado Springs"",""country"":""United States"",""state"":""CO"",""zip"":""80903"",""phone"":""(719) 634-5581"",""url"":""https://fac.coloradocollege.edu/venue/fine-arts-center/"",""show_map"":true,""show_map_link"":true}",[],,,"{""url"":""https://fac.coloradocollege.edu/wp-content/uploads/2026/03/WhiteChristmas_500x500_Website.png"",""id"":44921,""extension"":""png"",""width"":500,""height"":500}",[],false,false,,,2026-05-27 10:53:30,2026-05-27 16:53:30,true,true,,,
2026-09-30T17:11:03Z,csfineartscenter.org,https://fac.coloradocollege.edu/wp-json/tribe/events/v1/events,1,10005630,fac.coloradocollege.edu?id=10005630,Irving Berlin&#8217;s White Christmas,2026-12-11 19:00:00,2026-12-12 02:00:00,2026-12-11 21:30:00,2026-12-12 04:30:00,America/Denver,false,true,publish,https://fac.coloradocollege.edu/event/irving-berlins-white-christmas/2026-12-11/,https://fac.coloradocollege.edu/theatre-events/irving-berlins-white-christmas/,,,"{""currency_symbol"":""$"",""currency_code"":""USD"",""currency_position"":""prefix"",""values"":[]}","[{""id"":1228,""name"":""Theatre"",""slug"":""theatre"",""parent"":1252}]",[],"{""id"":8439,""global_id"":""fac.coloradocollege.edu?id=8439"",""venue"":""Fine Arts Center"",""address"":""30 W. Dale St."",""city"":""Colorado Springs"",""country"":""United States"",""state"":""CO"",""zip"":""80903"",""phone"":""(719) 634-5581"",""url"":""https://fac.coloradocollege.edu/venue/fine-arts-center/"",""show_map"":true,""show_map_link"":true}",[],,,"{""url"":""https://fac.coloradocollege.edu/wp-content/uploads/2026/03/WhiteChristmas_500x500_Website.png"",""id"":44921,""extension"":""png"",""width"":500,""height"":500}",[],false,false,,,2026-05-27 10:53:30,2026-05-27 16:53:30,true,true,,,
2026-09-30T17:11:03Z,csfineartscenter.org,https://fac.coloradocollege.edu/wp-json/tribe/events/v1/events,1,10005631,fac.coloradocollege.edu?id=10005631,Irving Berlin&#8217;s White Christmas,2026-12-12 17:00:00,2026-12-13 00:00:00,2026-12-12 19:30:00,2026-12-13 02:30:00,America/Denver,false,true,publish,https://fac.coloradocollege.edu/event/irving-berlins-white-christmas/2026-12-12/,https://fac.coloradocollege.edu/theatre-events/irving-berlins-white-christmas/,,,"{""currency_symbol"":""$"",""currency_code"":""USD"",""currency_position"":""prefix"",""values"":[]}","[{""id"":1228,""name"":""Theatre"",""slug"":""theatre"",""parent"":1252}]",[],"{""id"":8439,""global_id"":""fac.coloradocollege.edu?id=8439"",""venue"":""Fine Arts Center"",""address"":""30 W. Dale St."",""city"":""Colorado Springs"",""country"":""United States"",""state"":""CO"",""zip"":""80903"",""phone"":""(719) 634-5581"",""url"":""https://fac.coloradocollege.edu/venue/fine-arts-center/"",""show_map"":true,""show_map_link"":true}",[],,,"{""url"":""https://fac.coloradocollege.edu/wp-content/uploads/2026/03/WhiteChristmas_500x500_Website.png"",""id"":44921,""extension"":""png"",""width"":500,""height"":500}",[],false,false,,,2026-05-27 10:53:30,2026-05-27 16:53:30,true,true,,,
2026-09-30T17:11:03Z,csfineartscenter.org,https://fac.coloradocollege.edu/wp-json/tribe/events/v1/events,1,10005632,fac.coloradocollege.edu?id=10005632,Irving Berlin&#8217;s White Christmas,2026-12-13 14:00:00,2026-12-13 21:00:00,2026-12-13 16:30:00,2026-12-13 23:30:00,America/Denver,false,true,publish,https://fac.coloradocollege.edu/event/irving-berlins-white-christmas/2026-12-13/,https://fac.coloradocollege.edu/theatre-events/irving-berlins-white-christmas/,,,"{""currency_symbol"":""$"",""currency_code"":""USD"",""currency_position"":""prefix"",""values"":[]}","[{""id"":1228,""name"":""Theatre"",""slug"":""theatre"",""parent"":1252}]",[],"{""id"":8439,""global_id"":""fac.coloradocollege.edu?id=8439"",""venue"":""Fine Arts Center"",""address"":""30 W. Dale St."",""city"":""Colorado Springs"",""country"":""United States"",""state"":""CO"",""zip"":""80903"",""phone"":""(719) 634-5581"",""url"":""https://fac.coloradocollege.edu/venue/fine-arts-center/"",""show_map"":true,""show_map_link"":true}",[],,,"{""url"":""https://fac.coloradocollege.edu/wp-content/uploads/2026/03/WhiteChristmas_500x500_Website.png"",""id"":44921,""extension"":""png"",""width"":500,""height"":500}",[],false,false,,,2026-05-27 10:53:30,2026-05-27 16:53:30,true,true,,,
2026-09-30T17:11:03Z,csfineartscenter.org,https://fac.coloradocollege.edu/wp-json/tribe/events/v1/events,1,10005633,fac.coloradocollege.edu?id=10005633,Irving Berlin&#8217;s White Christmas,2026-12-17 19:00:00,2026-12-18 02:00:00,2026-12-17 21:30:00,2026-12-18 04:30:00,America/Denver,false,true,publish,https://fac.coloradocollege.edu/event/irving-berlins-white-christmas/2026-12-17/,https://fac.coloradocollege.edu/theatre-events/irving-berlins-white-christmas/,,,"{""currency_symbol"":""$"",""currency_code"":""USD"",""currency_position"":""prefix"",""values"":[]}","[{""id"":1228,""name"":""Theatre"",""slug"":""theatre"",""parent"":1252}]",[],"{""id"":8439,""global_id"":""fac.coloradocollege.edu?id=8439"",""venue"":""Fine Arts Center"",""address"":""30 W. Dale St."",""city"":""Colorado Springs"",""country"":""United States"",""state"":""CO"",""zip"":""80903"",""phone"":""(719) 634-5581"",""url"":""https://fac.coloradocollege.edu/venue/fine-arts-center/"",""show_map"":true,""show_map_link"":true}",[],,,"{""url"":""https://fac.coloradocollege.edu/wp-content/uploads/2026/03/WhiteChristmas_500x500_Website.png"",""id"":44921,""extension"":""png"",""width"":500,""height"":500}",[],false,false,,,2026-05-27 10:53:30,2026-05-27 16:53:30,true,true,,,
2026-09-30T17:11:03Z,csfineartscenter.org,https://fac.coloradocollege.edu/wp-json/tribe/events/v1/events,1,46068,fac.coloradocollege.edu?id=46068,Backpacks &#038; Bites,2026-12-18 10:00:00,2026-12-18 17:00:00,2026-12-18 20:00:00,2026-12-19 03:00:00,America/Denver,false,true,publish,https://fac.coloradocollege.edu/event/backpacks-bites/,,,,"{""currency_symbol"":""$"",""currency_code"":""USD"",""currency_position"":""prefix"",""values"":[]}","[{""id"":1287,""name"":""Backpacks &amp; Bites"",""slug"":""backpacks-bites"",""parent"":1252},{""id"":1277,""name"":""Member Moments"",""slug"":""member-moments"",""parent"":1252},{""id"":1278,""name"":""Members"",""slug"":""members"",""parent"":1252},{""id"":1286,""name"":""Upcoming Member-Only"",""slug"":""upcoming-member-only"",""parent"":1252}]",[],"{""id"":8439,""global_id"":""fac.coloradocollege.edu?id=8439"",""venue"":""Fine Arts Center"",""address"":""30 W. Dale St."",""city"":""Colorado Springs"",""country"":""United States"",""state"":""CO"",""zip"":""80903"",""phone"":""(719) 634-5581"",""url"":""https://fac.coloradocollege.edu/venue/fine-arts-center/"",""show_map"":true,""show_map_link"":true}",[],"Members: Make your backpack visit extra special with a creative outing the whole family will love! On select days, when you use the Family Activity Backpack, you can pick up a free snack pack for the kids to enjoy before or after. Cozy up with your little ones in the Garden Lounge and explore our collection of art-themed children’s books. Snack, craft, and relax together. RSVPs are required. RSVP This is a members-only event. Not a member? Join today!",,"{""url"":""https://fac.coloradocollege.edu/wp-content/uploads/2025/05/Backpacks-and-bites_500.jpg"",""id"":43570,""extension"":""jpg"",""width"":500,""height"":500}",[],false,false,,,2026-09-21 08:27:56,2026-09-21 14:27:56,true,true,,,
2026-09-30T17:11:03Z,csfineartscenter.org,https://fac.coloradocollege.edu/wp-json/tribe/events/v1/events,1,10005634,fac.coloradocollege.edu?id=10005634,Irving Berlin&#8217;s White Christmas,2026-12-18 19:00:00,2026-12-19 02:00:00,2026-12-18 21:30:00,2026-12-19 04:30:00,America/Denver,false,true,publish,https://fac.coloradocollege.edu/event/irving-berlins-white-christmas/2026-12-18/,https://fac.coloradocollege.edu/theatre-events/irving-berlins-white-christmas/,,,"{""currency_symbol"":""$"",""currency_code"":""USD"",""currency_position"":""prefix"",""values"":[]}","[{""id"":1228,""name"":""Theatre"",""slug"":""theatre"",""parent"":1252}]",[],"{""id"":8439,""global_id"":""fac.coloradocollege.edu?id=8439"",""venue"":""Fine Arts Center"",""address"":""30 W. Dale St."",""city"":""Colorado Springs"",""country"":""United States"",""state"":""CO"",""zip"":""80903"",""phone"":""(719) 634-5581"",""url"":""https://fac.coloradocollege.edu/venue/fine-arts-center/"",""show_map"":true,""show_map_link"":true}",[],,,"{""url"":""https://fac.coloradocollege.edu/wp-content/uploads/2026/03/WhiteChristmas_500x500_Website.png"",""id"":44921,""extension"":""png"",""width"":500,""height"":500}",[],false,false,,,2026-05-27 10:53:30,2026-05-27 16:53:30,true,true,,,
2026-09-30T17:11:03Z,csfineartscenter.org,https://fac.coloradocollege.edu/wp-json/tribe/events/v1/events,1,10005635,fac.coloradocollege.edu?id=10005635,Irving Berlin&#8217;s White Christmas,2026-12-19 14:00:00,2026-12-19 21:00:00,2026-12-19 16:30:00,2026-12-19 23:30:00,America/Denver,false,true,publish,https://fac.coloradocollege.edu/event/irving-berlins-white-christmas/2026-12-19/1/,https://fac.coloradocollege.edu/theatre-events/irving-berlins-white-christmas/,,,"{""currency_symbol"":""$"",""currency_code"":""USD"",""currency_position"":""prefix"",""values"":[]}","[{""id"":1228,""name"":""Theatre"",""slug"":""theatre"",""parent"":1252}]",[],"{""id"":8439,""global_id"":""fac.coloradocollege.edu?id=8439"",""venue"":""Fine Arts Center"",""address"":""30 W. Dale St."",""city"":""Colorado Springs"",""country"":""United States"",""state"":""CO"",""zip"":""80903"",""phone"":""(719) 634-5581"",""url"":""https://fac.coloradocollege.edu/venue/fine-arts-center/"",""show_map"":true,""show_map_link"":true}",[],,,"{""url"":""https://fac.coloradocollege.edu/wp-content/uploads/2026/03/WhiteChristmas_500x500_Website.png"",""id"":44921,""extension"":""png"",""width"":500,""height"":500}",[],false,false,,,2026-05-27 10:53:30,2026-05-27 16:53:30,true,true,,,
2026-09-30T17:11:03Z,csfineartscenter.org,https://fac.coloradocollege.edu/wp-json/tribe/events/v1/events,1,10005636,fac.coloradocollege.edu?id=10005636,Irving Berlin&#8217;s White Christmas,2026-12-19 19:30:00,2026-12-20 02:30:00,2026-12-19 22:00:00,2026-12-20 05:00:00,America/Denver,false,true,publish,https://fac.coloradocollege.edu/event/irving-berlins-white-christmas/2026-12-19/2/,https://fac.coloradocollege.edu/theatre-events/irving-berlins-white-christmas/,,,"{""currency_symbol"":""$"",""currency_code"":""USD"",""currency_position"":""prefix"",""values"":[]}","[{""id"":1228,""name"":""Theatre"",""slug"":""theatre"",""parent"":1252}]",[],"{""id"":8439,""global_id"":""fac.coloradocollege.edu?id=8439"",""venue"":""Fine Arts Center"",""address"":""30 W. Dale St."",""city"":""Colorado Springs"",""country"":""United States"",""state"":""CO"",""zip"":""80903"",""phone"":""(719) 634-5581"",""url"":""https://fac.coloradocollege.edu/venue/fine-arts-center/"",""show_map"":true,""show_map_link"":true}",[],,,"{""url"":""https://fac.coloradocollege.edu/wp-content/uploads/2026/03/WhiteChristmas_500x500_Website.png"",""id"":44921,""extension"":""png"",""width"":500,""height"":500}",[],false,false,,,2026-05-27 10:53:30,2026-05-27 16:53:30,true,true,,,
2026-09-30T17:11:03Z,csfineartscenter.org,https://fac.coloradocollege.edu/wp-json/tribe/events/v1/events,1,10005637,fac.coloradocollege.edu?id=10005637,Irving Berlin&#8217;s White Christmas,2026-12-20 14:00:00,2026-12-20 21:00:00,2026-12-20 16:30:00,2026-12-20 23:30:00,America/Denver,false,true,publish,https://fac.coloradocollege.edu/event/irving-berlins-white-christmas/2026-12-20/,https://fac.coloradocollege.edu/theatre-events/irving-berlins-white-christmas/,,,"{""currency_symbol"":""$"",""currency_code"":""USD"",""currency_position"":""prefix"",""values"":[]}","[{""id"":1228,""name"":""Theatre"",""slug"":""theatre"",""parent"":1252}]",[],"{""id"":8439,""global_id"":""fac.coloradocollege.edu?id=8439"",""venue"":""Fine Arts Center"",""address"":""30 W. Dale St."",""city"":""Colorado Springs"",""country"":""United States"",""state"":""CO"",""zip"":""80903"",""phone"":""(719) 634-5581"",""url"":""https://fac.coloradocollege.edu/venue/fine-arts-center/"",""show_map"":true,""show_map_link"":true}",[],,,"{""url"":""https://fac.coloradocollege.edu/wp-content/uploads/2026/03/WhiteChristmas_500x500_Website.png"",""id"":44921,""extension"":""png"",""width"":500,""height"":500}",[],false,false,,,2026-05-27 10:53:30,2026-05-27 16:53:30,true,true,,,
2026-09-30T17:11:03Z,csfineartscenter.org,https://fac.coloradocollege.edu/wp-json/tribe/events/v1/events,1,10005638,fac.coloradocollege.edu?id=10005638,Irving Berlin&#8217;s White Christmas,2026-12-23 19:00:00,2026-12-24 02:00:00,2026-12-23 21:30:00,2026-12-24 04:30:00,America/Denver,false,true,publish,https://fac.coloradocollege.edu/event/irving-berlins-white-christmas/2026-12-23/,https://fac.coloradocollege.edu/theatre-events/irving-berlins-white-christmas/,,,"{""currency_symbol"":""$"",""currency_code"":""USD"",""currency_position"":""prefix"",""values"":[]}","[{""id"":1228,""name"":""Theatre"",""slug"":""theatre"",""parent"":1252}]",[],"{""id"":8439,""global_id"":""fac.coloradocollege.edu?id=8439"",""venue"":""Fine Arts Center"",""address"":""30 W. Dale St."",""city"":""Colorado Springs"",""country"":""United States"",""state"":""CO"",""zip"":""80903"",""phone"":""(719) 634-5581"",""url"":""https://fac.coloradocollege.edu/venue/fine-arts-center/"",""show_map"":true,""show_map_link"":true}",[],,,"{""url"":""https://fac.coloradocollege.edu/wp-content/uploads/2026/03/WhiteChristmas_500x500_Website.png"",""id"":44921,""extension"":""png"",""width"":500,""height"":500}",[],false,false,,,2026-05-27 10:53:30,2026-05-27 16:53:30,true,true,,,
2026-09-30T17:11:03Z,csfineartscenter.org,https://fac.coloradocollege.edu/wp-json/tribe/events/v1/events,1,10005639,fac.coloradocollege.edu?id=10005639,Irving Berlin&#8217;s White Christmas,2026-12-24 14:00:00,2026-12-24 21:00:00,2026-12-24 16:30:00,2026-12-24 23:30:00,America/Denver,false,true,publish,https://fac.coloradocollege.edu/event/irving-berlins-white-christmas/2026-12-24/,https://fac.coloradocollege.edu/theatre-events/irving-berlins-white-christmas/,,,"{""currency_symbol"":""$"",""currency_code"":""USD"",""currency_position"":""prefix"",""values"":[]}","[{""id"":1228,""name"":""Theatre"",""slug"":""theatre"",""parent"":1252}]",[],"{""id"":8439,""global_id"":""fac.coloradocollege.edu?id=8439"",""venue"":""Fine Arts Center"",""address"":""30 W. Dale St."",""city"":""Colorado Springs"",""country"":""United States"",""state"":""CO"",""zip"":""80903"",""phone"":""(719) 634-5581"",""url"":""https://fac.coloradocollege.edu/venue/fine-arts-center/"",""show_map"":true,""show_map_link"":true}",[],,,"{""url"":""https://fac.coloradocollege.edu/wp-content/uploads/2026/03/WhiteChristmas_500x500_Website.png"",""id"":44921,""extension"":""png"",""width"":500,""height"":500}",[],false,false,,,2026-05-27 10:53:30,2026-05-27 16:53:30,true,true,,,
2026-09-30T17:11:03Z,csfineartscenter.org,https://fac.coloradocollege.edu/wp-json/tribe/events/v1/events,1,10005640,fac.coloradocollege.edu?id=10005640,Irving Berlin&#8217;s White Christmas,2026-12-26 14:00:00,2026-12-26 21:00:00,2026-12-26 16:30:00,2026-12-26 23:30:00,America/Denver,false,true,publish,https://fac.coloradocollege.edu/event/irving-berlins-white-christmas/2026-12-26/1/,https://fac.coloradocollege.edu/theatre-events/irving-berlins-white-christmas/,,,"{""currency_symbol"":""$"",""currency_code"":""USD"",""currency_position"":""prefix"",""values"":[]}","[{""id"":1228,""name"":""Theatre"",""slug"":""theatre"",""parent"":1252}]",[],"{""id"":8439,""global_id"":""fac.coloradocollege.edu?id=8439"",""venue"":""Fine Arts Center"",""address"":""30 W. Dale St."",""city"":""Colorado Springs"",""country"":""United States"",""state"":""CO"",""zip"":""80903"",""phone"":""(719) 634-5581"",""url"":""https://fac.coloradocollege.edu/venue/fine-arts-center/"",""show_map"":true,""show_map_link"":true}",[],,,"{""url"":""https://fac.coloradocollege.edu/wp-content/uploads/2026/03/WhiteChristmas_500x500_Website.png"",""id"":44921,""extension"":""png"",""width"":500,""height"":500}",[],false,false,,,2026-05-27 10:53:30,2026-05-27 16:53:30,true,true,,,
2026-09-30T17:11:03Z,csfineartscenter.org,https://fac.coloradocollege.edu/wp-json/tribe/events/v1/events,1,10005641,fac.coloradocollege.edu?id=10005641,Irving Berlin&#8217;s White Christmas,2026-12-26 19:30:00,2026-12-27 02:30:00,2026-12-26 22:00:00,2026-12-27 05:00:00,America/Denver,false,true,publish,https://fac.coloradocollege.edu/event/irving-berlins-white-christmas/2026-12-26/2/,https://fac.coloradocollege.edu/theatre-events/irving-berlins-white-christmas/,,,"{""currency_symbol"":""$"",""currency_code"":""USD"",""currency_position"":""prefix"",""values"":[]}","[{""id"":1228,""name"":""Theatre"",""slug"":""theatre"",""parent"":1252}]",[],"{""id"":8439,""global_id"":""fac.coloradocollege.edu?id=8439"",""venue"":""Fine Arts Center"",""address"":""30 W. Dale St."",""city"":""Colorado Springs"",""country"":""United States"",""state"":""CO"",""zip"":""80903"",""phone"":""(719) 634-5581"",""url"":""https://fac.coloradocollege.edu/venue/fine-arts-center/"",""show_map"":true,""show_map_link"":true}",[],,,"{""url"":""https://fac.coloradocollege.edu/wp-content/uploads/2026/03/WhiteChristmas_500x500_Website.png"",""id"":44921,""extension"":""png"",""width"":500,""height"":500}",[],false,false,,,2026-05-27 10:53:30,2026-05-27 16:53:30,true,true,,,
2026-09-30T17:11:03Z,csfineartscenter.org,https://fac.coloradocollege.edu/wp-json/tribe/events/v1/events,1,10005642,fac.coloradocollege.edu?id=10005642,Irving Berlin&#8217;s White Christmas,2026-12-27 14:00:00,2026-12-27 21:00:00,2026-12-27 16:30:00,2026-12-27 23:30:00,America/Denver,false,true,publish,https://fac.coloradocollege.edu/event/irving-berlins-white-christmas/2026-12-27/,https://fac.coloradocollege.edu/theatre-events/irving-berlins-white-christmas/,,,"{""currency_symbol"":""$"",""currency_code"":""USD"",""currency_position"":""prefix"",""values"":[]}","[{""id"":1228,""name"":""Theatre"",""slug"":""theatre"",""parent"":1252}]",[],"{""id"":8439,""global_id"":""fac.coloradocollege.edu?id=8439"",""venue"":""Fine Arts Center"",""address"":""30 W. Dale St."",""city"":""Colorado Springs"",""country"":""United States"",""state"":""CO"",""zip"":""80903"",""phone"":""(719) 634-5581"",""url"":""https://fac.coloradocollege.edu/venue/fine-arts-center/"",""show_map"":true,""show_map_link"":true}",[],,,"{""url"":""https://fac.coloradocollege.edu/wp-content/uploads/2026/03/WhiteChristmas_500x500_Website.png"",""id"":44921,""extension"":""png"",""width"":500,""height"":500}",[],false,false,,,2026-05-27 10:53:30,2026-05-27 16:53:30,true,true,,,
2026-09-30T17:11:03Z,ribandchophouse.com,https://ribandchophouse.com/wp-json/tribe/events/v1/events,1,5022,ribandchophouse.com?id=5022,Air Force Hockey Radio Show,2026-12-29 18:00:00,2026-12-30 01:00:00,2026-12-29 19:00:00,2026-12-30 02:00:00,UTC-7,false,false,publish,https://ribandchophouse.com/event/air-force-hockey-radio-show-29/,,,,"{""currency_symbol"":""$"",""currency_code"":""USD"",""currency_position"":""prefix"",""values"":[]}",[],[],"{""id"":2567,""global_id"":""ribandchophouse.com?id=2567"",""venue"":""Colorado&#8217;s Rib &#038; Chop House"",""address"":""5935 Dublin Blvd Suite 190"",""city"":""Colorado Springs"",""province"":""CO"",""zip"":""80923"",""url"":""https://ribandchophouse.com/venue/colorados-rib-chop-house/"",""show_map"":true,""show_map_link"":true}",[],"Join Air Force Hockey Coach Frank Serratore every week to get in-depth analysis and insight into the team, hosted at Colorado’s Rib & Chop House!",,false,,false,,,,2026-09-01 17:27:14,2026-09-01 17:27:14,true,true,,,
2026-09-30T17:11:03Z,ribandchophouse.com,https://ribandchophouse.com/wp-json/tribe/events/v1/events,1,5024,ribandchophouse.com?id=5024,Air Force Hockey Radio Show,2027-01-05 18:00:00,2027-01-06 01:00:00,2027-01-05 19:00:00,2027-01-06 02:00:00,UTC-7,false,false,publish,https://ribandchophouse.com/event/air-force-hockey-radio-show-30/,,,,"{""currency_symbol"":""$"",""currency_code"":""USD"",""currency_position"":""prefix"",""values"":[]}",[],[],"{""id"":2567,""global_id"":""ribandchophouse.com?id=2567"",""venue"":""Colorado&#8217;s Rib &#038; Chop House"",""address"":""5935 Dublin Blvd Suite 190"",""city"":""Colorado Springs"",""province"":""CO"",""zip"":""80923"",""url"":""https://ribandchophouse.com/venue/colorados-rib-chop-house/"",""show_map"":true,""show_map_link"":true}",[],"Join Air Force Hockey Coach Frank Serratore every week to get in-depth analysis and insight into the team, hosted at Colorado’s Rib & Chop House!",,false,,false,,,,2026-09-01 17:27:37,2026-09-01 17:27:37,true,true,,,
2026-09-30T17:11:03Z,ribandchophouse.com,https://ribandchophouse.com/wp-json/tribe/events/v1/events,1,5026,ribandchophouse.com?id=5026,Air Force Hockey Radio Show,2027-01-12 18:00:00,2027-01-13 01:00:00,2027-01-12 19:00:00,2027-01-13 02:00:00,UTC-7,false,false,publish,https://ribandchophouse.com/event/air-force-hockey-radio-show-31/,,,,"{""currency_symbol"":""$"",""currency_code"":""USD"",""currency_position"":""prefix"",""values"":[]}",[],[],"{""id"":2567,""global_id"":""ribandchophouse.com?id=2567"",""venue"":""Colorado&#8217;s Rib &#038; Chop House"",""address"":""5935 Dublin Blvd Suite 190"",""city"":""Colorado Springs"",""province"":""CO"",""zip"":""80923"",""url"":""https://ribandchophouse.com/venue/colorados-rib-chop-house/"",""show_map"":true,""show_map_link"":true}",[],"Join Air Force Hockey Coach Frank Serratore every week to get in-depth analysis and insight into the team, hosted at Colorado’s Rib & Chop House!",,false,,false,,,,2026-09-01 17:28:01,2026-09-01 17:28:01,true,true,,,
2026-09-30T17:11:03Z,csfineartscenter.org,https://fac.coloradocollege.edu/wp-json/tribe/events/v1/events,2,46086,fac.coloradocollege.edu?id=46086,Member Moments: Hands-on Van Briggle Clay Sculpture,2027-01-14 17:00:00,2027-01-15 00:00:00,2027-01-14 18:30:00,2027-01-15 01:30:00,America/Denver,false,true,publish,https://fac.coloradocollege.edu/event/member-moments-van-briggle-sculpture/,,,,"{""currency_symbol"":""$"",""currency_code"":""USD"",""currency_position"":""prefix"",""values"":[]}","[{""id"":1232,""name"":""Art School"",""slug"":""art-school"",""parent"":1252},{""id"":1277,""name"":""Member Moments"",""slug"":""member-moments"",""parent"":1252},{""id"":1278,""name"":""Members"",""slug"":""members"",""parent"":1252}]",[],"{""id"":8439,""global_id"":""fac.coloradocollege.edu?id=8439"",""venue"":""Fine Arts Center"",""address"":""30 W. Dale St."",""city"":""Colorado Springs"",""country"":""United States"",""state"":""CO"",""zip"":""80903"",""phone"":""(719) 634-5581"",""url"":""https://fac.coloradocollege.edu/venue/fine-arts-center/"",""show_map"":true,""show_map_link"":true}",[],"Join this first-of-its-kind mini-workshop and get creatively handsy with a selection of the Fine Arts Center’s Van Briggle pottery molds. Using portions of different molds, each student will create a small, unique clay sculpture, completely textured in authentic Van Briggle surfaces. No clay experience required, all skill levels welcome. Supplies will be provided. This series of workshops designed exclusively for our members to experience all the Fine Arts Center has to offer! Member Moments art classes allow our members to get a taste of various art media before diving into a full art class at Bemis School of Art. Whether you’re a beginner or have some experience, we invite you to discover new skills, express your creativity, and connect with fellow art enthusiasts. Instructor: Jeremiah Houck Level A—All levels welcome Register (opens Nov. 4, 2026) This is a members-only event. Not a member? Join today!",,"{""url"":""https://fac.coloradocollege.edu/wp-content/uploads/2026/09/Van-Bribble-molds.jpg"",""id"":46087,""extension"":""jpg"",""width"":500,""height"":500}",[],false,false,,,2026-09-25 08:36:57,2026-09-25 14:36:57,true,true,,,
2026-09-30T17:11:03Z,ribandchophouse.com,https://ribandchophouse.com/wp-json/tribe/events/v1/events,1,5030,ribandchophouse.com?id=5030,Air Force Hockey Radio Show,2027-01-19 18:00:00,2027-01-20 01:00:00,2027-01-19 19:00:00,2027-01-20 02:00:00,UTC-7,false,false,publish,https://ribandchophouse.com/event/air-force-hockey-radio-show-33/,,,,"{""currency_symbol"":""$"",""currency_code"":""USD"",""currency_position"":""prefix"",""values"":[]}",[],[],"{""id"":2567,""global_id"":""ribandchophouse.com?id=2567"",""venue"":""Colorado&#8217;s Rib &#038; Chop House"",""address"":""5935 Dublin Blvd Suite 190"",""city"":""Colorado Springs"",""province"":""CO"",""zip"":""80923"",""url"":""https://ribandchophouse.com/venue/colorados-rib-chop-house/"",""show_map"":true,""show_map_link"":true}",[],"Join Air Force Hockey Coach Frank Serratore every week to get in-depth analysis and insight into the team, hosted at Colorado’s Rib & Chop House!",,false,,false,,,,2026-09-01 17:30:48,2026-09-01 17:30:48,true,true,,,
2026-09-30T17:11:03Z,csfineartscenter.org,https://fac.coloradocollege.edu/wp-json/tribe/events/v1/events,2,46071,fac.coloradocollege.edu?id=46071,Backpacks &#038; Bites,2027-01-23 10:00:00,2027-01-23 17:00:00,2027-01-23 17:00:00,2027-01-24 00:00:00,America/Denver,false,true,publish,https://fac.coloradocollege.edu/event/backpacks-bites-10/,,,,"{""currency_symbol"":""$"",""currency_code"":""USD"",""currency_position"":""prefix"",""values"":[]}","[{""id"":1287,""name"":""Backpacks &amp; Bites"",""slug"":""backpacks-bites"",""parent"":1252},{""id"":1277,""name"":""Member Moments"",""slug"":""member-moments"",""parent"":1252},{""id"":1278,""name"":""Members"",""slug"":""members"",""parent"":1252},{""id"":1286,""name"":""Upcoming Member-Only"",""slug"":""upcoming-member-only"",""parent"":1252}]",[],"{""id"":8439,""global_id"":""fac.coloradocollege.edu?id=8439"",""venue"":""Fine Arts Center"",""address"":""30 W. Dale St."",""city"":""Colorado Springs"",""country"":""United States"",""state"":""CO"",""zip"":""80903"",""phone"":""(719) 634-5581"",""url"":""https://fac.coloradocollege.edu/venue/fine-arts-center/"",""show_map"":true,""show_map_link"":true}",[],"Members: Make your backpack visit extra special with a creative outing the whole family will love! On select days, when you use the Family Activity Backpack, you can pick up a free snack pack for the kids to enjoy before or after. Cozy up with your little ones in the Garden Lounge and explore our collection of art-themed children’s books. Snack, craft, and relax together. RSVPs are required. RSVP This is a members-only event. Not a member? Join today!",,"{""url"":""https://fac.coloradocollege.edu/wp-content/uploads/2025/05/Backpacks-and-bites_500.jpg"",""id"":43570,""extension"":""jpg"",""width"":500,""height"":500}",[],false,false,,,2026-09-23 09:36:28,2026-09-23 15:36:28,true,true,,,
2026-09-30T17:11:03Z,ribandchophouse.com,https://ribandchophouse.com/wp-json/tribe/events/v1/events,1,5032,ribandchophouse.com?id=5032,Air Force Hockey Radio Show,2027-01-26 18:00:00,2027-01-27 01:00:00,2027-01-26 19:00:00,2027-01-27 02:00:00,UTC-7,false,false,publish,https://ribandchophouse.com/event/air-force-hockey-radio-show-34/,,,,"{""currency_symbol"":""$"",""currency_code"":""USD"",""currency_position"":""prefix"",""values"":[]}",[],[],"{""id"":2567,""global_id"":""ribandchophouse.com?id=2567"",""venue"":""Colorado&#8217;s Rib &#038; Chop House"",""address"":""5935 Dublin Blvd Suite 190"",""city"":""Colorado Springs"",""province"":""CO"",""zip"":""80923"",""url"":""https://ribandchophouse.com/venue/colorados-rib-chop-house/"",""show_map"":true,""show_map_link"":true}",[],"Join Air Force Hockey Coach Frank Serratore every week to get in-depth analysis and insight into the team, hosted at Colorado’s Rib & Chop House!",,false,,false,,,,2026-09-01 17:31:04,2026-09-01 17:31:04,true,true,,,
2026-09-30T17:11:03Z,ribandchophouse.com,https://ribandchophouse.com/wp-json/tribe/events/v1/events,1,5034,ribandchophouse.com?id=5034,Air Force Hockey Radio Show,2027-02-02 18:00:00,2027-02-03 01:00:00,2027-02-02 19:00:00,2027-02-03 02:00:00,UTC-7,false,false,publish,https://ribandchophouse.com/event/air-force-hockey-radio-show-35/,,,,"{""currency_symbol"":""$"",""currency_code"":""USD"",""currency_position"":""prefix"",""values"":[]}",[],[],"{""id"":2567,""global_id"":""ribandchophouse.com?id=2567"",""venue"":""Colorado&#8217;s Rib &#038; Chop House"",""address"":""5935 Dublin Blvd Suite 190"",""city"":""Colorado Springs"",""province"":""CO"",""zip"":""80923"",""url"":""https://ribandchophouse.com/venue/colorados-rib-chop-house/"",""show_map"":true,""show_map_link"":true}",[],"Join Air Force Hockey Coach Frank Serratore every week to get in-depth analysis and insight into the team, hosted at Colorado’s Rib & Chop House!",,false,,false,,,,2026-09-01 17:31:24,2026-09-01 17:31:24,true,true,,,
2026-09-30T17:11:03Z,ribandchophouse.com,https://ribandchophouse.com/wp-json/tribe/events/v1/events,1,5036,ribandchophouse.com?id=5036,Air Force Hockey Radio Show,2027-02-09 18:00:00,2027-02-10 01:00:00,2027-02-09 19:00:00,2027-02-10 02:00:00,UTC-7,false,false,publish,https://ribandchophouse.com/event/air-force-hockey-radio-show-36/,,,,"{""currency_symbol"":""$"",""currency_code"":""USD"",""currency_position"":""prefix"",""values"":[]}",[],[],"{""id"":2567,""global_id"":""ribandchophouse.com?id=2567"",""venue"":""Colorado&#8217;s Rib &#038; Chop House"",""address"":""5935 Dublin Blvd Suite 190"",""city"":""Colorado Springs"",""province"":""CO"",""zip"":""80923"",""url"":""https://ribandchophouse.com/venue/colorados-rib-chop-house/"",""show_map"":true,""show_map_link"":true}",[],"Join Air Force Hockey Coach Frank Serratore every week to get in-depth analysis and insight into the team, hosted at Colorado’s Rib & Chop House!",,false,,false,,,,2026-09-01 17:31:44,2026-09-01 17:31:44,true,true,,,
2026-09-30T17:11:03Z,csfineartscenter.org,https://fac.coloradocollege.edu/wp-json/tribe/events/v1/events,2,10005669,fac.coloradocollege.edu?id=10005669,Grounded,2027-02-11 19:00:00,2027-02-12 02:00:00,2027-02-11 20:30:00,2027-02-12 03:30:00,America/Denver,false,true,publish,https://fac.coloradocollege.edu/event/grounded/2027-02-11/,https://fac.coloradocollege.edu/theatre-events/grounded/,,,"{""currency_symbol"":""$"",""currency_code"":""USD"",""currency_position"":""prefix"",""values"":[]}","[{""id"":1228,""name"":""Theatre"",""slug"":""theatre"",""parent"":1252}]",[],"{""id"":8439,""global_id"":""fac.coloradocollege.edu?id=8439"",""venue"":""Fine Arts Center"",""address"":""30 W. Dale St."",""city"":""Colorado Springs"",""country"":""United States"",""state"":""CO"",""zip"":""80903"",""phone"":""(719) 634-5581"",""url"":""https://fac.coloradocollege.edu/venue/fine-arts-center/"",""show_map"":true,""show_map_link"":true}",[],,,"{""url"":""https://fac.coloradocollege.edu/wp-content/uploads/2026/03/Grounded_500x500_Website.png"",""id"":44924,""extension"":""png"",""width"":500,""height"":500}",[],false,false,,,2026-05-27 11:15:58,2026-05-27 17:15:58,true,true,,,
2026-09-30T17:11:03Z,csfineartscenter.org,https://fac.coloradocollege.edu/wp-json/tribe/events/v1/events,2,10005670,fac.coloradocollege.edu?id=10005670,Grounded,2027-02-12 19:00:00,2027-02-13 02:00:00,2027-02-12 20:30:00,2027-02-13 03:30:00,America/Denver,false,true,publish,https://fac.coloradocollege.edu/event/grounded/2027-02-12/,https://fac.coloradocollege.edu/theatre-events/grounded/,,,"{""currency_symbol"":""$"",""currency_code"":""USD"",""currency_position"":""prefix"",""values"":[]}","[{""id"":1228,""name"":""Theatre"",""slug"":""theatre"",""parent"":1252}]",[],"{""id"":8439,""global_id"":""fac.coloradocollege.edu?id=8439"",""venue"":""Fine Arts Center"",""address"":""30 W. Dale St."",""city"":""Colorado Springs"",""country"":""United States"",""state"":""CO"",""zip"":""80903"",""phone"":""(719) 634-5581"",""url"":""https://fac.coloradocollege.edu/venue/fine-arts-center/"",""show_map"":true,""show_map_link"":true}",[],,,"{""url"":""https://fac.coloradocollege.edu/wp-content/uploads/2026/03/Grounded_500x500_Website.png"",""id"":44924,""extension"":""png"",""width"":500,""height"":500}",[],false,false,,,2026-05-27 11:15:58,2026-05-27 17:15:58,true,true,,,
2026-09-30T17:11:03Z,csfineartscenter.org,https://fac.coloradocollege.edu/wp-json/tribe/events/v1/events,2,10005671,fac.coloradocollege.edu?id=10005671,Grounded,2027-02-13 14:00:00,2027-02-13 21:00:00,2027-02-13 15:30:00,2027-02-13 22:30:00,America/Denver,false,true,publish,https://fac.coloradocollege.edu/event/grounded/2027-02-13/1/,https://fac.coloradocollege.edu/theatre-events/grounded/,,,"{""currency_symbol"":""$"",""currency_code"":""USD"",""currency_position"":""prefix"",""values"":[]}","[{""id"":1228,""name"":""Theatre"",""slug"":""theatre"",""parent"":1252}]",[],"{""id"":8439,""global_id"":""fac.coloradocollege.edu?id=8439"",""venue"":""Fine Arts Center"",""address"":""30 W. Dale St."",""city"":""Colorado Springs"",""country"":""United States"",""state"":""CO"",""zip"":""80903"",""phone"":""(719) 634-5581"",""url"":""https://fac.coloradocollege.edu/venue/fine-arts-center/"",""show_map"":true,""show_map_link"":true}",[],,,"{""url"":""https://fac.coloradocollege.edu/wp-content/uploads/2026/03/Grounded_500x500_Website.png"",""id"":44924,""extension"":""png"",""width"":500,""height"":500}",[],false,false,,,2026-05-27 11:15:58,2026-05-27 17:15:58,true,true,,,
2026-09-30T17:11:03Z,csfineartscenter.org,https://fac.coloradocollege.edu/wp-json/tribe/events/v1/events,2,10005672,fac.coloradocollege.edu?id=10005672,Grounded,2027-02-13 19:30:00,2027-02-14 02:30:00,2027-02-13 21:00:00,2027-02-14 04:00:00,America/Denver,false,true,publish,https://fac.coloradocollege.edu/event/grounded/2027-02-13/2/,https://fac.coloradocollege.edu/theatre-events/grounded/,,,"{""currency_symbol"":""$"",""currency_code"":""USD"",""currency_position"":""prefix"",""values"":[]}","[{""id"":1228,""name"":""Theatre"",""slug"":""theatre"",""parent"":1252}]",[],"{""id"":8439,""global_id"":""fac.coloradocollege.edu?id=8439"",""venue"":""Fine Arts Center"",""address"":""30 W. Dale St."",""city"":""Colorado Springs"",""country"":""United States"",""state"":""CO"",""zip"":""80903"",""phone"":""(719) 634-5581"",""url"":""https://fac.coloradocollege.edu/venue/fine-arts-center/"",""show_map"":true,""show_map_link"":true}",[],,,"{""url"":""https://fac.coloradocollege.edu/wp-content/uploads/2026/03/Grounded_500x500_Website.png"",""id"":44924,""extension"":""png"",""width"":500,""height"":500}",[],false,false,,,2026-05-27 11:15:58,2026-05-27 17:15:58,true,true,,,
2026-09-30T17:11:03Z,csfineartscenter.org,https://fac.coloradocollege.edu/wp-json/tribe/events/v1/events,2,10005673,fac.coloradocollege.edu?id=10005673,Grounded,2027-02-14 14:00:00,2027-02-14 21:00:00,2027-02-14 15:30:00,2027-02-14 22:30:00,America/Denver,false,true,publish,https://fac.coloradocollege.edu/event/grounded/2027-02-14/,https://fac.coloradocollege.edu/theatre-events/grounded/,,,"{""currency_symbol"":""$"",""currency_code"":""USD"",""currency_position"":""prefix"",""values"":[]}","[{""id"":1228,""name"":""Theatre"",""slug"":""theatre"",""parent"":1252}]",[],"{""id"":8439,""global_id"":""fac.coloradocollege.edu?id=8439"",""venue"":""Fine Arts Center"",""address"":""30 W. Dale St."",""city"":""Colorado Springs"",""country"":""United States"",""state"":""CO"",""zip"":""80903"",""phone"":""(719) 634-5581"",""url"":""https://fac.coloradocollege.edu/venue/fine-arts-center/"",""show_map"":true,""show_map_link"":true}",[],,,"{""url"":""https://fac.coloradocollege.edu/wp-content/uploads/2026/03/Grounded_500x500_Website.png"",""id"":44924,""extension"":""png"",""width"":500,""height"":500}",[],false,false,,,2026-05-27 11:15:58,2026-05-27 17:15:58,true,true,,,
2026-09-30T17:11:03Z,ribandchophouse.com,https://ribandchophouse.com/wp-json/tribe/events/v1/events,1,5038,ribandchophouse.com?id=5038,Air Force Hockey Radio Show,2027-02-16 18:00:00,2027-02-17 01:00:00,2027-02-16 19:00:00,2027-02-17 02:00:00,UTC-7,false,false,publish,https://ribandchophouse.com/event/air-force-hockey-radio-show-37/,,,,"{""currency_symbol"":""$"",""currency_code"":""USD"",""currency_position"":""prefix"",""values"":[]}",[],[],"{""id"":2567,""global_id"":""ribandchophouse.com?id=2567"",""venue"":""Colorado&#8217;s Rib &#038; Chop House"",""address"":""5935 Dublin Blvd Suite 190"",""city"":""Colorado Springs"",""province"":""CO"",""zip"":""80923"",""url"":""https://ribandchophouse.com/venue/colorados-rib-chop-house/"",""show_map"":true,""show_map_link"":true}",[],"Join Air Force Hockey Coach Frank Serratore every week to get in-depth analysis and insight into the team, hosted at Colorado’s Rib & Chop House!",,false,,false,,,,2026-09-01 17:32:07,2026-09-01 17:32:07,true,true,,,
2026-09-30T17:11:03Z,csfineartscenter.org,https://fac.coloradocollege.edu/wp-json/tribe/events/v1/events,2,10005674,fac.coloradocollege.edu?id=10005674,Grounded,2027-02-18 19:00:00,2027-02-19 02:00:00,2027-02-18 20:30:00,2027-02-19 03:30:00,America/Denver,false,true,publish,https://fac.coloradocollege.edu/event/grounded/2027-02-18/,https://fac.coloradocollege.edu/theatre-events/grounded/,,,"{""currency_symbol"":""$"",""currency_code"":""USD"",""currency_position"":""prefix"",""values"":[]}","[{""id"":1228,""name"":""Theatre"",""slug"":""theatre"",""parent"":1252}]",[],"{""id"":8439,""global_id"":""fac.coloradocollege.edu?id=8439"",""venue"":""Fine Arts Center"",""address"":""30 W. Dale St."",""city"":""Colorado Springs"",""country"":""United States"",""state"":""CO"",""zip"":""80903"",""phone"":""(719) 634-5581"",""url"":""https://fac.coloradocollege.edu/venue/fine-arts-center/"",""show_map"":true,""show_map_link"":true}",[],,,"{""url"":""https://fac.coloradocollege.edu/wp-content/uploads/2026/03/Grounded_500x500_Website.png"",""id"":44924,""extension"":""png"",""width"":500,""height"":500}",[],false,false,,,2026-05-27 11:15:58,2026-05-27 17:15:58,true,true,,,
2026-09-30T17:11:03Z,csfineartscenter.org,https://fac.coloradocollege.edu/wp-json/tribe/events/v1/events,2,10005675,fac.coloradocollege.edu?id=10005675,Grounded,2027-02-19 19:00:00,2027-02-20 02:00:00,2027-02-19 20:30:00,2027-02-20 03:30:00,America/Denver,false,true,publish,https://fac.coloradocollege.edu/event/grounded/2027-02-19/,https://fac.coloradocollege.edu/theatre-events/grounded/,,,"{""currency_symbol"":""$"",""currency_code"":""USD"",""currency_position"":""prefix"",""values"":[]}","[{""id"":1228,""name"":""Theatre"",""slug"":""theatre"",""parent"":1252}]",[],"{""id"":8439,""global_id"":""fac.coloradocollege.edu?id=8439"",""venue"":""Fine Arts Center"",""address"":""30 W. Dale St."",""city"":""Colorado Springs"",""country"":""United States"",""state"":""CO"",""zip"":""80903"",""phone"":""(719) 634-5581"",""url"":""https://fac.coloradocollege.edu/venue/fine-arts-center/"",""show_map"":true,""show_map_link"":true}",[],,,"{""url"":""https://fac.coloradocollege.edu/wp-content/uploads/2026/03/Grounded_500x500_Website.png"",""id"":44924,""extension"":""png"",""width"":500,""height"":500}",[],false,false,,,2026-05-27 11:15:58,2026-05-27 17:15:58,true,true,,,
2026-09-30T17:11:03Z,csfineartscenter.org,https://fac.coloradocollege.edu/wp-json/tribe/events/v1/events,2,10005676,fac.coloradocollege.edu?id=10005676,Grounded,2027-02-20 14:00:00,2027-02-20 21:00:00,2027-02-20 15:30:00,2027-02-20 22:30:00,America/Denver,false,true,publish,https://fac.coloradocollege.edu/event/grounded/2027-02-20/1/,https://fac.coloradocollege.edu/theatre-events/grounded/,,,"{""currency_symbol"":""$"",""currency_code"":""USD"",""currency_position"":""prefix"",""values"":[]}","[{""id"":1228,""name"":""Theatre"",""slug"":""theatre"",""parent"":1252}]",[],"{""id"":8439,""global_id"":""fac.coloradocollege.edu?id=8439"",""venue"":""Fine Arts Center"",""address"":""30 W. Dale St."",""city"":""Colorado Springs"",""country"":""United States"",""state"":""CO"",""zip"":""80903"",""phone"":""(719) 634-5581"",""url"":""https://fac.coloradocollege.edu/venue/fine-arts-center/"",""show_map"":true,""show_map_link"":true}",[],,,"{""url"":""https://fac.coloradocollege.edu/wp-content/uploads/2026/03/Grounded_500x500_Website.png"",""id"":44924,""extension"":""png"",""width"":500,""height"":500}",[],false,false,,,2026-05-27 11:15:58,2026-05-27 17:15:58,true,true,,,
2026-09-30T17:11:03Z,csfineartscenter.org,https://fac.coloradocollege.edu/wp-json/tribe/events/v1/events,2,10005677,fac.coloradocollege.edu?id=10005677,Grounded,2027-02-20 19:30:00,2027-02-21 02:30:00,2027-02-20 21:00:00,2027-02-21 04:00:00,America/Denver,false,true,publish,https://fac.coloradocollege.edu/event/grounded/2027-02-20/2/,https://fac.coloradocollege.edu/theatre-events/grounded/,,,"{""currency_symbol"":""$"",""currency_code"":""USD"",""currency_position"":""prefix"",""values"":[]}","[{""id"":1228,""name"":""Theatre"",""slug"":""theatre"",""parent"":1252}]",[],"{""id"":8439,""global_id"":""fac.coloradocollege.edu?id=8439"",""venue"":""Fine Arts Center"",""address"":""30 W. Dale St."",""city"":""Colorado Springs"",""country"":""United States"",""state"":""CO"",""zip"":""80903"",""phone"":""(719) 634-5581"",""url"":""https://fac.coloradocollege.edu/venue/fine-arts-center/"",""show_map"":true,""show_map_link"":true}",[],,,"{""url"":""https://fac.coloradocollege.edu/wp-content/uploads/2026/03/Grounded_500x500_Website.png"",""id"":44924,""extension"":""png"",""width"":500,""height"":500}",[],false,false,,,2026-05-27 11:15:58,2026-05-27 17:15:58,true,true,,,
2026-09-30T17:11:03Z,csfineartscenter.org,https://fac.coloradocollege.edu/wp-json/tribe/events/v1/events,2,10005678,fac.coloradocollege.edu?id=10005678,Grounded,2027-02-21 14:00:00,2027-02-21 21:00:00,2027-02-21 15:30:00,2027-02-21 22:30:00,America/Denver,false,true,publish,https://fac.coloradocollege.edu/event/grounded/2027-02-21/,https://fac.coloradocollege.edu/theatre-events/grounded/,,,"{""currency_symbol"":""$"",""currency_code"":""USD"",""currency_position"":""prefix"",""values"":[]}","[{""id"":1228,""name"":""Theatre"",""slug"":""theatre"",""parent"":1252}]",[],"{""id"":8439,""global_id"":""fac.coloradocollege.edu?id=8439"",""venue"":""Fine Arts Center"",""address"":""30 W. Dale St."",""city"":""Colorado Springs"",""country"":""United States"",""state"":""CO"",""zip"":""80903"",""phone"":""(719) 634-5581"",""url"":""https://fac.coloradocollege.edu/venue/fine-arts-center/"",""show_map"":true,""show_map_link"":true}",[],,,"{""url"":""https://fac.coloradocollege.edu/wp-content/uploads/2026/03/Grounded_500x500_Website.png"",""id"":44924,""extension"":""png"",""width"":500,""height"":500}",[],false,false,,,2026-05-27 11:15:58,2026-05-27 17:15:58,true,true,,,
2026-09-30T17:11:03Z,ribandchophouse.com,https://ribandchophouse.com/wp-json/tribe/events/v1/events,1,5040,ribandchophouse.com?id=5040,Air Force Hockey Radio Show,2027-02-23 18:00:00,2027-02-24 01:00:00,2027-02-23 19:00:00,2027-02-24 02:00:00,UTC-7,false,false,publish,https://ribandchophouse.com/event/air-force-hockey-radio-show-38/,,,,"{""currency_symbol"":""$"",""currency_code"":""USD"",""currency_position"":""prefix"",""values"":[]}",[],[],"{""id"":2567,""global_id"":""ribandchophouse.com?id=2567"",""venue"":""Colorado&#8217;s Rib &#038; Chop House"",""address"":""5935 Dublin Blvd Suite 190"",""city"":""Colorado Springs"",""province"":""CO"",""zip"":""80923"",""url"":""https://ribandchophouse.com/venue/colorados-rib-chop-house/"",""show_map"":true,""show_map_link"":true}",[],"Join Air Force Hockey Coach Frank Serratore every week to get in-depth analysis and insight into the team, hosted at Colorado’s Rib & Chop House!",,false,,false,,,,2026-09-01 17:32:30,2026-09-01 17:32:30,true,true,,,
2026-09-30T17:11:03Z,csfineartscenter.org,https://fac.coloradocollege.edu/wp-json/tribe/events/v1/events,2,10005679,fac.coloradocollege.edu?id=10005679,Grounded,2027-02-25 19:00:00,2027-02-26 02:00:00,2027-02-25 20:30:00,2027-02-26 03:30:00,America/Denver,false,true,publish,https://fac.coloradocollege.edu/event/grounded/2027-02-25/,https://fac.coloradocollege.edu/theatre-events/grounded/,,,"{""currency_symbol"":""$"",""currency_code"":""USD"",""currency_position"":""prefix"",""values"":[]}","[{""id"":1228,""name"":""Theatre"",""slug"":""theatre"",""parent"":1252}]",[],"{""id"":8439,""global_id"":""fac.coloradocollege.edu?id=8439"",""venue"":""Fine Arts Center"",""address"":""30 W. Dale St."",""city"":""Colorado Springs"",""country"":""United States"",""state"":""CO"",""zip"":""80903"",""phone"":""(719) 634-5581"",""url"":""https://fac.coloradocollege.edu/venue/fine-arts-center/"",""show_map"":true,""show_map_link"":true}",[],,,"{""url"":""https://fac.coloradocollege.edu/wp-content/uploads/2026/03/Grounded_500x500_Website.png"",""id"":44924,""extension"":""png"",""width"":500,""height"":500}",[],false,false,,,2026-05-27 11:15:58,2026-05-27 17:15:58,true,true,,,
2026-09-30T17:11:03Z,csfineartscenter.org,https://fac.coloradocollege.edu/wp-json/tribe/events/v1/events,2,10005680,fac.coloradocollege.edu?id=10005680,Grounded,2027-02-26 19:00:00,2027-02-27 02:00:00,2027-02-26 20:30:00,2027-02-27 03:30:00,America/Denver,false,true,publish,https://fac.coloradocollege.edu/event/grounded/2027-02-26/,https://fac.coloradocollege.edu/theatre-events/grounded/,,,"{""currency_symbol"":""$"",""currency_code"":""USD"",""currency_position"":""prefix"",""values"":[]}","[{""id"":1228,""name"":""Theatre"",""slug"":""theatre"",""parent"":1252}]",[],"{""id"":8439,""global_id"":""fac.coloradocollege.edu?id=8439"",""venue"":""Fine Arts Center"",""address"":""30 W. Dale St."",""city"":""Colorado Springs"",""country"":""United States"",""state"":""CO"",""zip"":""80903"",""phone"":""(719) 634-5581"",""url"":""https://fac.coloradocollege.edu/venue/fine-arts-center/"",""show_map"":true,""show_map_link"":true}",[],,,"{""url"":""https://fac.coloradocollege.edu/wp-content/uploads/2026/03/Grounded_500x500_Website.png"",""id"":44924,""extension"":""png"",""width"":500,""height"":500}",[],false,false,,,2026-05-27 11:15:58,2026-05-27 17:15:58,true,true,,,
2026-09-30T17:11:03Z,csfineartscenter.org,https://fac.coloradocollege.edu/wp-json/tribe/events/v1/events,2,10005681,fac.coloradocollege.edu?id=10005681,Grounded,2027-02-27 14:00:00,2027-02-27 21:00:00,2027-02-27 15:30:00,2027-02-27 22:30:00,America/Denver,false,true,publish,https://fac.coloradocollege.edu/event/grounded/2027-02-27/1/,https://fac.coloradocollege.edu/theatre-events/grounded/,,,"{""currency_symbol"":""$"",""currency_code"":""USD"",""currency_position"":""prefix"",""values"":[]}","[{""id"":1228,""name"":""Theatre"",""slug"":""theatre"",""parent"":1252}]",[],"{""id"":8439,""global_id"":""fac.coloradocollege.edu?id=8439"",""venue"":""Fine Arts Center"",""address"":""30 W. Dale St."",""city"":""Colorado Springs"",""country"":""United States"",""state"":""CO"",""zip"":""80903"",""phone"":""(719) 634-5581"",""url"":""https://fac.coloradocollege.edu/venue/fine-arts-center/"",""show_map"":true,""show_map_link"":true}",[],,,"{""url"":""https://fac.coloradocollege.edu/wp-content/uploads/2026/03/Grounded_500x500_Website.png"",""id"":44924,""extension"":""png"",""width"":500,""height"":500}",[],false,false,,,2026-05-27 11:15:58,2026-05-27 17:15:58,true,true,,,
2026-09-30T17:11:03Z,csfineartscenter.org,https://fac.coloradocollege.edu/wp-json/tribe/events/v1/events,2,10005682,fac.coloradocollege.edu?id=10005682,Grounded,2027-02-27 19:30:00,2027-02-28 02:30:00,2027-02-27 21:00:00,2027-02-28 04:00:00,America/Denver,false,true,publish,https://fac.coloradocollege.edu/event/grounded/2027-02-27/2/,https://fac.coloradocollege.edu/theatre-events/grounded/,,,"{""currency_symbol"":""$"",""currency_code"":""USD"",""currency_position"":""prefix"",""values"":[]}","[{""id"":1228,""name"":""Theatre"",""slug"":""theatre"",""parent"":1252}]",[],"{""id"":8439,""global_id"":""fac.coloradocollege.edu?id=8439"",""venue"":""Fine Arts Center"",""address"":""30 W. Dale St."",""city"":""Colorado Springs"",""country"":""United States"",""state"":""CO"",""zip"":""80903"",""phone"":""(719) 634-5581"",""url"":""https://fac.coloradocollege.edu/venue/fine-arts-center/"",""show_map"":true,""show_map_link"":true}",[],,,"{""url"":""https://fac.coloradocollege.edu/wp-content/uploads/2026/03/Grounded_500x500_Website.png"",""id"":44924,""extension"":""png"",""width"":500,""height"":500}",[],false,false,,,2026-05-27 11:15:58,2026-05-27 17:15:58,true,true,,,
2026-09-30T17:11:03Z,csfineartscenter.org,https://fac.coloradocollege.edu/wp-json/tribe/events/v1/events,2,10005683,fac.coloradocollege.edu?id=10005683,Grounded,2027-02-28 14:00:00,2027-02-28 21:00:00,2027-02-28 15:30:00,2027-02-28 22:30:00,America/Denver,false,true,publish,https://fac.coloradocollege.edu/event/grounded/2027-02-28/,https://fac.coloradocollege.edu/theatre-events/grounded/,,,"{""currency_symbol"":""$"",""currency_code"":""USD"",""currency_position"":""prefix"",""values"":[]}","[{""id"":1228,""name"":""Theatre"",""slug"":""theatre"",""parent"":1252}]",[],"{""id"":8439,""global_id"":""fac.coloradocollege.edu?id=8439"",""venue"":""Fine Arts Center"",""address"":""30 W. Dale St."",""city"":""Colorado Springs"",""country"":""United States"",""state"":""CO"",""zip"":""80903"",""phone"":""(719) 634-5581"",""url"":""https://fac.coloradocollege.edu/venue/fine-arts-center/"",""show_map"":true,""show_map_link"":true}",[],,,"{""url"":""https://fac.coloradocollege.edu/wp-content/uploads/2026/03/Grounded_500x500_Website.png"",""id"":44924,""extension"":""png"",""width"":500,""height"":500}",[],false,false,,,2026-05-27 11:15:58,2026-05-27 17:15:58,true,true,,,
2026-09-30T17:11:03Z,csfineartscenter.org,https://fac.coloradocollege.edu/wp-json/tribe/events/v1/events,2,10005684,fac.coloradocollege.edu?id=10005684,Grounded,2027-03-04 19:00:00,2027-03-05 02:00:00,2027-03-04 20:30:00,2027-03-05 03:30:00,America/Denver,false,true,publish,https://fac.coloradocollege.edu/event/grounded/2027-03-04/,https://fac.coloradocollege.edu/theatre-events/grounded/,,,"{""currency_symbol"":""$"",""currency_code"":""USD"",""currency_position"":""prefix"",""values"":[]}","[{""id"":1228,""name"":""Theatre"",""slug"":""theatre"",""parent"":1252}]",[],"{""id"":8439,""global_id"":""fac.coloradocollege.edu?id=8439"",""venue"":""Fine Arts Center"",""address"":""30 W. Dale St."",""city"":""Colorado Springs"",""country"":""United States"",""state"":""CO"",""zip"":""80903"",""phone"":""(719) 634-5581"",""url"":""https://fac.coloradocollege.edu/venue/fine-arts-center/"",""show_map"":true,""show_map_link"":true}",[],,,"{""url"":""https://fac.coloradocollege.edu/wp-content/uploads/2026/03/Grounded_500x500_Website.png"",""id"":44924,""extension"":""png"",""width"":500,""height"":500}",[],false,false,,,2026-05-27 11:15:58,2026-05-27 17:15:58,true,true,,,
2026-09-30T17:11:03Z,csfineartscenter.org,https://fac.coloradocollege.edu/wp-json/tribe/events/v1/events,2,10005685,fac.coloradocollege.edu?id=10005685,Grounded,2027-03-05 19:00:00,2027-03-06 02:00:00,2027-03-05 20:30:00,2027-03-06 03:30:00,America/Denver,false,true,publish,https://fac.coloradocollege.edu/event/grounded/2027-03-05/,https://fac.coloradocollege.edu/theatre-events/grounded/,,,"{""currency_symbol"":""$"",""currency_code"":""USD"",""currency_position"":""prefix"",""values"":[]}","[{""id"":1228,""name"":""Theatre"",""slug"":""theatre"",""parent"":1252}]",[],"{""id"":8439,""global_id"":""fac.coloradocollege.edu?id=8439"",""venue"":""Fine Arts Center"",""address"":""30 W. Dale St."",""city"":""Colorado Springs"",""country"":""United States"",""state"":""CO"",""zip"":""80903"",""phone"":""(719) 634-5581"",""url"":""https://fac.coloradocollege.edu/venue/fine-arts-center/"",""show_map"":true,""show_map_link"":true}",[],,,"{""url"":""https://fac.coloradocollege.edu/wp-content/uploads/2026/03/Grounded_500x500_Website.png"",""id"":44924,""extension"":""png"",""width"":500,""height"":500}",[],false,false,,,2026-05-27 11:15:58,2026-05-27 17:15:58,true,true,,,
2026-09-30T17:11:03Z,csfineartscenter.org,https://fac.coloradocollege.edu/wp-json/tribe/events/v1/events,2,10005686,fac.coloradocollege.edu?id=10005686,Grounded,2027-03-06 14:00:00,2027-03-06 21:00:00,2027-03-06 15:30:00,2027-03-06 22:30:00,America/Denver,false,true,publish,https://fac.coloradocollege.edu/event/grounded/2027-03-06/1/,https://fac.coloradocollege.edu/theatre-events/grounded/,,,"{""currency_symbol"":""$"",""currency_code"":""USD"",""currency_position"":""prefix"",""values"":[]}","[{""id"":1228,""name"":""Theatre"",""slug"":""theatre"",""parent"":1252}]",[],"{""id"":8439,""global_id"":""fac.coloradocollege.edu?id=8439"",""venue"":""Fine Arts Center"",""address"":""30 W. Dale St."",""city"":""Colorado Springs"",""country"":""United States"",""state"":""CO"",""zip"":""80903"",""phone"":""(719) 634-5581"",""url"":""https://fac.coloradocollege.edu/venue/fine-arts-center/"",""show_map"":true,""show_map_link"":true}",[],,,"{""url"":""https://fac.coloradocollege.edu/wp-content/uploads/2026/03/Grounded_500x500_Website.png"",""id"":44924,""extension"":""png"",""width"":500,""height"":500}",[],false,false,,,2026-05-27 11:15:58,2026-05-27 17:15:58,true,true,,,
2026-09-30T17:11:03Z,csfineartscenter.org,https://fac.coloradocollege.edu/wp-json/tribe/events/v1/events,2,10005687,fac.coloradocollege.edu?id=10005687,Grounded,2027-03-06 19:30:00,2027-03-07 02:30:00,2027-03-06 21:00:00,2027-03-07 04:00:00,America/Denver,false,true,publish,https://fac.coloradocollege.edu/event/grounded/2027-03-06/2/,https://fac.coloradocollege.edu/theatre-events/grounded/,,,"{""currency_symbol"":""$"",""currency_code"":""USD"",""currency_position"":""prefix"",""values"":[]}","[{""id"":1228,""name"":""Theatre"",""slug"":""theatre"",""parent"":1252}]",[],"{""id"":8439,""global_id"":""fac.coloradocollege.edu?id=8439"",""venue"":""Fine Arts Center"",""address"":""30 W. Dale St."",""city"":""Colorado Springs"",""country"":""United States"",""state"":""CO"",""zip"":""80903"",""phone"":""(719) 634-5581"",""url"":""https://fac.coloradocollege.edu/venue/fine-arts-center/"",""show_map"":true,""show_map_link"":true}",[],,,"{""url"":""https://fac.coloradocollege.edu/wp-content/uploads/2026/03/Grounded_500x500_Website.png"",""id"":44924,""extension"":""png"",""width"":500,""height"":500}",[],false,false,,,2026-05-27 11:15:58,2026-05-27 17:15:58,true,true,,,
2026-09-30T17:11:03Z,csfineartscenter.org,https://fac.coloradocollege.edu/wp-json/tribe/events/v1/events,2,10005688,fac.coloradocollege.edu?id=10005688,Grounded,2027-03-07 14:00:00,2027-03-07 21:00:00,2027-03-07 15:30:00,2027-03-07 22:30:00,America/Denver,false,true,publish,https://fac.coloradocollege.edu/event/grounded/2027-03-07/,https://fac.coloradocollege.edu/theatre-events/grounded/,,,"{""currency_symbol"":""$"",""currency_code"":""USD"",""currency_position"":""prefix"",""values"":[]}","[{""id"":1228,""name"":""Theatre"",""slug"":""theatre"",""parent"":1252}]",[],"{""id"":8439,""global_id"":""fac.coloradocollege.edu?id=8439"",""venue"":""Fine Arts Center"",""address"":""30 W. Dale St."",""city"":""Colorado Springs"",""country"":""United States"",""state"":""CO"",""zip"":""80903"",""phone"":""(719) 634-5581"",""url"":""https://fac.coloradocollege.edu/venue/fine-arts-center/"",""show_map"":true,""show_map_link"":true}",[],,,"{""url"":""https://fac.coloradocollege.edu/wp-content/uploads/2026/03/Grounded_500x500_Website.png"",""id"":44924,""extension"":""png"",""width"":500,""height"":500}",[],false,false,,,2026-05-27 11:15:58,2026-05-27 17:15:58,true,true,,,
2026-09-30T17:11:03Z,csfineartscenter.org,https://fac.coloradocollege.edu/wp-json/tribe/events/v1/events,2,10005746,fac.coloradocollege.edu?id=10005746,INvisible Threads,2027-04-23 19:00:00,2027-04-24 01:00:00,2027-04-23 20:30:00,2027-04-24 02:30:00,America/Denver,false,true,publish,https://fac.coloradocollege.edu/event/invisible-threads/2027-04-23/,https://fac.coloradocollege.edu/theatre-events/invisible-threads-a-weekend-of-dance/,,,"{""currency_symbol"":""$"",""currency_code"":""USD"",""currency_position"":""prefix"",""values"":[]}","[{""id"":1228,""name"":""Theatre"",""slug"":""theatre"",""parent"":1252}]",[],"{""id"":8439,""global_id"":""fac.coloradocollege.edu?id=8439"",""venue"":""Fine Arts Center"",""address"":""30 W. Dale St."",""city"":""Colorado Springs"",""country"":""United States"",""state"":""CO"",""zip"":""80903"",""phone"":""(719) 634-5581"",""url"":""https://fac.coloradocollege.edu/venue/fine-arts-center/"",""show_map"":true,""show_map_link"":true}",[],,,"{""url"":""https://fac.coloradocollege.edu/wp-content/uploads/2026/03/Ormao-Apr-2027-500.jpg"",""id"":44719,""extension"":""jpg"",""width"":500,""height"":500}",[],false,false,,,2026-05-27 13:39:03,2026-05-27 19:39:03,true,true,,,
2026-09-30T17:11:03Z,csfineartscenter.org,https://fac.coloradocollege.edu/wp-json/tribe/events/v1/events,2,10005747,fac.coloradocollege.edu?id=10005747,INvisible Threads,2027-04-24 19:00:00,2027-04-25 01:00:00,2027-04-24 20:30:00,2027-04-25 02:30:00,America/Denver,false,true,publish,https://fac.coloradocollege.edu/event/invisible-threads/2027-04-24/,https://fac.coloradocollege.edu/theatre-events/invisible-threads-a-weekend-of-dance/,,,"{""currency_symbol"":""$"",""currency_code"":""USD"",""currency_position"":""prefix"",""values"":[]}","[{""id"":1228,""name"":""Theatre"",""slug"":""theatre"",""parent"":1252}]",[],"{""id"":8439,""global_id"":""fac.coloradocollege.edu?id=8439"",""venue"":""Fine Arts Center"",""address"":""30 W. Dale St."",""city"":""Colorado Springs"",""country"":""United States"",""state"":""CO"",""zip"":""80903"",""phone"":""(719) 634-5581"",""url"":""https://fac.coloradocollege.edu/venue/fine-arts-center/"",""show_map"":true,""show_map_link"":true}",[],,,"{""url"":""https://fac.coloradocollege.edu/wp-content/uploads/2026/03/Ormao-Apr-2027-500.jpg"",""id"":44719,""extension"":""jpg"",""width"":500,""height"":500}",[],false,false,,,2026-05-27 13:39:03,2026-05-27 19:39:03,true,true,,,
2026-09-30T17:11:03Z,csfineartscenter.org,https://fac.coloradocollege.edu/wp-json/tribe/events/v1/events,2,10005748,fac.coloradocollege.edu?id=10005748,INvisible Threads,2027-04-25 14:00:00,2027-04-25 20:00:00,2027-04-25 15:30:00,2027-04-25 21:30:00,America/Denver,false,true,publish,https://fac.coloradocollege.edu/event/invisible-threads/2027-04-25/,https://fac.coloradocollege.edu/theatre-events/invisible-threads-a-weekend-of-dance/,,,"{""currency_symbol"":""$"",""currency_code"":""USD"",""currency_position"":""prefix"",""values"":[]}","[{""id"":1228,""name"":""Theatre"",""slug"":""theatre"",""parent"":1252}]",[],"{""id"":8439,""global_id"":""fac.coloradocollege.edu?id=8439"",""venue"":""Fine Arts Center"",""address"":""30 W. Dale St."",""city"":""Colorado Springs"",""country"":""United States"",""state"":""CO"",""zip"":""80903"",""phone"":""(719) 634-5581"",""url"":""https://fac.coloradocollege.edu/venue/fine-arts-center/"",""show_map"":true,""show_map_link"":true}",[],,,"{""url"":""https://fac.coloradocollege.edu/wp-content/uploads/2026/03/Ormao-Apr-2027-500.jpg"",""id"":44719,""extension"":""jpg"",""width"":500,""height"":500}",[],false,false,,,2026-05-27 13:39:03,2026-05-27 19:39:03,true,true,,,
2026-09-30T17:11:03Z,csfineartscenter.org,https://fac.coloradocollege.edu/wp-json/tribe/events/v1/events,2,45592,fac.coloradocollege.edu?id=45592,Member Moments: Get Muddy with Intro to Wheel Throwing,2027-04-29 17:00:00,2027-04-29 23:00:00,2027-04-29 18:30:00,2027-04-30 00:30:00,America/Denver,false,true,publish,https://fac.coloradocollege.edu/event/member-moments-wheel-throwing/,,,,"{""currency_symbol"":""$"",""currency_code"":""USD"",""currency_position"":""prefix"",""values"":[]}","[{""id"":1277,""name"":""Member Moments"",""slug"":""member-moments"",""parent"":1252},{""id"":1278,""name"":""Members"",""slug"":""members"",""parent"":1252},{""id"":1253,""name"":""Museum"",""slug"":""museum"",""parent"":1252}]",[],"{""id"":14403,""global_id"":""fac.coloradocollege.edu?id=14403"",""venue"":""Bemis School of Art"",""address"":""818 Pelham Pl"",""city"":""Colorado Springs"",""country"":""United States"",""state"":""CO"",""zip"":""80903"",""phone"":""(719) 475-2444"",""url"":""https://fac.coloradocollege.edu/venue/bemis-school-of-art/"",""geo_lat"":38.84621,""geo_lng"":-104.8265376,""show_map"":true,""show_map_link"":true}",[],"Ready to spin some clay? Learn the basics of wheel throwing in this hands-on class where you’ll prep, center, and shape your own creations with expert guidance. It’s messy, meditative, and a whole lot of fun, perfect for curious beginners! Supplies will be provided. This series of workshops is designed exclusively for our members to experience all the Fine Arts Center has to offer! Member Moments art classes allow our members to get a taste of various art media before diving into a full art class at Bemis School of Art. Whether you’re a beginner or have some experience, we invite you to discover new skills, express your creativity, and connect with fellow art enthusiasts. Registration opens February 16, 2027 This is a members-only event. Not a member? Join today!",,"{""url"":""https://fac.coloradocollege.edu/wp-content/uploads/2026/07/wheel-throwing.jpeg"",""id"":45593,""extension"":""jpeg"",""width"":500,""height"":500}",[],false,false,,,2026-07-30 09:48:41,2026-07-30 15:48:41,true,true,,,
2026-09-30T17:11:03Z,csfineartscenter.org,https://fac.coloradocollege.edu/wp-json/tribe/events/v1/events,2,10005709,fac.coloradocollege.edu?id=10005709,Dear Evan Hansen,2027-05-20 19:00:00,2027-05-21 01:00:00,2027-05-20 21:30:00,2027-05-21 03:30:00,America/Denver,false,true,publish,https://fac.coloradocollege.edu/event/dear-evan-hansen/2027-05-20/,https://fac.coloradocollege.edu/theatre-events/dear-evan-hansen/,,,"{""currency_symbol"":""$"",""currency_code"":""USD"",""currency_position"":""prefix"",""values"":[]}","[{""id"":1228,""name"":""Theatre"",""slug"":""theatre"",""parent"":1252}]",[],"{""id"":8439,""global_id"":""fac.coloradocollege.edu?id=8439"",""venue"":""Fine Arts Center"",""address"":""30 W. Dale St."",""city"":""Colorado Springs"",""country"":""United States"",""state"":""CO"",""zip"":""80903"",""phone"":""(719) 634-5581"",""url"":""https://fac.coloradocollege.edu/venue/fine-arts-center/"",""show_map"":true,""show_map_link"":true}",[],,,"{""url"":""https://fac.coloradocollege.edu/wp-content/uploads/2026/03/DearEvenHanson_500x500_Website.png"",""id"":44927,""extension"":""png"",""width"":500,""height"":500}",[],false,false,,,2026-05-27 13:11:21,2026-05-27 19:11:21,true,true,,,
2026-09-30T17:11:03Z,csfineartscenter.org,https://fac.coloradocollege.edu/wp-json/tribe/events/v1/events,2,10005710,fac.coloradocollege.edu?id=10005710,Dear Evan Hansen,2027-05-21 19:00:00,2027-05-22 01:00:00,2027-05-21 21:30:00,2027-05-22 03:30:00,America/Denver,false,true,publish,https://fac.coloradocollege.edu/event/dear-evan-hansen/2027-05-21/,https://fac.coloradocollege.edu/theatre-events/dear-evan-hansen/,,,"{""currency_symbol"":""$"",""currency_code"":""USD"",""currency_position"":""prefix"",""values"":[]}","[{""id"":1228,""name"":""Theatre"",""slug"":""theatre"",""parent"":1252}]",[],"{""id"":8439,""global_id"":""fac.coloradocollege.edu?id=8439"",""venue"":""Fine Arts Center"",""address"":""30 W. Dale St."",""city"":""Colorado Springs"",""country"":""United States"",""state"":""CO"",""zip"":""80903"",""phone"":""(719) 634-5581"",""url"":""https://fac.coloradocollege.edu/venue/fine-arts-center/"",""show_map"":true,""show_map_link"":true}",[],,,"{""url"":""https://fac.coloradocollege.edu/wp-content/uploads/2026/03/DearEvenHanson_500x500_Website.png"",""id"":44927,""extension"":""png"",""width"":500,""height"":500}",[],false,false,,,2026-05-27 13:11:21,2026-05-27 19:11:21,true,true,,,
2026-09-30T17:11:03Z,csfineartscenter.org,https://fac.coloradocollege.edu/wp-json/tribe/events/v1/events,2,10005711,fac.coloradocollege.edu?id=10005711,Dear Evan Hansen,2027-05-22 19:30:00,2027-05-23 01:30:00,2027-05-22 22:00:00,2027-05-23 04:00:00,America/Denver,false,true,publish,https://fac.coloradocollege.edu/event/dear-evan-hansen/2027-05-22/,https://fac.coloradocollege.edu/theatre-events/dear-evan-hansen/,,,"{""currency_symbol"":""$"",""currency_code"":""USD"",""currency_position"":""prefix"",""values"":[]}","[{""id"":1228,""name"":""Theatre"",""slug"":""theatre"",""parent"":1252}]",[],"{""id"":8439,""global_id"":""fac.coloradocollege.edu?id=8439"",""venue"":""Fine Arts Center"",""address"":""30 W. Dale St."",""city"":""Colorado Springs"",""country"":""United States"",""state"":""CO"",""zip"":""80903"",""phone"":""(719) 634-5581"",""url"":""https://fac.coloradocollege.edu/venue/fine-arts-center/"",""show_map"":true,""show_map_link"":true}",[],,,"{""url"":""https://fac.coloradocollege.edu/wp-content/uploads/2026/03/DearEvenHanson_500x500_Website.png"",""id"":44927,""extension"":""png"",""width"":500,""height"":500}",[],false,false,,,2026-05-27 13:11:21,2026-05-27 19:11:21,true,true,,,
2026-09-30T17:11:03Z,csfineartscenter.org,https://fac.coloradocollege.edu/wp-json/tribe/events/v1/events,2,10005712,fac.coloradocollege.edu?id=10005712,Dear Evan Hansen,2027-05-23 14:00:00,2027-05-23 20:00:00,2027-05-23 16:30:00,2027-05-23 22:30:00,America/Denver,false,true,publish,https://fac.coloradocollege.edu/event/dear-evan-hansen/2027-05-23/,https://fac.coloradocollege.edu/theatre-events/dear-evan-hansen/,,,"{""currency_symbol"":""$"",""currency_code"":""USD"",""currency_position"":""prefix"",""values"":[]}","[{""id"":1228,""name"":""Theatre"",""slug"":""theatre"",""parent"":1252}]",[],"{""id"":8439,""global_id"":""fac.coloradocollege.edu?id=8439"",""venue"":""Fine Arts Center"",""address"":""30 W. Dale St."",""city"":""Colorado Springs"",""country"":""United States"",""state"":""CO"",""zip"":""80903"",""phone"":""(719) 634-5581"",""url"":""https://fac.coloradocollege.edu/venue/fine-arts-center/"",""show_map"":true,""show_map_link"":true}",[],,,"{""url"":""https://fac.coloradocollege.edu/wp-content/uploads/2026/03/DearEvenHanson_500x500_Website.png"",""id"":44927,""extension"":""png"",""width"":500,""height"":500}",[],false,false,,,2026-05-27 13:11:21,2026-05-27 19:11:21,true,true,,,
2026-09-30T17:11:03Z,csfineartscenter.org,https://fac.coloradocollege.edu/wp-json/tribe/events/v1/events,2,10005713,fac.coloradocollege.edu?id=10005713,Dear Evan Hansen,2027-05-27 19:00:00,2027-05-28 01:00:00,2027-05-27 21:30:00,2027-05-28 03:30:00,America/Denver,false,true,publish,https://fac.coloradocollege.edu/event/dear-evan-hansen/2027-05-27/,https://fac.coloradocollege.edu/theatre-events/dear-evan-hansen/,,,"{""currency_symbol"":""$"",""currency_code"":""USD"",""currency_position"":""prefix"",""values"":[]}","[{""id"":1228,""name"":""Theatre"",""slug"":""theatre"",""parent"":1252}]",[],"{""id"":8439,""global_id"":""fac.coloradocollege.edu?id=8439"",""venue"":""Fine Arts Center"",""address"":""30 W. Dale St."",""city"":""Colorado Springs"",""country"":""United States"",""state"":""CO"",""zip"":""80903"",""phone"":""(719) 634-5581"",""url"":""https://fac.coloradocollege.edu/venue/fine-arts-center/"",""show_map"":true,""show_map_link"":true}",[],,,"{""url"":""https://fac.coloradocollege.edu/wp-content/uploads/2026/03/DearEvenHanson_500x500_Website.png"",""id"":44927,""extension"":""png"",""width"":500,""height"":500}",[],false,false,,,2026-05-27 13:11:21,2026-05-27 19:11:21,true,true,,,
2026-09-30T17:11:03Z,csfineartscenter.org,https://fac.coloradocollege.edu/wp-json/tribe/events/v1/events,2,10005714,fac.coloradocollege.edu?id=10005714,Dear Evan Hansen,2027-05-28 19:00:00,2027-05-29 01:00:00,2027-05-28 21:30:00,2027-05-29 03:30:00,America/Denver,false,true,publish,https://fac.coloradocollege.edu/event/dear-evan-hansen/2027-05-28/,https://fac.coloradocollege.edu/theatre-events/dear-evan-hansen/,,,"{""currency_symbol"":""$"",""currency_code"":""USD"",""currency_position"":""prefix"",""values"":[]}","[{""id"":1228,""name"":""Theatre"",""slug"":""theatre"",""parent"":1252}]",[],"{""id"":8439,""global_id"":""fac.coloradocollege.edu?id=8439"",""venue"":""Fine Arts Center"",""address"":""30 W. Dale St."",""city"":""Colorado Springs"",""country"":""United States"",""state"":""CO"",""zip"":""80903"",""phone"":""(719) 634-5581"",""url"":""https://fac.coloradocollege.edu/venue/fine-arts-center/"",""show_map"":true,""show_map_link"":true}",[],,,"{""url"":""https://fac.coloradocollege.edu/wp-content/uploads/2026/03/DearEvenHanson_500x500_Website.png"",""id"":44927,""extension"":""png"",""width"":500,""height"":500}",[],false,false,,,2026-05-27 13:11:21,2026-05-27 19:11:21,true,true,,,
2026-09-30T17:11:03Z,csfineartscenter.org,https://fac.coloradocollege.edu/wp-json/tribe/events/v1/events,2,10005715,fac.coloradocollege.edu?id=10005715,Dear Evan Hansen,2027-05-29 17:00:00,2027-05-29 23:00:00,2027-05-29 19:30:00,2027-05-30 01:30:00,America/Denver,false,true,publish,https://fac.coloradocollege.edu/event/dear-evan-hansen/2027-05-29/,https://fac.coloradocollege.edu/theatre-events/dear-evan-hansen/,,,"{""currency_symbol"":""$"",""currency_code"":""USD"",""currency_position"":""prefix"",""values"":[]}","[{""id"":1228,""name"":""Theatre"",""slug"":""theatre"",""parent"":1252}]",[],"{""id"":8439,""global_id"":""fac.coloradocollege.edu?id=8439"",""venue"":""Fine Arts Center"",""address"":""30 W. Dale St."",""city"":""Colorado Springs"",""country"":""United States"",""state"":""CO"",""zip"":""80903"",""phone"":""(719) 634-5581"",""url"":""https://fac.coloradocollege.edu/venue/fine-arts-center/"",""show_map"":true,""show_map_link"":true}",[],,,"{""url"":""https://fac.coloradocollege.edu/wp-content/uploads/2026/03/DearEvenHanson_500x500_Website.png"",""id"":44927,""extension"":""png"",""width"":500,""height"":500}",[],false,false,,,2026-05-27 13:11:21,2026-05-27 19:11:21,true,true,,,
2026-09-30T17:11:03Z,csfineartscenter.org,https://fac.coloradocollege.edu/wp-json/tribe/events/v1/events,2,10005716,fac.coloradocollege.edu?id=10005716,Dear Evan Hansen,2027-05-30 14:00:00,2027-05-30 20:00:00,2027-05-30 16:30:00,2027-05-30 22:30:00,America/Denver,false,true,publish,https://fac.coloradocollege.edu/event/dear-evan-hansen/2027-05-30/,https://fac.coloradocollege.edu/theatre-events/dear-evan-hansen/,,,"{""currency_symbol"":""$"",""currency_code"":""USD"",""currency_position"":""prefix"",""values"":[]}","[{""id"":1228,""name"":""Theatre"",""slug"":""theatre"",""parent"":1252}]",[],"{""id"":8439,""global_id"":""fac.coloradocollege.edu?id=8439"",""venue"":""Fine Arts Center"",""address"":""30 W. Dale St."",""city"":""Colorado Springs"",""country"":""United States"",""state"":""CO"",""zip"":""80903"",""phone"":""(719) 634-5581"",""url"":""https://fac.coloradocollege.edu/venue/fine-arts-center/"",""show_map"":true,""show_map_link"":true}",[],,,"{""url"":""https://fac.coloradocollege.edu/wp-content/uploads/2026/03/DearEvenHanson_500x500_Website.png"",""id"":44927,""extension"":""png"",""width"":500,""height"":500}",[],false,false,,,2026-05-27 13:11:21,2026-05-27 19:11:21,true,true,,,
2026-09-30T17:11:03Z,csfineartscenter.org,https://fac.coloradocollege.edu/wp-json/tribe/events/v1/events,2,10005717,fac.coloradocollege.edu?id=10005717,Dear Evan Hansen,2027-06-03 19:00:00,2027-06-04 01:00:00,2027-06-03 21:30:00,2027-06-04 03:30:00,America/Denver,false,true,publish,https://fac.coloradocollege.edu/event/dear-evan-hansen/2027-06-03/,https://fac.coloradocollege.edu/theatre-events/dear-evan-hansen/,,,"{""currency_symbol"":""$"",""currency_code"":""USD"",""currency_position"":""prefix"",""values"":[]}","[{""id"":1228,""name"":""Theatre"",""slug"":""theatre"",""parent"":1252}]",[],"{""id"":8439,""global_id"":""fac.coloradocollege.edu?id=8439"",""venue"":""Fine Arts Center"",""address"":""30 W. Dale St."",""city"":""Colorado Springs"",""country"":""United States"",""state"":""CO"",""zip"":""80903"",""phone"":""(719) 634-5581"",""url"":""https://fac.coloradocollege.edu/venue/fine-arts-center/"",""show_map"":true,""show_map_link"":true}",[],,,"{""url"":""https://fac.coloradocollege.edu/wp-content/uploads/2026/03/DearEvenHanson_500x500_Website.png"",""id"":44927,""extension"":""png"",""width"":500,""height"":500}",[],false,false,,,2026-05-27 13:11:21,2026-05-27 19:11:21,true,true,,,
2026-09-30T17:11:03Z,csfineartscenter.org,https://fac.coloradocollege.edu/wp-json/tribe/events/v1/events,2,10005718,fac.coloradocollege.edu?id=10005718,Dear Evan Hansen,2027-06-04 19:00:00,2027-06-05 01:00:00,2027-06-04 21:30:00,2027-06-05 03:30:00,America/Denver,false,true,publish,https://fac.coloradocollege.edu/event/dear-evan-hansen/2027-06-04/,https://fac.coloradocollege.edu/theatre-events/dear-evan-hansen/,,,"{""currency_symbol"":""$"",""currency_code"":""USD"",""currency_position"":""prefix"",""values"":[]}","[{""id"":1228,""name"":""Theatre"",""slug"":""theatre"",""parent"":1252}]",[],"{""id"":8439,""global_id"":""fac.coloradocollege.edu?id=8439"",""venue"":""Fine Arts Center"",""address"":""30 W. Dale St."",""city"":""Colorado Springs"",""country"":""United States"",""state"":""CO"",""zip"":""80903"",""phone"":""(719) 634-5581"",""url"":""https://fac.coloradocollege.edu/venue/fine-arts-center/"",""show_map"":true,""show_map_link"":true}",[],,,"{""url"":""https://fac.coloradocollege.edu/wp-content/uploads/2026/03/DearEvenHanson_500x500_Website.png"",""id"":44927,""extension"":""png"",""width"":500,""height"":500}",[],false,false,,,2026-05-27 13:11:21,2026-05-27 19:11:21,true,true,,,
2026-09-30T17:11:03Z,csfineartscenter.org,https://fac.coloradocollege.edu/wp-json/tribe/events/v1/events,2,10005719,fac.coloradocollege.edu?id=10005719,Dear Evan Hansen,2027-06-05 14:00:00,2027-06-05 20:00:00,2027-06-05 16:30:00,2027-06-05 22:30:00,America/Denver,false,true,publish,https://fac.coloradocollege.edu/event/dear-evan-hansen/2027-06-05/1/,https://fac.coloradocollege.edu/theatre-events/dear-evan-hansen/,,,"{""currency_symbol"":""$"",""currency_code"":""USD"",""currency_position"":""prefix"",""values"":[]}","[{""id"":1228,""name"":""Theatre"",""slug"":""theatre"",""parent"":1252}]",[],"{""id"":8439,""global_id"":""fac.coloradocollege.edu?id=8439"",""venue"":""Fine Arts Center"",""address"":""30 W. Dale St."",""city"":""Colorado Springs"",""country"":""United States"",""state"":""CO"",""zip"":""80903"",""phone"":""(719) 634-5581"",""url"":""https://fac.coloradocollege.edu/venue/fine-arts-center/"",""show_map"":true,""show_map_link"":true}",[],,,"{""url"":""https://fac.coloradocollege.edu/wp-content/uploads/2026/03/DearEvenHanson_500x500_Website.png"",""id"":44927,""extension"":""png"",""width"":500,""height"":500}",[],false,false,,,2026-05-27 13:11:21,2026-05-27 19:11:21,true,true,,,
2026-09-30T17:11:03Z,csfineartscenter.org,https://fac.coloradocollege.edu/wp-json/tribe/events/v1/events,2,10005720,fac.coloradocollege.edu?id=10005720,Dear Evan Hansen,2027-06-05 19:30:00,2027-06-06 01:30:00,2027-06-05 22:00:00,2027-06-06 04:00:00,America/Denver,false,true,publish,https://fac.coloradocollege.edu/event/dear-evan-hansen/2027-06-05/2/,https://fac.coloradocollege.edu/theatre-events/dear-evan-hansen/,,,"{""currency_symbol"":""$"",""currency_code"":""USD"",""currency_position"":""prefix"",""values"":[]}","[{""id"":1228,""name"":""Theatre"",""slug"":""theatre"",""parent"":1252}]",[],"{""id"":8439,""global_id"":""fac.coloradocollege.edu?id=8439"",""venue"":""Fine Arts Center"",""address"":""30 W. Dale St."",""city"":""Colorado Springs"",""country"":""United States"",""state"":""CO"",""zip"":""80903"",""phone"":""(719) 634-5581"",""url"":""https://fac.coloradocollege.edu/venue/fine-arts-center/"",""show_map"":true,""show_map_link"":true}",[],,,"{""url"":""https://fac.coloradocollege.edu/wp-content/uploads/2026/03/DearEvenHanson_500x500_Website.png"",""id"":44927,""extension"":""png"",""width"":500,""height"":500}",[],false,false,,,2026-05-27 13:11:21,2026-05-27 19:11:21,true,true,,,
2026-09-30T17:11:03Z,csfineartscenter.org,https://fac.coloradocollege.edu/wp-json/tribe/events/v1/events,2,10005721,fac.coloradocollege.edu?id=10005721,Dear Evan Hansen,2027-06-06 14:00:00,2027-06-06 20:00:00,2027-06-06 16:30:00,2027-06-06 22:30:00,America/Denver,false,true,publish,https://fac.coloradocollege.edu/event/dear-evan-hansen/2027-06-06/,https://fac.coloradocollege.edu/theatre-events/dear-evan-hansen/,,,"{""currency_symbol"":""$"",""currency_code"":""USD"",""currency_position"":""prefix"",""values"":[]}","[{""id"":1228,""name"":""Theatre"",""slug"":""theatre"",""parent"":1252}]",[],"{""id"":8439,""global_id"":""fac.coloradocollege.edu?id=8439"",""venue"":""Fine Arts Center"",""address"":""30 W. Dale St."",""city"":""Colorado Springs"",""country"":""United States"",""state"":""CO"",""zip"":""80903"",""phone"":""(719) 634-5581"",""url"":""https://fac.coloradocollege.edu/venue/fine-arts-center/"",""show_map"":true,""show_map_link"":true}",[],,,"{""url"":""https://fac.coloradocollege.edu/wp-content/uploads/2026/03/DearEvenHanson_500x500_Website.png"",""id"":44927,""extension"":""png"",""width"":500,""height"":500}",[],false,false,,,2026-05-27 13:11:21,2026-05-27 19:11:21,true,true,,,
2026-09-30T17:11:03Z,csfineartscenter.org,https://fac.coloradocollege.edu/wp-json/tribe/events/v1/events,2,10005722,fac.coloradocollege.edu?id=10005722,Dear Evan Hansen,2027-06-10 19:00:00,2027-06-11 01:00:00,2027-06-10 21:30:00,2027-06-11 03:30:00,America/Denver,false,true,publish,https://fac.coloradocollege.edu/event/dear-evan-hansen/2027-06-10/,https://fac.coloradocollege.edu/theatre-events/dear-evan-hansen/,,,"{""currency_symbol"":""$"",""currency_code"":""USD"",""currency_position"":""prefix"",""values"":[]}","[{""id"":1228,""name"":""Theatre"",""slug"":""theatre"",""parent"":1252}]",[],"{""id"":8439,""global_id"":""fac.coloradocollege.edu?id=8439"",""venue"":""Fine Arts Center"",""address"":""30 W. Dale St."",""city"":""Colorado Springs"",""country"":""United States"",""state"":""CO"",""zip"":""80903"",""phone"":""(719) 634-5581"",""url"":""https://fac.coloradocollege.edu/venue/fine-arts-center/"",""show_map"":true,""show_map_link"":true}",[],,,"{""url"":""https://fac.coloradocollege.edu/wp-content/uploads/2026/03/DearEvenHanson_500x500_Website.png"",""id"":44927,""extension"":""png"",""width"":500,""height"":500}",[],false,false,,,2026-05-27 13:11:21,2026-05-27 19:11:21,true,true,,,
2026-09-30T17:11:03Z,csfineartscenter.org,https://fac.coloradocollege.edu/wp-json/tribe/events/v1/events,2,10005723,fac.coloradocollege.edu?id=10005723,Dear Evan Hansen,2027-06-11 19:00:00,2027-06-12 01:00:00,2027-06-11 21:30:00,2027-06-12 03:30:00,America/Denver,false,true,publish,https://fac.coloradocollege.edu/event/dear-evan-hansen/2027-06-11/,https://fac.coloradocollege.edu/theatre-events/dear-evan-hansen/,,,"{""currency_symbol"":""$"",""currency_code"":""USD"",""currency_position"":""prefix"",""values"":[]}","[{""id"":1228,""name"":""Theatre"",""slug"":""theatre"",""parent"":1252}]",[],"{""id"":8439,""global_id"":""fac.coloradocollege.edu?id=8439"",""venue"":""Fine Arts Center"",""address"":""30 W. Dale St."",""city"":""Colorado Springs"",""country"":""United States"",""state"":""CO"",""zip"":""80903"",""phone"":""(719) 634-5581"",""url"":""https://fac.coloradocollege.edu/venue/fine-arts-center/"",""show_map"":true,""show_map_link"":true}",[],,,"{""url"":""https://fac.coloradocollege.edu/wp-content/uploads/2026/03/DearEvenHanson_500x500_Website.png"",""id"":44927,""extension"":""png"",""width"":500,""height"":500}",[],false,false,,,2026-05-27 13:11:21,2026-05-27 19:11:21,true,true,,,
2026-09-30T17:11:03Z,csfineartscenter.org,https://fac.coloradocollege.edu/wp-json/tribe/events/v1/events,2,10005724,fac.coloradocollege.edu?id=10005724,Dear Evan Hansen,2027-06-12 17:00:00,2027-06-12 23:00:00,2027-06-12 19:30:00,2027-06-13 01:30:00,America/Denver,false,true,publish,https://fac.coloradocollege.edu/event/dear-evan-hansen/2027-06-12/,https://fac.coloradocollege.edu/theatre-events/dear-evan-hansen/,,,"{""currency_symbol"":""$"",""currency_code"":""USD"",""currency_position"":""prefix"",""values"":[]}","[{""id"":1228,""name"":""Theatre"",""slug"":""theatre"",""parent"":1252}]",[],"{""id"":8439,""global_id"":""fac.coloradocollege.edu?id=8439"",""venue"":""Fine Arts Center"",""address"":""30 W. Dale St."",""city"":""Colorado Springs"",""country"":""United States"",""state"":""CO"",""zip"":""80903"",""phone"":""(719) 634-5581"",""url"":""https://fac.coloradocollege.edu/venue/fine-arts-center/"",""show_map"":true,""show_map_link"":true}",[],,,"{""url"":""https://fac.coloradocollege.edu/wp-content/uploads/2026/03/DearEvenHanson_500x500_Website.png"",""id"":44927,""extension"":""png"",""width"":500,""height"":500}",[],false,false,,,2026-05-27 13:11:21,2026-05-27 19:11:21,true,true,,,
2026-09-30T17:11:03Z,csfineartscenter.org,https://fac.coloradocollege.edu/wp-json/tribe/events/v1/events,2,10005725,fac.coloradocollege.edu?id=10005725,Dear Evan Hansen,2027-06-13 14:00:00,2027-06-13 20:00:00,2027-06-13 16:30:00,2027-06-13 22:30:00,America/Denver,false,true,publish,https://fac.coloradocollege.edu/event/dear-evan-hansen/2027-06-13/,https://fac.coloradocollege.edu/theatre-events/dear-evan-hansen/,,,"{""currency_symbol"":""$"",""currency_code"":""USD"",""currency_position"":""prefix"",""values"":[]}","[{""id"":1228,""name"":""Theatre"",""slug"":""theatre"",""parent"":1252}]",[],"{""id"":8439,""global_id"":""fac.coloradocollege.edu?id=8439"",""venue"":""Fine Arts Center"",""address"":""30 W. Dale St."",""city"":""Colorado Springs"",""country"":""United States"",""state"":""CO"",""zip"":""80903"",""phone"":""(719) 634-5581"",""url"":""https://fac.coloradocollege.edu/venue/fine-arts-center/"",""show_map"":true,""show_map_link"":true}",[],,,"{""url"":""https://fac.coloradocollege.edu/wp-content/uploads/2026/03/DearEvenHanson_500x500_Website.png"",""id"":44927,""extension"":""png"",""width"":500,""height"":500}",[],false,false,,,2026-05-27 13:11:21,2026-05-27 19:11:21,true,true,,,
