schema_org_run_started_utc,schema_org_seed_host,schema_org_seed_city_id,schema_org_seed_categories,schema_org_source_url,schema_org_event_type,schema_org_city_mapping,schema_org_city_mapping_distance_miles,event_name,event_start_date,event_end_date,event_url,event_status,event_attendance_mode,event_description,event_location_json,event_offers_json,event_organizer_json,event_performer_json,event_image_json,event_keywords,event_json
2026-10-01T16:03:02Z,bacchanalwine.com,100067,4bf58dd8d48988d1e5931735|music venue,http://www.bacchanalwine.com/public-events/2015/12/5/free-saturday-wine-tasting,Event,mapped_seed_site,,Free Saturday Wine Tasting! — Bacchanal Wine,2015-12-05T15:00:00-0600,2015-12-05T17:00:00-0600,http://www.bacchanalwine.com/public-events/2015/12/5/free-saturday-wine-tasting,,,,"{""name"":""Bacchanal Wine"",""address"":""600 Poland Avenue\nNew Orleans, LA, 70117\nUnited States"",""@context"":""http://schema.org"",""@type"":""Place""}",,,,"[""http://static1.squarespace.com/static/55664b4de4b0bda793fb1423/56632208e4b04e4daff5c12e/5663221fe4b04e4daff5c1cc/1449337703078/?format=1500w""]",,"{""name"":""Free Saturday Wine Tasting! — Bacchanal Wine"",""startDate"":""2015-12-05T15:00:00-0600"",""endDate"":""2015-12-05T17:00:00-0600"",""image"":[""http://static1.squarespace.com/static/55664b4de4b0bda793fb1423/56632208e4b04e4daff5c12e/5663221fe4b04e4daff5c1cc/1449337703078/?format=1500w""],""location"":{""name"":""Bacchanal Wine"",""address"":""600 Poland Avenue\nNew Orleans, LA, 70117\nUnited States"",""@context"":""http://schema.org"",""@type"":""Place""},""@context"":""http://schema.org"",""@type"":""Event""}"
2026-10-01T16:03:02Z,bacchanalwine.com,100067,4bf58dd8d48988d1e5931735|music venue,http://www.bacchanalwine.com/public-events/2015/12/8/tuesday-brewsday,Event,mapped_seed_site,,Tuesday Brewsday — Bacchanal Wine,2015-12-08T16:00:00-0600,2015-12-08T18:00:00-0600,http://www.bacchanalwine.com/public-events/2015/12/8/tuesday-brewsday,,,,"{""name"":""Bacchanal"",""address"":""600 Poland Avenue\nNew Orleans, LA, 70117\nUnited States"",""@context"":""http://schema.org"",""@type"":""Place""}",,,,"[""http://static1.squarespace.com/static/55664b4de4b0bda793fb1423/56632208e4b04e4daff5c12e/56632386e4b0d8f094882952/1449338296973/?format=1500w""]",,"{""name"":""Tuesday Brewsday — Bacchanal Wine"",""startDate"":""2015-12-08T16:00:00-0600"",""endDate"":""2015-12-08T18:00:00-0600"",""image"":[""http://static1.squarespace.com/static/55664b4de4b0bda793fb1423/56632208e4b04e4daff5c12e/56632386e4b0d8f094882952/1449338296973/?format=1500w""],""location"":{""name"":""Bacchanal"",""address"":""600 Poland Avenue\nNew Orleans, LA, 70117\nUnited States"",""@context"":""http://schema.org"",""@type"":""Place""},""@context"":""http://schema.org"",""@type"":""Event""}"
2026-10-01T16:03:02Z,bacchanalwine.com,100067,4bf58dd8d48988d1e5931735|music venue,http://www.bacchanalwine.com/public-events/2015/12/9/wino-wednesday-featuring-portugal,Event,mapped_seed_site,,Wino Wednesday Featuring Portugal — Bacchanal Wine,2015-12-09T13:00:00-0600,2015-12-09T15:00:00-0600,http://www.bacchanalwine.com/public-events/2015/12/9/wino-wednesday-featuring-portugal,,,,"{""name"":"""",""address"":"""",""@context"":""http://schema.org"",""@type"":""Place""}",,,,"[""http://static1.squarespace.com/static/55664b4de4b0bda793fb1423/56632208e4b04e4daff5c12e/566870165a566811d3fad91b/1449686533447/?format=1500w""]",,"{""name"":""Wino Wednesday Featuring Portugal — Bacchanal Wine"",""startDate"":""2015-12-09T13:00:00-0600"",""endDate"":""2015-12-09T15:00:00-0600"",""image"":[""http://static1.squarespace.com/static/55664b4de4b0bda793fb1423/56632208e4b04e4daff5c12e/566870165a566811d3fad91b/1449686533447/?format=1500w""],""location"":{""name"":"""",""address"":"""",""@context"":""http://schema.org"",""@type"":""Place""},""@context"":""http://schema.org"",""@type"":""Event""}"
2026-10-01T16:03:02Z,bacchanalwine.com,100067,4bf58dd8d48988d1e5931735|music venue,http://www.bacchanalwine.com/public-events/2015/12/12/free-wine-tasting-spain-sherry-de-maison-selections,Event,mapped_seed_site,,Free Wine tasting: Spain & Sherry: De Maison Selections — Bacchanal Wine,2015-12-12T15:00:00-0600,2015-12-12T17:00:00-0600,http://www.bacchanalwine.com/public-events/2015/12/12/free-wine-tasting-spain-sherry-de-maison-selections,,,,"{""name"":"""",""address"":"""",""@context"":""http://schema.org"",""@type"":""Place""}",,,,"[""http://static1.squarespace.com/static/55664b4de4b0bda793fb1423/56632208e4b04e4daff5c12e/566b01bf4bf11898b7203cfa/1449854469941/?format=1500w""]",,"{""name"":""Free Wine tasting: Spain & Sherry: De Maison Selections — Bacchanal Wine"",""startDate"":""2015-12-12T15:00:00-0600"",""endDate"":""2015-12-12T17:00:00-0600"",""image"":[""http://static1.squarespace.com/static/55664b4de4b0bda793fb1423/56632208e4b04e4daff5c12e/566b01bf4bf11898b7203cfa/1449854469941/?format=1500w""],""location"":{""name"":"""",""address"":"""",""@context"":""http://schema.org"",""@type"":""Place""},""@context"":""http://schema.org"",""@type"":""Event""}"
2026-10-01T16:03:02Z,bacchanalwine.com,100067,4bf58dd8d48988d1e5931735|music venue,http://www.bacchanalwine.com/public-events/2015/12/15/tuesday-brewsday-featuring-oskar-blues-brewery,Event,mapped_seed_site,,Tuesday Brewsday Featuring Oskar Blues Brewery — Bacchanal Wine,2015-12-15T16:00:00-0600,2015-12-15T18:00:00-0600,http://www.bacchanalwine.com/public-events/2015/12/15/tuesday-brewsday-featuring-oskar-blues-brewery,,,,"{""name"":""Bacchanal Wine"",""address"":""600 Poland Avenue\nNew Orleans, LA, 70117\nUnited States"",""@context"":""http://schema.org"",""@type"":""Place""}",,,,"[""http://static1.squarespace.com/static/55664b4de4b0bda793fb1423/56632208e4b04e4daff5c12e/566aff320e4c11189e459868/1450218420382/?format=1500w""]",,"{""name"":""Tuesday Brewsday Featuring Oskar Blues Brewery — Bacchanal Wine"",""startDate"":""2015-12-15T16:00:00-0600"",""endDate"":""2015-12-15T18:00:00-0600"",""image"":[""http://static1.squarespace.com/static/55664b4de4b0bda793fb1423/56632208e4b04e4daff5c12e/566aff320e4c11189e459868/1450218420382/?format=1500w""],""location"":{""name"":""Bacchanal Wine"",""address"":""600 Poland Avenue\nNew Orleans, LA, 70117\nUnited States"",""@context"":""http://schema.org"",""@type"":""Place""},""@context"":""http://schema.org"",""@type"":""Event""}"
2026-10-01T16:03:02Z,bacchanalwine.com,100067,4bf58dd8d48988d1e5931735|music venue,http://www.bacchanalwine.com/public-events/2015/12/11/free-wine-tasting,Event,mapped_seed_site,,Free Wine Tasting — Bacchanal Wine,2015-12-16T13:00:00-0600,2015-12-16T15:00:00-0600,http://www.bacchanalwine.com/public-events/2015/12/11/free-wine-tasting,,,,"{""name"":""Bacchanal Wine"",""address"":""600 Poland Ave\nNew Orleans, LA 70117\nUSA"",""@context"":""http://schema.org"",""@type"":""Place""}",,,,"[""http://static1.squarespace.com/static/55664b4de4b0bda793fb1423/56632208e4b04e4daff5c12e/566b04027086d79411ae6685/1449854529548/italy.jpeg?format=1500w""]",,"{""name"":""Free Wine Tasting — Bacchanal Wine"",""startDate"":""2015-12-16T13:00:00-0600"",""endDate"":""2015-12-16T15:00:00-0600"",""image"":[""http://static1.squarespace.com/static/55664b4de4b0bda793fb1423/56632208e4b04e4daff5c12e/566b04027086d79411ae6685/1449854529548/italy.jpeg?format=1500w""],""location"":{""name"":""Bacchanal Wine"",""address"":""600 Poland Ave\nNew Orleans, LA 70117\nUSA"",""@context"":""http://schema.org"",""@type"":""Place""},""@context"":""http://schema.org"",""@type"":""Event""}"
2026-10-01T16:03:02Z,bacchanalwine.com,100067,4bf58dd8d48988d1e5931735|music venue,http://www.bacchanalwine.com/public-events/2015/12/19/free-wine-tasting,Event,mapped_seed_site,,Free Wine Tasting — Bacchanal Wine,2015-12-19T15:00:00-0600,2015-12-19T17:00:00-0600,http://www.bacchanalwine.com/public-events/2015/12/19/free-wine-tasting,,,,"{""name"":"""",""address"":"""",""@context"":""http://schema.org"",""@type"":""Place""}",,,,"[""http://static1.squarespace.com/static/55664b4de4b0bda793fb1423/56632208e4b04e4daff5c12e/5674bf44c647ad126e002287/1450491848025/?format=1500w""]",,"{""name"":""Free Wine Tasting — Bacchanal Wine"",""startDate"":""2015-12-19T15:00:00-0600"",""endDate"":""2015-12-19T17:00:00-0600"",""image"":[""http://static1.squarespace.com/static/55664b4de4b0bda793fb1423/56632208e4b04e4daff5c12e/5674bf44c647ad126e002287/1450491848025/?format=1500w""],""location"":{""name"":"""",""address"":"""",""@context"":""http://schema.org"",""@type"":""Place""},""@context"":""http://schema.org"",""@type"":""Event""}"
2026-10-01T16:03:02Z,bacchanalwine.com,100067,4bf58dd8d48988d1e5931735|music venue,http://www.bacchanalwine.com/public-events/2015/12/28/tuesday-brewsday-featuring-great-raft-brewery-beers,Event,mapped_seed_site,,Tuesday Brewsday Featuring Great Raft Brewery Beers — Bacchanal Wine,2015-12-29T16:00:00-0600,2015-12-29T18:00:00-0600,http://www.bacchanalwine.com/public-events/2015/12/28/tuesday-brewsday-featuring-great-raft-brewery-beers,,,,"{""name"":"""",""address"":"""",""@context"":""http://schema.org"",""@type"":""Place""}",,,,"[""http://static1.squarespace.com/static/55664b4de4b0bda793fb1423/56632208e4b04e4daff5c12e/56818f80c21b8663789b4a12/1451332007743/?format=1500w""]",,"{""name"":""Tuesday Brewsday Featuring Great Raft Brewery Beers — Bacchanal Wine"",""startDate"":""2015-12-29T16:00:00-0600"",""endDate"":""2015-12-29T18:00:00-0600"",""image"":[""http://static1.squarespace.com/static/55664b4de4b0bda793fb1423/56632208e4b04e4daff5c12e/56818f80c21b8663789b4a12/1451332007743/?format=1500w""],""location"":{""name"":"""",""address"":"""",""@context"":""http://schema.org"",""@type"":""Place""},""@context"":""http://schema.org"",""@type"":""Event""}"
2026-10-01T16:03:02Z,bacchanalwine.com,100067,4bf58dd8d48988d1e5931735|music venue,http://www.bacchanalwine.com/public-events/2015/12/30/wino-wednesday-whimsey-wines,Event,mapped_seed_site,,Wino Wednesday Whimsey Wines!!! — Bacchanal Wine,2015-12-30T13:00:00-0600,2015-12-30T15:00:00-0600,http://www.bacchanalwine.com/public-events/2015/12/30/wino-wednesday-whimsey-wines,,,,"{""name"":"""",""address"":"""",""@context"":""http://schema.org"",""@type"":""Place""}",,,,"[""http://static1.squarespace.com/static/55664b4de4b0bda793fb1423/56632208e4b04e4daff5c12e/56819297c647ad135cdce4de/1451332686184/?format=1500w""]",,"{""name"":""Wino Wednesday Whimsey Wines!!! — Bacchanal Wine"",""startDate"":""2015-12-30T13:00:00-0600"",""endDate"":""2015-12-30T15:00:00-0600"",""image"":[""http://static1.squarespace.com/static/55664b4de4b0bda793fb1423/56632208e4b04e4daff5c12e/56819297c647ad135cdce4de/1451332686184/?format=1500w""],""location"":{""name"":"""",""address"":"""",""@context"":""http://schema.org"",""@type"":""Place""},""@context"":""http://schema.org"",""@type"":""Event""}"
2026-10-01T16:03:02Z,bacchanalwine.com,100067,4bf58dd8d48988d1e5931735|music venue,http://www.bacchanalwine.com/public-events/2016/1/1/saturday-wine-tastings-free-to-the-public,Event,mapped_seed_site,,Saturday Wine Tastings - Free to the Public! — Bacchanal Wine,2016-01-02T15:00:00-0600,2016-01-02T17:00:00-0600,http://www.bacchanalwine.com/public-events/2016/1/1/saturday-wine-tastings-free-to-the-public,,,,"{""name"":"""",""address"":"""",""@context"":""http://schema.org"",""@type"":""Place""}",,,,"[""http://static1.squarespace.com/static/55664b4de4b0bda793fb1423/56632208e4b04e4daff5c12e/5686f59957eb8dfaac5e3af9/1451697888266/?format=1500w""]",,"{""name"":""Saturday Wine Tastings - Free to the Public! — Bacchanal Wine"",""startDate"":""2016-01-02T15:00:00-0600"",""endDate"":""2016-01-02T17:00:00-0600"",""image"":[""http://static1.squarespace.com/static/55664b4de4b0bda793fb1423/56632208e4b04e4daff5c12e/5686f59957eb8dfaac5e3af9/1451697888266/?format=1500w""],""location"":{""name"":"""",""address"":"""",""@context"":""http://schema.org"",""@type"":""Place""},""@context"":""http://schema.org"",""@type"":""Event""}"
2026-10-01T16:03:02Z,bacchanalwine.com,100067,4bf58dd8d48988d1e5931735|music venue,http://www.bacchanalwine.com/public-events/2016/1/5/tuesday-brewsday-free-beer-tasting-featuring-founders-brewing-company,Event,mapped_seed_site,,Tuesday Brewsday! Free Beer Tasting featuring Founders Brewing Company — Bacchanal Wine,2016-01-05T16:00:00-0600,2016-01-05T18:00:00-0600,http://www.bacchanalwine.com/public-events/2016/1/5/tuesday-brewsday-free-beer-tasting-featuring-founders-brewing-company,,,,"{""name"":"""",""address"":"""",""@context"":""http://schema.org"",""@type"":""Place""}",,,,"[""http://static1.squarespace.com/static/55664b4de4b0bda793fb1423/56632208e4b04e4daff5c12e/5687371a69a91ac1e4be50a1/1451776005108/?format=1500w""]",,"{""name"":""Tuesday Brewsday! Free Beer Tasting featuring Founders Brewing Company — Bacchanal Wine"",""startDate"":""2016-01-05T16:00:00-0600"",""endDate"":""2016-01-05T18:00:00-0600"",""image"":[""http://static1.squarespace.com/static/55664b4de4b0bda793fb1423/56632208e4b04e4daff5c12e/5687371a69a91ac1e4be50a1/1451776005108/?format=1500w""],""location"":{""name"":"""",""address"":"""",""@context"":""http://schema.org"",""@type"":""Place""},""@context"":""http://schema.org"",""@type"":""Event""}"
2026-10-01T16:03:02Z,bacchanalwine.com,100067,4bf58dd8d48988d1e5931735|music venue,http://www.bacchanalwine.com/public-events/2015/12/5/barmuda-triangle-bar-crawl,Event,mapped_seed_site,,Barmuda Triangle Bar Crawl — Bacchanal Wine,2016-01-13T18:00:00-0600,2016-01-13T22:00:00-0600,http://www.bacchanalwine.com/public-events/2015/12/5/barmuda-triangle-bar-crawl,,,,"{""name"":"""",""address"":"""",""@context"":""http://schema.org"",""@type"":""Place""}",,,,"[""http://static1.squarespace.com/static/55664b4de4b0bda793fb1423/56632208e4b04e4daff5c12e/5663b69ce4b069868c56a94c/1452133467166/BarCrawl+Logo2.jpg?format=1500w""]",,"{""name"":""Barmuda Triangle Bar Crawl — Bacchanal Wine"",""startDate"":""2016-01-13T18:00:00-0600"",""endDate"":""2016-01-13T22:00:00-0600"",""image"":[""http://static1.squarespace.com/static/55664b4de4b0bda793fb1423/56632208e4b04e4daff5c12e/5663b69ce4b069868c56a94c/1452133467166/BarCrawl+Logo2.jpg?format=1500w""],""location"":{""name"":"""",""address"":"""",""@context"":""http://schema.org"",""@type"":""Place""},""@context"":""http://schema.org"",""@type"":""Event""}"
2026-10-01T16:03:02Z,bacchanalwine.com,100067,4bf58dd8d48988d1e5931735|music venue,http://www.bacchanalwine.com/public-events/2016/1/16/saturday-wine-tastings-free-to-the-public,Event,mapped_seed_site,,SATURDAY WINE TASTINGS - FREE TO THE PUBLIC! — Bacchanal Wine,2016-04-23T15:00:00-0500,2016-04-23T17:00:00-0500,http://www.bacchanalwine.com/public-events/2016/1/16/saturday-wine-tastings-free-to-the-public,,,,"{""name"":"""",""address"":"""",""@context"":""http://schema.org"",""@type"":""Place""}",,,,"[""http://static1.squarespace.com/static/55664b4de4b0bda793fb1423/56632208e4b04e4daff5c12e/5697fa8476d99ceb5bb54560/1463688451100/castellucci-miano-produttore.jpg?format=1500w""]",,"{""name"":""SATURDAY WINE TASTINGS - FREE TO THE PUBLIC! — Bacchanal Wine"",""startDate"":""2016-04-23T15:00:00-0500"",""endDate"":""2016-04-23T17:00:00-0500"",""image"":[""http://static1.squarespace.com/static/55664b4de4b0bda793fb1423/56632208e4b04e4daff5c12e/5697fa8476d99ceb5bb54560/1463688451100/castellucci-miano-produttore.jpg?format=1500w""],""location"":{""name"":"""",""address"":"""",""@context"":""http://schema.org"",""@type"":""Place""},""@context"":""http://schema.org"",""@type"":""Event""}"
2026-10-01T16:03:02Z,bacchanalwine.com,100067,4bf58dd8d48988d1e5931735|music venue,http://www.bacchanalwine.com/public-events/2016/1/20/wino-wednesdays-series-free-to-the-public,Event,mapped_seed_site,,WINO WEDNESDAYS - FREE TO THE PUBLIC! — Bacchanal Wine,2016-05-11T13:00:00-0500,2016-05-11T15:00:00-0500,http://www.bacchanalwine.com/public-events/2016/1/20/wino-wednesdays-series-free-to-the-public,,,,"{""name"":"""",""address"":"""",""@context"":""http://schema.org"",""@type"":""Place""}",,,,"[""http://static1.squarespace.com/static/55664b4de4b0bda793fb1423/56632208e4b04e4daff5c12e/5697fc99cbced6aeb7456110/1463073062457/Shea_Full_Size-500px.jpg?format=1500w""]",,"{""name"":""WINO WEDNESDAYS - FREE TO THE PUBLIC! — Bacchanal Wine"",""startDate"":""2016-05-11T13:00:00-0500"",""endDate"":""2016-05-11T15:00:00-0500"",""image"":[""http://static1.squarespace.com/static/55664b4de4b0bda793fb1423/56632208e4b04e4daff5c12e/5697fc99cbced6aeb7456110/1463073062457/Shea_Full_Size-500px.jpg?format=1500w""],""location"":{""name"":"""",""address"":"""",""@context"":""http://schema.org"",""@type"":""Place""},""@context"":""http://schema.org"",""@type"":""Event""}"
2026-10-01T16:03:02Z,bacchanalwine.com,100067,4bf58dd8d48988d1e5931735|music venue,http://www.bacchanalwine.com/public-events/2016/7/21/our-first-ever-tales-of-the-cocktail-spirited-dinner,Event,mapped_seed_site,,OUR FIRST EVER TALES OF THE COCKTAIL SPIRITED DINNER — Bacchanal Wine,2016-07-21T20:00:00-0500,2016-07-21T22:30:00-0500,http://www.bacchanalwine.com/public-events/2016/7/21/our-first-ever-tales-of-the-cocktail-spirited-dinner,,,,"{""name"":"""",""address"":"""",""@context"":""http://schema.org"",""@type"":""Place""}",,,,"[""http://static1.squarespace.com/static/55664b4de4b0bda793fb1423/56632208e4b04e4daff5c12e/5686fc7925981d3d9124f697/1464714367157/totc+dinner+mezcals+1.JPG?format=1500w""]",,"{""name"":""OUR FIRST EVER TALES OF THE COCKTAIL SPIRITED DINNER — Bacchanal Wine"",""startDate"":""2016-07-21T20:00:00-0500"",""endDate"":""2016-07-21T22:30:00-0500"",""image"":[""http://static1.squarespace.com/static/55664b4de4b0bda793fb1423/56632208e4b04e4daff5c12e/5686fc7925981d3d9124f697/1464714367157/totc+dinner+mezcals+1.JPG?format=1500w""],""location"":{""name"":"""",""address"":"""",""@context"":""http://schema.org"",""@type"":""Place""},""@context"":""http://schema.org"",""@type"":""Event""}"
2026-10-01T16:03:02Z,bacchanalwine.com,100067,4bf58dd8d48988d1e5931735|music venue,http://www.bacchanalwine.com/public-events/2016/4/2/bacchanalblendrollout,Event,mapped_seed_site,,RELEASE OF THE BACCHANAL BLEND! — Bacchanal Wine,2016-08-13T19:00:00-0500,2016-08-14T01:00:00-0500,http://www.bacchanalwine.com/public-events/2016/4/2/bacchanalblendrollout,,,,"{""name"":"""",""address"":"""",""@context"":""http://schema.org"",""@type"":""Place""}",,,,"[""http://static1.squarespace.com/static/55664b4de4b0bda793fb1423/56632208e4b04e4daff5c12e/56fec85001dbae882b0e1171/1470847376380/13737440_10154215535236638_7343879738402141702_o.jpg?format=1500w""]",,"{""name"":""RELEASE OF THE BACCHANAL BLEND! — Bacchanal Wine"",""startDate"":""2016-08-13T19:00:00-0500"",""endDate"":""2016-08-14T01:00:00-0500"",""image"":[""http://static1.squarespace.com/static/55664b4de4b0bda793fb1423/56632208e4b04e4daff5c12e/56fec85001dbae882b0e1171/1470847376380/13737440_10154215535236638_7343879738402141702_o.jpg?format=1500w""],""location"":{""name"":"""",""address"":"""",""@context"":""http://schema.org"",""@type"":""Place""},""@context"":""http://schema.org"",""@type"":""Event""}"
2026-10-01T16:03:02Z,bacchanalwine.com,100067,4bf58dd8d48988d1e5931735|music venue,http://www.bacchanalwine.com/public-events/2016/tuesday-brewsday,Event,mapped_seed_site,,TUESDAY BREWSDAY — Bacchanal Wine,2016-09-27T16:00:00-0500,2016-09-27T18:00:00-0500,http://www.bacchanalwine.com/public-events/2016/tuesday-brewsday,,,,"{""name"":""bacchanal"",""address"":""600 Poland Avenue\nNew Orleans, LA, 70117\nUnited States"",""@context"":""http://schema.org"",""@type"":""Place""}",,,,"[""http://static1.squarespace.com/static/55664b4de4b0bda793fb1423/56632208e4b04e4daff5c12e/568d5ddfa128e6a4d71629ac/1474554676318/FREE-BEER-1024x380.jpg?format=1500w""]",,"{""name"":""TUESDAY BREWSDAY — Bacchanal Wine"",""startDate"":""2016-09-27T16:00:00-0500"",""endDate"":""2016-09-27T18:00:00-0500"",""image"":[""http://static1.squarespace.com/static/55664b4de4b0bda793fb1423/56632208e4b04e4daff5c12e/568d5ddfa128e6a4d71629ac/1474554676318/FREE-BEER-1024x380.jpg?format=1500w""],""location"":{""name"":""bacchanal"",""address"":""600 Poland Avenue\nNew Orleans, LA, 70117\nUnited States"",""@context"":""http://schema.org"",""@type"":""Place""},""@context"":""http://schema.org"",""@type"":""Event""}"
2026-10-01T16:03:02Z,bacchanalwine.com,100067,4bf58dd8d48988d1e5931735|music venue,http://www.bacchanalwine.com/public-events/2016/9/26/one-flight-up,Event,mapped_seed_site,,ONE FLIGHT UP — Bacchanal Wine,2016-10-03T11:00:00-0500,2016-10-31T18:00:00-0500,http://www.bacchanalwine.com/public-events/2016/9/26/one-flight-up,,,,"{""name"":""BACCHANAL"",""address"":""600 Poland Avenue\nNew Orleans, LA, 70117\nUnited States"",""@context"":""http://schema.org"",""@type"":""Place""}",,,,"[""http://static1.squarespace.com/static/55664b4de4b0bda793fb1423/56632208e4b04e4daff5c12e/57e354d65016e12f880cc5cb/1475757427325/4lacasadelvermut.jpg?format=1500w""]",,"{""name"":""ONE FLIGHT UP — Bacchanal Wine"",""startDate"":""2016-10-03T11:00:00-0500"",""endDate"":""2016-10-31T18:00:00-0500"",""image"":[""http://static1.squarespace.com/static/55664b4de4b0bda793fb1423/56632208e4b04e4daff5c12e/57e354d65016e12f880cc5cb/1475757427325/4lacasadelvermut.jpg?format=1500w""],""location"":{""name"":""BACCHANAL"",""address"":""600 Poland Avenue\nNew Orleans, LA, 70117\nUnited States"",""@context"":""http://schema.org"",""@type"":""Place""},""@context"":""http://schema.org"",""@type"":""Event""}"
2026-10-01T16:03:02Z,bacchanalwine.com,100067,4bf58dd8d48988d1e5931735|music venue,http://www.bacchanalwine.com/public-events/2016/11/2/bacchanal-pops-up-at-urban-south,Event,mapped_seed_site,,Bacchanal Pops up at Urban South — Bacchanal Wine,2016-11-02T17:00:00-0500,2016-11-02T23:00:00-0500,http://www.bacchanalwine.com/public-events/2016/11/2/bacchanal-pops-up-at-urban-south,,,,"{""name"":""Urban South"",""address"":""1645 Tchoupitoulas Street\nNew Orleans, LA, 70130\nUnited States"",""@context"":""http://schema.org"",""@type"":""Place""}",,,,"[""http://static1.squarespace.com/static/55664b4de4b0bda793fb1423/56632208e4b04e4daff5c12e/58178083197aea6c5f212b85/1477935551901/BACH_FBevent_B.jpg?format=1500w""]",,"{""name"":""Bacchanal Pops up at Urban South — Bacchanal Wine"",""startDate"":""2016-11-02T17:00:00-0500"",""endDate"":""2016-11-02T23:00:00-0500"",""image"":[""http://static1.squarespace.com/static/55664b4de4b0bda793fb1423/56632208e4b04e4daff5c12e/58178083197aea6c5f212b85/1477935551901/BACH_FBevent_B.jpg?format=1500w""],""location"":{""name"":""Urban South"",""address"":""1645 Tchoupitoulas Street\nNew Orleans, LA, 70130\nUnited States"",""@context"":""http://schema.org"",""@type"":""Place""},""@context"":""http://schema.org"",""@type"":""Event""}"
2026-10-01T16:03:02Z,bacchanalwine.com,100067,4bf58dd8d48988d1e5931735|music venue,http://www.bacchanalwine.com/public-events/2016/11/19/bubbly-fest-2016,Event,mapped_seed_site,,Bubbly Fest 2016 — Bacchanal Wine,2016-11-19T15:00:00-0600,2016-11-19T17:00:00-0600,http://www.bacchanalwine.com/public-events/2016/11/19/bubbly-fest-2016,,,,"{""name"":"""",""address"":"""",""@context"":""http://schema.org"",""@type"":""Place""}",,,,"[""http://static1.squarespace.com/static/55664b4de4b0bda793fb1423/56632208e4b04e4daff5c12e/582a1a7f8419c24bb273d847/1479498192605/bubbles.jpg?format=1500w""]",,"{""name"":""Bubbly Fest 2016 — Bacchanal Wine"",""startDate"":""2016-11-19T15:00:00-0600"",""endDate"":""2016-11-19T17:00:00-0600"",""image"":[""http://static1.squarespace.com/static/55664b4de4b0bda793fb1423/56632208e4b04e4daff5c12e/582a1a7f8419c24bb273d847/1479498192605/bubbles.jpg?format=1500w""],""location"":{""name"":"""",""address"":"""",""@context"":""http://schema.org"",""@type"":""Place""},""@context"":""http://schema.org"",""@type"":""Event""}"
2026-10-01T16:03:02Z,bacchanalwine.com,100067,4bf58dd8d48988d1e5931735|music venue,http://www.bacchanalwine.com/public-events/2016/12/5/private-events-at-bacchanal-wine,Event,mapped_seed_site,,PRIVATE EVENTS AT BACCHANAL WINE — Bacchanal Wine,2016-12-05T11:00:00-0600,2018-12-21T18:29:59-0600,http://www.bacchanalwine.com/public-events/2016/12/5/private-events-at-bacchanal-wine,,,,"{""name"":"""",""address"":"""",""@context"":""http://schema.org"",""@type"":""Place""}",,,,"[""http://static1.squarespace.com/static/55664b4de4b0bda793fb1423/56632208e4b04e4daff5c12e/5845e53a9f745673686cae18/1481491152804/unnamed.jpg?format=1500w""]",,"{""name"":""PRIVATE EVENTS AT BACCHANAL WINE — Bacchanal Wine"",""startDate"":""2016-12-05T11:00:00-0600"",""endDate"":""2018-12-21T18:29:59-0600"",""image"":[""http://static1.squarespace.com/static/55664b4de4b0bda793fb1423/56632208e4b04e4daff5c12e/5845e53a9f745673686cae18/1481491152804/unnamed.jpg?format=1500w""],""location"":{""name"":"""",""address"":"""",""@context"":""http://schema.org"",""@type"":""Place""},""@context"":""http://schema.org"",""@type"":""Event""}"
2026-10-01T16:03:02Z,bacchanalwine.com,100067,4bf58dd8d48988d1e5931735|music venue,http://www.bacchanalwine.com/public-events/2016/12/20/bacchanal-is-closed-for-maintenance,Event,mapped_seed_site,,Bacchanal is Closed for Maintenance — Bacchanal Wine,2016-12-20T11:00:00-0600,2016-12-21T00:00:00-0600,http://www.bacchanalwine.com/public-events/2016/12/20/bacchanal-is-closed-for-maintenance,,,,"{""name"":"""",""address"":"""",""@context"":""http://schema.org"",""@type"":""Place""}",,,,"[""http://static1.squarespace.com/static/55664b4de4b0bda793fb1423/t/5859af546a49632e70b44c29/1482272598942/?format=1500w""]",,"{""name"":""Bacchanal is Closed for Maintenance — Bacchanal Wine"",""startDate"":""2016-12-20T11:00:00-0600"",""endDate"":""2016-12-21T00:00:00-0600"",""image"":[""http://static1.squarespace.com/static/55664b4de4b0bda793fb1423/t/5859af546a49632e70b44c29/1482272598942/?format=1500w""],""location"":{""name"":"""",""address"":"""",""@context"":""http://schema.org"",""@type"":""Place""},""@context"":""http://schema.org"",""@type"":""Event""}"
2026-10-01T16:03:02Z,bacchanalwine.com,100067,4bf58dd8d48988d1e5931735|music venue,http://www.bacchanalwine.com/public-events/2016/saturday-wine-tasting,Event,mapped_seed_site,,SATURDAY WINE TASTINGS - FREE TO THE PUBLIC! — Bacchanal Wine,2017-02-04T15:00:00-0600,2017-02-04T16:59:59-0600,http://www.bacchanalwine.com/public-events/2016/saturday-wine-tasting,,,,"{""name"":"""",""address"":"""",""@context"":""http://schema.org"",""@type"":""Place""}",,,,"[""http://static1.squarespace.com/static/55664b4de4b0bda793fb1423/56632208e4b04e4daff5c12e/568dab36841aba524628ba34/1486774566450/rose-shades-header.png?format=1500w""]",,"{""name"":""SATURDAY WINE TASTINGS - FREE TO THE PUBLIC! — Bacchanal Wine"",""startDate"":""2017-02-04T15:00:00-0600"",""endDate"":""2017-02-04T16:59:59-0600"",""image"":[""http://static1.squarespace.com/static/55664b4de4b0bda793fb1423/56632208e4b04e4daff5c12e/568dab36841aba524628ba34/1486774566450/rose-shades-header.png?format=1500w""],""location"":{""name"":"""",""address"":"""",""@context"":""http://schema.org"",""@type"":""Place""},""@context"":""http://schema.org"",""@type"":""Event""}"
2026-10-01T16:03:02Z,bacchanalwine.com,100067,4bf58dd8d48988d1e5931735|music venue,http://www.bacchanalwine.com/public-events/2016/14/2-anniversary,Event,mapped_seed_site,,OUR 15TH ANNIVERSARY PARTY — Bacchanal Wine,2017-02-14T14:00:00-0600,2017-02-15T00:00:00-0600,http://www.bacchanalwine.com/public-events/2016/14/2-anniversary,,,,"{""name"":"""",""address"":"""",""@context"":""http://schema.org"",""@type"":""Place""}",,,,"[""http://static1.squarespace.com/static/55664b4de4b0bda793fb1423/56632208e4b04e4daff5c12e/56873359df40f3987cc0a56a/1486494189329/Bacchanal+Postcard-anniversary.jpg?format=1500w""]",,"{""name"":""OUR 15TH ANNIVERSARY PARTY — Bacchanal Wine"",""startDate"":""2017-02-14T14:00:00-0600"",""endDate"":""2017-02-15T00:00:00-0600"",""image"":[""http://static1.squarespace.com/static/55664b4de4b0bda793fb1423/56632208e4b04e4daff5c12e/56873359df40f3987cc0a56a/1486494189329/Bacchanal+Postcard-anniversary.jpg?format=1500w""],""location"":{""name"":"""",""address"":"""",""@context"":""http://schema.org"",""@type"":""Place""},""@context"":""http://schema.org"",""@type"":""Event""}"
2026-10-01T16:03:02Z,bacchanalwine.com,100067,4bf58dd8d48988d1e5931735|music venue,http://www.bacchanalwine.com/public-events/2016/4/30/our-7th-annual-rose-fest-pinktodrink,Event,mapped_seed_site,,Our 8th Annual Rose Fest! #pinktodrink — Bacchanal Wine,2017-05-13T14:30:00-0500,2017-05-13T17:00:00-0500,http://www.bacchanalwine.com/public-events/2016/4/30/our-7th-annual-rose-fest-pinktodrink,,,,"{""name"":"""",""address"":"""",""@context"":""http://schema.org"",""@type"":""Place""}",,,,"[""http://static1.squarespace.com/static/55664b4de4b0bda793fb1423/56632208e4b04e4daff5c12e/568d96bcc647addd9d257a90/1494524662941/rose%CC%81.jpg?format=1500w""]",,"{""name"":""Our 8th Annual Rose Fest! #pinktodrink — Bacchanal Wine"",""startDate"":""2017-05-13T14:30:00-0500"",""endDate"":""2017-05-13T17:00:00-0500"",""image"":[""http://static1.squarespace.com/static/55664b4de4b0bda793fb1423/56632208e4b04e4daff5c12e/568d96bcc647addd9d257a90/1494524662941/rose%CC%81.jpg?format=1500w""],""location"":{""name"":"""",""address"":"""",""@context"":""http://schema.org"",""@type"":""Place""},""@context"":""http://schema.org"",""@type"":""Event""}"
2026-10-01T16:03:02Z,bacchanalwine.com,100067,4bf58dd8d48988d1e5931735|music venue,http://www.bacchanalwine.com/public-events/2017/10/4/wino-wednesday-tasting,Event,mapped_seed_site,,Wino Wednesday Tasting — Bacchanal Wine,2017-10-04T13:00:00-0500,2017-10-04T15:00:00-0500,http://www.bacchanalwine.com/public-events/2017/10/4/wino-wednesday-tasting,,,,"{""name"":"""",""address"":"""",""@context"":""http://schema.org"",""@type"":""Place""}",,,,,,"{""name"":""Wino Wednesday Tasting  — Bacchanal Wine"",""startDate"":""2017-10-04T13:00:00-0500"",""endDate"":""2017-10-04T15:00:00-0500"",""location"":{""name"":"""",""address"":"""",""@context"":""http://schema.org"",""@type"":""Place""},""@context"":""http://schema.org"",""@type"":""Event""}"
2026-10-01T16:03:02Z,bacchanalwine.com,100067,4bf58dd8d48988d1e5931735|music venue,http://www.bacchanalwine.com/public-events/2017/10/7/saturday-wine-tasting,Event,mapped_seed_site,,Saturday Wine Tasting — Bacchanal Wine,2017-10-07T15:00:00-0500,2017-10-07T17:00:00-0500,http://www.bacchanalwine.com/public-events/2017/10/7/saturday-wine-tasting,,,,"{""name"":"""",""address"":"""",""@context"":""http://schema.org"",""@type"":""Place""}",,,,,,"{""name"":""Saturday Wine Tasting  — Bacchanal Wine"",""startDate"":""2017-10-07T15:00:00-0500"",""endDate"":""2017-10-07T17:00:00-0500"",""location"":{""name"":"""",""address"":"""",""@context"":""http://schema.org"",""@type"":""Place""},""@context"":""http://schema.org"",""@type"":""Event""}"
2026-10-01T16:03:02Z,bacchanalwine.com,100067,4bf58dd8d48988d1e5931735|music venue,http://www.bacchanalwine.com/public-events/2017/10/11/wino-wednesday-tasting,Event,mapped_seed_site,,Wino Wednesday Tasting — Bacchanal Wine,2017-10-11T13:00:00-0500,2017-10-11T15:00:00-0500,http://www.bacchanalwine.com/public-events/2017/10/11/wino-wednesday-tasting,,,,"{""name"":"""",""address"":"""",""@context"":""http://schema.org"",""@type"":""Place""}",,,,"[""http://static1.squarespace.com/static/55664b4de4b0bda793fb1423/t/59dbbc3ff7e0ab3dbb1c0003/1507572816463/WinoWednesdaySTOCK.png?format=1500w""]",,"{""name"":""Wino Wednesday Tasting — Bacchanal Wine"",""startDate"":""2017-10-11T13:00:00-0500"",""endDate"":""2017-10-11T15:00:00-0500"",""image"":[""http://static1.squarespace.com/static/55664b4de4b0bda793fb1423/t/59dbbc3ff7e0ab3dbb1c0003/1507572816463/WinoWednesdaySTOCK.png?format=1500w""],""location"":{""name"":"""",""address"":"""",""@context"":""http://schema.org"",""@type"":""Place""},""@context"":""http://schema.org"",""@type"":""Event""}"
2026-10-01T16:03:02Z,bacchanalwine.com,100067,4bf58dd8d48988d1e5931735|music venue,http://www.bacchanalwine.com/public-events/2017/10/13/innervisions-70s-party-and-fundraiser-for-hurricane-harvey-relief,Event,mapped_seed_site,,Innervisions 70s Party and Fundraiser for Hurricane Harvey Relief — Bacchanal Wine,2017-10-13T19:00:00-0500,2017-10-13T22:00:00-0500,http://www.bacchanalwine.com/public-events/2017/10/13/innervisions-70s-party-and-fundraiser-for-hurricane-harvey-relief,,,,"{""name"":"""",""address"":"""",""@context"":""http://schema.org"",""@type"":""Place""}",,,,"[""http://static1.squarespace.com/static/55664b4de4b0bda793fb1423/t/59dd2497197aea5e6885afe1/1507665074932/IMG_89161.jpg?format=1500w""]",,"{""name"":""Innervisions 70s Party and Fundraiser for Hurricane Harvey Relief — Bacchanal Wine"",""startDate"":""2017-10-13T19:00:00-0500"",""endDate"":""2017-10-13T22:00:00-0500"",""image"":[""http://static1.squarespace.com/static/55664b4de4b0bda793fb1423/t/59dd2497197aea5e6885afe1/1507665074932/IMG_89161.jpg?format=1500w""],""location"":{""name"":"""",""address"":"""",""@context"":""http://schema.org"",""@type"":""Place""},""@context"":""http://schema.org"",""@type"":""Event""}"
2026-10-01T16:03:02Z,bacchanalwine.com,100067,4bf58dd8d48988d1e5931735|music venue,http://www.bacchanalwine.com/public-events/2017/10/14/saturday-wine-tasting-bubbles-from-around-the-world,Event,mapped_seed_site,,Saturday Wine Tasting: Bubbles from Around the World — Bacchanal Wine,2017-10-14T15:00:00-0500,2017-10-14T17:00:00-0500,http://www.bacchanalwine.com/public-events/2017/10/14/saturday-wine-tasting-bubbles-from-around-the-world,,,,"{""name"":"""",""address"":"""",""@context"":""http://schema.org"",""@type"":""Place""}",,,,"[""http://static1.squarespace.com/static/55664b4de4b0bda793fb1423/t/59dbbcf9f7e0ab3dbb1c0aea/1507573000634/Saturday+wine+tasting_10.6.png?format=1500w""]",,"{""name"":""Saturday Wine Tasting: Bubbles from Around the World — Bacchanal Wine"",""startDate"":""2017-10-14T15:00:00-0500"",""endDate"":""2017-10-14T17:00:00-0500"",""image"":[""http://static1.squarespace.com/static/55664b4de4b0bda793fb1423/t/59dbbcf9f7e0ab3dbb1c0aea/1507573000634/Saturday+wine+tasting_10.6.png?format=1500w""],""location"":{""name"":"""",""address"":"""",""@context"":""http://schema.org"",""@type"":""Place""},""@context"":""http://schema.org"",""@type"":""Event""}"
2026-10-01T16:03:02Z,bacchanalwine.com,100067,4bf58dd8d48988d1e5931735|music venue,http://www.bacchanalwine.com/public-events/2017/10/18/discover-what-the-founding-fathers-couldnt-resist-madeira,Event,mapped_seed_site,,Discover what the Founding Fathers Couldn't Resist: Madeira — Bacchanal Wine,2017-10-18T13:00:00-0500,2017-10-18T15:00:00-0500,http://www.bacchanalwine.com/public-events/2017/10/18/discover-what-the-founding-fathers-couldnt-resist-madeira,,,,"{""name"":"""",""address"":"""",""@context"":""http://schema.org"",""@type"":""Place""}",,,,"[""http://static1.squarespace.com/static/55664b4de4b0bda793fb1423/t/59e3ea36bce1769551531720/1508108872688/Madeira+Tasting_1+%281%29.png?format=1500w""]",,"{""name"":""Discover what the Founding Fathers Couldn't Resist: Madeira — Bacchanal Wine"",""startDate"":""2017-10-18T13:00:00-0500"",""endDate"":""2017-10-18T15:00:00-0500"",""image"":[""http://static1.squarespace.com/static/55664b4de4b0bda793fb1423/t/59e3ea36bce1769551531720/1508108872688/Madeira+Tasting_1+%281%29.png?format=1500w""],""location"":{""name"":"""",""address"":"""",""@context"":""http://schema.org"",""@type"":""Place""},""@context"":""http://schema.org"",""@type"":""Event""}"
2026-10-01T16:03:02Z,bacchanalwine.com,100067,4bf58dd8d48988d1e5931735|music venue,http://www.bacchanalwine.com/public-events/2017/10/19/bacchanal-backyard-and-bubbles-champagne-day-nola,Event,mapped_seed_site,,Bacchanal Backyard and Bubbles // Champagne Day Nola — Bacchanal Wine,2017-10-19T18:00:00-0500,2017-10-19T19:00:00-0500,http://www.bacchanalwine.com/public-events/2017/10/19/bacchanal-backyard-and-bubbles-champagne-day-nola,,,,"{""name"":"""",""address"":"""",""@context"":""http://schema.org"",""@type"":""Place""}",,,,"[""http://static1.squarespace.com/static/55664b4de4b0bda793fb1423/t/59e92841bce176895bfdffe9/1508452435380/Champagne+Day_10.20+%281%29.png?format=1500w""]",,"{""name"":""Bacchanal Backyard and Bubbles // Champagne Day Nola  — Bacchanal Wine"",""startDate"":""2017-10-19T18:00:00-0500"",""endDate"":""2017-10-19T19:00:00-0500"",""image"":[""http://static1.squarespace.com/static/55664b4de4b0bda793fb1423/t/59e92841bce176895bfdffe9/1508452435380/Champagne+Day_10.20+%281%29.png?format=1500w""],""location"":{""name"":"""",""address"":"""",""@context"":""http://schema.org"",""@type"":""Place""},""@context"":""http://schema.org"",""@type"":""Event""}"
2026-10-01T16:03:02Z,bacchanalwine.com,100067,4bf58dd8d48988d1e5931735|music venue,http://www.bacchanalwine.com/public-events/2017/10/21/california-wine-tasting,Event,mapped_seed_site,,California Wine Tasting — Bacchanal Wine,2017-10-21T15:00:00-0500,2017-10-21T17:00:00-0500,http://www.bacchanalwine.com/public-events/2017/10/21/california-wine-tasting,,,,"{""name"":"""",""address"":"""",""@context"":""http://schema.org"",""@type"":""Place""}",,,,"[""http://static1.squarespace.com/static/55664b4de4b0bda793fb1423/t/59e918d449fc2b119de74166/1508448477342/Bacchanal+Blend.jpg?format=1500w""]",,"{""name"":""California Wine Tasting — Bacchanal Wine"",""startDate"":""2017-10-21T15:00:00-0500"",""endDate"":""2017-10-21T17:00:00-0500"",""image"":[""http://static1.squarespace.com/static/55664b4de4b0bda793fb1423/t/59e918d449fc2b119de74166/1508448477342/Bacchanal+Blend.jpg?format=1500w""],""location"":{""name"":"""",""address"":"""",""@context"":""http://schema.org"",""@type"":""Place""},""@context"":""http://schema.org"",""@type"":""Event""}"
2026-10-01T16:03:02Z,neworleansonline.com,100067,4bf58dd8d48988d1e5931735|music venue,http://www.neworleansonline.com/neworleans/festivals/culinaryfestivals/seafoodfestival.html,FoodEvent,mapped_exact,0.000,Louisiana Seafood Festival,2017-10-27,2017-10-29,https://www.neworleans.com/event/louisiana-seafood-festival/3213/,https://schema.org/EventScheduled,,"Head to Woldenberg Park on the riverfront for three days of seafood, cocktails, live music, and family fun! Food With Louisiana’s incredible seafood history, it’s no surprise that we have a three-day festival to celebrate this delicious fare. A variety","{""@type"":""LocalBusiness"",""@id"":""https://www.neworleans.com/listing/louisiana-hospitality-foundation/29533/#localbusiness"",""name"":""Louisiana Hospitality Foundation"",""address"":{""@type"":""PostalAddress"",""streetAddress"":""1 Canal St"",""addressLocality"":""New Orleans"",""addressRegion"":""LA"",""postalCode"":""70130""},""geo"":{""@type"":""GeoCoordinates"",""latitude"":29.9508711,""longitude"":-90.0632167}}",,"{""@type"":""Organization"",""name"":""Louisiana Hospitality Foundation""}",,"{""@type"":""ImageObject"",""url"":""https://assets.simpleviewinc.com/simpleview/image/upload/c_limit,h_1200,q_75,w_1200/v1/crm/neworleans/NOTMC_98370_aedf97fe-5056-b365-ab9a462d3ddc5187.jpg""}","Family Friendly, Festivals, Culinary: Food, Festivals: Fall, Festivals: Food, Featured","{""@type"":""FoodEvent"",""@id"":""https://www.neworleans.com/event/louisiana-seafood-festival/3213/#event"",""url"":""https://www.neworleans.com/event/louisiana-seafood-festival/3213/"",""name"":""Louisiana Seafood Festival"",""description"":""Head to Woldenberg Park on the riverfront for three days of seafood, cocktails, live music, and family fun! Food With Louisiana’s incredible seafood history, it’s no surprise that we have a three-day festival to celebrate this delicious fare. A variety"",""startDate"":""2017-10-27"",""endDate"":""2017-10-29"",""keywords"":""Family Friendly, Festivals, Culinary: Food, Festivals: Fall, Festivals: Food, Featured"",""eventStatus"":""https://schema.org/EventScheduled"",""image"":{""@type"":""ImageObject"",""url"":""https://assets.simpleviewinc.com/simpleview/image/upload/c_limit,h_1200,q_75,w_1200/v1/crm/neworleans/NOTMC_98370_aedf97fe-5056-b365-ab9a462d3ddc5187.jpg""},""organizer"":{""@type"":""Organization"",""name"":""Louisiana Hospitality Foundation""},""location"":{""@type"":""LocalBusiness"",""@id"":""https://www.neworleans.com/listing/louisiana-hospitality-foundation/29533/#localbusiness"",""name"":""Louisiana Hospitality Foundation"",""address"":{""@type"":""PostalAddress"",""streetAddress"":""1 Canal St"",""addressLocality"":""New Orleans"",""addressRegion"":""LA"",""postalCode"":""70130""},""geo"":{""@type"":""GeoCoordinates"",""latitude"":29.9508711,""longitude"":-90.0632167}}}"
2026-10-01T16:03:02Z,bacchanalwine.com,100067,4bf58dd8d48988d1e5931735|music venue,http://www.bacchanalwine.com/public-events/2017/10/30/primal-night,Event,mapped_seed_site,,Primal Night // Be Bad for a Good Cause — Bacchanal Wine,2017-10-30T15:00:00-0500,2017-10-31T23:00:00-0500,http://www.bacchanalwine.com/public-events/2017/10/30/primal-night,,,,"{""name"":"""",""address"":"""",""@context"":""http://schema.org"",""@type"":""Place""}",,,,"[""http://static1.squarespace.com/static/55664b4de4b0bda793fb1423/t/59e92b6face864c26d1198a4/1508453237863/Primal+Night+Post+1+%281%29.png?format=1500w""]",,"{""name"":""Primal Night // Be Bad for a Good Cause  — Bacchanal Wine"",""startDate"":""2017-10-30T15:00:00-0500"",""endDate"":""2017-10-31T23:00:00-0500"",""image"":[""http://static1.squarespace.com/static/55664b4de4b0bda793fb1423/t/59e92b6face864c26d1198a4/1508453237863/Primal+Night+Post+1+%281%29.png?format=1500w""],""location"":{""name"":"""",""address"":"""",""@context"":""http://schema.org"",""@type"":""Place""},""@context"":""http://schema.org"",""@type"":""Event""}"
2026-10-01T16:03:02Z,bacchanalwine.com,100067,4bf58dd8d48988d1e5931735|music venue,http://www.bacchanalwine.com/public-events/2017/10/30/south-african-wine-week-oct-30th-nov-5th,Event,mapped_seed_site,,South African Wine Week: Oct. 30th - Nov. 5th — Bacchanal Wine,2017-10-30T18:30:00-0500,2017-11-05T19:30:00-0600,http://www.bacchanalwine.com/public-events/2017/10/30/south-african-wine-week-oct-30th-nov-5th,,,,"{""name"":"""",""address"":"""",""@context"":""http://schema.org"",""@type"":""Place""}",,,,"[""http://static1.squarespace.com/static/55664b4de4b0bda793fb1423/t/59f3c26427ef2ddff5c8a525/1509147341031/Wines-Of-South-Africa+logo.jpg?format=1500w""]",,"{""name"":""South African Wine Week: Oct. 30th - Nov. 5th — Bacchanal Wine"",""startDate"":""2017-10-30T18:30:00-0500"",""endDate"":""2017-11-05T19:30:00-0600"",""image"":[""http://static1.squarespace.com/static/55664b4de4b0bda793fb1423/t/59f3c26427ef2ddff5c8a525/1509147341031/Wines-Of-South-Africa+logo.jpg?format=1500w""],""location"":{""name"":"""",""address"":"""",""@context"":""http://schema.org"",""@type"":""Place""},""@context"":""http://schema.org"",""@type"":""Event""}"
2026-10-01T16:03:02Z,bacchanalwine.com,100067,4bf58dd8d48988d1e5931735|music venue,http://www.bacchanalwine.com/public-events/2017/10/8/la-to-la-erb-pops-up-at-bacchanal,Event,mapped_seed_site,,L.A. to LA // E.R.B Pops Up at Bacchanal — Bacchanal Wine,2017-11-05T12:00:00-0600,2017-11-05T23:00:00-0600,http://www.bacchanalwine.com/public-events/2017/10/8/la-to-la-erb-pops-up-at-bacchanal,,,,"{""name"":"""",""address"":"""",""@context"":""http://schema.org"",""@type"":""Place""}",,,,"[""http://static1.squarespace.com/static/55664b4de4b0bda793fb1423/t/59f8ec4a71c10bab5066cbc1/1509485652870/ERB+TAKEOVER+SIDE+A.png?format=1500w""]",,"{""name"":""L.A. to LA // E.R.B Pops Up at Bacchanal — Bacchanal Wine"",""startDate"":""2017-11-05T12:00:00-0600"",""endDate"":""2017-11-05T23:00:00-0600"",""image"":[""http://static1.squarespace.com/static/55664b4de4b0bda793fb1423/t/59f8ec4a71c10bab5066cbc1/1509485652870/ERB+TAKEOVER+SIDE+A.png?format=1500w""],""location"":{""name"":"""",""address"":"""",""@context"":""http://schema.org"",""@type"":""Place""},""@context"":""http://schema.org"",""@type"":""Event""}"
2026-10-01T16:03:02Z,bacchanalwine.com,100067,4bf58dd8d48988d1e5931735|music venue,http://www.bacchanalwine.com/public-events/2017/11/8/wino-wednesday-wine-tasting,Event,mapped_seed_site,,Wino Wednesday Wine Tasting — Bacchanal Wine,2017-11-08T13:00:00-0600,2017-11-08T15:00:00-0600,http://www.bacchanalwine.com/public-events/2017/11/8/wino-wednesday-wine-tasting,,,,"{""name"":"""",""address"":"""",""@context"":""http://schema.org"",""@type"":""Place""}",,,,"[""http://static1.squarespace.com/static/55664b4de4b0bda793fb1423/t/5a00f70bc83025f467205c4b/1510012692780/IMG_8522.JPG?format=1500w""]",,"{""name"":""Wino Wednesday Wine Tasting — Bacchanal Wine"",""startDate"":""2017-11-08T13:00:00-0600"",""endDate"":""2017-11-08T15:00:00-0600"",""image"":[""http://static1.squarespace.com/static/55664b4de4b0bda793fb1423/t/5a00f70bc83025f467205c4b/1510012692780/IMG_8522.JPG?format=1500w""],""location"":{""name"":"""",""address"":"""",""@context"":""http://schema.org"",""@type"":""Place""},""@context"":""http://schema.org"",""@type"":""Event""}"
2026-10-01T16:03:02Z,bacchanalwine.com,100067,4bf58dd8d48988d1e5931735|music venue,http://www.bacchanalwine.com/public-events/2017/11/11/saturday-wine-tasting,Event,mapped_seed_site,,Saturday Wine Tasting — Bacchanal Wine,2017-11-11T15:00:00-0600,2017-11-11T17:00:00-0600,http://www.bacchanalwine.com/public-events/2017/11/11/saturday-wine-tasting,,,,"{""name"":"""",""address"":"""",""@context"":""http://schema.org"",""@type"":""Place""}",,,,"[""http://static1.squarespace.com/static/55664b4de4b0bda793fb1423/56632208e4b04e4daff5c12e/5a037920ec212d3e0f53aa64/1510184022350/IMG_0712.jpg?format=1500w""]",,"{""name"":""Saturday Wine Tasting  — Bacchanal Wine"",""startDate"":""2017-11-11T15:00:00-0600"",""endDate"":""2017-11-11T17:00:00-0600"",""image"":[""http://static1.squarespace.com/static/55664b4de4b0bda793fb1423/56632208e4b04e4daff5c12e/5a037920ec212d3e0f53aa64/1510184022350/IMG_0712.jpg?format=1500w""],""location"":{""name"":"""",""address"":"""",""@context"":""http://schema.org"",""@type"":""Place""},""@context"":""http://schema.org"",""@type"":""Event""}"
2026-10-01T16:03:02Z,bacchanalwine.com,100067,4bf58dd8d48988d1e5931735|music venue,http://www.bacchanalwine.com/public-events/2017/11/20/primal-night-round-2,Event,mapped_seed_site,,Primal Night // Round 2 — Bacchanal Wine,2017-11-20T17:00:00-0600,2017-11-20T23:00:00-0600,http://www.bacchanalwine.com/public-events/2017/11/20/primal-night-round-2,,,,"{""name"":"""",""address"":"""",""@context"":""http://schema.org"",""@type"":""Place""}",,,,"[""http://static1.squarespace.com/static/55664b4de4b0bda793fb1423/56632208e4b04e4daff5c12e/5a03888c0d9297621a47ee7d/1510184186381/IMG_0535.JPG?format=1500w""]",,"{""name"":""Primal Night // Round 2  — Bacchanal Wine"",""startDate"":""2017-11-20T17:00:00-0600"",""endDate"":""2017-11-20T23:00:00-0600"",""image"":[""http://static1.squarespace.com/static/55664b4de4b0bda793fb1423/56632208e4b04e4daff5c12e/5a03888c0d9297621a47ee7d/1510184186381/IMG_0535.JPG?format=1500w""],""location"":{""name"":"""",""address"":"""",""@context"":""http://schema.org"",""@type"":""Place""},""@context"":""http://schema.org"",""@type"":""Event""}"
2026-10-01T16:03:02Z,bacchanalwine.com,100067,4bf58dd8d48988d1e5931735|music venue,http://www.bacchanalwine.com/public-events/2017/11/8/latino-chefs-benefit-for-puerto-rico-paradigm-gardens,Event,mapped_seed_site,,Latino Chefs Benefit for Puerto Rico // Paradigm Gardens — Bacchanal Wine,2017-11-26T18:00:00-0600,2017-11-26T20:00:00-0600,http://www.bacchanalwine.com/public-events/2017/11/8/latino-chefs-benefit-for-puerto-rico-paradigm-gardens,,,,"{""name"":"""",""address"":"""",""@context"":""http://schema.org"",""@type"":""Place""}",,,,"[""http://static1.squarespace.com/static/55664b4de4b0bda793fb1423/t/5a037d629140b70c95b363ee/1510178159735/IMG_8599.JPG?format=1500w""]",,"{""name"":""Latino Chefs Benefit for Puerto Rico // Paradigm Gardens — Bacchanal Wine"",""startDate"":""2017-11-26T18:00:00-0600"",""endDate"":""2017-11-26T20:00:00-0600"",""image"":[""http://static1.squarespace.com/static/55664b4de4b0bda793fb1423/t/5a037d629140b70c95b363ee/1510178159735/IMG_8599.JPG?format=1500w""],""location"":{""name"":"""",""address"":"""",""@context"":""http://schema.org"",""@type"":""Place""},""@context"":""http://schema.org"",""@type"":""Event""}"
2026-10-01T16:03:02Z,bacchanalwine.com,100067,4bf58dd8d48988d1e5931735|music venue,http://www.bacchanalwine.com/public-events/2017/11/29/wino-wednesday,Event,mapped_seed_site,,Wino Wednesday — Bacchanal Wine,2017-11-29T13:00:00-0600,2017-11-29T15:00:00-0600,http://www.bacchanalwine.com/public-events/2017/11/29/wino-wednesday,,,,"{""name"":"""",""address"":"""",""@context"":""http://schema.org"",""@type"":""Place""}",,,,"[""http://static1.squarespace.com/static/55664b4de4b0bda793fb1423/t/5a1c53c924a694106dc4952f/1511805902696/Wino+Wednesday_4.26+%281%29.png?format=1500w""]",,"{""name"":""Wino Wednesday  — Bacchanal Wine"",""startDate"":""2017-11-29T13:00:00-0600"",""endDate"":""2017-11-29T15:00:00-0600"",""image"":[""http://static1.squarespace.com/static/55664b4de4b0bda793fb1423/t/5a1c53c924a694106dc4952f/1511805902696/Wino+Wednesday_4.26+%281%29.png?format=1500w""],""location"":{""name"":"""",""address"":"""",""@context"":""http://schema.org"",""@type"":""Place""},""@context"":""http://schema.org"",""@type"":""Event""}"
2026-10-01T16:03:02Z,bacchanalwine.com,100067,4bf58dd8d48988d1e5931735|music venue,http://www.bacchanalwine.com/public-events/2017/12/11/primal-night-for-puerto-rico,Event,mapped_seed_site,,Primal Night for Puerto Rico — Bacchanal Wine,2017-12-11T17:00:00-0600,2017-12-11T22:00:00-0600,http://www.bacchanalwine.com/public-events/2017/12/11/primal-night-for-puerto-rico,,,,"{""name"":"""",""address"":"""",""@context"":""http://schema.org"",""@type"":""Place""}",,,,"[""http://static1.squarespace.com/static/55664b4de4b0bda793fb1423/t/5a2589239140b74b9def78c4/1512409387627/IMG_1129.JPG?format=1500w""]",,"{""name"":""Primal Night for Puerto Rico — Bacchanal Wine"",""startDate"":""2017-12-11T17:00:00-0600"",""endDate"":""2017-12-11T22:00:00-0600"",""image"":[""http://static1.squarespace.com/static/55664b4de4b0bda793fb1423/t/5a2589239140b74b9def78c4/1512409387627/IMG_1129.JPG?format=1500w""],""location"":{""name"":"""",""address"":"""",""@context"":""http://schema.org"",""@type"":""Place""},""@context"":""http://schema.org"",""@type"":""Event""}"
2026-10-01T16:03:02Z,bacchanalwine.com,100067,4bf58dd8d48988d1e5931735|music venue,http://www.bacchanalwine.com/public-events/2017/12/13/wino-wednesday,Event,mapped_seed_site,,Wino Wednesday — Bacchanal Wine,2017-12-13T13:00:00-0600,2017-12-13T15:00:00-0600,http://www.bacchanalwine.com/public-events/2017/12/13/wino-wednesday,,,,"{""name"":"""",""address"":"""",""@context"":""http://schema.org"",""@type"":""Place""}",,,,"[""http://static1.squarespace.com/static/55664b4de4b0bda793fb1423/t/5a2857de0852294eb5107203/1512593384671/IMG_0875.JPG?format=1500w""]",,"{""name"":""Wino Wednesday  — Bacchanal Wine"",""startDate"":""2017-12-13T13:00:00-0600"",""endDate"":""2017-12-13T15:00:00-0600"",""image"":[""http://static1.squarespace.com/static/55664b4de4b0bda793fb1423/t/5a2857de0852294eb5107203/1512593384671/IMG_0875.JPG?format=1500w""],""location"":{""name"":"""",""address"":"""",""@context"":""http://schema.org"",""@type"":""Place""},""@context"":""http://schema.org"",""@type"":""Event""}"
2026-10-01T16:03:02Z,bacchanalwine.com,100067,4bf58dd8d48988d1e5931735|music venue,http://www.bacchanalwine.com/public-events/2017/12/13/wino-wednesday-1,Event,mapped_seed_site,,Wino Wednesday — Bacchanal Wine,2017-12-13T13:00:00-0600,2017-12-13T15:00:00-0600,http://www.bacchanalwine.com/public-events/2017/12/13/wino-wednesday-1,,,,"{""name"":"""",""address"":"""",""@context"":""http://schema.org"",""@type"":""Place""}",,,,"[""http://static1.squarespace.com/static/55664b4de4b0bda793fb1423/t/5a306ee3085229b367b37d7e/1513123875376/Wine+Tasting+for+Wed+1.jpg?format=1500w""]",,"{""name"":""Wino Wednesday — Bacchanal Wine"",""startDate"":""2017-12-13T13:00:00-0600"",""endDate"":""2017-12-13T15:00:00-0600"",""image"":[""http://static1.squarespace.com/static/55664b4de4b0bda793fb1423/t/5a306ee3085229b367b37d7e/1513123875376/Wine+Tasting+for+Wed+1.jpg?format=1500w""],""location"":{""name"":"""",""address"":"""",""@context"":""http://schema.org"",""@type"":""Place""},""@context"":""http://schema.org"",""@type"":""Event""}"
2026-10-01T16:03:02Z,bacchanalwine.com,100067,4bf58dd8d48988d1e5931735|music venue,http://www.bacchanalwine.com/public-events/2017/12/13/an-evening-with-grumpy-santa,Event,mapped_seed_site,,An Evening with Bitter Santa — Bacchanal Wine,2017-12-13T18:00:00-0600,2017-12-14T00:00:00-0600,http://www.bacchanalwine.com/public-events/2017/12/13/an-evening-with-grumpy-santa,,,,"{""name"":"""",""address"":"""",""@context"":""http://schema.org"",""@type"":""Place""}",,,,"[""http://static1.squarespace.com/static/55664b4de4b0bda793fb1423/t/5a21c923085229d1ae5598b9/1512163649386/Copy+of+Bitter+Santa_1.png?format=1500w""]",,"{""name"":""An Evening with Bitter Santa  — Bacchanal Wine"",""startDate"":""2017-12-13T18:00:00-0600"",""endDate"":""2017-12-14T00:00:00-0600"",""image"":[""http://static1.squarespace.com/static/55664b4de4b0bda793fb1423/t/5a21c923085229d1ae5598b9/1512163649386/Copy+of+Bitter+Santa_1.png?format=1500w""],""location"":{""name"":"""",""address"":"""",""@context"":""http://schema.org"",""@type"":""Place""},""@context"":""http://schema.org"",""@type"":""Event""}"
2026-10-01T16:03:02Z,bacchanalwine.com,100067,4bf58dd8d48988d1e5931735|music venue,http://www.bacchanalwine.com/public-events/2017/11/8/bubbly-fest-2017-7r5wj,Event,mapped_seed_site,,BubblyFest 2018 — Bacchanal Wine,2018-11-17T15:00:00-0600,2018-11-17T17:00:00-0600,http://www.bacchanalwine.com/public-events/2017/11/8/bubbly-fest-2017-7r5wj,,,,"{""name"":"""",""address"":"""",""@context"":""http://schema.org"",""@type"":""Place""}",,,,"[""http://static1.squarespace.com/static/55664b4de4b0bda793fb1423/56632208e4b04e4daff5c12e/5bd20af60d92978240a7975d/1542067645615/Bubbly+Fest+thumbnail.jpg?format=1500w""]",,"{""name"":""BubblyFest 2018 — Bacchanal Wine"",""startDate"":""2018-11-17T15:00:00-0600"",""endDate"":""2018-11-17T17:00:00-0600"",""image"":[""http://static1.squarespace.com/static/55664b4de4b0bda793fb1423/56632208e4b04e4daff5c12e/5bd20af60d92978240a7975d/1542067645615/Bubbly+Fest+thumbnail.jpg?format=1500w""],""location"":{""name"":"""",""address"":"""",""@context"":""http://schema.org"",""@type"":""Place""},""@context"":""http://schema.org"",""@type"":""Event""}"
2026-10-01T16:03:02Z,nolajazzmuseum.org,100067,4bf58dd8d48988d190941735|history museum,https://nolajazzmuseum.org/events/2019/1/3/thursday-with-christien-bold-lf33w-xyzbw,Event,mapped_seed_site,,The Bold Hour — New Orleans Jazz Museum,2019-01-09T14:00:00-0600,2019-01-09T15:00:00-0600,https://nolajazzmuseum.org/events/2019/1/3/thursday-with-christien-bold-lf33w-xyzbw,,,,"{""name"":""New Orleans Jazz Museum"",""address"":""400 Esplanade Avenue\nNew Orleans\nUnited States"",""@context"":""http://schema.org"",""@type"":""Place""}",,,,"[""http://static1.squarespace.com/static/58092328579fb31efea7a49e/580e6f4febbd1a5703281b18/5c33d8b4562fa73fd5589bf5/1749561646428/image1.jpeg?format=1500w""]",,"{""name"":""The Bold Hour — New Orleans Jazz Museum"",""startDate"":""2019-01-09T14:00:00-0600"",""endDate"":""2019-01-09T15:00:00-0600"",""image"":[""http://static1.squarespace.com/static/58092328579fb31efea7a49e/580e6f4febbd1a5703281b18/5c33d8b4562fa73fd5589bf5/1749561646428/image1.jpeg?format=1500w""],""location"":{""name"":""New Orleans Jazz Museum"",""address"":""400 Esplanade Avenue\nNew Orleans\nUnited States"",""@context"":""http://schema.org"",""@type"":""Place""},""@context"":""http://schema.org"",""@type"":""Event""}"
2026-10-01T16:03:02Z,nolajazzmuseum.org,100067,4bf58dd8d48988d190941735|history museum,https://nolajazzmuseum.org/events/2019/1/3/thursday-with-christien-bold-lf33w-xyzbw-5jdfl,Event,mapped_seed_site,,The Bold Hour — New Orleans Jazz Museum,2019-01-16T14:00:00-0600,2019-01-16T15:00:00-0600,https://nolajazzmuseum.org/events/2019/1/3/thursday-with-christien-bold-lf33w-xyzbw-5jdfl,,,,"{""name"":""New Orleans Jazz Museum"",""address"":""400 Esplanade Avenue\nNew Orleans\nUnited States"",""@context"":""http://schema.org"",""@type"":""Place""}",,,,"[""http://static1.squarespace.com/static/58092328579fb31efea7a49e/580e6f4febbd1a5703281b18/5c3e5306575d1f0ca9cd7389/1749561630347/image1.jpeg?format=1500w""]",,"{""name"":""The Bold Hour — New Orleans Jazz Museum"",""startDate"":""2019-01-16T14:00:00-0600"",""endDate"":""2019-01-16T15:00:00-0600"",""image"":[""http://static1.squarespace.com/static/58092328579fb31efea7a49e/580e6f4febbd1a5703281b18/5c3e5306575d1f0ca9cd7389/1749561630347/image1.jpeg?format=1500w""],""location"":{""name"":""New Orleans Jazz Museum"",""address"":""400 Esplanade Avenue\nNew Orleans\nUnited States"",""@context"":""http://schema.org"",""@type"":""Place""},""@context"":""http://schema.org"",""@type"":""Event""}"
2026-10-01T16:03:02Z,nolajazzmuseum.org,100067,4bf58dd8d48988d190941735|history museum,https://nolajazzmuseum.org/events/2019/1/18/screening-deacon-johns-jump-blues,Event,mapped_seed_site,,Screening: Deacon John’s Jump Blues — New Orleans Jazz Museum,2019-01-18T14:00:00-0600,2019-01-18T16:00:00-0600,https://nolajazzmuseum.org/events/2019/1/18/screening-deacon-johns-jump-blues,,,,"{""name"":"""",""address"":"""",""@context"":""http://schema.org"",""@type"":""Place""}",,,,"[""http://static1.squarespace.com/static/58092328579fb31efea7a49e/580e6f4febbd1a5703281b18/5c4017dc40ec9adef30661e3/1749561655367/deacon+john.jpg?format=1500w""]",,"{""name"":""Screening: Deacon John’s Jump Blues — New Orleans Jazz Museum"",""startDate"":""2019-01-18T14:00:00-0600"",""endDate"":""2019-01-18T16:00:00-0600"",""image"":[""http://static1.squarespace.com/static/58092328579fb31efea7a49e/580e6f4febbd1a5703281b18/5c4017dc40ec9adef30661e3/1749561655367/deacon+john.jpg?format=1500w""],""location"":{""name"":"""",""address"":"""",""@context"":""http://schema.org"",""@type"":""Place""},""@context"":""http://schema.org"",""@type"":""Event""}"
2026-10-01T16:03:02Z,nolajazzmuseum.org,100067,4bf58dd8d48988d190941735|history museum,https://nolajazzmuseum.org/events/2019/1/3/thursday-with-christien-bold-lf33w-xyzbw-5jdfl-ckj2t,Event,mapped_seed_site,,The Bold Hour — New Orleans Jazz Museum,2019-01-22T14:00:00-0600,2019-01-22T15:00:00-0600,https://nolajazzmuseum.org/events/2019/1/3/thursday-with-christien-bold-lf33w-xyzbw-5jdfl-ckj2t,,,,"{""name"":""New Orleans Jazz Museum"",""address"":""400 Esplanade Avenue\nNew Orleans\nUnited States"",""@context"":""http://schema.org"",""@type"":""Place""}",,,,"[""http://static1.squarespace.com/static/58092328579fb31efea7a49e/580e6f4febbd1a5703281b18/5c47612c0e2e72c267e9c33c/1749561637375/image1.jpeg?format=1500w""]",,"{""name"":""The Bold Hour — New Orleans Jazz Museum"",""startDate"":""2019-01-22T14:00:00-0600"",""endDate"":""2019-01-22T15:00:00-0600"",""image"":[""http://static1.squarespace.com/static/58092328579fb31efea7a49e/580e6f4febbd1a5703281b18/5c47612c0e2e72c267e9c33c/1749561637375/image1.jpeg?format=1500w""],""location"":{""name"":""New Orleans Jazz Museum"",""address"":""400 Esplanade Avenue\nNew Orleans\nUnited States"",""@context"":""http://schema.org"",""@type"":""Place""},""@context"":""http://schema.org"",""@type"":""Event""}"
2026-10-01T16:03:02Z,nolajazzmuseum.org,100067,4bf58dd8d48988d190941735|history museum,https://nolajazzmuseum.org/events/2019/1/23/dimensions-in-blue-jazz-ensemble-at-nola-jazz-museum,Event,mapped_seed_site,,Dimensions in Blue Jazz Ensemble — New Orleans Jazz Museum,2019-01-23T14:00:00-0600,2019-01-23T15:00:00-0600,https://nolajazzmuseum.org/events/2019/1/23/dimensions-in-blue-jazz-ensemble-at-nola-jazz-museum,,,,"{""name"":"""",""address"":"""",""@context"":""http://schema.org"",""@type"":""Place""}",,,,"[""http://static1.squarespace.com/static/58092328579fb31efea7a49e/580e6f4febbd1a5703281b18/5c489dbeb8a0454731d5a325/1749561645518/https___cdn.evbuc.com_images_54888606_28090765479_1_original.jpg?format=1500w""]",,"{""name"":""Dimensions in Blue Jazz Ensemble — New Orleans Jazz Museum"",""startDate"":""2019-01-23T14:00:00-0600"",""endDate"":""2019-01-23T15:00:00-0600"",""image"":[""http://static1.squarespace.com/static/58092328579fb31efea7a49e/580e6f4febbd1a5703281b18/5c489dbeb8a0454731d5a325/1749561645518/https___cdn.evbuc.com_images_54888606_28090765479_1_original.jpg?format=1500w""],""location"":{""name"":"""",""address"":"""",""@context"":""http://schema.org"",""@type"":""Place""},""@context"":""http://schema.org"",""@type"":""Event""}"
2026-10-01T16:03:02Z,nolajazzmuseum.org,100067,4bf58dd8d48988d190941735|history museum,https://nolajazzmuseum.org/events/2018/12/5/jazz-yoga-cd8mz-3s4ye-73saj,Event,mapped_seed_site,,Jazz Yoga — New Orleans Jazz Museum,2019-01-23T16:00:00-0600,2019-01-23T17:00:00-0600,https://nolajazzmuseum.org/events/2018/12/5/jazz-yoga-cd8mz-3s4ye-73saj,,,,"{""name"":""New Orleans Jazz Museum"",""address"":""400 Esplanade Avenue\nNew Orleans, LA, 70116\nUnited States"",""@context"":""http://schema.org"",""@type"":""Place""}",,,,"[""http://static1.squarespace.com/static/58092328579fb31efea7a49e/580e6f4febbd1a5703281b18/5c33d4c740ec9a2981cda87a/1749561627328/vadim-fomenok-591001-unsplash.jpg?format=1500w""]",,"{""name"":""Jazz Yoga — New Orleans Jazz Museum"",""startDate"":""2019-01-23T16:00:00-0600"",""endDate"":""2019-01-23T17:00:00-0600"",""image"":[""http://static1.squarespace.com/static/58092328579fb31efea7a49e/580e6f4febbd1a5703281b18/5c33d4c740ec9a2981cda87a/1749561627328/vadim-fomenok-591001-unsplash.jpg?format=1500w""],""location"":{""name"":""New Orleans Jazz Museum"",""address"":""400 Esplanade Avenue\nNew Orleans, LA, 70116\nUnited States"",""@context"":""http://schema.org"",""@type"":""Place""},""@context"":""http://schema.org"",""@type"":""Event""}"
2026-10-01T16:03:02Z,nolajazzmuseum.org,100067,4bf58dd8d48988d190941735|history museum,https://nolajazzmuseum.org/events/2019/1/25/sonny-landreth-presented-by-friends-of-the-cabildo,Event,mapped_seed_site,,Sonny Landreth presented by Friends of the Cabildo — New Orleans Jazz Museum,2019-01-25T18:30:00-0600,2019-01-25T21:00:00-0600,https://nolajazzmuseum.org/events/2019/1/25/sonny-landreth-presented-by-friends-of-the-cabildo,,,,"{""name"":"""",""address"":"""",""@context"":""http://schema.org"",""@type"":""Place""}",,,,"[""http://static1.squarespace.com/static/58092328579fb31efea7a49e/580e6f4febbd1a5703281b18/5c34cc45b8a04568549e4d33/1749561660387/34700215_1817351338325523_5400301902996963328_o.jpg?format=1500w""]",,"{""name"":""Sonny Landreth presented by Friends of the Cabildo — New Orleans Jazz Museum"",""startDate"":""2019-01-25T18:30:00-0600"",""endDate"":""2019-01-25T21:00:00-0600"",""image"":[""http://static1.squarespace.com/static/58092328579fb31efea7a49e/580e6f4febbd1a5703281b18/5c34cc45b8a04568549e4d33/1749561660387/34700215_1817351338325523_5400301902996963328_o.jpg?format=1500w""],""location"":{""name"":"""",""address"":"""",""@context"":""http://schema.org"",""@type"":""Place""},""@context"":""http://schema.org"",""@type"":""Event""}"
2026-10-01T16:03:02Z,nolajazzmuseum.org,100067,4bf58dd8d48988d190941735|history museum,https://nolajazzmuseum.org/events/2019/1/29/detroit-brooks-quartet,Event,mapped_seed_site,,Detroit Brooks Quartet — New Orleans Jazz Museum,2019-01-29T14:00:00-0600,2019-01-29T15:00:00-0600,https://nolajazzmuseum.org/events/2019/1/29/detroit-brooks-quartet,,,,"{""name"":""New Orleans Jazz Museum"",""address"":"""",""@context"":""http://schema.org"",""@type"":""Place""}",,,,"[""http://static1.squarespace.com/static/58092328579fb31efea7a49e/580e6f4febbd1a5703281b18/5c4bcaf7575d1f05fb336bef/1749561645425/detroitbrooks.elsahahne.jpg?format=1500w""]",,"{""name"":""Detroit Brooks Quartet — New Orleans Jazz Museum"",""startDate"":""2019-01-29T14:00:00-0600"",""endDate"":""2019-01-29T15:00:00-0600"",""image"":[""http://static1.squarespace.com/static/58092328579fb31efea7a49e/580e6f4febbd1a5703281b18/5c4bcaf7575d1f05fb336bef/1749561645425/detroitbrooks.elsahahne.jpg?format=1500w""],""location"":{""name"":""New Orleans Jazz Museum"",""address"":"""",""@context"":""http://schema.org"",""@type"":""Place""},""@context"":""http://schema.org"",""@type"":""Event""}"
2026-10-01T16:03:02Z,nolajazzmuseum.org,100067,4bf58dd8d48988d190941735|history museum,https://nolajazzmuseum.org/events/2018/12/5/jazz-yoga-cd8mz-3s4ye-r8tr8,Event,mapped_seed_site,,Jazz Yoga — New Orleans Jazz Museum,2019-01-30T16:00:00-0600,2019-01-30T17:00:00-0600,https://nolajazzmuseum.org/events/2018/12/5/jazz-yoga-cd8mz-3s4ye-r8tr8,,,,"{""name"":""New Orleans Jazz Museum"",""address"":""400 Esplanade Avenue\nNew Orleans, LA, 70116\nUnited States"",""@context"":""http://schema.org"",""@type"":""Place""}",,,,"[""http://static1.squarespace.com/static/58092328579fb31efea7a49e/580e6f4febbd1a5703281b18/5c33d4d51ae6cfcc02531f01/1749561659387/vadim-fomenok-591001-unsplash.jpg?format=1500w""]",,"{""name"":""Jazz Yoga — New Orleans Jazz Museum"",""startDate"":""2019-01-30T16:00:00-0600"",""endDate"":""2019-01-30T17:00:00-0600"",""image"":[""http://static1.squarespace.com/static/58092328579fb31efea7a49e/580e6f4febbd1a5703281b18/5c33d4d51ae6cfcc02531f01/1749561659387/vadim-fomenok-591001-unsplash.jpg?format=1500w""],""location"":{""name"":""New Orleans Jazz Museum"",""address"":""400 Esplanade Avenue\nNew Orleans, LA, 70116\nUnited States"",""@context"":""http://schema.org"",""@type"":""Place""},""@context"":""http://schema.org"",""@type"":""Event""}"
2026-10-01T16:03:02Z,nolajazzmuseum.org,100067,4bf58dd8d48988d190941735|history museum,https://nolajazzmuseum.org/events/2019/02/01/warmdaddy,Event,mapped_seed_site,,Wess 'Warmdaddy' Anderson (Day Concert) — New Orleans Jazz Museum,2019-02-01T14:00:00-0600,2019-02-01T15:00:00-0600,https://nolajazzmuseum.org/events/2019/02/01/warmdaddy,,,,"{""name"":""New Orleans Jazz Museum"",""address"":"""",""@context"":""http://schema.org"",""@type"":""Place""}",,,,"[""http://static1.squarespace.com/static/58092328579fb31efea7a49e/580e6f4febbd1a5703281b18/5c4bd7a71ae6cfaa21e39962/1749561652981/wess.jpg?format=1500w""]",,"{""name"":""Wess 'Warmdaddy' Anderson (Day Concert) — New Orleans Jazz Museum"",""startDate"":""2019-02-01T14:00:00-0600"",""endDate"":""2019-02-01T15:00:00-0600"",""image"":[""http://static1.squarespace.com/static/58092328579fb31efea7a49e/580e6f4febbd1a5703281b18/5c4bd7a71ae6cfaa21e39962/1749561652981/wess.jpg?format=1500w""],""location"":{""name"":""New Orleans Jazz Museum"",""address"":"""",""@context"":""http://schema.org"",""@type"":""Place""},""@context"":""http://schema.org"",""@type"":""Event""}"
2026-10-01T16:03:02Z,nolajazzmuseum.org,100067,4bf58dd8d48988d190941735|history museum,https://nolajazzmuseum.org/events/2019/02/01/warmdaddy-night,Event,mapped_seed_site,,Wess 'Warmdaddy' Anderson (Night Concert) — New Orleans Jazz Museum,2019-02-01T19:00:00-0600,2019-02-01T20:30:00-0600,https://nolajazzmuseum.org/events/2019/02/01/warmdaddy-night,,,,"{""name"":""New Orleans Jazz Museum"",""address"":"""",""@context"":""http://schema.org"",""@type"":""Place""}",,,,"[""http://static1.squarespace.com/static/58092328579fb31efea7a49e/580e6f4febbd1a5703281b18/5c4beeee898583b89b397e18/1749561629561/wess.jpg?format=1500w""]",,"{""name"":""Wess 'Warmdaddy' Anderson (Night Concert) — New Orleans Jazz Museum"",""startDate"":""2019-02-01T19:00:00-0600"",""endDate"":""2019-02-01T20:30:00-0600"",""image"":[""http://static1.squarespace.com/static/58092328579fb31efea7a49e/580e6f4febbd1a5703281b18/5c4beeee898583b89b397e18/1749561629561/wess.jpg?format=1500w""],""location"":{""name"":""New Orleans Jazz Museum"",""address"":"""",""@context"":""http://schema.org"",""@type"":""Place""},""@context"":""http://schema.org"",""@type"":""Event""}"
2026-10-01T16:03:02Z,nolajazzmuseum.org,100067,4bf58dd8d48988d190941735|history museum,https://nolajazzmuseum.org/events/2018/2/11meditation-movement-music,Event,mapped_seed_site,,"Meditation, Movement &amp; Music — New Orleans Jazz Museum",2019-02-11T10:00:00-0600,2019-02-11T12:00:00-0600,https://nolajazzmuseum.org/events/2018/2/11meditation-movement-music,,,,"{""name"":""New Orleans Jazz Museum"",""address"":""400 Esplanade Avenue\nNew Orleans, LA"",""@context"":""http://schema.org"",""@type"":""Place""}",,,,"[""http://static1.squarespace.com/static/58092328579fb31efea7a49e/580e6f4febbd1a5703281b18/5c59b7f9652dea5df3464ec8/1749561632717/planetm.jpg?format=1500w""]",,"{""name"":""Meditation, Movement &amp; Music — New Orleans Jazz Museum"",""startDate"":""2019-02-11T10:00:00-0600"",""endDate"":""2019-02-11T12:00:00-0600"",""image"":[""http://static1.squarespace.com/static/58092328579fb31efea7a49e/580e6f4febbd1a5703281b18/5c59b7f9652dea5df3464ec8/1749561632717/planetm.jpg?format=1500w""],""location"":{""name"":""New Orleans Jazz Museum"",""address"":""400 Esplanade Avenue\nNew Orleans, LA"",""@context"":""http://schema.org"",""@type"":""Place""},""@context"":""http://schema.org"",""@type"":""Event""}"
2026-10-01T16:03:02Z,nolajazzmuseum.org,100067,4bf58dd8d48988d190941735|history museum,https://nolajazzmuseum.org/events/2019/1/8/carnaval-the-african-and-indigenous-presence-in-boricua-culture,Event,mapped_seed_site,,Carnaval: The African and Indigenous Presence in Boricua Culture — New Orleans Jazz Museum,2019-02-22T14:00:00-0600,2019-02-22T15:00:00-0600,https://nolajazzmuseum.org/events/2019/1/8/carnaval-the-african-and-indigenous-presence-in-boricua-culture,,,,"{""name"":"""",""address"":"""",""@context"":""http://schema.org"",""@type"":""Place""}",,,,"[""http://static1.squarespace.com/static/58092328579fb31efea7a49e/580e6f4febbd1a5703281b18/5c34f1b34ae2377087cbc7fd/1749561629602/211.jpg?format=1500w""]",,"{""name"":""Carnaval: The African and Indigenous Presence in Boricua Culture — New Orleans Jazz Museum"",""startDate"":""2019-02-22T14:00:00-0600"",""endDate"":""2019-02-22T15:00:00-0600"",""image"":[""http://static1.squarespace.com/static/58092328579fb31efea7a49e/580e6f4febbd1a5703281b18/5c34f1b34ae2377087cbc7fd/1749561629602/211.jpg?format=1500w""],""location"":{""name"":"""",""address"":"""",""@context"":""http://schema.org"",""@type"":""Place""},""@context"":""http://schema.org"",""@type"":""Event""}"
2026-10-01T16:03:02Z,nolajazzmuseum.org,100067,4bf58dd8d48988d190941735|history museum,https://nolajazzmuseum.org/events/2018/4/1/meditation-movement-music,Event,mapped_seed_site,,"Meditation, Movement &amp; Music — New Orleans Jazz Museum",2019-04-01T10:00:00-0500,2019-04-01T12:00:00-0500,https://nolajazzmuseum.org/events/2018/4/1/meditation-movement-music,,,,"{""name"":""New Orleans Jazz Museum"",""address"":""400 Esplanade Avenue\nNew Orleans, LA"",""@context"":""http://schema.org"",""@type"":""Place""}",,,,"[""http://static1.squarespace.com/static/58092328579fb31efea7a49e/580e6f4febbd1a5703281b18/5c9e67edf4e1fcc36be404b0/1749561643696/planetm.jpg?format=1500w""]",,"{""name"":""Meditation, Movement &amp; Music — New Orleans Jazz Museum"",""startDate"":""2019-04-01T10:00:00-0500"",""endDate"":""2019-04-01T12:00:00-0500"",""image"":[""http://static1.squarespace.com/static/58092328579fb31efea7a49e/580e6f4febbd1a5703281b18/5c9e67edf4e1fcc36be404b0/1749561643696/planetm.jpg?format=1500w""],""location"":{""name"":""New Orleans Jazz Museum"",""address"":""400 Esplanade Avenue\nNew Orleans, LA"",""@context"":""http://schema.org"",""@type"":""Place""},""@context"":""http://schema.org"",""@type"":""Event""}"
2026-10-01T16:03:02Z,nolajazzmuseum.org,100067,4bf58dd8d48988d190941735|history museum,https://nolajazzmuseum.org/events/2019/10/1jazz-pilates-with-stephanie-jordan,Event,mapped_seed_site,,Jazz Pilates with Stephanie Jordan — New Orleans Jazz Museum,2019-10-01T16:00:00-0500,2019-10-01T17:00:00-0500,https://nolajazzmuseum.org/events/2019/10/1jazz-pilates-with-stephanie-jordan,,,,"{""name"":""The New Orleans Jazz Museum"",""address"":""400 Esplanade Avenue\nNew Orleans"",""@context"":""http://schema.org"",""@type"":""Place""}",,,,"[""http://static1.squarespace.com/static/58092328579fb31efea7a49e/580e6f4febbd1a5703281b18/5d10e72f3bd0a200018b0324/1749561623289/pilates.jpg?format=1500w""]",,"{""name"":""Jazz Pilates with Stephanie Jordan — New Orleans Jazz Museum"",""startDate"":""2019-10-01T16:00:00-0500"",""endDate"":""2019-10-01T17:00:00-0500"",""image"":[""http://static1.squarespace.com/static/58092328579fb31efea7a49e/580e6f4febbd1a5703281b18/5d10e72f3bd0a200018b0324/1749561623289/pilates.jpg?format=1500w""],""location"":{""name"":""The New Orleans Jazz Museum"",""address"":""400 Esplanade Avenue\nNew Orleans"",""@context"":""http://schema.org"",""@type"":""Place""},""@context"":""http://schema.org"",""@type"":""Event""}"
2026-10-01T16:03:02Z,nolajazzmuseum.org,100067,4bf58dd8d48988d190941735|history museum,https://nolajazzmuseum.org/events/2019/10/2/banu-gibson-trio,Event,mapped_seed_site,,Banu Gibson Trio — New Orleans Jazz Museum,2019-10-02T14:00:00-0500,2019-10-02T15:00:00-0500,https://nolajazzmuseum.org/events/2019/10/2/banu-gibson-trio,,,,"{""name"":""New Orleans Jazz Museum"",""address"":""400 Esplanade Avenue"",""@context"":""http://schema.org"",""@type"":""Place""}",,,,"[""http://static1.squarespace.com/static/58092328579fb31efea7a49e/580e6f4febbd1a5703281b18/5d8a5d015106d647d0ac7b58/1749561636794/banu_promo3.jpg?format=1500w""]",,"{""name"":""Banu Gibson Trio — New Orleans Jazz Museum"",""startDate"":""2019-10-02T14:00:00-0500"",""endDate"":""2019-10-02T15:00:00-0500"",""image"":[""http://static1.squarespace.com/static/58092328579fb31efea7a49e/580e6f4febbd1a5703281b18/5d8a5d015106d647d0ac7b58/1749561636794/banu_promo3.jpg?format=1500w""],""location"":{""name"":""New Orleans Jazz Museum"",""address"":""400 Esplanade Avenue"",""@context"":""http://schema.org"",""@type"":""Place""},""@context"":""http://schema.org"",""@type"":""Event""}"
2026-10-01T16:03:02Z,nolajazzmuseum.org,100067,4bf58dd8d48988d190941735|history museum,https://nolajazzmuseum.org/events/2019/10/10congo-square-drumming-for-life-workshop,Event,mapped_seed_site,,Congo Square Drumming for Life Workshop — New Orleans Jazz Museum,2019-10-10T10:00:00-0500,2019-10-10T12:00:00-0500,https://nolajazzmuseum.org/events/2019/10/10congo-square-drumming-for-life-workshop,,,,"{""name"":""New Orleans Jazz Museum"",""address"":""400 Esplanade Avenue\nNew Orleans\nUnited States"",""@context"":""http://schema.org"",""@type"":""Place""}",,,,"[""http://static1.squarespace.com/static/58092328579fb31efea7a49e/580e6f4febbd1a5703281b18/5d543d0005280d00015be32a/1749561660920/Luther+pic.jpg?format=1500w""]",,"{""name"":""Congo Square Drumming for Life Workshop — New Orleans Jazz Museum"",""startDate"":""2019-10-10T10:00:00-0500"",""endDate"":""2019-10-10T12:00:00-0500"",""image"":[""http://static1.squarespace.com/static/58092328579fb31efea7a49e/580e6f4febbd1a5703281b18/5d543d0005280d00015be32a/1749561660920/Luther+pic.jpg?format=1500w""],""location"":{""name"":""New Orleans Jazz Museum"",""address"":""400 Esplanade Avenue\nNew Orleans\nUnited States"",""@context"":""http://schema.org"",""@type"":""Place""},""@context"":""http://schema.org"",""@type"":""Event""}"
2026-10-01T16:03:02Z,nolajazzmuseum.org,100067,4bf58dd8d48988d190941735|history museum,https://nolajazzmuseum.org/events/2019/10/10/foc-second-thursday-lectures-early-baseball-in-new-orleans-a-history-of-19th-century-play,Event,mapped_seed_site,,"FOC Second Thursday Lectures: Early Baseball in New Orleans, A History of 19th Century Play — New Orleans Jazz Museum",2019-10-10T18:00:00-0500,2019-10-10T19:00:00-0500,https://nolajazzmuseum.org/events/2019/10/10/foc-second-thursday-lectures-early-baseball-in-new-orleans-a-history-of-19th-century-play,,,,"{""name"":""New Orleans Jazz Museum"",""address"":""400 Esplanade Avenue\nNew Orleans\nUnited States"",""@context"":""http://schema.org"",""@type"":""Place""}",,,,"[""http://static1.squarespace.com/static/58092328579fb31efea7a49e/580e6f4febbd1a5703281b18/5d8cecf458fca978aa0aff3d/1749561632896/67915189_2449394908454493_165584406738632704_n.jpg?format=1500w""]",,"{""name"":""FOC Second Thursday Lectures: Early Baseball in New Orleans, A History of 19th Century Play — New Orleans Jazz Museum"",""startDate"":""2019-10-10T18:00:00-0500"",""endDate"":""2019-10-10T19:00:00-0500"",""image"":[""http://static1.squarespace.com/static/58092328579fb31efea7a49e/580e6f4febbd1a5703281b18/5d8cecf458fca978aa0aff3d/1749561632896/67915189_2449394908454493_165584406738632704_n.jpg?format=1500w""],""location"":{""name"":""New Orleans Jazz Museum"",""address"":""400 Esplanade Avenue\nNew Orleans\nUnited States"",""@context"":""http://schema.org"",""@type"":""Place""},""@context"":""http://schema.org"",""@type"":""Event""}"
2026-10-01T16:03:02Z,nolajazzmuseum.org,100067,4bf58dd8d48988d190941735|history museum,https://nolajazzmuseum.org/events/2019/10/11baby-artsplay,Event,mapped_seed_site,,Baby Artsplay!™ at New Orleans Jazz Museum — New Orleans Jazz Museum,2019-10-11T09:30:00-0500,2019-10-11T10:00:00-0500,https://nolajazzmuseum.org/events/2019/10/11baby-artsplay,,,,"{""name"":""New Orleans Jazz Museum"",""address"":""400 Esplanade Avenue\nNew Orleans\nUnited States"",""@context"":""http://schema.org"",""@type"":""Place""}",,,,"[""http://static1.squarespace.com/static/58092328579fb31efea7a49e/580e6f4febbd1a5703281b18/5d8a6163c042270c3f5a8a20/1749561621550/babyartsplay.png?format=1500w""]",,"{""name"":""Baby Artsplay!™ at New Orleans Jazz Museum — New Orleans Jazz Museum"",""startDate"":""2019-10-11T09:30:00-0500"",""endDate"":""2019-10-11T10:00:00-0500"",""image"":[""http://static1.squarespace.com/static/58092328579fb31efea7a49e/580e6f4febbd1a5703281b18/5d8a6163c042270c3f5a8a20/1749561621550/babyartsplay.png?format=1500w""],""location"":{""name"":""New Orleans Jazz Museum"",""address"":""400 Esplanade Avenue\nNew Orleans\nUnited States"",""@context"":""http://schema.org"",""@type"":""Place""},""@context"":""http://schema.org"",""@type"":""Event""}"
2026-10-01T16:03:02Z,nolajazzmuseum.org,100067,4bf58dd8d48988d190941735|history museum,https://nolajazzmuseum.org/events/2019/10/11/mem-shannon-slim-and-them-band-presented-by-the-jazz-foundation-of-america,Event,mapped_seed_site,,"Mem Shannon ""Slim and Them"" Band presented by the Jazz Foundation of America — New Orleans Jazz Museum",2019-10-11T14:00:00-0500,2019-10-11T15:00:00-0500,https://nolajazzmuseum.org/events/2019/10/11/mem-shannon-slim-and-them-band-presented-by-the-jazz-foundation-of-america,,,,"{""name"":""New Orleans Jazz Museum"",""address"":""400 Esplanade Avenue\nNew Orleans\nUnited States"",""@context"":""http://schema.org"",""@type"":""Place""}",,,,"[""http://static1.squarespace.com/static/58092328579fb31efea7a49e/580e6f4febbd1a5703281b18/5d8cee4f2d336104b4caab77/1749561625023/mem-shannon-the-membership.jpg?format=1500w""]",,"{""name"":""Mem Shannon \""Slim and Them\"" Band presented by the Jazz Foundation of America — New Orleans Jazz Museum"",""startDate"":""2019-10-11T14:00:00-0500"",""endDate"":""2019-10-11T15:00:00-0500"",""image"":[""http://static1.squarespace.com/static/58092328579fb31efea7a49e/580e6f4febbd1a5703281b18/5d8cee4f2d336104b4caab77/1749561625023/mem-shannon-the-membership.jpg?format=1500w""],""location"":{""name"":""New Orleans Jazz Museum"",""address"":""400 Esplanade Avenue\nNew Orleans\nUnited States"",""@context"":""http://schema.org"",""@type"":""Place""},""@context"":""http://schema.org"",""@type"":""Event""}"
2026-10-01T16:03:02Z,nolajazzmuseum.org,100067,4bf58dd8d48988d190941735|history museum,https://nolajazzmuseum.org/events/2019/10/15/foc-film-series-bayou-maharajah-the-legendary-james-booker,Event,mapped_seed_site,,FOC Film Series: Bayou Maharajah - The Legendary James Booker — New Orleans Jazz Museum,2019-10-15T17:30:00-0500,2019-10-15T19:00:00-0500,https://nolajazzmuseum.org/events/2019/10/15/foc-film-series-bayou-maharajah-the-legendary-james-booker,,,,"{""name"":""New Orleans Jazz Museum"",""address"":""400 Esplanade Avenue\nNew Orleans\nUnited States"",""@context"":""http://schema.org"",""@type"":""Place""}",,,,"[""http://static1.squarespace.com/static/58092328579fb31efea7a49e/580e6f4febbd1a5703281b18/5d8cf0eec7a1653ac8cfe89a/1749561634439/64900199_2366135210113797_927045064226504704_n.jpg?format=1500w""]",,"{""name"":""FOC Film Series: Bayou Maharajah - The Legendary James Booker — New Orleans Jazz Museum"",""startDate"":""2019-10-15T17:30:00-0500"",""endDate"":""2019-10-15T19:00:00-0500"",""image"":[""http://static1.squarespace.com/static/58092328579fb31efea7a49e/580e6f4febbd1a5703281b18/5d8cf0eec7a1653ac8cfe89a/1749561634439/64900199_2366135210113797_927045064226504704_n.jpg?format=1500w""],""location"":{""name"":""New Orleans Jazz Museum"",""address"":""400 Esplanade Avenue\nNew Orleans\nUnited States"",""@context"":""http://schema.org"",""@type"":""Place""},""@context"":""http://schema.org"",""@type"":""Event""}"
2026-10-01T16:03:02Z,nolajazzmuseum.org,100067,4bf58dd8d48988d190941735|history museum,https://nolajazzmuseum.org/events/2019/10/15/foc-film-series-bayou-maharajah-the-legendary-james-booker2,Event,mapped_seed_site,,FOC Film Series: Bayou Maharajah - The Legendary James Booker — New Orleans Jazz Museum,2019-10-15T19:00:00-0500,2019-10-15T20:30:00-0500,https://nolajazzmuseum.org/events/2019/10/15/foc-film-series-bayou-maharajah-the-legendary-james-booker2,,,,"{""name"":""New Orleans Jazz Museum"",""address"":""400 Esplanade Avenue\nNew Orleans\nUnited States"",""@context"":""http://schema.org"",""@type"":""Place""}",,,,"[""http://static1.squarespace.com/static/58092328579fb31efea7a49e/580e6f4febbd1a5703281b18/5d8cf3042d336104b4caffdc/1749561635326/64900199_2366135210113797_927045064226504704_n.jpg?format=1500w""]",,"{""name"":""FOC Film Series: Bayou Maharajah - The Legendary James Booker — New Orleans Jazz Museum"",""startDate"":""2019-10-15T19:00:00-0500"",""endDate"":""2019-10-15T20:30:00-0500"",""image"":[""http://static1.squarespace.com/static/58092328579fb31efea7a49e/580e6f4febbd1a5703281b18/5d8cf3042d336104b4caffdc/1749561635326/64900199_2366135210113797_927045064226504704_n.jpg?format=1500w""],""location"":{""name"":""New Orleans Jazz Museum"",""address"":""400 Esplanade Avenue\nNew Orleans\nUnited States"",""@context"":""http://schema.org"",""@type"":""Place""},""@context"":""http://schema.org"",""@type"":""Event""}"
2026-10-01T16:03:02Z,nolajazzmuseum.org,100067,4bf58dd8d48988d190941735|history museum,https://nolajazzmuseum.org/events/2019/10/16kris-tokarski-,Event,mapped_seed_site,,"Kris Tokarski's ""Music of Jelly Roll Morton"" — New Orleans Jazz Museum",2019-10-16T14:00:00-0500,2019-10-16T15:00:00-0500,https://nolajazzmuseum.org/events/2019/10/16kris-tokarski-,,,,"{""name"":""New Orleans Jazz Museum"",""address"":""400 Esplanade Avenue\nNew Orleans\nUnited States"",""@context"":""http://schema.org"",""@type"":""Place""}",,,,"[""http://static1.squarespace.com/static/58092328579fb31efea7a49e/580e6f4febbd1a5703281b18/5d8cf4248dbefd6de8a39c45/1749561659273/Kris-Tokarski-e1414120579147.jpg?format=1500w""]",,"{""name"":""Kris Tokarski's \""Music of Jelly Roll Morton\"" — New Orleans Jazz Museum"",""startDate"":""2019-10-16T14:00:00-0500"",""endDate"":""2019-10-16T15:00:00-0500"",""image"":[""http://static1.squarespace.com/static/58092328579fb31efea7a49e/580e6f4febbd1a5703281b18/5d8cf4248dbefd6de8a39c45/1749561659273/Kris-Tokarski-e1414120579147.jpg?format=1500w""],""location"":{""name"":""New Orleans Jazz Museum"",""address"":""400 Esplanade Avenue\nNew Orleans\nUnited States"",""@context"":""http://schema.org"",""@type"":""Place""},""@context"":""http://schema.org"",""@type"":""Event""}"
2026-10-01T16:03:02Z,nolajazzmuseum.org,100067,4bf58dd8d48988d190941735|history museum,https://nolajazzmuseum.org/events/2019/10/17congo-square-drumming-for-life-workshop,Event,mapped_seed_site,,Copy of Congo Square Drumming for Life Workshop — New Orleans Jazz Museum,2019-10-17T10:00:00-0500,2019-10-17T12:00:00-0500,https://nolajazzmuseum.org/events/2019/10/17congo-square-drumming-for-life-workshop,,,,"{""name"":""New Orleans Jazz Museum"",""address"":""400 Esplanade Avenue\nNew Orleans\nUnited States"",""@context"":""http://schema.org"",""@type"":""Place""}",,,,"[""http://static1.squarespace.com/static/58092328579fb31efea7a49e/580e6f4febbd1a5703281b18/5d543d2505280d00015be431/1749561645644/Luther+pic.jpg?format=1500w""]",,"{""name"":""Copy of Congo Square Drumming for Life Workshop — New Orleans Jazz Museum"",""startDate"":""2019-10-17T10:00:00-0500"",""endDate"":""2019-10-17T12:00:00-0500"",""image"":[""http://static1.squarespace.com/static/58092328579fb31efea7a49e/580e6f4febbd1a5703281b18/5d543d2505280d00015be431/1749561645644/Luther+pic.jpg?format=1500w""],""location"":{""name"":""New Orleans Jazz Museum"",""address"":""400 Esplanade Avenue\nNew Orleans\nUnited States"",""@context"":""http://schema.org"",""@type"":""Place""},""@context"":""http://schema.org"",""@type"":""Event""}"
2026-10-01T16:03:02Z,nolajazzmuseum.org,100067,4bf58dd8d48988d190941735|history museum,https://nolajazzmuseum.org/events/2019/10/18/weston-spiro,Event,mapped_seed_site,,Weston Spiro — New Orleans Jazz Museum,2019-10-18T14:00:00-0500,2019-10-18T15:00:00-0500,https://nolajazzmuseum.org/events/2019/10/18/weston-spiro,,,,"{""name"":""The New Orleans Jazz Museum"",""address"":""400 Esplanade Avenue\nNew Orleans"",""@context"":""http://schema.org"",""@type"":""Place""}",,,,"[""http://static1.squarespace.com/static/58092328579fb31efea7a49e/580e6f4febbd1a5703281b18/5d0975bfd084830001a7b2d1/1749561649737/WesPress.jpg?format=1500w""]",,"{""name"":""Weston Spiro — New Orleans Jazz Museum"",""startDate"":""2019-10-18T14:00:00-0500"",""endDate"":""2019-10-18T15:00:00-0500"",""image"":[""http://static1.squarespace.com/static/58092328579fb31efea7a49e/580e6f4febbd1a5703281b18/5d0975bfd084830001a7b2d1/1749561649737/WesPress.jpg?format=1500w""],""location"":{""name"":""The New Orleans Jazz Museum"",""address"":""400 Esplanade Avenue\nNew Orleans"",""@context"":""http://schema.org"",""@type"":""Place""},""@context"":""http://schema.org"",""@type"":""Event""}"
2026-10-01T16:03:02Z,nolajazzmuseum.org,100067,4bf58dd8d48988d190941735|history museum,https://nolajazzmuseum.org/events/2019/10/24congo-square-drumming-for-life-workshop,Event,mapped_seed_site,,Congo Square Drumming for Life Workshop — New Orleans Jazz Museum,2019-10-24T10:00:00-0500,2019-10-24T12:00:00-0500,https://nolajazzmuseum.org/events/2019/10/24congo-square-drumming-for-life-workshop,,,,"{""name"":""New Orleans Jazz Museum"",""address"":""400 Esplanade Avenue\nNew Orleans\nUnited States"",""@context"":""http://schema.org"",""@type"":""Place""}",,,,"[""http://static1.squarespace.com/static/58092328579fb31efea7a49e/580e6f4febbd1a5703281b18/5d543d53d9073400013dc6dd/1749561646937/Luther+pic.jpg?format=1500w""]",,"{""name"":""Congo Square Drumming for Life Workshop — New Orleans Jazz Museum"",""startDate"":""2019-10-24T10:00:00-0500"",""endDate"":""2019-10-24T12:00:00-0500"",""image"":[""http://static1.squarespace.com/static/58092328579fb31efea7a49e/580e6f4febbd1a5703281b18/5d543d53d9073400013dc6dd/1749561646937/Luther+pic.jpg?format=1500w""],""location"":{""name"":""New Orleans Jazz Museum"",""address"":""400 Esplanade Avenue\nNew Orleans\nUnited States"",""@context"":""http://schema.org"",""@type"":""Place""},""@context"":""http://schema.org"",""@type"":""Event""}"
2026-10-01T16:03:02Z,nolajazzmuseum.org,100067,4bf58dd8d48988d190941735|history museum,https://nolajazzmuseum.org/events/2019/10/24fred-kasten-talkin-jazz,Event,mapped_seed_site,,Fred Kasten: Talkin' Jazz with Alexey Marti — New Orleans Jazz Museum,2019-10-24T14:00:00-0500,2019-10-24T15:00:00-0500,https://nolajazzmuseum.org/events/2019/10/24fred-kasten-talkin-jazz,,,,"{""name"":""New Orleans Jazz Museum"",""address"":""400 Esplanade Avenue\nNew Orleans\nUnited States"",""@context"":""http://schema.org"",""@type"":""Place""}",,,,"[""http://static1.squarespace.com/static/58092328579fb31efea7a49e/580e6f4febbd1a5703281b18/5da0b3522eb3335a8d58cba0/1749561656652/alexey+marti.jpg?format=1500w""]",,"{""name"":""Fred Kasten: Talkin' Jazz with Alexey Marti — New Orleans Jazz Museum"",""startDate"":""2019-10-24T14:00:00-0500"",""endDate"":""2019-10-24T15:00:00-0500"",""image"":[""http://static1.squarespace.com/static/58092328579fb31efea7a49e/580e6f4febbd1a5703281b18/5da0b3522eb3335a8d58cba0/1749561656652/alexey+marti.jpg?format=1500w""],""location"":{""name"":""New Orleans Jazz Museum"",""address"":""400 Esplanade Avenue\nNew Orleans\nUnited States"",""@context"":""http://schema.org"",""@type"":""Place""},""@context"":""http://schema.org"",""@type"":""Event""}"
2026-10-01T16:03:02Z,nolajazzmuseum.org,100067,4bf58dd8d48988d190941735|history museum,https://nolajazzmuseum.org/events/2019/10/24/sippin-amp-jazzin-halloween-edition,Event,mapped_seed_site,,Sippin' &amp; Jazzin' Halloween Edition — New Orleans Jazz Museum,2019-10-24T17:30:00-0500,2019-10-24T19:30:00-0500,https://nolajazzmuseum.org/events/2019/10/24/sippin-amp-jazzin-halloween-edition,,,,"{""name"":"""",""address"":"""",""@context"":""http://schema.org"",""@type"":""Place""}",,,,"[""http://static1.squarespace.com/static/58092328579fb31efea7a49e/580e6f4febbd1a5703281b18/5d94c0a0728b771672b21e5f/1749561655873/sippinandjazzin+HALLOWEEN.jpg?format=1500w""]",,"{""name"":""Sippin' &amp; Jazzin' Halloween Edition — New Orleans Jazz Museum"",""startDate"":""2019-10-24T17:30:00-0500"",""endDate"":""2019-10-24T19:30:00-0500"",""image"":[""http://static1.squarespace.com/static/58092328579fb31efea7a49e/580e6f4febbd1a5703281b18/5d94c0a0728b771672b21e5f/1749561655873/sippinandjazzin+HALLOWEEN.jpg?format=1500w""],""location"":{""name"":"""",""address"":"""",""@context"":""http://schema.org"",""@type"":""Place""},""@context"":""http://schema.org"",""@type"":""Event""}"
2026-10-01T16:03:02Z,nolajazzmuseum.org,100067,4bf58dd8d48988d190941735|history museum,https://nolajazzmuseum.org/events/2019/10/10/foc-second-thursday-lectures,Event,mapped_seed_site,,FOC Second Thursday Lectures: “Indigenous Challenges to Iberian Claims: Native Sovereignty in Spanish Louisiana” — New Orleans Jazz Museum,2019-11-14T18:00:00-0600,2019-11-14T19:00:00-0600,https://nolajazzmuseum.org/events/2019/10/10/foc-second-thursday-lectures,,,,"{""name"":""New Orleans Jazz Museum"",""address"":""400 Esplanade Avenue\nNew Orleans\nUnited States"",""@context"":""http://schema.org"",""@type"":""Place""}",,,,"[""http://static1.squarespace.com/static/58092328579fb31efea7a49e/580e6f4febbd1a5703281b18/5dc710a97cdf127e998bef71/1749561657254/18209042_1414633105264017_769696573562013657_o.jpg?format=1500w""]",,"{""name"":""FOC Second Thursday Lectures:  “Indigenous Challenges to Iberian Claims: Native Sovereignty in Spanish Louisiana” — New Orleans Jazz Museum"",""startDate"":""2019-11-14T18:00:00-0600"",""endDate"":""2019-11-14T19:00:00-0600"",""image"":[""http://static1.squarespace.com/static/58092328579fb31efea7a49e/580e6f4febbd1a5703281b18/5dc710a97cdf127e998bef71/1749561657254/18209042_1414633105264017_769696573562013657_o.jpg?format=1500w""],""location"":{""name"":""New Orleans Jazz Museum"",""address"":""400 Esplanade Avenue\nNew Orleans\nUnited States"",""@context"":""http://schema.org"",""@type"":""Place""},""@context"":""http://schema.org"",""@type"":""Event""}"
2026-10-01T16:03:02Z,nolajazzmuseum.org,100067,4bf58dd8d48988d190941735|history museum,https://nolajazzmuseum.org/events/2019/10/21/blues-by-the-book-workshop,Event,mapped_seed_site,,Blues by the Book Guitar Workshop — New Orleans Jazz Museum,2019-11-21T13:00:00-0600,2019-11-21T15:30:00-0600,https://nolajazzmuseum.org/events/2019/10/21/blues-by-the-book-workshop,,,,"{""name"":"""",""address"":"""",""@context"":""http://schema.org"",""@type"":""Place""}",,,,"[""http://static1.squarespace.com/static/58092328579fb31efea7a49e/580e6f4febbd1a5703281b18/5dadc64faa1e3231b4dec5be/1749561627177/roy+book+binder.jpg?format=1500w""]",,"{""name"":""Blues by the Book Guitar Workshop — New Orleans Jazz Museum"",""startDate"":""2019-11-21T13:00:00-0600"",""endDate"":""2019-11-21T15:30:00-0600"",""image"":[""http://static1.squarespace.com/static/58092328579fb31efea7a49e/580e6f4febbd1a5703281b18/5dadc64faa1e3231b4dec5be/1749561627177/roy+book+binder.jpg?format=1500w""],""location"":{""name"":"""",""address"":"""",""@context"":""http://schema.org"",""@type"":""Place""},""@context"":""http://schema.org"",""@type"":""Event""}"
2026-10-01T16:03:02Z,nolajazzmuseum.org,100067,4bf58dd8d48988d190941735|history museum,https://nolajazzmuseum.org/events/2018/12/18kyle-roussel,Event,mapped_seed_site,,Kyle Roussel — New Orleans Jazz Museum,2019-12-18T14:00:00-0600,2019-12-18T15:00:00-0600,https://nolajazzmuseum.org/events/2018/12/18kyle-roussel,,,,"{""name"":"""",""address"":"""",""@context"":""http://schema.org"",""@type"":""Place""}",,,,"[""http://static1.squarespace.com/static/58092328579fb31efea7a49e/580e6f4febbd1a5703281b18/5df7fc7456ec9170a9ba06d8/1749561648103/kyleroussel.jpg?format=1500w""]",,"{""name"":""Kyle Roussel — New Orleans Jazz Museum"",""startDate"":""2019-12-18T14:00:00-0600"",""endDate"":""2019-12-18T15:00:00-0600"",""image"":[""http://static1.squarespace.com/static/58092328579fb31efea7a49e/580e6f4febbd1a5703281b18/5df7fc7456ec9170a9ba06d8/1749561648103/kyleroussel.jpg?format=1500w""],""location"":{""name"":"""",""address"":"""",""@context"":""http://schema.org"",""@type"":""Place""},""@context"":""http://schema.org"",""@type"":""Event""}"
2026-10-01T16:03:02Z,preservationhall.com,100067,concert hall,https://www.preservationhall.com/events/if-this-hall-could-speak-halliday-edition/,Event,mapped_seed_site,,If This Hall Could Speak: Halliday Edition,2019-12-20T13:00:00,2019-12-20T15:00:00,https://preservationhall.secure.force.com/ticket/#sections_a0F1U00000BeS7YUAV,https://schema.org/EventScheduled,https://schema.org/OfflineEventAttendanceMode,"""If This Hall Could Speak: Halliday Edition“ is a New Orleans Holiday-themed performance offering the opportunity to learn about and hear New Orleans jazz directly from the musicians who play it. Take a glimpse into the real lives behind this storied tradition as the Preservation All-Stars pair the timeless art of storytelling with songs that celebrate the experience of growing up in the Crescent City.","{""@type"":""Place"",""name"":""Preservation Hall"",""address"":""726 Saint Peter Street\r\nNew Orleans, LA 70116""}","{""@type"":""Offer"",""url"":""https://preservationhall.secure.force.com/ticket/#sections_a0F1U00000BeS7YUAV"",""validFrom"":""2019-11-27T00:55:00"",""availability"":""http://schema.org/SoldOut""}","{""@type"":""Organization"",""name"":""Preservation Hall"",""url"":""https://www.preservationhall.com""}",,"""https://www.preservationhall.com/app/uploads/Halliday-Edition-400x300_acf_cropped.jpg""",,"{""@type"":""Event"",""name"":""If This Hall Could Speak: Halliday Edition"",""url"":""https://preservationhall.secure.force.com/ticket/#sections_a0F1U00000BeS7YUAV"",""startDate"":""2019-12-20T13:00:00"",""endDate"":""2019-12-20T15:00:00"",""image"":""https://www.preservationhall.com/app/uploads/Halliday-Edition-400x300_acf_cropped.jpg"",""description"":""\""If This Hall Could Speak: Halliday Edition“ is a New Orleans Holiday-themed performance  offering the opportunity to learn about and hear New Orleans jazz directly from the musicians who play it. Take a glimpse into the real lives behind this storied tradition as the Preservation All-Stars pair the timeless art of storytelling with songs that celebrate the experience of growing up in the Crescent City."",""location"":{""@type"":""Place"",""name"":""Preservation Hall"",""address"":""726 Saint Peter Street\r\nNew Orleans, LA 70116""},""eventAttendanceMode"":""https://schema.org/OfflineEventAttendanceMode"",""eventStatus"":""https://schema.org/EventScheduled"",""organizer"":{""@type"":""Organization"",""name"":""Preservation Hall"",""url"":""https://www.preservationhall.com""},""offers"":{""@type"":""Offer"",""url"":""https://preservationhall.secure.force.com/ticket/#sections_a0F1U00000BeS7YUAV"",""validFrom"":""2019-11-27T00:55:00"",""availability"":""http://schema.org/SoldOut""}}"
2026-10-01T16:03:02Z,preservationhall.com,100067,concert hall,https://www.preservationhall.com/events/if-this-hall-could-speak-halliday-edition/,Event,mapped_seed_site,,If This Hall Could Speak: Halliday Edition,2019-12-20T13:00:00,2019-12-23T14:30:00,https://www.preservationhall.com/events/if-this-hall-could-speak-halliday-edition/,https://schema.org/EventScheduled,https://schema.org/OfflineEventAttendanceMode,"""If This Hall Could Speak: Halliday Edition“ is a New Orleans Holiday-themed performance offering the opportunity to learn about and hear New Orleans jazz directly from the musicians who play it. Take a glimpse into the real lives behind this storied tradition as the Preservation All-Stars pair the timeless art of storytelling with songs that celebrate the experience of growing up in the Crescent City.","{""@type"":""Place"",""name"":""Preservation Hall"",""address"":""726 Saint Peter Street\r\nNew Orleans, LA 70116""}","{""@type"":""Offer"",""validFrom"":""2019-11-27T00:55:00"",""url"":""https://www.preservationhall.com/events/if-this-hall-could-speak-halliday-edition/"",""availability"":""http://schema.org/SoldOut""}","{""@type"":""Organization"",""name"":""Preservation Hall"",""url"":""https://www.preservationhall.com""}",,"""https://www.preservationhall.com/app/uploads/Halliday-Edition-400x300_acf_cropped.jpg""",,"{""@context"":""http://schema.org"",""@type"":""Event"",""description"":""\""If This Hall Could Speak: Halliday Edition“ is a New Orleans Holiday-themed performance  offering the opportunity to learn about and hear New Orleans jazz directly from the musicians who play it. Take a glimpse into the real lives behind this storied tradition as the Preservation All-Stars pair the timeless art of storytelling with songs that celebrate the experience of growing up in the Crescent City."",""image"":""https://www.preservationhall.com/app/uploads/Halliday-Edition-400x300_acf_cropped.jpg"",""name"":""If This Hall Could Speak: Halliday Edition"",""url"":""https://www.preservationhall.com/events/if-this-hall-could-speak-halliday-edition/"",""organizer"":{""@type"":""Organization"",""name"":""Preservation Hall"",""url"":""https://www.preservationhall.com""},""location"":{""@type"":""Place"",""name"":""Preservation Hall"",""address"":""726 Saint Peter Street\r\nNew Orleans, LA 70116""},""startDate"":""2019-12-20T13:00:00"",""offers"":{""@type"":""Offer"",""validFrom"":""2019-11-27T00:55:00"",""url"":""https://www.preservationhall.com/events/if-this-hall-could-speak-halliday-edition/"",""availability"":""http://schema.org/SoldOut""},""endDate"":""2019-12-23T14:30:00"",""eventAttendanceMode"":""https://schema.org/OfflineEventAttendanceMode"",""eventStatus"":""https://schema.org/EventScheduled"",""subEvent"":[{""@type"":""Event"",""name"":""If This Hall Could Speak: Halliday Edition"",""url"":""https://preservationhall.secure.force.com/ticket/#sections_a0F1U00000BeS7YUAV"",""startDate"":""2019-12-20T13:00:00"",""endDate"":""2019-12-20T15:00:00"",""image"":""https://www.preservationhall.com/app/uploads/Halliday-Edition-400x300_acf_cropped.jpg"",""description"":""\""If This Hall Could Speak: Halliday Edition“ is a New Orleans Holiday-themed performance  offering the opportunity to learn about and hear New Orleans jazz directly from the musicians who play it. Take a glimpse into the real lives behind this storied tradition as the Preservation All-Stars pair the timeless art of storytelling with songs that celebrate the experience of growing up in the Crescent City."",""location"":{""@type"":""Place"",""name"":""Preservation Hall"",""address"":""726 Saint Peter Street\r\nNew Orleans, LA 70116""},""eventAttendanceMode"":""https://schema.org/OfflineEventAttendanceMode"",""eventStatus"":""https://schema.org/EventScheduled"",""organizer"":{""@type"":""Organization"",""name"":""Preservation Hall"",""url"":""https://www.preservationhall.com""},""offers"":{""@type"":""Offer"",""url"":""https://preservationhall.secure.force.com/ticket/#sections_a0F1U00000BeS7YUAV"",""validFrom"":""2019-11-27T00:55:00"",""availability"":""http://schema.org/SoldOut""}},{""@type"":""Event"",""name"":""If This Hall Could Speak: Halliday Edition"",""url"":""https://preservationhall.secure.force.com/ticket/#sections_a0F1U00000BeS7dUAF"",""startDate"":""2019-12-20T14:30:00"",""endDate"":""2019-12-20T16:30:00"",""image"":""https://www.preservationhall.com/app/uploads/Halliday-Edition-400x300_acf_cropped.jpg"",""description"":""\""If This Hall Could Speak: Halliday Edition“ is a New Orleans Holiday-themed performance  offering the opportunity to learn about and hear New Orleans jazz directly from the musicians who play it. Take a glimpse into the real lives behind this storied tradition as the Preservation All-Stars pair the timeless art of storytelling with songs that celebrate the experience of growing up in the Crescent City."",""location"":{""@type"":""Place"",""name"":""Preservation Hall"",""address"":""726 Saint Peter Street\r\nNew Orleans, LA 70116""},""eventAttendanceMode"":""https://schema.org/OfflineEventAttendanceMode"",""eventStatus"":""https://schema.org/EventScheduled"",""organizer"":{""@type"":""Organization"",""name"":""Preservation Hall"",""url"":""https://www.preservationhall.com""},""offers"":{""@type"":""Offer"",""url"":""https://preservationhall.secure.force.com/ticket/#sections_a0F1U00000BeS7dUAF"",""validFrom"":""2019-11-27T00:55:00"",""availability"":""http://schema.org/SoldOut""}},{""@type"":""Event"",""name"":""If This Hall Could Speak: Halliday Edition"",""url"":""https://preservationhall.secure.force.com/ticket/#sections_a0F1U00000BeSAcUAN"",""startDate"":""2019-12-21T13:00:00"",""endDate"":""2019-12-21T15:00:00"",""image"":""https://www.preservationhall.com/app/uploads/Halliday-Edition-400x300_acf_cropped.jpg"",""description"":""\""If This Hall Could Speak: Halliday Edition“ is a New Orleans Holiday-themed performance  offering the opportunity to learn about and hear New Orleans jazz directly from the musicians who play it. Take a glimpse into the real lives behind this storied tradition as the Preservation All-Stars pair the timeless art of storytelling with songs that celebrate the experience of growing up in the Crescent City."",""location"":{""@type"":""Place"",""name"":""Preservation Hall"",""address"":""726 Saint Peter Street\r\nNew Orleans, LA 70116""},""eventAttendanceMode"":""https://schema.org/OfflineEventAttendanceMode"",""eventStatus"":""https://schema.org/EventScheduled"",""organizer"":{""@type"":""Organization"",""name"":""Preservation Hall"",""url"":""https://www.preservationhall.com""},""offers"":{""@type"":""Offer"",""url"":""https://preservationhall.secure.force.com/ticket/#sections_a0F1U00000BeSAcUAN"",""validFrom"":""2019-11-27T00:55:00"",""availability"":""http://schema.org/SoldOut""}},{""@type"":""Event"",""name"":""If This Hall Could Speak: Halliday Edition"",""url"":""https://preservationhall.secure.force.com/ticket/#sections_a0F1U00000BeSAhUAN"",""startDate"":""2019-12-21T14:30:00"",""endDate"":""2019-12-21T16:30:00"",""image"":""https://www.preservationhall.com/app/uploads/Halliday-Edition-400x300_acf_cropped.jpg"",""description"":""\""If This Hall Could Speak: Halliday Edition“ is a New Orleans Holiday-themed performance  offering the opportunity to learn about and hear New Orleans jazz directly from the musicians who play it. Take a glimpse into the real lives behind this storied tradition as the Preservation All-Stars pair the timeless art of storytelling with songs that celebrate the experience of growing up in the Crescent City."",""location"":{""@type"":""Place"",""name"":""Preservation Hall"",""address"":""726 Saint Peter Street\r\nNew Orleans, LA 70116""},""eventAttendanceMode"":""https://schema.org/OfflineEventAttendanceMode"",""eventStatus"":""https://schema.org/EventScheduled"",""organizer"":{""@type"":""Organization"",""name"":""Preservation Hall"",""url"":""https://www.preservationhall.com""},""offers"":{""@type"":""Offer"",""url"":""https://preservationhall.secure.force.com/ticket/#sections_a0F1U00000BeSAhUAN"",""validFrom"":""2019-11-27T00:55:00"",""availability"":""http://schema.org/SoldOut""}},{""@type"":""Event"",""name"":""If This Hall Could Speak: Halliday Edition"",""url"":""https://preservationhall.secure.force.com/ticket/#sections_a0F1U00000BeSAmUAN"",""startDate"":""2019-12-22T13:00:00"",""endDate"":""2019-12-22T15:00:00"",""image"":""https://www.preservationhall.com/app/uploads/Halliday-Edition-400x300_acf_cropped.jpg"",""description"":""\""If This Hall Could Speak: Halliday Edition“ is a New Orleans Holiday-themed performance  offering the opportunity to learn about and hear New Orleans jazz directly from the musicians who play it. Take a glimpse into the real lives behind this storied tradition as the Preservation All-Stars pair the timeless art of storytelling with songs that celebrate the experience of growing up in the Crescent City."",""location"":{""@type"":""Place"",""name"":""Preservation Hall"",""address"":""726 Saint Peter Street\r\nNew Orleans, LA 70116""},""eventAttendanceMode"":""https://schema.org/OfflineEventAttendanceMode"",""eventStatus"":""https://schema.org/EventScheduled"",""organizer"":{""@type"":""Organization"",""name"":""Preservation Hall"",""url"":""https://www.preservationhall.com""},""offers"":{""@type"":""Offer"",""url"":""https://preservationhall.secure.force.com/ticket/#sections_a0F1U00000BeSAmUAN"",""validFrom"":""2019-11-27T00:55:00"",""availability"":""http://schema.org/SoldOut""}},{""@type"":""Event"",""name"":""If This Hall Could Speak: Halliday Edition"",""url"":""https://preservationhall.secure.force.com/ticket/#sections_a0F1U00000BeSArUAN"",""startDate"":""2019-12-22T14:30:00"",""endDate"":""2019-12-22T16:30:00"",""image"":""https://www.preservationhall.com/app/uploads/Halliday-Edition-400x300_acf_cropped.jpg"",""description"":""\""If This Hall Could Speak: Halliday Edition“ is a New Orleans Holiday-themed performance  offering the opportunity to learn about and hear New Orleans jazz directly from the musicians who play it. Take a glimpse into the real lives behind this storied tradition as the Preservation All-Stars pair the timeless art of storytelling with songs that celebrate the experience of growing up in the Crescent City."",""location"":{""@type"":""Place"",""name"":""Preservation Hall"",""address"":""726 Saint Peter Street\r\nNew Orleans, LA 70116""},""eventAttendanceMode"":""https://schema.org/OfflineEventAttendanceMode"",""eventStatus"":""https://schema.org/EventScheduled"",""organizer"":{""@type"":""Organization"",""name"":""Preservation Hall"",""url"":""https://www.preservationhall.com""},""offers"":{""@type"":""Offer"",""url"":""https://preservationhall.secure.force.com/ticket/#sections_a0F1U00000BeSArUAN"",""validFrom"":""2019-11-27T00:55:00"",""availability"":""http://schema.org/SoldOut""}},{""@type"":""Event"",""name"":""If This Hall Could Speak: Halliday Edition"",""url"":""https://preservationhall.secure.force.com/ticket/#sections_a0F1U00000BeSB1UAN"",""startDate"":""2019-12-23T13:00:00"",""endDate"":""2019-12-23T15:00:00"",""image"":""https://www.preservationhall.com/app/uploads/Halliday-Edition-400x300_acf_cropped.jpg"",""description"":""\""If This Hall Could Speak: Halliday Edition“ is a New Orleans Holiday-themed performance  offering the opportunity to learn about and hear New Orleans jazz directly from the musicians who play it. Take a glimpse into the real lives behind this storied tradition as the Preservation All-Stars pair the timeless art of storytelling with songs that celebrate the experience of growing up in the Crescent City."",""location"":{""@type"":""Place"",""name"":""Preservation Hall"",""address"":""726 Saint Peter Street\r\nNew Orleans, LA 70116""},""eventAttendanceMode"":""https://schema.org/OfflineEventAttendanceMode"",""eventStatus"":""https://schema.org/EventScheduled"",""organizer"":{""@type"":""Organization"",""name"":""Preservation Hall"",""url"":""https://www.preservationhall.com""},""offers"":{""@type"":""Offer"",""url"":""https://preservationhall.secure.force.com/ticket/#sections_a0F1U00000BeSB1UAN"",""validFrom"":""2019-11-27T00:55:00"",""availability"":""http://schema.org/SoldOut""}},{""@type"":""Event"",""name"":""If This Hall Could Speak: Halliday Edition"",""url"":""https://preservationhall.secure.force.com/ticket/#sections_a0F1U00000BeSB6UAN"",""startDate"":""2019-12-23T14:30:00"",""endDate"":""2019-12-23T16:30:00"",""image"":""https://www.preservationhall.com/app/uploads/Halliday-Edition-400x300_acf_cropped.jpg"",""description"":""\""If This Hall Could Speak: Halliday Edition“ is a New Orleans Holiday-themed performance  offering the opportunity to learn about and hear New Orleans jazz directly from the musicians who play it. Take a glimpse into the real lives behind this storied tradition as the Preservation All-Stars pair the timeless art of storytelling with songs that celebrate the experience of growing up in the Crescent City."",""location"":{""@type"":""Place"",""name"":""Preservation Hall"",""address"":""726 Saint Peter Street\r\nNew Orleans, LA 70116""},""eventAttendanceMode"":""https://schema.org/OfflineEventAttendanceMode"",""eventStatus"":""https://schema.org/EventScheduled"",""organizer"":{""@type"":""Organization"",""name"":""Preservation Hall"",""url"":""https://www.preservationhall.com""},""offers"":{""@type"":""Offer"",""url"":""https://preservationhall.secure.force.com/ticket/#sections_a0F1U00000BeSB6UAN"",""validFrom"":""2019-11-27T00:55:00"",""availability"":""http://schema.org/SoldOut""}}]}"
2026-10-01T16:03:02Z,preservationhall.com,100067,concert hall,https://www.preservationhall.com/events/if-this-hall-could-speak-halliday-edition/,Event,mapped_seed_site,,If This Hall Could Speak: Halliday Edition,2019-12-20T14:30:00,2019-12-20T16:30:00,https://preservationhall.secure.force.com/ticket/#sections_a0F1U00000BeS7dUAF,https://schema.org/EventScheduled,https://schema.org/OfflineEventAttendanceMode,"""If This Hall Could Speak: Halliday Edition“ is a New Orleans Holiday-themed performance offering the opportunity to learn about and hear New Orleans jazz directly from the musicians who play it. Take a glimpse into the real lives behind this storied tradition as the Preservation All-Stars pair the timeless art of storytelling with songs that celebrate the experience of growing up in the Crescent City.","{""@type"":""Place"",""name"":""Preservation Hall"",""address"":""726 Saint Peter Street\r\nNew Orleans, LA 70116""}","{""@type"":""Offer"",""url"":""https://preservationhall.secure.force.com/ticket/#sections_a0F1U00000BeS7dUAF"",""validFrom"":""2019-11-27T00:55:00"",""availability"":""http://schema.org/SoldOut""}","{""@type"":""Organization"",""name"":""Preservation Hall"",""url"":""https://www.preservationhall.com""}",,"""https://www.preservationhall.com/app/uploads/Halliday-Edition-400x300_acf_cropped.jpg""",,"{""@type"":""Event"",""name"":""If This Hall Could Speak: Halliday Edition"",""url"":""https://preservationhall.secure.force.com/ticket/#sections_a0F1U00000BeS7dUAF"",""startDate"":""2019-12-20T14:30:00"",""endDate"":""2019-12-20T16:30:00"",""image"":""https://www.preservationhall.com/app/uploads/Halliday-Edition-400x300_acf_cropped.jpg"",""description"":""\""If This Hall Could Speak: Halliday Edition“ is a New Orleans Holiday-themed performance  offering the opportunity to learn about and hear New Orleans jazz directly from the musicians who play it. Take a glimpse into the real lives behind this storied tradition as the Preservation All-Stars pair the timeless art of storytelling with songs that celebrate the experience of growing up in the Crescent City."",""location"":{""@type"":""Place"",""name"":""Preservation Hall"",""address"":""726 Saint Peter Street\r\nNew Orleans, LA 70116""},""eventAttendanceMode"":""https://schema.org/OfflineEventAttendanceMode"",""eventStatus"":""https://schema.org/EventScheduled"",""organizer"":{""@type"":""Organization"",""name"":""Preservation Hall"",""url"":""https://www.preservationhall.com""},""offers"":{""@type"":""Offer"",""url"":""https://preservationhall.secure.force.com/ticket/#sections_a0F1U00000BeS7dUAF"",""validFrom"":""2019-11-27T00:55:00"",""availability"":""http://schema.org/SoldOut""}}"
2026-10-01T16:03:02Z,preservationhall.com,100067,concert hall,https://www.preservationhall.com/events/if-this-hall-could-speak-halliday-edition/,Event,mapped_seed_site,,If This Hall Could Speak: Halliday Edition,2019-12-21T13:00:00,2019-12-21T15:00:00,https://preservationhall.secure.force.com/ticket/#sections_a0F1U00000BeSAcUAN,https://schema.org/EventScheduled,https://schema.org/OfflineEventAttendanceMode,"""If This Hall Could Speak: Halliday Edition“ is a New Orleans Holiday-themed performance offering the opportunity to learn about and hear New Orleans jazz directly from the musicians who play it. Take a glimpse into the real lives behind this storied tradition as the Preservation All-Stars pair the timeless art of storytelling with songs that celebrate the experience of growing up in the Crescent City.","{""@type"":""Place"",""name"":""Preservation Hall"",""address"":""726 Saint Peter Street\r\nNew Orleans, LA 70116""}","{""@type"":""Offer"",""url"":""https://preservationhall.secure.force.com/ticket/#sections_a0F1U00000BeSAcUAN"",""validFrom"":""2019-11-27T00:55:00"",""availability"":""http://schema.org/SoldOut""}","{""@type"":""Organization"",""name"":""Preservation Hall"",""url"":""https://www.preservationhall.com""}",,"""https://www.preservationhall.com/app/uploads/Halliday-Edition-400x300_acf_cropped.jpg""",,"{""@type"":""Event"",""name"":""If This Hall Could Speak: Halliday Edition"",""url"":""https://preservationhall.secure.force.com/ticket/#sections_a0F1U00000BeSAcUAN"",""startDate"":""2019-12-21T13:00:00"",""endDate"":""2019-12-21T15:00:00"",""image"":""https://www.preservationhall.com/app/uploads/Halliday-Edition-400x300_acf_cropped.jpg"",""description"":""\""If This Hall Could Speak: Halliday Edition“ is a New Orleans Holiday-themed performance  offering the opportunity to learn about and hear New Orleans jazz directly from the musicians who play it. Take a glimpse into the real lives behind this storied tradition as the Preservation All-Stars pair the timeless art of storytelling with songs that celebrate the experience of growing up in the Crescent City."",""location"":{""@type"":""Place"",""name"":""Preservation Hall"",""address"":""726 Saint Peter Street\r\nNew Orleans, LA 70116""},""eventAttendanceMode"":""https://schema.org/OfflineEventAttendanceMode"",""eventStatus"":""https://schema.org/EventScheduled"",""organizer"":{""@type"":""Organization"",""name"":""Preservation Hall"",""url"":""https://www.preservationhall.com""},""offers"":{""@type"":""Offer"",""url"":""https://preservationhall.secure.force.com/ticket/#sections_a0F1U00000BeSAcUAN"",""validFrom"":""2019-11-27T00:55:00"",""availability"":""http://schema.org/SoldOut""}}"
2026-10-01T16:03:02Z,preservationhall.com,100067,concert hall,https://www.preservationhall.com/events/if-this-hall-could-speak-halliday-edition/,Event,mapped_seed_site,,If This Hall Could Speak: Halliday Edition,2019-12-21T14:30:00,2019-12-21T16:30:00,https://preservationhall.secure.force.com/ticket/#sections_a0F1U00000BeSAhUAN,https://schema.org/EventScheduled,https://schema.org/OfflineEventAttendanceMode,"""If This Hall Could Speak: Halliday Edition“ is a New Orleans Holiday-themed performance offering the opportunity to learn about and hear New Orleans jazz directly from the musicians who play it. Take a glimpse into the real lives behind this storied tradition as the Preservation All-Stars pair the timeless art of storytelling with songs that celebrate the experience of growing up in the Crescent City.","{""@type"":""Place"",""name"":""Preservation Hall"",""address"":""726 Saint Peter Street\r\nNew Orleans, LA 70116""}","{""@type"":""Offer"",""url"":""https://preservationhall.secure.force.com/ticket/#sections_a0F1U00000BeSAhUAN"",""validFrom"":""2019-11-27T00:55:00"",""availability"":""http://schema.org/SoldOut""}","{""@type"":""Organization"",""name"":""Preservation Hall"",""url"":""https://www.preservationhall.com""}",,"""https://www.preservationhall.com/app/uploads/Halliday-Edition-400x300_acf_cropped.jpg""",,"{""@type"":""Event"",""name"":""If This Hall Could Speak: Halliday Edition"",""url"":""https://preservationhall.secure.force.com/ticket/#sections_a0F1U00000BeSAhUAN"",""startDate"":""2019-12-21T14:30:00"",""endDate"":""2019-12-21T16:30:00"",""image"":""https://www.preservationhall.com/app/uploads/Halliday-Edition-400x300_acf_cropped.jpg"",""description"":""\""If This Hall Could Speak: Halliday Edition“ is a New Orleans Holiday-themed performance  offering the opportunity to learn about and hear New Orleans jazz directly from the musicians who play it. Take a glimpse into the real lives behind this storied tradition as the Preservation All-Stars pair the timeless art of storytelling with songs that celebrate the experience of growing up in the Crescent City."",""location"":{""@type"":""Place"",""name"":""Preservation Hall"",""address"":""726 Saint Peter Street\r\nNew Orleans, LA 70116""},""eventAttendanceMode"":""https://schema.org/OfflineEventAttendanceMode"",""eventStatus"":""https://schema.org/EventScheduled"",""organizer"":{""@type"":""Organization"",""name"":""Preservation Hall"",""url"":""https://www.preservationhall.com""},""offers"":{""@type"":""Offer"",""url"":""https://preservationhall.secure.force.com/ticket/#sections_a0F1U00000BeSAhUAN"",""validFrom"":""2019-11-27T00:55:00"",""availability"":""http://schema.org/SoldOut""}}"
2026-10-01T16:03:02Z,preservationhall.com,100067,concert hall,https://www.preservationhall.com/events/if-this-hall-could-speak-halliday-edition/,Event,mapped_seed_site,,If This Hall Could Speak: Halliday Edition,2019-12-22T13:00:00,2019-12-22T15:00:00,https://preservationhall.secure.force.com/ticket/#sections_a0F1U00000BeSAmUAN,https://schema.org/EventScheduled,https://schema.org/OfflineEventAttendanceMode,"""If This Hall Could Speak: Halliday Edition“ is a New Orleans Holiday-themed performance offering the opportunity to learn about and hear New Orleans jazz directly from the musicians who play it. Take a glimpse into the real lives behind this storied tradition as the Preservation All-Stars pair the timeless art of storytelling with songs that celebrate the experience of growing up in the Crescent City.","{""@type"":""Place"",""name"":""Preservation Hall"",""address"":""726 Saint Peter Street\r\nNew Orleans, LA 70116""}","{""@type"":""Offer"",""url"":""https://preservationhall.secure.force.com/ticket/#sections_a0F1U00000BeSAmUAN"",""validFrom"":""2019-11-27T00:55:00"",""availability"":""http://schema.org/SoldOut""}","{""@type"":""Organization"",""name"":""Preservation Hall"",""url"":""https://www.preservationhall.com""}",,"""https://www.preservationhall.com/app/uploads/Halliday-Edition-400x300_acf_cropped.jpg""",,"{""@type"":""Event"",""name"":""If This Hall Could Speak: Halliday Edition"",""url"":""https://preservationhall.secure.force.com/ticket/#sections_a0F1U00000BeSAmUAN"",""startDate"":""2019-12-22T13:00:00"",""endDate"":""2019-12-22T15:00:00"",""image"":""https://www.preservationhall.com/app/uploads/Halliday-Edition-400x300_acf_cropped.jpg"",""description"":""\""If This Hall Could Speak: Halliday Edition“ is a New Orleans Holiday-themed performance  offering the opportunity to learn about and hear New Orleans jazz directly from the musicians who play it. Take a glimpse into the real lives behind this storied tradition as the Preservation All-Stars pair the timeless art of storytelling with songs that celebrate the experience of growing up in the Crescent City."",""location"":{""@type"":""Place"",""name"":""Preservation Hall"",""address"":""726 Saint Peter Street\r\nNew Orleans, LA 70116""},""eventAttendanceMode"":""https://schema.org/OfflineEventAttendanceMode"",""eventStatus"":""https://schema.org/EventScheduled"",""organizer"":{""@type"":""Organization"",""name"":""Preservation Hall"",""url"":""https://www.preservationhall.com""},""offers"":{""@type"":""Offer"",""url"":""https://preservationhall.secure.force.com/ticket/#sections_a0F1U00000BeSAmUAN"",""validFrom"":""2019-11-27T00:55:00"",""availability"":""http://schema.org/SoldOut""}}"
2026-10-01T16:03:02Z,preservationhall.com,100067,concert hall,https://www.preservationhall.com/events/if-this-hall-could-speak-halliday-edition/,Event,mapped_seed_site,,If This Hall Could Speak: Halliday Edition,2019-12-22T14:30:00,2019-12-22T16:30:00,https://preservationhall.secure.force.com/ticket/#sections_a0F1U00000BeSArUAN,https://schema.org/EventScheduled,https://schema.org/OfflineEventAttendanceMode,"""If This Hall Could Speak: Halliday Edition“ is a New Orleans Holiday-themed performance offering the opportunity to learn about and hear New Orleans jazz directly from the musicians who play it. Take a glimpse into the real lives behind this storied tradition as the Preservation All-Stars pair the timeless art of storytelling with songs that celebrate the experience of growing up in the Crescent City.","{""@type"":""Place"",""name"":""Preservation Hall"",""address"":""726 Saint Peter Street\r\nNew Orleans, LA 70116""}","{""@type"":""Offer"",""url"":""https://preservationhall.secure.force.com/ticket/#sections_a0F1U00000BeSArUAN"",""validFrom"":""2019-11-27T00:55:00"",""availability"":""http://schema.org/SoldOut""}","{""@type"":""Organization"",""name"":""Preservation Hall"",""url"":""https://www.preservationhall.com""}",,"""https://www.preservationhall.com/app/uploads/Halliday-Edition-400x300_acf_cropped.jpg""",,"{""@type"":""Event"",""name"":""If This Hall Could Speak: Halliday Edition"",""url"":""https://preservationhall.secure.force.com/ticket/#sections_a0F1U00000BeSArUAN"",""startDate"":""2019-12-22T14:30:00"",""endDate"":""2019-12-22T16:30:00"",""image"":""https://www.preservationhall.com/app/uploads/Halliday-Edition-400x300_acf_cropped.jpg"",""description"":""\""If This Hall Could Speak: Halliday Edition“ is a New Orleans Holiday-themed performance  offering the opportunity to learn about and hear New Orleans jazz directly from the musicians who play it. Take a glimpse into the real lives behind this storied tradition as the Preservation All-Stars pair the timeless art of storytelling with songs that celebrate the experience of growing up in the Crescent City."",""location"":{""@type"":""Place"",""name"":""Preservation Hall"",""address"":""726 Saint Peter Street\r\nNew Orleans, LA 70116""},""eventAttendanceMode"":""https://schema.org/OfflineEventAttendanceMode"",""eventStatus"":""https://schema.org/EventScheduled"",""organizer"":{""@type"":""Organization"",""name"":""Preservation Hall"",""url"":""https://www.preservationhall.com""},""offers"":{""@type"":""Offer"",""url"":""https://preservationhall.secure.force.com/ticket/#sections_a0F1U00000BeSArUAN"",""validFrom"":""2019-11-27T00:55:00"",""availability"":""http://schema.org/SoldOut""}}"
2026-10-01T16:03:02Z,preservationhall.com,100067,concert hall,https://www.preservationhall.com/events/if-this-hall-could-speak-halliday-edition/,Event,mapped_seed_site,,If This Hall Could Speak: Halliday Edition,2019-12-23T13:00:00,2019-12-23T15:00:00,https://preservationhall.secure.force.com/ticket/#sections_a0F1U00000BeSB1UAN,https://schema.org/EventScheduled,https://schema.org/OfflineEventAttendanceMode,"""If This Hall Could Speak: Halliday Edition“ is a New Orleans Holiday-themed performance offering the opportunity to learn about and hear New Orleans jazz directly from the musicians who play it. Take a glimpse into the real lives behind this storied tradition as the Preservation All-Stars pair the timeless art of storytelling with songs that celebrate the experience of growing up in the Crescent City.","{""@type"":""Place"",""name"":""Preservation Hall"",""address"":""726 Saint Peter Street\r\nNew Orleans, LA 70116""}","{""@type"":""Offer"",""url"":""https://preservationhall.secure.force.com/ticket/#sections_a0F1U00000BeSB1UAN"",""validFrom"":""2019-11-27T00:55:00"",""availability"":""http://schema.org/SoldOut""}","{""@type"":""Organization"",""name"":""Preservation Hall"",""url"":""https://www.preservationhall.com""}",,"""https://www.preservationhall.com/app/uploads/Halliday-Edition-400x300_acf_cropped.jpg""",,"{""@type"":""Event"",""name"":""If This Hall Could Speak: Halliday Edition"",""url"":""https://preservationhall.secure.force.com/ticket/#sections_a0F1U00000BeSB1UAN"",""startDate"":""2019-12-23T13:00:00"",""endDate"":""2019-12-23T15:00:00"",""image"":""https://www.preservationhall.com/app/uploads/Halliday-Edition-400x300_acf_cropped.jpg"",""description"":""\""If This Hall Could Speak: Halliday Edition“ is a New Orleans Holiday-themed performance  offering the opportunity to learn about and hear New Orleans jazz directly from the musicians who play it. Take a glimpse into the real lives behind this storied tradition as the Preservation All-Stars pair the timeless art of storytelling with songs that celebrate the experience of growing up in the Crescent City."",""location"":{""@type"":""Place"",""name"":""Preservation Hall"",""address"":""726 Saint Peter Street\r\nNew Orleans, LA 70116""},""eventAttendanceMode"":""https://schema.org/OfflineEventAttendanceMode"",""eventStatus"":""https://schema.org/EventScheduled"",""organizer"":{""@type"":""Organization"",""name"":""Preservation Hall"",""url"":""https://www.preservationhall.com""},""offers"":{""@type"":""Offer"",""url"":""https://preservationhall.secure.force.com/ticket/#sections_a0F1U00000BeSB1UAN"",""validFrom"":""2019-11-27T00:55:00"",""availability"":""http://schema.org/SoldOut""}}"
2026-10-01T16:03:02Z,preservationhall.com,100067,concert hall,https://www.preservationhall.com/events/if-this-hall-could-speak-halliday-edition/,Event,mapped_seed_site,,If This Hall Could Speak: Halliday Edition,2019-12-23T14:30:00,2019-12-23T16:30:00,https://preservationhall.secure.force.com/ticket/#sections_a0F1U00000BeSB6UAN,https://schema.org/EventScheduled,https://schema.org/OfflineEventAttendanceMode,"""If This Hall Could Speak: Halliday Edition“ is a New Orleans Holiday-themed performance offering the opportunity to learn about and hear New Orleans jazz directly from the musicians who play it. Take a glimpse into the real lives behind this storied tradition as the Preservation All-Stars pair the timeless art of storytelling with songs that celebrate the experience of growing up in the Crescent City.","{""@type"":""Place"",""name"":""Preservation Hall"",""address"":""726 Saint Peter Street\r\nNew Orleans, LA 70116""}","{""@type"":""Offer"",""url"":""https://preservationhall.secure.force.com/ticket/#sections_a0F1U00000BeSB6UAN"",""validFrom"":""2019-11-27T00:55:00"",""availability"":""http://schema.org/SoldOut""}","{""@type"":""Organization"",""name"":""Preservation Hall"",""url"":""https://www.preservationhall.com""}",,"""https://www.preservationhall.com/app/uploads/Halliday-Edition-400x300_acf_cropped.jpg""",,"{""@type"":""Event"",""name"":""If This Hall Could Speak: Halliday Edition"",""url"":""https://preservationhall.secure.force.com/ticket/#sections_a0F1U00000BeSB6UAN"",""startDate"":""2019-12-23T14:30:00"",""endDate"":""2019-12-23T16:30:00"",""image"":""https://www.preservationhall.com/app/uploads/Halliday-Edition-400x300_acf_cropped.jpg"",""description"":""\""If This Hall Could Speak: Halliday Edition“ is a New Orleans Holiday-themed performance  offering the opportunity to learn about and hear New Orleans jazz directly from the musicians who play it. Take a glimpse into the real lives behind this storied tradition as the Preservation All-Stars pair the timeless art of storytelling with songs that celebrate the experience of growing up in the Crescent City."",""location"":{""@type"":""Place"",""name"":""Preservation Hall"",""address"":""726 Saint Peter Street\r\nNew Orleans, LA 70116""},""eventAttendanceMode"":""https://schema.org/OfflineEventAttendanceMode"",""eventStatus"":""https://schema.org/EventScheduled"",""organizer"":{""@type"":""Organization"",""name"":""Preservation Hall"",""url"":""https://www.preservationhall.com""},""offers"":{""@type"":""Offer"",""url"":""https://preservationhall.secure.force.com/ticket/#sections_a0F1U00000BeSB6UAN"",""validFrom"":""2019-11-27T00:55:00"",""availability"":""http://schema.org/SoldOut""}}"
2026-10-01T16:03:02Z,nolajazzmuseum.org,100067,4bf58dd8d48988d190941735|history museum,https://nolajazzmuseum.org/events/2019/1/2/kris-tokarski,Event,mapped_seed_site,,Kris Tokarski — New Orleans Jazz Museum,2020-01-02T14:00:00-0600,2020-01-02T15:00:00-0600,https://nolajazzmuseum.org/events/2019/1/2/kris-tokarski,,,,"{""name"":""New Orleans Jazz Museum"",""address"":""400 Esplanade Avenue\nNew Orleans\nUnited States"",""@context"":""http://schema.org"",""@type"":""Place""}",,,,"[""http://static1.squarespace.com/static/58092328579fb31efea7a49e/580e6f4febbd1a5703281b18/5df9066b61da150e4b69c47c/1749561646410/Kris-Tokarski-e1414120579147.jpg?format=1500w""]",,"{""name"":""Kris Tokarski — New Orleans Jazz Museum"",""startDate"":""2020-01-02T14:00:00-0600"",""endDate"":""2020-01-02T15:00:00-0600"",""image"":[""http://static1.squarespace.com/static/58092328579fb31efea7a49e/580e6f4febbd1a5703281b18/5df9066b61da150e4b69c47c/1749561646410/Kris-Tokarski-e1414120579147.jpg?format=1500w""],""location"":{""name"":""New Orleans Jazz Museum"",""address"":""400 Esplanade Avenue\nNew Orleans\nUnited States"",""@context"":""http://schema.org"",""@type"":""Place""},""@context"":""http://schema.org"",""@type"":""Event""}"
2026-10-01T16:03:02Z,nolajazzmuseum.org,100067,4bf58dd8d48988d190941735|history museum,https://nolajazzmuseum.org/events/2019/1/3jazz-ensemble,Event,mapped_seed_site,,Jazz Foundation of America Presents... — New Orleans Jazz Museum,2020-01-03T14:00:00-0600,2020-01-03T15:00:00-0600,https://nolajazzmuseum.org/events/2019/1/3jazz-ensemble,,,,"{""name"":""New Orleans Jazz Museum"",""address"":""400 Esplanade Avenue\nNew Orleans, LA 70116"",""@context"":""http://schema.org"",""@type"":""Place""}",,,,"[""http://static1.squarespace.com/static/58092328579fb31efea7a49e/580e6f4febbd1a5703281b18/5df93bc42509225a64665279/1749561626043/jens-thekkeveettil-dBWvUqBoOU8-unsplash.jpg?format=1500w""]",,"{""name"":""Jazz Foundation of America Presents... — New Orleans Jazz Museum"",""startDate"":""2020-01-03T14:00:00-0600"",""endDate"":""2020-01-03T15:00:00-0600"",""image"":[""http://static1.squarespace.com/static/58092328579fb31efea7a49e/580e6f4febbd1a5703281b18/5df93bc42509225a64665279/1749561626043/jens-thekkeveettil-dBWvUqBoOU8-unsplash.jpg?format=1500w""],""location"":{""name"":""New Orleans Jazz Museum"",""address"":""400 Esplanade Avenue\nNew Orleans, LA 70116"",""@context"":""http://schema.org"",""@type"":""Place""},""@context"":""http://schema.org"",""@type"":""Event""}"
2026-10-01T16:03:02Z,nolajazzmuseum.org,100067,4bf58dd8d48988d190941735|history museum,https://nolajazzmuseum.org/events/2019/1/9/suzannestone,Event,mapped_seed_site,,Friends of the Cabildo Second Thursday Lecture: Suzanne Stone “New Orleans Coffee: A Rich History” — New Orleans Jazz Museum,2020-01-09T18:00:00-0600,2020-01-09T19:00:00-0600,https://nolajazzmuseum.org/events/2019/1/9/suzannestone,,,,"{""name"":""New Orleans Jazz Museum"",""address"":""400 Esplanade Avenue\nNew Orleans, LA 70116"",""@context"":""http://schema.org"",""@type"":""Place""}",,,,"[""http://static1.squarespace.com/static/58092328579fb31efea7a49e/580e6f4febbd1a5703281b18/5df9359e720d160bfbf37f4f/1749561651105/76178374_2651605174900131_3303371862611853312_n.jpg?format=1500w""]",,"{""name"":""Friends of the Cabildo Second Thursday Lecture: Suzanne Stone “New Orleans Coffee: A Rich History”  — New Orleans Jazz Museum"",""startDate"":""2020-01-09T18:00:00-0600"",""endDate"":""2020-01-09T19:00:00-0600"",""image"":[""http://static1.squarespace.com/static/58092328579fb31efea7a49e/580e6f4febbd1a5703281b18/5df9359e720d160bfbf37f4f/1749561651105/76178374_2651605174900131_3303371862611853312_n.jpg?format=1500w""],""location"":{""name"":""New Orleans Jazz Museum"",""address"":""400 Esplanade Avenue\nNew Orleans, LA 70116"",""@context"":""http://schema.org"",""@type"":""Place""},""@context"":""http://schema.org"",""@type"":""Event""}"
2026-10-01T16:03:02Z,nolajazzmuseum.org,100067,4bf58dd8d48988d190941735|history museum,https://nolajazzmuseum.org/events/2019/1/27planetm,Event,mapped_seed_site,,"Planet M: Meditation, Movement, &amp; Music — New Orleans Jazz Museum",2020-01-27T10:00:00-0600,2020-01-27T12:00:00-0600,https://nolajazzmuseum.org/events/2019/1/27planetm,,,,"{""name"":""New Orleans Jazz Museum"",""address"":""400 Esplanade Avenue\nNew Orleans\nUnited States"",""@context"":""http://schema.org"",""@type"":""Place""}",,,,"[""http://static1.squarespace.com/static/58092328579fb31efea7a49e/580e6f4febbd1a5703281b18/5e14c4c5073d796c7c410353/1749561660229/69816316_10162406531580525_5977473841755062272_n.jpg?format=1500w""]",,"{""name"":""Planet M: Meditation, Movement, &amp; Music — New Orleans Jazz Museum"",""startDate"":""2020-01-27T10:00:00-0600"",""endDate"":""2020-01-27T12:00:00-0600"",""image"":[""http://static1.squarespace.com/static/58092328579fb31efea7a49e/580e6f4febbd1a5703281b18/5e14c4c5073d796c7c410353/1749561660229/69816316_10162406531580525_5977473841755062272_n.jpg?format=1500w""],""location"":{""name"":""New Orleans Jazz Museum"",""address"":""400 Esplanade Avenue\nNew Orleans\nUnited States"",""@context"":""http://schema.org"",""@type"":""Place""},""@context"":""http://schema.org"",""@type"":""Event""}"
2026-10-01T16:03:02Z,nolajazzmuseum.org,100067,4bf58dd8d48988d190941735|history museum,https://nolajazzmuseum.org/events/2019/1/30talkin-jazz-with-fred-kasten,Event,mapped_seed_site,,Talkin' Jazz with Fred Kasten &amp; Brad Walker — New Orleans Jazz Museum,2020-01-30T14:00:00-0600,2020-01-30T15:00:00-0600,https://nolajazzmuseum.org/events/2019/1/30talkin-jazz-with-fred-kasten,,,,"{""name"":""New Orleans Jazz Museum"",""address"":""400 Esplanade Avenue\nNew Orleans, LA, 70116\nUnited States"",""@context"":""http://schema.org"",""@type"":""Place""}",,,,"[""http://static1.squarespace.com/static/58092328579fb31efea7a49e/580e6f4febbd1a5703281b18/5df95ce89718c502db7f2c56/1749561620349/bradwalker.jpg?format=1500w""]",,"{""name"":""Talkin' Jazz with Fred Kasten &amp; Brad Walker — New Orleans Jazz Museum"",""startDate"":""2020-01-30T14:00:00-0600"",""endDate"":""2020-01-30T15:00:00-0600"",""image"":[""http://static1.squarespace.com/static/58092328579fb31efea7a49e/580e6f4febbd1a5703281b18/5df95ce89718c502db7f2c56/1749561620349/bradwalker.jpg?format=1500w""],""location"":{""name"":""New Orleans Jazz Museum"",""address"":""400 Esplanade Avenue\nNew Orleans, LA, 70116\nUnited States"",""@context"":""http://schema.org"",""@type"":""Place""},""@context"":""http://schema.org"",""@type"":""Event""}"
2026-10-01T16:03:02Z,nolajazzmuseum.org,100067,4bf58dd8d48988d190941735|history museum,https://nolajazzmuseum.org/events/2019/1/31jazz-ensemble,Event,mapped_seed_site,,Jazz Foundation of America Presents... — New Orleans Jazz Museum,2020-01-31T14:00:00-0600,2020-01-31T15:00:00-0600,https://nolajazzmuseum.org/events/2019/1/31jazz-ensemble,,,,"{""name"":""New Orleans Jazz Museum"",""address"":""400 Esplanade Avenue\nNew Orleans, LA 70116"",""@context"":""http://schema.org"",""@type"":""Place""}",,,,"[""http://static1.squarespace.com/static/58092328579fb31efea7a49e/580e6f4febbd1a5703281b18/5df93fe6c5bb6c13c5fbf65f/1749561659655/jens-thekkeveettil-dBWvUqBoOU8-unsplash.jpg?format=1500w""]",,"{""name"":"" Jazz Foundation of America Presents... — New Orleans Jazz Museum"",""startDate"":""2020-01-31T14:00:00-0600"",""endDate"":""2020-01-31T15:00:00-0600"",""image"":[""http://static1.squarespace.com/static/58092328579fb31efea7a49e/580e6f4febbd1a5703281b18/5df93fe6c5bb6c13c5fbf65f/1749561659655/jens-thekkeveettil-dBWvUqBoOU8-unsplash.jpg?format=1500w""],""location"":{""name"":""New Orleans Jazz Museum"",""address"":""400 Esplanade Avenue\nNew Orleans, LA 70116"",""@context"":""http://schema.org"",""@type"":""Place""},""@context"":""http://schema.org"",""@type"":""Event""}"
2026-10-01T16:03:02Z,neworleansonline.com,100067,4bf58dd8d48988d1e5931735|music venue,http://www.neworleansonline.com/neworleans/festivals/multiculturalfestivals/soulfest.html,Festival,mapped_exact,0.000,Soul Fest,2020-03-07,2020-03-08,https://www.neworleans.com/event/soul-fest/3325/,https://schema.org/EventScheduled,,"Soul Fest 2020 | New Orleans Soul Fest is a family-friendly two-day festival celebrating African American culture and heritage at Audubon Zoo. Enjoy delicious food, live music performances and fun children’s activities throughout the day. This year’s S","{""@type"":""LocalBusiness"",""@id"":""https://www.neworleans.com/listing/audubon-zoo/3513/#localbusiness"",""name"":""Audubon Zoo"",""address"":{""@type"":""PostalAddress"",""streetAddress"":""6500 Magazine Street"",""addressLocality"":""New Orleans "",""addressRegion"":""LA"",""postalCode"":""70118""},""geo"":{""@type"":""GeoCoordinates"",""latitude"":29.9234266,""longitude"":-90.1308596}}",,"{""@type"":""Organization"",""name"":""AARP""}",,"{""@type"":""ImageObject"",""url"":""https://assets.simpleviewinc.com/simpleview/image/upload/c_limit,h_1200,q_75,w_1200/v1/crm/neworleans/4525860547-48c0bd1c79-o0_8370add1-5056-b365-ab490382257ec8bf.jpg""}","Festivals, Featured","{""@type"":""Festival"",""@id"":""https://www.neworleans.com/event/soul-fest/3325/#event"",""url"":""https://www.neworleans.com/event/soul-fest/3325/"",""name"":""Soul Fest"",""description"":""Soul Fest 2020 | New Orleans Soul Fest is a family-friendly two-day festival celebrating African American culture and heritage at Audubon Zoo. Enjoy delicious food, live music performances and fun children’s activities throughout the day. This year’s S"",""startDate"":""2020-03-07"",""endDate"":""2020-03-08"",""keywords"":""Festivals, Featured"",""eventStatus"":""https://schema.org/EventScheduled"",""image"":{""@type"":""ImageObject"",""url"":""https://assets.simpleviewinc.com/simpleview/image/upload/c_limit,h_1200,q_75,w_1200/v1/crm/neworleans/4525860547-48c0bd1c79-o0_8370add1-5056-b365-ab490382257ec8bf.jpg""},""organizer"":{""@type"":""Organization"",""name"":""AARP""},""location"":{""@type"":""LocalBusiness"",""@id"":""https://www.neworleans.com/listing/audubon-zoo/3513/#localbusiness"",""name"":""Audubon Zoo"",""address"":{""@type"":""PostalAddress"",""streetAddress"":""6500 Magazine Street"",""addressLocality"":""New Orleans "",""addressRegion"":""LA"",""postalCode"":""70118""},""geo"":{""@type"":""GeoCoordinates"",""latitude"":29.9234266,""longitude"":-90.1308596}}}"
2026-10-01T16:03:02Z,nolajazzmuseum.org,100067,4bf58dd8d48988d190941735|history museum,https://nolajazzmuseum.org/events/1/20/2020/jfa,Event,mapped_seed_site,,Virtual Concert: JFA All-Star Jazz Ensemble — New Orleans Jazz Museum,2021-01-20T14:00:00-0600,2021-01-20T15:00:00-0600,https://nolajazzmuseum.org/events/1/20/2020/jfa,,,,"{""name"":""New Orleans Jazz Museum"",""address"":""400 Esplanade Avenue\nNew Orleans"",""@context"":""http://schema.org"",""@type"":""Place""}",,,,"[""http://static1.squarespace.com/static/58092328579fb31efea7a49e/580e6f4febbd1a5703281b18/5ff36908ac5ecf06b67fc4b7/1749561623650/jfa.jpg?format=1500w""]",,"{""name"":""Virtual Concert: JFA All-Star Jazz Ensemble  — New Orleans Jazz Museum"",""startDate"":""2021-01-20T14:00:00-0600"",""endDate"":""2021-01-20T15:00:00-0600"",""image"":[""http://static1.squarespace.com/static/58092328579fb31efea7a49e/580e6f4febbd1a5703281b18/5ff36908ac5ecf06b67fc4b7/1749561623650/jfa.jpg?format=1500w""],""location"":{""name"":""New Orleans Jazz Museum"",""address"":""400 Esplanade Avenue\nNew Orleans"",""@context"":""http://schema.org"",""@type"":""Place""},""@context"":""http://schema.org"",""@type"":""Event""}"
2026-10-01T16:03:02Z,nolajazzmuseum.org,100067,4bf58dd8d48988d190941735|history museum,https://nolajazzmuseum.org/events/1/21/2020/jfa,Event,mapped_seed_site,,Virtual Concert: JFA All-Star Jazz Ensemble — New Orleans Jazz Museum,2021-01-21T14:00:00-0600,2021-01-21T15:00:00-0600,https://nolajazzmuseum.org/events/1/21/2020/jfa,,,,"{""name"":""New Orleans Jazz Museum"",""address"":""400 Esplanade Avenue\nNew Orleans"",""@context"":""http://schema.org"",""@type"":""Place""}",,,,"[""http://static1.squarespace.com/static/58092328579fb31efea7a49e/580e6f4febbd1a5703281b18/5ff3693717af6f5d199483d2/1749561632706/jfa.jpg?format=1500w""]",,"{""name"":""Virtual Concert: JFA All-Star Jazz Ensemble — New Orleans Jazz Museum"",""startDate"":""2021-01-21T14:00:00-0600"",""endDate"":""2021-01-21T15:00:00-0600"",""image"":[""http://static1.squarespace.com/static/58092328579fb31efea7a49e/580e6f4febbd1a5703281b18/5ff3693717af6f5d199483d2/1749561632706/jfa.jpg?format=1500w""],""location"":{""name"":""New Orleans Jazz Museum"",""address"":""400 Esplanade Avenue\nNew Orleans"",""@context"":""http://schema.org"",""@type"":""Place""},""@context"":""http://schema.org"",""@type"":""Event""}"
2026-10-01T16:03:02Z,nolajazzmuseum.org,100067,4bf58dd8d48988d190941735|history museum,https://nolajazzmuseum.org/events/1/27/2020/jfa,Event,mapped_seed_site,,Virtual Concert: JFA Presents Baritone Bliss — New Orleans Jazz Museum,2021-01-27T14:00:00-0600,2021-01-27T15:00:00-0600,https://nolajazzmuseum.org/events/1/27/2020/jfa,,,,"{""name"":""New Orleans Jazz Museum"",""address"":""400 Esplanade Avenue\nNew Orleans"",""@context"":""http://schema.org"",""@type"":""Place""}",,,,"[""http://static1.squarespace.com/static/58092328579fb31efea7a49e/580e6f4febbd1a5703281b18/5ff36965b6dc0c1e6115cb1b/1749561625541/jfa.jpg?format=1500w""]",,"{""name"":""Virtual Concert: JFA Presents Baritone Bliss — New Orleans Jazz Museum"",""startDate"":""2021-01-27T14:00:00-0600"",""endDate"":""2021-01-27T15:00:00-0600"",""image"":[""http://static1.squarespace.com/static/58092328579fb31efea7a49e/580e6f4febbd1a5703281b18/5ff36965b6dc0c1e6115cb1b/1749561625541/jfa.jpg?format=1500w""],""location"":{""name"":""New Orleans Jazz Museum"",""address"":""400 Esplanade Avenue\nNew Orleans"",""@context"":""http://schema.org"",""@type"":""Place""},""@context"":""http://schema.org"",""@type"":""Event""}"
2026-10-01T16:03:02Z,nolajazzmuseum.org,100067,4bf58dd8d48988d190941735|history museum,https://nolajazzmuseum.org/events/1/28/2020/jfa,Event,mapped_seed_site,,Virtual Concert: JFA All-Star Jazz Ensemble — New Orleans Jazz Museum,2021-01-28T14:00:00-0600,2021-01-28T15:00:00-0600,https://nolajazzmuseum.org/events/1/28/2020/jfa,,,,"{""name"":""New Orleans Jazz Museum"",""address"":""400 Esplanade Avenue\nNew Orleans"",""@context"":""http://schema.org"",""@type"":""Place""}",,,,"[""http://static1.squarespace.com/static/58092328579fb31efea7a49e/580e6f4febbd1a5703281b18/5ff369929d513670e3bc0fb9/1749561655908/jfa.jpg?format=1500w""]",,"{""name"":""Virtual Concert: JFA All-Star Jazz Ensemble — New Orleans Jazz Museum"",""startDate"":""2021-01-28T14:00:00-0600"",""endDate"":""2021-01-28T15:00:00-0600"",""image"":[""http://static1.squarespace.com/static/58092328579fb31efea7a49e/580e6f4febbd1a5703281b18/5ff369929d513670e3bc0fb9/1749561655908/jfa.jpg?format=1500w""],""location"":{""name"":""New Orleans Jazz Museum"",""address"":""400 Esplanade Avenue\nNew Orleans"",""@context"":""http://schema.org"",""@type"":""Place""},""@context"":""http://schema.org"",""@type"":""Event""}"
2026-10-01T16:03:02Z,nolajazzmuseum.org,100067,4bf58dd8d48988d190941735|history museum,https://nolajazzmuseum.org/events/2/3/2021/jfa,Event,mapped_seed_site,,Virtual Concert: JFA All-Star Jazz Ensemble — New Orleans Jazz Museum,2021-02-03T14:00:00-0600,2021-02-03T15:00:00-0600,https://nolajazzmuseum.org/events/2/3/2021/jfa,,,,"{""name"":""New Orleans Jazz Museum"",""address"":""400 Esplanade Avenue\nNew Orleans"",""@context"":""http://schema.org"",""@type"":""Place""}",,,,"[""http://static1.squarespace.com/static/58092328579fb31efea7a49e/580e6f4febbd1a5703281b18/601055c49b5c494b30df88a0/1749561637364/jfa.jpg?format=1500w""]",,"{""name"":""Virtual Concert: JFA All-Star Jazz Ensemble — New Orleans Jazz Museum"",""startDate"":""2021-02-03T14:00:00-0600"",""endDate"":""2021-02-03T15:00:00-0600"",""image"":[""http://static1.squarespace.com/static/58092328579fb31efea7a49e/580e6f4febbd1a5703281b18/601055c49b5c494b30df88a0/1749561637364/jfa.jpg?format=1500w""],""location"":{""name"":""New Orleans Jazz Museum"",""address"":""400 Esplanade Avenue\nNew Orleans"",""@context"":""http://schema.org"",""@type"":""Place""},""@context"":""http://schema.org"",""@type"":""Event""}"
2026-10-01T16:03:02Z,nolajazzmuseum.org,100067,4bf58dd8d48988d190941735|history museum,https://nolajazzmuseum.org/events/2/4/2021/jfa,Event,mapped_seed_site,,Virtual Concert: Hot 8 Brass Band — New Orleans Jazz Museum,2021-02-04T14:00:00-0600,2021-02-04T15:00:00-0600,https://nolajazzmuseum.org/events/2/4/2021/jfa,,,,"{""name"":""New Orleans Jazz Museum"",""address"":""400 Esplanade Avenue\nNew Orleans"",""@context"":""http://schema.org"",""@type"":""Place""}",,,,"[""http://static1.squarespace.com/static/58092328579fb31efea7a49e/580e6f4febbd1a5703281b18/601056a58d030818d14c1be0/1749561638044/HOT8.jpg?format=1500w""]",,"{""name"":""Virtual Concert: Hot 8 Brass Band — New Orleans Jazz Museum"",""startDate"":""2021-02-04T14:00:00-0600"",""endDate"":""2021-02-04T15:00:00-0600"",""image"":[""http://static1.squarespace.com/static/58092328579fb31efea7a49e/580e6f4febbd1a5703281b18/601056a58d030818d14c1be0/1749561638044/HOT8.jpg?format=1500w""],""location"":{""name"":""New Orleans Jazz Museum"",""address"":""400 Esplanade Avenue\nNew Orleans"",""@context"":""http://schema.org"",""@type"":""Place""},""@context"":""http://schema.org"",""@type"":""Event""}"
2026-10-01T16:03:02Z,nolajazzmuseum.org,100067,4bf58dd8d48988d190941735|history museum,https://nolajazzmuseum.org/events/2/10/2021/jfa,Event,mapped_seed_site,,Virtual Concert: Treme Brass Band — New Orleans Jazz Museum,2021-02-10T14:00:00-0600,2021-02-10T15:00:00-0600,https://nolajazzmuseum.org/events/2/10/2021/jfa,,,,"{""name"":""New Orleans Jazz Museum"",""address"":""400 Esplanade Avenue\nNew Orleans"",""@context"":""http://schema.org"",""@type"":""Place""}",,,,"[""http://static1.squarespace.com/static/58092328579fb31efea7a49e/580e6f4febbd1a5703281b18/6010572da909ee7895648279/1749561629108/tremeBB.jpg?format=1500w""]",,"{""name"":""Virtual Concert: Treme Brass Band — New Orleans Jazz Museum"",""startDate"":""2021-02-10T14:00:00-0600"",""endDate"":""2021-02-10T15:00:00-0600"",""image"":[""http://static1.squarespace.com/static/58092328579fb31efea7a49e/580e6f4febbd1a5703281b18/6010572da909ee7895648279/1749561629108/tremeBB.jpg?format=1500w""],""location"":{""name"":""New Orleans Jazz Museum"",""address"":""400 Esplanade Avenue\nNew Orleans"",""@context"":""http://schema.org"",""@type"":""Place""},""@context"":""http://schema.org"",""@type"":""Event""}"
2026-10-01T16:03:02Z,nolajazzmuseum.org,100067,4bf58dd8d48988d190941735|history museum,https://nolajazzmuseum.org/events/2/11/2021/jfa,Event,mapped_seed_site,,POSTPONED Virtual Concert: JFA All-Star Jazz Ensemble — New Orleans Jazz Museum,2021-02-11T14:00:00-0600,2021-02-11T15:00:00-0600,https://nolajazzmuseum.org/events/2/11/2021/jfa,,,,"{""name"":""New Orleans Jazz Museum"",""address"":""400 Esplanade Avenue\nNew Orleans"",""@context"":""http://schema.org"",""@type"":""Place""}",,,,"[""http://static1.squarespace.com/static/58092328579fb31efea7a49e/580e6f4febbd1a5703281b18/60197bb607115f0d01a4d2b9/1749561644749/jfa.jpg?format=1500w""]",,"{""name"":""POSTPONED Virtual Concert: JFA All-Star Jazz Ensemble — New Orleans Jazz Museum"",""startDate"":""2021-02-11T14:00:00-0600"",""endDate"":""2021-02-11T15:00:00-0600"",""image"":[""http://static1.squarespace.com/static/58092328579fb31efea7a49e/580e6f4febbd1a5703281b18/60197bb607115f0d01a4d2b9/1749561644749/jfa.jpg?format=1500w""],""location"":{""name"":""New Orleans Jazz Museum"",""address"":""400 Esplanade Avenue\nNew Orleans"",""@context"":""http://schema.org"",""@type"":""Place""},""@context"":""http://schema.org"",""@type"":""Event""}"
2026-10-01T16:03:02Z,nolajazzmuseum.org,100067,4bf58dd8d48988d190941735|history museum,https://nolajazzmuseum.org/events/2/17/2021/jfa,Event,mapped_seed_site,,POSTPONED Virtual Concert: JFA All-Star Jazz Ensemble — New Orleans Jazz Museum,2021-02-17T14:00:00-0600,2021-02-17T15:00:00-0600,https://nolajazzmuseum.org/events/2/17/2021/jfa,,,,"{""name"":""New Orleans Jazz Museum"",""address"":""400 Esplanade Avenue\nNew Orleans"",""@context"":""http://schema.org"",""@type"":""Place""}",,,,"[""http://static1.squarespace.com/static/58092328579fb31efea7a49e/580e6f4febbd1a5703281b18/60105936a3478e4edbc7d549/1749561653639/jfa.jpg?format=1500w""]",,"{""name"":""POSTPONED Virtual Concert: JFA All-Star Jazz Ensemble  — New Orleans Jazz Museum"",""startDate"":""2021-02-17T14:00:00-0600"",""endDate"":""2021-02-17T15:00:00-0600"",""image"":[""http://static1.squarespace.com/static/58092328579fb31efea7a49e/580e6f4febbd1a5703281b18/60105936a3478e4edbc7d549/1749561653639/jfa.jpg?format=1500w""],""location"":{""name"":""New Orleans Jazz Museum"",""address"":""400 Esplanade Avenue\nNew Orleans"",""@context"":""http://schema.org"",""@type"":""Place""},""@context"":""http://schema.org"",""@type"":""Event""}"
2026-10-01T16:03:02Z,nolajazzmuseum.org,100067,4bf58dd8d48988d190941735|history museum,https://nolajazzmuseum.org/events/2/18/2021/jfa,Event,mapped_seed_site,,POSTPONED Virtual Concert: JFA All-Star Jazz Ensemble — New Orleans Jazz Museum,2021-02-18T14:00:00-0600,2021-02-18T15:00:00-0600,https://nolajazzmuseum.org/events/2/18/2021/jfa,,,,"{""name"":""New Orleans Jazz Museum"",""address"":""400 Esplanade Avenue\nNew Orleans"",""@context"":""http://schema.org"",""@type"":""Place""}",,,,"[""http://static1.squarespace.com/static/58092328579fb31efea7a49e/580e6f4febbd1a5703281b18/6010596f74e634587b24dd3c/1749561634572/jfa.jpg?format=1500w""]",,"{""name"":""POSTPONED Virtual Concert: JFA All-Star Jazz Ensemble — New Orleans Jazz Museum"",""startDate"":""2021-02-18T14:00:00-0600"",""endDate"":""2021-02-18T15:00:00-0600"",""image"":[""http://static1.squarespace.com/static/58092328579fb31efea7a49e/580e6f4febbd1a5703281b18/6010596f74e634587b24dd3c/1749561634572/jfa.jpg?format=1500w""],""location"":{""name"":""New Orleans Jazz Museum"",""address"":""400 Esplanade Avenue\nNew Orleans"",""@context"":""http://schema.org"",""@type"":""Place""},""@context"":""http://schema.org"",""@type"":""Event""}"
2026-10-01T16:03:02Z,nolajazzmuseum.org,100067,4bf58dd8d48988d190941735|history museum,https://nolajazzmuseum.org/events/2/24/21/jfa,Event,mapped_seed_site,,Virtual Concert: JFA All-Star Jazz Ensemble — New Orleans Jazz Museum,2021-02-24T14:00:00-0600,2021-02-24T15:00:00-0600,https://nolajazzmuseum.org/events/2/24/21/jfa,,,,"{""name"":""New Orleans Jazz Museum"",""address"":""400 Esplanade Avenue\nNew Orleans"",""@context"":""http://schema.org"",""@type"":""Place""}",,,,"[""http://static1.squarespace.com/static/58092328579fb31efea7a49e/580e6f4febbd1a5703281b18/60245538e6856f1d71ee5f3f/1749561659152/jfa.jpg?format=1500w""]",,"{""name"":""Virtual Concert: JFA All-Star Jazz Ensemble — New Orleans Jazz Museum"",""startDate"":""2021-02-24T14:00:00-0600"",""endDate"":""2021-02-24T15:00:00-0600"",""image"":[""http://static1.squarespace.com/static/58092328579fb31efea7a49e/580e6f4febbd1a5703281b18/60245538e6856f1d71ee5f3f/1749561659152/jfa.jpg?format=1500w""],""location"":{""name"":""New Orleans Jazz Museum"",""address"":""400 Esplanade Avenue\nNew Orleans"",""@context"":""http://schema.org"",""@type"":""Place""},""@context"":""http://schema.org"",""@type"":""Event""}"
2026-10-01T16:03:02Z,nolajazzmuseum.org,100067,4bf58dd8d48988d190941735|history museum,https://nolajazzmuseum.org/events/2/24/greggstafford,Event,mapped_seed_site,,Virtual Concert: Gregg Stafford — New Orleans Jazz Museum,2021-02-25T16:30:00-0600,2021-02-25T17:30:00-0600,https://nolajazzmuseum.org/events/2/24/greggstafford,,,,"{""name"":""New Orleans Jazz Museum"",""address"":""400 Esplanade Avenue\nNew Orleans"",""@context"":""http://schema.org"",""@type"":""Place""}",,,,"[""http://static1.squarespace.com/static/58092328579fb31efea7a49e/580e6f4febbd1a5703281b18/601059d0a909ee789564d335/1749561632434/greggstafford.jpg?format=1500w""]",,"{""name"":""Virtual Concert: Gregg Stafford — New Orleans Jazz Museum"",""startDate"":""2021-02-25T16:30:00-0600"",""endDate"":""2021-02-25T17:30:00-0600"",""image"":[""http://static1.squarespace.com/static/58092328579fb31efea7a49e/580e6f4febbd1a5703281b18/601059d0a909ee789564d335/1749561632434/greggstafford.jpg?format=1500w""],""location"":{""name"":""New Orleans Jazz Museum"",""address"":""400 Esplanade Avenue\nNew Orleans"",""@context"":""http://schema.org"",""@type"":""Place""},""@context"":""http://schema.org"",""@type"":""Event""}"
2026-10-01T16:03:02Z,3090-nola.com,100067,4bf58dd8d48988d1e5931735|music venue,https://www.3090-nola.com/bands/royal-essence-show-band071523,Event,mapped_seed_site,,"Royal Essence Show Band — 30°/-90° Live Music Club, Bar & Restaurant | 520 Frenchmen",2023-07-15T23:00:00-0500,2023-07-15T23:55:00-0500,https://www.3090-nola.com/bands/royal-essence-show-band071523,,,,"{""name"":"""",""address"":"""",""@context"":""http://schema.org"",""@type"":""Place""}",,,,,,"{""name"":""Royal Essence Show Band — 30°/-90° Live Music Club, Bar & Restaurant | 520 Frenchmen"",""startDate"":""2023-07-15T23:00:00-0500"",""endDate"":""2023-07-15T23:55:00-0500"",""location"":{""name"":"""",""address"":"""",""@context"":""http://schema.org"",""@type"":""Place""},""@context"":""http://schema.org"",""@type"":""Event""}"
2026-10-01T16:03:02Z,3090-nola.com,100067,4bf58dd8d48988d1e5931735|music venue,https://www.3090-nola.com/bands/royal-essence-show-band080423,Event,mapped_seed_site,,"Royal Essence Show Band — 30°/-90° Live Music Club, Bar & Restaurant | 520 Frenchmen",2023-08-04T19:30:00-0500,2023-08-04T22:30:00-0500,https://www.3090-nola.com/bands/royal-essence-show-band080423,,,,"{""name"":"""",""address"":"""",""@context"":""http://schema.org"",""@type"":""Place""}",,,,,,"{""name"":""Royal Essence Show Band  — 30°/-90° Live Music Club, Bar & Restaurant | 520 Frenchmen"",""startDate"":""2023-08-04T19:30:00-0500"",""endDate"":""2023-08-04T22:30:00-0500"",""location"":{""name"":"""",""address"":"""",""@context"":""http://schema.org"",""@type"":""Place""},""@context"":""http://schema.org"",""@type"":""Event""}"
2026-10-01T16:03:02Z,bluenilelive.com,100067,rock club,https://www.bluenilelive.com/calendar-tickets-/37h3t2hzk6a82wc,Event,mapped_seed_site,,Street Legends Brass Band • SUN SEPT 3 • 10:30 PM — BLUE NILE,2023-09-03T22:30:00-0400,2023-09-04T01:30:00-0400,https://www.bluenilelive.com/calendar-tickets-/37h3t2hzk6a82wc,,,,"{""name"":""532 FRENCHMEN STREET"",""address"":""NEW ORLEANS, LA 70116\nUNITED STATES"",""@context"":""http://schema.org"",""@type"":""Place""}",,,,"[""http://static1.squarespace.com/static/61a80770c597d55c58bdfb99/61d1bf1fe2c2267b73de6ae3/64e387b903f025049f871403/1692633058280/50885333_2302933643267923_480673816142413824_n.jpg?format=1500w""]",,"{""name"":""Street Legends Brass Band • SUN SEPT 3 • 10:30 PM  — BLUE NILE"",""startDate"":""2023-09-03T22:30:00-0400"",""endDate"":""2023-09-04T01:30:00-0400"",""image"":[""http://static1.squarespace.com/static/61a80770c597d55c58bdfb99/61d1bf1fe2c2267b73de6ae3/64e387b903f025049f871403/1692633058280/50885333_2302933643267923_480673816142413824_n.jpg?format=1500w""],""location"":{""name"":""532 FRENCHMEN STREET"",""address"":""NEW ORLEANS, LA 70116\nUNITED STATES"",""@context"":""http://schema.org"",""@type"":""Place""},""@context"":""http://schema.org"",""@type"":""Event""}"
2026-10-01T16:03:02Z,bluenilelive.com,100067,rock club,https://www.bluenilelive.com/calendar-tickets-/38b3bhc7rzprlfc,Event,mapped_seed_site,,Street Legends Brass Band • SUN SEPT 10 • 10:30 PM — BLUE NILE,2023-09-17T22:30:00-0400,2023-09-18T01:30:00-0400,https://www.bluenilelive.com/calendar-tickets-/38b3bhc7rzprlfc,,,,"{""name"":""532 FRENCHMEN STREET"",""address"":""NEW ORLEANS, LA 70116\nUNITED STATES"",""@context"":""http://schema.org"",""@type"":""Place""}",,,,"[""http://static1.squarespace.com/static/61a80770c597d55c58bdfb99/61d1bf1fe2c2267b73de6ae3/64e3864dd432bc16d15ac57e/1692632871339/50885333_2302933643267923_480673816142413824_n.jpg?format=1500w""]",,"{""name"":""Street Legends Brass Band • SUN SEPT 10 • 10:30 PM  — BLUE NILE"",""startDate"":""2023-09-17T22:30:00-0400"",""endDate"":""2023-09-18T01:30:00-0400"",""image"":[""http://static1.squarespace.com/static/61a80770c597d55c58bdfb99/61d1bf1fe2c2267b73de6ae3/64e3864dd432bc16d15ac57e/1692632871339/50885333_2302933643267923_480673816142413824_n.jpg?format=1500w""],""location"":{""name"":""532 FRENCHMEN STREET"",""address"":""NEW ORLEANS, LA 70116\nUNITED STATES"",""@context"":""http://schema.org"",""@type"":""Place""},""@context"":""http://schema.org"",""@type"":""Event""}"
2026-10-01T16:03:02Z,preservationhall.com,100067,concert hall,https://www.preservationhall.com/events/closed-12-25-2022/,Event,mapped_seed_site,,CLOSED - 12-25-2023,2023-12-25T14:30:00,2023-12-25T16:30:00,https://www.preservationhall.com/events/closed-12-25-2022/,https://schema.org/EventScheduled,https://schema.org/OfflineEventAttendanceMode,"Preservation Hall presents intimate acoustic concerts featuring ensembles from a current collective of 60+ local master Traditional New Orleans Jazz practitioners. These master musicians have learned the traditional style from the greats that played before them at Preservation Hall. With a line-up changing nightly, the Preservation All Stars provide an ever-evolving take on the New Orleans Jazz tradition. Reserve your showtime here.","{""@type"":""Place"",""name"":""Preservation Hall"",""address"":""726 Saint Peter Street\r\nNew Orleans, LA 70116""}","{""@type"":""Offer"",""validFrom"":""2022-11-16T15:02:00"",""url"":""https://preservationhall.my.salesforce-sites.com/ticket/#/instances/a0F8Z00000n9BAaUAM"",""availability"":""http://schema.org/SoldOut""}","{""@type"":""Organization"",""name"":""Preservation Hall"",""url"":""https://www.preservationhall.com""}",,"""https://www.preservationhall.com/app/uploads/PHClosed_800x450_acf_cropped.jpg""",,"{""@context"":""http://schema.org"",""@type"":""Event"",""description"":""Preservation Hall presents intimate acoustic concerts featuring ensembles from a current collective of 60+ local master Traditional New Orleans Jazz practitioners. These master musicians have learned the traditional style from the greats that played before them at Preservation Hall. With a line-up changing nightly, the Preservation All Stars provide an ever-evolving take on the New Orleans Jazz tradition. Reserve your showtime here."",""image"":""https://www.preservationhall.com/app/uploads/PHClosed_800x450_acf_cropped.jpg"",""name"":""CLOSED - 12-25-2023"",""url"":""https://www.preservationhall.com/events/closed-12-25-2022/"",""organizer"":{""@type"":""Organization"",""name"":""Preservation Hall"",""url"":""https://www.preservationhall.com""},""location"":{""@type"":""Place"",""name"":""Preservation Hall"",""address"":""726 Saint Peter Street\r\nNew Orleans, LA 70116""},""startDate"":""2023-12-25T14:30:00"",""offers"":{""@type"":""Offer"",""validFrom"":""2022-11-16T15:02:00"",""url"":""https://preservationhall.my.salesforce-sites.com/ticket/#/instances/a0F8Z00000n9BAaUAM"",""availability"":""http://schema.org/SoldOut""},""endDate"":""2023-12-25T16:30:00"",""eventAttendanceMode"":""https://schema.org/OfflineEventAttendanceMode"",""eventStatus"":""https://schema.org/EventScheduled""}"
2026-10-01T16:03:02Z,bluenilelive.com,100067,rock club,https://www.bluenilelive.com/calendar-tickets-/3jhgtpssjxllds7,Event,mapped_seed_site,,Kermit Ruffins &amp; The BBQ Swingers • FRI JUNE 21 • 11 PM — BLUE NILE,2024-06-21T23:00:00-0400,2024-06-22T02:00:00-0400,https://www.bluenilelive.com/calendar-tickets-/3jhgtpssjxllds7,,,,"{""name"":""532 FRENCHMEN STREET"",""address"":""NEW ORLEANS, LA 70116\nUNITED STATES"",""@context"":""http://schema.org"",""@type"":""Place""}",,,,"[""http://static1.squarespace.com/static/61a80770c597d55c58bdfb99/61d1bf1fe2c2267b73de6ae3/664a169c61d9be2c72c6a9cf/1718393722812/01-Kermit-Ruffins-300x200.jpg?format=1500w""]",,"{""name"":""Kermit Ruffins &amp; The BBQ Swingers • FRI JUNE 21 • 11 PM  — BLUE NILE"",""startDate"":""2024-06-21T23:00:00-0400"",""endDate"":""2024-06-22T02:00:00-0400"",""image"":[""http://static1.squarespace.com/static/61a80770c597d55c58bdfb99/61d1bf1fe2c2267b73de6ae3/664a169c61d9be2c72c6a9cf/1718393722812/01-Kermit-Ruffins-300x200.jpg?format=1500w""],""location"":{""name"":""532 FRENCHMEN STREET"",""address"":""NEW ORLEANS, LA 70116\nUNITED STATES"",""@context"":""http://schema.org"",""@type"":""Place""},""@context"":""http://schema.org"",""@type"":""Event""}"
2026-10-01T16:03:02Z,bluenilelive.com,100067,rock club,https://www.bluenilelive.com/calendar-tickets-/3jhgtpssjxllds7-8fea4-77bxw,Event,mapped_seed_site,,Kermit Ruffins &amp; The BBQ Swingers • FRI JULY 19 • 11 PM — BLUE NILE,2024-07-19T23:00:00-0400,2024-07-20T02:00:00-0400,https://www.bluenilelive.com/calendar-tickets-/3jhgtpssjxllds7-8fea4-77bxw,,,,"{""name"":""532 FRENCHMEN STREET"",""address"":""NEW ORLEANS, LA 70116\nUNITED STATES"",""@context"":""http://schema.org"",""@type"":""Place""}",,,,"[""http://static1.squarespace.com/static/61a80770c597d55c58bdfb99/61d1bf1fe2c2267b73de6ae3/667216d02be8bd3d1d55a78f/1718753005921/01-Kermit-Ruffins-300x200.jpg?format=1500w""]",,"{""name"":""Kermit Ruffins &amp; The BBQ Swingers • FRI JULY 19 • 11 PM   — BLUE NILE"",""startDate"":""2024-07-19T23:00:00-0400"",""endDate"":""2024-07-20T02:00:00-0400"",""image"":[""http://static1.squarespace.com/static/61a80770c597d55c58bdfb99/61d1bf1fe2c2267b73de6ae3/667216d02be8bd3d1d55a78f/1718753005921/01-Kermit-Ruffins-300x200.jpg?format=1500w""],""location"":{""name"":""532 FRENCHMEN STREET"",""address"":""NEW ORLEANS, LA 70116\nUNITED STATES"",""@context"":""http://schema.org"",""@type"":""Place""},""@context"":""http://schema.org"",""@type"":""Event""}"
2026-10-01T16:03:02Z,bluenilelive.com,100067,rock club,https://www.bluenilelive.com/calendar-tickets-/3jhgtpssjxllds7-8fea4-77bxw-3mjfh,Event,mapped_seed_site,,Kermit Ruffins &amp; The BBQ Swingers • FRI JULY 26 • 11 PM — BLUE NILE,2024-07-26T23:00:00-0400,2024-07-27T02:00:00-0400,https://www.bluenilelive.com/calendar-tickets-/3jhgtpssjxllds7-8fea4-77bxw-3mjfh,,,,"{""name"":""532 FRENCHMEN STREET"",""address"":""NEW ORLEANS, LA 70116\nUNITED STATES"",""@context"":""http://schema.org"",""@type"":""Place""}",,,,"[""http://static1.squarespace.com/static/61a80770c597d55c58bdfb99/61d1bf1fe2c2267b73de6ae3/6672172eb93d201c367bbe0c/1718753093801/01-Kermit-Ruffins-300x200.jpg?format=1500w""]",,"{""name"":""Kermit Ruffins &amp; The BBQ Swingers • FRI JULY 26 • 11 PM   — BLUE NILE"",""startDate"":""2024-07-26T23:00:00-0400"",""endDate"":""2024-07-27T02:00:00-0400"",""image"":[""http://static1.squarespace.com/static/61a80770c597d55c58bdfb99/61d1bf1fe2c2267b73de6ae3/6672172eb93d201c367bbe0c/1718753093801/01-Kermit-Ruffins-300x200.jpg?format=1500w""],""location"":{""name"":""532 FRENCHMEN STREET"",""address"":""NEW ORLEANS, LA 70116\nUNITED STATES"",""@context"":""http://schema.org"",""@type"":""Place""},""@context"":""http://schema.org"",""@type"":""Event""}"
2026-10-01T16:03:02Z,bluenilelive.com,100067,rock club,https://www.bluenilelive.com/calendar-tickets-/3jhgtpssjxllds7-8fea4-77bxw-3mjfh-26w96,Event,mapped_seed_site,,Kermit Ruffins &amp; The BBQ Swingers with Special Guest Herlin Riley and Kirk Joseph • FRI OCT 4 • 11 PM — BLUE NILE,2024-10-04T23:00:00-0400,2024-10-05T02:00:00-0400,https://www.bluenilelive.com/calendar-tickets-/3jhgtpssjxllds7-8fea4-77bxw-3mjfh-26w96,,,,"{""name"":""532 FRENCHMEN STREET"",""address"":""NEW ORLEANS, LA 70116\nUNITED STATES"",""@context"":""http://schema.org"",""@type"":""Place""}",,,,"[""http://static1.squarespace.com/static/61a80770c597d55c58bdfb99/61d1bf1fe2c2267b73de6ae3/670022aca33ca94398036f06/1728068276405/NOLAxNOLA_24_Kermit_Web_Image.png?format=1500w""]",,"{""name"":""Kermit Ruffins &amp; The BBQ Swingers with Special Guest Herlin Riley and Kirk Joseph • FRI OCT 4 • 11 PM  — BLUE NILE"",""startDate"":""2024-10-04T23:00:00-0400"",""endDate"":""2024-10-05T02:00:00-0400"",""image"":[""http://static1.squarespace.com/static/61a80770c597d55c58bdfb99/61d1bf1fe2c2267b73de6ae3/670022aca33ca94398036f06/1728068276405/NOLAxNOLA_24_Kermit_Web_Image.png?format=1500w""],""location"":{""name"":""532 FRENCHMEN STREET"",""address"":""NEW ORLEANS, LA 70116\nUNITED STATES"",""@context"":""http://schema.org"",""@type"":""Place""},""@context"":""http://schema.org"",""@type"":""Event""}"
2026-10-01T16:03:02Z,bluenilelive.com,100067,rock club,https://www.bluenilelive.com/calendar-tickets-/3jhgtpssjxllds7-8fea4-77bxw-3mjfh-9ywrz,Event,mapped_seed_site,,Kermit Ruffins &amp; The BBQ Swingers • FRI OCT 11 • 11 PM — BLUE NILE,2024-10-11T23:00:00-0400,2024-10-12T02:00:00-0400,https://www.bluenilelive.com/calendar-tickets-/3jhgtpssjxllds7-8fea4-77bxw-3mjfh-9ywrz,,,,"{""name"":""532 FRENCHMEN STREET"",""address"":""NEW ORLEANS, LA 70116\nUNITED STATES"",""@context"":""http://schema.org"",""@type"":""Place""}",,,,"[""http://static1.squarespace.com/static/61a80770c597d55c58bdfb99/61d1bf1fe2c2267b73de6ae3/670024092598c741533e65b6/1728062549768/01-Kermit-Ruffins-300x200.jpg?format=1500w""]",,"{""name"":""Kermit Ruffins &amp; The BBQ Swingers • FRI OCT 11 • 11 PM — BLUE NILE"",""startDate"":""2024-10-11T23:00:00-0400"",""endDate"":""2024-10-12T02:00:00-0400"",""image"":[""http://static1.squarespace.com/static/61a80770c597d55c58bdfb99/61d1bf1fe2c2267b73de6ae3/670024092598c741533e65b6/1728062549768/01-Kermit-Ruffins-300x200.jpg?format=1500w""],""location"":{""name"":""532 FRENCHMEN STREET"",""address"":""NEW ORLEANS, LA 70116\nUNITED STATES"",""@context"":""http://schema.org"",""@type"":""Place""},""@context"":""http://schema.org"",""@type"":""Event""}"
2026-10-01T16:03:02Z,bluenilelive.com,100067,rock club,https://www.bluenilelive.com/calendar-tickets-/3jhgtpssjxllds7-8fea4-77bxw-3mjfh-9ywrz-y3gea,Event,mapped_seed_site,,Kermit Ruffins &amp; The BBQ Swingers • FRI OCT 18 • 11 PM — BLUE NILE,2024-10-18T23:00:00-0400,2024-10-19T02:00:00-0400,https://www.bluenilelive.com/calendar-tickets-/3jhgtpssjxllds7-8fea4-77bxw-3mjfh-9ywrz-y3gea,,,,"{""name"":""532 FRENCHMEN STREET"",""address"":""NEW ORLEANS, LA 70116\nUNITED STATES"",""@context"":""http://schema.org"",""@type"":""Place""}",,,,"[""http://static1.squarespace.com/static/61a80770c597d55c58bdfb99/61d1bf1fe2c2267b73de6ae3/670024be43e96763399e7162/1728062702375/01-Kermit-Ruffins-300x200.jpg?format=1500w""]",,"{""name"":""Kermit Ruffins &amp; The BBQ Swingers • FRI OCT 18 • 11 PM  — BLUE NILE"",""startDate"":""2024-10-18T23:00:00-0400"",""endDate"":""2024-10-19T02:00:00-0400"",""image"":[""http://static1.squarespace.com/static/61a80770c597d55c58bdfb99/61d1bf1fe2c2267b73de6ae3/670024be43e96763399e7162/1728062702375/01-Kermit-Ruffins-300x200.jpg?format=1500w""],""location"":{""name"":""532 FRENCHMEN STREET"",""address"":""NEW ORLEANS, LA 70116\nUNITED STATES"",""@context"":""http://schema.org"",""@type"":""Place""},""@context"":""http://schema.org"",""@type"":""Event""}"
2026-10-01T16:03:02Z,neworleansonline.com,100067,4bf58dd8d48988d1e5931735|music venue,http://www.neworleansonline.com/calendar/year.html,Event,mapped_seed_site,,Phunny Phorty Phellows,2025-01-06,,https://www.neworleans.com/event/phunny-phorty-phellows/3515/,https://schema.org/EventScheduled,,The Phunny Phorty Phellows will once again take to the rails on Twelfth Night—January 6th. Twelfth Night is the official beginning of the carnival...,"{""@type"":""Place"",""name"":""Uptown & CBD""}",,,,"{""@type"":""ImageObject"",""url"":""https://assets.simpleviewinc.com/simpleview/image/upload/c_limit,h_1200,q_75,w_1200/v1/crm/neworleans/NOTMC_263990_57bd78ad-5056-b365-ab5ff23518312ac6.jpg""}","Parades, Holiday: Mardi Gras, Parades: Mardi Gras, Month: January","{""@type"":""Event"",""@id"":""https://www.neworleans.com/event/phunny-phorty-phellows/3515/#event"",""url"":""https://www.neworleans.com/event/phunny-phorty-phellows/3515/"",""name"":""Phunny Phorty Phellows"",""description"":""The Phunny Phorty Phellows will once again take to the rails on Twelfth Night—January 6th. Twelfth Night is the official beginning of the carnival..."",""startDate"":""2025-01-06"",""keywords"":""Parades, Holiday: Mardi Gras, Parades: Mardi Gras, Month: January"",""eventStatus"":""https://schema.org/EventScheduled"",""image"":{""@type"":""ImageObject"",""url"":""https://assets.simpleviewinc.com/simpleview/image/upload/c_limit,h_1200,q_75,w_1200/v1/crm/neworleans/NOTMC_263990_57bd78ad-5056-b365-ab5ff23518312ac6.jpg""},""location"":{""@type"":""Place"",""name"":""Uptown & CBD""}}"
2026-10-01T16:03:02Z,bluenilelive.com,100067,rock club,https://www.bluenilelive.com/calendar-tickets-/-backbeat-jazzfest-series-big-sams-funky-nation-,Event,mapped_seed_site,,Big Sam's Funky Nation LATE SHOW • FRI APR. 25 • 1AM — BLUE NILE,2025-04-25T23:59:00-0400,2025-04-26T03:00:00-0400,https://www.bluenilelive.com/calendar-tickets-/-backbeat-jazzfest-series-big-sams-funky-nation-,,,,"{""name"":""532 FRENCHMEN STREET"",""address"":""NEW ORLEANS, LA 70116\nUNITED STATES"",""@context"":""http://schema.org"",""@type"":""Place""}",,,,"[""http://static1.squarespace.com/static/61a80770c597d55c58bdfb99/61d1bf1fe2c2267b73de6ae3/67daa408bbd3534c5a08fcc5/1745607643546/BB_JazzFest_2025_Big-Sam-1-WEB_IMAGE.png?format=1500w""]",,"{""name"":""Big Sam's Funky Nation LATE SHOW • FRI  APR. 25 • 1AM — BLUE NILE"",""startDate"":""2025-04-25T23:59:00-0400"",""endDate"":""2025-04-26T03:00:00-0400"",""image"":[""http://static1.squarespace.com/static/61a80770c597d55c58bdfb99/61d1bf1fe2c2267b73de6ae3/67daa408bbd3534c5a08fcc5/1745607643546/BB_JazzFest_2025_Big-Sam-1-WEB_IMAGE.png?format=1500w""],""location"":{""name"":""532 FRENCHMEN STREET"",""address"":""NEW ORLEANS, LA 70116\nUNITED STATES"",""@context"":""http://schema.org"",""@type"":""Place""},""@context"":""http://schema.org"",""@type"":""Event""}"
2026-10-01T16:03:02Z,bluenilelive.com,100067,rock club,https://www.bluenilelive.com/calendar-tickets-/-backbeat-jazzfest-series-red-baraat,Event,mapped_seed_site,,Red Baraat • MON APR. 28 • 10:30PM — BLUE NILE,2025-04-28T22:30:00-0400,2025-04-29T01:30:00-0400,https://www.bluenilelive.com/calendar-tickets-/-backbeat-jazzfest-series-red-baraat,,,,"{""name"":""532 FRENCHMEN STREET"",""address"":""NEW ORLEANS, LA 70116\nUNITED STATES"",""@context"":""http://schema.org"",""@type"":""Place""}",,,,"[""http://static1.squarespace.com/static/61a80770c597d55c58bdfb99/61d1bf1fe2c2267b73de6ae3/67d9bb361332ab3eb5cf68bf/1743113157112/BB_JazzFest_2025_Red_Baraat-1-WEB_IMAGE.png?format=1500w""]",,"{""name"":""Red Baraat • MON APR. 28 • 10:30PM — BLUE NILE"",""startDate"":""2025-04-28T22:30:00-0400"",""endDate"":""2025-04-29T01:30:00-0400"",""image"":[""http://static1.squarespace.com/static/61a80770c597d55c58bdfb99/61d1bf1fe2c2267b73de6ae3/67d9bb361332ab3eb5cf68bf/1743113157112/BB_JazzFest_2025_Red_Baraat-1-WEB_IMAGE.png?format=1500w""],""location"":{""name"":""532 FRENCHMEN STREET"",""address"":""NEW ORLEANS, LA 70116\nUNITED STATES"",""@context"":""http://schema.org"",""@type"":""Place""},""@context"":""http://schema.org"",""@type"":""Event""}"
2026-10-01T16:03:02Z,bluenilelive.com,100067,rock club,https://www.bluenilelive.com/calendar-tickets-/-backbeat-jazzfest-series-flow-tribe2025,Event,mapped_seed_site,,Flow Tribe (Balcony Room) • THURS MAY 1 • 11PM — BLUE NILE,2025-05-01T23:00:00-0400,2025-05-02T02:00:00-0400,https://www.bluenilelive.com/calendar-tickets-/-backbeat-jazzfest-series-flow-tribe2025,,,,"{""name"":""532 FRENCHMEN STREET"",""address"":""NEW ORLEANS, LA 70116\nUNITED STATES"",""@context"":""http://schema.org"",""@type"":""Place""}",,,,"[""http://static1.squarespace.com/static/61a80770c597d55c58bdfb99/61d1bf1fe2c2267b73de6ae3/67f0269ec7ca5b4210b3f2f6/1746145398001/BB_JazzFest_2025_Flow_Tribe_BalconyRoom-1-WEB_IMAGE.png?format=1500w""]",,"{""name"":""Flow Tribe (Balcony Room) • THURS MAY 1 • 11PM — BLUE NILE"",""startDate"":""2025-05-01T23:00:00-0400"",""endDate"":""2025-05-02T02:00:00-0400"",""image"":[""http://static1.squarespace.com/static/61a80770c597d55c58bdfb99/61d1bf1fe2c2267b73de6ae3/67f0269ec7ca5b4210b3f2f6/1746145398001/BB_JazzFest_2025_Flow_Tribe_BalconyRoom-1-WEB_IMAGE.png?format=1500w""],""location"":{""name"":""532 FRENCHMEN STREET"",""address"":""NEW ORLEANS, LA 70116\nUNITED STATES"",""@context"":""http://schema.org"",""@type"":""Place""},""@context"":""http://schema.org"",""@type"":""Event""}"
2026-10-01T16:03:02Z,bluenilelive.com,100067,rock club,https://www.bluenilelive.com/calendar-tickets-/-backbeat-jazzfest-series-lyrics-born,Event,mapped_seed_site,,Lyrics Born • THURS MAY 1 • LATE SHOW 1:00AM — BLUE NILE,2025-05-01T23:59:00-0400,2025-05-02T03:30:00-0400,https://www.bluenilelive.com/calendar-tickets-/-backbeat-jazzfest-series-lyrics-born,,,,"{""name"":""532 FRENCHMEN STREET"",""address"":""NEW ORLEANS, LA 70116\nUNITED STATES"",""@context"":""http://schema.org"",""@type"":""Place""}",,,,"[""http://static1.squarespace.com/static/61a80770c597d55c58bdfb99/61d1bf1fe2c2267b73de6ae3/67ec0917777206438334b470/1746145408898/BB_JazzFest_2025_LyricsBorn-1-WEB_IMAGE.png?format=1500w""]",,"{""name"":""Lyrics Born • THURS MAY 1 • LATE SHOW 1:00AM — BLUE NILE"",""startDate"":""2025-05-01T23:59:00-0400"",""endDate"":""2025-05-02T03:30:00-0400"",""image"":[""http://static1.squarespace.com/static/61a80770c597d55c58bdfb99/61d1bf1fe2c2267b73de6ae3/67ec0917777206438334b470/1746145408898/BB_JazzFest_2025_LyricsBorn-1-WEB_IMAGE.png?format=1500w""],""location"":{""name"":""532 FRENCHMEN STREET"",""address"":""NEW ORLEANS, LA 70116\nUNITED STATES"",""@context"":""http://schema.org"",""@type"":""Place""},""@context"":""http://schema.org"",""@type"":""Event""}"
2026-10-01T16:03:02Z,bluenilelive.com,100067,rock club,https://www.bluenilelive.com/calendar-tickets-/-backbeat-jazzfest-series-royal-blades,Event,mapped_seed_site,,Royal Blades (Balcony Room) • FRI MAY 2 • 11PM — BLUE NILE,2025-05-02T23:00:00-0400,2025-05-03T02:00:00-0400,https://www.bluenilelive.com/calendar-tickets-/-backbeat-jazzfest-series-royal-blades,,,,"{""name"":""532 FRENCHMEN STREET"",""address"":""NEW ORLEANS, LA 70116\nUNITED STATES"",""@context"":""http://schema.org"",""@type"":""Place""}",,,,"[""http://static1.squarespace.com/static/61a80770c597d55c58bdfb99/61d1bf1fe2c2267b73de6ae3/67f025e16049f44111fde6e8/1746201849732/BB_JazzFest_2025_RoyalBlades2-1-WEB_IMAGE.png?format=1500w""]",,"{""name"":""Royal Blades (Balcony Room) • FRI MAY 2 • 11PM — BLUE NILE"",""startDate"":""2025-05-02T23:00:00-0400"",""endDate"":""2025-05-03T02:00:00-0400"",""image"":[""http://static1.squarespace.com/static/61a80770c597d55c58bdfb99/61d1bf1fe2c2267b73de6ae3/67f025e16049f44111fde6e8/1746201849732/BB_JazzFest_2025_RoyalBlades2-1-WEB_IMAGE.png?format=1500w""],""location"":{""name"":""532 FRENCHMEN STREET"",""address"":""NEW ORLEANS, LA 70116\nUNITED STATES"",""@context"":""http://schema.org"",""@type"":""Place""},""@context"":""http://schema.org"",""@type"":""Event""}"
2026-10-01T16:03:02Z,bluenilelive.com,100067,rock club,https://www.bluenilelive.com/calendar-tickets-/-backbeat-jazzfest-series-marcobenevento-may2,Event,mapped_seed_site,,Marco Benevento • FRI MAY 2 • LATE SHOW 2:00AM — BLUE NILE,2025-05-02T23:59:00-0400,2025-05-03T04:30:00-0400,https://www.bluenilelive.com/calendar-tickets-/-backbeat-jazzfest-series-marcobenevento-may2,,,,"{""name"":""532 FRENCHMEN STREET"",""address"":""NEW ORLEANS, LA 70116\nUNITED STATES"",""@context"":""http://schema.org"",""@type"":""Place""}",,,,"[""http://static1.squarespace.com/static/61a80770c597d55c58bdfb99/61d1bf1fe2c2267b73de6ae3/67e43d8440bb28149d55c6bd/1746201993692/BB_JazzFest_2025_MarcoBenevento-1-WEB_IMAGE.png?format=1500w""]",,"{""name"":""Marco Benevento • FRI MAY 2 • LATE SHOW 2:00AM — BLUE NILE"",""startDate"":""2025-05-02T23:59:00-0400"",""endDate"":""2025-05-03T04:30:00-0400"",""image"":[""http://static1.squarespace.com/static/61a80770c597d55c58bdfb99/61d1bf1fe2c2267b73de6ae3/67e43d8440bb28149d55c6bd/1746201993692/BB_JazzFest_2025_MarcoBenevento-1-WEB_IMAGE.png?format=1500w""],""location"":{""name"":""532 FRENCHMEN STREET"",""address"":""NEW ORLEANS, LA 70116\nUNITED STATES"",""@context"":""http://schema.org"",""@type"":""Place""},""@context"":""http://schema.org"",""@type"":""Event""}"
2026-10-01T16:03:02Z,bluenilelive.com,100067,rock club,https://www.bluenilelive.com/calendar-tickets-/-backbeat-jazzfest-series-big-sams-funky-nation-may3,Event,mapped_seed_site,,Big Sam's Funky Nation • SAT MAY 3 • 11PM — BLUE NILE,2025-05-03T23:00:00-0400,2025-05-04T02:00:00-0400,https://www.bluenilelive.com/calendar-tickets-/-backbeat-jazzfest-series-big-sams-funky-nation-may3,,,,"{""name"":""532 FRENCHMEN STREET"",""address"":""NEW ORLEANS, LA 70116\nUNITED STATES"",""@context"":""http://schema.org"",""@type"":""Place""}",,,,"[""http://static1.squarespace.com/static/61a80770c597d55c58bdfb99/61d1bf1fe2c2267b73de6ae3/67e43c62effc1c69211faf23/1746319051077/BB_JazzFest_2025_Big-Sam-1-WEB_IMAGE.png?format=1500w""]",,"{""name"":""Big Sam's Funky Nation • SAT MAY 3 • 11PM  — BLUE NILE"",""startDate"":""2025-05-03T23:00:00-0400"",""endDate"":""2025-05-04T02:00:00-0400"",""image"":[""http://static1.squarespace.com/static/61a80770c597d55c58bdfb99/61d1bf1fe2c2267b73de6ae3/67e43c62effc1c69211faf23/1746319051077/BB_JazzFest_2025_Big-Sam-1-WEB_IMAGE.png?format=1500w""],""location"":{""name"":""532 FRENCHMEN STREET"",""address"":""NEW ORLEANS, LA 70116\nUNITED STATES"",""@context"":""http://schema.org"",""@type"":""Place""},""@context"":""http://schema.org"",""@type"":""Event""}"
2026-10-01T16:03:02Z,bluenilelive.com,100067,rock club,https://www.bluenilelive.com/calendar-tickets-/-backbeat-jazzfest-series-holy-ghost-note-may3,Event,mapped_seed_site,,Holy Ghost-Note • SAT MAY 3 • LATE SHOW 1:30AM — BLUE NILE,2025-05-03T23:59:00-0400,2025-05-04T03:30:00-0400,https://www.bluenilelive.com/calendar-tickets-/-backbeat-jazzfest-series-holy-ghost-note-may3,,,,"{""name"":""532 FRENCHMEN STREET"",""address"":""NEW ORLEANS, LA 70116\nUNITED STATES"",""@context"":""http://schema.org"",""@type"":""Place""}",,,,"[""http://static1.squarespace.com/static/61a80770c597d55c58bdfb99/61d1bf1fe2c2267b73de6ae3/67e43e734576d02993e76b4f/1746319112939/BB_JazzFest_2025_Holy_Ghost-Note_V2+%281%29-1-WEB_IMAGE.png?format=1500w""]",,"{""name"":""Holy Ghost-Note • SAT MAY 3 • LATE SHOW 1:30AM — BLUE NILE"",""startDate"":""2025-05-03T23:59:00-0400"",""endDate"":""2025-05-04T03:30:00-0400"",""image"":[""http://static1.squarespace.com/static/61a80770c597d55c58bdfb99/61d1bf1fe2c2267b73de6ae3/67e43e734576d02993e76b4f/1746319112939/BB_JazzFest_2025_Holy_Ghost-Note_V2+%281%29-1-WEB_IMAGE.png?format=1500w""],""location"":{""name"":""532 FRENCHMEN STREET"",""address"":""NEW ORLEANS, LA 70116\nUNITED STATES"",""@context"":""http://schema.org"",""@type"":""Place""},""@context"":""http://schema.org"",""@type"":""Event""}"
2026-10-01T16:03:02Z,bluenilelive.com,100067,rock club,https://www.bluenilelive.com/calendar-tickets-/-backbeat-jazzfest-series-the-nth-power-may5,Event,mapped_seed_site,,The Nth Power with Special Guests Nicholas Payton &amp; Dominique Xavier + Opening DJ Set by Tycoon • MON MAY 5 • 11PM — BLUE NILE,2025-05-05T23:00:00-0400,2025-05-06T02:00:00-0400,https://www.bluenilelive.com/calendar-tickets-/-backbeat-jazzfest-series-the-nth-power-may5,,,,"{""name"":""532 FRENCHMEN STREET"",""address"":""NEW ORLEANS, LA 70116\nUNITED STATES"",""@context"":""http://schema.org"",""@type"":""Place""}",,,,"[""http://static1.squarespace.com/static/61a80770c597d55c58bdfb99/61d1bf1fe2c2267b73de6ae3/67e43f897898d635f100072b/1746381856146/BB_JazzFest_2025_Nth_Power_V3-1-WEB_IMAGE.png?format=1500w""]",,"{""name"":""The Nth Power with Special Guests Nicholas Payton &amp; Dominique Xavier + Opening DJ Set by Tycoon • MON MAY 5 • 11PM — BLUE NILE"",""startDate"":""2025-05-05T23:00:00-0400"",""endDate"":""2025-05-06T02:00:00-0400"",""image"":[""http://static1.squarespace.com/static/61a80770c597d55c58bdfb99/61d1bf1fe2c2267b73de6ae3/67e43f897898d635f100072b/1746381856146/BB_JazzFest_2025_Nth_Power_V3-1-WEB_IMAGE.png?format=1500w""],""location"":{""name"":""532 FRENCHMEN STREET"",""address"":""NEW ORLEANS, LA 70116\nUNITED STATES"",""@context"":""http://schema.org"",""@type"":""Place""},""@context"":""http://schema.org"",""@type"":""Event""}"
2026-10-01T16:03:02Z,bluenilelive.com,100067,rock club,https://www.bluenilelive.com/calendar-tickets-/289k47nb6ss9dp4,Event,mapped_seed_site,,The Caesar Brothers' FunkBox • FRI DEC. 19 • @7:30PM — BLUE NILE,2025-12-19T19:30:00-0500,2025-12-19T21:30:00-0500,https://www.bluenilelive.com/calendar-tickets-/289k47nb6ss9dp4,,,,"{""name"":""532 FRENCHMEN STREET"",""address"":""NEW ORLEANS, LA 70116\nUNITED STATES"",""@context"":""http://schema.org"",""@type"":""Place""}",,,,"[""http://static1.squarespace.com/static/61a80770c597d55c58bdfb99/61d1bf1fe2c2267b73de6ae3/691f86c69e0ab944e2385673/1763674498350/80353712_2735931209800302_8665792639389401088_n.jpg?format=1500w""]",,"{""name"":""The Caesar Brothers' FunkBox • FRI DEC. 19 •  @7:30PM    — BLUE NILE"",""startDate"":""2025-12-19T19:30:00-0500"",""endDate"":""2025-12-19T21:30:00-0500"",""image"":[""http://static1.squarespace.com/static/61a80770c597d55c58bdfb99/61d1bf1fe2c2267b73de6ae3/691f86c69e0ab944e2385673/1763674498350/80353712_2735931209800302_8665792639389401088_n.jpg?format=1500w""],""location"":{""name"":""532 FRENCHMEN STREET"",""address"":""NEW ORLEANS, LA 70116\nUNITED STATES"",""@context"":""http://schema.org"",""@type"":""Place""},""@context"":""http://schema.org"",""@type"":""Event""}"
2026-10-01T16:03:02Z,bluenilelive.com,100067,rock club,https://www.bluenilelive.com/calendar-tickets-/289k47nb6ss9dp4-9a64g,Event,mapped_seed_site,,The Caesar Brothers' FunkBox • FRI DEC. 26 • @7:30PM — BLUE NILE,2025-12-26T19:30:00-0500,2025-12-26T21:30:00-0500,https://www.bluenilelive.com/calendar-tickets-/289k47nb6ss9dp4-9a64g,,,,"{""name"":""532 FRENCHMEN STREET"",""address"":""NEW ORLEANS, LA 70116\nUNITED STATES"",""@context"":""http://schema.org"",""@type"":""Place""}",,,,"[""http://static1.squarespace.com/static/61a80770c597d55c58bdfb99/61d1bf1fe2c2267b73de6ae3/691f86d93b8e7b488860231e/1763674550315/80353712_2735931209800302_8665792639389401088_n.jpg?format=1500w""]",,"{""name"":""The Caesar Brothers' FunkBox • FRI DEC. 26 •  @7:30PM  — BLUE NILE"",""startDate"":""2025-12-26T19:30:00-0500"",""endDate"":""2025-12-26T21:30:00-0500"",""image"":[""http://static1.squarespace.com/static/61a80770c597d55c58bdfb99/61d1bf1fe2c2267b73de6ae3/691f86d93b8e7b488860231e/1763674550315/80353712_2735931209800302_8665792639389401088_n.jpg?format=1500w""],""location"":{""name"":""532 FRENCHMEN STREET"",""address"":""NEW ORLEANS, LA 70116\nUNITED STATES"",""@context"":""http://schema.org"",""@type"":""Place""},""@context"":""http://schema.org"",""@type"":""Event""}"
2026-10-01T16:03:02Z,bluenilelive.com,100067,rock club,https://www.bluenilelive.com/calendar-tickets-/289k47nb6ss9dp4-9a64g-chr5m,Event,mapped_seed_site,,The Caesar Brothers' FunkBox • FRI JAN. 2 • @7:30PM — BLUE NILE,2026-01-02T19:30:00-0500,2026-01-02T21:30:00-0500,https://www.bluenilelive.com/calendar-tickets-/289k47nb6ss9dp4-9a64g-chr5m,,,,"{""name"":""532 FRENCHMEN STREET"",""address"":""NEW ORLEANS, LA 70116\nUNITED STATES"",""@context"":""http://schema.org"",""@type"":""Place""}",,,,"[""http://static1.squarespace.com/static/61a80770c597d55c58bdfb99/61d1bf1fe2c2267b73de6ae3/6931d0a09490602355f6c715/1764872372552/80353712_2735931209800302_8665792639389401088_n.jpg?format=1500w""]",,"{""name"":""The Caesar Brothers' FunkBox • FRI JAN. 2 •  @7:30PM   — BLUE NILE"",""startDate"":""2026-01-02T19:30:00-0500"",""endDate"":""2026-01-02T21:30:00-0500"",""image"":[""http://static1.squarespace.com/static/61a80770c597d55c58bdfb99/61d1bf1fe2c2267b73de6ae3/6931d0a09490602355f6c715/1764872372552/80353712_2735931209800302_8665792639389401088_n.jpg?format=1500w""],""location"":{""name"":""532 FRENCHMEN STREET"",""address"":""NEW ORLEANS, LA 70116\nUNITED STATES"",""@context"":""http://schema.org"",""@type"":""Place""},""@context"":""http://schema.org"",""@type"":""Event""}"
2026-10-01T16:03:02Z,bluenilelive.com,100067,rock club,https://www.bluenilelive.com/calendar-tickets-/289k47nb6ss9dp4-9a64g-chr5m-wpxw8,Event,mapped_seed_site,,The Caesar Brothers' FunkBox • FRI JAN. 9 • @7:30PM — BLUE NILE,2026-01-09T19:30:00-0500,2026-01-09T21:30:00-0500,https://www.bluenilelive.com/calendar-tickets-/289k47nb6ss9dp4-9a64g-chr5m-wpxw8,,,,"{""name"":""532 FRENCHMEN STREET"",""address"":""NEW ORLEANS, LA 70116\nUNITED STATES"",""@context"":""http://schema.org"",""@type"":""Place""}",,,,"[""http://static1.squarespace.com/static/61a80770c597d55c58bdfb99/61d1bf1fe2c2267b73de6ae3/696170747337db373222ef55/1767993473584/80353712_2735931209800302_8665792639389401088_n.jpg?format=1500w""]",,"{""name"":""The Caesar Brothers' FunkBox • FRI JAN. 9 •  @7:30PM — BLUE NILE"",""startDate"":""2026-01-09T19:30:00-0500"",""endDate"":""2026-01-09T21:30:00-0500"",""image"":[""http://static1.squarespace.com/static/61a80770c597d55c58bdfb99/61d1bf1fe2c2267b73de6ae3/696170747337db373222ef55/1767993473584/80353712_2735931209800302_8665792639389401088_n.jpg?format=1500w""],""location"":{""name"":""532 FRENCHMEN STREET"",""address"":""NEW ORLEANS, LA 70116\nUNITED STATES"",""@context"":""http://schema.org"",""@type"":""Place""},""@context"":""http://schema.org"",""@type"":""Event""}"
2026-10-01T16:03:02Z,bluenilelive.com,100067,rock club,https://www.bluenilelive.com/calendar-tickets-/289k47nb6ss9dp4-9a64g-chr5m-wpxw8-flk9y,Event,mapped_seed_site,,The Caesar Brothers' FunkBox • FRI JAN. 16 • @7:30PM — BLUE NILE,2026-01-16T19:30:00-0500,2026-01-16T21:30:00-0500,https://www.bluenilelive.com/calendar-tickets-/289k47nb6ss9dp4-9a64g-chr5m-wpxw8-flk9y,,,,"{""name"":""532 FRENCHMEN STREET"",""address"":""NEW ORLEANS, LA 70116\nUNITED STATES"",""@context"":""http://schema.org"",""@type"":""Place""}",,,,"[""http://static1.squarespace.com/static/61a80770c597d55c58bdfb99/61d1bf1fe2c2267b73de6ae3/696171716433031605d980f0/1767993727805/80353712_2735931209800302_8665792639389401088_n.jpg?format=1500w""]",,"{""name"":""The Caesar Brothers' FunkBox • FRI JAN. 16 •  @7:30PM  — BLUE NILE"",""startDate"":""2026-01-16T19:30:00-0500"",""endDate"":""2026-01-16T21:30:00-0500"",""image"":[""http://static1.squarespace.com/static/61a80770c597d55c58bdfb99/61d1bf1fe2c2267b73de6ae3/696171716433031605d980f0/1767993727805/80353712_2735931209800302_8665792639389401088_n.jpg?format=1500w""],""location"":{""name"":""532 FRENCHMEN STREET"",""address"":""NEW ORLEANS, LA 70116\nUNITED STATES"",""@context"":""http://schema.org"",""@type"":""Place""},""@context"":""http://schema.org"",""@type"":""Event""}"
2026-10-01T16:03:02Z,bluenilelive.com,100067,rock club,https://www.bluenilelive.com/calendar-tickets-/289k47nb6ss9dp4-9a64g-chr5m-wpxw8-flk9y-pzapz,Event,mapped_seed_site,,The Caesar Brothers' FunkBox • FRI JAN. 23 • @7:30PM — BLUE NILE,2026-01-23T19:30:00-0500,2026-01-23T21:30:00-0500,https://www.bluenilelive.com/calendar-tickets-/289k47nb6ss9dp4-9a64g-chr5m-wpxw8-flk9y-pzapz,,,,"{""name"":""532 FRENCHMEN STREET"",""address"":""NEW ORLEANS, LA 70116\nUNITED STATES"",""@context"":""http://schema.org"",""@type"":""Place""}",,,,"[""http://static1.squarespace.com/static/61a80770c597d55c58bdfb99/61d1bf1fe2c2267b73de6ae3/69617184e4bd3253364089ea/1767993745240/80353712_2735931209800302_8665792639389401088_n.jpg?format=1500w""]",,"{""name"":""The Caesar Brothers' FunkBox • FRI JAN. 23 •  @7:30PM  — BLUE NILE"",""startDate"":""2026-01-23T19:30:00-0500"",""endDate"":""2026-01-23T21:30:00-0500"",""image"":[""http://static1.squarespace.com/static/61a80770c597d55c58bdfb99/61d1bf1fe2c2267b73de6ae3/69617184e4bd3253364089ea/1767993745240/80353712_2735931209800302_8665792639389401088_n.jpg?format=1500w""],""location"":{""name"":""532 FRENCHMEN STREET"",""address"":""NEW ORLEANS, LA 70116\nUNITED STATES"",""@context"":""http://schema.org"",""@type"":""Place""},""@context"":""http://schema.org"",""@type"":""Event""}"
2026-10-01T16:03:02Z,bluenilelive.com,100067,rock club,https://www.bluenilelive.com/calendar-tickets-/289k47nb6ss9dp4-9a64g-chr5m-wpxw8-flk9y-pzapz-996kl,Event,mapped_seed_site,,The Caesar Brothers' FunkBox • FRI JAN. 30 • @7:30PM — BLUE NILE,2026-01-30T19:30:00-0500,2026-01-30T21:30:00-0500,https://www.bluenilelive.com/calendar-tickets-/289k47nb6ss9dp4-9a64g-chr5m-wpxw8-flk9y-pzapz-996kl,,,,"{""name"":""532 FRENCHMEN STREET"",""address"":""NEW ORLEANS, LA 70116\nUNITED STATES"",""@context"":""http://schema.org"",""@type"":""Place""}",,,,"[""http://static1.squarespace.com/static/61a80770c597d55c58bdfb99/61d1bf1fe2c2267b73de6ae3/696171983254cc69740c12b6/1767993766178/80353712_2735931209800302_8665792639389401088_n.jpg?format=1500w""]",,"{""name"":""The Caesar Brothers' FunkBox • FRI JAN. 30 •  @7:30PM   — BLUE NILE"",""startDate"":""2026-01-30T19:30:00-0500"",""endDate"":""2026-01-30T21:30:00-0500"",""image"":[""http://static1.squarespace.com/static/61a80770c597d55c58bdfb99/61d1bf1fe2c2267b73de6ae3/696171983254cc69740c12b6/1767993766178/80353712_2735931209800302_8665792639389401088_n.jpg?format=1500w""],""location"":{""name"":""532 FRENCHMEN STREET"",""address"":""NEW ORLEANS, LA 70116\nUNITED STATES"",""@context"":""http://schema.org"",""@type"":""Place""},""@context"":""http://schema.org"",""@type"":""Event""}"
2026-10-01T16:03:02Z,bluenilelive.com,100067,rock club,https://www.bluenilelive.com/calendar-tickets-/289k47nb6ss9dp4-9a64g-chr5m-wpxw8-flk9y-pzapz-996kl-z63dl,Event,mapped_seed_site,,The Caesar Brothers' FunkBox • FRI FEB. 6 • @7:30PM — BLUE NILE,2026-02-06T19:30:00-0500,2026-02-06T21:30:00-0500,https://www.bluenilelive.com/calendar-tickets-/289k47nb6ss9dp4-9a64g-chr5m-wpxw8-flk9y-pzapz-996kl-z63dl,,,,"{""name"":""532 FRENCHMEN STREET"",""address"":""NEW ORLEANS, LA 70116\nUNITED STATES"",""@context"":""http://schema.org"",""@type"":""Place""}",,,,"[""http://static1.squarespace.com/static/61a80770c597d55c58bdfb99/61d1bf1fe2c2267b73de6ae3/6980dfe25e2fee138e88feb1/1770053670318/80353712_2735931209800302_8665792639389401088_n.jpg?format=1500w""]",,"{""name"":""The Caesar Brothers' FunkBox • FRI FEB. 6 •  @7:30PM   — BLUE NILE"",""startDate"":""2026-02-06T19:30:00-0500"",""endDate"":""2026-02-06T21:30:00-0500"",""image"":[""http://static1.squarespace.com/static/61a80770c597d55c58bdfb99/61d1bf1fe2c2267b73de6ae3/6980dfe25e2fee138e88feb1/1770053670318/80353712_2735931209800302_8665792639389401088_n.jpg?format=1500w""],""location"":{""name"":""532 FRENCHMEN STREET"",""address"":""NEW ORLEANS, LA 70116\nUNITED STATES"",""@context"":""http://schema.org"",""@type"":""Place""},""@context"":""http://schema.org"",""@type"":""Event""}"
2026-10-01T16:03:02Z,bluenilelive.com,100067,rock club,https://www.bluenilelive.com/calendar-tickets-/289k47nb6ss9dp4-9a64g-chr5m-wpxw8-flk9y-pzapz-996kl-z63dl-s6f8f,Event,mapped_seed_site,,The Caesar Brothers' FunkBox • FRI FEB. 13 • @7:30PM — BLUE NILE,2026-02-13T19:30:00-0500,2026-02-13T21:30:00-0500,https://www.bluenilelive.com/calendar-tickets-/289k47nb6ss9dp4-9a64g-chr5m-wpxw8-flk9y-pzapz-996kl-z63dl-s6f8f,,,,"{""name"":""532 FRENCHMEN STREET"",""address"":""NEW ORLEANS, LA 70116\nUNITED STATES"",""@context"":""http://schema.org"",""@type"":""Place""}",,,,"[""http://static1.squarespace.com/static/61a80770c597d55c58bdfb99/61d1bf1fe2c2267b73de6ae3/6980e0c082f3ee7168b72dad/1770053848440/80353712_2735931209800302_8665792639389401088_n.jpg?format=1500w""]",,"{""name"":""The Caesar Brothers' FunkBox • FRI FEB. 13 •  @7:30PM — BLUE NILE"",""startDate"":""2026-02-13T19:30:00-0500"",""endDate"":""2026-02-13T21:30:00-0500"",""image"":[""http://static1.squarespace.com/static/61a80770c597d55c58bdfb99/61d1bf1fe2c2267b73de6ae3/6980e0c082f3ee7168b72dad/1770053848440/80353712_2735931209800302_8665792639389401088_n.jpg?format=1500w""],""location"":{""name"":""532 FRENCHMEN STREET"",""address"":""NEW ORLEANS, LA 70116\nUNITED STATES"",""@context"":""http://schema.org"",""@type"":""Place""},""@context"":""http://schema.org"",""@type"":""Event""}"
2026-10-01T16:03:02Z,bluenilelive.com,100067,rock club,https://www.bluenilelive.com/calendar-tickets-/289k47nb6ss9dp4-9a64g-chr5m-wpxw8-flk9y-pzapz-996kl-z63dl-s6f8f-hh4xm,Event,mapped_seed_site,,The Caesar Brothers' FunkBox • FRI FEB. 20 • @7:30PM — BLUE NILE,2026-02-20T19:30:00-0500,2026-02-20T21:30:00-0500,https://www.bluenilelive.com/calendar-tickets-/289k47nb6ss9dp4-9a64g-chr5m-wpxw8-flk9y-pzapz-996kl-z63dl-s6f8f-hh4xm,,,,"{""name"":""532 FRENCHMEN STREET"",""address"":""NEW ORLEANS, LA 70116\nUNITED STATES"",""@context"":""http://schema.org"",""@type"":""Place""}",,,,"[""http://static1.squarespace.com/static/61a80770c597d55c58bdfb99/61d1bf1fe2c2267b73de6ae3/6980e0db87402d5f5beaa747/1770053868043/80353712_2735931209800302_8665792639389401088_n.jpg?format=1500w""]",,"{""name"":""The Caesar Brothers' FunkBox • FRI FEB. 20 •  @7:30PM — BLUE NILE"",""startDate"":""2026-02-20T19:30:00-0500"",""endDate"":""2026-02-20T21:30:00-0500"",""image"":[""http://static1.squarespace.com/static/61a80770c597d55c58bdfb99/61d1bf1fe2c2267b73de6ae3/6980e0db87402d5f5beaa747/1770053868043/80353712_2735931209800302_8665792639389401088_n.jpg?format=1500w""],""location"":{""name"":""532 FRENCHMEN STREET"",""address"":""NEW ORLEANS, LA 70116\nUNITED STATES"",""@context"":""http://schema.org"",""@type"":""Place""},""@context"":""http://schema.org"",""@type"":""Event""}"
2026-10-01T16:03:02Z,bluenilelive.com,100067,rock club,https://www.bluenilelive.com/calendar-tickets-/289k47nb6ss9dp4-9a64g-chr5m-wpxw8-flk9y-pzapz-996kl-z63dl-s6f8f-hh4xm-adz4s,Event,mapped_seed_site,,The Caesar Brothers' FunkBox • FRI FEB. 27 • @7:30PM — BLUE NILE,2026-02-27T19:30:00-0500,2026-02-27T21:30:00-0500,https://www.bluenilelive.com/calendar-tickets-/289k47nb6ss9dp4-9a64g-chr5m-wpxw8-flk9y-pzapz-996kl-z63dl-s6f8f-hh4xm-adz4s,,,,"{""name"":""532 FRENCHMEN STREET"",""address"":""NEW ORLEANS, LA 70116\nUNITED STATES"",""@context"":""http://schema.org"",""@type"":""Place""}",,,,"[""http://static1.squarespace.com/static/61a80770c597d55c58bdfb99/61d1bf1fe2c2267b73de6ae3/6980e0f24e3149700fc86ac4/1770053885138/80353712_2735931209800302_8665792639389401088_n.jpg?format=1500w""]",,"{""name"":""The Caesar Brothers' FunkBox • FRI FEB. 27 •  @7:30PM — BLUE NILE"",""startDate"":""2026-02-27T19:30:00-0500"",""endDate"":""2026-02-27T21:30:00-0500"",""image"":[""http://static1.squarespace.com/static/61a80770c597d55c58bdfb99/61d1bf1fe2c2267b73de6ae3/6980e0f24e3149700fc86ac4/1770053885138/80353712_2735931209800302_8665792639389401088_n.jpg?format=1500w""],""location"":{""name"":""532 FRENCHMEN STREET"",""address"":""NEW ORLEANS, LA 70116\nUNITED STATES"",""@context"":""http://schema.org"",""@type"":""Place""},""@context"":""http://schema.org"",""@type"":""Event""}"
2026-10-01T16:03:02Z,bluenilelive.com,100067,rock club,https://www.bluenilelive.com/calendar-tickets-/289k47nb6ss9dp4-9a64g-chr5m-wpxw8-flk9y-pzapz-996kl-z63dl-s6f8f-hh4xm-adz4s-sjsey,Event,mapped_seed_site,,The Caesar Brothers' FunkBox • FRI MAR. 6 • @7:30PM — BLUE NILE,2026-03-06T19:30:00-0500,2026-03-06T21:30:00-0500,https://www.bluenilelive.com/calendar-tickets-/289k47nb6ss9dp4-9a64g-chr5m-wpxw8-flk9y-pzapz-996kl-z63dl-s6f8f-hh4xm-adz4s-sjsey,,,,"{""name"":""532 FRENCHMEN STREET"",""address"":""NEW ORLEANS, LA 70116\nUNITED STATES"",""@context"":""http://schema.org"",""@type"":""Place""}",,,,"[""http://static1.squarespace.com/static/61a80770c597d55c58bdfb99/61d1bf1fe2c2267b73de6ae3/699f4676b681083c585159ab/1772045963554/80353712_2735931209800302_8665792639389401088_n.jpg?format=1500w""]",,"{""name"":""The Caesar Brothers' FunkBox • FRI MAR. 6 •  @7:30PM — BLUE NILE"",""startDate"":""2026-03-06T19:30:00-0500"",""endDate"":""2026-03-06T21:30:00-0500"",""image"":[""http://static1.squarespace.com/static/61a80770c597d55c58bdfb99/61d1bf1fe2c2267b73de6ae3/699f4676b681083c585159ab/1772045963554/80353712_2735931209800302_8665792639389401088_n.jpg?format=1500w""],""location"":{""name"":""532 FRENCHMEN STREET"",""address"":""NEW ORLEANS, LA 70116\nUNITED STATES"",""@context"":""http://schema.org"",""@type"":""Place""},""@context"":""http://schema.org"",""@type"":""Event""}"
2026-10-01T16:03:02Z,neworleansonline.com,100067,4bf58dd8d48988d1e5931735|music venue,http://www.neworleansonline.com/neworleans/festivals/musicfestivals/wednesdaysatthesquare.html,Festival,mapped_exact,0.000,Wednesday at the Square Concert Series,2026-03-11,2026-05-06,https://www.neworleans.com/event/wednesday-at-the-square-concert-series/3248/,https://schema.org/EventScheduled,,"Wednesday at the Square Info Wednesday at the Square, sponsored by the Young Leadership Council of New Orleans, presents a series of free outdoor concerts featuring well-known local artists. The weekly concert series highlights a variety of indigenous mu","{""@type"":""LocalBusiness"",""@id"":""https://www.neworleans.com/listing/lafayette-square/32817/#localbusiness"",""name"":""Lafayette Square"",""address"":{""@type"":""PostalAddress"",""streetAddress"":""S Maestri St"",""addressLocality"":""New Orleans"",""addressRegion"":""LA"",""postalCode"":""70130""},""geo"":{""@type"":""GeoCoordinates"",""latitude"":29.9477105,""longitude"":-90.0703897}}",,"{""@type"":""Organization"",""name"":""Young Leadership Council of New Orleans""}",,"{""@type"":""ImageObject"",""url"":""https://assets.simpleviewinc.com/simpleview/image/upload/c_limit,h_1200,q_75,w_1200/v1/crm/neworleans/NOTMC_284100_8535df0f-5056-b365-ab8c367fb31cf95e.jpg""}","Family Friendly, Events for a Cause, Live Music, Festivals: Spring, Festivals: Music, Month: March, Month: April, Month: May, Featured","{""@type"":""Festival"",""@id"":""https://www.neworleans.com/event/wednesday-at-the-square-concert-series/3248/#event"",""url"":""https://www.neworleans.com/event/wednesday-at-the-square-concert-series/3248/"",""name"":""Wednesday at the Square Concert Series"",""description"":""Wednesday at the Square Info Wednesday at the Square, sponsored by the Young Leadership Council of New Orleans, presents a series of free outdoor concerts featuring well-known local artists. The weekly concert series highlights a variety of indigenous mu"",""startDate"":""2026-03-11"",""endDate"":""2026-05-06"",""keywords"":""Family Friendly, Events for a Cause, Live Music, Festivals: Spring, Festivals: Music, Month: March, Month: April, Month: May, Featured"",""eventStatus"":""https://schema.org/EventScheduled"",""image"":{""@type"":""ImageObject"",""url"":""https://assets.simpleviewinc.com/simpleview/image/upload/c_limit,h_1200,q_75,w_1200/v1/crm/neworleans/NOTMC_284100_8535df0f-5056-b365-ab8c367fb31cf95e.jpg""},""organizer"":{""@type"":""Organization"",""name"":""Young Leadership Council of New Orleans""},""location"":{""@type"":""LocalBusiness"",""@id"":""https://www.neworleans.com/listing/lafayette-square/32817/#localbusiness"",""name"":""Lafayette Square"",""address"":{""@type"":""PostalAddress"",""streetAddress"":""S Maestri St"",""addressLocality"":""New Orleans"",""addressRegion"":""LA"",""postalCode"":""70130""},""geo"":{""@type"":""GeoCoordinates"",""latitude"":29.9477105,""longitude"":-90.0703897}}}"
2026-10-01T16:03:02Z,bluenilelive.com,100067,rock club,https://www.bluenilelive.com/calendar-tickets-/289k47nb6ss9dp4-9a64g-chr5m-wpxw8-flk9y-pzapz-996kl-z63dl-s6f8f-hh4xm-adz4s-sjsey-g389b,Event,mapped_seed_site,,The Caesar Brothers' FunkBox • FRI MAR. 13 • @7:30PM — BLUE NILE,2026-03-13T19:30:00-0400,2026-03-13T21:30:00-0400,https://www.bluenilelive.com/calendar-tickets-/289k47nb6ss9dp4-9a64g-chr5m-wpxw8-flk9y-pzapz-996kl-z63dl-s6f8f-hh4xm-adz4s-sjsey-g389b,,,,"{""name"":""532 FRENCHMEN STREET"",""address"":""NEW ORLEANS, LA 70116\nUNITED STATES"",""@context"":""http://schema.org"",""@type"":""Place""}",,,,"[""http://static1.squarespace.com/static/61a80770c597d55c58bdfb99/61d1bf1fe2c2267b73de6ae3/699f46901aa7eb5b3827c146/1772045986321/80353712_2735931209800302_8665792639389401088_n.jpg?format=1500w""]",,"{""name"":""The Caesar Brothers' FunkBox • FRI MAR. 13 •  @7:30PM — BLUE NILE"",""startDate"":""2026-03-13T19:30:00-0400"",""endDate"":""2026-03-13T21:30:00-0400"",""image"":[""http://static1.squarespace.com/static/61a80770c597d55c58bdfb99/61d1bf1fe2c2267b73de6ae3/699f46901aa7eb5b3827c146/1772045986321/80353712_2735931209800302_8665792639389401088_n.jpg?format=1500w""],""location"":{""name"":""532 FRENCHMEN STREET"",""address"":""NEW ORLEANS, LA 70116\nUNITED STATES"",""@context"":""http://schema.org"",""@type"":""Place""},""@context"":""http://schema.org"",""@type"":""Event""}"
2026-10-01T16:03:02Z,bluenilelive.com,100067,rock club,https://www.bluenilelive.com/calendar-tickets-/289k47nb6ss9dp4-9a64g-chr5m-wpxw8-flk9y-pzapz-996kl-z63dl-s6f8f-hh4xm-adz4s-sjsey-g389b-572tr,Event,mapped_seed_site,,The Caesar Brothers' FunkBox • FRI MAR. 20 • @7:30PM — BLUE NILE,2026-03-20T19:30:00-0400,2026-03-20T21:30:00-0400,https://www.bluenilelive.com/calendar-tickets-/289k47nb6ss9dp4-9a64g-chr5m-wpxw8-flk9y-pzapz-996kl-z63dl-s6f8f-hh4xm-adz4s-sjsey-g389b-572tr,,,,"{""name"":""532 FRENCHMEN STREET"",""address"":""NEW ORLEANS, LA 70116\nUNITED STATES"",""@context"":""http://schema.org"",""@type"":""Place""}",,,,"[""http://static1.squarespace.com/static/61a80770c597d55c58bdfb99/61d1bf1fe2c2267b73de6ae3/699f46a8eb3a016178e4b2ac/1772046004578/80353712_2735931209800302_8665792639389401088_n.jpg?format=1500w""]",,"{""name"":""The Caesar Brothers' FunkBox • FRI MAR. 20 •  @7:30PM — BLUE NILE"",""startDate"":""2026-03-20T19:30:00-0400"",""endDate"":""2026-03-20T21:30:00-0400"",""image"":[""http://static1.squarespace.com/static/61a80770c597d55c58bdfb99/61d1bf1fe2c2267b73de6ae3/699f46a8eb3a016178e4b2ac/1772046004578/80353712_2735931209800302_8665792639389401088_n.jpg?format=1500w""],""location"":{""name"":""532 FRENCHMEN STREET"",""address"":""NEW ORLEANS, LA 70116\nUNITED STATES"",""@context"":""http://schema.org"",""@type"":""Place""},""@context"":""http://schema.org"",""@type"":""Event""}"
2026-10-01T16:03:02Z,neworleansonline.com,100067,4bf58dd8d48988d1e5931735|music venue,http://www.neworleansonline.com/neworleans/festivals/literaryfestivals/twfest.html,Festival,mapped_exact,0.000,Tennessee Williams & New Orleans Literary Festival,2026-03-25,2026-03-29,https://www.neworleans.com/event/tennessee-williams-%26-new-orleans-literary-festival/3328/,https://schema.org/EventScheduled,,"Tennessee Williams & New Orleans Literary Festival celebrates 40 years this March 25-29, 2026! The annual Tennessee Williams New Orleans Literary Festival takes place each spring in New Orleans, and is named after the world-famous playwright who made","{""@type"":""LocalBusiness"",""@id"":""https://www.neworleans.com/listing/hotel-monteleone/515/#localbusiness"",""name"":""Hotel Monteleone"",""address"":{""@type"":""PostalAddress"",""streetAddress"":""938 Lafayette St., Suite 514"",""addressLocality"":""New Orleans "",""addressRegion"":""LA"",""postalCode"":""70113""},""geo"":{""@type"":""GeoCoordinates"",""latitude"":29.948954,""longitude"":-90.0743769}}",,,,"{""@type"":""ImageObject"",""url"":""https://assets.simpleviewinc.com/simpleview/image/upload/c_limit,h_1200,q_75,w_1200/v1/crm/neworleans/photo_credit_the_advocate._matthew_hinton__2015_720_03B58D0E-F74A-5056-EEBBC63CFC0B93C5_03b7817f-cc55-1816-4e0468bb38718154.jpg""}","Festivals, Festivals: Spring, Festivals: Literary, Month: March, Virtual, Featured","{""@type"":""Festival"",""@id"":""https://www.neworleans.com/event/tennessee-williams-%26-new-orleans-literary-festival/3328/#event"",""url"":""https://www.neworleans.com/event/tennessee-williams-%26-new-orleans-literary-festival/3328/"",""name"":""Tennessee Williams & New Orleans Literary Festival"",""description"":""Tennessee Williams & New Orleans Literary Festival celebrates 40 years this March 25-29, 2026! The annual Tennessee Williams New Orleans Literary Festival takes place each spring in New Orleans, and is named after the world-famous playwright who made"",""startDate"":""2026-03-25"",""endDate"":""2026-03-29"",""keywords"":""Festivals, Festivals: Spring, Festivals: Literary, Month: March, Virtual, Featured"",""eventStatus"":""https://schema.org/EventScheduled"",""image"":{""@type"":""ImageObject"",""url"":""https://assets.simpleviewinc.com/simpleview/image/upload/c_limit,h_1200,q_75,w_1200/v1/crm/neworleans/photo_credit_the_advocate._matthew_hinton__2015_720_03B58D0E-F74A-5056-EEBBC63CFC0B93C5_03b7817f-cc55-1816-4e0468bb38718154.jpg""},""location"":{""@type"":""LocalBusiness"",""@id"":""https://www.neworleans.com/listing/hotel-monteleone/515/#localbusiness"",""name"":""Hotel Monteleone"",""address"":{""@type"":""PostalAddress"",""streetAddress"":""938 Lafayette St., Suite 514"",""addressLocality"":""New Orleans "",""addressRegion"":""LA"",""postalCode"":""70113""},""geo"":{""@type"":""GeoCoordinates"",""latitude"":29.948954,""longitude"":-90.0743769}}}"
2026-10-01T16:03:02Z,bluenilelive.com,100067,rock club,https://www.bluenilelive.com/calendar-tickets-/289k47nb6ss9dp4-9a64g-chr5m-wpxw8-flk9y-pzapz-996kl-z63dl-s6f8f-hh4xm-adz4s-sjsey-g389b-572tr-4rcfc,Event,mapped_seed_site,,The Caesar Brothers' FunkBox • FRI MAR. 27 • @7:30PM — BLUE NILE,2026-03-27T19:30:00-0400,2026-03-27T21:30:00-0400,https://www.bluenilelive.com/calendar-tickets-/289k47nb6ss9dp4-9a64g-chr5m-wpxw8-flk9y-pzapz-996kl-z63dl-s6f8f-hh4xm-adz4s-sjsey-g389b-572tr-4rcfc,,,,"{""name"":""532 FRENCHMEN STREET"",""address"":""NEW ORLEANS, LA 70116\nUNITED STATES"",""@context"":""http://schema.org"",""@type"":""Place""}",,,,"[""http://static1.squarespace.com/static/61a80770c597d55c58bdfb99/61d1bf1fe2c2267b73de6ae3/699f46baa78dac0b92c42589/1772046024195/80353712_2735931209800302_8665792639389401088_n.jpg?format=1500w""]",,"{""name"":""The Caesar Brothers' FunkBox • FRI MAR. 27 •  @7:30PM — BLUE NILE"",""startDate"":""2026-03-27T19:30:00-0400"",""endDate"":""2026-03-27T21:30:00-0400"",""image"":[""http://static1.squarespace.com/static/61a80770c597d55c58bdfb99/61d1bf1fe2c2267b73de6ae3/699f46baa78dac0b92c42589/1772046024195/80353712_2735931209800302_8665792639389401088_n.jpg?format=1500w""],""location"":{""name"":""532 FRENCHMEN STREET"",""address"":""NEW ORLEANS, LA 70116\nUNITED STATES"",""@context"":""http://schema.org"",""@type"":""Place""},""@context"":""http://schema.org"",""@type"":""Event""}"
2026-10-01T16:03:02Z,neworleansonline.com,100067,4bf58dd8d48988d1e5931735|music venue,http://www.neworleansonline.com/neworleans/festivals/culinaryfestivals/tremecreolegumbo.html,Festival,mapped_exact,0.000,Congo Square Rhythms Festival,2026-03-28,2026-03-29,https://www.neworleans.com/event/congo-square-rhythms-festival/3343/,https://schema.org/EventScheduled,,"Celebrating the long heritage of what is known as the oldest neighborhood of free African Americans in the United States, the New Orleans Jazz & Heritage Foundation will host the annual Congo Square Rhythms Festival March 28-29, 2026. About Congo Squ","{""@type"":""LocalBusiness"",""@id"":""https://www.neworleans.com/listing/congo-square/32200/#localbusiness"",""name"":""Congo Square"",""address"":{""@type"":""PostalAddress"",""streetAddress"":""701 N. Rampart St."",""addressLocality"":""New Orleans"",""addressRegion"":""LA"",""postalCode"":""70116""},""geo"":{""@type"":""GeoCoordinates"",""latitude"":29.961415,""longitude"":-90.068674}}",,"{""@type"":""Organization"",""name"":""The New Orleans Jazz & Heritage Foundation""}",,"{""@type"":""ImageObject"",""url"":""https://assets.simpleviewinc.com/simpleview/image/upload/c_limit,h_1200,q_75,w_1200/v1/crm/neworleans/NOTMC_401040_b2092fe1-5056-b365-ab2eca6cf841c6e4.jpg""}","Family Friendly, Cultural Event, Festivals, Culinary: Food, Live Music, Festivals: Spring, Shopping: Art Markets, Live Music: Jazz, Festivals: Multicultural, Festivals: Food, Festivals: Music, Month: March, Featured","{""@type"":""Festival"",""@id"":""https://www.neworleans.com/event/congo-square-rhythms-festival/3343/#event"",""url"":""https://www.neworleans.com/event/congo-square-rhythms-festival/3343/"",""name"":""Congo Square Rhythms Festival"",""description"":""Celebrating the long heritage of what is known as the oldest neighborhood of free African Americans in the United States, the New Orleans Jazz & Heritage Foundation will host the annual Congo Square Rhythms Festival March 28-29, 2026. About Congo Squ"",""startDate"":""2026-03-28"",""endDate"":""2026-03-29"",""keywords"":""Family Friendly, Cultural Event, Festivals, Culinary: Food, Live Music, Festivals: Spring, Shopping: Art Markets, Live Music: Jazz, Festivals: Multicultural, Festivals: Food, Festivals: Music, Month: March, Featured"",""eventStatus"":""https://schema.org/EventScheduled"",""image"":{""@type"":""ImageObject"",""url"":""https://assets.simpleviewinc.com/simpleview/image/upload/c_limit,h_1200,q_75,w_1200/v1/crm/neworleans/NOTMC_401040_b2092fe1-5056-b365-ab2eca6cf841c6e4.jpg""},""organizer"":{""@type"":""Organization"",""name"":""The New Orleans Jazz & Heritage Foundation""},""location"":{""@type"":""LocalBusiness"",""@id"":""https://www.neworleans.com/listing/congo-square/32200/#localbusiness"",""name"":""Congo Square"",""address"":{""@type"":""PostalAddress"",""streetAddress"":""701 N. Rampart St."",""addressLocality"":""New Orleans"",""addressRegion"":""LA"",""postalCode"":""70116""},""geo"":{""@type"":""GeoCoordinates"",""latitude"":29.961415,""longitude"":-90.068674}}}"
2026-10-01T16:03:02Z,bluenilelive.com,100067,rock club,https://www.bluenilelive.com/calendar-tickets-/289k47nb6ss9dp4-9a64g-chr5m-wpxw8-flk9y-pzapz-996kl-z63dl-s6f8f-hh4xm-adz4s-sjsey-g389b-572tr-4rcfc-6trbw,Event,mapped_seed_site,,The Caesar Brothers' FunkBox • FRI APRIL 3 • @7:30PM — BLUE NILE,2026-04-03T19:30:00-0400,2026-04-03T21:30:00-0400,https://www.bluenilelive.com/calendar-tickets-/289k47nb6ss9dp4-9a64g-chr5m-wpxw8-flk9y-pzapz-996kl-z63dl-s6f8f-hh4xm-adz4s-sjsey-g389b-572tr-4rcfc-6trbw,,,,"{""name"":""532 FRENCHMEN STREET"",""address"":""NEW ORLEANS, LA 70116\nUNITED STATES"",""@context"":""http://schema.org"",""@type"":""Place""}",,,,"[""http://static1.squarespace.com/static/61a80770c597d55c58bdfb99/61d1bf1fe2c2267b73de6ae3/69bbd63d2146782c42deff73/1773917899011/80353712_2735931209800302_8665792639389401088_n.jpg?format=1500w""]",,"{""name"":""The Caesar Brothers' FunkBox • FRI APRIL 3 •  @7:30PM  — BLUE NILE"",""startDate"":""2026-04-03T19:30:00-0400"",""endDate"":""2026-04-03T21:30:00-0400"",""image"":[""http://static1.squarespace.com/static/61a80770c597d55c58bdfb99/61d1bf1fe2c2267b73de6ae3/69bbd63d2146782c42deff73/1773917899011/80353712_2735931209800302_8665792639389401088_n.jpg?format=1500w""],""location"":{""name"":""532 FRENCHMEN STREET"",""address"":""NEW ORLEANS, LA 70116\nUNITED STATES"",""@context"":""http://schema.org"",""@type"":""Place""},""@context"":""http://schema.org"",""@type"":""Event""}"
2026-10-01T16:03:02Z,bluenilelive.com,100067,rock club,https://www.bluenilelive.com/calendar-tickets-/289k47nb6ss9dp4-9a64g-chr5m-wpxw8-flk9y-pzapz-996kl-z63dl-s6f8f-hh4xm-adz4s-sjsey-g389b-572tr-4rcfc-6trbw-3ss3t,Event,mapped_seed_site,,The Caesar Brothers' FunkBox • FRI APRIL 10 • @7:30PM — BLUE NILE,2026-04-10T19:30:00-0400,2026-04-10T21:30:00-0400,https://www.bluenilelive.com/calendar-tickets-/289k47nb6ss9dp4-9a64g-chr5m-wpxw8-flk9y-pzapz-996kl-z63dl-s6f8f-hh4xm-adz4s-sjsey-g389b-572tr-4rcfc-6trbw-3ss3t,,,,"{""name"":""532 FRENCHMEN STREET"",""address"":""NEW ORLEANS, LA 70116\nUNITED STATES"",""@context"":""http://schema.org"",""@type"":""Place""}",,,,"[""http://static1.squarespace.com/static/61a80770c597d55c58bdfb99/61d1bf1fe2c2267b73de6ae3/69bbd6d11bf4ed5cc8d19c25/1773917916444/80353712_2735931209800302_8665792639389401088_n.jpg?format=1500w""]",,"{""name"":""The Caesar Brothers' FunkBox • FRI APRIL 10 •  @7:30PM  — BLUE NILE"",""startDate"":""2026-04-10T19:30:00-0400"",""endDate"":""2026-04-10T21:30:00-0400"",""image"":[""http://static1.squarespace.com/static/61a80770c597d55c58bdfb99/61d1bf1fe2c2267b73de6ae3/69bbd6d11bf4ed5cc8d19c25/1773917916444/80353712_2735931209800302_8665792639389401088_n.jpg?format=1500w""],""location"":{""name"":""532 FRENCHMEN STREET"",""address"":""NEW ORLEANS, LA 70116\nUNITED STATES"",""@context"":""http://schema.org"",""@type"":""Place""},""@context"":""http://schema.org"",""@type"":""Event""}"
2026-10-01T16:03:02Z,bluenilelive.com,100067,rock club,https://www.bluenilelive.com/calendar-tickets-/289k47nb6ss9dp4-9a64g-chr5m-wpxw8-flk9y-pzapz-996kl-z63dl-s6f8f-hh4xm-adz4s-sjsey-g389b-572tr-4rcfc-6trbw-3ss3t-l627x,Event,mapped_seed_site,,The Caesar Brothers' FunkBox • FRI APRIL 17 • @7:30PM — BLUE NILE,2026-04-17T19:30:00-0400,2026-04-17T21:30:00-0400,https://www.bluenilelive.com/calendar-tickets-/289k47nb6ss9dp4-9a64g-chr5m-wpxw8-flk9y-pzapz-996kl-z63dl-s6f8f-hh4xm-adz4s-sjsey-g389b-572tr-4rcfc-6trbw-3ss3t-l627x,,,,"{""name"":""532 FRENCHMEN STREET"",""address"":""NEW ORLEANS, LA 70116\nUNITED STATES"",""@context"":""http://schema.org"",""@type"":""Place""}",,,,"[""http://static1.squarespace.com/static/61a80770c597d55c58bdfb99/61d1bf1fe2c2267b73de6ae3/69bbd6e0136dd27e07594c0d/1773917942513/80353712_2735931209800302_8665792639389401088_n.jpg?format=1500w""]",,"{""name"":""The Caesar Brothers' FunkBox • FRI APRIL 17 •  @7:30PM   — BLUE NILE"",""startDate"":""2026-04-17T19:30:00-0400"",""endDate"":""2026-04-17T21:30:00-0400"",""image"":[""http://static1.squarespace.com/static/61a80770c597d55c58bdfb99/61d1bf1fe2c2267b73de6ae3/69bbd6e0136dd27e07594c0d/1773917942513/80353712_2735931209800302_8665792639389401088_n.jpg?format=1500w""],""location"":{""name"":""532 FRENCHMEN STREET"",""address"":""NEW ORLEANS, LA 70116\nUNITED STATES"",""@context"":""http://schema.org"",""@type"":""Place""},""@context"":""http://schema.org"",""@type"":""Event""}"
2026-10-01T16:03:02Z,bluenilelive.com,100067,rock club,https://www.bluenilelive.com/calendar-tickets-/289k47nb6ss9dp4-9a64g-chr5m-wpxw8-flk9y-pzapz-996kl-z63dl-s6f8f-hh4xm-adz4s-sjsey-g389b-572tr-4rcfc-6trbw-3ss3t-l627x-6wcxf,Event,mapped_seed_site,,The Caesar Brothers' FunkBox • FRI APRIL 24 • @7:30PM — BLUE NILE,2026-04-24T19:30:00-0400,2026-04-24T21:30:00-0400,https://www.bluenilelive.com/calendar-tickets-/289k47nb6ss9dp4-9a64g-chr5m-wpxw8-flk9y-pzapz-996kl-z63dl-s6f8f-hh4xm-adz4s-sjsey-g389b-572tr-4rcfc-6trbw-3ss3t-l627x-6wcxf,,,,"{""name"":""532 FRENCHMEN STREET"",""address"":""NEW ORLEANS, LA 70116\nUNITED STATES"",""@context"":""http://schema.org"",""@type"":""Place""}",,,,"[""http://static1.squarespace.com/static/61a80770c597d55c58bdfb99/61d1bf1fe2c2267b73de6ae3/69bbd703dd808a0f48cf523e/1773917970301/80353712_2735931209800302_8665792639389401088_n.jpg?format=1500w""]",,"{""name"":""The Caesar Brothers' FunkBox • FRI APRIL 24 •  @7:30PM    — BLUE NILE"",""startDate"":""2026-04-24T19:30:00-0400"",""endDate"":""2026-04-24T21:30:00-0400"",""image"":[""http://static1.squarespace.com/static/61a80770c597d55c58bdfb99/61d1bf1fe2c2267b73de6ae3/69bbd703dd808a0f48cf523e/1773917970301/80353712_2735931209800302_8665792639389401088_n.jpg?format=1500w""],""location"":{""name"":""532 FRENCHMEN STREET"",""address"":""NEW ORLEANS, LA 70116\nUNITED STATES"",""@context"":""http://schema.org"",""@type"":""Place""},""@context"":""http://schema.org"",""@type"":""Event""}"
2026-10-01T16:03:02Z,bluenilelive.com,100067,rock club,https://www.bluenilelive.com/calendar-tickets-/289k47nb6ss9dp4-9a64g-chr5m-wpxw8-flk9y-pzapz-996kl-z63dl-s6f8f-hh4xm-adz4s-sjsey-g389b-572tr-4rcfc-6trbw-3ss3t-l627x-6wcxf-3nz8k,Event,mapped_seed_site,,The Caesar Brothers' FunkBox • FRI MAY 1 • @7:30PM — BLUE NILE,2026-05-01T19:30:00-0400,2026-05-01T21:30:00-0400,https://www.bluenilelive.com/calendar-tickets-/289k47nb6ss9dp4-9a64g-chr5m-wpxw8-flk9y-pzapz-996kl-z63dl-s6f8f-hh4xm-adz4s-sjsey-g389b-572tr-4rcfc-6trbw-3ss3t-l627x-6wcxf-3nz8k,,,,"{""name"":""532 FRENCHMEN STREET"",""address"":""NEW ORLEANS, LA 70116\nUNITED STATES"",""@context"":""http://schema.org"",""@type"":""Place""}",,,,"[""http://static1.squarespace.com/static/61a80770c597d55c58bdfb99/61d1bf1fe2c2267b73de6ae3/69bbd71d2c869033ff122452/1773918001122/80353712_2735931209800302_8665792639389401088_n.jpg?format=1500w""]",,"{""name"":""The Caesar Brothers' FunkBox • FRI MAY 1 •  @7:30PM   — BLUE NILE"",""startDate"":""2026-05-01T19:30:00-0400"",""endDate"":""2026-05-01T21:30:00-0400"",""image"":[""http://static1.squarespace.com/static/61a80770c597d55c58bdfb99/61d1bf1fe2c2267b73de6ae3/69bbd71d2c869033ff122452/1773918001122/80353712_2735931209800302_8665792639389401088_n.jpg?format=1500w""],""location"":{""name"":""532 FRENCHMEN STREET"",""address"":""NEW ORLEANS, LA 70116\nUNITED STATES"",""@context"":""http://schema.org"",""@type"":""Place""},""@context"":""http://schema.org"",""@type"":""Event""}"
2026-10-01T16:03:02Z,bluenilelive.com,100067,rock club,https://www.bluenilelive.com/calendar-tickets-/289k47nb6ss9dp4-9a64g-chr5m-wpxw8-flk9y-pzapz-996kl-z63dl-s6f8f-hh4xm-adz4s-sjsey-g389b-572tr-4rcfc-6trbw-3ss3t-l627x-6wcxf-3nz8k-s999y,Event,mapped_seed_site,,The Caesar Brothers' FunkBox • FRI MAY 8 • @7:30PM — BLUE NILE,2026-05-08T19:30:00-0400,2026-05-08T21:30:00-0400,https://www.bluenilelive.com/calendar-tickets-/289k47nb6ss9dp4-9a64g-chr5m-wpxw8-flk9y-pzapz-996kl-z63dl-s6f8f-hh4xm-adz4s-sjsey-g389b-572tr-4rcfc-6trbw-3ss3t-l627x-6wcxf-3nz8k-s999y,,,,"{""name"":""532 FRENCHMEN STREET"",""address"":""NEW ORLEANS, LA 70116\nUNITED STATES"",""@context"":""http://schema.org"",""@type"":""Place""}",,,,"[""http://static1.squarespace.com/static/61a80770c597d55c58bdfb99/61d1bf1fe2c2267b73de6ae3/69da2de2eb52e8711f497df1/1775906307406/80353712_2735931209800302_8665792639389401088_n.jpg?format=1500w""]",,"{""name"":""The Caesar Brothers' FunkBox • FRI MAY 8 •  @7:30PM   — BLUE NILE"",""startDate"":""2026-05-08T19:30:00-0400"",""endDate"":""2026-05-08T21:30:00-0400"",""image"":[""http://static1.squarespace.com/static/61a80770c597d55c58bdfb99/61d1bf1fe2c2267b73de6ae3/69da2de2eb52e8711f497df1/1775906307406/80353712_2735931209800302_8665792639389401088_n.jpg?format=1500w""],""location"":{""name"":""532 FRENCHMEN STREET"",""address"":""NEW ORLEANS, LA 70116\nUNITED STATES"",""@context"":""http://schema.org"",""@type"":""Place""},""@context"":""http://schema.org"",""@type"":""Event""}"
2026-10-01T16:03:02Z,neworleansonline.com,100067,4bf58dd8d48988d1e5931735|music venue,http://www.neworleansonline.com/neworleans/festivals/musicfestivals/bayouboogaloo.html,Festival,mapped_radius,10.732,Bayou Boogaloo,2026-05-15,2026-05-17,https://www.neworleans.com/event/bayou-boogaloo/3284/,https://schema.org/EventScheduled,,"About Bayou Boogaloo Celebrate one of New Orleans’ most unique festivals at Bayou Boogaloo, a lively multi-day event blending live music, local food, art, and community along the bayou. Known for its laid-back, neighborhood feel and signature “f","{""@type"":""Place"",""name"":""Bayou St. John / Various locations"",""address"":{""@type"":""PostalAddress"",""addressRegion"":""LA""},""geo"":{""@type"":""GeoCoordinates"",""latitude"":29.97686821,""longitude"":-90.0905867128}}",,,,"{""@type"":""ImageObject"",""url"":""https://assets.simpleviewinc.com/simpleview/image/upload/c_limit,h_1200,q_75,w_1200/v1/crm/neworleans/Bayou_Boogaloo_0180_189f7988-5056-b365-ab1a6f415e7d7f8c.jpg""}","Family Friendly, Festivals, Festivals: Spring, Festivals: Music, Month: May, Featured","{""@type"":""Festival"",""@id"":""https://www.neworleans.com/event/bayou-boogaloo/3284/#event"",""url"":""https://www.neworleans.com/event/bayou-boogaloo/3284/"",""name"":""Bayou Boogaloo"",""description"":""About Bayou Boogaloo Celebrate one of New Orleans’ most unique festivals at Bayou Boogaloo, a lively multi-day event blending live music, local food, art, and community along the bayou. Known for its laid-back, neighborhood feel and signature “f"",""startDate"":""2026-05-15"",""endDate"":""2026-05-17"",""keywords"":""Family Friendly, Festivals, Festivals: Spring, Festivals: Music, Month: May, Featured"",""eventStatus"":""https://schema.org/EventScheduled"",""image"":{""@type"":""ImageObject"",""url"":""https://assets.simpleviewinc.com/simpleview/image/upload/c_limit,h_1200,q_75,w_1200/v1/crm/neworleans/Bayou_Boogaloo_0180_189f7988-5056-b365-ab1a6f415e7d7f8c.jpg""},""location"":{""@type"":""Place"",""name"":""Bayou St. John / Various locations"",""address"":{""@type"":""PostalAddress"",""addressRegion"":""LA""},""geo"":{""@type"":""GeoCoordinates"",""latitude"":29.97686821,""longitude"":-90.0905867128}}}"
2026-10-01T16:03:02Z,bluenilelive.com,100067,rock club,https://www.bluenilelive.com/calendar-tickets-/289k47nb6ss9dp4-9a64g-chr5m-wpxw8-flk9y-pzapz-996kl-z63dl-s6f8f-hh4xm-adz4s-sjsey-g389b-572tr-4rcfc-6trbw-3ss3t-l627x-6wcxf-3nz8k-s999y-49pys,Event,mapped_seed_site,,The Caesar Brothers' FunkBox • FRI MAY 15 • @7:30PM — BLUE NILE,2026-05-15T19:30:00-0400,2026-05-15T21:30:00-0400,https://www.bluenilelive.com/calendar-tickets-/289k47nb6ss9dp4-9a64g-chr5m-wpxw8-flk9y-pzapz-996kl-z63dl-s6f8f-hh4xm-adz4s-sjsey-g389b-572tr-4rcfc-6trbw-3ss3t-l627x-6wcxf-3nz8k-s999y-49pys,,,,"{""name"":""532 FRENCHMEN STREET"",""address"":""NEW ORLEANS, LA 70116\nUNITED STATES"",""@context"":""http://schema.org"",""@type"":""Place""}",,,,"[""http://static1.squarespace.com/static/61a80770c597d55c58bdfb99/61d1bf1fe2c2267b73de6ae3/69da2e08bd54b97b007ac8dc/1775906328978/80353712_2735931209800302_8665792639389401088_n.jpg?format=1500w""]",,"{""name"":""The Caesar Brothers' FunkBox • FRI MAY 15 •  @7:30PM   — BLUE NILE"",""startDate"":""2026-05-15T19:30:00-0400"",""endDate"":""2026-05-15T21:30:00-0400"",""image"":[""http://static1.squarespace.com/static/61a80770c597d55c58bdfb99/61d1bf1fe2c2267b73de6ae3/69da2e08bd54b97b007ac8dc/1775906328978/80353712_2735931209800302_8665792639389401088_n.jpg?format=1500w""],""location"":{""name"":""532 FRENCHMEN STREET"",""address"":""NEW ORLEANS, LA 70116\nUNITED STATES"",""@context"":""http://schema.org"",""@type"":""Place""},""@context"":""http://schema.org"",""@type"":""Event""}"
2026-10-01T16:03:02Z,neworleansonline.com,100067,4bf58dd8d48988d1e5931735|music venue,http://www.neworleansonline.com/neworleans/festivals/multiculturalfestivals/greekfest.html,Festival,mapped_exact,0.000,Greek Fest New Orleans,2026-05-22,2026-05-24,https://www.neworleans.com/event/greek-fest-new-orleans/3288/,https://schema.org/EventScheduled,,"2026 Greek Festival Opa! Spend a weekend at the New Orleans Greek Festival. The festival returns on Memorial Day Weekend 2026 at Holy Trinity Greek Orthodox Cathedral. Activities The sounds of Greek music fill the air, as does the wonderful aroma of Gr","{""@type"":""Place"",""name"":""Holy Trinity Greek Orthodox Cathedral"",""address"":{""@type"":""PostalAddress"",""streetAddress"":""1200 Robert E. Lee Blvd."",""addressLocality"":""New Orleans"",""addressRegion"":""LA"",""postalCode"":""70122""},""geo"":{""@type"":""GeoCoordinates"",""latitude"":30.020169,""longitude"":-90.082655}}",,"{""@type"":""Organization"",""name"":""Greek Festival New Orleans""}",,"{""@type"":""ImageObject"",""url"":""https://assets.simpleviewinc.com/simpleview/image/upload/c_limit,h_1200,q_75,w_1200/v1/crm/neworleans/GREEK_FEST_1100_17e3ae27-5056-b365-abf8a18ca9417696.jpg""}","Family Friendly, Festivals, Festivals: Spring, Holiday: Memorial Day, Month: May, Featured","{""@type"":""Festival"",""@id"":""https://www.neworleans.com/event/greek-fest-new-orleans/3288/#event"",""url"":""https://www.neworleans.com/event/greek-fest-new-orleans/3288/"",""name"":""Greek Fest New Orleans"",""description"":""2026 Greek Festival Opa! Spend a weekend at the New Orleans Greek Festival. The festival returns on Memorial Day Weekend 2026 at Holy Trinity Greek Orthodox Cathedral. Activities The sounds of Greek music fill the air, as does the wonderful aroma of Gr"",""startDate"":""2026-05-22"",""endDate"":""2026-05-24"",""keywords"":""Family Friendly, Festivals, Festivals: Spring, Holiday: Memorial Day, Month: May, Featured"",""eventStatus"":""https://schema.org/EventScheduled"",""image"":{""@type"":""ImageObject"",""url"":""https://assets.simpleviewinc.com/simpleview/image/upload/c_limit,h_1200,q_75,w_1200/v1/crm/neworleans/GREEK_FEST_1100_17e3ae27-5056-b365-abf8a18ca9417696.jpg""},""organizer"":{""@type"":""Organization"",""name"":""Greek Festival New Orleans""},""location"":{""@type"":""Place"",""name"":""Holy Trinity Greek Orthodox Cathedral"",""address"":{""@type"":""PostalAddress"",""streetAddress"":""1200 Robert E. Lee Blvd."",""addressLocality"":""New Orleans"",""addressRegion"":""LA"",""postalCode"":""70122""},""geo"":{""@type"":""GeoCoordinates"",""latitude"":30.020169,""longitude"":-90.082655}}}"
2026-10-01T16:03:02Z,bluenilelive.com,100067,rock club,https://www.bluenilelive.com/calendar-tickets-/289k47nb6ss9dp4-9a64g-chr5m-wpxw8-flk9y-pzapz-996kl-z63dl-s6f8f-hh4xm-adz4s-sjsey-g389b-572tr-4rcfc-6trbw-3ss3t-l627x-6wcxf-3nz8k-s999y-49pys-r8jyl,Event,mapped_seed_site,,The Caesar Brothers' FunkBox • FRI MAY 22 • @7:30PM — BLUE NILE,2026-05-22T19:30:00-0400,2026-05-22T21:30:00-0400,https://www.bluenilelive.com/calendar-tickets-/289k47nb6ss9dp4-9a64g-chr5m-wpxw8-flk9y-pzapz-996kl-z63dl-s6f8f-hh4xm-adz4s-sjsey-g389b-572tr-4rcfc-6trbw-3ss3t-l627x-6wcxf-3nz8k-s999y-49pys-r8jyl,,,,"{""name"":""532 FRENCHMEN STREET"",""address"":""NEW ORLEANS, LA 70116\nUNITED STATES"",""@context"":""http://schema.org"",""@type"":""Place""}",,,,"[""http://static1.squarespace.com/static/61a80770c597d55c58bdfb99/61d1bf1fe2c2267b73de6ae3/69da2e1da0a8f2548e91abe3/1775906356319/80353712_2735931209800302_8665792639389401088_n.jpg?format=1500w""]",,"{""name"":""The Caesar Brothers' FunkBox • FRI MAY 22 •  @7:30PM  — BLUE NILE"",""startDate"":""2026-05-22T19:30:00-0400"",""endDate"":""2026-05-22T21:30:00-0400"",""image"":[""http://static1.squarespace.com/static/61a80770c597d55c58bdfb99/61d1bf1fe2c2267b73de6ae3/69da2e1da0a8f2548e91abe3/1775906356319/80353712_2735931209800302_8665792639389401088_n.jpg?format=1500w""],""location"":{""name"":""532 FRENCHMEN STREET"",""address"":""NEW ORLEANS, LA 70116\nUNITED STATES"",""@context"":""http://schema.org"",""@type"":""Place""},""@context"":""http://schema.org"",""@type"":""Event""}"
2026-10-01T16:03:02Z,bluenilelive.com,100067,rock club,https://www.bluenilelive.com/calendar-tickets-/289k47nb6ss9dp4-9a64g-chr5m-wpxw8-flk9y-pzapz-996kl-z63dl-s6f8f-hh4xm-adz4s-sjsey-g389b-572tr-4rcfc-6trbw-3ss3t-l627x-6wcxf-3nz8k-s999y-49pys-r8jyl-9m362,Event,mapped_seed_site,,The Caesar Brothers' FunkBox • FRI MAY 29 • @7:30PM — BLUE NILE,2026-05-29T19:30:00-0400,2026-05-29T21:30:00-0400,https://www.bluenilelive.com/calendar-tickets-/289k47nb6ss9dp4-9a64g-chr5m-wpxw8-flk9y-pzapz-996kl-z63dl-s6f8f-hh4xm-adz4s-sjsey-g389b-572tr-4rcfc-6trbw-3ss3t-l627x-6wcxf-3nz8k-s999y-49pys-r8jyl-9m362,,,,"{""name"":""532 FRENCHMEN STREET"",""address"":""NEW ORLEANS, LA 70116\nUNITED STATES"",""@context"":""http://schema.org"",""@type"":""Place""}",,,,"[""http://static1.squarespace.com/static/61a80770c597d55c58bdfb99/61d1bf1fe2c2267b73de6ae3/69da2e40c5544a50711c0038/1775906393029/80353712_2735931209800302_8665792639389401088_n.jpg?format=1500w""]",,"{""name"":""The Caesar Brothers' FunkBox • FRI MAY 29 •  @7:30PM — BLUE NILE"",""startDate"":""2026-05-29T19:30:00-0400"",""endDate"":""2026-05-29T21:30:00-0400"",""image"":[""http://static1.squarespace.com/static/61a80770c597d55c58bdfb99/61d1bf1fe2c2267b73de6ae3/69da2e40c5544a50711c0038/1775906393029/80353712_2735931209800302_8665792639389401088_n.jpg?format=1500w""],""location"":{""name"":""532 FRENCHMEN STREET"",""address"":""NEW ORLEANS, LA 70116\nUNITED STATES"",""@context"":""http://schema.org"",""@type"":""Place""},""@context"":""http://schema.org"",""@type"":""Event""}"
2026-10-01T16:03:02Z,bluenilelive.com,100067,rock club,https://www.bluenilelive.com/calendar-tickets-/289k47nb6ss9dp4-9a64g-chr5m-wpxw8-flk9y-pzapz-996kl-z63dl-s6f8f-hh4xm-adz4s-sjsey-g389b-572tr-4rcfc-6trbw-3ss3t-l627x-6wcxf-3nz8k-s999y-49pys-r8jyl-9m362-4xek7,Event,mapped_seed_site,,The Caesar Brothers' FunkBox • FRI JUN. 5 • @7:30PM — BLUE NILE,2026-06-05T19:30:00-0400,2026-06-05T21:30:00-0400,https://www.bluenilelive.com/calendar-tickets-/289k47nb6ss9dp4-9a64g-chr5m-wpxw8-flk9y-pzapz-996kl-z63dl-s6f8f-hh4xm-adz4s-sjsey-g389b-572tr-4rcfc-6trbw-3ss3t-l627x-6wcxf-3nz8k-s999y-49pys-r8jyl-9m362-4xek7,,,,"{""name"":""532 FRENCHMEN STREET"",""address"":""NEW ORLEANS, LA 70116\nUNITED STATES"",""@context"":""http://schema.org"",""@type"":""Place""}",,,,"[""http://static1.squarespace.com/static/61a80770c597d55c58bdfb99/61d1bf1fe2c2267b73de6ae3/6a15ce7ff565ea647c61cb9e/1779814098098/80353712_2735931209800302_8665792639389401088_n.jpg?format=1500w""]",,"{""name"":""The Caesar Brothers' FunkBox • FRI JUN. 5 •  @7:30PM  — BLUE NILE"",""startDate"":""2026-06-05T19:30:00-0400"",""endDate"":""2026-06-05T21:30:00-0400"",""image"":[""http://static1.squarespace.com/static/61a80770c597d55c58bdfb99/61d1bf1fe2c2267b73de6ae3/6a15ce7ff565ea647c61cb9e/1779814098098/80353712_2735931209800302_8665792639389401088_n.jpg?format=1500w""],""location"":{""name"":""532 FRENCHMEN STREET"",""address"":""NEW ORLEANS, LA 70116\nUNITED STATES"",""@context"":""http://schema.org"",""@type"":""Place""},""@context"":""http://schema.org"",""@type"":""Event""}"
2026-10-01T16:03:02Z,neworleansonline.com,100067,4bf58dd8d48988d1e5931735|music venue,http://www.neworleansonline.com/neworleans/festivals/culinaryfestivals/nowfe.html,Festival,mapped_exact,0.000,New Orleans Wine & Food Experience,2026-06-10,2026-06-14,https://www.neworleans.com/event/new-orleans-wine-%26-food-experience/3285/,https://schema.org/EventScheduled,,"The New Orleans Wine & Food Experience 2026 The New Orleans Wine and Food Experience is your opportunity to eat, drink, and do good. Now in its third decade of supporting local causes, NOWFE's five-day celebration includes a full schedule of events f","{""@type"":""LocalBusiness"",""@id"":""https://www.neworleans.com/listing/new-orleans-wine-%26-food-experience/10267/#localbusiness"",""name"":""New Orleans Wine & Food Experience"",""address"":{""@type"":""PostalAddress"",""addressLocality"":""New Orleans"",""addressRegion"":""LA""},""geo"":{""@type"":""GeoCoordinates"",""latitude"":29.9510658,""longitude"":-90.0715323}}",,"{""@type"":""Organization"",""name"":""New Orleans Wine & Food Experience""}",,"{""@type"":""ImageObject"",""url"":""https://assets.simpleviewinc.com/simpleview/image/upload/c_limit,h_1200,q_75,w_1200/v1/crm/neworleans/NOWFE10_44188d6b-5056-b365-abde339075f71b62.jpg""}","Festivals, Festivals: Summer, Festivals: Food, Festivals: Drink, Culinary: Drink, Month: June, Featured","{""@type"":""Festival"",""@id"":""https://www.neworleans.com/event/new-orleans-wine-%26-food-experience/3285/#event"",""url"":""https://www.neworleans.com/event/new-orleans-wine-%26-food-experience/3285/"",""name"":""New Orleans Wine & Food Experience"",""description"":""The New Orleans Wine & Food Experience 2026 The New Orleans Wine and Food Experience is your opportunity to eat, drink, and do good. Now in its third decade of supporting local causes, NOWFE's five-day celebration includes a full schedule of events f"",""startDate"":""2026-06-10"",""endDate"":""2026-06-14"",""keywords"":""Festivals, Festivals: Summer, Festivals: Food, Festivals: Drink, Culinary: Drink, Month: June, Featured"",""eventStatus"":""https://schema.org/EventScheduled"",""image"":{""@type"":""ImageObject"",""url"":""https://assets.simpleviewinc.com/simpleview/image/upload/c_limit,h_1200,q_75,w_1200/v1/crm/neworleans/NOWFE10_44188d6b-5056-b365-abde339075f71b62.jpg""},""organizer"":{""@type"":""Organization"",""name"":""New Orleans Wine & Food Experience""},""location"":{""@type"":""LocalBusiness"",""@id"":""https://www.neworleans.com/listing/new-orleans-wine-%26-food-experience/10267/#localbusiness"",""name"":""New Orleans Wine & Food Experience"",""address"":{""@type"":""PostalAddress"",""addressLocality"":""New Orleans"",""addressRegion"":""LA""},""geo"":{""@type"":""GeoCoordinates"",""latitude"":29.9510658,""longitude"":-90.0715323}}}"
2026-10-01T16:03:02Z,bluenilelive.com,100067,rock club,https://www.bluenilelive.com/calendar-tickets-/289k47nb6ss9dp4-9a64g-chr5m-wpxw8-flk9y-pzapz-996kl-z63dl-s6f8f-hh4xm-adz4s-sjsey-g389b-572tr-4rcfc-6trbw-3ss3t-l627x-6wcxf-3nz8k-s999y-49pys-r8jyl-9m362-4xek7-8wsrn,Event,mapped_seed_site,,The Caesar Brothers' FunkBox • SAT JUN. 13 • @7:30PM — BLUE NILE,2026-06-13T19:30:00-0400,2026-06-13T21:30:00-0400,https://www.bluenilelive.com/calendar-tickets-/289k47nb6ss9dp4-9a64g-chr5m-wpxw8-flk9y-pzapz-996kl-z63dl-s6f8f-hh4xm-adz4s-sjsey-g389b-572tr-4rcfc-6trbw-3ss3t-l627x-6wcxf-3nz8k-s999y-49pys-r8jyl-9m362-4xek7-8wsrn,,,,"{""name"":""532 FRENCHMEN STREET"",""address"":""NEW ORLEANS, LA 70116\nUNITED STATES"",""@context"":""http://schema.org"",""@type"":""Place""}",,,,"[""http://static1.squarespace.com/static/61a80770c597d55c58bdfb99/61d1bf1fe2c2267b73de6ae3/6a15cede498fd76f72e9572e/1780416558030/80353712_2735931209800302_8665792639389401088_n.jpg?format=1500w""]",,"{""name"":""The Caesar Brothers' FunkBox • SAT JUN. 13 •  @7:30PM   — BLUE NILE"",""startDate"":""2026-06-13T19:30:00-0400"",""endDate"":""2026-06-13T21:30:00-0400"",""image"":[""http://static1.squarespace.com/static/61a80770c597d55c58bdfb99/61d1bf1fe2c2267b73de6ae3/6a15cede498fd76f72e9572e/1780416558030/80353712_2735931209800302_8665792639389401088_n.jpg?format=1500w""],""location"":{""name"":""532 FRENCHMEN STREET"",""address"":""NEW ORLEANS, LA 70116\nUNITED STATES"",""@context"":""http://schema.org"",""@type"":""Place""},""@context"":""http://schema.org"",""@type"":""Event""}"
2026-10-01T16:03:02Z,bluenilelive.com,100067,rock club,https://www.bluenilelive.com/calendar-tickets-/289k47nb6ss9dp4-9a64g-chr5m-wpxw8-flk9y-pzapz-996kl-z63dl-s6f8f-hh4xm-adz4s-sjsey-g389b-572tr-4rcfc-6trbw-3ss3t-l627x-6wcxf-3nz8k-s999y-49pys-r8jyl-9m362-4xek7-8wsrn-w8pct,Event,mapped_seed_site,,The Caesar Brothers' FunkBox • SAT JUN. 20 • @7:30PM — BLUE NILE,2026-06-20T19:30:00-0400,2026-06-20T21:30:00-0400,https://www.bluenilelive.com/calendar-tickets-/289k47nb6ss9dp4-9a64g-chr5m-wpxw8-flk9y-pzapz-996kl-z63dl-s6f8f-hh4xm-adz4s-sjsey-g389b-572tr-4rcfc-6trbw-3ss3t-l627x-6wcxf-3nz8k-s999y-49pys-r8jyl-9m362-4xek7-8wsrn-w8pct,,,,"{""name"":""532 FRENCHMEN STREET"",""address"":""NEW ORLEANS, LA 70116\nUNITED STATES"",""@context"":""http://schema.org"",""@type"":""Place""}",,,,"[""http://static1.squarespace.com/static/61a80770c597d55c58bdfb99/61d1bf1fe2c2267b73de6ae3/6a15cef2ae379942c04f03d3/1780416586578/80353712_2735931209800302_8665792639389401088_n.jpg?format=1500w""]",,"{""name"":""The Caesar Brothers' FunkBox • SAT JUN. 20 •  @7:30PM  — BLUE NILE"",""startDate"":""2026-06-20T19:30:00-0400"",""endDate"":""2026-06-20T21:30:00-0400"",""image"":[""http://static1.squarespace.com/static/61a80770c597d55c58bdfb99/61d1bf1fe2c2267b73de6ae3/6a15cef2ae379942c04f03d3/1780416586578/80353712_2735931209800302_8665792639389401088_n.jpg?format=1500w""],""location"":{""name"":""532 FRENCHMEN STREET"",""address"":""NEW ORLEANS, LA 70116\nUNITED STATES"",""@context"":""http://schema.org"",""@type"":""Place""},""@context"":""http://schema.org"",""@type"":""Event""}"
2026-10-01T16:03:02Z,bluenilelive.com,100067,rock club,https://www.bluenilelive.com/calendar-tickets-/289k47nb6ss9dp4-9a64g-chr5m-wpxw8-flk9y-pzapz-996kl-z63dl-s6f8f-hh4xm-adz4s-sjsey-g389b-572tr-4rcfc-6trbw-3ss3t-l627x-6wcxf-3nz8k-s999y-49pys-r8jyl-9m362-4xek7-8wsrn-w8pct-j3nz2,Event,mapped_seed_site,,The Caesar Brothers' FunkBox • SAT JUN. 27 • @7:30PM — BLUE NILE,2026-06-27T19:30:00-0400,2026-06-27T21:30:00-0400,https://www.bluenilelive.com/calendar-tickets-/289k47nb6ss9dp4-9a64g-chr5m-wpxw8-flk9y-pzapz-996kl-z63dl-s6f8f-hh4xm-adz4s-sjsey-g389b-572tr-4rcfc-6trbw-3ss3t-l627x-6wcxf-3nz8k-s999y-49pys-r8jyl-9m362-4xek7-8wsrn-w8pct-j3nz2,,,,"{""name"":""532 FRENCHMEN STREET"",""address"":""NEW ORLEANS, LA 70116\nUNITED STATES"",""@context"":""http://schema.org"",""@type"":""Place""}",,,,"[""http://static1.squarespace.com/static/61a80770c597d55c58bdfb99/61d1bf1fe2c2267b73de6ae3/6a15cf0ea3615d2e0efb5afd/1780416623693/80353712_2735931209800302_8665792639389401088_n.jpg?format=1500w""]",,"{""name"":""The Caesar Brothers' FunkBox • SAT JUN. 27 •  @7:30PM  — BLUE NILE"",""startDate"":""2026-06-27T19:30:00-0400"",""endDate"":""2026-06-27T21:30:00-0400"",""image"":[""http://static1.squarespace.com/static/61a80770c597d55c58bdfb99/61d1bf1fe2c2267b73de6ae3/6a15cf0ea3615d2e0efb5afd/1780416623693/80353712_2735931209800302_8665792639389401088_n.jpg?format=1500w""],""location"":{""name"":""532 FRENCHMEN STREET"",""address"":""NEW ORLEANS, LA 70116\nUNITED STATES"",""@context"":""http://schema.org"",""@type"":""Place""},""@context"":""http://schema.org"",""@type"":""Event""}"
2026-10-01T16:03:02Z,neworleansonline.com,100067,4bf58dd8d48988d1e5931735|music venue,http://www.neworleansonline.com/neworleans/festivals/multiculturalfestivals/essence.html,Festival,mapped_exact,0.000,ESSENCE Festival of Culture® Presented By Coca-Cola® - New Orleans,2026-07-03,2026-07-05,https://www.neworleans.com/event/essence-festival-of-culture%c2%ae-presented-by-coca-cola%c2%ae-new-orleans/3296/,https://schema.org/EventScheduled,,"ESSENCE Festival of Culture® ESSENCE Fest returns July 3-5, 2026! Performers include Cardi B, Latto, Patti LaBelle, Brandy & Monica, Kehlani, and many more to come! Held over Fourth of July weekend at the Caesars Superdome and throughout downtown N","{""@type"":""LocalBusiness"",""@id"":""https://www.neworleans.com/listing/caesars-superdome/464/#localbusiness"",""name"":""Caesars Superdome"",""address"":{""@type"":""PostalAddress"",""streetAddress"":""Sugar Bowl Dr."",""addressLocality"":""New Orleans"",""addressRegion"":""LA"",""postalCode"":""70112""},""geo"":{""@type"":""GeoCoordinates"",""latitude"":29.9522565,""longitude"":-90.0804822}}",,"{""@type"":""Organization"",""name"":""Essence Festival""}",,"{""@type"":""ImageObject"",""url"":""https://assets.simpleviewinc.com/simpleview/image/upload/c_limit,h_1200,q_75,w_1200/v1/crm/neworleans/NOTMC_151390_3359672a-5056-b365-ab02edd3945c9600.jpg""}","Festivals, Holiday: 4th of July, Festivals: Summer, Festivals: Multicultural, Festivals: Music, Month: July, Featured","{""@type"":""Festival"",""@id"":""https://www.neworleans.com/event/essence-festival-of-culture%c2%ae-presented-by-coca-cola%c2%ae-new-orleans/3296/#event"",""url"":""https://www.neworleans.com/event/essence-festival-of-culture%c2%ae-presented-by-coca-cola%c2%ae-new-orleans/3296/"",""name"":""ESSENCE Festival of Culture® Presented By Coca-Cola® - New Orleans"",""description"":""ESSENCE Festival of Culture® ESSENCE Fest returns July 3-5, 2026! Performers include Cardi B, Latto, Patti LaBelle, Brandy & Monica, Kehlani, and many more to come! Held over Fourth of July weekend at the Caesars Superdome and throughout downtown N"",""startDate"":""2026-07-03"",""endDate"":""2026-07-05"",""keywords"":""Festivals, Holiday: 4th of July, Festivals: Summer, Festivals: Multicultural, Festivals: Music, Month: July, Featured"",""eventStatus"":""https://schema.org/EventScheduled"",""image"":{""@type"":""ImageObject"",""url"":""https://assets.simpleviewinc.com/simpleview/image/upload/c_limit,h_1200,q_75,w_1200/v1/crm/neworleans/NOTMC_151390_3359672a-5056-b365-ab02edd3945c9600.jpg""},""organizer"":{""@type"":""Organization"",""name"":""Essence Festival""},""location"":{""@type"":""LocalBusiness"",""@id"":""https://www.neworleans.com/listing/caesars-superdome/464/#localbusiness"",""name"":""Caesars Superdome"",""address"":{""@type"":""PostalAddress"",""streetAddress"":""Sugar Bowl Dr."",""addressLocality"":""New Orleans"",""addressRegion"":""LA"",""postalCode"":""70112""},""geo"":{""@type"":""GeoCoordinates"",""latitude"":29.9522565,""longitude"":-90.0804822}}}"
2026-10-01T16:03:02Z,neworleansonline.com,100067,4bf58dd8d48988d1e5931735|music venue,http://www.neworleansonline.com/neworleans/festivals/multiculturalfestivals/runningofthebulls.html,Event,mapped_exact,0.000,Running of the Bulls,2026-07-10,2026-07-12,https://www.neworleans.com/event/running-of-the-bulls/3298/,https://schema.org/EventScheduled,,"Running of the Bulls 2026 returns July 10th- 12th for the 20th anniversary! 2026 information coming soon! About Running of the Bulls 2025 The thrill of the famous Running of the Bulls in Pamplona, Spain, has found its way to the lively streets of Ne","{""@type"":""LocalBusiness"",""@id"":""https://www.neworleans.com/listing/gallier-hall/37573/#localbusiness"",""name"":""Gallier Hall"",""address"":{""@type"":""PostalAddress"",""streetAddress"":""545 St Charles Ave."",""addressLocality"":""New Orleans"",""addressRegion"":""LA"",""postalCode"":""70130""},""geo"":{""@type"":""GeoCoordinates"",""latitude"":29.948603,""longitude"":-90.0713644}}",,,,"{""@type"":""ImageObject"",""url"":""https://assets.simpleviewinc.com/simpleview/image/upload/c_limit,h_1200,q_75,w_1200/v1/crm/neworleans/CVB_ZackSmith_Run20_8358a4a3-5056-b365-ab7f73fe85ee065a.jpg""}","Active & Fitness, Events for a Cause, Festivals, Festivals: Summer, Festivals: For a Good Cause, Festivals: Multicultural, Month: July, Featured","{""@type"":""Event"",""@id"":""https://www.neworleans.com/event/running-of-the-bulls/3298/#event"",""url"":""https://www.neworleans.com/event/running-of-the-bulls/3298/"",""name"":""Running of the Bulls"",""description"":""Running of the Bulls 2026 returns July 10th- 12th for the 20th anniversary! 2026 information coming soon! About Running of the Bulls 2025 The thrill of the famous Running of the Bulls in Pamplona, Spain, has found its way to the lively streets of Ne"",""startDate"":""2026-07-10"",""endDate"":""2026-07-12"",""keywords"":""Active & Fitness, Events for a Cause, Festivals, Festivals: Summer, Festivals: For a Good Cause, Festivals: Multicultural, Month: July, Featured"",""eventStatus"":""https://schema.org/EventScheduled"",""image"":{""@type"":""ImageObject"",""url"":""https://assets.simpleviewinc.com/simpleview/image/upload/c_limit,h_1200,q_75,w_1200/v1/crm/neworleans/CVB_ZackSmith_Run20_8358a4a3-5056-b365-ab7f73fe85ee065a.jpg""},""location"":{""@type"":""LocalBusiness"",""@id"":""https://www.neworleans.com/listing/gallier-hall/37573/#localbusiness"",""name"":""Gallier Hall"",""address"":{""@type"":""PostalAddress"",""streetAddress"":""545 St Charles Ave."",""addressLocality"":""New Orleans"",""addressRegion"":""LA"",""postalCode"":""70130""},""geo"":{""@type"":""GeoCoordinates"",""latitude"":29.948603,""longitude"":-90.0713644}}}"
2026-10-01T16:03:02Z,bluenilelive.com,100067,rock club,https://www.bluenilelive.com/calendar-tickets-/289k47nb6ss9dp4-9a64g-chr5m-wpxw8-flk9y-pzapz-996kl-z63dl-s6f8f-hh4xm-adz4s-sjsey-g389b-572tr-4rcfc-6trbw-3ss3t-l627x-6wcxf-3nz8k-s999y-49pys-r8jyl-9m362-4xek7-8wsrn-w8pct-d9x82,Event,mapped_seed_site,,The Caesar Brothers' FunkBox • SAT JUL. 11 • @7:30PM — BLUE NILE,2026-07-11T19:30:00-0400,2026-07-11T21:30:00-0400,https://www.bluenilelive.com/calendar-tickets-/289k47nb6ss9dp4-9a64g-chr5m-wpxw8-flk9y-pzapz-996kl-z63dl-s6f8f-hh4xm-adz4s-sjsey-g389b-572tr-4rcfc-6trbw-3ss3t-l627x-6wcxf-3nz8k-s999y-49pys-r8jyl-9m362-4xek7-8wsrn-w8pct-d9x82,,,,"{""name"":""532 FRENCHMEN STREET"",""address"":""NEW ORLEANS, LA 70116\nUNITED STATES"",""@context"":""http://schema.org"",""@type"":""Place""}",,,,"[""http://static1.squarespace.com/static/61a80770c597d55c58bdfb99/61d1bf1fe2c2267b73de6ae3/6a42a70c69dd1f45227ae527/1782753054406/80353712_2735931209800302_8665792639389401088_n.jpg?format=1500w""]",,"{""name"":""The Caesar Brothers' FunkBox • SAT JUL. 11 •  @7:30PM  — BLUE NILE"",""startDate"":""2026-07-11T19:30:00-0400"",""endDate"":""2026-07-11T21:30:00-0400"",""image"":[""http://static1.squarespace.com/static/61a80770c597d55c58bdfb99/61d1bf1fe2c2267b73de6ae3/6a42a70c69dd1f45227ae527/1782753054406/80353712_2735931209800302_8665792639389401088_n.jpg?format=1500w""],""location"":{""name"":""532 FRENCHMEN STREET"",""address"":""NEW ORLEANS, LA 70116\nUNITED STATES"",""@context"":""http://schema.org"",""@type"":""Place""},""@context"":""http://schema.org"",""@type"":""Event""}"
2026-10-01T16:03:02Z,bluenilelive.com,100067,rock club,https://www.bluenilelive.com/calendar-tickets-/289k47nb6ss9dp4-9a64g-chr5m-wpxw8-flk9y-pzapz-996kl-z63dl-s6f8f-hh4xm-adz4s-sjsey-g389b-572tr-4rcfc-6trbw-3ss3t-l627x-6wcxf-3nz8k-s999y-49pys-r8jyl-9m362-4xek7-8wsrn-w8pct-d9x82-fb5rl,Event,mapped_seed_site,,The Caesar Brothers' FunkBox • SAT JUL. 18 • @7:30PM — BLUE NILE,2026-07-18T19:30:00-0400,2026-07-18T21:30:00-0400,https://www.bluenilelive.com/calendar-tickets-/289k47nb6ss9dp4-9a64g-chr5m-wpxw8-flk9y-pzapz-996kl-z63dl-s6f8f-hh4xm-adz4s-sjsey-g389b-572tr-4rcfc-6trbw-3ss3t-l627x-6wcxf-3nz8k-s999y-49pys-r8jyl-9m362-4xek7-8wsrn-w8pct-d9x82-fb5rl,,,,"{""name"":""532 FRENCHMEN STREET"",""address"":""NEW ORLEANS, LA 70116\nUNITED STATES"",""@context"":""http://schema.org"",""@type"":""Place""}",,,,"[""http://static1.squarespace.com/static/61a80770c597d55c58bdfb99/61d1bf1fe2c2267b73de6ae3/6a42a73195bd9956f2c63893/1782753085778/80353712_2735931209800302_8665792639389401088_n.jpg?format=1500w""]",,"{""name"":""The Caesar Brothers' FunkBox • SAT JUL. 18 •  @7:30PM  — BLUE NILE"",""startDate"":""2026-07-18T19:30:00-0400"",""endDate"":""2026-07-18T21:30:00-0400"",""image"":[""http://static1.squarespace.com/static/61a80770c597d55c58bdfb99/61d1bf1fe2c2267b73de6ae3/6a42a73195bd9956f2c63893/1782753085778/80353712_2735931209800302_8665792639389401088_n.jpg?format=1500w""],""location"":{""name"":""532 FRENCHMEN STREET"",""address"":""NEW ORLEANS, LA 70116\nUNITED STATES"",""@context"":""http://schema.org"",""@type"":""Place""},""@context"":""http://schema.org"",""@type"":""Event""}"
2026-10-01T16:03:02Z,neworleansonline.com,100067,4bf58dd8d48988d1e5931735|music venue,http://www.neworleansonline.com/neworleans/festivals/culinaryfestivals/totc.html,Festival,mapped_exact,0.000,Tales of the Cocktail,2026-07-19,2026-07-24,https://www.neworleans.com/event/tales-of-the-cocktail/3300/,https://schema.org/EventScheduled,,"Tales of the Cocktail 2026 Enjoy a week-long celebration of cocktails and mixology at the 24th annual Tales of the Cocktail® (TOTC) event, taking place from July 19-24, 2026. This global cocktail conference, organized by the nonprofit organization Tal","{""@type"":""LocalBusiness"",""@id"":""https://www.neworleans.com/listing/the-ritz-carlton-new-orleans/3535/#localbusiness"",""name"":""The Ritz-Carlton, New Orleans"",""address"":{""@type"":""PostalAddress"",""streetAddress"":""921 Canal St."",""addressLocality"":""New Orleans"",""addressRegion"":""LA"",""postalCode"":""70112""},""geo"":{""@type"":""GeoCoordinates"",""latitude"":29.9550178,""longitude"":-90.0709905}}",,"{""@type"":""Organization"",""name"":""Tales of the Cocktail""}",,"{""@type"":""ImageObject"",""url"":""https://assets.simpleviewinc.com/simpleview/image/upload/c_limit,h_1200,q_75,w_1200/v1/crm/neworleans/TOTC2023_BryanTarnowski_Midnight-in-Tokyo-with-Shingo-Gokan__BTT9867_89E00F7A-BE3D-1255-EE3B9FC5B82B9417_89f0fee1-a885-a11b-43dccb77dbfbb59c.jpg""}","Festivals, Seminars & Lectures, Festivals: Summer, Festivals: Drink, Culinary: Drink, Month: July, Featured","{""@type"":""Festival"",""@id"":""https://www.neworleans.com/event/tales-of-the-cocktail/3300/#event"",""url"":""https://www.neworleans.com/event/tales-of-the-cocktail/3300/"",""name"":""Tales of the Cocktail"",""description"":""Tales of the Cocktail 2026 Enjoy a week-long celebration of cocktails and mixology at the 24th annual Tales of the Cocktail® (TOTC) event, taking place from July 19-24, 2026. This global cocktail conference, organized by the nonprofit organization Tal"",""startDate"":""2026-07-19"",""endDate"":""2026-07-24"",""keywords"":""Festivals, Seminars & Lectures, Festivals: Summer, Festivals: Drink, Culinary: Drink, Month: July, Featured"",""eventStatus"":""https://schema.org/EventScheduled"",""image"":{""@type"":""ImageObject"",""url"":""https://assets.simpleviewinc.com/simpleview/image/upload/c_limit,h_1200,q_75,w_1200/v1/crm/neworleans/TOTC2023_BryanTarnowski_Midnight-in-Tokyo-with-Shingo-Gokan__BTT9867_89E00F7A-BE3D-1255-EE3B9FC5B82B9417_89f0fee1-a885-a11b-43dccb77dbfbb59c.jpg""},""organizer"":{""@type"":""Organization"",""name"":""Tales of the Cocktail""},""location"":{""@type"":""LocalBusiness"",""@id"":""https://www.neworleans.com/listing/the-ritz-carlton-new-orleans/3535/#localbusiness"",""name"":""The Ritz-Carlton, New Orleans"",""address"":{""@type"":""PostalAddress"",""streetAddress"":""921 Canal St."",""addressLocality"":""New Orleans"",""addressRegion"":""LA"",""postalCode"":""70112""},""geo"":{""@type"":""GeoCoordinates"",""latitude"":29.9550178,""longitude"":-90.0709905}}}"
2026-10-01T16:03:02Z,bluenilelive.com,100067,rock club,https://www.bluenilelive.com/calendar-tickets-/289k47nb6ss9dp4-9a64g-chr5m-wpxw8-flk9y-pzapz-996kl-z63dl-s6f8f-hh4xm-adz4s-sjsey-g389b-572tr-4rcfc-6trbw-3ss3t-l627x-6wcxf-3nz8k-s999y-49pys-r8jyl-9m362-4xek7-8wsrn-w8pct-d9x82-fb5rl-js3bh,Event,mapped_seed_site,,The Caesar Brothers' FunkBox • SAT JUL. 25 • @7:30PM — BLUE NILE,2026-07-25T19:30:00-0400,2026-07-25T21:30:00-0400,https://www.bluenilelive.com/calendar-tickets-/289k47nb6ss9dp4-9a64g-chr5m-wpxw8-flk9y-pzapz-996kl-z63dl-s6f8f-hh4xm-adz4s-sjsey-g389b-572tr-4rcfc-6trbw-3ss3t-l627x-6wcxf-3nz8k-s999y-49pys-r8jyl-9m362-4xek7-8wsrn-w8pct-d9x82-fb5rl-js3bh,,,,"{""name"":""532 FRENCHMEN STREET"",""address"":""NEW ORLEANS, LA 70116\nUNITED STATES"",""@context"":""http://schema.org"",""@type"":""Place""}",,,,"[""http://static1.squarespace.com/static/61a80770c597d55c58bdfb99/61d1bf1fe2c2267b73de6ae3/6a42a74776b7ee0a4a640380/1782753109275/80353712_2735931209800302_8665792639389401088_n.jpg?format=1500w""]",,"{""name"":""The Caesar Brothers' FunkBox • SAT JUL. 25 •  @7:30PM  — BLUE NILE"",""startDate"":""2026-07-25T19:30:00-0400"",""endDate"":""2026-07-25T21:30:00-0400"",""image"":[""http://static1.squarespace.com/static/61a80770c597d55c58bdfb99/61d1bf1fe2c2267b73de6ae3/6a42a74776b7ee0a4a640380/1782753109275/80353712_2735931209800302_8665792639389401088_n.jpg?format=1500w""],""location"":{""name"":""532 FRENCHMEN STREET"",""address"":""NEW ORLEANS, LA 70116\nUNITED STATES"",""@context"":""http://schema.org"",""@type"":""Place""},""@context"":""http://schema.org"",""@type"":""Event""}"
2026-10-01T16:03:02Z,neworleansonline.com,100067,4bf58dd8d48988d1e5931735|music venue,http://www.neworleansonline.com/neworleans/festivals/artfestivals/whitelinen.html,Festival,mapped_exact,0.000,Fidelity Bank White Linen Night,2026-08-01,2026-08-01,https://www.neworleans.com/event/fidelity-bank-white-linen-night/3304/,https://schema.org/EventScheduled,,"White Linen Night 2026 Experience an unforgettable evening where guests don their finest white linen attire and take to the streets to explore the thriving art scene of New Orleans. On the first Saturday of every August, Julia Street transforms into a","{""@type"":""LocalBusiness"",""@id"":""https://www.neworleans.com/listing/arts-district-new-orleans/30567/#localbusiness"",""name"":""Arts District New Orleans"",""address"":{""@type"":""PostalAddress"",""streetAddress"":""300-600 Julia Street"",""addressLocality"":""New Orleans"",""addressRegion"":""LA"",""postalCode"":""70130""},""geo"":{""@type"":""GeoCoordinates"",""latitude"":29.9444494,""longitude"":-90.0660275}}",,"{""@type"":""Organization"",""name"":""New Orleans Arts District Association""}",,"{""@type"":""ImageObject"",""url"":""https://assets.simpleviewinc.com/simpleview/image/upload/c_limit,h_1200,q_75,w_1200/v1/crm/neworleans/white-linen-night_7A26497A-F196-0C20-2FF8FCD46EC2E489_7a26f167-9cf5-1fa2-c3496302adc2294d.jpg""}","Cultural Arts: Arts Exhibits, Shopping, Festivals, Festivals: Summer, Festivals: Art, Cultural Arts, Month: August, Featured","{""@type"":""Festival"",""@id"":""https://www.neworleans.com/event/fidelity-bank-white-linen-night/3304/#event"",""url"":""https://www.neworleans.com/event/fidelity-bank-white-linen-night/3304/"",""name"":""Fidelity Bank White Linen Night"",""description"":""White Linen Night 2026 Experience an unforgettable evening where guests don their finest white linen attire and take to the streets to explore the thriving art scene of New Orleans. On the first Saturday of every August, Julia Street transforms into a"",""startDate"":""2026-08-01"",""endDate"":""2026-08-01"",""keywords"":""Cultural Arts: Arts Exhibits, Shopping, Festivals, Festivals: Summer, Festivals: Art, Cultural Arts, Month: August, Featured"",""eventStatus"":""https://schema.org/EventScheduled"",""image"":{""@type"":""ImageObject"",""url"":""https://assets.simpleviewinc.com/simpleview/image/upload/c_limit,h_1200,q_75,w_1200/v1/crm/neworleans/white-linen-night_7A26497A-F196-0C20-2FF8FCD46EC2E489_7a26f167-9cf5-1fa2-c3496302adc2294d.jpg""},""organizer"":{""@type"":""Organization"",""name"":""New Orleans Arts District Association""},""location"":{""@type"":""LocalBusiness"",""@id"":""https://www.neworleans.com/listing/arts-district-new-orleans/30567/#localbusiness"",""name"":""Arts District New Orleans"",""address"":{""@type"":""PostalAddress"",""streetAddress"":""300-600 Julia Street"",""addressLocality"":""New Orleans"",""addressRegion"":""LA"",""postalCode"":""70130""},""geo"":{""@type"":""GeoCoordinates"",""latitude"":29.9444494,""longitude"":-90.0660275}}}"
2026-10-01T16:03:02Z,bluenilelive.com,100067,rock club,https://www.bluenilelive.com/calendar-tickets-/289k47nb6ss9dp4-9a64g-chr5m-wpxw8-flk9y-pzapz-996kl-z63dl-s6f8f-hh4xm-adz4s-sjsey-g389b-572tr-4rcfc-6trbw-3ss3t-l627x-6wcxf-3nz8k-s999y-49pys-r8jyl-9m362-4xek7-8wsrn-w8pct-d9x82-fb5rl-js3bh-r646l,Event,mapped_seed_site,,The Caesar Brothers' FunkBox • SAT AUG. 1 • @7:30PM — BLUE NILE,2026-08-01T19:30:00-0400,2026-08-01T21:30:00-0400,https://www.bluenilelive.com/calendar-tickets-/289k47nb6ss9dp4-9a64g-chr5m-wpxw8-flk9y-pzapz-996kl-z63dl-s6f8f-hh4xm-adz4s-sjsey-g389b-572tr-4rcfc-6trbw-3ss3t-l627x-6wcxf-3nz8k-s999y-49pys-r8jyl-9m362-4xek7-8wsrn-w8pct-d9x82-fb5rl-js3bh-r646l,,,,"{""name"":""532 FRENCHMEN STREET"",""address"":""NEW ORLEANS, LA 70116\nUNITED STATES"",""@context"":""http://schema.org"",""@type"":""Place""}",,,,"[""http://static1.squarespace.com/static/61a80770c597d55c58bdfb99/61d1bf1fe2c2267b73de6ae3/6a68c16725aa0b15a48f514b/1785250517475/80353712_2735931209800302_8665792639389401088_n.jpg?format=1500w""]",,"{""name"":""The Caesar Brothers' FunkBox • SAT AUG. 1 •  @7:30PM  — BLUE NILE"",""startDate"":""2026-08-01T19:30:00-0400"",""endDate"":""2026-08-01T21:30:00-0400"",""image"":[""http://static1.squarespace.com/static/61a80770c597d55c58bdfb99/61d1bf1fe2c2267b73de6ae3/6a68c16725aa0b15a48f514b/1785250517475/80353712_2735931209800302_8665792639389401088_n.jpg?format=1500w""],""location"":{""name"":""532 FRENCHMEN STREET"",""address"":""NEW ORLEANS, LA 70116\nUNITED STATES"",""@context"":""http://schema.org"",""@type"":""Place""},""@context"":""http://schema.org"",""@type"":""Event""}"
2026-10-01T16:03:02Z,neworleansonline.com,100067,4bf58dd8d48988d1e5931735|music venue,http://www.neworleansonline.com/neworleans/festivals/artfestivals/dirtylinen.html,Event,mapped_exact,0.000,Dirty Linen Night,2026-08-08,2026-08-08,https://www.neworleans.com/event/dirty-linen-night/3306/,https://schema.org/EventScheduled,,"Dirty Linen Night 2026 Dirty Linen Night offers a unique twist on White Linen Night, inviting art enthusiasts to embrace the imperfect and unconventional side of New Orleans’ French Quarter. Organized by the Royal Street Arts District nonprofit, this","{""@type"":""Place"",""name"":""200 - 1000 Block of Royal Street"",""address"":{""@type"":""PostalAddress"",""addressLocality"":""New Orleans"",""addressRegion"":""LA""},""geo"":{""@type"":""GeoCoordinates"",""latitude"":29.957461258,""longitude"":-90.0652666597}}",,,,"{""@type"":""ImageObject"",""url"":""https://assets.simpleviewinc.com/simpleview/image/upload/c_limit,h_1200,q_75,w_1200/v1/crm/neworleans/NOTMC_6390_768939b0-5056-b365-abd1c915f543f8e3.jpg""}","Cultural Arts: Arts Exhibits, Festivals, Festivals: Art, Cultural Arts, Month: August, Featured","{""@type"":""Event"",""@id"":""https://www.neworleans.com/event/dirty-linen-night/3306/#event"",""url"":""https://www.neworleans.com/event/dirty-linen-night/3306/"",""name"":""Dirty Linen Night"",""description"":""Dirty Linen Night 2026 Dirty Linen Night offers a unique twist on White Linen Night, inviting art enthusiasts to embrace the imperfect and unconventional side of New Orleans’ French Quarter. Organized by the Royal Street Arts District nonprofit, this"",""startDate"":""2026-08-08"",""endDate"":""2026-08-08"",""keywords"":""Cultural Arts: Arts Exhibits, Festivals, Festivals: Art, Cultural Arts, Month: August, Featured"",""eventStatus"":""https://schema.org/EventScheduled"",""image"":{""@type"":""ImageObject"",""url"":""https://assets.simpleviewinc.com/simpleview/image/upload/c_limit,h_1200,q_75,w_1200/v1/crm/neworleans/NOTMC_6390_768939b0-5056-b365-abd1c915f543f8e3.jpg""},""location"":{""@type"":""Place"",""name"":""200 - 1000 Block of Royal Street"",""address"":{""@type"":""PostalAddress"",""addressLocality"":""New Orleans"",""addressRegion"":""LA""},""geo"":{""@type"":""GeoCoordinates"",""latitude"":29.957461258,""longitude"":-90.0652666597}}}"
2026-10-01T16:03:02Z,neworleansonline.com,100067,4bf58dd8d48988d1e5931735|music venue,http://www.neworleansonline.com/neworleans/festivals/gaylesbianfestivals/southerndecadence.html,Festival,mapped_exact,0.000,Southern Decadence,2026-09-03,2026-09-07,https://www.neworleans.com/event/southern-decadence/3316/,https://schema.org/EventScheduled,,"Southern Decadence Info View Our Ultimate Guide to Southern Decadence About Southern Decadence Southern Decadence returns September 3-7, 2026! This Labor Day weekend extravaganza is a cornerstone of queer culture in New Orleans. The multi-day e","{""@type"":""Place"",""name"":""French Quarter"",""address"":{""@type"":""PostalAddress"",""addressLocality"":""New Orleans"",""addressRegion"":""LA"",""postalCode"":""70116""},""geo"":{""@type"":""GeoCoordinates"",""latitude"":29.9610492272,""longitude"":-90.063485673}}",,"{""@type"":""Organization"",""name"":""Southern Decadence""}",,"{""@type"":""ImageObject"",""url"":""https://assets.simpleviewinc.com/simpleview/image/upload/c_limit,h_1200,q_75,w_1200/v1/crm/neworleans/NOTMC_224280_8251b66a-5056-b365-ab6665ce74c7c4a0.jpg""}","Festivals, Parades, Festivals: Summer, Festivals: LGBT, Holiday: Labor Day, LGBT, Month: September, Featured","{""@type"":""Festival"",""@id"":""https://www.neworleans.com/event/southern-decadence/3316/#event"",""url"":""https://www.neworleans.com/event/southern-decadence/3316/"",""name"":""Southern Decadence"",""description"":""Southern Decadence Info View Our Ultimate Guide to Southern Decadence About Southern Decadence Southern Decadence returns September 3-7, 2026! This Labor Day weekend extravaganza is a cornerstone of queer culture in New Orleans. The multi-day e"",""startDate"":""2026-09-03"",""endDate"":""2026-09-07"",""keywords"":""Festivals, Parades, Festivals: Summer, Festivals: LGBT, Holiday: Labor Day, LGBT, Month: September, Featured"",""eventStatus"":""https://schema.org/EventScheduled"",""image"":{""@type"":""ImageObject"",""url"":""https://assets.simpleviewinc.com/simpleview/image/upload/c_limit,h_1200,q_75,w_1200/v1/crm/neworleans/NOTMC_224280_8251b66a-5056-b365-ab6665ce74c7c4a0.jpg""},""organizer"":{""@type"":""Organization"",""name"":""Southern Decadence""},""location"":{""@type"":""Place"",""name"":""French Quarter"",""address"":{""@type"":""PostalAddress"",""addressLocality"":""New Orleans"",""addressRegion"":""LA"",""postalCode"":""70116""},""geo"":{""@type"":""GeoCoordinates"",""latitude"":29.9610492272,""longitude"":-90.063485673}}}"
2026-10-01T16:03:02Z,neworleansonline.com,100067,4bf58dd8d48988d1e5931735|music venue,http://www.neworleansonline.com/calendar/year.html,MusicEvent,mapped_seed_site,,NOLAxNOLA,2026-09-24,2026-10-04,https://www.neworleans.com/event/nolaxnola/83812/,https://schema.org/EventScheduled,,NOLAxNOLA returns September 24 - October 4! NOLAxNOLA 2026 is set to be an unforgettable celebration in New Orleans. Taking place in iconic music...,"{""@type"":""Place"",""name"":""Venues Citywide""}",,,,"{""@type"":""ImageObject"",""url"":""https://assets.simpleviewinc.com/simpleview/image/upload/c_limit,h_1200,q_75,w_1200/v1/crm/neworleans/Nola_X_Nola_1_Line_Hi_Res_6eb6db6e-113d-466c-a4a5-6dcc43542a67_C2DA2BEA-5056-BFCE-A8B2CF4D3CDB306D_c321ad68-5056-bfce-a84123e9ac19d3f7.jpg""}","Festivals, Live Music, Festivals: Fall, Festivals: Music, Live Music: Bars & Clubs, Month: September, Month: October, Live Music: General","{""@type"":""MusicEvent"",""@id"":""https://www.neworleans.com/event/nolaxnola/83812/#event"",""url"":""https://www.neworleans.com/event/nolaxnola/83812/"",""name"":""NOLAxNOLA"",""description"":""NOLAxNOLA returns September 24 - October 4! NOLAxNOLA 2026 is set to be an unforgettable celebration in New Orleans. Taking place in iconic music..."",""startDate"":""2026-09-24"",""endDate"":""2026-10-04"",""keywords"":""Festivals, Live Music, Festivals: Fall, Festivals: Music, Live Music: Bars & Clubs, Month: September, Month: October, Live Music: General"",""eventStatus"":""https://schema.org/EventScheduled"",""image"":{""@type"":""ImageObject"",""url"":""https://assets.simpleviewinc.com/simpleview/image/upload/c_limit,h_1200,q_75,w_1200/v1/crm/neworleans/Nola_X_Nola_1_Line_Hi_Res_6eb6db6e-113d-466c-a4a5-6dcc43542a67_C2DA2BEA-5056-BFCE-A8B2CF4D3CDB306D_c321ad68-5056-bfce-a84123e9ac19d3f7.jpg""},""location"":{""@type"":""Place"",""name"":""Venues Citywide""}}"
2026-10-01T16:03:02Z,neworleansonline.com,100067,4bf58dd8d48988d1e5931735|music venue,http://www.neworleansonline.com/calendar/year.html,Event,mapped_seed_site,,Art for Art's Sake,2026-10-03,2026-10-03,https://www.neworleans.com/event/art-for-arts-sake/3200/,https://schema.org/EventScheduled,,"What is Art for Art's Sake? Presented by the Magazine Street Merchants Association, Art for Art's Sake is back for their annual showcase of art, food,...","{""@type"":""Place"",""name"":""Magazine Street""}",,,,"{""@type"":""ImageObject"",""url"":""https://assets.simpleviewinc.com/simpleview/image/upload/c_limit,h_1200,q_75,w_1200/v1/crm/neworleans/NOTMC_120240_e74b4e86-5056-b365-ab86ea716570007d.jpg""}","Shopping, Cultural Event, Cultural Arts: Museum Exhibits, Festivals: Fall, Cultural Arts, Month: October","{""@type"":""Event"",""@id"":""https://www.neworleans.com/event/art-for-arts-sake/3200/#event"",""url"":""https://www.neworleans.com/event/art-for-arts-sake/3200/"",""name"":""Art for Art's Sake"",""description"":""What is Art for Art's Sake? Presented by the Magazine Street Merchants Association, Art for Art's Sake is back for their annual showcase of art, food,..."",""startDate"":""2026-10-03"",""endDate"":""2026-10-03"",""keywords"":""Shopping, Cultural Event, Cultural Arts: Museum Exhibits, Festivals: Fall, Cultural Arts, Month: October"",""eventStatus"":""https://schema.org/EventScheduled"",""image"":{""@type"":""ImageObject"",""url"":""https://assets.simpleviewinc.com/simpleview/image/upload/c_limit,h_1200,q_75,w_1200/v1/crm/neworleans/NOTMC_120240_e74b4e86-5056-b365-ab86ea716570007d.jpg""},""location"":{""@type"":""Place"",""name"":""Magazine Street""}}"
2026-10-01T16:03:02Z,ticketmaster.com,100070,4bf58dd8d48988d1e5931735|music venue,https://www.ticketmaster.com/2000s-rave-tickets/artist/3469544,MusicEvent,mapped_exact,0.000,2000's Rave,2026-10-09T21:00:00,2026-10-09,https://www.ticketmaster.com/2000s-rave-new-orleans-louisiana-10-09-2026/event/1B006521D9F7F510,https://schema.org/EventCancelled,https://schema.org/OfflineEventAttendanceMode,"2000's Rave | Friday, Oct 9, 2026, 9:00 PM | House of Blues New Orleans , New Orleans","{""@type"":""Place"",""name"":""House of Blues New Orleans "",""sameAs"":""https://www.ticketmaster.com/house-of-blues-new-orleans-tickets-new-orleans/venue/221834"",""address"":{""@type"":""PostalAddress"",""streetAddress"":""225 Decatur Street"",""addressLocality"":""New Orleans"",""addressRegion"":""LA"",""postalCode"":""70130"",""addressCountry"":""US""},""geo"":{""@type"":""GeoCoordinates"",""latitude"":29.9531499,""longitude"":-90.0661687}}","{""@type"":""Offer"",""availability"":""http://schema.org/EventCancelled"",""description"":""2000's Rave | Friday, Oct 9, 2026, 9:00 PM | House of Blues New Orleans , New Orleans"",""url"":""https://www.ticketmaster.com/2000s-rave-new-orleans-louisiana-10-09-2026/event/1B006521D9F7F510"",""validFrom"":""2026-09-04T12:00:00"",""availabilityStarts"":""2026-09-04T12:00:00""}",,"[{""@type"":""MusicGroup"",""name"":""2000s Rave"",""sameAs"":""https://www.ticketmaster.com/2000s-rave-tickets/artist/3469544""}]","[""https://s1.ticketm.net/dam/c/fbc/b293c0ad-c904-4215-bc59-8d7f2414dfbc_106141_RETINA_PORTRAIT_3_2.jpg"",{""@type"":""ImageObject"",""url"":""https://mapsapi.tmol.io/maps/geometry/3/event/1B006521D9F7F510/staticImage?type=png&systemId=HOST"",""name"":""House of Blues New Orleans  Seating Chart, 2000's Rave"",""caption"":""Seating chart for 2000's Rave at House of Blues New Orleans , New Orleans""}]",,"{""@context"":""http://schema.org"",""@type"":""MusicEvent"",""url"":""https://www.ticketmaster.com/2000s-rave-new-orleans-louisiana-10-09-2026/event/1B006521D9F7F510"",""name"":""2000's Rave"",""description"":""2000's Rave | Friday, Oct 9, 2026, 9:00 PM | House of Blues New Orleans , New Orleans"",""image"":[""https://s1.ticketm.net/dam/c/fbc/b293c0ad-c904-4215-bc59-8d7f2414dfbc_106141_RETINA_PORTRAIT_3_2.jpg"",{""@type"":""ImageObject"",""url"":""https://mapsapi.tmol.io/maps/geometry/3/event/1B006521D9F7F510/staticImage?type=png&systemId=HOST"",""name"":""House of Blues New Orleans  Seating Chart, 2000's Rave"",""caption"":""Seating chart for 2000's Rave at House of Blues New Orleans , New Orleans""}],""startDate"":""2026-10-09T21:00:00"",""endDate"":""2026-10-09"",""eventStatus"":""https://schema.org/EventCancelled"",""eventAttendanceMode"":""https://schema.org/OfflineEventAttendanceMode"",""location"":{""@type"":""Place"",""name"":""House of Blues New Orleans "",""sameAs"":""https://www.ticketmaster.com/house-of-blues-new-orleans-tickets-new-orleans/venue/221834"",""address"":{""@type"":""PostalAddress"",""streetAddress"":""225 Decatur Street"",""addressLocality"":""New Orleans"",""addressRegion"":""LA"",""postalCode"":""70130"",""addressCountry"":""US""},""geo"":{""@type"":""GeoCoordinates"",""latitude"":29.9531499,""longitude"":-90.0661687}},""offers"":{""@type"":""Offer"",""availability"":""http://schema.org/EventCancelled"",""description"":""2000's Rave | Friday, Oct 9, 2026, 9:00 PM | House of Blues New Orleans , New Orleans"",""url"":""https://www.ticketmaster.com/2000s-rave-new-orleans-louisiana-10-09-2026/event/1B006521D9F7F510"",""validFrom"":""2026-09-04T12:00:00"",""availabilityStarts"":""2026-09-04T12:00:00""},""performer"":[{""@type"":""MusicGroup"",""name"":""2000s Rave"",""sameAs"":""https://www.ticketmaster.com/2000s-rave-tickets/artist/3469544""}]}"
2026-10-01T16:03:02Z,preservationhall.com,100067,concert hall,https://www.preservationhall.com/events/a-celebration-of-allan-sandy-feat-wednell-brunious-and-the-preservation-hall-legacy-band/,Event,mapped_seed_site,,Wendell Brunious and the Preservation Hall Legacy Band,2026-10-10T14:30:00,2026-10-10T16:30:00,https://preservationhall.my.salesforce-sites.com/ticket/#/instances/a0FVS00000C84p82AB,https://schema.org/EventScheduled,https://schema.org/OfflineEventAttendanceMode,"Please join The Preservation All Stars feat. Mark Braud as they perform in celebration of the lives and legacy of Preservation Hall founders Allan and Sandra Jaffe. &nbsp; Allan and Sandra Jaffe arrived in New Orleans in 1960, on their way home from an extended honeymoon in Mexico City. During their visit, they conversed with a few jazz musicians in Jackson Square who were on their way to “Mr. Larry’s Gallery.” &nbsp; As avid fans of New Orleans music, the honeymooners followed the musicians to 726 Saint Peter Street, and were introduced to the building’s owner, Larry Borenstein – along with a number of living jazz greats that had gathered that evening for a jam session. Needless to say, they were enraptured by what they saw and heard. &nbsp; The young couple – alongside Borenstein, dozens of beloved musicians, and a small but dedicated staff – went on to establish Preservation Hall as a formal venue for jazz, and envisioned a future where the traditions of New Orleans music, and the musicians who played this music, could thrive.","{""@type"":""Place"",""name"":""Preservation Hall"",""address"":""726 Saint Peter Street\r\nNew Orleans, LA 70116""}","{""@type"":""Offer"",""url"":""https://preservationhall.my.salesforce-sites.com/ticket/#/instances/a0FVS00000C84p82AB"",""validFrom"":""2023-02-15T18:54:00"",""availability"":""http://schema.org/InStock""}","{""@type"":""Organization"",""name"":""Preservation Hall"",""url"":""https://www.preservationhall.com""}",,"""https://www.preservationhall.com/app/uploads/Brunious_800x450_acf_cropped_800x450_acf_cropped.jpg""",,"{""@type"":""Event"",""name"":""Wendell Brunious and the Preservation Hall Legacy Band"",""url"":""https://preservationhall.my.salesforce-sites.com/ticket/#/instances/a0FVS00000C84p82AB"",""startDate"":""2026-10-10T14:30:00"",""endDate"":""2026-10-10T16:30:00"",""image"":""https://www.preservationhall.com/app/uploads/Brunious_800x450_acf_cropped_800x450_acf_cropped.jpg"",""description"":""Please join The Preservation All Stars feat. Mark Braud as they perform in celebration of the lives and legacy of Preservation Hall founders Allan and Sandra Jaffe. &nbsp; Allan and Sandra Jaffe arrived in New Orleans in 1960, on their way home from an extended honeymoon in Mexico City. During their visit, they conversed with a few jazz musicians in Jackson Square who were on their way to “Mr. Larry’s Gallery.”  &nbsp; As avid fans of New Orleans music, the honeymooners followed the musicians to 726 Saint Peter Street, and were introduced to the building’s owner, Larry Borenstein – along with a number of living jazz greats that had gathered that evening for a jam session. Needless to say, they were enraptured by what they saw and heard. &nbsp; The young couple – alongside Borenstein, dozens of beloved musicians, and a small but dedicated staff – went on to establish Preservation Hall as a formal venue for jazz, and envisioned a future where the traditions of New Orleans music, and the musicians who played this music, could thrive. "",""location"":{""@type"":""Place"",""name"":""Preservation Hall"",""address"":""726 Saint Peter Street\r\nNew Orleans, LA 70116""},""eventAttendanceMode"":""https://schema.org/OfflineEventAttendanceMode"",""eventStatus"":""https://schema.org/EventScheduled"",""organizer"":{""@type"":""Organization"",""name"":""Preservation Hall"",""url"":""https://www.preservationhall.com""},""offers"":{""@type"":""Offer"",""url"":""https://preservationhall.my.salesforce-sites.com/ticket/#/instances/a0FVS00000C84p82AB"",""validFrom"":""2023-02-15T18:54:00"",""availability"":""http://schema.org/InStock""}}"
2026-10-01T16:03:02Z,preservationhall.com,100067,concert hall,https://www.preservationhall.com/events/a-celebration-of-allan-sandy-feat-wednell-brunious-and-the-preservation-hall-legacy-band/,Event,mapped_seed_site,,Wendell Brunious and the Preservation Hall Legacy Band,2026-10-10T14:30:00,2026-10-31T15:45:00,https://www.preservationhall.com/events/a-celebration-of-allan-sandy-feat-wednell-brunious-and-the-preservation-hall-legacy-band/,https://schema.org/EventScheduled,https://schema.org/OfflineEventAttendanceMode,"Please join The Preservation All Stars feat. Mark Braud as they perform in celebration of the lives and legacy of Preservation Hall founders Allan and Sandra Jaffe. &nbsp; Allan and Sandra Jaffe arrived in New Orleans in 1960, on their way home from an extended honeymoon in Mexico City. During their visit, they conversed with a few jazz musicians in Jackson Square who were on their way to “Mr. Larry’s Gallery.” &nbsp; As avid fans of New Orleans music, the honeymooners followed the musicians to 726 Saint Peter Street, and were introduced to the building’s owner, Larry Borenstein – along with a number of living jazz greats that had gathered that evening for a jam session. Needless to say, they were enraptured by what they saw and heard. &nbsp; The young couple – alongside Borenstein, dozens of beloved musicians, and a small but dedicated staff – went on to establish Preservation Hall as a formal venue for jazz, and envisioned a future where the traditions of New Orleans music, and the musicians who played this music, could thrive.","{""@type"":""Place"",""name"":""Preservation Hall"",""address"":""726 Saint Peter Street\r\nNew Orleans, LA 70116""}","{""@type"":""Offer"",""validFrom"":""2023-02-15T18:54:00"",""url"":""https://preservationhall.my.salesforce-sites.com/ticket/#/events/a0S8Z00000Fj9OgUAJ"",""availability"":""http://schema.org/InStock""}","{""@type"":""Organization"",""name"":""Preservation Hall"",""url"":""https://www.preservationhall.com""}",,"""https://www.preservationhall.com/app/uploads/Brunious_800x450_acf_cropped_800x450_acf_cropped.jpg""",,"{""@context"":""http://schema.org"",""@type"":""Event"",""description"":""Please join The Preservation All Stars feat. Mark Braud as they perform in celebration of the lives and legacy of Preservation Hall founders Allan and Sandra Jaffe. &nbsp; Allan and Sandra Jaffe arrived in New Orleans in 1960, on their way home from an extended honeymoon in Mexico City. During their visit, they conversed with a few jazz musicians in Jackson Square who were on their way to “Mr. Larry’s Gallery.”  &nbsp; As avid fans of New Orleans music, the honeymooners followed the musicians to 726 Saint Peter Street, and were introduced to the building’s owner, Larry Borenstein – along with a number of living jazz greats that had gathered that evening for a jam session. Needless to say, they were enraptured by what they saw and heard. &nbsp; The young couple – alongside Borenstein, dozens of beloved musicians, and a small but dedicated staff – went on to establish Preservation Hall as a formal venue for jazz, and envisioned a future where the traditions of New Orleans music, and the musicians who played this music, could thrive. "",""image"":""https://www.preservationhall.com/app/uploads/Brunious_800x450_acf_cropped_800x450_acf_cropped.jpg"",""name"":""Wendell Brunious and the Preservation Hall Legacy Band"",""url"":""https://www.preservationhall.com/events/a-celebration-of-allan-sandy-feat-wednell-brunious-and-the-preservation-hall-legacy-band/"",""organizer"":{""@type"":""Organization"",""name"":""Preservation Hall"",""url"":""https://www.preservationhall.com""},""location"":{""@type"":""Place"",""name"":""Preservation Hall"",""address"":""726 Saint Peter Street\r\nNew Orleans, LA 70116""},""startDate"":""2026-10-10T14:30:00"",""offers"":{""@type"":""Offer"",""validFrom"":""2023-02-15T18:54:00"",""url"":""https://preservationhall.my.salesforce-sites.com/ticket/#/events/a0S8Z00000Fj9OgUAJ"",""availability"":""http://schema.org/InStock""},""endDate"":""2026-10-31T15:45:00"",""eventAttendanceMode"":""https://schema.org/OfflineEventAttendanceMode"",""eventStatus"":""https://schema.org/EventScheduled"",""subEvent"":[{""@type"":""Event"",""name"":""Wendell Brunious and the Preservation Hall Legacy Band"",""url"":""https://preservationhall.my.salesforce-sites.com/ticket/#/instances/a0FVS00000C84p82AB"",""startDate"":""2026-10-10T14:30:00"",""endDate"":""2026-10-10T16:30:00"",""image"":""https://www.preservationhall.com/app/uploads/Brunious_800x450_acf_cropped_800x450_acf_cropped.jpg"",""description"":""Please join The Preservation All Stars feat. Mark Braud as they perform in celebration of the lives and legacy of Preservation Hall founders Allan and Sandra Jaffe. &nbsp; Allan and Sandra Jaffe arrived in New Orleans in 1960, on their way home from an extended honeymoon in Mexico City. During their visit, they conversed with a few jazz musicians in Jackson Square who were on their way to “Mr. Larry’s Gallery.”  &nbsp; As avid fans of New Orleans music, the honeymooners followed the musicians to 726 Saint Peter Street, and were introduced to the building’s owner, Larry Borenstein – along with a number of living jazz greats that had gathered that evening for a jam session. Needless to say, they were enraptured by what they saw and heard. &nbsp; The young couple – alongside Borenstein, dozens of beloved musicians, and a small but dedicated staff – went on to establish Preservation Hall as a formal venue for jazz, and envisioned a future where the traditions of New Orleans music, and the musicians who played this music, could thrive. "",""location"":{""@type"":""Place"",""name"":""Preservation Hall"",""address"":""726 Saint Peter Street\r\nNew Orleans, LA 70116""},""eventAttendanceMode"":""https://schema.org/OfflineEventAttendanceMode"",""eventStatus"":""https://schema.org/EventScheduled"",""organizer"":{""@type"":""Organization"",""name"":""Preservation Hall"",""url"":""https://www.preservationhall.com""},""offers"":{""@type"":""Offer"",""url"":""https://preservationhall.my.salesforce-sites.com/ticket/#/instances/a0FVS00000C84p82AB"",""validFrom"":""2023-02-15T18:54:00"",""availability"":""http://schema.org/InStock""}},{""@type"":""Event"",""name"":""Wendell Brunious and the Preservation Hall Legacy Band"",""url"":""https://preservationhall.my.salesforce-sites.com/ticket/#/instances/a0FVS00000C85I92AJ"",""startDate"":""2026-10-10T15:45:00"",""endDate"":""2026-10-10T17:45:00"",""image"":""https://www.preservationhall.com/app/uploads/Brunious_800x450_acf_cropped_800x450_acf_cropped.jpg"",""description"":""Please join The Preservation All Stars feat. Mark Braud as they perform in celebration of the lives and legacy of Preservation Hall founders Allan and Sandra Jaffe. &nbsp; Allan and Sandra Jaffe arrived in New Orleans in 1960, on their way home from an extended honeymoon in Mexico City. During their visit, they conversed with a few jazz musicians in Jackson Square who were on their way to “Mr. Larry’s Gallery.”  &nbsp; As avid fans of New Orleans music, the honeymooners followed the musicians to 726 Saint Peter Street, and were introduced to the building’s owner, Larry Borenstein – along with a number of living jazz greats that had gathered that evening for a jam session. Needless to say, they were enraptured by what they saw and heard. &nbsp; The young couple – alongside Borenstein, dozens of beloved musicians, and a small but dedicated staff – went on to establish Preservation Hall as a formal venue for jazz, and envisioned a future where the traditions of New Orleans music, and the musicians who played this music, could thrive. "",""location"":{""@type"":""Place"",""name"":""Preservation Hall"",""address"":""726 Saint Peter Street\r\nNew Orleans, LA 70116""},""eventAttendanceMode"":""https://schema.org/OfflineEventAttendanceMode"",""eventStatus"":""https://schema.org/EventScheduled"",""organizer"":{""@type"":""Organization"",""name"":""Preservation Hall"",""url"":""https://www.preservationhall.com""},""offers"":{""@type"":""Offer"",""url"":""https://preservationhall.my.salesforce-sites.com/ticket/#/instances/a0FVS00000C85I92AJ"",""validFrom"":""2023-02-15T18:54:00"",""availability"":""http://schema.org/InStock""}},{""@type"":""Event"",""name"":""Wendell Brunious and the Preservation Hall Legacy Band"",""url"":""https://preservationhall.my.salesforce-sites.com/ticket/#/instances/a0FVS00000C85QD2AZ"",""startDate"":""2026-10-17T14:30:00"",""endDate"":""2026-10-17T16:30:00"",""image"":""https://www.preservationhall.com/app/uploads/Brunious_800x450_acf_cropped_800x450_acf_cropped.jpg"",""description"":""Please join The Preservation All Stars feat. Mark Braud as they perform in celebration of the lives and legacy of Preservation Hall founders Allan and Sandra Jaffe. &nbsp; Allan and Sandra Jaffe arrived in New Orleans in 1960, on their way home from an extended honeymoon in Mexico City. During their visit, they conversed with a few jazz musicians in Jackson Square who were on their way to “Mr. Larry’s Gallery.”  &nbsp; As avid fans of New Orleans music, the honeymooners followed the musicians to 726 Saint Peter Street, and were introduced to the building’s owner, Larry Borenstein – along with a number of living jazz greats that had gathered that evening for a jam session. Needless to say, they were enraptured by what they saw and heard. &nbsp; The young couple – alongside Borenstein, dozens of beloved musicians, and a small but dedicated staff – went on to establish Preservation Hall as a formal venue for jazz, and envisioned a future where the traditions of New Orleans music, and the musicians who played this music, could thrive. "",""location"":{""@type"":""Place"",""name"":""Preservation Hall"",""address"":""726 Saint Peter Street\r\nNew Orleans, LA 70116""},""eventAttendanceMode"":""https://schema.org/OfflineEventAttendanceMode"",""eventStatus"":""https://schema.org/EventScheduled"",""organizer"":{""@type"":""Organization"",""name"":""Preservation Hall"",""url"":""https://www.preservationhall.com""},""offers"":{""@type"":""Offer"",""url"":""https://preservationhall.my.salesforce-sites.com/ticket/#/instances/a0FVS00000C85QD2AZ"",""validFrom"":""2023-02-15T18:54:00"",""availability"":""http://schema.org/InStock""}},{""@type"":""Event"",""name"":""Wendell Brunious and the Preservation Hall Legacy Band"",""url"":""https://preservationhall.my.salesforce-sites.com/ticket/#/instances/a0FVS00000C85Rp2AJ"",""startDate"":""2026-10-17T15:45:00"",""endDate"":""2026-10-17T17:45:00"",""image"":""https://www.preservationhall.com/app/uploads/Brunious_800x450_acf_cropped_800x450_acf_cropped.jpg"",""description"":""Please join The Preservation All Stars feat. Mark Braud as they perform in celebration of the lives and legacy of Preservation Hall founders Allan and Sandra Jaffe. &nbsp; Allan and Sandra Jaffe arrived in New Orleans in 1960, on their way home from an extended honeymoon in Mexico City. During their visit, they conversed with a few jazz musicians in Jackson Square who were on their way to “Mr. Larry’s Gallery.”  &nbsp; As avid fans of New Orleans music, the honeymooners followed the musicians to 726 Saint Peter Street, and were introduced to the building’s owner, Larry Borenstein – along with a number of living jazz greats that had gathered that evening for a jam session. Needless to say, they were enraptured by what they saw and heard. &nbsp; The young couple – alongside Borenstein, dozens of beloved musicians, and a small but dedicated staff – went on to establish Preservation Hall as a formal venue for jazz, and envisioned a future where the traditions of New Orleans music, and the musicians who played this music, could thrive. "",""location"":{""@type"":""Place"",""name"":""Preservation Hall"",""address"":""726 Saint Peter Street\r\nNew Orleans, LA 70116""},""eventAttendanceMode"":""https://schema.org/OfflineEventAttendanceMode"",""eventStatus"":""https://schema.org/EventScheduled"",""organizer"":{""@type"":""Organization"",""name"":""Preservation Hall"",""url"":""https://www.preservationhall.com""},""offers"":{""@type"":""Offer"",""url"":""https://preservationhall.my.salesforce-sites.com/ticket/#/instances/a0FVS00000C85Rp2AJ"",""validFrom"":""2023-02-15T18:54:00"",""availability"":""http://schema.org/InStock""}},{""@type"":""Event"",""name"":""Wendell Brunious and the Preservation Hall Legacy Band"",""url"":""https://preservationhall.my.salesforce-sites.com/ticket/#/instances/a0FVS00000C8Ga92AF"",""startDate"":""2026-10-24T14:30:00"",""endDate"":""2026-10-24T16:30:00"",""image"":""https://www.preservationhall.com/app/uploads/Brunious_800x450_acf_cropped_800x450_acf_cropped.jpg"",""description"":""Please join The Preservation All Stars feat. Mark Braud as they perform in celebration of the lives and legacy of Preservation Hall founders Allan and Sandra Jaffe. &nbsp; Allan and Sandra Jaffe arrived in New Orleans in 1960, on their way home from an extended honeymoon in Mexico City. During their visit, they conversed with a few jazz musicians in Jackson Square who were on their way to “Mr. Larry’s Gallery.”  &nbsp; As avid fans of New Orleans music, the honeymooners followed the musicians to 726 Saint Peter Street, and were introduced to the building’s owner, Larry Borenstein – along with a number of living jazz greats that had gathered that evening for a jam session. Needless to say, they were enraptured by what they saw and heard. &nbsp; The young couple – alongside Borenstein, dozens of beloved musicians, and a small but dedicated staff – went on to establish Preservation Hall as a formal venue for jazz, and envisioned a future where the traditions of New Orleans music, and the musicians who played this music, could thrive. "",""location"":{""@type"":""Place"",""name"":""Preservation Hall"",""address"":""726 Saint Peter Street\r\nNew Orleans, LA 70116""},""eventAttendanceMode"":""https://schema.org/OfflineEventAttendanceMode"",""eventStatus"":""https://schema.org/EventScheduled"",""organizer"":{""@type"":""Organization"",""name"":""Preservation Hall"",""url"":""https://www.preservationhall.com""},""offers"":{""@type"":""Offer"",""url"":""https://preservationhall.my.salesforce-sites.com/ticket/#/instances/a0FVS00000C8Ga92AF"",""validFrom"":""2023-02-15T18:54:00"",""availability"":""http://schema.org/InStock""}},{""@type"":""Event"",""name"":""Wendell Brunious and the Preservation Hall Legacy Band"",""url"":""https://preservationhall.my.salesforce-sites.com/ticket/#/instances/a0FVS00000C8Gbl2AF"",""startDate"":""2026-10-24T15:45:00"",""endDate"":""2026-10-24T17:45:00"",""image"":""https://www.preservationhall.com/app/uploads/Brunious_800x450_acf_cropped_800x450_acf_cropped.jpg"",""description"":""Please join The Preservation All Stars feat. Mark Braud as they perform in celebration of the lives and legacy of Preservation Hall founders Allan and Sandra Jaffe. &nbsp; Allan and Sandra Jaffe arrived in New Orleans in 1960, on their way home from an extended honeymoon in Mexico City. During their visit, they conversed with a few jazz musicians in Jackson Square who were on their way to “Mr. Larry’s Gallery.”  &nbsp; As avid fans of New Orleans music, the honeymooners followed the musicians to 726 Saint Peter Street, and were introduced to the building’s owner, Larry Borenstein – along with a number of living jazz greats that had gathered that evening for a jam session. Needless to say, they were enraptured by what they saw and heard. &nbsp; The young couple – alongside Borenstein, dozens of beloved musicians, and a small but dedicated staff – went on to establish Preservation Hall as a formal venue for jazz, and envisioned a future where the traditions of New Orleans music, and the musicians who played this music, could thrive. "",""location"":{""@type"":""Place"",""name"":""Preservation Hall"",""address"":""726 Saint Peter Street\r\nNew Orleans, LA 70116""},""eventAttendanceMode"":""https://schema.org/OfflineEventAttendanceMode"",""eventStatus"":""https://schema.org/EventScheduled"",""organizer"":{""@type"":""Organization"",""name"":""Preservation Hall"",""url"":""https://www.preservationhall.com""},""offers"":{""@type"":""Offer"",""url"":""https://preservationhall.my.salesforce-sites.com/ticket/#/instances/a0FVS00000C8Gbl2AF"",""validFrom"":""2023-02-15T18:54:00"",""availability"":""http://schema.org/InStock""}},{""@type"":""Event"",""name"":""Wendell Brunious and the Preservation Hall Legacy Band"",""url"":""https://preservationhall.my.salesforce-sites.com/ticket/#/instances/a0FVS00000C8GlR2AV"",""startDate"":""2026-10-31T14:30:00"",""endDate"":""2026-10-31T16:30:00"",""image"":""https://www.preservationhall.com/app/uploads/Brunious_800x450_acf_cropped_800x450_acf_cropped.jpg"",""description"":""Please join The Preservation All Stars feat. Mark Braud as they perform in celebration of the lives and legacy of Preservation Hall founders Allan and Sandra Jaffe. &nbsp; Allan and Sandra Jaffe arrived in New Orleans in 1960, on their way home from an extended honeymoon in Mexico City. During their visit, they conversed with a few jazz musicians in Jackson Square who were on their way to “Mr. Larry’s Gallery.”  &nbsp; As avid fans of New Orleans music, the honeymooners followed the musicians to 726 Saint Peter Street, and were introduced to the building’s owner, Larry Borenstein – along with a number of living jazz greats that had gathered that evening for a jam session. Needless to say, they were enraptured by what they saw and heard. &nbsp; The young couple – alongside Borenstein, dozens of beloved musicians, and a small but dedicated staff – went on to establish Preservation Hall as a formal venue for jazz, and envisioned a future where the traditions of New Orleans music, and the musicians who played this music, could thrive. "",""location"":{""@type"":""Place"",""name"":""Preservation Hall"",""address"":""726 Saint Peter Street\r\nNew Orleans, LA 70116""},""eventAttendanceMode"":""https://schema.org/OfflineEventAttendanceMode"",""eventStatus"":""https://schema.org/EventScheduled"",""organizer"":{""@type"":""Organization"",""name"":""Preservation Hall"",""url"":""https://www.preservationhall.com""},""offers"":{""@type"":""Offer"",""url"":""https://preservationhall.my.salesforce-sites.com/ticket/#/instances/a0FVS00000C8GlR2AV"",""validFrom"":""2023-02-15T18:54:00"",""availability"":""http://schema.org/InStock""}},{""@type"":""Event"",""name"":""Wendell Brunious and the Preservation Hall Legacy Band"",""url"":""https://preservationhall.my.salesforce-sites.com/ticket/#/instances/a0FVS00000C8Gn32AF"",""startDate"":""2026-10-31T15:45:00"",""endDate"":""2026-10-31T17:45:00"",""image"":""https://www.preservationhall.com/app/uploads/Brunious_800x450_acf_cropped_800x450_acf_cropped.jpg"",""description"":""Please join The Preservation All Stars feat. Mark Braud as they perform in celebration of the lives and legacy of Preservation Hall founders Allan and Sandra Jaffe. &nbsp; Allan and Sandra Jaffe arrived in New Orleans in 1960, on their way home from an extended honeymoon in Mexico City. During their visit, they conversed with a few jazz musicians in Jackson Square who were on their way to “Mr. Larry’s Gallery.”  &nbsp; As avid fans of New Orleans music, the honeymooners followed the musicians to 726 Saint Peter Street, and were introduced to the building’s owner, Larry Borenstein – along with a number of living jazz greats that had gathered that evening for a jam session. Needless to say, they were enraptured by what they saw and heard. &nbsp; The young couple – alongside Borenstein, dozens of beloved musicians, and a small but dedicated staff – went on to establish Preservation Hall as a formal venue for jazz, and envisioned a future where the traditions of New Orleans music, and the musicians who played this music, could thrive. "",""location"":{""@type"":""Place"",""name"":""Preservation Hall"",""address"":""726 Saint Peter Street\r\nNew Orleans, LA 70116""},""eventAttendanceMode"":""https://schema.org/OfflineEventAttendanceMode"",""eventStatus"":""https://schema.org/EventScheduled"",""organizer"":{""@type"":""Organization"",""name"":""Preservation Hall"",""url"":""https://www.preservationhall.com""},""offers"":{""@type"":""Offer"",""url"":""https://preservationhall.my.salesforce-sites.com/ticket/#/instances/a0FVS00000C8Gn32AF"",""validFrom"":""2023-02-15T18:54:00"",""availability"":""http://schema.org/InStock""}}]}"
2026-10-01T16:03:02Z,preservationhall.com,100067,concert hall,https://www.preservationhall.com/events/a-celebration-of-allan-sandy-feat-wednell-brunious-and-the-preservation-hall-legacy-band/,Event,mapped_seed_site,,Wendell Brunious and the Preservation Hall Legacy Band,2026-10-10T15:45:00,2026-10-10T17:45:00,https://preservationhall.my.salesforce-sites.com/ticket/#/instances/a0FVS00000C85I92AJ,https://schema.org/EventScheduled,https://schema.org/OfflineEventAttendanceMode,"Please join The Preservation All Stars feat. Mark Braud as they perform in celebration of the lives and legacy of Preservation Hall founders Allan and Sandra Jaffe. &nbsp; Allan and Sandra Jaffe arrived in New Orleans in 1960, on their way home from an extended honeymoon in Mexico City. During their visit, they conversed with a few jazz musicians in Jackson Square who were on their way to “Mr. Larry’s Gallery.” &nbsp; As avid fans of New Orleans music, the honeymooners followed the musicians to 726 Saint Peter Street, and were introduced to the building’s owner, Larry Borenstein – along with a number of living jazz greats that had gathered that evening for a jam session. Needless to say, they were enraptured by what they saw and heard. &nbsp; The young couple – alongside Borenstein, dozens of beloved musicians, and a small but dedicated staff – went on to establish Preservation Hall as a formal venue for jazz, and envisioned a future where the traditions of New Orleans music, and the musicians who played this music, could thrive.","{""@type"":""Place"",""name"":""Preservation Hall"",""address"":""726 Saint Peter Street\r\nNew Orleans, LA 70116""}","{""@type"":""Offer"",""url"":""https://preservationhall.my.salesforce-sites.com/ticket/#/instances/a0FVS00000C85I92AJ"",""validFrom"":""2023-02-15T18:54:00"",""availability"":""http://schema.org/InStock""}","{""@type"":""Organization"",""name"":""Preservation Hall"",""url"":""https://www.preservationhall.com""}",,"""https://www.preservationhall.com/app/uploads/Brunious_800x450_acf_cropped_800x450_acf_cropped.jpg""",,"{""@type"":""Event"",""name"":""Wendell Brunious and the Preservation Hall Legacy Band"",""url"":""https://preservationhall.my.salesforce-sites.com/ticket/#/instances/a0FVS00000C85I92AJ"",""startDate"":""2026-10-10T15:45:00"",""endDate"":""2026-10-10T17:45:00"",""image"":""https://www.preservationhall.com/app/uploads/Brunious_800x450_acf_cropped_800x450_acf_cropped.jpg"",""description"":""Please join The Preservation All Stars feat. Mark Braud as they perform in celebration of the lives and legacy of Preservation Hall founders Allan and Sandra Jaffe. &nbsp; Allan and Sandra Jaffe arrived in New Orleans in 1960, on their way home from an extended honeymoon in Mexico City. During their visit, they conversed with a few jazz musicians in Jackson Square who were on their way to “Mr. Larry’s Gallery.”  &nbsp; As avid fans of New Orleans music, the honeymooners followed the musicians to 726 Saint Peter Street, and were introduced to the building’s owner, Larry Borenstein – along with a number of living jazz greats that had gathered that evening for a jam session. Needless to say, they were enraptured by what they saw and heard. &nbsp; The young couple – alongside Borenstein, dozens of beloved musicians, and a small but dedicated staff – went on to establish Preservation Hall as a formal venue for jazz, and envisioned a future where the traditions of New Orleans music, and the musicians who played this music, could thrive. "",""location"":{""@type"":""Place"",""name"":""Preservation Hall"",""address"":""726 Saint Peter Street\r\nNew Orleans, LA 70116""},""eventAttendanceMode"":""https://schema.org/OfflineEventAttendanceMode"",""eventStatus"":""https://schema.org/EventScheduled"",""organizer"":{""@type"":""Organization"",""name"":""Preservation Hall"",""url"":""https://www.preservationhall.com""},""offers"":{""@type"":""Offer"",""url"":""https://preservationhall.my.salesforce-sites.com/ticket/#/instances/a0FVS00000C85I92AJ"",""validFrom"":""2023-02-15T18:54:00"",""availability"":""http://schema.org/InStock""}}"
2026-10-01T16:03:02Z,livenation.com,100039|100071|100074|100109|100118,4bf58dd8d48988d1e5931735|amphitheater|concert hall|music venue|rock club,https://www.livenation.com/artist/K8vZ9171Nd0/modest-mouse-events,MusicEvent,mapped_exact,0.000,Modest Mouse,2026-10-13T19:00:00-05:00,,https://www.livenation.com/event/G5viZ_6xgHL92/modest-mouse,https://schema.org/EventScheduled,https://schema.org/OfflineEventAttendanceMode,"Modest Mouse Tuesday, October 13, 2026 at 7:00 PM CDT The Fillmore New Orleans, New Orleans, LA","{""@type"":""Place"",""address"":{""@type"":""PostalAddress"",""addressCountry"":{""@type"":""Country"",""name"":""US""},""addressLocality"":""New Orleans"",""addressRegion"":""LA"",""postalCode"":""70130"",""streetAddress"":""6 Canal St""},""name"":""The Fillmore New Orleans"",""sameAs"":""https://www.livenation.com/venue/KovZ917ALJx/the-fillmore-new-orleans-events""}",,,,"""https://s1.ticketm.net/dam/a/545/c385defe-57ae-4ba9-b36c-1d5c69af2545_TABLET_LANDSCAPE_LARGE_16_9.jpg""",,"{""@context"":""https://schema.org"",""@type"":""MusicEvent"",""description"":""Modest Mouse Tuesday, October 13, 2026 at 7:00 PM CDT The Fillmore New Orleans, New Orleans, LA"",""eventAttendanceMode"":""https://schema.org/OfflineEventAttendanceMode"",""eventStatus"":""https://schema.org/EventScheduled"",""image"":""https://s1.ticketm.net/dam/a/545/c385defe-57ae-4ba9-b36c-1d5c69af2545_TABLET_LANDSCAPE_LARGE_16_9.jpg"",""location"":{""@type"":""Place"",""address"":{""@type"":""PostalAddress"",""addressCountry"":{""@type"":""Country"",""name"":""US""},""addressLocality"":""New Orleans"",""addressRegion"":""LA"",""postalCode"":""70130"",""streetAddress"":""6 Canal St""},""name"":""The Fillmore New Orleans"",""sameAs"":""https://www.livenation.com/venue/KovZ917ALJx/the-fillmore-new-orleans-events""},""name"":""Modest Mouse"",""performers"":[{""@type"":""MusicGroup"",""name"":""Modest Mouse"",""sameAs"":""https://www.livenation.com/artist/K8vZ9171Nd0/modest-mouse-events""},{""@type"":""MusicGroup"",""name"":""Caroline Rose"",""sameAs"":""https://www.livenation.com/artist/K8vZ917C-zf/caroline-rose-events""}],""startDate"":""2026-10-13T19:00:00-05:00"",""url"":""https://www.livenation.com/event/G5viZ_6xgHL92/modest-mouse""}"
2026-10-01T16:03:02Z,neworleansonline.com,100067,4bf58dd8d48988d1e5931735|music venue,http://www.neworleansonline.com/neworleans/festivals/musicfestivals/index.html,Festival,mapped_seed_site,,Crescent City Chamber Music Festival,2026-10-15,2026-10-25,https://www.neworleans.com/event/crescent-city-chamber-music-festival/196327/,https://schema.org/EventScheduled,,About the Crescent City Chamber Music Festival The Crescent City Chamber Music Festival is an outreach/mission-centric festival that offers seven free...,"{""@type"":""Place""}",,,,,"Festivals: Music, Cultural Arts: Symphony/Orchestra, Cultural Arts, Month: October","{""@type"":""Festival"",""@id"":""https://www.neworleans.com/event/crescent-city-chamber-music-festival/196327/#event"",""url"":""https://www.neworleans.com/event/crescent-city-chamber-music-festival/196327/"",""name"":""Crescent City Chamber Music Festival"",""description"":""About the Crescent City Chamber Music Festival The Crescent City Chamber Music Festival is an outreach/mission-centric festival that offers seven free..."",""startDate"":""2026-10-15"",""endDate"":""2026-10-25"",""keywords"":""Festivals: Music, Cultural Arts: Symphony/Orchestra, Cultural Arts, Month: October"",""eventStatus"":""https://schema.org/EventScheduled"",""location"":{""@type"":""Place""}}"
2026-10-01T16:03:02Z,preservationhall.com,100067,concert hall,https://www.preservationhall.com/events/a-celebration-of-allan-sandy-feat-wednell-brunious-and-the-preservation-hall-legacy-band/,Event,mapped_seed_site,,Wendell Brunious and the Preservation Hall Legacy Band,2026-10-17T14:30:00,2026-10-17T16:30:00,https://preservationhall.my.salesforce-sites.com/ticket/#/instances/a0FVS00000C85QD2AZ,https://schema.org/EventScheduled,https://schema.org/OfflineEventAttendanceMode,"Please join The Preservation All Stars feat. Mark Braud as they perform in celebration of the lives and legacy of Preservation Hall founders Allan and Sandra Jaffe. &nbsp; Allan and Sandra Jaffe arrived in New Orleans in 1960, on their way home from an extended honeymoon in Mexico City. During their visit, they conversed with a few jazz musicians in Jackson Square who were on their way to “Mr. Larry’s Gallery.” &nbsp; As avid fans of New Orleans music, the honeymooners followed the musicians to 726 Saint Peter Street, and were introduced to the building’s owner, Larry Borenstein – along with a number of living jazz greats that had gathered that evening for a jam session. Needless to say, they were enraptured by what they saw and heard. &nbsp; The young couple – alongside Borenstein, dozens of beloved musicians, and a small but dedicated staff – went on to establish Preservation Hall as a formal venue for jazz, and envisioned a future where the traditions of New Orleans music, and the musicians who played this music, could thrive.","{""@type"":""Place"",""name"":""Preservation Hall"",""address"":""726 Saint Peter Street\r\nNew Orleans, LA 70116""}","{""@type"":""Offer"",""url"":""https://preservationhall.my.salesforce-sites.com/ticket/#/instances/a0FVS00000C85QD2AZ"",""validFrom"":""2023-02-15T18:54:00"",""availability"":""http://schema.org/InStock""}","{""@type"":""Organization"",""name"":""Preservation Hall"",""url"":""https://www.preservationhall.com""}",,"""https://www.preservationhall.com/app/uploads/Brunious_800x450_acf_cropped_800x450_acf_cropped.jpg""",,"{""@type"":""Event"",""name"":""Wendell Brunious and the Preservation Hall Legacy Band"",""url"":""https://preservationhall.my.salesforce-sites.com/ticket/#/instances/a0FVS00000C85QD2AZ"",""startDate"":""2026-10-17T14:30:00"",""endDate"":""2026-10-17T16:30:00"",""image"":""https://www.preservationhall.com/app/uploads/Brunious_800x450_acf_cropped_800x450_acf_cropped.jpg"",""description"":""Please join The Preservation All Stars feat. Mark Braud as they perform in celebration of the lives and legacy of Preservation Hall founders Allan and Sandra Jaffe. &nbsp; Allan and Sandra Jaffe arrived in New Orleans in 1960, on their way home from an extended honeymoon in Mexico City. During their visit, they conversed with a few jazz musicians in Jackson Square who were on their way to “Mr. Larry’s Gallery.”  &nbsp; As avid fans of New Orleans music, the honeymooners followed the musicians to 726 Saint Peter Street, and were introduced to the building’s owner, Larry Borenstein – along with a number of living jazz greats that had gathered that evening for a jam session. Needless to say, they were enraptured by what they saw and heard. &nbsp; The young couple – alongside Borenstein, dozens of beloved musicians, and a small but dedicated staff – went on to establish Preservation Hall as a formal venue for jazz, and envisioned a future where the traditions of New Orleans music, and the musicians who played this music, could thrive. "",""location"":{""@type"":""Place"",""name"":""Preservation Hall"",""address"":""726 Saint Peter Street\r\nNew Orleans, LA 70116""},""eventAttendanceMode"":""https://schema.org/OfflineEventAttendanceMode"",""eventStatus"":""https://schema.org/EventScheduled"",""organizer"":{""@type"":""Organization"",""name"":""Preservation Hall"",""url"":""https://www.preservationhall.com""},""offers"":{""@type"":""Offer"",""url"":""https://preservationhall.my.salesforce-sites.com/ticket/#/instances/a0FVS00000C85QD2AZ"",""validFrom"":""2023-02-15T18:54:00"",""availability"":""http://schema.org/InStock""}}"
2026-10-01T16:03:02Z,preservationhall.com,100067,concert hall,https://www.preservationhall.com/events/a-celebration-of-allan-sandy-feat-wednell-brunious-and-the-preservation-hall-legacy-band/,Event,mapped_seed_site,,Wendell Brunious and the Preservation Hall Legacy Band,2026-10-17T15:45:00,2026-10-17T17:45:00,https://preservationhall.my.salesforce-sites.com/ticket/#/instances/a0FVS00000C85Rp2AJ,https://schema.org/EventScheduled,https://schema.org/OfflineEventAttendanceMode,"Please join The Preservation All Stars feat. Mark Braud as they perform in celebration of the lives and legacy of Preservation Hall founders Allan and Sandra Jaffe. &nbsp; Allan and Sandra Jaffe arrived in New Orleans in 1960, on their way home from an extended honeymoon in Mexico City. During their visit, they conversed with a few jazz musicians in Jackson Square who were on their way to “Mr. Larry’s Gallery.” &nbsp; As avid fans of New Orleans music, the honeymooners followed the musicians to 726 Saint Peter Street, and were introduced to the building’s owner, Larry Borenstein – along with a number of living jazz greats that had gathered that evening for a jam session. Needless to say, they were enraptured by what they saw and heard. &nbsp; The young couple – alongside Borenstein, dozens of beloved musicians, and a small but dedicated staff – went on to establish Preservation Hall as a formal venue for jazz, and envisioned a future where the traditions of New Orleans music, and the musicians who played this music, could thrive.","{""@type"":""Place"",""name"":""Preservation Hall"",""address"":""726 Saint Peter Street\r\nNew Orleans, LA 70116""}","{""@type"":""Offer"",""url"":""https://preservationhall.my.salesforce-sites.com/ticket/#/instances/a0FVS00000C85Rp2AJ"",""validFrom"":""2023-02-15T18:54:00"",""availability"":""http://schema.org/InStock""}","{""@type"":""Organization"",""name"":""Preservation Hall"",""url"":""https://www.preservationhall.com""}",,"""https://www.preservationhall.com/app/uploads/Brunious_800x450_acf_cropped_800x450_acf_cropped.jpg""",,"{""@type"":""Event"",""name"":""Wendell Brunious and the Preservation Hall Legacy Band"",""url"":""https://preservationhall.my.salesforce-sites.com/ticket/#/instances/a0FVS00000C85Rp2AJ"",""startDate"":""2026-10-17T15:45:00"",""endDate"":""2026-10-17T17:45:00"",""image"":""https://www.preservationhall.com/app/uploads/Brunious_800x450_acf_cropped_800x450_acf_cropped.jpg"",""description"":""Please join The Preservation All Stars feat. Mark Braud as they perform in celebration of the lives and legacy of Preservation Hall founders Allan and Sandra Jaffe. &nbsp; Allan and Sandra Jaffe arrived in New Orleans in 1960, on their way home from an extended honeymoon in Mexico City. During their visit, they conversed with a few jazz musicians in Jackson Square who were on their way to “Mr. Larry’s Gallery.”  &nbsp; As avid fans of New Orleans music, the honeymooners followed the musicians to 726 Saint Peter Street, and were introduced to the building’s owner, Larry Borenstein – along with a number of living jazz greats that had gathered that evening for a jam session. Needless to say, they were enraptured by what they saw and heard. &nbsp; The young couple – alongside Borenstein, dozens of beloved musicians, and a small but dedicated staff – went on to establish Preservation Hall as a formal venue for jazz, and envisioned a future where the traditions of New Orleans music, and the musicians who played this music, could thrive. "",""location"":{""@type"":""Place"",""name"":""Preservation Hall"",""address"":""726 Saint Peter Street\r\nNew Orleans, LA 70116""},""eventAttendanceMode"":""https://schema.org/OfflineEventAttendanceMode"",""eventStatus"":""https://schema.org/EventScheduled"",""organizer"":{""@type"":""Organization"",""name"":""Preservation Hall"",""url"":""https://www.preservationhall.com""},""offers"":{""@type"":""Offer"",""url"":""https://preservationhall.my.salesforce-sites.com/ticket/#/instances/a0FVS00000C85Rp2AJ"",""validFrom"":""2023-02-15T18:54:00"",""availability"":""http://schema.org/InStock""}}"
2026-10-01T16:03:02Z,preservationhall.com,100067,concert hall,https://www.preservationhall.com/events/a-celebration-of-allan-sandy-feat-wednell-brunious-and-the-preservation-hall-legacy-band/,Event,mapped_seed_site,,Wendell Brunious and the Preservation Hall Legacy Band,2026-10-24T14:30:00,2026-10-24T16:30:00,https://preservationhall.my.salesforce-sites.com/ticket/#/instances/a0FVS00000C8Ga92AF,https://schema.org/EventScheduled,https://schema.org/OfflineEventAttendanceMode,"Please join The Preservation All Stars feat. Mark Braud as they perform in celebration of the lives and legacy of Preservation Hall founders Allan and Sandra Jaffe. &nbsp; Allan and Sandra Jaffe arrived in New Orleans in 1960, on their way home from an extended honeymoon in Mexico City. During their visit, they conversed with a few jazz musicians in Jackson Square who were on their way to “Mr. Larry’s Gallery.” &nbsp; As avid fans of New Orleans music, the honeymooners followed the musicians to 726 Saint Peter Street, and were introduced to the building’s owner, Larry Borenstein – along with a number of living jazz greats that had gathered that evening for a jam session. Needless to say, they were enraptured by what they saw and heard. &nbsp; The young couple – alongside Borenstein, dozens of beloved musicians, and a small but dedicated staff – went on to establish Preservation Hall as a formal venue for jazz, and envisioned a future where the traditions of New Orleans music, and the musicians who played this music, could thrive.","{""@type"":""Place"",""name"":""Preservation Hall"",""address"":""726 Saint Peter Street\r\nNew Orleans, LA 70116""}","{""@type"":""Offer"",""url"":""https://preservationhall.my.salesforce-sites.com/ticket/#/instances/a0FVS00000C8Ga92AF"",""validFrom"":""2023-02-15T18:54:00"",""availability"":""http://schema.org/InStock""}","{""@type"":""Organization"",""name"":""Preservation Hall"",""url"":""https://www.preservationhall.com""}",,"""https://www.preservationhall.com/app/uploads/Brunious_800x450_acf_cropped_800x450_acf_cropped.jpg""",,"{""@type"":""Event"",""name"":""Wendell Brunious and the Preservation Hall Legacy Band"",""url"":""https://preservationhall.my.salesforce-sites.com/ticket/#/instances/a0FVS00000C8Ga92AF"",""startDate"":""2026-10-24T14:30:00"",""endDate"":""2026-10-24T16:30:00"",""image"":""https://www.preservationhall.com/app/uploads/Brunious_800x450_acf_cropped_800x450_acf_cropped.jpg"",""description"":""Please join The Preservation All Stars feat. Mark Braud as they perform in celebration of the lives and legacy of Preservation Hall founders Allan and Sandra Jaffe. &nbsp; Allan and Sandra Jaffe arrived in New Orleans in 1960, on their way home from an extended honeymoon in Mexico City. During their visit, they conversed with a few jazz musicians in Jackson Square who were on their way to “Mr. Larry’s Gallery.”  &nbsp; As avid fans of New Orleans music, the honeymooners followed the musicians to 726 Saint Peter Street, and were introduced to the building’s owner, Larry Borenstein – along with a number of living jazz greats that had gathered that evening for a jam session. Needless to say, they were enraptured by what they saw and heard. &nbsp; The young couple – alongside Borenstein, dozens of beloved musicians, and a small but dedicated staff – went on to establish Preservation Hall as a formal venue for jazz, and envisioned a future where the traditions of New Orleans music, and the musicians who played this music, could thrive. "",""location"":{""@type"":""Place"",""name"":""Preservation Hall"",""address"":""726 Saint Peter Street\r\nNew Orleans, LA 70116""},""eventAttendanceMode"":""https://schema.org/OfflineEventAttendanceMode"",""eventStatus"":""https://schema.org/EventScheduled"",""organizer"":{""@type"":""Organization"",""name"":""Preservation Hall"",""url"":""https://www.preservationhall.com""},""offers"":{""@type"":""Offer"",""url"":""https://preservationhall.my.salesforce-sites.com/ticket/#/instances/a0FVS00000C8Ga92AF"",""validFrom"":""2023-02-15T18:54:00"",""availability"":""http://schema.org/InStock""}}"
2026-10-01T16:03:02Z,preservationhall.com,100067,concert hall,https://www.preservationhall.com/events/a-celebration-of-allan-sandy-feat-wednell-brunious-and-the-preservation-hall-legacy-band/,Event,mapped_seed_site,,Wendell Brunious and the Preservation Hall Legacy Band,2026-10-24T15:45:00,2026-10-24T17:45:00,https://preservationhall.my.salesforce-sites.com/ticket/#/instances/a0FVS00000C8Gbl2AF,https://schema.org/EventScheduled,https://schema.org/OfflineEventAttendanceMode,"Please join The Preservation All Stars feat. Mark Braud as they perform in celebration of the lives and legacy of Preservation Hall founders Allan and Sandra Jaffe. &nbsp; Allan and Sandra Jaffe arrived in New Orleans in 1960, on their way home from an extended honeymoon in Mexico City. During their visit, they conversed with a few jazz musicians in Jackson Square who were on their way to “Mr. Larry’s Gallery.” &nbsp; As avid fans of New Orleans music, the honeymooners followed the musicians to 726 Saint Peter Street, and were introduced to the building’s owner, Larry Borenstein – along with a number of living jazz greats that had gathered that evening for a jam session. Needless to say, they were enraptured by what they saw and heard. &nbsp; The young couple – alongside Borenstein, dozens of beloved musicians, and a small but dedicated staff – went on to establish Preservation Hall as a formal venue for jazz, and envisioned a future where the traditions of New Orleans music, and the musicians who played this music, could thrive.","{""@type"":""Place"",""name"":""Preservation Hall"",""address"":""726 Saint Peter Street\r\nNew Orleans, LA 70116""}","{""@type"":""Offer"",""url"":""https://preservationhall.my.salesforce-sites.com/ticket/#/instances/a0FVS00000C8Gbl2AF"",""validFrom"":""2023-02-15T18:54:00"",""availability"":""http://schema.org/InStock""}","{""@type"":""Organization"",""name"":""Preservation Hall"",""url"":""https://www.preservationhall.com""}",,"""https://www.preservationhall.com/app/uploads/Brunious_800x450_acf_cropped_800x450_acf_cropped.jpg""",,"{""@type"":""Event"",""name"":""Wendell Brunious and the Preservation Hall Legacy Band"",""url"":""https://preservationhall.my.salesforce-sites.com/ticket/#/instances/a0FVS00000C8Gbl2AF"",""startDate"":""2026-10-24T15:45:00"",""endDate"":""2026-10-24T17:45:00"",""image"":""https://www.preservationhall.com/app/uploads/Brunious_800x450_acf_cropped_800x450_acf_cropped.jpg"",""description"":""Please join The Preservation All Stars feat. Mark Braud as they perform in celebration of the lives and legacy of Preservation Hall founders Allan and Sandra Jaffe. &nbsp; Allan and Sandra Jaffe arrived in New Orleans in 1960, on their way home from an extended honeymoon in Mexico City. During their visit, they conversed with a few jazz musicians in Jackson Square who were on their way to “Mr. Larry’s Gallery.”  &nbsp; As avid fans of New Orleans music, the honeymooners followed the musicians to 726 Saint Peter Street, and were introduced to the building’s owner, Larry Borenstein – along with a number of living jazz greats that had gathered that evening for a jam session. Needless to say, they were enraptured by what they saw and heard. &nbsp; The young couple – alongside Borenstein, dozens of beloved musicians, and a small but dedicated staff – went on to establish Preservation Hall as a formal venue for jazz, and envisioned a future where the traditions of New Orleans music, and the musicians who played this music, could thrive. "",""location"":{""@type"":""Place"",""name"":""Preservation Hall"",""address"":""726 Saint Peter Street\r\nNew Orleans, LA 70116""},""eventAttendanceMode"":""https://schema.org/OfflineEventAttendanceMode"",""eventStatus"":""https://schema.org/EventScheduled"",""organizer"":{""@type"":""Organization"",""name"":""Preservation Hall"",""url"":""https://www.preservationhall.com""},""offers"":{""@type"":""Offer"",""url"":""https://preservationhall.my.salesforce-sites.com/ticket/#/instances/a0FVS00000C8Gbl2AF"",""validFrom"":""2023-02-15T18:54:00"",""availability"":""http://schema.org/InStock""}}"
2026-10-01T16:03:02Z,preservationhall.com,100067,concert hall,https://www.preservationhall.com/events/a-celebration-of-allan-sandy-feat-wednell-brunious-and-the-preservation-hall-legacy-band/,Event,mapped_seed_site,,Wendell Brunious and the Preservation Hall Legacy Band,2026-10-31T14:30:00,2026-10-31T16:30:00,https://preservationhall.my.salesforce-sites.com/ticket/#/instances/a0FVS00000C8GlR2AV,https://schema.org/EventScheduled,https://schema.org/OfflineEventAttendanceMode,"Please join The Preservation All Stars feat. Mark Braud as they perform in celebration of the lives and legacy of Preservation Hall founders Allan and Sandra Jaffe. &nbsp; Allan and Sandra Jaffe arrived in New Orleans in 1960, on their way home from an extended honeymoon in Mexico City. During their visit, they conversed with a few jazz musicians in Jackson Square who were on their way to “Mr. Larry’s Gallery.” &nbsp; As avid fans of New Orleans music, the honeymooners followed the musicians to 726 Saint Peter Street, and were introduced to the building’s owner, Larry Borenstein – along with a number of living jazz greats that had gathered that evening for a jam session. Needless to say, they were enraptured by what they saw and heard. &nbsp; The young couple – alongside Borenstein, dozens of beloved musicians, and a small but dedicated staff – went on to establish Preservation Hall as a formal venue for jazz, and envisioned a future where the traditions of New Orleans music, and the musicians who played this music, could thrive.","{""@type"":""Place"",""name"":""Preservation Hall"",""address"":""726 Saint Peter Street\r\nNew Orleans, LA 70116""}","{""@type"":""Offer"",""url"":""https://preservationhall.my.salesforce-sites.com/ticket/#/instances/a0FVS00000C8GlR2AV"",""validFrom"":""2023-02-15T18:54:00"",""availability"":""http://schema.org/InStock""}","{""@type"":""Organization"",""name"":""Preservation Hall"",""url"":""https://www.preservationhall.com""}",,"""https://www.preservationhall.com/app/uploads/Brunious_800x450_acf_cropped_800x450_acf_cropped.jpg""",,"{""@type"":""Event"",""name"":""Wendell Brunious and the Preservation Hall Legacy Band"",""url"":""https://preservationhall.my.salesforce-sites.com/ticket/#/instances/a0FVS00000C8GlR2AV"",""startDate"":""2026-10-31T14:30:00"",""endDate"":""2026-10-31T16:30:00"",""image"":""https://www.preservationhall.com/app/uploads/Brunious_800x450_acf_cropped_800x450_acf_cropped.jpg"",""description"":""Please join The Preservation All Stars feat. Mark Braud as they perform in celebration of the lives and legacy of Preservation Hall founders Allan and Sandra Jaffe. &nbsp; Allan and Sandra Jaffe arrived in New Orleans in 1960, on their way home from an extended honeymoon in Mexico City. During their visit, they conversed with a few jazz musicians in Jackson Square who were on their way to “Mr. Larry’s Gallery.”  &nbsp; As avid fans of New Orleans music, the honeymooners followed the musicians to 726 Saint Peter Street, and were introduced to the building’s owner, Larry Borenstein – along with a number of living jazz greats that had gathered that evening for a jam session. Needless to say, they were enraptured by what they saw and heard. &nbsp; The young couple – alongside Borenstein, dozens of beloved musicians, and a small but dedicated staff – went on to establish Preservation Hall as a formal venue for jazz, and envisioned a future where the traditions of New Orleans music, and the musicians who played this music, could thrive. "",""location"":{""@type"":""Place"",""name"":""Preservation Hall"",""address"":""726 Saint Peter Street\r\nNew Orleans, LA 70116""},""eventAttendanceMode"":""https://schema.org/OfflineEventAttendanceMode"",""eventStatus"":""https://schema.org/EventScheduled"",""organizer"":{""@type"":""Organization"",""name"":""Preservation Hall"",""url"":""https://www.preservationhall.com""},""offers"":{""@type"":""Offer"",""url"":""https://preservationhall.my.salesforce-sites.com/ticket/#/instances/a0FVS00000C8GlR2AV"",""validFrom"":""2023-02-15T18:54:00"",""availability"":""http://schema.org/InStock""}}"
2026-10-01T16:03:02Z,preservationhall.com,100067,concert hall,https://www.preservationhall.com/events/a-celebration-of-allan-sandy-feat-wednell-brunious-and-the-preservation-hall-legacy-band/,Event,mapped_seed_site,,Wendell Brunious and the Preservation Hall Legacy Band,2026-10-31T15:45:00,2026-10-31T17:45:00,https://preservationhall.my.salesforce-sites.com/ticket/#/instances/a0FVS00000C8Gn32AF,https://schema.org/EventScheduled,https://schema.org/OfflineEventAttendanceMode,"Please join The Preservation All Stars feat. Mark Braud as they perform in celebration of the lives and legacy of Preservation Hall founders Allan and Sandra Jaffe. &nbsp; Allan and Sandra Jaffe arrived in New Orleans in 1960, on their way home from an extended honeymoon in Mexico City. During their visit, they conversed with a few jazz musicians in Jackson Square who were on their way to “Mr. Larry’s Gallery.” &nbsp; As avid fans of New Orleans music, the honeymooners followed the musicians to 726 Saint Peter Street, and were introduced to the building’s owner, Larry Borenstein – along with a number of living jazz greats that had gathered that evening for a jam session. Needless to say, they were enraptured by what they saw and heard. &nbsp; The young couple – alongside Borenstein, dozens of beloved musicians, and a small but dedicated staff – went on to establish Preservation Hall as a formal venue for jazz, and envisioned a future where the traditions of New Orleans music, and the musicians who played this music, could thrive.","{""@type"":""Place"",""name"":""Preservation Hall"",""address"":""726 Saint Peter Street\r\nNew Orleans, LA 70116""}","{""@type"":""Offer"",""url"":""https://preservationhall.my.salesforce-sites.com/ticket/#/instances/a0FVS00000C8Gn32AF"",""validFrom"":""2023-02-15T18:54:00"",""availability"":""http://schema.org/InStock""}","{""@type"":""Organization"",""name"":""Preservation Hall"",""url"":""https://www.preservationhall.com""}",,"""https://www.preservationhall.com/app/uploads/Brunious_800x450_acf_cropped_800x450_acf_cropped.jpg""",,"{""@type"":""Event"",""name"":""Wendell Brunious and the Preservation Hall Legacy Band"",""url"":""https://preservationhall.my.salesforce-sites.com/ticket/#/instances/a0FVS00000C8Gn32AF"",""startDate"":""2026-10-31T15:45:00"",""endDate"":""2026-10-31T17:45:00"",""image"":""https://www.preservationhall.com/app/uploads/Brunious_800x450_acf_cropped_800x450_acf_cropped.jpg"",""description"":""Please join The Preservation All Stars feat. Mark Braud as they perform in celebration of the lives and legacy of Preservation Hall founders Allan and Sandra Jaffe. &nbsp; Allan and Sandra Jaffe arrived in New Orleans in 1960, on their way home from an extended honeymoon in Mexico City. During their visit, they conversed with a few jazz musicians in Jackson Square who were on their way to “Mr. Larry’s Gallery.”  &nbsp; As avid fans of New Orleans music, the honeymooners followed the musicians to 726 Saint Peter Street, and were introduced to the building’s owner, Larry Borenstein – along with a number of living jazz greats that had gathered that evening for a jam session. Needless to say, they were enraptured by what they saw and heard. &nbsp; The young couple – alongside Borenstein, dozens of beloved musicians, and a small but dedicated staff – went on to establish Preservation Hall as a formal venue for jazz, and envisioned a future where the traditions of New Orleans music, and the musicians who played this music, could thrive. "",""location"":{""@type"":""Place"",""name"":""Preservation Hall"",""address"":""726 Saint Peter Street\r\nNew Orleans, LA 70116""},""eventAttendanceMode"":""https://schema.org/OfflineEventAttendanceMode"",""eventStatus"":""https://schema.org/EventScheduled"",""organizer"":{""@type"":""Organization"",""name"":""Preservation Hall"",""url"":""https://www.preservationhall.com""},""offers"":{""@type"":""Offer"",""url"":""https://preservationhall.my.salesforce-sites.com/ticket/#/instances/a0FVS00000C8Gn32AF"",""validFrom"":""2023-02-15T18:54:00"",""availability"":""http://schema.org/InStock""}}"
2026-10-01T16:03:02Z,audubonnatureinstitute.org,100067,aquarium,https://audubonnatureinstitute.org/scales-ales,Event,mapped_exact,0.000,Scales & Ales 2026 VIP Entry,2026-11-06T18:00:00-06:00,2026-11-06T22:00:00-06:00,https://audubonnatureinstitute.org/scales-ales,https://schema.org/EventScheduled,https://schema.org/OfflineEventAttendanceMode,,"{""@type"":""Place"",""name"":""Audubon Aquarium"",""address"":{""@type"":""PostalAddress"",""streetAddress"":""1 Canal Street"",""addressLocality"":""New Orleans"",""addressRegion"":""LA"",""postalCode"":""70130"",""addressCountry"":""US""}}",,"{""@type"":""Organization"",""name"":""Audubon Aquarium"",""url"":""https://audubonnatureinstitute.org/aquarium""}",,"""https://assets.speakcdn.com/assets/2848/sa_425-2.jpg""",,"{""@type"":""Event"",""name"":""Scales & Ales 2026 VIP Entry"",""startDate"":""2026-11-06T18:00:00-06:00"",""endDate"":""2026-11-06T22:00:00-06:00"",""eventStatus"":""https://schema.org/EventScheduled"",""eventAttendanceMode"":""https://schema.org/OfflineEventAttendanceMode"",""image"":""https://assets.speakcdn.com/assets/2848/sa_425-2.jpg"",""location"":{""@type"":""Place"",""name"":""Audubon Aquarium"",""address"":{""@type"":""PostalAddress"",""streetAddress"":""1 Canal Street"",""addressLocality"":""New Orleans"",""addressRegion"":""LA"",""postalCode"":""70130"",""addressCountry"":""US""}},""organizer"":{""@type"":""Organization"",""name"":""Audubon Aquarium"",""url"":""https://audubonnatureinstitute.org/aquarium""}}"
2026-10-01T16:03:02Z,audubonnatureinstitute.org,100067,aquarium,https://audubonnatureinstitute.org/scales-ales,Event,mapped_exact,0.000,Scales & Ales 2026,2026-11-06T19:00:00-06:00,2026-11-06T22:00:00-06:00,https://audubonnatureinstitute.org/scales-ales,https://schema.org/EventScheduled,https://schema.org/OfflineEventAttendanceMode,"A dazzling night of live music, signature cocktails, gourmet cuisine, and wildlife conservation at Audubon Aquarium.","{""@type"":""Place"",""name"":""Audubon Aquarium"",""address"":{""@type"":""PostalAddress"",""streetAddress"":""1 Canal Street"",""addressLocality"":""New Orleans"",""addressRegion"":""LA"",""postalCode"":""70130"",""addressCountry"":""US""}}","[{""@type"":""Offer"",""name"":""Audubon Member Ticket"",""price"":""85"",""priceCurrency"":""USD"",""availability"":""https://schema.org/InStock"",""url"":""https://ticket.audubonnatureinstitute.org/webstore/shop/viewItems.aspx?cg=store&c=scalesales"",""seller"":{""@type"":""Organization"",""name"":""Audubon Aquarium"",""url"":""https://audubonnatureinstitute.org/aquarium""}},{""@type"":""Offer"",""name"":""General Admission Ticket"",""price"":""100"",""priceCurrency"":""USD"",""availability"":""https://schema.org/InStock"",""url"":""https://ticket.audubonnatureinstitute.org/webstore/shop/viewItems.aspx?cg=store&c=scalesales"",""seller"":{""@type"":""Organization"",""name"":""Audubon Aquarium"",""url"":""https://audubonnatureinstitute.org/aquarium""}},{""@type"":""Offer"",""name"":""Patron VIP Ticket"",""price"":""150"",""priceCurrency"":""USD"",""availability"":""https://schema.org/InStock"",""url"":""https://ticket.audubonnatureinstitute.org/webstore/shop/viewItems.aspx?cg=store&c=scalesales"",""seller"":{""@type"":""Organization"",""name"":""Audubon Aquarium"",""url"":""https://audubonnatureinstitute.org/aquarium""}}]","{""@type"":""Organization"",""name"":""Audubon Aquarium"",""url"":""https://audubonnatureinstitute.org/aquarium"",""email"":""ScalesAndAles@auduboninstitute.org""}","[{""@type"":""MusicGroup"",""name"":""Flow Tribe""},{""@type"":""PerformingGroup"",""name"":""Sirens of New Orleans""}]","[""https://assets.speakcdn.com/assets/2848/sa_425-2.jpg""]",,"{""@context"":""https://schema.org"",""@type"":""Event"",""name"":""Scales & Ales 2026"",""description"":""A dazzling night of live music, signature cocktails, gourmet cuisine, and wildlife conservation at Audubon Aquarium."",""startDate"":""2026-11-06T19:00:00-06:00"",""endDate"":""2026-11-06T22:00:00-06:00"",""eventStatus"":""https://schema.org/EventScheduled"",""eventAttendanceMode"":""https://schema.org/OfflineEventAttendanceMode"",""inLanguage"":""en"",""isAccessibleForFree"":false,""url"":""https://audubonnatureinstitute.org/scales-ales"",""image"":[""https://assets.speakcdn.com/assets/2848/sa_425-2.jpg""],""location"":{""@type"":""Place"",""name"":""Audubon Aquarium"",""address"":{""@type"":""PostalAddress"",""streetAddress"":""1 Canal Street"",""addressLocality"":""New Orleans"",""addressRegion"":""LA"",""postalCode"":""70130"",""addressCountry"":""US""}},""organizer"":{""@type"":""Organization"",""name"":""Audubon Aquarium"",""url"":""https://audubonnatureinstitute.org/aquarium"",""email"":""ScalesAndAles@auduboninstitute.org""},""maximumAttendeeCapacity"":2500,""about"":[{""@type"":""Thing"",""name"":""Wildlife conservation""},{""@type"":""Thing"",""name"":""Conservation education""},{""@type"":""Thing"",""name"":""Marine animal rescue""}],""performer"":[{""@type"":""MusicGroup"",""name"":""Flow Tribe""},{""@type"":""PerformingGroup"",""name"":""Sirens of New Orleans""}],""sponsor"":[{""@type"":""Organization"",""name"":""Abita Brewing Company""},{""@type"":""Organization"",""name"":""Caesars New Orleans""},{""@type"":""Organization"",""name"":""Sazerac Company""}],""subEvent"":[{""@type"":""Event"",""name"":""Scales & Ales 2026 VIP Entry"",""startDate"":""2026-11-06T18:00:00-06:00"",""endDate"":""2026-11-06T22:00:00-06:00"",""eventStatus"":""https://schema.org/EventScheduled"",""eventAttendanceMode"":""https://schema.org/OfflineEventAttendanceMode"",""image"":""https://assets.speakcdn.com/assets/2848/sa_425-2.jpg"",""location"":{""@type"":""Place"",""name"":""Audubon Aquarium"",""address"":{""@type"":""PostalAddress"",""streetAddress"":""1 Canal Street"",""addressLocality"":""New Orleans"",""addressRegion"":""LA"",""postalCode"":""70130"",""addressCountry"":""US""}},""organizer"":{""@type"":""Organization"",""name"":""Audubon Aquarium"",""url"":""https://audubonnatureinstitute.org/aquarium""}},{""@type"":""Event"",""name"":""Scales & Ales 2026 General Admission"",""startDate"":""2026-11-06T19:00:00-06:00"",""endDate"":""2026-11-06T22:00:00-06:00"",""eventStatus"":""https://schema.org/EventScheduled"",""eventAttendanceMode"":""https://schema.org/OfflineEventAttendanceMode"",""image"":""https://assets.speakcdn.com/assets/2848/sa_425-2.jpg"",""location"":{""@type"":""Place"",""name"":""Audubon Aquarium"",""address"":{""@type"":""PostalAddress"",""streetAddress"":""1 Canal Street"",""addressLocality"":""New Orleans"",""addressRegion"":""LA"",""postalCode"":""70130"",""addressCountry"":""US""}},""organizer"":{""@type"":""Organization"",""name"":""Audubon Aquarium"",""url"":""https://audubonnatureinstitute.org/aquarium""}}],""offers"":[{""@type"":""Offer"",""name"":""Audubon Member Ticket"",""price"":""85"",""priceCurrency"":""USD"",""availability"":""https://schema.org/InStock"",""url"":""https://ticket.audubonnatureinstitute.org/webstore/shop/viewItems.aspx?cg=store&c=scalesales"",""seller"":{""@type"":""Organization"",""name"":""Audubon Aquarium"",""url"":""https://audubonnatureinstitute.org/aquarium""}},{""@type"":""Offer"",""name"":""General Admission Ticket"",""price"":""100"",""priceCurrency"":""USD"",""availability"":""https://schema.org/InStock"",""url"":""https://ticket.audubonnatureinstitute.org/webstore/shop/viewItems.aspx?cg=store&c=scalesales"",""seller"":{""@type"":""Organization"",""name"":""Audubon Aquarium"",""url"":""https://audubonnatureinstitute.org/aquarium""}},{""@type"":""Offer"",""name"":""Patron VIP Ticket"",""price"":""150"",""priceCurrency"":""USD"",""availability"":""https://schema.org/InStock"",""url"":""https://ticket.audubonnatureinstitute.org/webstore/shop/viewItems.aspx?cg=store&c=scalesales"",""seller"":{""@type"":""Organization"",""name"":""Audubon Aquarium"",""url"":""https://audubonnatureinstitute.org/aquarium""}}]}"
2026-10-01T16:03:02Z,audubonnatureinstitute.org,100067,aquarium,https://audubonnatureinstitute.org/scales-ales,Event,mapped_exact,0.000,Scales & Ales 2026 General Admission,2026-11-06T19:00:00-06:00,2026-11-06T22:00:00-06:00,https://audubonnatureinstitute.org/scales-ales,https://schema.org/EventScheduled,https://schema.org/OfflineEventAttendanceMode,,"{""@type"":""Place"",""name"":""Audubon Aquarium"",""address"":{""@type"":""PostalAddress"",""streetAddress"":""1 Canal Street"",""addressLocality"":""New Orleans"",""addressRegion"":""LA"",""postalCode"":""70130"",""addressCountry"":""US""}}",,"{""@type"":""Organization"",""name"":""Audubon Aquarium"",""url"":""https://audubonnatureinstitute.org/aquarium""}",,"""https://assets.speakcdn.com/assets/2848/sa_425-2.jpg""",,"{""@type"":""Event"",""name"":""Scales & Ales 2026 General Admission"",""startDate"":""2026-11-06T19:00:00-06:00"",""endDate"":""2026-11-06T22:00:00-06:00"",""eventStatus"":""https://schema.org/EventScheduled"",""eventAttendanceMode"":""https://schema.org/OfflineEventAttendanceMode"",""image"":""https://assets.speakcdn.com/assets/2848/sa_425-2.jpg"",""location"":{""@type"":""Place"",""name"":""Audubon Aquarium"",""address"":{""@type"":""PostalAddress"",""streetAddress"":""1 Canal Street"",""addressLocality"":""New Orleans"",""addressRegion"":""LA"",""postalCode"":""70130"",""addressCountry"":""US""}},""organizer"":{""@type"":""Organization"",""name"":""Audubon Aquarium"",""url"":""https://audubonnatureinstitute.org/aquarium""}}"
2026-10-01T16:03:02Z,ticketmaster.com,100070,4bf58dd8d48988d1e5931735|music venue,https://www.ticketmaster.com/6lack-tickets/artist/2313062,MusicEvent,mapped_exact,0.000,10 Years of 6LACK Tour,2026-11-13T19:00:00,2026-11-13,https://www.ticketmaster.com/10-years-of-6lack-tour-new-orleans-louisiana-11-13-2026/event/1B0064B6153CB797,https://schema.org/EventCancelled,https://schema.org/OfflineEventAttendanceMode,"10 Years of 6LACK Tour | Friday, Nov 13, 2026, 7:00 PM | The Fillmore New Orleans, New Orleans","{""@type"":""Place"",""name"":""The Fillmore New Orleans"",""sameAs"":""https://www.ticketmaster.com/the-fillmore-new-orleans-tickets-new-orleans/venue/222653"",""address"":{""@type"":""PostalAddress"",""streetAddress"":""6 Canal St"",""addressLocality"":""New Orleans"",""addressRegion"":""LA"",""postalCode"":""70130"",""addressCountry"":""US""},""geo"":{""@type"":""GeoCoordinates"",""latitude"":29.949399,""longitude"":-90.064806}}","{""@type"":""Offer"",""availability"":""http://schema.org/EventCancelled"",""description"":""10 Years of 6LACK Tour | Friday, Nov 13, 2026, 7:00 PM | The Fillmore New Orleans, New Orleans"",""url"":""https://www.ticketmaster.com/10-years-of-6lack-tour-new-orleans-louisiana-11-13-2026/event/1B0064B6153CB797"",""validFrom"":""2026-05-29T12:00:00"",""availabilityStarts"":""2026-05-29T12:00:00""}",,"[{""@type"":""MusicGroup"",""name"":""6LACK"",""sameAs"":""https://www.ticketmaster.com/6lack-tickets/artist/2313062""},{""@type"":""MusicGroup"",""name"":""Eem Triplin"",""sameAs"":""https://www.ticketmaster.com/eem-triplin-tickets/artist/2961071""}]","[""https://s1.ticketm.net/dam/a/943/7c89470e-2cbf-4bac-b014-d5fdf8f29943_RETINA_PORTRAIT_3_2.jpg"",{""@type"":""ImageObject"",""url"":""https://mapsapi.tmol.io/maps/geometry/3/event/1B0064B6153CB797/staticImage?type=png&systemId=HOST"",""name"":""The Fillmore New Orleans Seating Chart, 10 Years of 6LACK Tour"",""caption"":""Seating chart for 10 Years of 6LACK Tour at The Fillmore New Orleans, New Orleans""}]",,"{""@context"":""http://schema.org"",""@type"":""MusicEvent"",""url"":""https://www.ticketmaster.com/10-years-of-6lack-tour-new-orleans-louisiana-11-13-2026/event/1B0064B6153CB797"",""name"":""10 Years of 6LACK Tour"",""description"":""10 Years of 6LACK Tour | Friday, Nov 13, 2026, 7:00 PM | The Fillmore New Orleans, New Orleans"",""image"":[""https://s1.ticketm.net/dam/a/943/7c89470e-2cbf-4bac-b014-d5fdf8f29943_RETINA_PORTRAIT_3_2.jpg"",{""@type"":""ImageObject"",""url"":""https://mapsapi.tmol.io/maps/geometry/3/event/1B0064B6153CB797/staticImage?type=png&systemId=HOST"",""name"":""The Fillmore New Orleans Seating Chart, 10 Years of 6LACK Tour"",""caption"":""Seating chart for 10 Years of 6LACK Tour at The Fillmore New Orleans, New Orleans""}],""startDate"":""2026-11-13T19:00:00"",""endDate"":""2026-11-13"",""eventStatus"":""https://schema.org/EventCancelled"",""eventAttendanceMode"":""https://schema.org/OfflineEventAttendanceMode"",""location"":{""@type"":""Place"",""name"":""The Fillmore New Orleans"",""sameAs"":""https://www.ticketmaster.com/the-fillmore-new-orleans-tickets-new-orleans/venue/222653"",""address"":{""@type"":""PostalAddress"",""streetAddress"":""6 Canal St"",""addressLocality"":""New Orleans"",""addressRegion"":""LA"",""postalCode"":""70130"",""addressCountry"":""US""},""geo"":{""@type"":""GeoCoordinates"",""latitude"":29.949399,""longitude"":-90.064806}},""offers"":{""@type"":""Offer"",""availability"":""http://schema.org/EventCancelled"",""description"":""10 Years of 6LACK Tour | Friday, Nov 13, 2026, 7:00 PM | The Fillmore New Orleans, New Orleans"",""url"":""https://www.ticketmaster.com/10-years-of-6lack-tour-new-orleans-louisiana-11-13-2026/event/1B0064B6153CB797"",""validFrom"":""2026-05-29T12:00:00"",""availabilityStarts"":""2026-05-29T12:00:00""},""performer"":[{""@type"":""MusicGroup"",""name"":""6LACK"",""sameAs"":""https://www.ticketmaster.com/6lack-tickets/artist/2313062""},{""@type"":""MusicGroup"",""name"":""Eem Triplin"",""sameAs"":""https://www.ticketmaster.com/eem-triplin-tickets/artist/2961071""}]}"
2026-10-01T16:03:02Z,ticketmaster.com,100070,4bf58dd8d48988d1e5931735|music venue,https://www.ticketmaster.com/a-taste-of-ireland-tickets/artist/2640777,Event,mapped_radius,16.965,A Celtic Christmas,2026-11-18T19:30:00,2026-11-18,https://www.ticketmaster.com/a-celtic-christmas-metairie-louisiana-11-18-2026/event/1B0064E7C23B439A,https://schema.org/EventScheduled,https://schema.org/OfflineEventAttendanceMode,"A Celtic Christmas | Wednesday, Nov 18, 2026, 7:30 PM | Jefferson Perf Arts Center, Metairie","{""@type"":""Place"",""name"":""Jefferson Perf Arts Center"",""sameAs"":""https://www.ticketmaster.com/jefferson-perf-arts-center-tickets-metairie/venue/222669"",""address"":{""@type"":""PostalAddress"",""streetAddress"":""6400 Airline Dr. "",""addressLocality"":""Metairie"",""addressRegion"":""LA"",""postalCode"":""70003"",""addressCountry"":""US""},""geo"":{""@type"":""GeoCoordinates"",""latitude"":29.97652,""longitude"":-90.203808}}","{""@type"":""Offer"",""availability"":""http://schema.org/InStock"",""description"":""A Celtic Christmas | Wednesday, Nov 18, 2026, 7:30 PM | Jefferson Perf Arts Center, Metairie"",""url"":""https://www.ticketmaster.com/a-celtic-christmas-metairie-louisiana-11-18-2026/event/1B0064E7C23B439A"",""validFrom"":""2026-07-27T10:00:00"",""availabilityStarts"":""2026-07-27T10:00:00""}",,"[{""@type"":""Organization"",""name"":""A Taste of Ireland"",""sameAs"":""https://www.ticketmaster.com/a-taste-of-ireland-tickets/artist/2640777""}]","[""https://s1.ticketm.net/dam/a/306/de79db81-8530-490c-b580-b4b57bf36306_RETINA_PORTRAIT_3_2.jpg"",{""@type"":""ImageObject"",""url"":""https://mapsapi.tmol.io/maps/geometry/3/event/1B0064E7C23B439A/staticImage?type=png&systemId=HOST"",""name"":""Jefferson Perf Arts Center Seating Chart, A Celtic Christmas"",""caption"":""Seating chart for A Celtic Christmas at Jefferson Perf Arts Center, Metairie""}]",,"{""@context"":""http://schema.org"",""@type"":""Event"",""url"":""https://www.ticketmaster.com/a-celtic-christmas-metairie-louisiana-11-18-2026/event/1B0064E7C23B439A"",""name"":""A Celtic Christmas"",""description"":""A Celtic Christmas | Wednesday, Nov 18, 2026, 7:30 PM | Jefferson Perf Arts Center, Metairie"",""image"":[""https://s1.ticketm.net/dam/a/306/de79db81-8530-490c-b580-b4b57bf36306_RETINA_PORTRAIT_3_2.jpg"",{""@type"":""ImageObject"",""url"":""https://mapsapi.tmol.io/maps/geometry/3/event/1B0064E7C23B439A/staticImage?type=png&systemId=HOST"",""name"":""Jefferson Perf Arts Center Seating Chart, A Celtic Christmas"",""caption"":""Seating chart for A Celtic Christmas at Jefferson Perf Arts Center, Metairie""}],""startDate"":""2026-11-18T19:30:00"",""endDate"":""2026-11-18"",""eventStatus"":""https://schema.org/EventScheduled"",""eventAttendanceMode"":""https://schema.org/OfflineEventAttendanceMode"",""location"":{""@type"":""Place"",""name"":""Jefferson Perf Arts Center"",""sameAs"":""https://www.ticketmaster.com/jefferson-perf-arts-center-tickets-metairie/venue/222669"",""address"":{""@type"":""PostalAddress"",""streetAddress"":""6400 Airline Dr. "",""addressLocality"":""Metairie"",""addressRegion"":""LA"",""postalCode"":""70003"",""addressCountry"":""US""},""geo"":{""@type"":""GeoCoordinates"",""latitude"":29.97652,""longitude"":-90.203808}},""offers"":{""@type"":""Offer"",""availability"":""http://schema.org/InStock"",""description"":""A Celtic Christmas | Wednesday, Nov 18, 2026, 7:30 PM | Jefferson Perf Arts Center, Metairie"",""url"":""https://www.ticketmaster.com/a-celtic-christmas-metairie-louisiana-11-18-2026/event/1B0064E7C23B439A"",""validFrom"":""2026-07-27T10:00:00"",""availabilityStarts"":""2026-07-27T10:00:00""},""performer"":[{""@type"":""Organization"",""name"":""A Taste of Ireland"",""sameAs"":""https://www.ticketmaster.com/a-taste-of-ireland-tickets/artist/2640777""}]}"
2026-10-01T16:03:02Z,neworleansonline.com,100067,4bf58dd8d48988d1e5931735|music venue,http://www.neworleansonline.com/calendar/year.html,Event,mapped_seed_site,,French Quarter Holiday Home Tour,2026-12-20,2026-12-20,https://www.neworleans.com/event/french-quarter-holiday-home-tour/3513/,https://schema.org/EventScheduled,,Savor the holiday spirit as Patio Planters of the Vieux Carré presents French Quarter residences dressed for the season on December 20. The tour...,"{""@type"":""Place"",""name"":""French Quarter""}",,,,"{""@type"":""ImageObject"",""url"":""https://assets.simpleviewinc.com/simpleview/image/upload/c_limit,h_1200,q_75,w_1200/v1/crm/neworleans/jackson-square-holiday_paul-broussard_399A671D-A65E-6B84-7AC2521C7113163B_399b4cda-bee3-c9b3-dda916017275fc70.jpg""}",Holiday: Christmas,"{""@type"":""Event"",""@id"":""https://www.neworleans.com/event/french-quarter-holiday-home-tour/3513/#event"",""url"":""https://www.neworleans.com/event/french-quarter-holiday-home-tour/3513/"",""name"":""French Quarter Holiday Home Tour"",""description"":""Savor the holiday spirit as Patio Planters of the Vieux Carré presents French Quarter residences dressed for the season on December 20. The tour..."",""startDate"":""2026-12-20"",""endDate"":""2026-12-20"",""keywords"":""Holiday: Christmas"",""eventStatus"":""https://schema.org/EventScheduled"",""image"":{""@type"":""ImageObject"",""url"":""https://assets.simpleviewinc.com/simpleview/image/upload/c_limit,h_1200,q_75,w_1200/v1/crm/neworleans/jackson-square-holiday_paul-broussard_399A671D-A65E-6B84-7AC2521C7113163B_399b4cda-bee3-c9b3-dda916017275fc70.jpg""},""location"":{""@type"":""Place"",""name"":""French Quarter""}}"
2026-10-01T16:03:02Z,neworleansonline.com,100067,4bf58dd8d48988d1e5931735|music venue,http://www.neworleansonline.com/calendar/year.html,PerformingArtsEvent,mapped_seed_site,,Teaser Fest,2027-01-14,2027-01-17,https://www.neworleans.com/event/teaser-fest/154704/,https://schema.org/EventScheduled,,"Teaser Fest - January 14-17, 2027 Featuring over 100 performances over four days, Teaser Festival is a four-day celebration of burlesque, fine food,...","{""@type"":""Place"",""name"":""Various locations""}",,,,"{""@type"":""ImageObject"",""url"":""https://assets.simpleviewinc.com/simpleview/image/upload/c_limit,h_1200,q_75,w_1200/v1/crm/neworleans/teaser-fest-1_C5457FC8-CF06-5BC8-0781A1BC96093301_c547f8a6-be4f-b611-8b6e58c9ce6713ac.jpg""}","Nightlife, Performing Arts, Festivals: Winter, LGBT, Month: January","{""@type"":""PerformingArtsEvent"",""@id"":""https://www.neworleans.com/event/teaser-fest/154704/#event"",""url"":""https://www.neworleans.com/event/teaser-fest/154704/"",""name"":""Teaser Fest"",""description"":""Teaser Fest - January 14-17, 2027 Featuring over 100 performances over four days, Teaser Festival is a four-day celebration of burlesque, fine food,..."",""startDate"":""2027-01-14"",""endDate"":""2027-01-17"",""keywords"":""Nightlife, Performing Arts, Festivals: Winter, LGBT, Month: January"",""eventStatus"":""https://schema.org/EventScheduled"",""image"":{""@type"":""ImageObject"",""url"":""https://assets.simpleviewinc.com/simpleview/image/upload/c_limit,h_1200,q_75,w_1200/v1/crm/neworleans/teaser-fest-1_C5457FC8-CF06-5BC8-0781A1BC96093301_c547f8a6-be4f-b611-8b6e58c9ce6713ac.jpg""},""location"":{""@type"":""Place"",""name"":""Various locations""}}"
2026-10-01T16:03:02Z,neworleansonline.com,100067,4bf58dd8d48988d1e5931735|music venue,http://www.neworleansonline.com/calendar/year.html,Event,mapped_seed_site,,Intergalactic Krewe of Chewbacchus,2027-01-16,2027-01-16,https://www.neworleans.com/event/intergalactic-krewe-of-chewbacchus/3526/,https://schema.org/EventScheduled,,The Intergalactic Krewe of Chewbacchus The Intergalactic Krewe of Chewbacchus is a 900-member Krewe with over 150 sub-krewes all paying homage to...,"{""@type"":""Place"",""name"":""Marigny / Bywater""}",,,,"{""@type"":""ImageObject"",""url"":""https://assets.simpleviewinc.com/simpleview/image/upload/c_limit,h_1200,q_75,w_1200/v1/crm/neworleans/Chewbacchus03_RebeccaTodd0_24f95555-5056-b365-abfd54b1c80395ef.jpg""}","Parades, Holiday: Mardi Gras, Parades: Mardi Gras, Month: January","{""@type"":""Event"",""@id"":""https://www.neworleans.com/event/intergalactic-krewe-of-chewbacchus/3526/#event"",""url"":""https://www.neworleans.com/event/intergalactic-krewe-of-chewbacchus/3526/"",""name"":""Intergalactic Krewe of Chewbacchus"",""description"":""The Intergalactic Krewe of Chewbacchus The Intergalactic Krewe of Chewbacchus is a 900-member Krewe with over 150 sub-krewes all paying homage to..."",""startDate"":""2027-01-16"",""endDate"":""2027-01-16"",""keywords"":""Parades, Holiday: Mardi Gras, Parades: Mardi Gras, Month: January"",""eventStatus"":""https://schema.org/EventScheduled"",""image"":{""@type"":""ImageObject"",""url"":""https://assets.simpleviewinc.com/simpleview/image/upload/c_limit,h_1200,q_75,w_1200/v1/crm/neworleans/Chewbacchus03_RebeccaTodd0_24f95555-5056-b365-abfd54b1c80395ef.jpg""},""location"":{""@type"":""Place"",""name"":""Marigny / Bywater""}}"
2026-10-01T16:03:02Z,neworleansonline.com,100067,4bf58dd8d48988d1e5931735|music venue,http://www.neworleansonline.com/calendar/year.html,Event,mapped_seed_site,,Krewe of Cleopatra,2027-01-29,2027-01-29,https://www.neworleans.com/event/krewe-of-cleopatra/3406/,https://schema.org/EventScheduled,,"The Krewe of Cleopatra is named for the Egyptian Queen of the Nile, an actual person rather than a mythological figure like the namesakes of most...","{""@type"":""Place"",""name"":""Uptown & CBD""}",,,,"{""@type"":""ImageObject"",""url"":""https://assets.simpleviewinc.com/simpleview/image/upload/c_limit,h_1200,q_75,w_1200/v1/crm/neworleans/NOTMC_399820_792c7801-5056-b365-abbb13c332f8823f.jpg""}","Parades, Holiday: Mardi Gras, Parades: Mardi Gras, Month: February","{""@type"":""Event"",""@id"":""https://www.neworleans.com/event/krewe-of-cleopatra/3406/#event"",""url"":""https://www.neworleans.com/event/krewe-of-cleopatra/3406/"",""name"":""Krewe of Cleopatra"",""description"":""The Krewe of Cleopatra is named for the Egyptian Queen of the Nile, an actual person rather than a mythological figure like the namesakes of most..."",""startDate"":""2027-01-29"",""endDate"":""2027-01-29"",""keywords"":""Parades, Holiday: Mardi Gras, Parades: Mardi Gras, Month: February"",""eventStatus"":""https://schema.org/EventScheduled"",""image"":{""@type"":""ImageObject"",""url"":""https://assets.simpleviewinc.com/simpleview/image/upload/c_limit,h_1200,q_75,w_1200/v1/crm/neworleans/NOTMC_399820_792c7801-5056-b365-abbb13c332f8823f.jpg""},""location"":{""@type"":""Place"",""name"":""Uptown & CBD""}}"
2026-10-01T16:03:02Z,neworleansonline.com,100067,4bf58dd8d48988d1e5931735|music venue,http://www.neworleansonline.com/calendar/year.html,Event,mapped_seed_site,,Krewe of Pontchartrain,2027-01-30,2027-01-30,https://www.neworleans.com/event/krewe-of-pontchartrain/3405/,https://schema.org/EventScheduled,,Pontchartrain was appointed as France’s Minister of Marine during the reign of Louis XIV. Chartered in 1975 as the decade’s first new parade in...,"{""@type"":""Place"",""name"":""Uptown & CBD""}",,,,"{""@type"":""ImageObject"",""url"":""https://assets.simpleviewinc.com/simpleview/image/upload/c_limit,h_1200,q_75,w_1200/v1/crm/neworleans/NOTMC_398690_790801e5-5056-b365-ab6b21d83dd4e9d3.jpg""}","Parades, Holiday: Mardi Gras, Parades: Mardi Gras, Month: February","{""@type"":""Event"",""@id"":""https://www.neworleans.com/event/krewe-of-pontchartrain/3405/#event"",""url"":""https://www.neworleans.com/event/krewe-of-pontchartrain/3405/"",""name"":""Krewe of Pontchartrain"",""description"":""Pontchartrain was appointed as France’s Minister of Marine during the reign of Louis XIV. Chartered in 1975 as the decade’s first new parade in..."",""startDate"":""2027-01-30"",""endDate"":""2027-01-30"",""keywords"":""Parades, Holiday: Mardi Gras, Parades: Mardi Gras, Month: February"",""eventStatus"":""https://schema.org/EventScheduled"",""image"":{""@type"":""ImageObject"",""url"":""https://assets.simpleviewinc.com/simpleview/image/upload/c_limit,h_1200,q_75,w_1200/v1/crm/neworleans/NOTMC_398690_790801e5-5056-b365-ab6b21d83dd4e9d3.jpg""},""location"":{""@type"":""Place"",""name"":""Uptown & CBD""}}"
2026-10-01T16:03:02Z,neworleansonline.com,100067,4bf58dd8d48988d1e5931735|music venue,http://www.neworleansonline.com/calendar/year.html,Event,mapped_seed_site,,Krewe of Carrollton,2027-01-31,2027-01-31,https://www.neworleans.com/event/krewe-of-carrollton/3403/,https://schema.org/EventScheduled,,"The Krewe of Carrollton, established in 1924 by a group of Oak Street businessmen, holds a significant place in New Orleans' rich Mardi Gras...","{""@type"":""Place"",""name"":""Uptown & CBD""}",,,,"{""@type"":""ImageObject"",""url"":""https://assets.simpleviewinc.com/simpleview/image/upload/c_limit,h_1200,q_75,w_1200/v1/crm/neworleans/NOTMC_514090_92828752-5056-b365-ab663e759489b80a.jpg""}","Parades, Holiday: Mardi Gras, Parades: Mardi Gras, Month: February","{""@type"":""Event"",""@id"":""https://www.neworleans.com/event/krewe-of-carrollton/3403/#event"",""url"":""https://www.neworleans.com/event/krewe-of-carrollton/3403/"",""name"":""Krewe of Carrollton"",""description"":""The Krewe of Carrollton, established in 1924 by a group of Oak Street businessmen, holds a significant place in New Orleans' rich Mardi Gras..."",""startDate"":""2027-01-31"",""endDate"":""2027-01-31"",""keywords"":""Parades, Holiday: Mardi Gras, Parades: Mardi Gras, Month: February"",""eventStatus"":""https://schema.org/EventScheduled"",""image"":{""@type"":""ImageObject"",""url"":""https://assets.simpleviewinc.com/simpleview/image/upload/c_limit,h_1200,q_75,w_1200/v1/crm/neworleans/NOTMC_514090_92828752-5056-b365-ab663e759489b80a.jpg""},""location"":{""@type"":""Place"",""name"":""Uptown & CBD""}}"
2026-10-01T16:03:02Z,neworleansonline.com,100067,4bf58dd8d48988d1e5931735|music venue,http://www.neworleansonline.com/calendar/year.html,Event,mapped_seed_site,,Krewe of Hermes,2027-02-05,2027-02-05,https://www.neworleans.com/event/krewe-of-hermes/3398/,https://schema.org/EventScheduled,,"During the Great Depression of the 1930s, the Carnival schedule had shrunk to only three parades staged on Mardi Gras Eve and on Fat Tuesday. To offer...","{""@type"":""Place"",""name"":""Uptown & CBD""}",,,,"{""@type"":""ImageObject"",""url"":""https://assets.simpleviewinc.com/simpleview/image/upload/c_limit,h_1200,q_75,w_1200/v1/crm/neworleans/Hermes_02610_7866e272-5056-b365-aba62fe918d9b1b6.jpg""}","Parades, Holiday: Mardi Gras, Parades: Mardi Gras, Month: February","{""@type"":""Event"",""@id"":""https://www.neworleans.com/event/krewe-of-hermes/3398/#event"",""url"":""https://www.neworleans.com/event/krewe-of-hermes/3398/"",""name"":""Krewe of Hermes"",""description"":""During the Great Depression of the 1930s, the Carnival schedule had shrunk to only three parades staged on Mardi Gras Eve and on Fat Tuesday. To offer..."",""startDate"":""2027-02-05"",""endDate"":""2027-02-05"",""keywords"":""Parades, Holiday: Mardi Gras, Parades: Mardi Gras, Month: February"",""eventStatus"":""https://schema.org/EventScheduled"",""image"":{""@type"":""ImageObject"",""url"":""https://assets.simpleviewinc.com/simpleview/image/upload/c_limit,h_1200,q_75,w_1200/v1/crm/neworleans/Hermes_02610_7866e272-5056-b365-aba62fe918d9b1b6.jpg""},""location"":{""@type"":""Place"",""name"":""Uptown & CBD""}}"
2026-10-01T16:03:02Z,neworleansonline.com,100067,4bf58dd8d48988d1e5931735|music venue,http://www.neworleansonline.com/calendar/year.html,Event,mapped_seed_site,,Le Krewe D'Etat,2027-02-05,2027-02-05,https://www.neworleans.com/event/le-krewe-detat/3420/,https://schema.org/EventScheduled,,Le Krewe D’Etat was founded in 1996 to help resurrect the traditional satirical style of Mardi Gras parades. The club’s first appearance in 1998 was...,"{""@type"":""Place"",""name"":""Uptown & CBD""}",,,,"{""@type"":""ImageObject"",""url"":""https://assets.simpleviewinc.com/simpleview/image/upload/c_limit,h_1200,q_75,w_1200/v1/crm/neworleans/NOTMC_398260_7a8e550d-5056-b365-ab4d243a6bd5d60e.jpg""}","Parades, Holiday: Mardi Gras, Parades: Mardi Gras, Month: February","{""@type"":""Event"",""@id"":""https://www.neworleans.com/event/le-krewe-detat/3420/#event"",""url"":""https://www.neworleans.com/event/le-krewe-detat/3420/"",""name"":""Le Krewe D'Etat"",""description"":""Le Krewe D’Etat was founded in 1996 to help resurrect the traditional satirical style of Mardi Gras parades. The club’s first appearance in 1998 was..."",""startDate"":""2027-02-05"",""endDate"":""2027-02-05"",""keywords"":""Parades, Holiday: Mardi Gras, Parades: Mardi Gras, Month: February"",""eventStatus"":""https://schema.org/EventScheduled"",""image"":{""@type"":""ImageObject"",""url"":""https://assets.simpleviewinc.com/simpleview/image/upload/c_limit,h_1200,q_75,w_1200/v1/crm/neworleans/NOTMC_398260_7a8e550d-5056-b365-ab4d243a6bd5d60e.jpg""},""location"":{""@type"":""Place"",""name"":""Uptown & CBD""}}"
2026-10-01T16:03:02Z,neworleansonline.com,100067,4bf58dd8d48988d1e5931735|music venue,http://www.neworleansonline.com/calendar/year.html,Event,mapped_seed_site,,Krewe of Iris,2027-02-06,2027-02-06,https://www.neworleans.com/event/krewe-of-iris/3396/,https://schema.org/EventScheduled,,Iris was the goddess of the rainbow and the messenger to the gods in classical Greek mythology. The Krewe of Iris was founded in 1922 but traces its...,"{""@type"":""Place"",""name"":""Uptown & CBD""}",,,,,"Parades, Holiday: Mardi Gras, Parades: Mardi Gras, Month: February","{""@type"":""Event"",""@id"":""https://www.neworleans.com/event/krewe-of-iris/3396/#event"",""url"":""https://www.neworleans.com/event/krewe-of-iris/3396/"",""name"":""Krewe of Iris"",""description"":""Iris was the goddess of the rainbow and the messenger to the gods in classical Greek mythology. The Krewe of Iris was founded in 1922 but traces its..."",""startDate"":""2027-02-06"",""endDate"":""2027-02-06"",""keywords"":""Parades, Holiday: Mardi Gras, Parades: Mardi Gras, Month: February"",""eventStatus"":""https://schema.org/EventScheduled"",""location"":{""@type"":""Place"",""name"":""Uptown & CBD""}}"
2026-10-01T16:03:02Z,neworleansonline.com,100067,4bf58dd8d48988d1e5931735|music venue,http://www.neworleansonline.com/calendar/year.html,Event,mapped_seed_site,,Krewe of Tucks,2027-02-06,2027-02-06,https://www.neworleans.com/event/krewe-of-tucks/3416/,https://schema.org/EventScheduled,,"Known for its irreverence, the Krewe of Tucks began in 1969 as a rag-tag group of Loyola University students. The club takes its name from Friar...","{""@type"":""Place"",""name"":""Uptown & CBD""}",,,,"{""@type"":""ImageObject"",""url"":""https://assets.simpleviewinc.com/simpleview/image/upload/c_limit,h_1200,q_75,w_1200/v1/crm/neworleans/NOTMC_333390_7a54e6f3-5056-b365-ab9efeb0240f0187.jpg""}","Parades, Holiday: Mardi Gras, Parades: Mardi Gras, Month: February","{""@type"":""Event"",""@id"":""https://www.neworleans.com/event/krewe-of-tucks/3416/#event"",""url"":""https://www.neworleans.com/event/krewe-of-tucks/3416/"",""name"":""Krewe of Tucks"",""description"":""Known for its irreverence, the Krewe of Tucks began in 1969 as a rag-tag group of Loyola University students. The club takes its name from Friar..."",""startDate"":""2027-02-06"",""endDate"":""2027-02-06"",""keywords"":""Parades, Holiday: Mardi Gras, Parades: Mardi Gras, Month: February"",""eventStatus"":""https://schema.org/EventScheduled"",""image"":{""@type"":""ImageObject"",""url"":""https://assets.simpleviewinc.com/simpleview/image/upload/c_limit,h_1200,q_75,w_1200/v1/crm/neworleans/NOTMC_333390_7a54e6f3-5056-b365-ab9efeb0240f0187.jpg""},""location"":{""@type"":""Place"",""name"":""Uptown & CBD""}}"
2026-10-01T16:03:02Z,neworleansonline.com,100067,4bf58dd8d48988d1e5931735|music venue,http://www.neworleansonline.com/calendar/year.html,Event,mapped_seed_site,,Krewe of Orpheus,2027-02-08,2027-02-08,https://www.neworleans.com/event/krewe-of-orpheus/3390/,https://schema.org/EventScheduled,,The Krewe of Orpheus made history in 1994 when its first parade rolled with 700 members. Its organizers wanted to give New Orleans a third consecutive...,"{""@type"":""Place"",""name"":""Uptown, CBD & Warehouse District""}",,,,"{""@type"":""ImageObject"",""url"":""https://assets.simpleviewinc.com/simpleview/image/upload/c_limit,h_1200,q_75,w_1200/v1/crm/neworleans/NOTMC_332650_76eb1382-5056-b365-abaa13e35141b279.jpg""}","Parades, Holiday: Mardi Gras, Parades: Mardi Gras, Month: February","{""@type"":""Event"",""@id"":""https://www.neworleans.com/event/krewe-of-orpheus/3390/#event"",""url"":""https://www.neworleans.com/event/krewe-of-orpheus/3390/"",""name"":""Krewe of Orpheus"",""description"":""The Krewe of Orpheus made history in 1994 when its first parade rolled with 700 members. Its organizers wanted to give New Orleans a third consecutive..."",""startDate"":""2027-02-08"",""endDate"":""2027-02-08"",""keywords"":""Parades, Holiday: Mardi Gras, Parades: Mardi Gras, Month: February"",""eventStatus"":""https://schema.org/EventScheduled"",""image"":{""@type"":""ImageObject"",""url"":""https://assets.simpleviewinc.com/simpleview/image/upload/c_limit,h_1200,q_75,w_1200/v1/crm/neworleans/NOTMC_332650_76eb1382-5056-b365-abaa13e35141b279.jpg""},""location"":{""@type"":""Place"",""name"":""Uptown, CBD & Warehouse District""}}"
2026-10-01T16:03:02Z,neworleansonline.com,100067,4bf58dd8d48988d1e5931735|music venue,http://www.neworleansonline.com/calendar/year.html,Event,mapped_seed_site,,Krewe of Proteus,2027-02-08,2027-02-08,https://www.neworleans.com/event/krewe-of-proteus/3410/,https://schema.org/EventScheduled,,"Carnival’s second oldest parading organization was founded in 1882. Known in Greek mythology as the shepherd of the ocean, Proteus was a god who acted...","{""@type"":""Place"",""name"":""Uptown & CBD""}",,,,"{""@type"":""ImageObject"",""url"":""https://assets.simpleviewinc.com/simpleview/image/upload/c_limit,h_1200,q_75,w_1200/v1/crm/neworleans/Proteus_0_79cfdd75-5056-b365-ab90a2df5c003aa3.jpg""}","Parades, Holiday: Mardi Gras, Parades: Mardi Gras, Month: February","{""@type"":""Event"",""@id"":""https://www.neworleans.com/event/krewe-of-proteus/3410/#event"",""url"":""https://www.neworleans.com/event/krewe-of-proteus/3410/"",""name"":""Krewe of Proteus"",""description"":""Carnival’s second oldest parading organization was founded in 1882. Known in Greek mythology as the shepherd of the ocean, Proteus was a god who acted..."",""startDate"":""2027-02-08"",""endDate"":""2027-02-08"",""keywords"":""Parades, Holiday: Mardi Gras, Parades: Mardi Gras, Month: February"",""eventStatus"":""https://schema.org/EventScheduled"",""image"":{""@type"":""ImageObject"",""url"":""https://assets.simpleviewinc.com/simpleview/image/upload/c_limit,h_1200,q_75,w_1200/v1/crm/neworleans/Proteus_0_79cfdd75-5056-b365-ab90a2df5c003aa3.jpg""},""location"":{""@type"":""Place"",""name"":""Uptown & CBD""}}"
2026-10-01T16:03:02Z,livenation.com,100039|100071|100074|100109|100118,4bf58dd8d48988d1e5931735|amphitheater|concert hall|music venue|rock club,https://www.livenation.com/artist/K8vZ917ofYf/sylvan-esso-events,MusicEvent,mapped_exact,0.000,Sylvan Esso,2027-03-11T20:00:00-06:00,,https://www.livenation.com/event/rZ7HnEZ1AfqK8N/sylvan-esso,https://schema.org/EventScheduled,https://schema.org/OfflineEventAttendanceMode,"Sylvan Esso Thursday, March 11, 2027 at 8:00 PM CST Tipitinas, New Orleans, LA","{""@type"":""Place"",""address"":{""@type"":""PostalAddress"",""addressCountry"":{""@type"":""Country"",""name"":""US""},""addressLocality"":""New Orleans"",""addressRegion"":""LA"",""postalCode"":""70115"",""streetAddress"":""501 Napoleon Ave""},""name"":""Tipitinas"",""sameAs"":""https://www.livenation.com/venue/KovZpZA1n61A/tipitinas-events""}",,,,"""https://s1.ticketm.net/dam/a/676/983a21d6-933e-4fb7-9f83-7d73c6e16676_TABLET_LANDSCAPE_LARGE_16_9.jpg""",,"{""@context"":""https://schema.org"",""@type"":""MusicEvent"",""description"":""Sylvan Esso Thursday, March 11, 2027 at 8:00 PM CST Tipitinas, New Orleans, LA"",""eventAttendanceMode"":""https://schema.org/OfflineEventAttendanceMode"",""eventStatus"":""https://schema.org/EventScheduled"",""image"":""https://s1.ticketm.net/dam/a/676/983a21d6-933e-4fb7-9f83-7d73c6e16676_TABLET_LANDSCAPE_LARGE_16_9.jpg"",""location"":{""@type"":""Place"",""address"":{""@type"":""PostalAddress"",""addressCountry"":{""@type"":""Country"",""name"":""US""},""addressLocality"":""New Orleans"",""addressRegion"":""LA"",""postalCode"":""70115"",""streetAddress"":""501 Napoleon Ave""},""name"":""Tipitinas"",""sameAs"":""https://www.livenation.com/venue/KovZpZA1n61A/tipitinas-events""},""name"":""Sylvan Esso"",""performers"":[{""@type"":""MusicGroup"",""name"":""Sylvan Esso"",""sameAs"":""https://www.livenation.com/artist/K8vZ917ofYf/sylvan-esso-events""}],""startDate"":""2027-03-11T20:00:00-06:00"",""url"":""https://www.livenation.com/event/rZ7HnEZ1AfqK8N/sylvan-esso""}"
2026-10-01T16:03:02Z,mahaliajacksontheater.com,100067,4bf58dd8d48988d137941735|4bf58dd8d48988d1f2931735|concert hall|performing arts venue|theater,https://us.atgtickets.com/events/alvin-ailey-program-a/mahalia-jackson-theater/,TheaterEvent,mapped_radius,10.198,Alvin Ailey American Dance Theater - Program A,2027-03-14T01:30:00.000Z,,https://us.atgtickets.com/events/alvin-ailey-program-a/mahalia-jackson-theater/,https://schema.org/EventScheduled,https://schema.org/OfflineEventAttendanceMode,"Alvin Ailey American Dance Theater - Program A comes to New Orleans at Mahalia Jackson Theatre from March 13, 2027. Get tickets from the official box office with ATG Tickets.","{""@type"":""PerformingArtsTheater"",""@id"":""https://us.atgtickets.com/venues/mahalia-jackson-theater/#venue"",""name"":""Mahalia Jackson Theater"",""url"":""https://us.atgtickets.com/venues/mahalia-jackson-theater/"",""address"":{""@type"":""PostalAddress"",""streetAddress"":""1419 Basin St"",""addressLocality"":""New Orleans"",""postalCode"":""70116"",""addressCountry"":""United States""},""geo"":{""@type"":""GeoCoordinates"",""latitude"":29.9631,""longitude"":-90.0693}}",,"{""@type"":""Organization"",""name"":""Ambassador Theatre Group"",""url"":""https://www.atgentertainment.com/""}","{""@type"":""PerformingGroup"",""name"":""Alvin Ailey American Dance Theater - Program A""}","[""https://res.cloudinary.com/dwzhqvxaz/image/upload/c_pad,w_1920,ar_16:9,q_auto,f_auto/q_auto%2Cf_auto/umbraco-prod/yhshyygz/noba-alvin-ailey-american-dance-theater-3000x1687.png""]",,"{""@context"":""https://schema.org"",""@type"":""TheaterEvent"",""@id"":""https://us.atgtickets.com/events/alvin-ailey-program-a/mahalia-jackson-theater/#event"",""name"":""Alvin Ailey American Dance Theater - Program A"",""description"":""Alvin Ailey American Dance Theater - Program A comes to New Orleans at Mahalia Jackson Theatre from March 13, 2027. Get tickets from the official box office with ATG Tickets."",""url"":""https://us.atgtickets.com/events/alvin-ailey-program-a/mahalia-jackson-theater/"",""image"":[""https://res.cloudinary.com/dwzhqvxaz/image/upload/c_pad,w_1920,ar_16:9,q_auto,f_auto/q_auto%2Cf_auto/umbraco-prod/yhshyygz/noba-alvin-ailey-american-dance-theater-3000x1687.png""],""eventStatus"":""https://schema.org/EventScheduled"",""eventAttendanceMode"":""https://schema.org/OfflineEventAttendanceMode"",""location"":{""@type"":""PerformingArtsTheater"",""@id"":""https://us.atgtickets.com/venues/mahalia-jackson-theater/#venue"",""name"":""Mahalia Jackson Theater"",""url"":""https://us.atgtickets.com/venues/mahalia-jackson-theater/"",""address"":{""@type"":""PostalAddress"",""streetAddress"":""1419 Basin St"",""addressLocality"":""New Orleans"",""postalCode"":""70116"",""addressCountry"":""United States""},""geo"":{""@type"":""GeoCoordinates"",""latitude"":29.9631,""longitude"":-90.0693}},""startDate"":""2027-03-14T01:30:00.000Z"",""organizer"":{""@type"":""Organization"",""name"":""Ambassador Theatre Group"",""url"":""https://www.atgentertainment.com/""},""performer"":{""@type"":""PerformingGroup"",""name"":""Alvin Ailey American Dance Theater - Program A""}}"
2026-10-01T16:03:02Z,mahaliajacksontheater.com,100067,4bf58dd8d48988d137941735|4bf58dd8d48988d1f2931735|concert hall|performing arts venue|theater,https://us.atgtickets.com/events/alvin-ailey-program-b/mahalia-jackson-theater/,TheaterEvent,mapped_radius,10.198,Alvin Ailey American Dance Theater - Program B,2027-03-14T20:00:00.000Z,,https://us.atgtickets.com/events/alvin-ailey-program-b/mahalia-jackson-theater/,https://schema.org/EventScheduled,https://schema.org/OfflineEventAttendanceMode,"Alvin Ailey American Dance Theater - Program B comes to New Orleans at Mahalia Jackson Theatre from March 14, 2027. Get tickets from the official box office with ATG Tickets.","{""@type"":""PerformingArtsTheater"",""@id"":""https://us.atgtickets.com/venues/mahalia-jackson-theater/#venue"",""name"":""Mahalia Jackson Theater"",""url"":""https://us.atgtickets.com/venues/mahalia-jackson-theater/"",""address"":{""@type"":""PostalAddress"",""streetAddress"":""1419 Basin St"",""addressLocality"":""New Orleans"",""postalCode"":""70116"",""addressCountry"":""United States""},""geo"":{""@type"":""GeoCoordinates"",""latitude"":29.9631,""longitude"":-90.0693}}",,"{""@type"":""Organization"",""name"":""Ambassador Theatre Group"",""url"":""https://www.atgentertainment.com/""}","{""@type"":""PerformingGroup"",""name"":""Alvin Ailey American Dance Theater - Program B""}","[""https://res.cloudinary.com/dwzhqvxaz/image/upload/c_pad,w_1920,ar_16:9,q_auto,f_auto/q_auto%2Cf_auto/umbraco-prod/yhshyygz/noba-alvin-ailey-american-dance-theater-3000x1687.png""]",,"{""@context"":""https://schema.org"",""@type"":""TheaterEvent"",""@id"":""https://us.atgtickets.com/events/alvin-ailey-program-b/mahalia-jackson-theater/#event"",""name"":""Alvin Ailey American Dance Theater - Program B"",""description"":""Alvin Ailey American Dance Theater - Program B comes to New Orleans at Mahalia Jackson Theatre from March 14, 2027. Get tickets from the official box office with ATG Tickets."",""url"":""https://us.atgtickets.com/events/alvin-ailey-program-b/mahalia-jackson-theater/"",""image"":[""https://res.cloudinary.com/dwzhqvxaz/image/upload/c_pad,w_1920,ar_16:9,q_auto,f_auto/q_auto%2Cf_auto/umbraco-prod/yhshyygz/noba-alvin-ailey-american-dance-theater-3000x1687.png""],""eventStatus"":""https://schema.org/EventScheduled"",""eventAttendanceMode"":""https://schema.org/OfflineEventAttendanceMode"",""location"":{""@type"":""PerformingArtsTheater"",""@id"":""https://us.atgtickets.com/venues/mahalia-jackson-theater/#venue"",""name"":""Mahalia Jackson Theater"",""url"":""https://us.atgtickets.com/venues/mahalia-jackson-theater/"",""address"":{""@type"":""PostalAddress"",""streetAddress"":""1419 Basin St"",""addressLocality"":""New Orleans"",""postalCode"":""70116"",""addressCountry"":""United States""},""geo"":{""@type"":""GeoCoordinates"",""latitude"":29.9631,""longitude"":-90.0693}},""startDate"":""2027-03-14T20:00:00.000Z"",""organizer"":{""@type"":""Organization"",""name"":""Ambassador Theatre Group"",""url"":""https://www.atgentertainment.com/""},""performer"":{""@type"":""PerformingGroup"",""name"":""Alvin Ailey American Dance Theater - Program B""}}"
2026-10-01T16:03:02Z,neworleansonline.com,100067,4bf58dd8d48988d1e5931735|music venue,http://www.neworleansonline.com/calendar/year.html,Event,mapped_seed_site,,Gay Easter Parade,2027-03-28,2027-03-28,https://www.neworleans.com/event/gay-easter-parade/3860/,https://schema.org/EventScheduled,,"In New Orleans, every gathering is an occasion for glitz and glamour—but Gay Easter is a showstopper even by our standards. The weekend is packed with...","{""@type"":""Place"",""name"":""French Quarter""}",,,,"{""@type"":""ImageObject"",""url"":""https://assets.simpleviewinc.com/simpleview/image/upload/c_limit,h_1200,q_75,w_1200/v1/crm/neworleans/NOTMC_437030_e853d149-5056-b365-abb5bdeb9e8cef3d.jpg""}","Festivals: Spring, Holiday: Easter, LGBT, Month: March","{""@type"":""Event"",""@id"":""https://www.neworleans.com/event/gay-easter-parade/3860/#event"",""url"":""https://www.neworleans.com/event/gay-easter-parade/3860/"",""name"":""Gay Easter Parade"",""description"":""In New Orleans, every gathering is an occasion for glitz and glamour—but Gay Easter is a showstopper even by our standards. The weekend is packed with..."",""startDate"":""2027-03-28"",""endDate"":""2027-03-28"",""keywords"":""Festivals: Spring, Holiday: Easter, LGBT, Month: March"",""eventStatus"":""https://schema.org/EventScheduled"",""image"":{""@type"":""ImageObject"",""url"":""https://assets.simpleviewinc.com/simpleview/image/upload/c_limit,h_1200,q_75,w_1200/v1/crm/neworleans/NOTMC_437030_e853d149-5056-b365-abb5bdeb9e8cef3d.jpg""},""location"":{""@type"":""Place"",""name"":""French Quarter""}}"
2026-10-01T16:03:02Z,neworleansonline.com,100067,4bf58dd8d48988d1e5931735|music venue,http://www.neworleansonline.com/calendar/year.html,Event,mapped_seed_site,,French Quarter Festival,2027-04-08,2027-04-11,https://www.neworleans.com/event/french-quarter-festival/3268/,https://schema.org/EventScheduled,,"About French Quarter Festival French Quarter Festival spotlights the vibrant culture of New Orleans and the Vieux Carré, drawing in visitors from...","{""@type"":""Place"",""name"":""French Quarter""}",,,,"{""@type"":""ImageObject"",""url"":""https://assets.simpleviewinc.com/simpleview/image/upload/c_limit,h_1200,q_75,w_1200/v1/crm/neworleans/NOTMC_383030_76918003-5056-b365-ab36cca467ccabbd.jpg""}","Family Friendly, Festivals, Festivals: Spring, Festivals: Music, Month: April","{""@type"":""Event"",""@id"":""https://www.neworleans.com/event/french-quarter-festival/3268/#event"",""url"":""https://www.neworleans.com/event/french-quarter-festival/3268/"",""name"":""French Quarter Festival"",""description"":""About French Quarter Festival French Quarter Festival spotlights the vibrant culture of New Orleans and the Vieux Carré, drawing in visitors from..."",""startDate"":""2027-04-08"",""endDate"":""2027-04-11"",""keywords"":""Family Friendly, Festivals, Festivals: Spring, Festivals: Music, Month: April"",""eventStatus"":""https://schema.org/EventScheduled"",""image"":{""@type"":""ImageObject"",""url"":""https://assets.simpleviewinc.com/simpleview/image/upload/c_limit,h_1200,q_75,w_1200/v1/crm/neworleans/NOTMC_383030_76918003-5056-b365-ab36cca467ccabbd.jpg""},""location"":{""@type"":""Place"",""name"":""French Quarter""}}"
