tec_run_started_utc,tec_canonical_host,tec_endpoint,tec_page,event.id,event.global_id,event.title,event.start_date,event.utc_start_date,event.end_date,event.utc_end_date,event.timezone,event.all_day,event.featured,event.status,event.url,event.website,event.purchase_link,event.cost,event.cost_details_json,event.categories_json,event.tags_json,event.venue_json,event.organizer_json,event.description,event.excerpt,event.image_json,event.custom_fields_json,event.hide_from_listings,event.is_virtual,event.virtual_url,event.virtual_video_source,event.modified,event.modified_utc,event.show_map,event.show_map_link,event.subevents_json,event.ticketed,event.ticketed_json
2026-09-30T20:45:37Z,blaisdellcenter.com,https://blaisdellcenter.com/wp-json/tribe/events/v1/events,1,10005894,blaisdellcenter.com?id=10005894,Farmers Market,2026-09-30 16:00:00,2026-10-01 02:00:00,2026-09-30 19:00:00,2026-10-01 05:00:00,Pacific/Honolulu,false,false,publish,https://blaisdellcenter.com/event/farmers-market/2026-09-30/,,,Free,"{""currency_symbol"":""$"",""currency_code"":""USD"",""currency_position"":""prefix"",""values"":[""free""]}","[{""id"":268,""name"":""Arena Parking Lot"",""slug"":""arena-parking-lot"",""parent"":0},{""id"":265,""name"":""Other"",""slug"":""other"",""parent"":0}]",[],"{""id"":111139,""global_id"":""blaisdellcenter.com?id=111139"",""venue"":""Concert Hall"",""address"":""777 Ward Ave"",""city"":""Honolulu"",""country"":""United States"",""state"":""HI"",""zip"":""96814"",""url"":""https://blaisdellcenter.com/venue/concert-hall/"",""show_map"":true,""show_map_link"":true}","[{""id"":111247,""global_id"":""blaisdellcenter.com?id=111247"",""organizer"":""Hawaii Farm Bureau"",""url"":""https://blaisdellcenter.com/organizer/hawaii-farm-bureau/""}]",@ Hawaii Farm Bureau logo The Farmers Market is at the Arena parking lot at the corner of Kapiolani Blvd and Ward Ave – unless otherwise noted.,,false,"{""_ecp_custom_3"":{""label"":""Food/Concessions"",""value"":""YES""}}",false,false,,,2026-05-27 11:58:23,2026-05-27 21:58:23,true,true,,,
2026-09-30T20:45:37Z,blaisdellcenter.com,https://blaisdellcenter.com/wp-json/tribe/events/v1/events,1,10006611,blaisdellcenter.com?id=10006611,Great Guns Show,2026-10-03 10:00:00,2026-10-03 20:00:00,2026-10-03 17:00:00,2026-10-04 03:00:00,Pacific/Honolulu,false,false,publish,https://blaisdellcenter.com/event/great-guns-show/2026-10-03/,,,,"{""currency_symbol"":""$"",""currency_code"":""USD"",""currency_position"":""prefix"",""values"":[]}","[{""id"":252,""name"":""Exhibition Hall"",""slug"":""exhibition-hall"",""parent"":0},{""id"":243,""name"":""Expo"",""slug"":""expo"",""parent"":0}]",[],"{""id"":111141,""global_id"":""blaisdellcenter.com?id=111141"",""venue"":""Exhibition Hall"",""address"":""777 Ward Ave"",""city"":""Honolulu"",""country"":""United States"",""state"":""HI"",""zip"":""96814"",""url"":""https://blaisdellcenter.com/venue/exhibition-hall/"",""show_map"":true,""show_map_link"":true}","[{""id"":111727,""global_id"":""blaisdellcenter.com?id=111727"",""organizer"":""Hawaii Historic Arms Association"",""url"":""https://blaisdellcenter.com/organizer/hawaii-historic-arms-association/""}]","@ Buy Tickets for Great Guns Show on Saturday, Oct 3 Buy Tickets for Great Guns Show on Sunday, Oct 4 95th HHAA Great Gun Show (EHE1003/ EHE1004) Saturday, October 3, 2026 @ 10:00 am – 5:00 pm Sunday, October 4, 2026 @ 10:00 am – 5:00 pm Ages 12 & up need to purchase a ticket for entry. No ticket limit. Venue: Blaisdell Exhibition Hall Sale Date: Tuesday, September 29, 2026 @ 10:00am HST Ticket Value: $10.00 Admission Show not recommended for young children under age 11 Payment Accepted by: Cash ONLY Service Fees: Box Office sales – $0.50 per ticket facility fee Applicable fees apply to all Ticketmaster Internet Ticketmaster: Online www.ticketmaster.com Ticketmaster TDD (Telecommunications Device for the Deaf): 1-800-474-4833 Blaisdell Box Office: Blaisdell Box Office info line: (808) 768-5252 Blaisdell Box Office TDD (Telecommunications Device for the Deaf): (808) 768-9270 Hawaii Historic Arms Association",,false,[],false,false,,,2026-09-29 12:52:07,2026-09-29 22:52:07,false,false,,,
2026-09-30T20:45:37Z,blaisdellcenter.com,https://blaisdellcenter.com/wp-json/tribe/events/v1/events,1,10006612,blaisdellcenter.com?id=10006612,Great Guns Show,2026-10-04 10:00:00,2026-10-04 20:00:00,2026-10-04 17:00:00,2026-10-05 03:00:00,Pacific/Honolulu,false,false,publish,https://blaisdellcenter.com/event/great-guns-show/2026-10-04/,,,,"{""currency_symbol"":""$"",""currency_code"":""USD"",""currency_position"":""prefix"",""values"":[]}","[{""id"":252,""name"":""Exhibition Hall"",""slug"":""exhibition-hall"",""parent"":0},{""id"":243,""name"":""Expo"",""slug"":""expo"",""parent"":0}]",[],"{""id"":111141,""global_id"":""blaisdellcenter.com?id=111141"",""venue"":""Exhibition Hall"",""address"":""777 Ward Ave"",""city"":""Honolulu"",""country"":""United States"",""state"":""HI"",""zip"":""96814"",""url"":""https://blaisdellcenter.com/venue/exhibition-hall/"",""show_map"":true,""show_map_link"":true}","[{""id"":111727,""global_id"":""blaisdellcenter.com?id=111727"",""organizer"":""Hawaii Historic Arms Association"",""url"":""https://blaisdellcenter.com/organizer/hawaii-historic-arms-association/""}]","@ Buy Tickets for Great Guns Show on Saturday, Oct 3 Buy Tickets for Great Guns Show on Sunday, Oct 4 95th HHAA Great Gun Show (EHE1003/ EHE1004) Saturday, October 3, 2026 @ 10:00 am – 5:00 pm Sunday, October 4, 2026 @ 10:00 am – 5:00 pm Ages 12 & up need to purchase a ticket for entry. No ticket limit. Venue: Blaisdell Exhibition Hall Sale Date: Tuesday, September 29, 2026 @ 10:00am HST Ticket Value: $10.00 Admission Show not recommended for young children under age 11 Payment Accepted by: Cash ONLY Service Fees: Box Office sales – $0.50 per ticket facility fee Applicable fees apply to all Ticketmaster Internet Ticketmaster: Online www.ticketmaster.com Ticketmaster TDD (Telecommunications Device for the Deaf): 1-800-474-4833 Blaisdell Box Office: Blaisdell Box Office info line: (808) 768-5252 Blaisdell Box Office TDD (Telecommunications Device for the Deaf): (808) 768-9270 Hawaii Historic Arms Association",,false,[],false,false,,,2026-09-29 12:52:07,2026-09-29 22:52:07,false,false,,,
2026-09-30T20:45:37Z,blaisdellcenter.com,https://blaisdellcenter.com/wp-json/tribe/events/v1/events,1,10005895,blaisdellcenter.com?id=10005895,Farmers Market,2026-10-07 16:00:00,2026-10-08 02:00:00,2026-10-07 19:00:00,2026-10-08 05:00:00,Pacific/Honolulu,false,false,publish,https://blaisdellcenter.com/event/farmers-market/2026-10-07/,,,Free,"{""currency_symbol"":""$"",""currency_code"":""USD"",""currency_position"":""prefix"",""values"":[""free""]}","[{""id"":268,""name"":""Arena Parking Lot"",""slug"":""arena-parking-lot"",""parent"":0},{""id"":265,""name"":""Other"",""slug"":""other"",""parent"":0}]",[],"{""id"":111139,""global_id"":""blaisdellcenter.com?id=111139"",""venue"":""Concert Hall"",""address"":""777 Ward Ave"",""city"":""Honolulu"",""country"":""United States"",""state"":""HI"",""zip"":""96814"",""url"":""https://blaisdellcenter.com/venue/concert-hall/"",""show_map"":true,""show_map_link"":true}","[{""id"":111247,""global_id"":""blaisdellcenter.com?id=111247"",""organizer"":""Hawaii Farm Bureau"",""url"":""https://blaisdellcenter.com/organizer/hawaii-farm-bureau/""}]",@ Hawaii Farm Bureau logo The Farmers Market is at the Arena parking lot at the corner of Kapiolani Blvd and Ward Ave – unless otherwise noted.,,false,"{""_ecp_custom_3"":{""label"":""Food/Concessions"",""value"":""YES""}}",false,false,,,2026-05-27 11:58:23,2026-05-27 21:58:23,true,true,,,
2026-09-30T20:45:37Z,blaisdellcenter.com,https://blaisdellcenter.com/wp-json/tribe/events/v1/events,1,122242,blaisdellcenter.com?id=122242,Pan Pacific Barbershop Convention,2026-10-10 12:00:00,2026-10-10 22:00:00,2026-10-10 20:00:00,2026-10-11 06:00:00,Pacific/Honolulu,false,false,publish,https://blaisdellcenter.com/event/pan-pacific-barbershop-convention/,,,,"{""currency_symbol"":""$"",""currency_code"":""USD"",""currency_position"":""prefix"",""values"":[]}","[{""id"":242,""name"":""Concert"",""slug"":""concert"",""parent"":0},{""id"":250,""name"":""Concert Hall"",""slug"":""concert-hall"",""parent"":0}]",[],"{""id"":111139,""global_id"":""blaisdellcenter.com?id=111139"",""venue"":""Concert Hall"",""address"":""777 Ward Ave"",""city"":""Honolulu"",""country"":""United States"",""state"":""HI"",""zip"":""96814"",""url"":""https://blaisdellcenter.com/venue/concert-hall/"",""show_map"":true,""show_map_link"":true}","[{""id"":122243,""global_id"":""blaisdellcenter.com?id=122243"",""organizer"":""Sounds of Aloha Chorus"",""url"":""https://blaisdellcenter.com/organizer/sounds-of-aloha-chorus/""}]",@ This show is free! Sounds of Aloha Chorus,,false,[],false,false,,,2026-09-23 16:04:15,2026-09-24 02:04:15,false,false,,,
2026-09-30T20:45:37Z,blaisdellcenter.com,https://blaisdellcenter.com/wp-json/tribe/events/v1/events,1,10005896,blaisdellcenter.com?id=10005896,Farmers Market,2026-10-14 16:00:00,2026-10-15 02:00:00,2026-10-14 19:00:00,2026-10-15 05:00:00,Pacific/Honolulu,false,false,publish,https://blaisdellcenter.com/event/farmers-market/2026-10-14/,,,Free,"{""currency_symbol"":""$"",""currency_code"":""USD"",""currency_position"":""prefix"",""values"":[""free""]}","[{""id"":268,""name"":""Arena Parking Lot"",""slug"":""arena-parking-lot"",""parent"":0},{""id"":265,""name"":""Other"",""slug"":""other"",""parent"":0}]",[],"{""id"":111139,""global_id"":""blaisdellcenter.com?id=111139"",""venue"":""Concert Hall"",""address"":""777 Ward Ave"",""city"":""Honolulu"",""country"":""United States"",""state"":""HI"",""zip"":""96814"",""url"":""https://blaisdellcenter.com/venue/concert-hall/"",""show_map"":true,""show_map_link"":true}","[{""id"":111247,""global_id"":""blaisdellcenter.com?id=111247"",""organizer"":""Hawaii Farm Bureau"",""url"":""https://blaisdellcenter.com/organizer/hawaii-farm-bureau/""}]",@ Hawaii Farm Bureau logo The Farmers Market is at the Arena parking lot at the corner of Kapiolani Blvd and Ward Ave – unless otherwise noted.,,false,"{""_ecp_custom_3"":{""label"":""Food/Concessions"",""value"":""YES""}}",false,false,,,2026-05-27 11:58:23,2026-05-27 21:58:23,true,true,,,
2026-09-30T20:45:37Z,blaisdellcenter.com,https://blaisdellcenter.com/wp-json/tribe/events/v1/events,1,121920,blaisdellcenter.com?id=121920,WWE Hawaii Live Tour 2026,2026-10-16 19:30:00,2026-10-17 05:30:00,2026-10-16 19:30:00,2026-10-17 05:30:00,Pacific/Honolulu,false,false,publish,https://blaisdellcenter.com/event/wwe-hawaii-live-tour-2026/,,,,"{""currency_symbol"":""$"",""currency_code"":""USD"",""currency_position"":""prefix"",""values"":[]}","[{""id"":249,""name"":""Arena"",""slug"":""arena"",""parent"":0},{""id"":274,""name"":""Sports"",""slug"":""sports"",""parent"":0}]",[],"{""id"":110718,""global_id"":""blaisdellcenter.com?id=110718"",""venue"":""Arena"",""address"":""777 Ward Ave"",""city"":""Honolulu"",""country"":""United States"",""state"":""HI"",""zip"":""96814"",""url"":""https://blaisdellcenter.com/venue/arena/"",""show_map"":true,""show_map_link"":true}","[{""id"":121922,""global_id"":""blaisdellcenter.com?id=121922"",""organizer"":""WWE"",""url"":""https://blaisdellcenter.com/organizer/wwe/""}]","@ Buy Tickets for WWE Hawaii Live Tour WWE HAWAII LIVE TOUR 2026 (EHB1016) **Prior to the live event, WWE will host a tryout at Blaisdell Arena, providing prospective talent the opportunity to showcase their abilities in front of WWE recruiters, coaches, and executives. Additional details on the event will be announced in the coming weeks.** Friday, October 16, 2026 @ 7:30pm / Doors @ 6:30pm FRIDAY MAIN EVENT THE USOS & JACOB FATU vs. THE 946 OBA FEMI vs. BRONSON REED SATURDAY MAIN EVENT 6 MAN TAG TEAM MATCH OBA FEMI, LA KNIGHT & PENTA vs. THE VISION JACOB FATU w. THE USOS vs. ROYCE KEYS w. THE 946 ALSO SCHEDULE TO APPEAR STEPHANIE VAQUER BAYLEY JE’VON EVANS REY MYSTERIO LIV MORGAN THE JUDGEMENT DAY IYO SKY DRAGON LEE SOL RUCA CHAD GABLE BIG CASSRUSEV Valet Parking EHB1016P Ages 2 & up will need to purchase a ticket for entry. 8 ticket limit. Venue: Blaisdell Arena Sale Date: Password Presale (online only) Wed, August 12, 2026 @ 10am – Thurs, August 13, 2026 @ 11:59pm HST Public on sale: Fri, August 14, 2026 @ 10am HST Ticket Value: (Include appropriate S/C) Use J-Type: $300 Ringside rows 1-2 $250 Ringside rows 3-4 $200 Ringside rows 6 and on $150 Front of Riser P / B/ F $100 Front of Riser N / S/ A / C/ E, Mid of Riser P / B/ F $90 Front of Riser T/ D/ G, Mid of Riser N/ S/ A/ C/ E, Back of Riser P/ B/ F, Loges $80 Back of Riser N/ S/ T/ A/ C/ D/ E/ G, Loges, Upper Level $70 Loges, Upper Level $60 Upper Level $45 Upper Level $30 Upper Level Payment Accepted by: Cash/Visa/Master Card/Discover Service Fees: Box Office sales – $1.00 per ticket facility fee Applicable fees apply to all Ticketmaster Internet/Mobile. Ticketmaster: Online www.ticketmaster.com Ticketmaster TDD (Telecommunications Device for the Deaf): 1-800-474-4833 Blaisdell Box Office: Blaisdell Box Office info line: (808) 768-5252 Blaisdell Box Office TDD (Telecommunications Device for the Deaf): (808) 768-9270 WWE today announced its long-awaited return to Hawaii on Friday, October 16 at Blaisdell Arena in Honolulu as part of WWE’s 2026 Live Event Tour. This marks the first WWE live event to be held in Hawaii since 2019. Tickets will go on sale starting Friday, August 14 at 4pm ET/10am HST via Ticketmaster.com. Fans can purchase tickets during an exclusive presale beginning Wednesday, August 12 at 4pm ET/10am HST. The event will feature Seth ‘Freakin’ Rollins, The Usos, Jacob Fatu, “The Ruler” Oba Femi, Liv Morgan and many more! WWE last held an event at Blaisdell Arena in Honolulu on September 22, 2019. WWE",,"{""url"":""https://blaisdellcenter.com/wp-content/uploads/2026/08/CS-065582_HAWAII_LIVE-TOUR_1920x1080.jpg"",""id"":121978,""extension"":""jpg"",""width"":1920,""height"":1080}",[],false,false,,,2026-09-24 14:51:09,2026-09-25 00:51:09,false,false,,,
2026-09-30T20:45:37Z,blaisdellcenter.com,https://blaisdellcenter.com/wp-json/tribe/events/v1/events,1,122275,blaisdellcenter.com?id=122275,Honolulu Pride,2026-10-17 17:00:00,2026-10-18 03:00:00,2026-10-17 17:00:00,2026-10-18 03:00:00,Pacific/Honolulu,false,false,publish,https://blaisdellcenter.com/event/honolulu-pride/,,,,"{""currency_symbol"":""$"",""currency_code"":""USD"",""currency_position"":""prefix"",""values"":[]}","[{""id"":245,""name"":""Festival"",""slug"":""festival"",""parent"":0},{""id"":251,""name"":""Tom Moffatt Waikīkī Shell"",""slug"":""tom-moffatt-waikiki-shell"",""parent"":0}]",[],"{""id"":111144,""global_id"":""blaisdellcenter.com?id=111144"",""venue"":""Tom Moffatt Waikīkī Shell"",""address"":""2805 Monsarrat Ave"",""city"":""Honolulu"",""country"":""United States"",""state"":""HI"",""zip"":""96814"",""url"":""https://blaisdellcenter.com/venue/tom-moffatt-waikiki-shell/"",""show_map"":true,""show_map_link"":true}","[{""id"":119892,""global_id"":""blaisdellcenter.com?id=119892"",""organizer"":""Hawaii LGBTQ Legacy"",""url"":""https://blaisdellcenter.com/organizer/hawaii-lgbtq-legacy/""}]",@ This event is free! Hawaii LGBTQ Legacy,,false,[],false,false,,,2026-09-28 17:55:59,2026-09-29 03:55:59,false,false,,,
2026-09-30T20:45:37Z,blaisdellcenter.com,https://blaisdellcenter.com/wp-json/tribe/events/v1/events,1,121924,blaisdellcenter.com?id=121924,WWE Hawaii Live Tour 2026,2026-10-17 19:30:00,2026-10-18 05:30:00,2026-10-17 19:30:00,2026-10-18 05:30:00,Pacific/Honolulu,false,false,publish,https://blaisdellcenter.com/event/wwe-hawaii-live-tour-2026-2/,,,,"{""currency_symbol"":""$"",""currency_code"":""USD"",""currency_position"":""prefix"",""values"":[]}","[{""id"":249,""name"":""Arena"",""slug"":""arena"",""parent"":0},{""id"":274,""name"":""Sports"",""slug"":""sports"",""parent"":0}]",[],"{""id"":110718,""global_id"":""blaisdellcenter.com?id=110718"",""venue"":""Arena"",""address"":""777 Ward Ave"",""city"":""Honolulu"",""country"":""United States"",""state"":""HI"",""zip"":""96814"",""url"":""https://blaisdellcenter.com/venue/arena/"",""show_map"":true,""show_map_link"":true}",[],"@ Buy Tickets for WWE Hawaii Live Tour WWE HAWAII LIVE TOUR 2026 (EHB1016 / EHB1017) Friday, October 16, 2026 @ 7:30pm / Doors @ 6:30pm Saturday, October 17, 2026 @ 7:30pm / Doors @ 6:30pm FRIDAY MAIN EVENT THE USOS & JACOB FATU vs. THE 946 OBA FEMI vs. BRONSON REED SATURDAY MAIN EVENT 6 MAN TAG TEAM MATCH OBA FEMI, LA KNIGHT & PENTA vs. THE VISION JACOB FATU w. THE USOS vs. ROYCE KEYS w. THE 946 ALSO SCHEDULED TO APPEAR STEPHANIE VAQUER BAYLEY JE’VON EVANS REY MYSTERIO LIV MORGAN THE JUDGEMENT DAY IYO SKY DRAGON LEE SOL RUCA CHAD GABLE BIG CASSRUSEV Valet Parking EHB1016P / EHB1017P Ages 2 & up will need to purchase a ticket for entry. 8 ticket limit. Venue: Blaisdell Arena Sale Date: Password Presale (online only) Wed, August 19, 2026 @ 10am – Thurs, August 20, 2026 @ 11:59pm HST Public on sale: Fri, August 21, 2026 @ 10am HST Ticket Value: (Include appropriate S/C) Use J-Type: $300 Ringside rows 1-2 $250 Ringside rows 3-4 $200 Ringside rows 6 and on $150 Front of Riser P / B/ F $100 Front of Riser N / S/ A / C/ E, Mid of Riser P / B/ F $90 Front of Riser T/ D/ G, Mid of Riser N/ S/ A/ C/ E, Back of Riser P/ B/ F, Loges $80 Back of Riser N/ S/ T/ A/ C/ D/ E/ G, Loges, Upper Level $70 Loges, Upper Level $60 Upper Level $45 Upper Level $30 Upper Level Payment Accepted by: Cash/Visa/Master Card/Discover Service Fees: Box Office sales – $1.00 per ticket facility fee Applicable fees apply to all Ticketmaster Internet/Mobile. Ticketmaster: Online www.ticketmaster.com Ticketmaster TDD (Telecommunications Device for the Deaf): 1-800-474-4833 Blaisdell Box Office: Blaisdell Box Office info line: (808) 768-5252 Blaisdell Box Office TDD (Telecommunications Device for the Deaf): (808) 768-9270 WWE",,"{""url"":""https://blaisdellcenter.com/wp-content/uploads/2026/08/CS-065582_HAWAII_LIVE-TOUR_1920x1080.jpg"",""id"":121978,""extension"":""jpg"",""width"":1920,""height"":1080}",[],false,false,,,2026-09-24 14:50:08,2026-09-25 00:50:08,false,false,,,
2026-09-30T20:45:37Z,blaisdellcenter.com,https://blaisdellcenter.com/wp-json/tribe/events/v1/events,1,122222,blaisdellcenter.com?id=122222,PBX 2026,2026-10-21 07:30:00,2026-10-21 17:30:00,2026-10-21 16:30:00,2026-10-22 02:30:00,Pacific/Honolulu,false,false,publish,https://blaisdellcenter.com/event/pbx-2026/,,,,"{""currency_symbol"":""$"",""currency_code"":""USD"",""currency_position"":""prefix"",""values"":[]}","[{""id"":252,""name"":""Exhibition Hall"",""slug"":""exhibition-hall"",""parent"":0},{""id"":243,""name"":""Expo"",""slug"":""expo"",""parent"":0}]",[],"{""id"":111141,""global_id"":""blaisdellcenter.com?id=111141"",""venue"":""Exhibition Hall"",""address"":""777 Ward Ave"",""city"":""Honolulu"",""country"":""United States"",""state"":""HI"",""zip"":""96814"",""url"":""https://blaisdellcenter.com/venue/exhibition-hall/"",""show_map"":true,""show_map_link"":true}","[{""id"":122223,""global_id"":""blaisdellcenter.com?id=122223"",""organizer"":""Construction Specifications Institute HNL"",""url"":""https://blaisdellcenter.com/organizer/construction-specifications-institute-hnl/""}]",@ This is a private event. Construction Specifications Institute HNL,,false,[],false,false,,,2026-09-23 11:35:20,2026-09-23 21:35:20,false,false,,,
2026-09-30T20:45:37Z,blaisdellcenter.com,https://blaisdellcenter.com/wp-json/tribe/events/v1/events,1,10005897,blaisdellcenter.com?id=10005897,Farmers Market,2026-10-21 16:00:00,2026-10-22 02:00:00,2026-10-21 19:00:00,2026-10-22 05:00:00,Pacific/Honolulu,false,false,publish,https://blaisdellcenter.com/event/farmers-market/2026-10-21/,,,Free,"{""currency_symbol"":""$"",""currency_code"":""USD"",""currency_position"":""prefix"",""values"":[""free""]}","[{""id"":268,""name"":""Arena Parking Lot"",""slug"":""arena-parking-lot"",""parent"":0},{""id"":265,""name"":""Other"",""slug"":""other"",""parent"":0}]",[],"{""id"":111139,""global_id"":""blaisdellcenter.com?id=111139"",""venue"":""Concert Hall"",""address"":""777 Ward Ave"",""city"":""Honolulu"",""country"":""United States"",""state"":""HI"",""zip"":""96814"",""url"":""https://blaisdellcenter.com/venue/concert-hall/"",""show_map"":true,""show_map_link"":true}","[{""id"":111247,""global_id"":""blaisdellcenter.com?id=111247"",""organizer"":""Hawaii Farm Bureau"",""url"":""https://blaisdellcenter.com/organizer/hawaii-farm-bureau/""}]",@ Hawaii Farm Bureau logo The Farmers Market is at the Arena parking lot at the corner of Kapiolani Blvd and Ward Ave – unless otherwise noted.,,false,"{""_ecp_custom_3"":{""label"":""Food/Concessions"",""value"":""YES""}}",false,false,,,2026-05-27 11:58:23,2026-05-27 21:58:23,true,true,,,
2026-09-30T20:45:37Z,blaisdellcenter.com,https://blaisdellcenter.com/wp-json/tribe/events/v1/events,1,121729,blaisdellcenter.com?id=121729,Steel Pulse – Reggae Against Racism Tour,2026-10-23 18:00:00,2026-10-24 04:00:00,2026-10-23 18:00:00,2026-10-24 04:00:00,Pacific/Honolulu,false,false,publish,https://blaisdellcenter.com/event/steel-pulse-reggae-against-racism-tour/,,,,"{""currency_symbol"":""$"",""currency_code"":""USD"",""currency_position"":""prefix"",""values"":[]}","[{""id"":242,""name"":""Concert"",""slug"":""concert"",""parent"":0},{""id"":251,""name"":""Tom Moffatt Waikīkī Shell"",""slug"":""tom-moffatt-waikiki-shell"",""parent"":0}]",[],"{""id"":111144,""global_id"":""blaisdellcenter.com?id=111144"",""venue"":""Tom Moffatt Waikīkī Shell"",""address"":""2805 Monsarrat Ave"",""city"":""Honolulu"",""country"":""United States"",""state"":""HI"",""zip"":""96814"",""url"":""https://blaisdellcenter.com/venue/tom-moffatt-waikiki-shell/"",""show_map"":true,""show_map_link"":true}","[{""id"":111328,""global_id"":""blaisdellcenter.com?id=111328"",""organizer"":""Bamp Project"",""url"":""https://blaisdellcenter.com/organizer/bamp-project/""}]","@ Buy Tickets for Steel Pulse Friday, October 23, 2026 @ 7:00 pm / Doors @ 6:00 pm Ages 4 & up will need to purchase a ticket for entry. Ticket limit of 6 per household to be in effect for the entire time of ticket sales. Venue: Tom Moffatt Waikiki Shell Sale Date: Passcode protected presales (online only) Artist Presale: Wed, July 15, 2026 @ 10am HST – Thurs, July 16, 2026 @ 10pm HST BAMP Presale: Thurs, July 16, 2026 @ 10am – 10pm HST Public on sale: Friday, July 17, 2026 @ 10:00 am HST Ticket Value: (Include appropriate S/C): $89.50 Pool (General Admission) $59.50 1st Terrace $49.50 2nd Terrace $45.00 Lawn DAY OF PRICING $100 Pool (General Admission) $70 1st Terrace $60 2nd Terrace $50 Lawn Payment Accepted by: Cash/Visa/Master Card/Discover Service Fees: Box Office sales – $1.00 per ticket facility fee Applicable fees apply to all Ticketmaster Internet/Mobile. Ticketmaster: Online www.ticketmaster.com Ticketmaster TDD (Telecommunications Device for the Deaf): 1-800-474-4833 Blaisdell Box Office: Blaisdell Box Office info line: (808) 768-5252 Blaisdell Box Office TDD (Telecommunications Device for the Deaf): (808) 768-9270 Bamp Project",,"{""url"":""https://blaisdellcenter.com/wp-content/uploads/2026/07/SP_Oahu_1920x1080.png"",""id"":121730,""extension"":""png"",""width"":1920,""height"":1080}",[],false,false,,,2026-09-15 17:03:42,2026-09-16 03:03:42,false,false,,,
2026-09-30T20:45:37Z,blaisdellcenter.com,https://blaisdellcenter.com/wp-json/tribe/events/v1/events,1,122226,blaisdellcenter.com?id=122226,Star Advertiser Career Expo,2026-10-28 09:00:00,2026-10-28 19:00:00,2026-10-28 14:00:00,2026-10-29 00:00:00,Pacific/Honolulu,false,false,publish,https://blaisdellcenter.com/event/star-advertiser-career-expo/,,,,"{""currency_symbol"":""$"",""currency_code"":""USD"",""currency_position"":""prefix"",""values"":[]}","[{""id"":252,""name"":""Exhibition Hall"",""slug"":""exhibition-hall"",""parent"":0},{""id"":243,""name"":""Expo"",""slug"":""expo"",""parent"":0}]",[],"{""id"":111141,""global_id"":""blaisdellcenter.com?id=111141"",""venue"":""Exhibition Hall"",""address"":""777 Ward Ave"",""city"":""Honolulu"",""country"":""United States"",""state"":""HI"",""zip"":""96814"",""url"":""https://blaisdellcenter.com/venue/exhibition-hall/"",""show_map"":true,""show_map_link"":true}","[{""id"":113005,""global_id"":""blaisdellcenter.com?id=113005"",""organizer"":""Oahu Publications"",""url"":""https://blaisdellcenter.com/organizer/oahu-publications/""}]",@ This event is free. Oahu Publications,,false,[],false,false,,,2026-09-23 11:41:09,2026-09-23 21:41:09,false,false,,,
2026-09-30T20:45:37Z,blaisdellcenter.com,https://blaisdellcenter.com/wp-json/tribe/events/v1/events,1,10005898,blaisdellcenter.com?id=10005898,Farmers Market,2026-10-28 16:00:00,2026-10-29 02:00:00,2026-10-28 19:00:00,2026-10-29 05:00:00,Pacific/Honolulu,false,false,publish,https://blaisdellcenter.com/event/farmers-market/2026-10-28/,,,Free,"{""currency_symbol"":""$"",""currency_code"":""USD"",""currency_position"":""prefix"",""values"":[""free""]}","[{""id"":268,""name"":""Arena Parking Lot"",""slug"":""arena-parking-lot"",""parent"":0},{""id"":265,""name"":""Other"",""slug"":""other"",""parent"":0}]",[],"{""id"":111139,""global_id"":""blaisdellcenter.com?id=111139"",""venue"":""Concert Hall"",""address"":""777 Ward Ave"",""city"":""Honolulu"",""country"":""United States"",""state"":""HI"",""zip"":""96814"",""url"":""https://blaisdellcenter.com/venue/concert-hall/"",""show_map"":true,""show_map_link"":true}","[{""id"":111247,""global_id"":""blaisdellcenter.com?id=111247"",""organizer"":""Hawaii Farm Bureau"",""url"":""https://blaisdellcenter.com/organizer/hawaii-farm-bureau/""}]",@ Hawaii Farm Bureau logo The Farmers Market is at the Arena parking lot at the corner of Kapiolani Blvd and Ward Ave – unless otherwise noted.,,false,"{""_ecp_custom_3"":{""label"":""Food/Concessions"",""value"":""YES""}}",false,false,,,2026-05-27 11:58:23,2026-05-27 21:58:23,true,true,,,
2026-09-30T20:45:37Z,blaisdellcenter.com,https://blaisdellcenter.com/wp-json/tribe/events/v1/events,1,10006617,blaisdellcenter.com?id=10006617,Hawai’i Holiday Craft and Gift Fair,2026-10-30 12:00:00,2026-10-30 22:00:00,2026-10-30 19:00:00,2026-10-31 05:00:00,Pacific/Honolulu,false,false,publish,https://blaisdellcenter.com/event/hawaii-holiday-craft-and-gift-fair/2026-10-30/,,,,"{""currency_symbol"":""$"",""currency_code"":""USD"",""currency_position"":""prefix"",""values"":[]}","[{""id"":252,""name"":""Exhibition Hall"",""slug"":""exhibition-hall"",""parent"":0},{""id"":243,""name"":""Expo"",""slug"":""expo"",""parent"":0}]",[],"{""id"":111141,""global_id"":""blaisdellcenter.com?id=111141"",""venue"":""Exhibition Hall"",""address"":""777 Ward Ave"",""city"":""Honolulu"",""country"":""United States"",""state"":""HI"",""zip"":""96814"",""url"":""https://blaisdellcenter.com/venue/exhibition-hall/"",""show_map"":true,""show_map_link"":true}","[{""id"":114136,""global_id"":""blaisdellcenter.com?id=114136"",""organizer"":""Sunshine Productions"",""url"":""https://blaisdellcenter.com/organizer/sunshine-productions/""}]",@ Tickets available soon! Box Office information coming soon! Sunshine Productions,,false,[],false,false,,,2026-09-23 11:23:40,2026-09-23 21:23:40,false,false,,,
2026-09-30T20:45:37Z,blaisdellcenter.com,https://blaisdellcenter.com/wp-json/tribe/events/v1/events,1,10006615,blaisdellcenter.com?id=10006615,The Shining,2026-10-30 19:30:00,2026-10-31 05:30:00,2026-10-30 19:30:00,2026-10-31 05:30:00,Pacific/Honolulu,false,false,publish,https://blaisdellcenter.com/event/the-shining/2026-10-30/,,,,"{""currency_symbol"":""$"",""currency_code"":""USD"",""currency_position"":""prefix"",""values"":[]}","[{""id"":242,""name"":""Concert"",""slug"":""concert"",""parent"":0},{""id"":250,""name"":""Concert Hall"",""slug"":""concert-hall"",""parent"":0}]",[],"{""id"":111139,""global_id"":""blaisdellcenter.com?id=111139"",""venue"":""Concert Hall"",""address"":""777 Ward Ave"",""city"":""Honolulu"",""country"":""United States"",""state"":""HI"",""zip"":""96814"",""url"":""https://blaisdellcenter.com/venue/concert-hall/"",""show_map"":true,""show_map_link"":true}","[{""id"":111807,""global_id"":""blaisdellcenter.com?id=111807"",""organizer"":""Hawaii Opera Theater"",""url"":""https://blaisdellcenter.com/organizer/hawaii-opera-theater/""}]","@ Buy Tickets for The Shining on October 30 Buy Tickets for The Shining on November 1 HOT – The Shining Friday, October 30, 2026 @ 7:30 pm (EHC1030) Sunday, November 1, 2026 @ 4pm (EHC1101) All ages will need to purchase a ticket for entry. Ticket limit of 8 per household to be in effect for the entire time of ticket sales. Venue: Blaisdell Concert Hall Sale Date: Friday, September 25, 2026 @ 10:00 am HST Ticket Value: (Include appropriate S/C)Use ADULT: $130 $85 $45 $35 (Various ticket prices in each section) Note: HOT Box office is selling advance subscription and individual sales Phone number: 808-596-7858 Payment Accepted by: Cash/Visa/Master Card/Discover Service Fees: Box Office sales – $1.00 per ticket facility fee Applicable fees apply to all Ticketmaster Internet/Mobile. Ticketmaster: Online www.ticketmaster.com Ticketmaster TDD (Telecommunications Device for the Deaf): 1-800-474-4833 Blaisdell Box Office: Blaisdell Box Office info line: (808) 768-5252 Blaisdell Box Office TDD (Telecommunications Device for the Deaf): (808) 768-9270 Hawaii Opera Theater",,false,[],false,false,,,2026-09-26 14:05:01,2026-09-27 00:05:01,false,false,,,
2026-09-30T20:45:37Z,blaisdellcenter.com,https://blaisdellcenter.com/wp-json/tribe/events/v1/events,1,10006618,blaisdellcenter.com?id=10006618,Hawai’i Holiday Craft and Gift Fair,2026-10-31 10:00:00,2026-10-31 20:00:00,2026-10-31 18:00:00,2026-11-01 04:00:00,Pacific/Honolulu,false,false,publish,https://blaisdellcenter.com/event/hawaii-holiday-craft-and-gift-fair/2026-10-31/,,,,"{""currency_symbol"":""$"",""currency_code"":""USD"",""currency_position"":""prefix"",""values"":[]}","[{""id"":252,""name"":""Exhibition Hall"",""slug"":""exhibition-hall"",""parent"":0},{""id"":243,""name"":""Expo"",""slug"":""expo"",""parent"":0}]",[],"{""id"":111141,""global_id"":""blaisdellcenter.com?id=111141"",""venue"":""Exhibition Hall"",""address"":""777 Ward Ave"",""city"":""Honolulu"",""country"":""United States"",""state"":""HI"",""zip"":""96814"",""url"":""https://blaisdellcenter.com/venue/exhibition-hall/"",""show_map"":true,""show_map_link"":true}","[{""id"":114136,""global_id"":""blaisdellcenter.com?id=114136"",""organizer"":""Sunshine Productions"",""url"":""https://blaisdellcenter.com/organizer/sunshine-productions/""}]",@ Tickets available soon! Box Office information coming soon! Sunshine Productions,,false,[],false,false,,,2026-09-23 11:23:40,2026-09-23 21:23:40,false,false,,,
2026-09-30T20:45:37Z,blaisdellcenter.com,https://blaisdellcenter.com/wp-json/tribe/events/v1/events,1,10006619,blaisdellcenter.com?id=10006619,Hawai’i Holiday Craft and Gift Fair,2026-11-01 10:00:00,2026-11-01 20:00:00,2026-11-01 17:00:00,2026-11-02 03:00:00,Pacific/Honolulu,false,false,publish,https://blaisdellcenter.com/event/hawaii-holiday-craft-and-gift-fair/2026-11-01/,,,,"{""currency_symbol"":""$"",""currency_code"":""USD"",""currency_position"":""prefix"",""values"":[]}","[{""id"":252,""name"":""Exhibition Hall"",""slug"":""exhibition-hall"",""parent"":0},{""id"":243,""name"":""Expo"",""slug"":""expo"",""parent"":0}]",[],"{""id"":111141,""global_id"":""blaisdellcenter.com?id=111141"",""venue"":""Exhibition Hall"",""address"":""777 Ward Ave"",""city"":""Honolulu"",""country"":""United States"",""state"":""HI"",""zip"":""96814"",""url"":""https://blaisdellcenter.com/venue/exhibition-hall/"",""show_map"":true,""show_map_link"":true}","[{""id"":114136,""global_id"":""blaisdellcenter.com?id=114136"",""organizer"":""Sunshine Productions"",""url"":""https://blaisdellcenter.com/organizer/sunshine-productions/""}]",@ Tickets available soon! Box Office information coming soon! Sunshine Productions,,false,[],false,false,,,2026-09-23 11:23:40,2026-09-23 21:23:40,false,false,,,
2026-09-30T20:45:37Z,blaisdellcenter.com,https://blaisdellcenter.com/wp-json/tribe/events/v1/events,1,10006616,blaisdellcenter.com?id=10006616,The Shining,2026-11-01 16:00:00,2026-11-02 02:00:00,2026-11-01 19:30:00,2026-11-02 05:30:00,Pacific/Honolulu,false,false,publish,https://blaisdellcenter.com/event/the-shining/2026-11-01/,,,,"{""currency_symbol"":""$"",""currency_code"":""USD"",""currency_position"":""prefix"",""values"":[]}","[{""id"":242,""name"":""Concert"",""slug"":""concert"",""parent"":0},{""id"":250,""name"":""Concert Hall"",""slug"":""concert-hall"",""parent"":0}]",[],"{""id"":111139,""global_id"":""blaisdellcenter.com?id=111139"",""venue"":""Concert Hall"",""address"":""777 Ward Ave"",""city"":""Honolulu"",""country"":""United States"",""state"":""HI"",""zip"":""96814"",""url"":""https://blaisdellcenter.com/venue/concert-hall/"",""show_map"":true,""show_map_link"":true}","[{""id"":111807,""global_id"":""blaisdellcenter.com?id=111807"",""organizer"":""Hawaii Opera Theater"",""url"":""https://blaisdellcenter.com/organizer/hawaii-opera-theater/""}]","@ Buy Tickets for The Shining on October 30 Buy Tickets for The Shining on November 1 HOT – The Shining Friday, October 30, 2026 @ 7:30 pm (EHC1030) Sunday, November 1, 2026 @ 4pm (EHC1101) All ages will need to purchase a ticket for entry. Ticket limit of 8 per household to be in effect for the entire time of ticket sales. Venue: Blaisdell Concert Hall Sale Date: Friday, September 25, 2026 @ 10:00 am HST Ticket Value: (Include appropriate S/C)Use ADULT: $130 $85 $45 $35 (Various ticket prices in each section) Note: HOT Box office is selling advance subscription and individual sales Phone number: 808-596-7858 Payment Accepted by: Cash/Visa/Master Card/Discover Service Fees: Box Office sales – $1.00 per ticket facility fee Applicable fees apply to all Ticketmaster Internet/Mobile. Ticketmaster: Online www.ticketmaster.com Ticketmaster TDD (Telecommunications Device for the Deaf): 1-800-474-4833 Blaisdell Box Office: Blaisdell Box Office info line: (808) 768-5252 Blaisdell Box Office TDD (Telecommunications Device for the Deaf): (808) 768-9270 Hawaii Opera Theater",,false,[],false,false,,,2026-09-26 14:05:01,2026-09-27 00:05:01,false,false,,,
2026-09-30T20:45:37Z,blaisdellcenter.com,https://blaisdellcenter.com/wp-json/tribe/events/v1/events,1,10005899,blaisdellcenter.com?id=10005899,Farmers Market,2026-11-04 16:00:00,2026-11-05 02:00:00,2026-11-04 19:00:00,2026-11-05 05:00:00,Pacific/Honolulu,false,false,publish,https://blaisdellcenter.com/event/farmers-market/2026-11-04/,,,Free,"{""currency_symbol"":""$"",""currency_code"":""USD"",""currency_position"":""prefix"",""values"":[""free""]}","[{""id"":268,""name"":""Arena Parking Lot"",""slug"":""arena-parking-lot"",""parent"":0},{""id"":265,""name"":""Other"",""slug"":""other"",""parent"":0}]",[],"{""id"":111139,""global_id"":""blaisdellcenter.com?id=111139"",""venue"":""Concert Hall"",""address"":""777 Ward Ave"",""city"":""Honolulu"",""country"":""United States"",""state"":""HI"",""zip"":""96814"",""url"":""https://blaisdellcenter.com/venue/concert-hall/"",""show_map"":true,""show_map_link"":true}","[{""id"":111247,""global_id"":""blaisdellcenter.com?id=111247"",""organizer"":""Hawaii Farm Bureau"",""url"":""https://blaisdellcenter.com/organizer/hawaii-farm-bureau/""}]",@ Hawaii Farm Bureau logo The Farmers Market is at the Arena parking lot at the corner of Kapiolani Blvd and Ward Ave – unless otherwise noted.,,false,"{""_ecp_custom_3"":{""label"":""Food/Concessions"",""value"":""YES""}}",false,false,,,2026-05-27 11:58:23,2026-05-27 21:58:23,true,true,,,
2026-09-30T20:45:37Z,blaisdellcenter.com,https://blaisdellcenter.com/wp-json/tribe/events/v1/events,1,121945,blaisdellcenter.com?id=121945,The Green Titles Tour,2026-11-07 18:00:00,2026-11-08 04:00:00,2026-11-07 18:00:00,2026-11-08 04:00:00,Pacific/Honolulu,false,false,publish,https://blaisdellcenter.com/event/the-green/,,,,"{""currency_symbol"":""$"",""currency_code"":""USD"",""currency_position"":""prefix"",""values"":[]}","[{""id"":242,""name"":""Concert"",""slug"":""concert"",""parent"":0},{""id"":251,""name"":""Tom Moffatt Waikīkī Shell"",""slug"":""tom-moffatt-waikiki-shell"",""parent"":0}]",[],"{""id"":111144,""global_id"":""blaisdellcenter.com?id=111144"",""venue"":""Tom Moffatt Waikīkī Shell"",""address"":""2805 Monsarrat Ave"",""city"":""Honolulu"",""country"":""United States"",""state"":""HI"",""zip"":""96814"",""url"":""https://blaisdellcenter.com/venue/tom-moffatt-waikiki-shell/"",""show_map"":true,""show_map_link"":true}","[{""id"":111328,""global_id"":""blaisdellcenter.com?id=111328"",""organizer"":""Bamp Project"",""url"":""https://blaisdellcenter.com/organizer/bamp-project/""}]","@ Buy Tickets for The Green Titles Tour The Green – Titles Tour 2026 (EHW1107) Saturday, November 7, 2026 @ 6:00 pm / Doors @ 5:00 pm Ages 4 & up will need to purchase a ticket for entry. Ticket limit of 6 per household to be in effect for the entire time of ticket sales. Venue: Tom Moffatt Waikiki Shell Sale Date: Passcode protected presales (online only) Credit Union Presale: Mon, Aug 10, 2026 @ 10am – Thurs, Aug 20, 2026 @ 10pm HST Artist Presale: Tues, Aug 18, 2026 @ 10am HST – Thurs, Aug 20, 2026 @ 10pm HST BAMP Presale: Tues, Aug 18, 2026 @ 10am – Thurs, Aug 20, 2026 @ 10pm HST Public on sale: Friday, August 21, 2026 @ 10:00 am HST Ticket Value: (Include appropriate S/C): $99.50 Pool (General Admission) $79.50 1st Terrace $59.50 2nd Terrace $20.00 Lawn DAY OF PRICING (+$10) $109.50 Pool (General Admission) $89.50 1st Terrace $69.50 2nd Terrace $30 Lawn Payment Accepted by: Cash/Visa/Master Card/Discover Service Fees: Box Office sales – $1.00 per ticket facility fee Applicable fees apply to all Ticketmaster Internet/Mobile. Ticketmaster: Online www.ticketmaster.com Ticketmaster TDD (Telecommunications Device for the Deaf): 1-800-474-4833 Blaisdell Box Office: Blaisdell Box Office info line: (808) 768-5252 Blaisdell Box Office TDD (Telecommunications Device for the Deaf): (808) 768-9270 Bamp Project",,"{""url"":""https://blaisdellcenter.com/wp-content/uploads/2026/08/TG-HAWAII-TOUR-OAHU-1920X1080.png"",""id"":121946,""extension"":""png"",""width"":1920,""height"":1080}",[],false,false,,,2026-08-13 12:13:50,2026-08-13 22:13:50,false,false,,,
2026-09-30T20:45:37Z,blaisdellcenter.com,https://blaisdellcenter.com/wp-json/tribe/events/v1/events,1,121650,blaisdellcenter.com?id=121650,Aloha Mau Loa – The Mākaha Sons 50 Years,2026-11-07 19:30:00,2026-11-08 05:30:00,2026-11-07 19:30:00,2026-11-08 05:30:00,Pacific/Honolulu,false,false,publish,https://blaisdellcenter.com/event/aloha-mau-loa-the-makaha-sons-50-years/,,,,"{""currency_symbol"":""$"",""currency_code"":""USD"",""currency_position"":""prefix"",""values"":[]}","[{""id"":242,""name"":""Concert"",""slug"":""concert"",""parent"":0},{""id"":250,""name"":""Concert Hall"",""slug"":""concert-hall"",""parent"":0}]",[],"{""id"":110718,""global_id"":""blaisdellcenter.com?id=110718"",""venue"":""Arena"",""address"":""777 Ward Ave"",""city"":""Honolulu"",""country"":""United States"",""state"":""HI"",""zip"":""96814"",""url"":""https://blaisdellcenter.com/venue/arena/"",""show_map"":true,""show_map_link"":true}","[{""id"":117491,""global_id"":""blaisdellcenter.com?id=117491"",""organizer"":""Aloha Group International"",""url"":""https://blaisdellcenter.com/organizer/aloha-group-international/""}]","@ Saturday, November 7, 2026 @ 7:30pm / Doors @ 6:30pm This event provides for ASL seating. Valet Parking EHB1107P Ages 4 and Up will need to purchase a ticket for entry. 8 ticket limit. Venue: Blaisdell Concert Hall Sale Date: Public on sale: Tuesday, June 30, 2026 @ 10am HST Ticket Value: (Include appropriate S/C) Use J-Type: $150 Orchestra Rows 1 – F (VIP Package included)** $89 Orchestra Rows G – L / Balcony Rows A – J $75 Orchestra Rows M – S / Balcony Rows K – O $50 Orchestra Rows T – W / Balcony Rows P – Q $35 Orchestra Rows X – Z / Balcony Rows R – S **VIP Package includes Early Entry, Pre-Show Meet & Greet, Souvenir Poster Payment Accepted by: Cash/Visa/Master Card/Discover Service Fees: Box Office sales – $1.00 per ticket facility fee Applicable fees apply to all Ticketmaster Internet/Mobile. Ticketmaster: Online www.ticketmaster.com Ticketmaster TDD (Telecommunications Device for the Deaf): 1-800-474-4833 Blaisdell Box Office: Blaisdell Box Office info line: (808) 768-5252 Blaisdell Box Office TDD (Telecommunications Device for the Deaf): (808) 768-9270 In 1976, with the release of the Bill Murata-produced Poki Records album, No Kristo, alongside appearances at Kapahulu’s Uptown Yokos, Jerome Koko, Louis “Moon” Kauakahi, Skippy Kamakawiwoʻole, Israel Kamakawiwoʻole, and Sam Gray – collectively, The Mākaha Sons of Niʻihau, introduced Hawai’i to their highly influential, contemporized music style, firmly rooted in the language and traditional performances of their native Hawai’i. Unlike several contemporaries, who’s Top 40 radio-friendly songs were written in English and performed with contemporary instruments, The Mākaha Sons of Niʻihau celebrated Hawai’i and its language in both arrangements and vocal styling. Their dedication to hana kuʻuna, traditional works, has ignited and inspired generations of performers to embrace the journey. Though the group has evolved through the ensuing five decades – most notably with the loss of Skippy and the departure of Israel – the core members have shared the stage with both minted members and guest artists in live and recorded performances. With Israel’s 1993 departure for his solo career, the group’s name changed to The Mākaha Sons, but the music stayed true to the group’s core principles. Among their accolades are some thirty studio and live albums, several Na Hoku Hanohano Awards and Hawaii Music Awards, The Makaha Bash sell-out concerts at the Waikiki Shell, appearances on national television shows, and concert tours and appearances at prestigious venues and events throughout the nation, including the inaugural activities for former U.S. President Barack Obama. The Mākaha Sons will celebrate their 50th anniversary on Saturday, July 18, 2026, at Blaisdell Arena, together with some very special guests. Reserved tickets, priced from $35 to $150*, go on sale Friday, May 8th at Blaisdell Box Office and Ticketmaster. The link to ticket sales: https://www.ticketmaster.com/makaha-sons-50th-anniversary-honolulu-hawaii-07-18-2026/event/0A006491C489B03E *A limited number of VIP $150 tickets will include premium seating, early entry for an autograph meet & greet with artists, a souvenir 50th anniversary poster and souvenir VIP pass. For more information, visit https://thealohagroup.net/event/the-makaha-sons/ Aloha Group International",,"{""url"":""https://blaisdellcenter.com/wp-content/uploads/2026/04/makaha-sons-50.png"",""id"":121186,""extension"":""png"",""width"":700,""height"":392}",[],false,false,,,2026-09-12 20:57:12,2026-09-13 06:57:12,false,false,,,
2026-09-30T20:45:37Z,blaisdellcenter.com,https://blaisdellcenter.com/wp-json/tribe/events/v1/events,1,10005900,blaisdellcenter.com?id=10005900,Farmers Market,2026-11-11 16:00:00,2026-11-12 02:00:00,2026-11-11 19:00:00,2026-11-12 05:00:00,Pacific/Honolulu,false,false,publish,https://blaisdellcenter.com/event/farmers-market/2026-11-11/,,,Free,"{""currency_symbol"":""$"",""currency_code"":""USD"",""currency_position"":""prefix"",""values"":[""free""]}","[{""id"":268,""name"":""Arena Parking Lot"",""slug"":""arena-parking-lot"",""parent"":0},{""id"":265,""name"":""Other"",""slug"":""other"",""parent"":0}]",[],"{""id"":111139,""global_id"":""blaisdellcenter.com?id=111139"",""venue"":""Concert Hall"",""address"":""777 Ward Ave"",""city"":""Honolulu"",""country"":""United States"",""state"":""HI"",""zip"":""96814"",""url"":""https://blaisdellcenter.com/venue/concert-hall/"",""show_map"":true,""show_map_link"":true}","[{""id"":111247,""global_id"":""blaisdellcenter.com?id=111247"",""organizer"":""Hawaii Farm Bureau"",""url"":""https://blaisdellcenter.com/organizer/hawaii-farm-bureau/""}]",@ Hawaii Farm Bureau logo The Farmers Market is at the Arena parking lot at the corner of Kapiolani Blvd and Ward Ave – unless otherwise noted.,,false,"{""_ecp_custom_3"":{""label"":""Food/Concessions"",""value"":""YES""}}",false,false,,,2026-05-27 11:58:23,2026-05-27 21:58:23,true,true,,,
2026-09-30T20:45:37Z,blaisdellcenter.com,https://blaisdellcenter.com/wp-json/tribe/events/v1/events,1,10005901,blaisdellcenter.com?id=10005901,Farmers Market,2026-11-18 16:00:00,2026-11-19 02:00:00,2026-11-18 19:00:00,2026-11-19 05:00:00,Pacific/Honolulu,false,false,publish,https://blaisdellcenter.com/event/farmers-market/2026-11-18/,,,Free,"{""currency_symbol"":""$"",""currency_code"":""USD"",""currency_position"":""prefix"",""values"":[""free""]}","[{""id"":268,""name"":""Arena Parking Lot"",""slug"":""arena-parking-lot"",""parent"":0},{""id"":265,""name"":""Other"",""slug"":""other"",""parent"":0}]",[],"{""id"":111139,""global_id"":""blaisdellcenter.com?id=111139"",""venue"":""Concert Hall"",""address"":""777 Ward Ave"",""city"":""Honolulu"",""country"":""United States"",""state"":""HI"",""zip"":""96814"",""url"":""https://blaisdellcenter.com/venue/concert-hall/"",""show_map"":true,""show_map_link"":true}","[{""id"":111247,""global_id"":""blaisdellcenter.com?id=111247"",""organizer"":""Hawaii Farm Bureau"",""url"":""https://blaisdellcenter.com/organizer/hawaii-farm-bureau/""}]",@ Hawaii Farm Bureau logo The Farmers Market is at the Arena parking lot at the corner of Kapiolani Blvd and Ward Ave – unless otherwise noted.,,false,"{""_ecp_custom_3"":{""label"":""Food/Concessions"",""value"":""YES""}}",false,false,,,2026-05-27 11:58:23,2026-05-27 21:58:23,true,true,,,
2026-09-30T20:45:37Z,blaisdellcenter.com,https://blaisdellcenter.com/wp-json/tribe/events/v1/events,1,10005902,blaisdellcenter.com?id=10005902,Farmers Market,2026-11-25 16:00:00,2026-11-26 02:00:00,2026-11-25 19:00:00,2026-11-26 05:00:00,Pacific/Honolulu,false,false,publish,https://blaisdellcenter.com/event/farmers-market/2026-11-25/,,,Free,"{""currency_symbol"":""$"",""currency_code"":""USD"",""currency_position"":""prefix"",""values"":[""free""]}","[{""id"":268,""name"":""Arena Parking Lot"",""slug"":""arena-parking-lot"",""parent"":0},{""id"":265,""name"":""Other"",""slug"":""other"",""parent"":0}]",[],"{""id"":111139,""global_id"":""blaisdellcenter.com?id=111139"",""venue"":""Concert Hall"",""address"":""777 Ward Ave"",""city"":""Honolulu"",""country"":""United States"",""state"":""HI"",""zip"":""96814"",""url"":""https://blaisdellcenter.com/venue/concert-hall/"",""show_map"":true,""show_map_link"":true}","[{""id"":111247,""global_id"":""blaisdellcenter.com?id=111247"",""organizer"":""Hawaii Farm Bureau"",""url"":""https://blaisdellcenter.com/organizer/hawaii-farm-bureau/""}]",@ Hawaii Farm Bureau logo The Farmers Market is at the Arena parking lot at the corner of Kapiolani Blvd and Ward Ave – unless otherwise noted.,,false,"{""_ecp_custom_3"":{""label"":""Food/Concessions"",""value"":""YES""}}",false,false,,,2026-05-27 11:58:23,2026-05-27 21:58:23,true,true,,,
2026-09-30T20:45:37Z,blaisdellcenter.com,https://blaisdellcenter.com/wp-json/tribe/events/v1/events,1,10006211,blaisdellcenter.com?id=10006211,Book of Mormon,2026-11-25 19:30:00,2026-11-26 05:30:00,2026-11-25 22:00:00,2026-11-26 08:00:00,Pacific/Honolulu,false,false,publish,https://blaisdellcenter.com/event/book-of-mormon/2026-11-25/,https://broadwayinhawaii.com,,,"{""currency_symbol"":""$"",""currency_code"":""USD"",""currency_position"":""prefix"",""values"":[]}","[{""id"":250,""name"":""Concert Hall"",""slug"":""concert-hall"",""parent"":0},{""id"":248,""name"":""Musical"",""slug"":""musical"",""parent"":0}]",[],"{""id"":111139,""global_id"":""blaisdellcenter.com?id=111139"",""venue"":""Concert Hall"",""address"":""777 Ward Ave"",""city"":""Honolulu"",""country"":""United States"",""state"":""HI"",""zip"":""96814"",""url"":""https://blaisdellcenter.com/venue/concert-hall/"",""show_map"":true,""show_map_link"":true}","[{""id"":111362,""global_id"":""blaisdellcenter.com?id=111362"",""organizer"":""MagicSpace"",""url"":""https://blaisdellcenter.com/organizer/magicspace/""}]","@ Buy Tickets for The Book of Mormon in November 2026 Buy Tickets for The Book of Mormon in December 2026 The Book of Mormon The New York Times calls it “the best musical of this century.” The Washington Post says, “It is the kind of evening that restores your faith in musicals.” And Entertainment Weekly says, “Grade A: the funniest musical of all time.” Jimmy Fallon of The Tonight Show calls it “Genius. Brilliant. Phenomenal.” It’s THE BOOK OF MORMON, the nine-time Tony Award® winning Best Musical. This outrageous musical comedy follows the adventures of a mismatched pair of missionaries, sent halfway across the world to spread the Good Word. With standing room only productions in London, on Broadway, and across North America, THE BOOK OF MORMON has truly become an international sensation. Contains explicit language. Wednesday-Sunday, November 25 – December 6, 2026 (EHC1125-EHC1206E) VIP Parking EHC1125P-1206Q All ages will need to purchase a ticket for entry. 9 Ticket Purchase Limit on ALL Events/ 9 Tickets per Account Limit This event provides for ASL seating. Venue: Blaisdell Concert Hall Sale Date: Presale with passwords: (on line only): Tuesday, May 12, 2026 @ 10am – Friday, May 25, 2026 @ 9:59am HST Public on sale: Friday, May 15, 2026 @ 10am HST Day of Event Date of Event Time of Event Wednesday November 25, 2026 7:30 pm Friday November 27, 2026 2:00 pm Friday November 27, 2026 8:00 pm Saturday November 28, 2026 2:00 pm Saturday November 28, 2026 8:00 pm Sunday November 29, 2026 1:00 pm Sunday November 29, 2026 6:30 pm Monday November 30, 2026 7:30 pm Tuesday December 1, 2026 7:30 pm Wednesday December 2, 2026 7:30 pm Thursday December 3, 2026 7:30 pm Friday December 4, 2026 7:30 pm Saturday December 5, 2026 2:00 pm Saturday December 5, 2026 8:00 pm Sunday December 6, 2026 1:00 pm Sunday December 6, 2026 6:30 pm Ticket Value: (Include appropriate S/C)Use ADULT: Monday, Tuesday, Wednesday, Thursday, Sunday Evenings $155 Orch CC-D (center) $95 Orch CC-D (sides) / E-L all / Balc A-J $70 Orch M-S $60 Orch T-W / Balc K-N $50 Orch X-Z / Balc O-Q $35 Balc R-S Friday / Saturday Matinee & Eve / Sunday Matinee $175 Orch CC-D (center) $105 Orch CC-D (sides) / E-L all / Balc A-J $75 Orch M-S $65 Orch T-W / Balc K-N $55 Orch X-Z / Balc O-Q $45 Balc R-S Note: Additional $2.50 per ticket fee plus appropriate service fees apply. Payment Accepted by: Cash/Visa/Master Card/Discover Service Fees: Box Office sales – $1.00 per ticket facility fee Applicable fees apply to all Ticketmaster Internet/Mobile. Ticketmaster: Online www.ticketmaster.com Ticketmaster TDD (Telecommunications Device for the Deaf): 1-800-474-4833 Blaisdell Box Office: Blaisdell Box Office info line: (808) 768-5252 Blaisdell Box Office TDD (Telecommunications Device for the Deaf): (808) 768-9270 MagicSpace",,"{""url"":""https://blaisdellcenter.com/wp-content/uploads/2026/04/bom-tour-socialstatic-1200x628-wdate-email.jpg"",""id"":119959,""extension"":""jpg"",""width"":1200,""height"":628}","{""_ecp_custom_2"":{""label"":""Parking"",""value"":""$8""},""_ecp_custom_5"":{""label"":""Beer/Liquor"",""value"":""BOTH Beer & Liquor - YES""}}",false,false,,,2026-05-07 11:32:23,2026-05-07 21:32:23,true,true,,,
2026-09-30T20:45:37Z,blaisdellcenter.com,https://blaisdellcenter.com/wp-json/tribe/events/v1/events,1,10006222,blaisdellcenter.com?id=10006222,Book of Mormon,2026-11-27 14:00:00,2026-11-28 00:00:00,2026-11-27 16:30:00,2026-11-28 02:30:00,Pacific/Honolulu,false,false,publish,https://blaisdellcenter.com/event/book-of-mormon-3/2026-11-27/1/,https://broadwayinhawaii.com,,,"{""currency_symbol"":""$"",""currency_code"":""USD"",""currency_position"":""prefix"",""values"":[]}","[{""id"":250,""name"":""Concert Hall"",""slug"":""concert-hall"",""parent"":0},{""id"":248,""name"":""Musical"",""slug"":""musical"",""parent"":0}]",[],"{""id"":111139,""global_id"":""blaisdellcenter.com?id=111139"",""venue"":""Concert Hall"",""address"":""777 Ward Ave"",""city"":""Honolulu"",""country"":""United States"",""state"":""HI"",""zip"":""96814"",""url"":""https://blaisdellcenter.com/venue/concert-hall/"",""show_map"":true,""show_map_link"":true}","[{""id"":111362,""global_id"":""blaisdellcenter.com?id=111362"",""organizer"":""MagicSpace"",""url"":""https://blaisdellcenter.com/organizer/magicspace/""}]","@ Buy Tickets for The Book of Mormon in November 2026 Buy Tickets for The Book of Mormon in December 2026 The Book of Mormon The New York Times calls it “the best musical of this century.” The Washington Post says, “It is the kind of evening that restores your faith in musicals.” And Entertainment Weekly says, “Grade A: the funniest musical of all time.” Jimmy Fallon of The Tonight Show calls it “Genius. Brilliant. Phenomenal.” It’s THE BOOK OF MORMON, the nine-time Tony Award® winning Best Musical. This outrageous musical comedy follows the adventures of a mismatched pair of missionaries, sent halfway across the world to spread the Good Word. With standing room only productions in London, on Broadway, and across North America, THE BOOK OF MORMON has truly become an international sensation. Contains explicit language. Wednesday-Sunday, November 25 – December 6, 2026 (EHC1125-EHC1206E) VIP Parking EHC1125P-1206Q All ages will need to purchase a ticket for entry. 9 Ticket Purchase Limit on ALL Events/ 9 Tickets per Account Limit This event provides for ASL seating. Venue: Blaisdell Concert Hall Sale Date: Presale with passwords: (on line only): Tuesday, May 12, 2026 @ 10am – Friday, May 25, 2026 @ 9:59am HST Public on sale: Friday, May 15, 2026 @ 10am HST Day of Event Date of Event Time of Event Wednesday November 25, 2026 7:30 pm Friday November 27, 2026 2:00 pm Friday November 27, 2026 8:00 pm Saturday November 28, 2026 2:00 pm Saturday November 28, 2026 8:00 pm Sunday November 29, 2026 1:00 pm Sunday November 29, 2026 6:30 pm Monday November 30, 2026 7:30 pm Tuesday December 1, 2026 7:30 pm Wednesday December 2, 2026 7:30 pm Thursday December 3, 2026 7:30 pm Friday December 4, 2026 7:30 pm Saturday December 5, 2026 2:00 pm Saturday December 5, 2026 8:00 pm Sunday December 6, 2026 1:00 pm Sunday December 6, 2026 6:30 pm Ticket Value: (Include appropriate S/C)Use ADULT: Monday, Tuesday, Wednesday, Thursday, Sunday Evenings $155 Orch CC-D (center) $95 Orch CC-D (sides) / E-L all / Balc A-J $70 Orch M-S $60 Orch T-W / Balc K-N $50 Orch X-Z / Balc O-Q $35 Balc R-S Friday / Saturday Matinee & Eve / Sunday Matinee $175 Orch CC-D (center) $105 Orch CC-D (sides) / E-L all / Balc A-J $75 Orch M-S $65 Orch T-W / Balc K-N $55 Orch X-Z / Balc O-Q $45 Balc R-S Note: Additional $2.50 per ticket fee plus appropriate service fees apply. Payment Accepted by: Cash/Visa/Master Card/Discover Service Fees: Box Office sales – $1.00 per ticket facility fee Applicable fees apply to all Ticketmaster Internet/Mobile. Ticketmaster: Online www.ticketmaster.com Ticketmaster TDD (Telecommunications Device for the Deaf): 1-800-474-4833 Blaisdell Box Office: Blaisdell Box Office info line: (808) 768-5252 Blaisdell Box Office TDD (Telecommunications Device for the Deaf): (808) 768-9270 MagicSpace",,"{""url"":""https://blaisdellcenter.com/wp-content/uploads/2026/04/bom-tour-socialstatic-1200x628-wdate-email.jpg"",""id"":119959,""extension"":""jpg"",""width"":1200,""height"":628}","{""_ecp_custom_2"":{""label"":""Parking"",""value"":""$8""},""_ecp_custom_5"":{""label"":""Beer/Liquor"",""value"":""BOTH Beer & Liquor - YES""}}",false,false,,,2026-05-07 11:34:30,2026-05-07 21:34:30,true,true,,,
2026-09-30T20:45:37Z,blaisdellcenter.com,https://blaisdellcenter.com/wp-json/tribe/events/v1/events,1,10006223,blaisdellcenter.com?id=10006223,Book of Mormon,2026-11-27 20:00:00,2026-11-28 06:00:00,2026-11-27 22:30:00,2026-11-28 08:30:00,Pacific/Honolulu,false,false,publish,https://blaisdellcenter.com/event/book-of-mormon-3/2026-11-27/2/,https://broadwayinhawaii.com,,,"{""currency_symbol"":""$"",""currency_code"":""USD"",""currency_position"":""prefix"",""values"":[]}","[{""id"":250,""name"":""Concert Hall"",""slug"":""concert-hall"",""parent"":0},{""id"":248,""name"":""Musical"",""slug"":""musical"",""parent"":0}]",[],"{""id"":111139,""global_id"":""blaisdellcenter.com?id=111139"",""venue"":""Concert Hall"",""address"":""777 Ward Ave"",""city"":""Honolulu"",""country"":""United States"",""state"":""HI"",""zip"":""96814"",""url"":""https://blaisdellcenter.com/venue/concert-hall/"",""show_map"":true,""show_map_link"":true}","[{""id"":111362,""global_id"":""blaisdellcenter.com?id=111362"",""organizer"":""MagicSpace"",""url"":""https://blaisdellcenter.com/organizer/magicspace/""}]","@ Buy Tickets for The Book of Mormon in November 2026 Buy Tickets for The Book of Mormon in December 2026 The Book of Mormon The New York Times calls it “the best musical of this century.” The Washington Post says, “It is the kind of evening that restores your faith in musicals.” And Entertainment Weekly says, “Grade A: the funniest musical of all time.” Jimmy Fallon of The Tonight Show calls it “Genius. Brilliant. Phenomenal.” It’s THE BOOK OF MORMON, the nine-time Tony Award® winning Best Musical. This outrageous musical comedy follows the adventures of a mismatched pair of missionaries, sent halfway across the world to spread the Good Word. With standing room only productions in London, on Broadway, and across North America, THE BOOK OF MORMON has truly become an international sensation. Contains explicit language. Wednesday-Sunday, November 25 – December 6, 2026 (EHC1125-EHC1206E) VIP Parking EHC1125P-1206Q All ages will need to purchase a ticket for entry. 9 Ticket Purchase Limit on ALL Events/ 9 Tickets per Account Limit This event provides for ASL seating. Venue: Blaisdell Concert Hall Sale Date: Presale with passwords: (on line only): Tuesday, May 12, 2026 @ 10am – Friday, May 25, 2026 @ 9:59am HST Public on sale: Friday, May 15, 2026 @ 10am HST Day of Event Date of Event Time of Event Wednesday November 25, 2026 7:30 pm Friday November 27, 2026 2:00 pm Friday November 27, 2026 8:00 pm Saturday November 28, 2026 2:00 pm Saturday November 28, 2026 8:00 pm Sunday November 29, 2026 1:00 pm Sunday November 29, 2026 6:30 pm Monday November 30, 2026 7:30 pm Tuesday December 1, 2026 7:30 pm Wednesday December 2, 2026 7:30 pm Thursday December 3, 2026 7:30 pm Friday December 4, 2026 7:30 pm Saturday December 5, 2026 2:00 pm Saturday December 5, 2026 8:00 pm Sunday December 6, 2026 1:00 pm Sunday December 6, 2026 6:30 pm Ticket Value: (Include appropriate S/C)Use ADULT: Monday, Tuesday, Wednesday, Thursday, Sunday Evenings $155 Orch CC-D (center) $95 Orch CC-D (sides) / E-L all / Balc A-J $70 Orch M-S $60 Orch T-W / Balc K-N $50 Orch X-Z / Balc O-Q $35 Balc R-S Friday / Saturday Matinee & Eve / Sunday Matinee $175 Orch CC-D (center) $105 Orch CC-D (sides) / E-L all / Balc A-J $75 Orch M-S $65 Orch T-W / Balc K-N $55 Orch X-Z / Balc O-Q $45 Balc R-S Note: Additional $2.50 per ticket fee plus appropriate service fees apply. Payment Accepted by: Cash/Visa/Master Card/Discover Service Fees: Box Office sales – $1.00 per ticket facility fee Applicable fees apply to all Ticketmaster Internet/Mobile. Ticketmaster: Online www.ticketmaster.com Ticketmaster TDD (Telecommunications Device for the Deaf): 1-800-474-4833 Blaisdell Box Office: Blaisdell Box Office info line: (808) 768-5252 Blaisdell Box Office TDD (Telecommunications Device for the Deaf): (808) 768-9270 MagicSpace",,"{""url"":""https://blaisdellcenter.com/wp-content/uploads/2026/04/bom-tour-socialstatic-1200x628-wdate-email.jpg"",""id"":119959,""extension"":""jpg"",""width"":1200,""height"":628}","{""_ecp_custom_2"":{""label"":""Parking"",""value"":""$8""},""_ecp_custom_5"":{""label"":""Beer/Liquor"",""value"":""BOTH Beer & Liquor - YES""}}",false,false,,,2026-05-07 11:34:30,2026-05-07 21:34:30,true,true,,,
2026-09-30T20:45:37Z,blaisdellcenter.com,https://blaisdellcenter.com/wp-json/tribe/events/v1/events,1,121280,blaisdellcenter.com?id=121280,Jo Koy: Koy Meets World,2026-11-27 20:00:00,2026-11-28 06:00:00,2026-11-27 22:30:00,2026-11-28 08:30:00,Pacific/Honolulu,false,false,publish,https://blaisdellcenter.com/event/jo-koy-koy-meets-world/,,,,"{""currency_symbol"":""$"",""currency_code"":""USD"",""currency_position"":""prefix"",""values"":[]}","[{""id"":249,""name"":""Arena"",""slug"":""arena"",""parent"":0},{""id"":241,""name"":""Comedy"",""slug"":""comedy"",""parent"":0}]",[],"{""id"":110718,""global_id"":""blaisdellcenter.com?id=110718"",""venue"":""Arena"",""address"":""777 Ward Ave"",""city"":""Honolulu"",""country"":""United States"",""state"":""HI"",""zip"":""96814"",""url"":""https://blaisdellcenter.com/venue/arena/"",""show_map"":true,""show_map_link"":true}","[{""id"":116869,""global_id"":""blaisdellcenter.com?id=116869"",""organizer"":""Goldenvoice"",""url"":""https://blaisdellcenter.com/organizer/goldenvoice/""}]","@ Buy Tickets for Jo Koy: Koy Meets World Tour Friday, November 27, 2026 @ 8:00 pm / Doors @ 7:00 pm Valet Parking EHB1127P All Ages will need to purchase a ticket for entry. ***Mature Content – Ages 12 & up recommended. 8 ticket limit. Venue: Blaisdell Arena Sale Date: Presale – On line only: Artist Presale: Wed, May 20, 2026 @ 10am – Thurs, May 21, 2026 @ 11:59pm HST Venue Presale: Thurs, May 21, 2026 @ 10am – 11:59pm HST Public on sale: Fri, May 22, 2026 @ 10am HST Ticket Value: (Include appropriate S/C) Use ADULT: $89.50 AA, BB, CC / Riser A-C, E-G, N-S / Loges $69.50 Riser D & T / Upper level rows C – J $59.50 Upper level rows K – O $49.50 Upper level rows P – Q Payment Accepted by: Cash/Visa/Master Card/Discover Service Fees: Box Office sales – $1.00 per ticket facility fee Applicable fees apply to all Ticketmaster Internet/Mobile. Ticketmaster: Online www.ticketmaster.com Ticketmaster TDD (Telecommunications Device for the Deaf): 1-800-474-4833 Blaisdell Box Office: Blaisdell Box Office info line: (808) 768-5252 Blaisdell Box Office TDD (Telecommunications Device for the Deaf): (808) 768-9270 JO KOY BIOGRAPHY 2026 As one of today’s premiere stand-up comedians, Jo Koy has come a long way from his modest beginnings performing in a Las Vegas coffee house. Jo’s uniquely relatable comedy pulls inspiration from his colorful family that has reached all kinds of people and has translated into sold-out arenas around the world. The comedian continues to be one of the top 10 grossing stand-up comedians each year according to Pollstar and Billboard. Today, he continues selling out and breaking sales records at some of the most prestigious venues around the world including Mall of Asia Arena (Manila, PH), The Forum (Los Angeles), Coca-Cola Arena (Dubai), ICC Theatre (Sydney, AU), O2 Arena (London), Madison Square Garden (New York City), and American Airlines Arena (Dallas) to name a few. In 2022, Koy kicked off his Funny Is Funny World Tour by selling-out the Climate Pledge Arena (over 14,000 tickets) in his hometown of Seattle and ended the tour with a sold-out show at Tacoma Dome (over 19,000 tickets). In 2017, Koy broke a record for the most tickets sold by a single artist at 23,000 tickets and 11 sold-out shows at The Neal S. Blaisdell Concert Hall in Honolulu. In response, the mayor’s office in Honolulu proclaimed November 24th as “Jo Koy Day.” Koy starred in the 2022 Universal Picture comedy Easter Sunday, the film takes place around a struggling single father that returns to his hometown of Daly City, CA to survive a chaotic Easter with his family. The film is a love letter to his Filipino roots and is loosely based on Jo Koy’s life experiences and stand-up comedy. Easter Sunday was produced by Steven Spielberg’s production company Amblin Partners and is the first motion picture film to feature an all-Filipino cast and be produced by a major studio. In honor of the film, Daly City gave Jo the Keys To The City and declared July 22nd “Jo Koy Day.” In 2023, Koy appeared in Disney’s Haunted Mansion and voiced characters in Netflix’s animated films, Monkey King and Leo. In 2024, he was most recently heard voicing the character Monkey King in the Paramount+ film, The Tiger’s Apprentice. He’s also appeared in Netflix’s Mr. Iglesias and Comedy Central’s Awkwafina Is Nora from Queens. In 2023, it was announced that he inked a two-special deal with Netflix with the first special releasing in 2024. Jo returned to Netflix in typical style, sharing his unfiltered opinions on social media, aging and moving into a new phase of his life; his zaddy phase. Filmed at the historic King’s Theatre in Brooklyn, NY, Jo Koy: Live From Brooklyn premiered globally on June 4th, 2024 only on Netflix and reached the Top 10 within the first week. His other Netflix stand-up specials include Live From The Los Angeles Forum, Comin’ In Hot and Live From Seattle. Overall, Koy has had seven highly rated and successful specials on Comedy Central and Netflix. In June 2020, the comedian released his first variety special, Jo Koy: In His Elements on Netflix in which Koy brings the laughs and beats to Manila, spotlighting local culture in a one-of-a-kind show featuring Filipino-American comedians, DJs and B-boys. On March 21st, 2026, Koy alongside Gabriel “Fluffy” Iglesias will become the first to headline and sell-out SoFi Stadium in Los Angeles for their One Night Only! show. Koy continues to push for representation in Hollywood and shine a light on Filipino talent. Last year Koy joined Nurse Unseen, a documentary from Emmy-winning director Michele Josue, as an executive producer. The film explores the little-known history and humanity of the unsung Filipino nurses who risked their lives on the frontlines of the COVID-19 pandemic while facing a resurgence of anti-Asian hate in the streets. In honor of Koy’s impact on Hollywood and comedy, his legacy was permanently cemented during a hand and footprint ceremony at the TCL Chinese Theatre on February 11, 2026, joining an elite group of distinguished talent. In 2023, Jo came on as a producer for the David Byrne-Fatboy Slim musical, Here Lies Love. Here Lies Love told the story of Imelda Marcos’ rise to power and subsequent fall at the hands of the Philippine People Power Revolution. The show received four Tony Award nominations during its run and was the first to feature an all-Filipino cast on Broadway. In 2022, Koy was once again acknowledged for his advocacy for more representation in entertainment and was given the proclamation in Los Angeles that October 7th would be declared “Jo Koy Day.” In 2021, Koy released his first autobiography, Mixed Plate: Chronicles of an All-American Combo with Harper Collins Publishers to raved reviews. In this funny and moving memoir, Koy uncovers the stories behind his stand-up: the conflict, the drama and the laughter as he struggles to find his place in the entertainment industry, his home and around the world. Jo is currently on his Jo Koy: Just Being Koy Tour. For more info on his comedy, book and tour dates, please visit: Jokoy.com. Website: http://jokoy.com/ YouTube: https://www.youtube.com/Jokoy Facebook: https://www.facebook.com/jokoy Instagram: https://www.instagram.com/jokoy Goldenvoice",,"{""url"":""https://blaisdellcenter.com/wp-content/uploads/2026/05/IC_JoKoy_1127_Honolulu_1920x1080.jpg"",""id"":121282,""extension"":""jpg"",""width"":1920,""height"":1080}",[],false,false,,,2026-05-19 13:13:41,2026-05-19 23:13:41,false,false,,,
2026-09-30T20:45:37Z,blaisdellcenter.com,https://blaisdellcenter.com/wp-json/tribe/events/v1/events,1,10006224,blaisdellcenter.com?id=10006224,Book of Mormon,2026-11-28 14:00:00,2026-11-29 00:00:00,2026-11-28 16:30:00,2026-11-29 02:30:00,Pacific/Honolulu,false,false,publish,https://blaisdellcenter.com/event/book-of-mormon-3/2026-11-28/1/,https://broadwayinhawaii.com,,,"{""currency_symbol"":""$"",""currency_code"":""USD"",""currency_position"":""prefix"",""values"":[]}","[{""id"":250,""name"":""Concert Hall"",""slug"":""concert-hall"",""parent"":0},{""id"":248,""name"":""Musical"",""slug"":""musical"",""parent"":0}]",[],"{""id"":111139,""global_id"":""blaisdellcenter.com?id=111139"",""venue"":""Concert Hall"",""address"":""777 Ward Ave"",""city"":""Honolulu"",""country"":""United States"",""state"":""HI"",""zip"":""96814"",""url"":""https://blaisdellcenter.com/venue/concert-hall/"",""show_map"":true,""show_map_link"":true}","[{""id"":111362,""global_id"":""blaisdellcenter.com?id=111362"",""organizer"":""MagicSpace"",""url"":""https://blaisdellcenter.com/organizer/magicspace/""}]","@ Buy Tickets for The Book of Mormon in November 2026 Buy Tickets for The Book of Mormon in December 2026 The Book of Mormon The New York Times calls it “the best musical of this century.” The Washington Post says, “It is the kind of evening that restores your faith in musicals.” And Entertainment Weekly says, “Grade A: the funniest musical of all time.” Jimmy Fallon of The Tonight Show calls it “Genius. Brilliant. Phenomenal.” It’s THE BOOK OF MORMON, the nine-time Tony Award® winning Best Musical. This outrageous musical comedy follows the adventures of a mismatched pair of missionaries, sent halfway across the world to spread the Good Word. With standing room only productions in London, on Broadway, and across North America, THE BOOK OF MORMON has truly become an international sensation. Contains explicit language. Wednesday-Sunday, November 25 – December 6, 2026 (EHC1125-EHC1206E) VIP Parking EHC1125P-1206Q All ages will need to purchase a ticket for entry. 9 Ticket Purchase Limit on ALL Events/ 9 Tickets per Account Limit This event provides for ASL seating. Venue: Blaisdell Concert Hall Sale Date: Presale with passwords: (on line only): Tuesday, May 12, 2026 @ 10am – Friday, May 25, 2026 @ 9:59am HST Public on sale: Friday, May 15, 2026 @ 10am HST Day of Event Date of Event Time of Event Wednesday November 25, 2026 7:30 pm Friday November 27, 2026 2:00 pm Friday November 27, 2026 8:00 pm Saturday November 28, 2026 2:00 pm Saturday November 28, 2026 8:00 pm Sunday November 29, 2026 1:00 pm Sunday November 29, 2026 6:30 pm Monday November 30, 2026 7:30 pm Tuesday December 1, 2026 7:30 pm Wednesday December 2, 2026 7:30 pm Thursday December 3, 2026 7:30 pm Friday December 4, 2026 7:30 pm Saturday December 5, 2026 2:00 pm Saturday December 5, 2026 8:00 pm Sunday December 6, 2026 1:00 pm Sunday December 6, 2026 6:30 pm Ticket Value: (Include appropriate S/C)Use ADULT: Monday, Tuesday, Wednesday, Thursday, Sunday Evenings $155 Orch CC-D (center) $95 Orch CC-D (sides) / E-L all / Balc A-J $70 Orch M-S $60 Orch T-W / Balc K-N $50 Orch X-Z / Balc O-Q $35 Balc R-S Friday / Saturday Matinee & Eve / Sunday Matinee $175 Orch CC-D (center) $105 Orch CC-D (sides) / E-L all / Balc A-J $75 Orch M-S $65 Orch T-W / Balc K-N $55 Orch X-Z / Balc O-Q $45 Balc R-S Note: Additional $2.50 per ticket fee plus appropriate service fees apply. Payment Accepted by: Cash/Visa/Master Card/Discover Service Fees: Box Office sales – $1.00 per ticket facility fee Applicable fees apply to all Ticketmaster Internet/Mobile. Ticketmaster: Online www.ticketmaster.com Ticketmaster TDD (Telecommunications Device for the Deaf): 1-800-474-4833 Blaisdell Box Office: Blaisdell Box Office info line: (808) 768-5252 Blaisdell Box Office TDD (Telecommunications Device for the Deaf): (808) 768-9270 MagicSpace",,"{""url"":""https://blaisdellcenter.com/wp-content/uploads/2026/04/bom-tour-socialstatic-1200x628-wdate-email.jpg"",""id"":119959,""extension"":""jpg"",""width"":1200,""height"":628}","{""_ecp_custom_2"":{""label"":""Parking"",""value"":""$8""},""_ecp_custom_5"":{""label"":""Beer/Liquor"",""value"":""BOTH Beer & Liquor - YES""}}",false,false,,,2026-05-07 11:34:30,2026-05-07 21:34:30,true,true,,,
2026-09-30T20:45:37Z,blaisdellcenter.com,https://blaisdellcenter.com/wp-json/tribe/events/v1/events,1,10006225,blaisdellcenter.com?id=10006225,Book of Mormon,2026-11-28 20:00:00,2026-11-29 06:00:00,2026-11-28 22:30:00,2026-11-29 08:30:00,Pacific/Honolulu,false,false,publish,https://blaisdellcenter.com/event/book-of-mormon-3/2026-11-28/2/,https://broadwayinhawaii.com,,,"{""currency_symbol"":""$"",""currency_code"":""USD"",""currency_position"":""prefix"",""values"":[]}","[{""id"":250,""name"":""Concert Hall"",""slug"":""concert-hall"",""parent"":0},{""id"":248,""name"":""Musical"",""slug"":""musical"",""parent"":0}]",[],"{""id"":111139,""global_id"":""blaisdellcenter.com?id=111139"",""venue"":""Concert Hall"",""address"":""777 Ward Ave"",""city"":""Honolulu"",""country"":""United States"",""state"":""HI"",""zip"":""96814"",""url"":""https://blaisdellcenter.com/venue/concert-hall/"",""show_map"":true,""show_map_link"":true}","[{""id"":111362,""global_id"":""blaisdellcenter.com?id=111362"",""organizer"":""MagicSpace"",""url"":""https://blaisdellcenter.com/organizer/magicspace/""}]","@ Buy Tickets for The Book of Mormon in November 2026 Buy Tickets for The Book of Mormon in December 2026 The Book of Mormon The New York Times calls it “the best musical of this century.” The Washington Post says, “It is the kind of evening that restores your faith in musicals.” And Entertainment Weekly says, “Grade A: the funniest musical of all time.” Jimmy Fallon of The Tonight Show calls it “Genius. Brilliant. Phenomenal.” It’s THE BOOK OF MORMON, the nine-time Tony Award® winning Best Musical. This outrageous musical comedy follows the adventures of a mismatched pair of missionaries, sent halfway across the world to spread the Good Word. With standing room only productions in London, on Broadway, and across North America, THE BOOK OF MORMON has truly become an international sensation. Contains explicit language. Wednesday-Sunday, November 25 – December 6, 2026 (EHC1125-EHC1206E) VIP Parking EHC1125P-1206Q All ages will need to purchase a ticket for entry. 9 Ticket Purchase Limit on ALL Events/ 9 Tickets per Account Limit This event provides for ASL seating. Venue: Blaisdell Concert Hall Sale Date: Presale with passwords: (on line only): Tuesday, May 12, 2026 @ 10am – Friday, May 25, 2026 @ 9:59am HST Public on sale: Friday, May 15, 2026 @ 10am HST Day of Event Date of Event Time of Event Wednesday November 25, 2026 7:30 pm Friday November 27, 2026 2:00 pm Friday November 27, 2026 8:00 pm Saturday November 28, 2026 2:00 pm Saturday November 28, 2026 8:00 pm Sunday November 29, 2026 1:00 pm Sunday November 29, 2026 6:30 pm Monday November 30, 2026 7:30 pm Tuesday December 1, 2026 7:30 pm Wednesday December 2, 2026 7:30 pm Thursday December 3, 2026 7:30 pm Friday December 4, 2026 7:30 pm Saturday December 5, 2026 2:00 pm Saturday December 5, 2026 8:00 pm Sunday December 6, 2026 1:00 pm Sunday December 6, 2026 6:30 pm Ticket Value: (Include appropriate S/C)Use ADULT: Monday, Tuesday, Wednesday, Thursday, Sunday Evenings $155 Orch CC-D (center) $95 Orch CC-D (sides) / E-L all / Balc A-J $70 Orch M-S $60 Orch T-W / Balc K-N $50 Orch X-Z / Balc O-Q $35 Balc R-S Friday / Saturday Matinee & Eve / Sunday Matinee $175 Orch CC-D (center) $105 Orch CC-D (sides) / E-L all / Balc A-J $75 Orch M-S $65 Orch T-W / Balc K-N $55 Orch X-Z / Balc O-Q $45 Balc R-S Note: Additional $2.50 per ticket fee plus appropriate service fees apply. Payment Accepted by: Cash/Visa/Master Card/Discover Service Fees: Box Office sales – $1.00 per ticket facility fee Applicable fees apply to all Ticketmaster Internet/Mobile. Ticketmaster: Online www.ticketmaster.com Ticketmaster TDD (Telecommunications Device for the Deaf): 1-800-474-4833 Blaisdell Box Office: Blaisdell Box Office info line: (808) 768-5252 Blaisdell Box Office TDD (Telecommunications Device for the Deaf): (808) 768-9270 MagicSpace",,"{""url"":""https://blaisdellcenter.com/wp-content/uploads/2026/04/bom-tour-socialstatic-1200x628-wdate-email.jpg"",""id"":119959,""extension"":""jpg"",""width"":1200,""height"":628}","{""_ecp_custom_2"":{""label"":""Parking"",""value"":""$8""},""_ecp_custom_5"":{""label"":""Beer/Liquor"",""value"":""BOTH Beer & Liquor - YES""}}",false,false,,,2026-05-07 11:34:30,2026-05-07 21:34:30,true,true,,,
2026-09-30T20:45:37Z,blaisdellcenter.com,https://blaisdellcenter.com/wp-json/tribe/events/v1/events,1,121433,blaisdellcenter.com?id=121433,Jo Koy: Koy Meets World,2026-11-28 20:00:00,2026-11-29 06:00:00,2026-11-28 22:30:00,2026-11-29 08:30:00,Pacific/Honolulu,false,false,publish,https://blaisdellcenter.com/event/jo-koy-koy-meets-world-2/,,,,"{""currency_symbol"":""$"",""currency_code"":""USD"",""currency_position"":""prefix"",""values"":[]}","[{""id"":249,""name"":""Arena"",""slug"":""arena"",""parent"":0},{""id"":241,""name"":""Comedy"",""slug"":""comedy"",""parent"":0}]",[],"{""id"":110718,""global_id"":""blaisdellcenter.com?id=110718"",""venue"":""Arena"",""address"":""777 Ward Ave"",""city"":""Honolulu"",""country"":""United States"",""state"":""HI"",""zip"":""96814"",""url"":""https://blaisdellcenter.com/venue/arena/"",""show_map"":true,""show_map_link"":true}","[{""id"":116869,""global_id"":""blaisdellcenter.com?id=116869"",""organizer"":""Goldenvoice"",""url"":""https://blaisdellcenter.com/organizer/goldenvoice/""}]","@ Buy Tickets for Jo Koy: Koy Meets World Tour for Saturday, November 28 Saturday, November 28, 2026 @ 8:00 pm / Doors @ 7:00 pm Valet Parking EHB1128P All Ages will need to purchase a ticket for entry. ***Mature Content – Ages 12 & up recommended. 8 ticket limit. Venue: Blaisdell Arena Sale Date: Public on sale: Fri, May 29, 2026 @ 12pm HST Ticket Value: (Include appropriate S/C) Use ADULT: $89.50 AA, BB, CC / Riser A-C, E-G, N-S / Loges $69.50 Riser D & T / Upper level rows C – J $59.50 Upper level rows K – O $49.50 Upper level rows P – Q Payment Accepted by: Cash/Visa/Master Card/Discover Service Fees: Box Office sales – $1.00 per ticket facility fee Applicable fees apply to all Ticketmaster Internet/Mobile. Ticketmaster: Online www.ticketmaster.com Ticketmaster TDD (Telecommunications Device for the Deaf): 1-800-474-4833 Blaisdell Box Office: Blaisdell Box Office info line: (808) 768-5252 Blaisdell Box Office TDD (Telecommunications Device for the Deaf): (808) 768-9270 JO KOY BIOGRAPHY 2026 As one of today’s premiere stand-up comedians, Jo Koy has come a long way from his modest beginnings performing in a Las Vegas coffee house. Jo’s uniquely relatable comedy pulls inspiration from his colorful family that has reached all kinds of people and has translated into sold-out arenas around the world. The comedian continues to be one of the top 10 grossing stand-up comedians each year according to Pollstar and Billboard. Today, he continues selling out and breaking sales records at some of the most prestigious venues around the world including Mall of Asia Arena (Manila, PH), The Forum (Los Angeles), Coca-Cola Arena (Dubai), ICC Theatre (Sydney, AU), O2 Arena (London), Madison Square Garden (New York City), and American Airlines Arena (Dallas) to name a few. In 2022, Koy kicked off his Funny Is Funny World Tour by selling-out the Climate Pledge Arena (over 14,000 tickets) in his hometown of Seattle and ended the tour with a sold-out show at Tacoma Dome (over 19,000 tickets). In 2017, Koy broke a record for the most tickets sold by a single artist at 23,000 tickets and 11 sold-out shows at The Neal S. Blaisdell Concert Hall in Honolulu. In response, the mayor’s office in Honolulu proclaimed November 24th as “Jo Koy Day.” Koy starred in the 2022 Universal Picture comedy Easter Sunday, the film takes place around a struggling single father that returns to his hometown of Daly City, CA to survive a chaotic Easter with his family. The film is a love letter to his Filipino roots and is loosely based on Jo Koy’s life experiences and stand-up comedy. Easter Sunday was produced by Steven Spielberg’s production company Amblin Partners and is the first motion picture film to feature an all-Filipino cast and be produced by a major studio. In honor of the film, Daly City gave Jo the Keys To The City and declared July 22nd “Jo Koy Day.” In 2023, Koy appeared in Disney’s Haunted Mansion and voiced characters in Netflix’s animated films, Monkey King and Leo. In 2024, he was most recently heard voicing the character Monkey King in the Paramount+ film, The Tiger’s Apprentice. He’s also appeared in Netflix’s Mr. Iglesias and Comedy Central’s Awkwafina Is Nora from Queens. In 2023, it was announced that he inked a two-special deal with Netflix with the first special releasing in 2024. Jo returned to Netflix in typical style, sharing his unfiltered opinions on social media, aging and moving into a new phase of his life; his zaddy phase. Filmed at the historic King’s Theatre in Brooklyn, NY, Jo Koy: Live From Brooklyn premiered globally on June 4th, 2024 only on Netflix and reached the Top 10 within the first week. His other Netflix stand-up specials include Live From The Los Angeles Forum, Comin’ In Hot and Live From Seattle. Overall, Koy has had seven highly rated and successful specials on Comedy Central and Netflix. In June 2020, the comedian released his first variety special, Jo Koy: In His Elements on Netflix in which Koy brings the laughs and beats to Manila, spotlighting local culture in a one-of-a-kind show featuring Filipino-American comedians, DJs and B-boys. On March 21st, 2026, Koy alongside Gabriel “Fluffy” Iglesias will become the first to headline and sell-out SoFi Stadium in Los Angeles for their One Night Only! show. Koy continues to push for representation in Hollywood and shine a light on Filipino talent. Last year Koy joined Nurse Unseen, a documentary from Emmy-winning director Michele Josue, as an executive producer. The film explores the little-known history and humanity of the unsung Filipino nurses who risked their lives on the frontlines of the COVID-19 pandemic while facing a resurgence of anti-Asian hate in the streets. In honor of Koy’s impact on Hollywood and comedy, his legacy was permanently cemented during a hand and footprint ceremony at the TCL Chinese Theatre on February 11, 2026, joining an elite group of distinguished talent. In 2023, Jo came on as a producer for the David Byrne-Fatboy Slim musical, Here Lies Love. Here Lies Love told the story of Imelda Marcos’ rise to power and subsequent fall at the hands of the Philippine People Power Revolution. The show received four Tony Award nominations during its run and was the first to feature an all-Filipino cast on Broadway. In 2022, Koy was once again acknowledged for his advocacy for more representation in entertainment and was given the proclamation in Los Angeles that October 7th would be declared “Jo Koy Day.” In 2021, Koy released his first autobiography, Mixed Plate: Chronicles of an All-American Combo with Harper Collins Publishers to raved reviews. In this funny and moving memoir, Koy uncovers the stories behind his stand-up: the conflict, the drama and the laughter as he struggles to find his place in the entertainment industry, his home and around the world. Jo is currently on his Jo Koy: Just Being Koy Tour. For more info on his comedy, book and tour dates, please visit: Jokoy.com. Website: http://jokoy.com/ YouTube: https://www.youtube.com/Jokoy Facebook: https://www.facebook.com/jokoy Instagram: https://www.instagram.com/jokoy Goldenvoice",,"{""url"":""https://blaisdellcenter.com/wp-content/uploads/2026/05/IC_JoKoy_1127_Honolulu_1920x1080-1.jpg"",""id"":121435,""extension"":""jpg"",""width"":1920,""height"":1080}",[],false,false,,,2026-05-31 13:10:56,2026-05-31 23:10:56,false,false,,,
2026-09-30T20:45:37Z,blaisdellcenter.com,https://blaisdellcenter.com/wp-json/tribe/events/v1/events,1,10006228,blaisdellcenter.com?id=10006228,Book of Mormon,2026-11-29 13:00:00,2026-11-29 23:00:00,2026-11-29 15:30:00,2026-11-30 01:30:00,Pacific/Honolulu,false,false,publish,https://blaisdellcenter.com/event/book-of-mormon-4/2026-11-29/1/,,,,"{""currency_symbol"":""$"",""currency_code"":""USD"",""currency_position"":""prefix"",""values"":[]}","[{""id"":250,""name"":""Concert Hall"",""slug"":""concert-hall"",""parent"":0},{""id"":248,""name"":""Musical"",""slug"":""musical"",""parent"":0}]",[],"{""id"":111139,""global_id"":""blaisdellcenter.com?id=111139"",""venue"":""Concert Hall"",""address"":""777 Ward Ave"",""city"":""Honolulu"",""country"":""United States"",""state"":""HI"",""zip"":""96814"",""url"":""https://blaisdellcenter.com/venue/concert-hall/"",""show_map"":true,""show_map_link"":true}","[{""id"":111362,""global_id"":""blaisdellcenter.com?id=111362"",""organizer"":""MagicSpace"",""url"":""https://blaisdellcenter.com/organizer/magicspace/""}]","@ Buy Tickets for The Book of Mormon in November 2026 Buy Tickets for The Book of Mormon in December 2026 The Book of Mormon The New York Times calls it “the best musical of this century.” The Washington Post says, “It is the kind of evening that restores your faith in musicals.” And Entertainment Weekly says, “Grade A: the funniest musical of all time.” Jimmy Fallon of The Tonight Show calls it “Genius. Brilliant. Phenomenal.” It’s THE BOOK OF MORMON, the nine-time Tony Award® winning Best Musical. This outrageous musical comedy follows the adventures of a mismatched pair of missionaries, sent halfway across the world to spread the Good Word. With standing room only productions in London, on Broadway, and across North America, THE BOOK OF MORMON has truly become an international sensation. Contains explicit language. Wednesday-Sunday, November 25 – December 6, 2026 (EHC1125-EHC1206E) VIP Parking EHC1125P-1206Q All ages will need to purchase a ticket for entry. 9 Ticket Purchase Limit on ALL Events/ 9 Tickets per Account Limit This event provides for ASL seating. Venue: Blaisdell Concert Hall Sale Date: Presale with passwords: (on line only): Tuesday, May 12, 2026 @ 10am – Friday, May 25, 2026 @ 9:59am HST Public on sale: Friday, May 15, 2026 @ 10am HST Day of Event Date of Event Time of Event Wednesday November 25, 2026 7:30 pm Friday November 27, 2026 2:00 pm Friday November 27, 2026 8:00 pm Saturday November 28, 2026 2:00 pm Saturday November 28, 2026 8:00 pm Sunday November 29, 2026 1:00 pm Sunday November 29, 2026 6:30 pm Monday November 30, 2026 7:30 pm Tuesday December 1, 2026 7:30 pm Wednesday December 2, 2026 7:30 pm Thursday December 3, 2026 7:30 pm Friday December 4, 2026 7:30 pm Saturday December 5, 2026 2:00 pm Saturday December 5, 2026 8:00 pm Sunday December 6, 2026 1:00 pm Sunday December 6, 2026 6:30 pm Ticket Value: (Include appropriate S/C)Use ADULT: Monday, Tuesday, Wednesday, Thursday, Sunday Evenings $155 Orch CC-D (center) $95 Orch CC-D (sides) / E-L all / Balc A-J $70 Orch M-S $60 Orch T-W / Balc K-N $50 Orch X-Z / Balc O-Q $35 Balc R-S Friday / Saturday Matinee & Eve / Sunday Matinee $175 Orch CC-D (center) $105 Orch CC-D (sides) / E-L all / Balc A-J $75 Orch M-S $65 Orch T-W / Balc K-N $55 Orch X-Z / Balc O-Q $45 Balc R-S Note: Additional $2.50 per ticket fee plus appropriate service fees apply. Payment Accepted by: Cash/Visa/Master Card/Discover Service Fees: Box Office sales – $1.00 per ticket facility fee Applicable fees apply to all Ticketmaster Internet/Mobile. Ticketmaster: Online www.ticketmaster.com Ticketmaster TDD (Telecommunications Device for the Deaf): 1-800-474-4833 Blaisdell Box Office: Blaisdell Box Office info line: (808) 768-5252 Blaisdell Box Office TDD (Telecommunications Device for the Deaf): (808) 768-9270 MagicSpace",,"{""url"":""https://blaisdellcenter.com/wp-content/uploads/2026/04/bom-tour-socialstatic-1200x628-wdate-email.jpg"",""id"":119959,""extension"":""jpg"",""width"":1200,""height"":628}","{""_ecp_custom_2"":{""label"":""Parking"",""value"":""$8""},""_ecp_custom_5"":{""label"":""Beer/Liquor"",""value"":""BOTH Beer & Liquor - YES""}}",false,false,,,2026-05-07 11:36:17,2026-05-07 21:36:17,true,true,,,
2026-09-30T20:45:37Z,blaisdellcenter.com,https://blaisdellcenter.com/wp-json/tribe/events/v1/events,1,10006229,blaisdellcenter.com?id=10006229,Book of Mormon,2026-11-29 18:30:00,2026-11-30 04:30:00,2026-11-29 21:00:00,2026-11-30 07:00:00,Pacific/Honolulu,false,false,publish,https://blaisdellcenter.com/event/book-of-mormon-4/2026-11-29/2/,,,,"{""currency_symbol"":""$"",""currency_code"":""USD"",""currency_position"":""prefix"",""values"":[]}","[{""id"":250,""name"":""Concert Hall"",""slug"":""concert-hall"",""parent"":0},{""id"":248,""name"":""Musical"",""slug"":""musical"",""parent"":0}]",[],"{""id"":111139,""global_id"":""blaisdellcenter.com?id=111139"",""venue"":""Concert Hall"",""address"":""777 Ward Ave"",""city"":""Honolulu"",""country"":""United States"",""state"":""HI"",""zip"":""96814"",""url"":""https://blaisdellcenter.com/venue/concert-hall/"",""show_map"":true,""show_map_link"":true}","[{""id"":111362,""global_id"":""blaisdellcenter.com?id=111362"",""organizer"":""MagicSpace"",""url"":""https://blaisdellcenter.com/organizer/magicspace/""}]","@ Buy Tickets for The Book of Mormon in November 2026 Buy Tickets for The Book of Mormon in December 2026 The Book of Mormon The New York Times calls it “the best musical of this century.” The Washington Post says, “It is the kind of evening that restores your faith in musicals.” And Entertainment Weekly says, “Grade A: the funniest musical of all time.” Jimmy Fallon of The Tonight Show calls it “Genius. Brilliant. Phenomenal.” It’s THE BOOK OF MORMON, the nine-time Tony Award® winning Best Musical. This outrageous musical comedy follows the adventures of a mismatched pair of missionaries, sent halfway across the world to spread the Good Word. With standing room only productions in London, on Broadway, and across North America, THE BOOK OF MORMON has truly become an international sensation. Contains explicit language. Wednesday-Sunday, November 25 – December 6, 2026 (EHC1125-EHC1206E) VIP Parking EHC1125P-1206Q All ages will need to purchase a ticket for entry. 9 Ticket Purchase Limit on ALL Events/ 9 Tickets per Account Limit This event provides for ASL seating. Venue: Blaisdell Concert Hall Sale Date: Presale with passwords: (on line only): Tuesday, May 12, 2026 @ 10am – Friday, May 25, 2026 @ 9:59am HST Public on sale: Friday, May 15, 2026 @ 10am HST Day of Event Date of Event Time of Event Wednesday November 25, 2026 7:30 pm Friday November 27, 2026 2:00 pm Friday November 27, 2026 8:00 pm Saturday November 28, 2026 2:00 pm Saturday November 28, 2026 8:00 pm Sunday November 29, 2026 1:00 pm Sunday November 29, 2026 6:30 pm Monday November 30, 2026 7:30 pm Tuesday December 1, 2026 7:30 pm Wednesday December 2, 2026 7:30 pm Thursday December 3, 2026 7:30 pm Friday December 4, 2026 7:30 pm Saturday December 5, 2026 2:00 pm Saturday December 5, 2026 8:00 pm Sunday December 6, 2026 1:00 pm Sunday December 6, 2026 6:30 pm Ticket Value: (Include appropriate S/C)Use ADULT: Monday, Tuesday, Wednesday, Thursday, Sunday Evenings $155 Orch CC-D (center) $95 Orch CC-D (sides) / E-L all / Balc A-J $70 Orch M-S $60 Orch T-W / Balc K-N $50 Orch X-Z / Balc O-Q $35 Balc R-S Friday / Saturday Matinee & Eve / Sunday Matinee $175 Orch CC-D (center) $105 Orch CC-D (sides) / E-L all / Balc A-J $75 Orch M-S $65 Orch T-W / Balc K-N $55 Orch X-Z / Balc O-Q $45 Balc R-S Note: Additional $2.50 per ticket fee plus appropriate service fees apply. Payment Accepted by: Cash/Visa/Master Card/Discover Service Fees: Box Office sales – $1.00 per ticket facility fee Applicable fees apply to all Ticketmaster Internet/Mobile. Ticketmaster: Online www.ticketmaster.com Ticketmaster TDD (Telecommunications Device for the Deaf): 1-800-474-4833 Blaisdell Box Office: Blaisdell Box Office info line: (808) 768-5252 Blaisdell Box Office TDD (Telecommunications Device for the Deaf): (808) 768-9270 MagicSpace",,"{""url"":""https://blaisdellcenter.com/wp-content/uploads/2026/04/bom-tour-socialstatic-1200x628-wdate-email.jpg"",""id"":119959,""extension"":""jpg"",""width"":1200,""height"":628}","{""_ecp_custom_2"":{""label"":""Parking"",""value"":""$8""},""_ecp_custom_5"":{""label"":""Beer/Liquor"",""value"":""BOTH Beer & Liquor - YES""}}",false,false,,,2026-05-07 11:36:17,2026-05-07 21:36:17,true,true,,,
2026-09-30T20:45:37Z,blaisdellcenter.com,https://blaisdellcenter.com/wp-json/tribe/events/v1/events,1,10006212,blaisdellcenter.com?id=10006212,Book of Mormon,2026-11-30 19:30:00,2026-12-01 05:30:00,2026-11-30 22:00:00,2026-12-01 08:00:00,Pacific/Honolulu,false,false,publish,https://blaisdellcenter.com/event/book-of-mormon/2026-11-30/,https://broadwayinhawaii.com,,,"{""currency_symbol"":""$"",""currency_code"":""USD"",""currency_position"":""prefix"",""values"":[]}","[{""id"":250,""name"":""Concert Hall"",""slug"":""concert-hall"",""parent"":0},{""id"":248,""name"":""Musical"",""slug"":""musical"",""parent"":0}]",[],"{""id"":111139,""global_id"":""blaisdellcenter.com?id=111139"",""venue"":""Concert Hall"",""address"":""777 Ward Ave"",""city"":""Honolulu"",""country"":""United States"",""state"":""HI"",""zip"":""96814"",""url"":""https://blaisdellcenter.com/venue/concert-hall/"",""show_map"":true,""show_map_link"":true}","[{""id"":111362,""global_id"":""blaisdellcenter.com?id=111362"",""organizer"":""MagicSpace"",""url"":""https://blaisdellcenter.com/organizer/magicspace/""}]","@ Buy Tickets for The Book of Mormon in November 2026 Buy Tickets for The Book of Mormon in December 2026 The Book of Mormon The New York Times calls it “the best musical of this century.” The Washington Post says, “It is the kind of evening that restores your faith in musicals.” And Entertainment Weekly says, “Grade A: the funniest musical of all time.” Jimmy Fallon of The Tonight Show calls it “Genius. Brilliant. Phenomenal.” It’s THE BOOK OF MORMON, the nine-time Tony Award® winning Best Musical. This outrageous musical comedy follows the adventures of a mismatched pair of missionaries, sent halfway across the world to spread the Good Word. With standing room only productions in London, on Broadway, and across North America, THE BOOK OF MORMON has truly become an international sensation. Contains explicit language. Wednesday-Sunday, November 25 – December 6, 2026 (EHC1125-EHC1206E) VIP Parking EHC1125P-1206Q All ages will need to purchase a ticket for entry. 9 Ticket Purchase Limit on ALL Events/ 9 Tickets per Account Limit This event provides for ASL seating. Venue: Blaisdell Concert Hall Sale Date: Presale with passwords: (on line only): Tuesday, May 12, 2026 @ 10am – Friday, May 25, 2026 @ 9:59am HST Public on sale: Friday, May 15, 2026 @ 10am HST Day of Event Date of Event Time of Event Wednesday November 25, 2026 7:30 pm Friday November 27, 2026 2:00 pm Friday November 27, 2026 8:00 pm Saturday November 28, 2026 2:00 pm Saturday November 28, 2026 8:00 pm Sunday November 29, 2026 1:00 pm Sunday November 29, 2026 6:30 pm Monday November 30, 2026 7:30 pm Tuesday December 1, 2026 7:30 pm Wednesday December 2, 2026 7:30 pm Thursday December 3, 2026 7:30 pm Friday December 4, 2026 7:30 pm Saturday December 5, 2026 2:00 pm Saturday December 5, 2026 8:00 pm Sunday December 6, 2026 1:00 pm Sunday December 6, 2026 6:30 pm Ticket Value: (Include appropriate S/C)Use ADULT: Monday, Tuesday, Wednesday, Thursday, Sunday Evenings $155 Orch CC-D (center) $95 Orch CC-D (sides) / E-L all / Balc A-J $70 Orch M-S $60 Orch T-W / Balc K-N $50 Orch X-Z / Balc O-Q $35 Balc R-S Friday / Saturday Matinee & Eve / Sunday Matinee $175 Orch CC-D (center) $105 Orch CC-D (sides) / E-L all / Balc A-J $75 Orch M-S $65 Orch T-W / Balc K-N $55 Orch X-Z / Balc O-Q $45 Balc R-S Note: Additional $2.50 per ticket fee plus appropriate service fees apply. Payment Accepted by: Cash/Visa/Master Card/Discover Service Fees: Box Office sales – $1.00 per ticket facility fee Applicable fees apply to all Ticketmaster Internet/Mobile. Ticketmaster: Online www.ticketmaster.com Ticketmaster TDD (Telecommunications Device for the Deaf): 1-800-474-4833 Blaisdell Box Office: Blaisdell Box Office info line: (808) 768-5252 Blaisdell Box Office TDD (Telecommunications Device for the Deaf): (808) 768-9270 MagicSpace",,"{""url"":""https://blaisdellcenter.com/wp-content/uploads/2026/04/bom-tour-socialstatic-1200x628-wdate-email.jpg"",""id"":119959,""extension"":""jpg"",""width"":1200,""height"":628}","{""_ecp_custom_2"":{""label"":""Parking"",""value"":""$8""},""_ecp_custom_5"":{""label"":""Beer/Liquor"",""value"":""BOTH Beer & Liquor - YES""}}",false,false,,,2026-05-07 11:32:23,2026-05-07 21:32:23,true,true,,,
2026-09-30T20:45:37Z,blaisdellcenter.com,https://blaisdellcenter.com/wp-json/tribe/events/v1/events,1,10006213,blaisdellcenter.com?id=10006213,Book of Mormon,2026-12-01 19:30:00,2026-12-02 05:30:00,2026-12-01 22:00:00,2026-12-02 08:00:00,Pacific/Honolulu,false,false,publish,https://blaisdellcenter.com/event/book-of-mormon/2026-12-01/,https://broadwayinhawaii.com,,,"{""currency_symbol"":""$"",""currency_code"":""USD"",""currency_position"":""prefix"",""values"":[]}","[{""id"":250,""name"":""Concert Hall"",""slug"":""concert-hall"",""parent"":0},{""id"":248,""name"":""Musical"",""slug"":""musical"",""parent"":0}]",[],"{""id"":111139,""global_id"":""blaisdellcenter.com?id=111139"",""venue"":""Concert Hall"",""address"":""777 Ward Ave"",""city"":""Honolulu"",""country"":""United States"",""state"":""HI"",""zip"":""96814"",""url"":""https://blaisdellcenter.com/venue/concert-hall/"",""show_map"":true,""show_map_link"":true}","[{""id"":111362,""global_id"":""blaisdellcenter.com?id=111362"",""organizer"":""MagicSpace"",""url"":""https://blaisdellcenter.com/organizer/magicspace/""}]","@ Buy Tickets for The Book of Mormon in November 2026 Buy Tickets for The Book of Mormon in December 2026 The Book of Mormon The New York Times calls it “the best musical of this century.” The Washington Post says, “It is the kind of evening that restores your faith in musicals.” And Entertainment Weekly says, “Grade A: the funniest musical of all time.” Jimmy Fallon of The Tonight Show calls it “Genius. Brilliant. Phenomenal.” It’s THE BOOK OF MORMON, the nine-time Tony Award® winning Best Musical. This outrageous musical comedy follows the adventures of a mismatched pair of missionaries, sent halfway across the world to spread the Good Word. With standing room only productions in London, on Broadway, and across North America, THE BOOK OF MORMON has truly become an international sensation. Contains explicit language. Wednesday-Sunday, November 25 – December 6, 2026 (EHC1125-EHC1206E) VIP Parking EHC1125P-1206Q All ages will need to purchase a ticket for entry. 9 Ticket Purchase Limit on ALL Events/ 9 Tickets per Account Limit This event provides for ASL seating. Venue: Blaisdell Concert Hall Sale Date: Presale with passwords: (on line only): Tuesday, May 12, 2026 @ 10am – Friday, May 25, 2026 @ 9:59am HST Public on sale: Friday, May 15, 2026 @ 10am HST Day of Event Date of Event Time of Event Wednesday November 25, 2026 7:30 pm Friday November 27, 2026 2:00 pm Friday November 27, 2026 8:00 pm Saturday November 28, 2026 2:00 pm Saturday November 28, 2026 8:00 pm Sunday November 29, 2026 1:00 pm Sunday November 29, 2026 6:30 pm Monday November 30, 2026 7:30 pm Tuesday December 1, 2026 7:30 pm Wednesday December 2, 2026 7:30 pm Thursday December 3, 2026 7:30 pm Friday December 4, 2026 7:30 pm Saturday December 5, 2026 2:00 pm Saturday December 5, 2026 8:00 pm Sunday December 6, 2026 1:00 pm Sunday December 6, 2026 6:30 pm Ticket Value: (Include appropriate S/C)Use ADULT: Monday, Tuesday, Wednesday, Thursday, Sunday Evenings $155 Orch CC-D (center) $95 Orch CC-D (sides) / E-L all / Balc A-J $70 Orch M-S $60 Orch T-W / Balc K-N $50 Orch X-Z / Balc O-Q $35 Balc R-S Friday / Saturday Matinee & Eve / Sunday Matinee $175 Orch CC-D (center) $105 Orch CC-D (sides) / E-L all / Balc A-J $75 Orch M-S $65 Orch T-W / Balc K-N $55 Orch X-Z / Balc O-Q $45 Balc R-S Note: Additional $2.50 per ticket fee plus appropriate service fees apply. Payment Accepted by: Cash/Visa/Master Card/Discover Service Fees: Box Office sales – $1.00 per ticket facility fee Applicable fees apply to all Ticketmaster Internet/Mobile. Ticketmaster: Online www.ticketmaster.com Ticketmaster TDD (Telecommunications Device for the Deaf): 1-800-474-4833 Blaisdell Box Office: Blaisdell Box Office info line: (808) 768-5252 Blaisdell Box Office TDD (Telecommunications Device for the Deaf): (808) 768-9270 MagicSpace",,"{""url"":""https://blaisdellcenter.com/wp-content/uploads/2026/04/bom-tour-socialstatic-1200x628-wdate-email.jpg"",""id"":119959,""extension"":""jpg"",""width"":1200,""height"":628}","{""_ecp_custom_2"":{""label"":""Parking"",""value"":""$8""},""_ecp_custom_5"":{""label"":""Beer/Liquor"",""value"":""BOTH Beer & Liquor - YES""}}",false,false,,,2026-05-07 11:32:23,2026-05-07 21:32:23,true,true,,,
2026-09-30T20:45:37Z,blaisdellcenter.com,https://blaisdellcenter.com/wp-json/tribe/events/v1/events,1,10005903,blaisdellcenter.com?id=10005903,Farmers Market,2026-12-02 16:00:00,2026-12-03 02:00:00,2026-12-02 19:00:00,2026-12-03 05:00:00,Pacific/Honolulu,false,false,publish,https://blaisdellcenter.com/event/farmers-market/2026-12-02/,,,Free,"{""currency_symbol"":""$"",""currency_code"":""USD"",""currency_position"":""prefix"",""values"":[""free""]}","[{""id"":268,""name"":""Arena Parking Lot"",""slug"":""arena-parking-lot"",""parent"":0},{""id"":265,""name"":""Other"",""slug"":""other"",""parent"":0}]",[],"{""id"":111139,""global_id"":""blaisdellcenter.com?id=111139"",""venue"":""Concert Hall"",""address"":""777 Ward Ave"",""city"":""Honolulu"",""country"":""United States"",""state"":""HI"",""zip"":""96814"",""url"":""https://blaisdellcenter.com/venue/concert-hall/"",""show_map"":true,""show_map_link"":true}","[{""id"":111247,""global_id"":""blaisdellcenter.com?id=111247"",""organizer"":""Hawaii Farm Bureau"",""url"":""https://blaisdellcenter.com/organizer/hawaii-farm-bureau/""}]",@ Hawaii Farm Bureau logo The Farmers Market is at the Arena parking lot at the corner of Kapiolani Blvd and Ward Ave – unless otherwise noted.,,false,"{""_ecp_custom_3"":{""label"":""Food/Concessions"",""value"":""YES""}}",false,false,,,2026-05-27 11:58:23,2026-05-27 21:58:23,true,true,,,
2026-09-30T20:45:37Z,blaisdellcenter.com,https://blaisdellcenter.com/wp-json/tribe/events/v1/events,2,10006214,blaisdellcenter.com?id=10006214,Book of Mormon,2026-12-02 19:30:00,2026-12-03 05:30:00,2026-12-02 22:00:00,2026-12-03 08:00:00,Pacific/Honolulu,false,false,publish,https://blaisdellcenter.com/event/book-of-mormon/2026-12-02/,https://broadwayinhawaii.com,,,"{""currency_symbol"":""$"",""currency_code"":""USD"",""currency_position"":""prefix"",""values"":[]}","[{""id"":250,""name"":""Concert Hall"",""slug"":""concert-hall"",""parent"":0},{""id"":248,""name"":""Musical"",""slug"":""musical"",""parent"":0}]",[],"{""id"":111139,""global_id"":""blaisdellcenter.com?id=111139"",""venue"":""Concert Hall"",""address"":""777 Ward Ave"",""city"":""Honolulu"",""country"":""United States"",""state"":""HI"",""zip"":""96814"",""url"":""https://blaisdellcenter.com/venue/concert-hall/"",""show_map"":true,""show_map_link"":true}","[{""id"":111362,""global_id"":""blaisdellcenter.com?id=111362"",""organizer"":""MagicSpace"",""url"":""https://blaisdellcenter.com/organizer/magicspace/""}]","@ Buy Tickets for The Book of Mormon in November 2026 Buy Tickets for The Book of Mormon in December 2026 The Book of Mormon The New York Times calls it “the best musical of this century.” The Washington Post says, “It is the kind of evening that restores your faith in musicals.” And Entertainment Weekly says, “Grade A: the funniest musical of all time.” Jimmy Fallon of The Tonight Show calls it “Genius. Brilliant. Phenomenal.” It’s THE BOOK OF MORMON, the nine-time Tony Award® winning Best Musical. This outrageous musical comedy follows the adventures of a mismatched pair of missionaries, sent halfway across the world to spread the Good Word. With standing room only productions in London, on Broadway, and across North America, THE BOOK OF MORMON has truly become an international sensation. Contains explicit language. Wednesday-Sunday, November 25 – December 6, 2026 (EHC1125-EHC1206E) VIP Parking EHC1125P-1206Q All ages will need to purchase a ticket for entry. 9 Ticket Purchase Limit on ALL Events/ 9 Tickets per Account Limit This event provides for ASL seating. Venue: Blaisdell Concert Hall Sale Date: Presale with passwords: (on line only): Tuesday, May 12, 2026 @ 10am – Friday, May 25, 2026 @ 9:59am HST Public on sale: Friday, May 15, 2026 @ 10am HST Day of Event Date of Event Time of Event Wednesday November 25, 2026 7:30 pm Friday November 27, 2026 2:00 pm Friday November 27, 2026 8:00 pm Saturday November 28, 2026 2:00 pm Saturday November 28, 2026 8:00 pm Sunday November 29, 2026 1:00 pm Sunday November 29, 2026 6:30 pm Monday November 30, 2026 7:30 pm Tuesday December 1, 2026 7:30 pm Wednesday December 2, 2026 7:30 pm Thursday December 3, 2026 7:30 pm Friday December 4, 2026 7:30 pm Saturday December 5, 2026 2:00 pm Saturday December 5, 2026 8:00 pm Sunday December 6, 2026 1:00 pm Sunday December 6, 2026 6:30 pm Ticket Value: (Include appropriate S/C)Use ADULT: Monday, Tuesday, Wednesday, Thursday, Sunday Evenings $155 Orch CC-D (center) $95 Orch CC-D (sides) / E-L all / Balc A-J $70 Orch M-S $60 Orch T-W / Balc K-N $50 Orch X-Z / Balc O-Q $35 Balc R-S Friday / Saturday Matinee & Eve / Sunday Matinee $175 Orch CC-D (center) $105 Orch CC-D (sides) / E-L all / Balc A-J $75 Orch M-S $65 Orch T-W / Balc K-N $55 Orch X-Z / Balc O-Q $45 Balc R-S Note: Additional $2.50 per ticket fee plus appropriate service fees apply. Payment Accepted by: Cash/Visa/Master Card/Discover Service Fees: Box Office sales – $1.00 per ticket facility fee Applicable fees apply to all Ticketmaster Internet/Mobile. Ticketmaster: Online www.ticketmaster.com Ticketmaster TDD (Telecommunications Device for the Deaf): 1-800-474-4833 Blaisdell Box Office: Blaisdell Box Office info line: (808) 768-5252 Blaisdell Box Office TDD (Telecommunications Device for the Deaf): (808) 768-9270 MagicSpace",,"{""url"":""https://blaisdellcenter.com/wp-content/uploads/2026/04/bom-tour-socialstatic-1200x628-wdate-email.jpg"",""id"":119959,""extension"":""jpg"",""width"":1200,""height"":628}","{""_ecp_custom_2"":{""label"":""Parking"",""value"":""$8""},""_ecp_custom_5"":{""label"":""Beer/Liquor"",""value"":""BOTH Beer & Liquor - YES""}}",false,false,,,2026-05-07 11:32:23,2026-05-07 21:32:23,true,true,,,
2026-09-30T20:45:37Z,blaisdellcenter.com,https://blaisdellcenter.com/wp-json/tribe/events/v1/events,2,10006215,blaisdellcenter.com?id=10006215,Book of Mormon,2026-12-03 19:30:00,2026-12-04 05:30:00,2026-12-03 22:00:00,2026-12-04 08:00:00,Pacific/Honolulu,false,false,publish,https://blaisdellcenter.com/event/book-of-mormon-2/2026-12-03/,,,,"{""currency_symbol"":""$"",""currency_code"":""USD"",""currency_position"":""prefix"",""values"":[]}","[{""id"":250,""name"":""Concert Hall"",""slug"":""concert-hall"",""parent"":0},{""id"":248,""name"":""Musical"",""slug"":""musical"",""parent"":0}]",[],"{""id"":111139,""global_id"":""blaisdellcenter.com?id=111139"",""venue"":""Concert Hall"",""address"":""777 Ward Ave"",""city"":""Honolulu"",""country"":""United States"",""state"":""HI"",""zip"":""96814"",""url"":""https://blaisdellcenter.com/venue/concert-hall/"",""show_map"":true,""show_map_link"":true}","[{""id"":111362,""global_id"":""blaisdellcenter.com?id=111362"",""organizer"":""MagicSpace"",""url"":""https://blaisdellcenter.com/organizer/magicspace/""}]","@ Buy Tickets for The Book of Mormon in November 2026 Buy Tickets for The Book of Mormon in December 2026 The Book of Mormon The New York Times calls it “the best musical of this century.” The Washington Post says, “It is the kind of evening that restores your faith in musicals.” And Entertainment Weekly says, “Grade A: the funniest musical of all time.” Jimmy Fallon of The Tonight Show calls it “Genius. Brilliant. Phenomenal.” It’s THE BOOK OF MORMON, the nine-time Tony Award® winning Best Musical. This outrageous musical comedy follows the adventures of a mismatched pair of missionaries, sent halfway across the world to spread the Good Word. With standing room only productions in London, on Broadway, and across North America, THE BOOK OF MORMON has truly become an international sensation. Contains explicit language. Wednesday-Sunday, November 25 – December 6, 2026 (EHC1125-EHC1206E) VIP Parking EHC1125P-1206Q All ages will need to purchase a ticket for entry. 9 Ticket Purchase Limit on ALL Events/ 9 Tickets per Account Limit This event provides for ASL seating. Venue: Blaisdell Concert Hall Sale Date: Presale with passwords: (on line only): Tuesday, May 12, 2026 @ 10am – Friday, May 25, 2026 @ 9:59am HST Public on sale: Friday, May 15, 2026 @ 10am HST Day of Event Date of Event Time of Event Wednesday November 25, 2026 7:30 pm Friday November 27, 2026 2:00 pm Friday November 27, 2026 8:00 pm Saturday November 28, 2026 2:00 pm Saturday November 28, 2026 8:00 pm Sunday November 29, 2026 1:00 pm Sunday November 29, 2026 6:30 pm Monday November 30, 2026 7:30 pm Tuesday December 1, 2026 7:30 pm Wednesday December 2, 2026 7:30 pm Thursday December 3, 2026 7:30 pm Friday December 4, 2026 7:30 pm Saturday December 5, 2026 2:00 pm Saturday December 5, 2026 8:00 pm Sunday December 6, 2026 1:00 pm Sunday December 6, 2026 6:30 pm Ticket Value: (Include appropriate S/C)Use ADULT: Monday, Tuesday, Wednesday, Thursday, Sunday Evenings $155 Orch CC-D (center) $95 Orch CC-D (sides) / E-L all / Balc A-J $70 Orch M-S $60 Orch T-W / Balc K-N $50 Orch X-Z / Balc O-Q $35 Balc R-S Friday / Saturday Matinee & Eve / Sunday Matinee $175 Orch CC-D (center) $105 Orch CC-D (sides) / E-L all / Balc A-J $75 Orch M-S $65 Orch T-W / Balc K-N $55 Orch X-Z / Balc O-Q $45 Balc R-S Note: Additional $2.50 per ticket fee plus appropriate service fees apply. Payment Accepted by: Cash/Visa/Master Card/Discover Service Fees: Box Office sales – $1.00 per ticket facility fee Applicable fees apply to all Ticketmaster Internet/Mobile. Ticketmaster: Online www.ticketmaster.com Ticketmaster TDD (Telecommunications Device for the Deaf): 1-800-474-4833 Blaisdell Box Office: Blaisdell Box Office info line: (808) 768-5252 Blaisdell Box Office TDD (Telecommunications Device for the Deaf): (808) 768-9270",,"{""url"":""https://blaisdellcenter.com/wp-content/uploads/2026/04/bom-tour-socialstatic-1200x628-wdate-email.jpg"",""id"":119959,""extension"":""jpg"",""width"":1200,""height"":628}","{""_ecp_custom_2"":{""label"":""Parking"",""value"":""$8""},""_ecp_custom_5"":{""label"":""Beer/Liquor"",""value"":""BOTH Beer & Liquor - YES""}}",false,false,,,2026-05-07 11:33:26,2026-05-07 21:33:26,true,true,,,
2026-09-30T20:45:37Z,blaisdellcenter.com,https://blaisdellcenter.com/wp-json/tribe/events/v1/events,2,122237,blaisdellcenter.com?id=122237,Iration – Where It All Began Tour special guests: Kanaka Fyah & Twin Fin,2026-12-04 18:00:00,2026-12-05 04:00:00,2026-12-04 18:00:00,2026-12-05 04:00:00,Pacific/Honolulu,false,false,publish,https://blaisdellcenter.com/event/iration-where-it-all-began-tour-special-guests-kanaka-fyah-twin-fin/,,,,"{""currency_symbol"":""$"",""currency_code"":""USD"",""currency_position"":""prefix"",""values"":[]}",[],[],"{""id"":111144,""global_id"":""blaisdellcenter.com?id=111144"",""venue"":""Tom Moffatt Waikīkī Shell"",""address"":""2805 Monsarrat Ave"",""city"":""Honolulu"",""country"":""United States"",""state"":""HI"",""zip"":""96814"",""url"":""https://blaisdellcenter.com/venue/tom-moffatt-waikiki-shell/"",""show_map"":true,""show_map_link"":true}","[{""id"":111328,""global_id"":""blaisdellcenter.com?id=111328"",""organizer"":""Bamp Project"",""url"":""https://blaisdellcenter.com/organizer/bamp-project/""}]","@ Buy Tickets for Iration Iration (EHW1204) Friday, December 4, 2026 @ 6:00 pm / Doors @ 5:00 pm Ages 4 & up will need to purchase a ticket for entry. Ticket limit of 6 per household to be in effect for the entire time of ticket sales. Venue: Tom Moffatt Waikiki Shell Sale Date: Passcode protected presales (online only) BAMP Presale: Thurs, September 24, 2026 @ 10am – 10pm HST Public on sale: Friday, September 25, 2026 @ 10:00 am HST Ticket Value: (Include appropriate S/C): $89.50 Pool (General Admission) $69.50 1st Terrace $59.50 2nd Terrace $49.50 Lawn DAY OF PRICING $95 Pool (General Admission) $80 1st Terrace $70 2nd Terrace $60 Lawn Payment Accepted by: Cash/Visa/Master Card/Discover Service Fees: Box Office sales – $1.00 per ticket facility fee Applicable fees apply to all Ticketmaster Internet/Mobile. Ticketmaster: Online www.ticketmaster.com Ticketmaster TDD (Telecommunications Device for the Deaf): 1-800-474-4833 Blaisdell Box Office: Blaisdell Box Office info line: (808) 768-5252 Blaisdell Box Office TDD (Telecommunications Device for the Deaf): (808) 768-9270 Bamp Project",,"{""url"":""https://blaisdellcenter.com/wp-content/uploads/2026/09/Oahu_1920x1080.png"",""id"":122238,""extension"":""png"",""width"":1920,""height"":1080}",[],false,false,,,2026-09-23 15:08:55,2026-09-24 01:08:55,false,false,,,
2026-09-30T20:45:37Z,blaisdellcenter.com,https://blaisdellcenter.com/wp-json/tribe/events/v1/events,2,10006216,blaisdellcenter.com?id=10006216,Book of Mormon,2026-12-04 19:30:00,2026-12-05 05:30:00,2026-12-04 22:00:00,2026-12-05 08:00:00,Pacific/Honolulu,false,false,publish,https://blaisdellcenter.com/event/book-of-mormon-2/2026-12-04/,,,,"{""currency_symbol"":""$"",""currency_code"":""USD"",""currency_position"":""prefix"",""values"":[]}","[{""id"":250,""name"":""Concert Hall"",""slug"":""concert-hall"",""parent"":0},{""id"":248,""name"":""Musical"",""slug"":""musical"",""parent"":0}]",[],"{""id"":111139,""global_id"":""blaisdellcenter.com?id=111139"",""venue"":""Concert Hall"",""address"":""777 Ward Ave"",""city"":""Honolulu"",""country"":""United States"",""state"":""HI"",""zip"":""96814"",""url"":""https://blaisdellcenter.com/venue/concert-hall/"",""show_map"":true,""show_map_link"":true}","[{""id"":111362,""global_id"":""blaisdellcenter.com?id=111362"",""organizer"":""MagicSpace"",""url"":""https://blaisdellcenter.com/organizer/magicspace/""}]","@ Buy Tickets for The Book of Mormon in November 2026 Buy Tickets for The Book of Mormon in December 2026 The Book of Mormon The New York Times calls it “the best musical of this century.” The Washington Post says, “It is the kind of evening that restores your faith in musicals.” And Entertainment Weekly says, “Grade A: the funniest musical of all time.” Jimmy Fallon of The Tonight Show calls it “Genius. Brilliant. Phenomenal.” It’s THE BOOK OF MORMON, the nine-time Tony Award® winning Best Musical. This outrageous musical comedy follows the adventures of a mismatched pair of missionaries, sent halfway across the world to spread the Good Word. With standing room only productions in London, on Broadway, and across North America, THE BOOK OF MORMON has truly become an international sensation. Contains explicit language. Wednesday-Sunday, November 25 – December 6, 2026 (EHC1125-EHC1206E) VIP Parking EHC1125P-1206Q All ages will need to purchase a ticket for entry. 9 Ticket Purchase Limit on ALL Events/ 9 Tickets per Account Limit This event provides for ASL seating. Venue: Blaisdell Concert Hall Sale Date: Presale with passwords: (on line only): Tuesday, May 12, 2026 @ 10am – Friday, May 25, 2026 @ 9:59am HST Public on sale: Friday, May 15, 2026 @ 10am HST Day of Event Date of Event Time of Event Wednesday November 25, 2026 7:30 pm Friday November 27, 2026 2:00 pm Friday November 27, 2026 8:00 pm Saturday November 28, 2026 2:00 pm Saturday November 28, 2026 8:00 pm Sunday November 29, 2026 1:00 pm Sunday November 29, 2026 6:30 pm Monday November 30, 2026 7:30 pm Tuesday December 1, 2026 7:30 pm Wednesday December 2, 2026 7:30 pm Thursday December 3, 2026 7:30 pm Friday December 4, 2026 7:30 pm Saturday December 5, 2026 2:00 pm Saturday December 5, 2026 8:00 pm Sunday December 6, 2026 1:00 pm Sunday December 6, 2026 6:30 pm Ticket Value: (Include appropriate S/C)Use ADULT: Monday, Tuesday, Wednesday, Thursday, Sunday Evenings $155 Orch CC-D (center) $95 Orch CC-D (sides) / E-L all / Balc A-J $70 Orch M-S $60 Orch T-W / Balc K-N $50 Orch X-Z / Balc O-Q $35 Balc R-S Friday / Saturday Matinee & Eve / Sunday Matinee $175 Orch CC-D (center) $105 Orch CC-D (sides) / E-L all / Balc A-J $75 Orch M-S $65 Orch T-W / Balc K-N $55 Orch X-Z / Balc O-Q $45 Balc R-S Note: Additional $2.50 per ticket fee plus appropriate service fees apply. Payment Accepted by: Cash/Visa/Master Card/Discover Service Fees: Box Office sales – $1.00 per ticket facility fee Applicable fees apply to all Ticketmaster Internet/Mobile. Ticketmaster: Online www.ticketmaster.com Ticketmaster TDD (Telecommunications Device for the Deaf): 1-800-474-4833 Blaisdell Box Office: Blaisdell Box Office info line: (808) 768-5252 Blaisdell Box Office TDD (Telecommunications Device for the Deaf): (808) 768-9270",,"{""url"":""https://blaisdellcenter.com/wp-content/uploads/2026/04/bom-tour-socialstatic-1200x628-wdate-email.jpg"",""id"":119959,""extension"":""jpg"",""width"":1200,""height"":628}","{""_ecp_custom_2"":{""label"":""Parking"",""value"":""$8""},""_ecp_custom_5"":{""label"":""Beer/Liquor"",""value"":""BOTH Beer & Liquor - YES""}}",false,false,,,2026-05-07 11:33:26,2026-05-07 21:33:26,true,true,,,
2026-09-30T20:45:37Z,blaisdellcenter.com,https://blaisdellcenter.com/wp-json/tribe/events/v1/events,2,10006226,blaisdellcenter.com?id=10006226,Book of Mormon,2026-12-05 14:00:00,2026-12-06 00:00:00,2026-12-05 16:30:00,2026-12-06 02:30:00,Pacific/Honolulu,false,false,publish,https://blaisdellcenter.com/event/book-of-mormon-3/2026-12-05/1/,https://broadwayinhawaii.com,,,"{""currency_symbol"":""$"",""currency_code"":""USD"",""currency_position"":""prefix"",""values"":[]}","[{""id"":250,""name"":""Concert Hall"",""slug"":""concert-hall"",""parent"":0},{""id"":248,""name"":""Musical"",""slug"":""musical"",""parent"":0}]",[],"{""id"":111139,""global_id"":""blaisdellcenter.com?id=111139"",""venue"":""Concert Hall"",""address"":""777 Ward Ave"",""city"":""Honolulu"",""country"":""United States"",""state"":""HI"",""zip"":""96814"",""url"":""https://blaisdellcenter.com/venue/concert-hall/"",""show_map"":true,""show_map_link"":true}","[{""id"":111362,""global_id"":""blaisdellcenter.com?id=111362"",""organizer"":""MagicSpace"",""url"":""https://blaisdellcenter.com/organizer/magicspace/""}]","@ Buy Tickets for The Book of Mormon in November 2026 Buy Tickets for The Book of Mormon in December 2026 The Book of Mormon The New York Times calls it “the best musical of this century.” The Washington Post says, “It is the kind of evening that restores your faith in musicals.” And Entertainment Weekly says, “Grade A: the funniest musical of all time.” Jimmy Fallon of The Tonight Show calls it “Genius. Brilliant. Phenomenal.” It’s THE BOOK OF MORMON, the nine-time Tony Award® winning Best Musical. This outrageous musical comedy follows the adventures of a mismatched pair of missionaries, sent halfway across the world to spread the Good Word. With standing room only productions in London, on Broadway, and across North America, THE BOOK OF MORMON has truly become an international sensation. Contains explicit language. Wednesday-Sunday, November 25 – December 6, 2026 (EHC1125-EHC1206E) VIP Parking EHC1125P-1206Q All ages will need to purchase a ticket for entry. 9 Ticket Purchase Limit on ALL Events/ 9 Tickets per Account Limit This event provides for ASL seating. Venue: Blaisdell Concert Hall Sale Date: Presale with passwords: (on line only): Tuesday, May 12, 2026 @ 10am – Friday, May 25, 2026 @ 9:59am HST Public on sale: Friday, May 15, 2026 @ 10am HST Day of Event Date of Event Time of Event Wednesday November 25, 2026 7:30 pm Friday November 27, 2026 2:00 pm Friday November 27, 2026 8:00 pm Saturday November 28, 2026 2:00 pm Saturday November 28, 2026 8:00 pm Sunday November 29, 2026 1:00 pm Sunday November 29, 2026 6:30 pm Monday November 30, 2026 7:30 pm Tuesday December 1, 2026 7:30 pm Wednesday December 2, 2026 7:30 pm Thursday December 3, 2026 7:30 pm Friday December 4, 2026 7:30 pm Saturday December 5, 2026 2:00 pm Saturday December 5, 2026 8:00 pm Sunday December 6, 2026 1:00 pm Sunday December 6, 2026 6:30 pm Ticket Value: (Include appropriate S/C)Use ADULT: Monday, Tuesday, Wednesday, Thursday, Sunday Evenings $155 Orch CC-D (center) $95 Orch CC-D (sides) / E-L all / Balc A-J $70 Orch M-S $60 Orch T-W / Balc K-N $50 Orch X-Z / Balc O-Q $35 Balc R-S Friday / Saturday Matinee & Eve / Sunday Matinee $175 Orch CC-D (center) $105 Orch CC-D (sides) / E-L all / Balc A-J $75 Orch M-S $65 Orch T-W / Balc K-N $55 Orch X-Z / Balc O-Q $45 Balc R-S Note: Additional $2.50 per ticket fee plus appropriate service fees apply. Payment Accepted by: Cash/Visa/Master Card/Discover Service Fees: Box Office sales – $1.00 per ticket facility fee Applicable fees apply to all Ticketmaster Internet/Mobile. Ticketmaster: Online www.ticketmaster.com Ticketmaster TDD (Telecommunications Device for the Deaf): 1-800-474-4833 Blaisdell Box Office: Blaisdell Box Office info line: (808) 768-5252 Blaisdell Box Office TDD (Telecommunications Device for the Deaf): (808) 768-9270 MagicSpace",,"{""url"":""https://blaisdellcenter.com/wp-content/uploads/2026/04/bom-tour-socialstatic-1200x628-wdate-email.jpg"",""id"":119959,""extension"":""jpg"",""width"":1200,""height"":628}","{""_ecp_custom_2"":{""label"":""Parking"",""value"":""$8""},""_ecp_custom_5"":{""label"":""Beer/Liquor"",""value"":""BOTH Beer & Liquor - YES""}}",false,false,,,2026-05-07 11:34:30,2026-05-07 21:34:30,true,true,,,
2026-09-30T20:45:37Z,blaisdellcenter.com,https://blaisdellcenter.com/wp-json/tribe/events/v1/events,2,10006227,blaisdellcenter.com?id=10006227,Book of Mormon,2026-12-05 20:00:00,2026-12-06 06:00:00,2026-12-05 22:30:00,2026-12-06 08:30:00,Pacific/Honolulu,false,false,publish,https://blaisdellcenter.com/event/book-of-mormon-3/2026-12-05/2/,https://broadwayinhawaii.com,,,"{""currency_symbol"":""$"",""currency_code"":""USD"",""currency_position"":""prefix"",""values"":[]}","[{""id"":250,""name"":""Concert Hall"",""slug"":""concert-hall"",""parent"":0},{""id"":248,""name"":""Musical"",""slug"":""musical"",""parent"":0}]",[],"{""id"":111139,""global_id"":""blaisdellcenter.com?id=111139"",""venue"":""Concert Hall"",""address"":""777 Ward Ave"",""city"":""Honolulu"",""country"":""United States"",""state"":""HI"",""zip"":""96814"",""url"":""https://blaisdellcenter.com/venue/concert-hall/"",""show_map"":true,""show_map_link"":true}","[{""id"":111362,""global_id"":""blaisdellcenter.com?id=111362"",""organizer"":""MagicSpace"",""url"":""https://blaisdellcenter.com/organizer/magicspace/""}]","@ Buy Tickets for The Book of Mormon in November 2026 Buy Tickets for The Book of Mormon in December 2026 The Book of Mormon The New York Times calls it “the best musical of this century.” The Washington Post says, “It is the kind of evening that restores your faith in musicals.” And Entertainment Weekly says, “Grade A: the funniest musical of all time.” Jimmy Fallon of The Tonight Show calls it “Genius. Brilliant. Phenomenal.” It’s THE BOOK OF MORMON, the nine-time Tony Award® winning Best Musical. This outrageous musical comedy follows the adventures of a mismatched pair of missionaries, sent halfway across the world to spread the Good Word. With standing room only productions in London, on Broadway, and across North America, THE BOOK OF MORMON has truly become an international sensation. Contains explicit language. Wednesday-Sunday, November 25 – December 6, 2026 (EHC1125-EHC1206E) VIP Parking EHC1125P-1206Q All ages will need to purchase a ticket for entry. 9 Ticket Purchase Limit on ALL Events/ 9 Tickets per Account Limit This event provides for ASL seating. Venue: Blaisdell Concert Hall Sale Date: Presale with passwords: (on line only): Tuesday, May 12, 2026 @ 10am – Friday, May 25, 2026 @ 9:59am HST Public on sale: Friday, May 15, 2026 @ 10am HST Day of Event Date of Event Time of Event Wednesday November 25, 2026 7:30 pm Friday November 27, 2026 2:00 pm Friday November 27, 2026 8:00 pm Saturday November 28, 2026 2:00 pm Saturday November 28, 2026 8:00 pm Sunday November 29, 2026 1:00 pm Sunday November 29, 2026 6:30 pm Monday November 30, 2026 7:30 pm Tuesday December 1, 2026 7:30 pm Wednesday December 2, 2026 7:30 pm Thursday December 3, 2026 7:30 pm Friday December 4, 2026 7:30 pm Saturday December 5, 2026 2:00 pm Saturday December 5, 2026 8:00 pm Sunday December 6, 2026 1:00 pm Sunday December 6, 2026 6:30 pm Ticket Value: (Include appropriate S/C)Use ADULT: Monday, Tuesday, Wednesday, Thursday, Sunday Evenings $155 Orch CC-D (center) $95 Orch CC-D (sides) / E-L all / Balc A-J $70 Orch M-S $60 Orch T-W / Balc K-N $50 Orch X-Z / Balc O-Q $35 Balc R-S Friday / Saturday Matinee & Eve / Sunday Matinee $175 Orch CC-D (center) $105 Orch CC-D (sides) / E-L all / Balc A-J $75 Orch M-S $65 Orch T-W / Balc K-N $55 Orch X-Z / Balc O-Q $45 Balc R-S Note: Additional $2.50 per ticket fee plus appropriate service fees apply. Payment Accepted by: Cash/Visa/Master Card/Discover Service Fees: Box Office sales – $1.00 per ticket facility fee Applicable fees apply to all Ticketmaster Internet/Mobile. Ticketmaster: Online www.ticketmaster.com Ticketmaster TDD (Telecommunications Device for the Deaf): 1-800-474-4833 Blaisdell Box Office: Blaisdell Box Office info line: (808) 768-5252 Blaisdell Box Office TDD (Telecommunications Device for the Deaf): (808) 768-9270 MagicSpace",,"{""url"":""https://blaisdellcenter.com/wp-content/uploads/2026/04/bom-tour-socialstatic-1200x628-wdate-email.jpg"",""id"":119959,""extension"":""jpg"",""width"":1200,""height"":628}","{""_ecp_custom_2"":{""label"":""Parking"",""value"":""$8""},""_ecp_custom_5"":{""label"":""Beer/Liquor"",""value"":""BOTH Beer & Liquor - YES""}}",false,false,,,2026-05-07 11:34:30,2026-05-07 21:34:30,true,true,,,
2026-09-30T20:45:37Z,blaisdellcenter.com,https://blaisdellcenter.com/wp-json/tribe/events/v1/events,2,10006230,blaisdellcenter.com?id=10006230,Book of Mormon,2026-12-06 13:00:00,2026-12-06 23:00:00,2026-12-06 15:30:00,2026-12-07 01:30:00,Pacific/Honolulu,false,false,publish,https://blaisdellcenter.com/event/book-of-mormon-4/2026-12-06/1/,,,,"{""currency_symbol"":""$"",""currency_code"":""USD"",""currency_position"":""prefix"",""values"":[]}","[{""id"":250,""name"":""Concert Hall"",""slug"":""concert-hall"",""parent"":0},{""id"":248,""name"":""Musical"",""slug"":""musical"",""parent"":0}]",[],"{""id"":111139,""global_id"":""blaisdellcenter.com?id=111139"",""venue"":""Concert Hall"",""address"":""777 Ward Ave"",""city"":""Honolulu"",""country"":""United States"",""state"":""HI"",""zip"":""96814"",""url"":""https://blaisdellcenter.com/venue/concert-hall/"",""show_map"":true,""show_map_link"":true}","[{""id"":111362,""global_id"":""blaisdellcenter.com?id=111362"",""organizer"":""MagicSpace"",""url"":""https://blaisdellcenter.com/organizer/magicspace/""}]","@ Buy Tickets for The Book of Mormon in November 2026 Buy Tickets for The Book of Mormon in December 2026 The Book of Mormon The New York Times calls it “the best musical of this century.” The Washington Post says, “It is the kind of evening that restores your faith in musicals.” And Entertainment Weekly says, “Grade A: the funniest musical of all time.” Jimmy Fallon of The Tonight Show calls it “Genius. Brilliant. Phenomenal.” It’s THE BOOK OF MORMON, the nine-time Tony Award® winning Best Musical. This outrageous musical comedy follows the adventures of a mismatched pair of missionaries, sent halfway across the world to spread the Good Word. With standing room only productions in London, on Broadway, and across North America, THE BOOK OF MORMON has truly become an international sensation. Contains explicit language. Wednesday-Sunday, November 25 – December 6, 2026 (EHC1125-EHC1206E) VIP Parking EHC1125P-1206Q All ages will need to purchase a ticket for entry. 9 Ticket Purchase Limit on ALL Events/ 9 Tickets per Account Limit This event provides for ASL seating. Venue: Blaisdell Concert Hall Sale Date: Presale with passwords: (on line only): Tuesday, May 12, 2026 @ 10am – Friday, May 25, 2026 @ 9:59am HST Public on sale: Friday, May 15, 2026 @ 10am HST Day of Event Date of Event Time of Event Wednesday November 25, 2026 7:30 pm Friday November 27, 2026 2:00 pm Friday November 27, 2026 8:00 pm Saturday November 28, 2026 2:00 pm Saturday November 28, 2026 8:00 pm Sunday November 29, 2026 1:00 pm Sunday November 29, 2026 6:30 pm Monday November 30, 2026 7:30 pm Tuesday December 1, 2026 7:30 pm Wednesday December 2, 2026 7:30 pm Thursday December 3, 2026 7:30 pm Friday December 4, 2026 7:30 pm Saturday December 5, 2026 2:00 pm Saturday December 5, 2026 8:00 pm Sunday December 6, 2026 1:00 pm Sunday December 6, 2026 6:30 pm Ticket Value: (Include appropriate S/C)Use ADULT: Monday, Tuesday, Wednesday, Thursday, Sunday Evenings $155 Orch CC-D (center) $95 Orch CC-D (sides) / E-L all / Balc A-J $70 Orch M-S $60 Orch T-W / Balc K-N $50 Orch X-Z / Balc O-Q $35 Balc R-S Friday / Saturday Matinee & Eve / Sunday Matinee $175 Orch CC-D (center) $105 Orch CC-D (sides) / E-L all / Balc A-J $75 Orch M-S $65 Orch T-W / Balc K-N $55 Orch X-Z / Balc O-Q $45 Balc R-S Note: Additional $2.50 per ticket fee plus appropriate service fees apply. Payment Accepted by: Cash/Visa/Master Card/Discover Service Fees: Box Office sales – $1.00 per ticket facility fee Applicable fees apply to all Ticketmaster Internet/Mobile. Ticketmaster: Online www.ticketmaster.com Ticketmaster TDD (Telecommunications Device for the Deaf): 1-800-474-4833 Blaisdell Box Office: Blaisdell Box Office info line: (808) 768-5252 Blaisdell Box Office TDD (Telecommunications Device for the Deaf): (808) 768-9270 MagicSpace",,"{""url"":""https://blaisdellcenter.com/wp-content/uploads/2026/04/bom-tour-socialstatic-1200x628-wdate-email.jpg"",""id"":119959,""extension"":""jpg"",""width"":1200,""height"":628}","{""_ecp_custom_2"":{""label"":""Parking"",""value"":""$8""},""_ecp_custom_5"":{""label"":""Beer/Liquor"",""value"":""BOTH Beer & Liquor - YES""}}",false,false,,,2026-05-07 11:36:17,2026-05-07 21:36:17,true,true,,,
2026-09-30T20:45:37Z,blaisdellcenter.com,https://blaisdellcenter.com/wp-json/tribe/events/v1/events,2,10006231,blaisdellcenter.com?id=10006231,Book of Mormon,2026-12-06 18:30:00,2026-12-07 04:30:00,2026-12-06 21:00:00,2026-12-07 07:00:00,Pacific/Honolulu,false,false,publish,https://blaisdellcenter.com/event/book-of-mormon-4/2026-12-06/2/,,,,"{""currency_symbol"":""$"",""currency_code"":""USD"",""currency_position"":""prefix"",""values"":[]}","[{""id"":250,""name"":""Concert Hall"",""slug"":""concert-hall"",""parent"":0},{""id"":248,""name"":""Musical"",""slug"":""musical"",""parent"":0}]",[],"{""id"":111139,""global_id"":""blaisdellcenter.com?id=111139"",""venue"":""Concert Hall"",""address"":""777 Ward Ave"",""city"":""Honolulu"",""country"":""United States"",""state"":""HI"",""zip"":""96814"",""url"":""https://blaisdellcenter.com/venue/concert-hall/"",""show_map"":true,""show_map_link"":true}","[{""id"":111362,""global_id"":""blaisdellcenter.com?id=111362"",""organizer"":""MagicSpace"",""url"":""https://blaisdellcenter.com/organizer/magicspace/""}]","@ Buy Tickets for The Book of Mormon in November 2026 Buy Tickets for The Book of Mormon in December 2026 The Book of Mormon The New York Times calls it “the best musical of this century.” The Washington Post says, “It is the kind of evening that restores your faith in musicals.” And Entertainment Weekly says, “Grade A: the funniest musical of all time.” Jimmy Fallon of The Tonight Show calls it “Genius. Brilliant. Phenomenal.” It’s THE BOOK OF MORMON, the nine-time Tony Award® winning Best Musical. This outrageous musical comedy follows the adventures of a mismatched pair of missionaries, sent halfway across the world to spread the Good Word. With standing room only productions in London, on Broadway, and across North America, THE BOOK OF MORMON has truly become an international sensation. Contains explicit language. Wednesday-Sunday, November 25 – December 6, 2026 (EHC1125-EHC1206E) VIP Parking EHC1125P-1206Q All ages will need to purchase a ticket for entry. 9 Ticket Purchase Limit on ALL Events/ 9 Tickets per Account Limit This event provides for ASL seating. Venue: Blaisdell Concert Hall Sale Date: Presale with passwords: (on line only): Tuesday, May 12, 2026 @ 10am – Friday, May 25, 2026 @ 9:59am HST Public on sale: Friday, May 15, 2026 @ 10am HST Day of Event Date of Event Time of Event Wednesday November 25, 2026 7:30 pm Friday November 27, 2026 2:00 pm Friday November 27, 2026 8:00 pm Saturday November 28, 2026 2:00 pm Saturday November 28, 2026 8:00 pm Sunday November 29, 2026 1:00 pm Sunday November 29, 2026 6:30 pm Monday November 30, 2026 7:30 pm Tuesday December 1, 2026 7:30 pm Wednesday December 2, 2026 7:30 pm Thursday December 3, 2026 7:30 pm Friday December 4, 2026 7:30 pm Saturday December 5, 2026 2:00 pm Saturday December 5, 2026 8:00 pm Sunday December 6, 2026 1:00 pm Sunday December 6, 2026 6:30 pm Ticket Value: (Include appropriate S/C)Use ADULT: Monday, Tuesday, Wednesday, Thursday, Sunday Evenings $155 Orch CC-D (center) $95 Orch CC-D (sides) / E-L all / Balc A-J $70 Orch M-S $60 Orch T-W / Balc K-N $50 Orch X-Z / Balc O-Q $35 Balc R-S Friday / Saturday Matinee & Eve / Sunday Matinee $175 Orch CC-D (center) $105 Orch CC-D (sides) / E-L all / Balc A-J $75 Orch M-S $65 Orch T-W / Balc K-N $55 Orch X-Z / Balc O-Q $45 Balc R-S Note: Additional $2.50 per ticket fee plus appropriate service fees apply. Payment Accepted by: Cash/Visa/Master Card/Discover Service Fees: Box Office sales – $1.00 per ticket facility fee Applicable fees apply to all Ticketmaster Internet/Mobile. Ticketmaster: Online www.ticketmaster.com Ticketmaster TDD (Telecommunications Device for the Deaf): 1-800-474-4833 Blaisdell Box Office: Blaisdell Box Office info line: (808) 768-5252 Blaisdell Box Office TDD (Telecommunications Device for the Deaf): (808) 768-9270 MagicSpace",,"{""url"":""https://blaisdellcenter.com/wp-content/uploads/2026/04/bom-tour-socialstatic-1200x628-wdate-email.jpg"",""id"":119959,""extension"":""jpg"",""width"":1200,""height"":628}","{""_ecp_custom_2"":{""label"":""Parking"",""value"":""$8""},""_ecp_custom_5"":{""label"":""Beer/Liquor"",""value"":""BOTH Beer & Liquor - YES""}}",false,false,,,2026-05-07 11:36:17,2026-05-07 21:36:17,true,true,,,
2026-09-30T20:45:37Z,blaisdellcenter.com,https://blaisdellcenter.com/wp-json/tribe/events/v1/events,2,10005904,blaisdellcenter.com?id=10005904,Farmers Market,2026-12-09 16:00:00,2026-12-10 02:00:00,2026-12-09 19:00:00,2026-12-10 05:00:00,Pacific/Honolulu,false,false,publish,https://blaisdellcenter.com/event/farmers-market/2026-12-09/,,,Free,"{""currency_symbol"":""$"",""currency_code"":""USD"",""currency_position"":""prefix"",""values"":[""free""]}","[{""id"":268,""name"":""Arena Parking Lot"",""slug"":""arena-parking-lot"",""parent"":0},{""id"":265,""name"":""Other"",""slug"":""other"",""parent"":0}]",[],"{""id"":111139,""global_id"":""blaisdellcenter.com?id=111139"",""venue"":""Concert Hall"",""address"":""777 Ward Ave"",""city"":""Honolulu"",""country"":""United States"",""state"":""HI"",""zip"":""96814"",""url"":""https://blaisdellcenter.com/venue/concert-hall/"",""show_map"":true,""show_map_link"":true}","[{""id"":111247,""global_id"":""blaisdellcenter.com?id=111247"",""organizer"":""Hawaii Farm Bureau"",""url"":""https://blaisdellcenter.com/organizer/hawaii-farm-bureau/""}]",@ Hawaii Farm Bureau logo The Farmers Market is at the Arena parking lot at the corner of Kapiolani Blvd and Ward Ave – unless otherwise noted.,,false,"{""_ecp_custom_3"":{""label"":""Food/Concessions"",""value"":""YES""}}",false,false,,,2026-05-27 11:58:23,2026-05-27 21:58:23,true,true,,,
2026-09-30T20:45:37Z,blaisdellcenter.com,https://blaisdellcenter.com/wp-json/tribe/events/v1/events,2,10005905,blaisdellcenter.com?id=10005905,Farmers Market,2026-12-16 16:00:00,2026-12-17 02:00:00,2026-12-16 19:00:00,2026-12-17 05:00:00,Pacific/Honolulu,false,false,publish,https://blaisdellcenter.com/event/farmers-market/2026-12-16/,,,Free,"{""currency_symbol"":""$"",""currency_code"":""USD"",""currency_position"":""prefix"",""values"":[""free""]}","[{""id"":268,""name"":""Arena Parking Lot"",""slug"":""arena-parking-lot"",""parent"":0},{""id"":265,""name"":""Other"",""slug"":""other"",""parent"":0}]",[],"{""id"":111139,""global_id"":""blaisdellcenter.com?id=111139"",""venue"":""Concert Hall"",""address"":""777 Ward Ave"",""city"":""Honolulu"",""country"":""United States"",""state"":""HI"",""zip"":""96814"",""url"":""https://blaisdellcenter.com/venue/concert-hall/"",""show_map"":true,""show_map_link"":true}","[{""id"":111247,""global_id"":""blaisdellcenter.com?id=111247"",""organizer"":""Hawaii Farm Bureau"",""url"":""https://blaisdellcenter.com/organizer/hawaii-farm-bureau/""}]",@ Hawaii Farm Bureau logo The Farmers Market is at the Arena parking lot at the corner of Kapiolani Blvd and Ward Ave – unless otherwise noted.,,false,"{""_ecp_custom_3"":{""label"":""Food/Concessions"",""value"":""YES""}}",false,false,,,2026-05-27 11:58:23,2026-05-27 21:58:23,true,true,,,
2026-09-30T20:45:37Z,blaisdellcenter.com,https://blaisdellcenter.com/wp-json/tribe/events/v1/events,2,121437,blaisdellcenter.com?id=121437,John Mulaney: Mister Whatever,2026-12-17 19:30:00,2026-12-18 05:30:00,2026-12-17 19:30:00,2026-12-18 05:30:00,Pacific/Honolulu,false,false,publish,https://blaisdellcenter.com/event/john-mulaney-mister-whatever/,,,,"{""currency_symbol"":""$"",""currency_code"":""USD"",""currency_position"":""prefix"",""values"":[]}","[{""id"":249,""name"":""Arena"",""slug"":""arena"",""parent"":0},{""id"":241,""name"":""Comedy"",""slug"":""comedy"",""parent"":0}]",[],"{""id"":110718,""global_id"":""blaisdellcenter.com?id=110718"",""venue"":""Arena"",""address"":""777 Ward Ave"",""city"":""Honolulu"",""country"":""United States"",""state"":""HI"",""zip"":""96814"",""url"":""https://blaisdellcenter.com/venue/arena/"",""show_map"":true,""show_map_link"":true}","[{""id"":112499,""global_id"":""blaisdellcenter.com?id=112499"",""organizer"":""Live Nation"",""url"":""https://blaisdellcenter.com/organizer/live-nation/""}]","@ Buy Tickets for John Mulaney: Mister Whatever Thursday, December 17, 2026 @ 7:00 pm / Doors @ 6:00 pm Valet Parking EHB1217P Ages 4 & up will need to purchase a ticket for entry. Ticket limit of 6 per household to be in effect for the entire time of ticket sales. This event provides for ASL seating. Venue: Blaisdell Arena Sale Date: Presales with passwords (online only) Artist / Live Nation / BAMP / Venue Presale – Wed, June 3, 2026 @ 10am HST – Thurs, June 4, 2026 @ 11:59pm HST Public on sale: Friday, June 5, 2026 @ 10:00 am HST Ticket Value: (Include appropriate S/C)Use ADULT: $129.50 Sec AA / BB / CC rows 1-16 / Center Loges $109.50 Sec AA / BB / CC remaining rows / Risers A / B / C / Loges 3-4 / 19-21 $99.50 Riser N / P / S / E / F / G / Remaining Loges $79.50 Riser T / D / Upper Level rows C – L $59.50 Upper Level rows M – O $39.50 Upper Level rows P – Q Payment Accepted by: Cash/Visa/Master Card/Discover Service Fees: Box Office sales – $1.00 per ticket facility fee Applicable fees apply to all Ticketmaster Internet/Mobile. Ticketmaster: Online www.ticketmaster.com Ticketmaster TDD (Telecommunications Device for the Deaf): 1-800-474-4833 Blaisdell Box Office: Blaisdell Box Office info line: (808) 768-5252 Blaisdell Box Office TDD (Telecommunications Device for the Deaf): (808) 768-9270 Live Nation",,"{""url"":""https://blaisdellcenter.com/wp-content/uploads/2026/05/JohnMulaney_2026_HI_1200x630.png"",""id"":121438,""extension"":""png"",""width"":1200,""height"":630}",[],false,false,,,2026-06-02 13:20:47,2026-06-02 23:20:47,false,false,,,
2026-09-30T20:45:37Z,blaisdellcenter.com,https://blaisdellcenter.com/wp-json/tribe/events/v1/events,2,121259,blaisdellcenter.com?id=121259,A Perfect Circle,2026-12-19 20:00:00,2026-12-20 06:00:00,2026-12-19 22:30:00,2026-12-20 08:30:00,Pacific/Honolulu,false,false,publish,https://blaisdellcenter.com/event/a-perfect-circle/,,,,"{""currency_symbol"":""$"",""currency_code"":""USD"",""currency_position"":""prefix"",""values"":[]}",[],[],"{""id"":110718,""global_id"":""blaisdellcenter.com?id=110718"",""venue"":""Arena"",""address"":""777 Ward Ave"",""city"":""Honolulu"",""country"":""United States"",""state"":""HI"",""zip"":""96814"",""url"":""https://blaisdellcenter.com/venue/arena/"",""show_map"":true,""show_map_link"":true}","[{""id"":116869,""global_id"":""blaisdellcenter.com?id=116869"",""organizer"":""Goldenvoice"",""url"":""https://blaisdellcenter.com/organizer/goldenvoice/""}]","@ Buy Tickets for A Perfect Circle Saturday, December 19, 2026 @ 8:00 pm / Doors @ 7:00 pm Valet Parking EHB1219P Ages 4 & up will need to purchase a ticket for entry. Ticket limit of 6 per household to be in effect for the entire time of ticket sales. This event provides for ASL seating. Venue: Blaisdell Arena Sale Date: Presales with passwords (online only) APC + PUSCIFER Presale – Tues, May 19, 2026 @ 10am HST BAMP / Venue Presale – Wed, May 20, 2026 @ 10am HST *all presales end on Thurs, May 21, 2025 @ 10pm HST Public on sale: Friday, May 22, 2026 @ 10:00 am HST Ticket Value: (Include appropriate S/C)Use ADULT: $159.50 Sec AA / BB / CC $129.50 Risers / Loges $89.50 Loges row 2 / Upper Level rows C – F $69.50 Upper Level rows G – P $49.50 Upper Level row Q Payment Accepted by: Cash/Visa/Master Card/Discover Service Fees: Box Office sales – $1.00 per ticket facility fee Applicable fees apply to all Ticketmaster Internet/Mobile. Ticketmaster: Online www.ticketmaster.com Ticketmaster TDD (Telecommunications Device for the Deaf): 1-800-474-4833 Blaisdell Box Office: Blaisdell Box Office info line: (808) 768-5252 Blaisdell Box Office TDD (Telecommunications Device for the Deaf): (808) 768-9270 Goldenvoice",,"{""url"":""https://blaisdellcenter.com/wp-content/uploads/2026/05/APC-1920x1080_Hawaii.png"",""id"":121260,""extension"":""png"",""width"":1920,""height"":1080}",[],false,false,,,2026-05-19 13:15:17,2026-05-19 23:15:17,false,false,,,
2026-09-30T20:45:37Z,blaisdellcenter.com,https://blaisdellcenter.com/wp-json/tribe/events/v1/events,2,10005906,blaisdellcenter.com?id=10005906,Farmers Market,2026-12-23 16:00:00,2026-12-24 02:00:00,2026-12-23 19:00:00,2026-12-24 05:00:00,Pacific/Honolulu,false,false,publish,https://blaisdellcenter.com/event/farmers-market/2026-12-23/,,,Free,"{""currency_symbol"":""$"",""currency_code"":""USD"",""currency_position"":""prefix"",""values"":[""free""]}","[{""id"":268,""name"":""Arena Parking Lot"",""slug"":""arena-parking-lot"",""parent"":0},{""id"":265,""name"":""Other"",""slug"":""other"",""parent"":0}]",[],"{""id"":111139,""global_id"":""blaisdellcenter.com?id=111139"",""venue"":""Concert Hall"",""address"":""777 Ward Ave"",""city"":""Honolulu"",""country"":""United States"",""state"":""HI"",""zip"":""96814"",""url"":""https://blaisdellcenter.com/venue/concert-hall/"",""show_map"":true,""show_map_link"":true}","[{""id"":111247,""global_id"":""blaisdellcenter.com?id=111247"",""organizer"":""Hawaii Farm Bureau"",""url"":""https://blaisdellcenter.com/organizer/hawaii-farm-bureau/""}]",@ Hawaii Farm Bureau logo The Farmers Market is at the Arena parking lot at the corner of Kapiolani Blvd and Ward Ave – unless otherwise noted.,,false,"{""_ecp_custom_3"":{""label"":""Food/Concessions"",""value"":""YES""}}",false,false,,,2026-05-27 11:58:23,2026-05-27 21:58:23,true,true,,,
2026-09-30T20:45:37Z,blaisdellcenter.com,https://blaisdellcenter.com/wp-json/tribe/events/v1/events,2,121242,blaisdellcenter.com?id=121242,Nurse John: Against Medical Advice Tour,2026-12-27 19:00:00,2026-12-28 05:00:00,2026-12-27 21:30:00,2026-12-28 07:30:00,Pacific/Honolulu,false,false,publish,https://blaisdellcenter.com/event/nurse-john-against-medical-advice-tour/,,,,"{""currency_symbol"":""$"",""currency_code"":""USD"",""currency_position"":""prefix"",""values"":[]}","[{""id"":249,""name"":""Arena"",""slug"":""arena"",""parent"":0},{""id"":241,""name"":""Comedy"",""slug"":""comedy"",""parent"":0}]",[],"{""id"":110718,""global_id"":""blaisdellcenter.com?id=110718"",""venue"":""Arena"",""address"":""777 Ward Ave"",""city"":""Honolulu"",""country"":""United States"",""state"":""HI"",""zip"":""96814"",""url"":""https://blaisdellcenter.com/venue/arena/"",""show_map"":true,""show_map_link"":true}","[{""id"":112499,""global_id"":""blaisdellcenter.com?id=112499"",""organizer"":""Live Nation"",""url"":""https://blaisdellcenter.com/organizer/live-nation/""}]","@ Nurse John: Against Medical Advice Tour which was scheduled to be held on Sunday, December 27th in the Arena has been cancelled by the event promoter. For tickets purchased via Ticketmaster, sales will be automatically refunded to the credit card used for purchase. For tickets purchased at the Box Office, customers can return in-person for their refund by bringing the event ticket, sales receipt, and the credit card used for purchase. In-person refunds will be available starting today at 12pm HST through Friday, August 7th. Sunday, December 27, 2026 @ 7:00 pm / Doors @ 6:00 pm Valet Parking EHB1227P Ages 4 & up will need to purchase a ticket for entry. Event recommended for Ages 18+ Ticket limit of 15 per household to be in effect for the entire time of ticket sales. This event provides for ASL seating. Venue: Blaisdell Arena Sale Date: Presales with passwords (online only) Citi Cardmember Presale – Tues, May 12, 2026 @ 9am HST Artist Presale – Wed, May 13, 2026 @ 10am HST Live Nation / BAMP / Venue Presale – Thurs, May 14, 2026 @ 10am HST *all presales end on Thurs, May 14, 2025 @ 10pm HST Public on sale: Friday, May 15, 2026 @ 10:00 am HST Ticket Value: (Include appropriate S/C)Use ADULT: $129.50 Sec AA / BB / CC rows 1-12 $79.50 Sec AA / BB / CC remaining rows / Lower half of Risers N / P / S / E / F / G $59.50 Riser A / B / C / Upper half of Risers N / P / S / E / F / G / Loges 1-5 / 18-21 $49.50 Riser T / D/ Remaining Loges / Upper Level rows C – N $39.50 Upper Level rows O – Q Payment Accepted by: Cash/Visa/Master Card/Discover Service Fees: Box Office sales – $1.00 per ticket facility fee Applicable fees apply to all Ticketmaster Internet/Mobile. Ticketmaster: Online www.ticketmaster.com Ticketmaster TDD (Telecommunications Device for the Deaf): 1-800-474-4833 Blaisdell Box Office: Blaisdell Box Office info line: (808) 768-5252 Blaisdell Box Office TDD (Telecommunications Device for the Deaf): (808) 768-9270 Live Nation",,"{""url"":""https://blaisdellcenter.com/wp-content/uploads/2026/05/Nurse-John-Admat-Hawaii-1920x1080-2.png"",""id"":121247,""extension"":""png"",""width"":1920,""height"":1080}",[],false,false,,,2026-07-24 15:16:42,2026-07-25 01:16:42,false,false,,,
2026-09-30T20:45:37Z,blaisdellcenter.com,https://blaisdellcenter.com/wp-json/tribe/events/v1/events,2,10005907,blaisdellcenter.com?id=10005907,Farmers Market,2026-12-30 16:00:00,2026-12-31 02:00:00,2026-12-30 19:00:00,2026-12-31 05:00:00,Pacific/Honolulu,false,false,publish,https://blaisdellcenter.com/event/farmers-market/2026-12-30/,,,Free,"{""currency_symbol"":""$"",""currency_code"":""USD"",""currency_position"":""prefix"",""values"":[""free""]}","[{""id"":268,""name"":""Arena Parking Lot"",""slug"":""arena-parking-lot"",""parent"":0},{""id"":265,""name"":""Other"",""slug"":""other"",""parent"":0}]",[],"{""id"":111139,""global_id"":""blaisdellcenter.com?id=111139"",""venue"":""Concert Hall"",""address"":""777 Ward Ave"",""city"":""Honolulu"",""country"":""United States"",""state"":""HI"",""zip"":""96814"",""url"":""https://blaisdellcenter.com/venue/concert-hall/"",""show_map"":true,""show_map_link"":true}","[{""id"":111247,""global_id"":""blaisdellcenter.com?id=111247"",""organizer"":""Hawaii Farm Bureau"",""url"":""https://blaisdellcenter.com/organizer/hawaii-farm-bureau/""}]",@ Hawaii Farm Bureau logo The Farmers Market is at the Arena parking lot at the corner of Kapiolani Blvd and Ward Ave – unless otherwise noted.,,false,"{""_ecp_custom_3"":{""label"":""Food/Concessions"",""value"":""YES""}}",false,false,,,2026-05-27 11:58:23,2026-05-27 21:58:23,true,true,,,
2026-09-30T20:45:37Z,blaisdellcenter.com,https://blaisdellcenter.com/wp-json/tribe/events/v1/events,2,122064,blaisdellcenter.com?id=122064,Tom Segura,2026-12-31 19:00:00,2027-01-01 05:00:00,2026-12-31 19:00:00,2027-01-01 05:00:00,Pacific/Honolulu,false,false,publish,https://blaisdellcenter.com/event/tom-segura/,,,,"{""currency_symbol"":""$"",""currency_code"":""USD"",""currency_position"":""prefix"",""values"":[]}","[{""id"":241,""name"":""Comedy"",""slug"":""comedy"",""parent"":0},{""id"":250,""name"":""Concert Hall"",""slug"":""concert-hall"",""parent"":0}]",[],"{""id"":111139,""global_id"":""blaisdellcenter.com?id=111139"",""venue"":""Concert Hall"",""address"":""777 Ward Ave"",""city"":""Honolulu"",""country"":""United States"",""state"":""HI"",""zip"":""96814"",""url"":""https://blaisdellcenter.com/venue/concert-hall/"",""show_map"":true,""show_map_link"":true}","[{""id"":112499,""global_id"":""blaisdellcenter.com?id=112499"",""organizer"":""Live Nation"",""url"":""https://blaisdellcenter.com/organizer/live-nation/""}]","@ Buy Tickets for Tom Segura Live Tom Segura Live (EHC1231) Thursday, December 31, 2026 @ 7:00pm HST Ages 4 and up will need to purchase a ticket for entry. 8 ticket limit. This event provides for ASL seating. Venue: Blaisdell Concert Hall Sale Date: Presales with passwords (online only) Artist / Live Nation / BAMP / Venue Presale – Tues, Sep 1, 2026 @ 10am HST – Wed, Sep 2, 2026 @ 9pm HST Public on sale: Thursday, September 3, 2026, 2026 @ 10:00 am HST Ticket Value: (Include appropriate S/C)Use ADULT: $195 Orch 1 – C $85 Orch D – O / Balc A – H $65 Orch P – Z / Balc J – Q $45 Balc R – S Payment Accepted by: Cash/Visa/Master Card/Discover Service Fees: Box Office sales – $1.00 per ticket facility fee Applicable fees apply to all Ticketmaster Internet/Mobile. Ticketmaster: Online www.ticketmaster.com Ticketmaster TDD (Telecommunications Device for the Deaf): 1-800-474-4833 Blaisdell Box Office: Blaisdell Box Office info line: (808) 768-5252 Blaisdell Box Office TDD (Telecommunications Device for the Deaf): (808) 768-9270 Live Nation",,"{""url"":""https://blaisdellcenter.com/wp-content/uploads/2026/07/TomSegura_1920x1080.png"",""id"":122056,""extension"":""png"",""width"":1920,""height"":1080}",[],false,false,,,2026-09-03 15:24:24,2026-09-04 01:24:24,false,false,,,
2026-09-30T20:45:37Z,blaisdellcenter.com,https://blaisdellcenter.com/wp-json/tribe/events/v1/events,2,10005908,blaisdellcenter.com?id=10005908,Farmers Market,2027-01-06 16:00:00,2027-01-07 02:00:00,2027-01-06 19:00:00,2027-01-07 05:00:00,Pacific/Honolulu,false,false,publish,https://blaisdellcenter.com/event/farmers-market/2027-01-06/,,,Free,"{""currency_symbol"":""$"",""currency_code"":""USD"",""currency_position"":""prefix"",""values"":[""free""]}","[{""id"":268,""name"":""Arena Parking Lot"",""slug"":""arena-parking-lot"",""parent"":0},{""id"":265,""name"":""Other"",""slug"":""other"",""parent"":0}]",[],"{""id"":111139,""global_id"":""blaisdellcenter.com?id=111139"",""venue"":""Concert Hall"",""address"":""777 Ward Ave"",""city"":""Honolulu"",""country"":""United States"",""state"":""HI"",""zip"":""96814"",""url"":""https://blaisdellcenter.com/venue/concert-hall/"",""show_map"":true,""show_map_link"":true}","[{""id"":111247,""global_id"":""blaisdellcenter.com?id=111247"",""organizer"":""Hawaii Farm Bureau"",""url"":""https://blaisdellcenter.com/organizer/hawaii-farm-bureau/""}]",@ Hawaii Farm Bureau logo The Farmers Market is at the Arena parking lot at the corner of Kapiolani Blvd and Ward Ave – unless otherwise noted.,,false,"{""_ecp_custom_3"":{""label"":""Food/Concessions"",""value"":""YES""}}",false,false,,,2026-05-27 11:58:23,2026-05-27 21:58:23,true,true,,,
2026-09-30T20:45:37Z,blaisdellcenter.com,https://blaisdellcenter.com/wp-json/tribe/events/v1/events,2,10005909,blaisdellcenter.com?id=10005909,Farmers Market,2027-01-13 16:00:00,2027-01-14 02:00:00,2027-01-13 19:00:00,2027-01-14 05:00:00,Pacific/Honolulu,false,false,publish,https://blaisdellcenter.com/event/farmers-market/2027-01-13/,,,Free,"{""currency_symbol"":""$"",""currency_code"":""USD"",""currency_position"":""prefix"",""values"":[""free""]}","[{""id"":268,""name"":""Arena Parking Lot"",""slug"":""arena-parking-lot"",""parent"":0},{""id"":265,""name"":""Other"",""slug"":""other"",""parent"":0}]",[],"{""id"":111139,""global_id"":""blaisdellcenter.com?id=111139"",""venue"":""Concert Hall"",""address"":""777 Ward Ave"",""city"":""Honolulu"",""country"":""United States"",""state"":""HI"",""zip"":""96814"",""url"":""https://blaisdellcenter.com/venue/concert-hall/"",""show_map"":true,""show_map_link"":true}","[{""id"":111247,""global_id"":""blaisdellcenter.com?id=111247"",""organizer"":""Hawaii Farm Bureau"",""url"":""https://blaisdellcenter.com/organizer/hawaii-farm-bureau/""}]",@ Hawaii Farm Bureau logo The Farmers Market is at the Arena parking lot at the corner of Kapiolani Blvd and Ward Ave – unless otherwise noted.,,false,"{""_ecp_custom_3"":{""label"":""Food/Concessions"",""value"":""YES""}}",false,false,,,2026-05-27 11:58:23,2026-05-27 21:58:23,true,true,,,
2026-09-30T20:45:37Z,blaisdellcenter.com,https://blaisdellcenter.com/wp-json/tribe/events/v1/events,2,122184,blaisdellcenter.com?id=122184,Death Cab for Cutie – I Built You a Tower Tour,2027-01-19 20:00:00,2027-01-20 06:00:00,2027-01-19 20:00:00,2027-01-20 06:00:00,Pacific/Honolulu,false,false,publish,https://blaisdellcenter.com/event/death-cab-for-cutie-i-built-you-a-tower-tour/,,,,"{""currency_symbol"":""$"",""currency_code"":""USD"",""currency_position"":""prefix"",""values"":[]}","[{""id"":249,""name"":""Arena"",""slug"":""arena"",""parent"":0},{""id"":242,""name"":""Concert"",""slug"":""concert"",""parent"":0}]",[],"{""id"":110718,""global_id"":""blaisdellcenter.com?id=110718"",""venue"":""Arena"",""address"":""777 Ward Ave"",""city"":""Honolulu"",""country"":""United States"",""state"":""HI"",""zip"":""96814"",""url"":""https://blaisdellcenter.com/venue/arena/"",""show_map"":true,""show_map_link"":true}","[{""id"":111328,""global_id"":""blaisdellcenter.com?id=111328"",""organizer"":""Bamp Project"",""url"":""https://blaisdellcenter.com/organizer/bamp-project/""}]","@ Buy Tickets for Death Cab for Cutie DEATH CAB FOR CUTIE – I BUILT YOU A TOWER TOUR (EHB0119) Tuesday, January 19, 2027 @ 8:00 pm / Doors @ 7:00 pm Valet Parking EHB0119P Ages 4 & up will need to purchase a ticket for entry. Ticket limit of 6 per household. This event provides for ASL seating. Venue: Blaisdell Arena Sale Date: Passcode protected presales (online only) Artist Presale: Wed, September 23, 2026 @ 10am HST – Thurs, September 24, 2026 @ 10pm HST BAMP Presale: Thurs, September 24, 2026 @ 10am – 10pm HST Public on sale: Friday, September 25, 2026 @ 10:00 am HST Ticket Value: (Include appropriate S/C)Use ADULT: $109.50 Sec AA / BB / CC rows 1-10 $89.50 Sec AA / BB / CC rows 11-16 / Risers N / P / F / G / Loges $79.50 Sec AA / BB / CC rows 17 and back / Risers S / T / A / B / C / D / E $59.50 Upper Level rows C-P $49.50 Upper Level row Q Payment Accepted by: Cash/Visa/Master Card/Discover Service Fees: Box Office sales – $1.00 per ticket facility fee Applicable fees apply to all Ticketmaster Internet/Mobile. Ticketmaster: Online www.ticketmaster.com Ticketmaster TDD (Telecommunications Device for the Deaf): 1-800-474-4833 Blaisdell Box Office: Blaisdell Box Office info line: (808) 768-5252 Blaisdell Box Office TDD (Telecommunications Device for the Deaf): (808) 768-9270 Bamp Project",,"{""url"":""https://blaisdellcenter.com/wp-content/uploads/2026/09/DCFC_HI_1920x1080.png"",""id"":122185,""extension"":""png"",""width"":1920,""height"":1080}",[],false,false,,,2026-09-23 12:45:52,2026-09-23 22:45:52,false,false,,,
2026-09-30T20:45:37Z,blaisdellcenter.com,https://blaisdellcenter.com/wp-json/tribe/events/v1/events,2,10005910,blaisdellcenter.com?id=10005910,Farmers Market,2027-01-20 16:00:00,2027-01-21 02:00:00,2027-01-20 19:00:00,2027-01-21 05:00:00,Pacific/Honolulu,false,false,publish,https://blaisdellcenter.com/event/farmers-market/2027-01-20/,,,Free,"{""currency_symbol"":""$"",""currency_code"":""USD"",""currency_position"":""prefix"",""values"":[""free""]}","[{""id"":268,""name"":""Arena Parking Lot"",""slug"":""arena-parking-lot"",""parent"":0},{""id"":265,""name"":""Other"",""slug"":""other"",""parent"":0}]",[],"{""id"":111139,""global_id"":""blaisdellcenter.com?id=111139"",""venue"":""Concert Hall"",""address"":""777 Ward Ave"",""city"":""Honolulu"",""country"":""United States"",""state"":""HI"",""zip"":""96814"",""url"":""https://blaisdellcenter.com/venue/concert-hall/"",""show_map"":true,""show_map_link"":true}","[{""id"":111247,""global_id"":""blaisdellcenter.com?id=111247"",""organizer"":""Hawaii Farm Bureau"",""url"":""https://blaisdellcenter.com/organizer/hawaii-farm-bureau/""}]",@ Hawaii Farm Bureau logo The Farmers Market is at the Arena parking lot at the corner of Kapiolani Blvd and Ward Ave – unless otherwise noted.,,false,"{""_ecp_custom_3"":{""label"":""Food/Concessions"",""value"":""YES""}}",false,false,,,2026-05-27 11:58:23,2026-05-27 21:58:23,true,true,,,
2026-09-30T20:45:37Z,blaisdellcenter.com,https://blaisdellcenter.com/wp-json/tribe/events/v1/events,2,10005911,blaisdellcenter.com?id=10005911,Farmers Market,2027-01-27 16:00:00,2027-01-28 02:00:00,2027-01-27 19:00:00,2027-01-28 05:00:00,Pacific/Honolulu,false,false,publish,https://blaisdellcenter.com/event/farmers-market/2027-01-27/,,,Free,"{""currency_symbol"":""$"",""currency_code"":""USD"",""currency_position"":""prefix"",""values"":[""free""]}","[{""id"":268,""name"":""Arena Parking Lot"",""slug"":""arena-parking-lot"",""parent"":0},{""id"":265,""name"":""Other"",""slug"":""other"",""parent"":0}]",[],"{""id"":111139,""global_id"":""blaisdellcenter.com?id=111139"",""venue"":""Concert Hall"",""address"":""777 Ward Ave"",""city"":""Honolulu"",""country"":""United States"",""state"":""HI"",""zip"":""96814"",""url"":""https://blaisdellcenter.com/venue/concert-hall/"",""show_map"":true,""show_map_link"":true}","[{""id"":111247,""global_id"":""blaisdellcenter.com?id=111247"",""organizer"":""Hawaii Farm Bureau"",""url"":""https://blaisdellcenter.com/organizer/hawaii-farm-bureau/""}]",@ Hawaii Farm Bureau logo The Farmers Market is at the Arena parking lot at the corner of Kapiolani Blvd and Ward Ave – unless otherwise noted.,,false,"{""_ecp_custom_3"":{""label"":""Food/Concessions"",""value"":""YES""}}",false,false,,,2026-05-27 11:58:23,2026-05-27 21:58:23,true,true,,,
2026-09-30T20:45:37Z,blaisdellcenter.com,https://blaisdellcenter.com/wp-json/tribe/events/v1/events,2,10005912,blaisdellcenter.com?id=10005912,Farmers Market,2027-02-03 16:00:00,2027-02-04 02:00:00,2027-02-03 19:00:00,2027-02-04 05:00:00,Pacific/Honolulu,false,false,publish,https://blaisdellcenter.com/event/farmers-market/2027-02-03/,,,Free,"{""currency_symbol"":""$"",""currency_code"":""USD"",""currency_position"":""prefix"",""values"":[""free""]}","[{""id"":268,""name"":""Arena Parking Lot"",""slug"":""arena-parking-lot"",""parent"":0},{""id"":265,""name"":""Other"",""slug"":""other"",""parent"":0}]",[],"{""id"":111139,""global_id"":""blaisdellcenter.com?id=111139"",""venue"":""Concert Hall"",""address"":""777 Ward Ave"",""city"":""Honolulu"",""country"":""United States"",""state"":""HI"",""zip"":""96814"",""url"":""https://blaisdellcenter.com/venue/concert-hall/"",""show_map"":true,""show_map_link"":true}","[{""id"":111247,""global_id"":""blaisdellcenter.com?id=111247"",""organizer"":""Hawaii Farm Bureau"",""url"":""https://blaisdellcenter.com/organizer/hawaii-farm-bureau/""}]",@ Hawaii Farm Bureau logo The Farmers Market is at the Arena parking lot at the corner of Kapiolani Blvd and Ward Ave – unless otherwise noted.,,false,"{""_ecp_custom_3"":{""label"":""Food/Concessions"",""value"":""YES""}}",false,false,,,2026-05-27 11:58:23,2026-05-27 21:58:23,true,true,,,
2026-09-30T20:45:37Z,blaisdellcenter.com,https://blaisdellcenter.com/wp-json/tribe/events/v1/events,2,10005913,blaisdellcenter.com?id=10005913,Farmers Market,2027-02-10 16:00:00,2027-02-11 02:00:00,2027-02-10 19:00:00,2027-02-11 05:00:00,Pacific/Honolulu,false,false,publish,https://blaisdellcenter.com/event/farmers-market/2027-02-10/,,,Free,"{""currency_symbol"":""$"",""currency_code"":""USD"",""currency_position"":""prefix"",""values"":[""free""]}","[{""id"":268,""name"":""Arena Parking Lot"",""slug"":""arena-parking-lot"",""parent"":0},{""id"":265,""name"":""Other"",""slug"":""other"",""parent"":0}]",[],"{""id"":111139,""global_id"":""blaisdellcenter.com?id=111139"",""venue"":""Concert Hall"",""address"":""777 Ward Ave"",""city"":""Honolulu"",""country"":""United States"",""state"":""HI"",""zip"":""96814"",""url"":""https://blaisdellcenter.com/venue/concert-hall/"",""show_map"":true,""show_map_link"":true}","[{""id"":111247,""global_id"":""blaisdellcenter.com?id=111247"",""organizer"":""Hawaii Farm Bureau"",""url"":""https://blaisdellcenter.com/organizer/hawaii-farm-bureau/""}]",@ Hawaii Farm Bureau logo The Farmers Market is at the Arena parking lot at the corner of Kapiolani Blvd and Ward Ave – unless otherwise noted.,,false,"{""_ecp_custom_3"":{""label"":""Food/Concessions"",""value"":""YES""}}",false,false,,,2026-05-27 11:58:23,2026-05-27 21:58:23,true,true,,,
2026-09-30T20:45:37Z,blaisdellcenter.com,https://blaisdellcenter.com/wp-json/tribe/events/v1/events,2,121948,blaisdellcenter.com?id=121948,Tumua Das’ How Tour,2027-02-13 20:00:00,2027-02-14 06:00:00,2027-02-13 20:00:00,2027-02-14 06:00:00,Pacific/Honolulu,false,false,publish,https://blaisdellcenter.com/event/tumua-das-how-tour/,,,,"{""currency_symbol"":""$"",""currency_code"":""USD"",""currency_position"":""prefix"",""values"":[]}","[{""id"":249,""name"":""Arena"",""slug"":""arena"",""parent"":0},{""id"":241,""name"":""Comedy"",""slug"":""comedy"",""parent"":0}]",[],"{""id"":110718,""global_id"":""blaisdellcenter.com?id=110718"",""venue"":""Arena"",""address"":""777 Ward Ave"",""city"":""Honolulu"",""country"":""United States"",""state"":""HI"",""zip"":""96814"",""url"":""https://blaisdellcenter.com/venue/arena/"",""show_map"":true,""show_map_link"":true}","[{""id"":112499,""global_id"":""blaisdellcenter.com?id=112499"",""organizer"":""Live Nation"",""url"":""https://blaisdellcenter.com/organizer/live-nation/""}]","@ Buy Tickets for Tumua Das How Tour TUMUA DAS’ HOW TOUR (EHB0213) Saturday, February 13, 2027 @ 8:00 pm / Doors @ 7:00 pm Valet Parking EHB0213P Ages 4 & up will need to purchase a ticket for entry. Ticket limit of 8 per household. This event provides for ASL seating. Venue: Blaisdell Arena Sale Date: Passcode protected presales (online only) Artist Presale: Wed, Aug 12, 2026 @ 10am HST – Thurs, Aug 13, 2026 @ 10pm HST BAMP/ LN / Venue Presale: Thurs, Aug 13, 2026 @ 10am – 10pm HST Public on sale: Friday, August 14, 2026 @ 10:00 am HST Ticket Value: (Include appropriate S/C)Use ADULT: $119.50 Sec AA / BB / CC rows 1-2 $89.50 Sec AA / BB / CC rows 3-8 $79.50 Sec AA / BB / CC rows 9-16 $69.50 Sec AA / BB / CC rows 17 and back, Riser A / B / C $59.50 Risers N / P / S / T / D / E / F / G $49.50 Loges / Upper Level rows C-O $39.50 Upper Level rows P-Q Premium Aisle Seating (+$10) – minimum of 2 seats per purchase offer Payment Accepted by: Cash/Visa/Master Card/Discover Service Fees: Box Office sales – $1.00 per ticket facility fee Applicable fees apply to all Ticketmaster Internet/Mobile. Ticketmaster: Online www.ticketmaster.com Ticketmaster TDD (Telecommunications Device for the Deaf): 1-800-474-4833 Blaisdell Box Office: Blaisdell Box Office info line: (808) 768-5252 Blaisdell Box Office TDD (Telecommunications Device for the Deaf): (808) 768-9270 Live Nation",,"{""url"":""https://blaisdellcenter.com/wp-content/uploads/2026/08/TUMUA_DasHow_Oahu_1920x1080.png"",""id"":121949,""extension"":""png"",""width"":1920,""height"":1080}",[],false,false,,,2026-08-15 12:52:26,2026-08-15 22:52:26,false,false,,,
2026-09-30T20:45:37Z,blaisdellcenter.com,https://blaisdellcenter.com/wp-json/tribe/events/v1/events,2,10005914,blaisdellcenter.com?id=10005914,Farmers Market,2027-02-17 16:00:00,2027-02-18 02:00:00,2027-02-17 19:00:00,2027-02-18 05:00:00,Pacific/Honolulu,false,false,publish,https://blaisdellcenter.com/event/farmers-market/2027-02-17/,,,Free,"{""currency_symbol"":""$"",""currency_code"":""USD"",""currency_position"":""prefix"",""values"":[""free""]}","[{""id"":268,""name"":""Arena Parking Lot"",""slug"":""arena-parking-lot"",""parent"":0},{""id"":265,""name"":""Other"",""slug"":""other"",""parent"":0}]",[],"{""id"":111139,""global_id"":""blaisdellcenter.com?id=111139"",""venue"":""Concert Hall"",""address"":""777 Ward Ave"",""city"":""Honolulu"",""country"":""United States"",""state"":""HI"",""zip"":""96814"",""url"":""https://blaisdellcenter.com/venue/concert-hall/"",""show_map"":true,""show_map_link"":true}","[{""id"":111247,""global_id"":""blaisdellcenter.com?id=111247"",""organizer"":""Hawaii Farm Bureau"",""url"":""https://blaisdellcenter.com/organizer/hawaii-farm-bureau/""}]",@ Hawaii Farm Bureau logo The Farmers Market is at the Arena parking lot at the corner of Kapiolani Blvd and Ward Ave – unless otherwise noted.,,false,"{""_ecp_custom_3"":{""label"":""Food/Concessions"",""value"":""YES""}}",false,false,,,2026-05-27 11:58:23,2026-05-27 21:58:23,true,true,,,
2026-09-30T20:45:37Z,blaisdellcenter.com,https://blaisdellcenter.com/wp-json/tribe/events/v1/events,2,122235,blaisdellcenter.com?id=122235,Tea,2027-02-19 19:30:00,2027-02-20 05:30:00,2027-02-19 19:30:00,2027-02-20 05:30:00,Pacific/Honolulu,false,false,publish,https://blaisdellcenter.com/event/tea/,,,,"{""currency_symbol"":""$"",""currency_code"":""USD"",""currency_position"":""prefix"",""values"":[]}","[{""id"":242,""name"":""Concert"",""slug"":""concert"",""parent"":0},{""id"":250,""name"":""Concert Hall"",""slug"":""concert-hall"",""parent"":0}]",[],"{""id"":111139,""global_id"":""blaisdellcenter.com?id=111139"",""venue"":""Concert Hall"",""address"":""777 Ward Ave"",""city"":""Honolulu"",""country"":""United States"",""state"":""HI"",""zip"":""96814"",""url"":""https://blaisdellcenter.com/venue/concert-hall/"",""show_map"":true,""show_map_link"":true}","[{""id"":111807,""global_id"":""blaisdellcenter.com?id=111807"",""organizer"":""Hawaii Opera Theater"",""url"":""https://blaisdellcenter.com/organizer/hawaii-opera-theater/""}]","@ Buy Tickets for Tea on February 19 Buy Tickets for Tea on February 21 HOT – Tea Friday, February 19, 2027 @ 7:30 pm (EHC0219) Sunday, February 21, 2027 @ 4pm (EHC0221) All ages will need to purchase a ticket for entry. Ticket limit of 8 per household to be in effect for the entire time of ticket sales. Venue: Blaisdell Concert Hall Sale Date: Friday, September 25, 2026 @ 10:00 am HST Ticket Value: (Include appropriate S/C)Use ADULT: $105 $65 $40 $25 (Various ticket prices in each section) Note: HOT Box office is selling advance subscription and individual sales Phone number: 808-596-7858 Payment Accepted by: Cash/Visa/Master Card/Discover Service Fees: Box Office sales – $1.00 per ticket facility fee Applicable fees apply to all Ticketmaster Internet/Mobile. Ticketmaster: Online www.ticketmaster.com Ticketmaster TDD (Telecommunications Device for the Deaf): 1-800-474-4833 Blaisdell Box Office: Blaisdell Box Office info line: (808) 768-5252 Blaisdell Box Office TDD (Telecommunications Device for the Deaf): (808) 768-9270 Hawaii Opera Theater",,false,[],false,false,,,2026-09-26 14:07:53,2026-09-27 00:07:53,false,false,,,
2026-09-30T20:45:37Z,blaisdellcenter.com,https://blaisdellcenter.com/wp-json/tribe/events/v1/events,2,10005915,blaisdellcenter.com?id=10005915,Farmers Market,2027-02-24 16:00:00,2027-02-25 02:00:00,2027-02-24 19:00:00,2027-02-25 05:00:00,Pacific/Honolulu,false,false,publish,https://blaisdellcenter.com/event/farmers-market/2027-02-24/,,,Free,"{""currency_symbol"":""$"",""currency_code"":""USD"",""currency_position"":""prefix"",""values"":[""free""]}","[{""id"":268,""name"":""Arena Parking Lot"",""slug"":""arena-parking-lot"",""parent"":0},{""id"":265,""name"":""Other"",""slug"":""other"",""parent"":0}]",[],"{""id"":111139,""global_id"":""blaisdellcenter.com?id=111139"",""venue"":""Concert Hall"",""address"":""777 Ward Ave"",""city"":""Honolulu"",""country"":""United States"",""state"":""HI"",""zip"":""96814"",""url"":""https://blaisdellcenter.com/venue/concert-hall/"",""show_map"":true,""show_map_link"":true}","[{""id"":111247,""global_id"":""blaisdellcenter.com?id=111247"",""organizer"":""Hawaii Farm Bureau"",""url"":""https://blaisdellcenter.com/organizer/hawaii-farm-bureau/""}]",@ Hawaii Farm Bureau logo The Farmers Market is at the Arena parking lot at the corner of Kapiolani Blvd and Ward Ave – unless otherwise noted.,,false,"{""_ecp_custom_3"":{""label"":""Food/Concessions"",""value"":""YES""}}",false,false,,,2026-05-27 11:58:23,2026-05-27 21:58:23,true,true,,,
2026-09-30T20:45:37Z,blaisdellcenter.com,https://blaisdellcenter.com/wp-json/tribe/events/v1/events,2,10005916,blaisdellcenter.com?id=10005916,Farmers Market,2027-03-03 16:00:00,2027-03-04 02:00:00,2027-03-03 19:00:00,2027-03-04 05:00:00,Pacific/Honolulu,false,false,publish,https://blaisdellcenter.com/event/farmers-market/2027-03-03/,,,Free,"{""currency_symbol"":""$"",""currency_code"":""USD"",""currency_position"":""prefix"",""values"":[""free""]}","[{""id"":268,""name"":""Arena Parking Lot"",""slug"":""arena-parking-lot"",""parent"":0},{""id"":265,""name"":""Other"",""slug"":""other"",""parent"":0}]",[],"{""id"":111139,""global_id"":""blaisdellcenter.com?id=111139"",""venue"":""Concert Hall"",""address"":""777 Ward Ave"",""city"":""Honolulu"",""country"":""United States"",""state"":""HI"",""zip"":""96814"",""url"":""https://blaisdellcenter.com/venue/concert-hall/"",""show_map"":true,""show_map_link"":true}","[{""id"":111247,""global_id"":""blaisdellcenter.com?id=111247"",""organizer"":""Hawaii Farm Bureau"",""url"":""https://blaisdellcenter.com/organizer/hawaii-farm-bureau/""}]",@ Hawaii Farm Bureau logo The Farmers Market is at the Arena parking lot at the corner of Kapiolani Blvd and Ward Ave – unless otherwise noted.,,false,"{""_ecp_custom_3"":{""label"":""Food/Concessions"",""value"":""YES""}}",false,false,,,2026-05-27 11:58:23,2026-05-27 21:58:23,true,true,,,
2026-09-30T20:45:37Z,blaisdellcenter.com,https://blaisdellcenter.com/wp-json/tribe/events/v1/events,2,10005917,blaisdellcenter.com?id=10005917,Farmers Market,2027-03-10 16:00:00,2027-03-11 02:00:00,2027-03-10 19:00:00,2027-03-11 05:00:00,Pacific/Honolulu,false,false,publish,https://blaisdellcenter.com/event/farmers-market/2027-03-10/,,,Free,"{""currency_symbol"":""$"",""currency_code"":""USD"",""currency_position"":""prefix"",""values"":[""free""]}","[{""id"":268,""name"":""Arena Parking Lot"",""slug"":""arena-parking-lot"",""parent"":0},{""id"":265,""name"":""Other"",""slug"":""other"",""parent"":0}]",[],"{""id"":111139,""global_id"":""blaisdellcenter.com?id=111139"",""venue"":""Concert Hall"",""address"":""777 Ward Ave"",""city"":""Honolulu"",""country"":""United States"",""state"":""HI"",""zip"":""96814"",""url"":""https://blaisdellcenter.com/venue/concert-hall/"",""show_map"":true,""show_map_link"":true}","[{""id"":111247,""global_id"":""blaisdellcenter.com?id=111247"",""organizer"":""Hawaii Farm Bureau"",""url"":""https://blaisdellcenter.com/organizer/hawaii-farm-bureau/""}]",@ Hawaii Farm Bureau logo The Farmers Market is at the Arena parking lot at the corner of Kapiolani Blvd and Ward Ave – unless otherwise noted.,,false,"{""_ecp_custom_3"":{""label"":""Food/Concessions"",""value"":""YES""}}",false,false,,,2026-05-27 11:58:23,2026-05-27 21:58:23,true,true,,,
2026-09-30T20:45:37Z,blaisdellcenter.com,https://blaisdellcenter.com/wp-json/tribe/events/v1/events,2,10005918,blaisdellcenter.com?id=10005918,Farmers Market,2027-03-17 16:00:00,2027-03-18 02:00:00,2027-03-17 19:00:00,2027-03-18 05:00:00,Pacific/Honolulu,false,false,publish,https://blaisdellcenter.com/event/farmers-market/2027-03-17/,,,Free,"{""currency_symbol"":""$"",""currency_code"":""USD"",""currency_position"":""prefix"",""values"":[""free""]}","[{""id"":268,""name"":""Arena Parking Lot"",""slug"":""arena-parking-lot"",""parent"":0},{""id"":265,""name"":""Other"",""slug"":""other"",""parent"":0}]",[],"{""id"":111139,""global_id"":""blaisdellcenter.com?id=111139"",""venue"":""Concert Hall"",""address"":""777 Ward Ave"",""city"":""Honolulu"",""country"":""United States"",""state"":""HI"",""zip"":""96814"",""url"":""https://blaisdellcenter.com/venue/concert-hall/"",""show_map"":true,""show_map_link"":true}","[{""id"":111247,""global_id"":""blaisdellcenter.com?id=111247"",""organizer"":""Hawaii Farm Bureau"",""url"":""https://blaisdellcenter.com/organizer/hawaii-farm-bureau/""}]",@ Hawaii Farm Bureau logo The Farmers Market is at the Arena parking lot at the corner of Kapiolani Blvd and Ward Ave – unless otherwise noted.,,false,"{""_ecp_custom_3"":{""label"":""Food/Concessions"",""value"":""YES""}}",false,false,,,2026-05-27 11:58:23,2026-05-27 21:58:23,true,true,,,
2026-09-30T20:45:37Z,blaisdellcenter.com,https://blaisdellcenter.com/wp-json/tribe/events/v1/events,2,10005919,blaisdellcenter.com?id=10005919,Farmers Market,2027-03-24 16:00:00,2027-03-25 02:00:00,2027-03-24 19:00:00,2027-03-25 05:00:00,Pacific/Honolulu,false,false,publish,https://blaisdellcenter.com/event/farmers-market/2027-03-24/,,,Free,"{""currency_symbol"":""$"",""currency_code"":""USD"",""currency_position"":""prefix"",""values"":[""free""]}","[{""id"":268,""name"":""Arena Parking Lot"",""slug"":""arena-parking-lot"",""parent"":0},{""id"":265,""name"":""Other"",""slug"":""other"",""parent"":0}]",[],"{""id"":111139,""global_id"":""blaisdellcenter.com?id=111139"",""venue"":""Concert Hall"",""address"":""777 Ward Ave"",""city"":""Honolulu"",""country"":""United States"",""state"":""HI"",""zip"":""96814"",""url"":""https://blaisdellcenter.com/venue/concert-hall/"",""show_map"":true,""show_map_link"":true}","[{""id"":111247,""global_id"":""blaisdellcenter.com?id=111247"",""organizer"":""Hawaii Farm Bureau"",""url"":""https://blaisdellcenter.com/organizer/hawaii-farm-bureau/""}]",@ Hawaii Farm Bureau logo The Farmers Market is at the Arena parking lot at the corner of Kapiolani Blvd and Ward Ave – unless otherwise noted.,,false,"{""_ecp_custom_3"":{""label"":""Food/Concessions"",""value"":""YES""}}",false,false,,,2026-05-27 11:58:23,2026-05-27 21:58:23,true,true,,,
2026-09-30T20:45:37Z,blaisdellcenter.com,https://blaisdellcenter.com/wp-json/tribe/events/v1/events,2,10005920,blaisdellcenter.com?id=10005920,Farmers Market,2027-03-31 16:00:00,2027-04-01 02:00:00,2027-03-31 19:00:00,2027-04-01 05:00:00,Pacific/Honolulu,false,false,publish,https://blaisdellcenter.com/event/farmers-market/2027-03-31/,,,Free,"{""currency_symbol"":""$"",""currency_code"":""USD"",""currency_position"":""prefix"",""values"":[""free""]}","[{""id"":268,""name"":""Arena Parking Lot"",""slug"":""arena-parking-lot"",""parent"":0},{""id"":265,""name"":""Other"",""slug"":""other"",""parent"":0}]",[],"{""id"":111139,""global_id"":""blaisdellcenter.com?id=111139"",""venue"":""Concert Hall"",""address"":""777 Ward Ave"",""city"":""Honolulu"",""country"":""United States"",""state"":""HI"",""zip"":""96814"",""url"":""https://blaisdellcenter.com/venue/concert-hall/"",""show_map"":true,""show_map_link"":true}","[{""id"":111247,""global_id"":""blaisdellcenter.com?id=111247"",""organizer"":""Hawaii Farm Bureau"",""url"":""https://blaisdellcenter.com/organizer/hawaii-farm-bureau/""}]",@ Hawaii Farm Bureau logo The Farmers Market is at the Arena parking lot at the corner of Kapiolani Blvd and Ward Ave – unless otherwise noted.,,false,"{""_ecp_custom_3"":{""label"":""Food/Concessions"",""value"":""YES""}}",false,false,,,2026-05-27 11:58:23,2026-05-27 21:58:23,true,true,,,
2026-09-30T20:45:37Z,blaisdellcenter.com,https://blaisdellcenter.com/wp-json/tribe/events/v1/events,2,10005921,blaisdellcenter.com?id=10005921,Farmers Market,2027-04-07 16:00:00,2027-04-08 02:00:00,2027-04-07 19:00:00,2027-04-08 05:00:00,Pacific/Honolulu,false,false,publish,https://blaisdellcenter.com/event/farmers-market/2027-04-07/,,,Free,"{""currency_symbol"":""$"",""currency_code"":""USD"",""currency_position"":""prefix"",""values"":[""free""]}","[{""id"":268,""name"":""Arena Parking Lot"",""slug"":""arena-parking-lot"",""parent"":0},{""id"":265,""name"":""Other"",""slug"":""other"",""parent"":0}]",[],"{""id"":111139,""global_id"":""blaisdellcenter.com?id=111139"",""venue"":""Concert Hall"",""address"":""777 Ward Ave"",""city"":""Honolulu"",""country"":""United States"",""state"":""HI"",""zip"":""96814"",""url"":""https://blaisdellcenter.com/venue/concert-hall/"",""show_map"":true,""show_map_link"":true}","[{""id"":111247,""global_id"":""blaisdellcenter.com?id=111247"",""organizer"":""Hawaii Farm Bureau"",""url"":""https://blaisdellcenter.com/organizer/hawaii-farm-bureau/""}]",@ Hawaii Farm Bureau logo The Farmers Market is at the Arena parking lot at the corner of Kapiolani Blvd and Ward Ave – unless otherwise noted.,,false,"{""_ecp_custom_3"":{""label"":""Food/Concessions"",""value"":""YES""}}",false,false,,,2026-05-27 11:58:23,2026-05-27 21:58:23,true,true,,,
2026-09-30T20:45:37Z,blaisdellcenter.com,https://blaisdellcenter.com/wp-json/tribe/events/v1/events,2,10005922,blaisdellcenter.com?id=10005922,Farmers Market,2027-04-14 16:00:00,2027-04-15 02:00:00,2027-04-14 19:00:00,2027-04-15 05:00:00,Pacific/Honolulu,false,false,publish,https://blaisdellcenter.com/event/farmers-market/2027-04-14/,,,Free,"{""currency_symbol"":""$"",""currency_code"":""USD"",""currency_position"":""prefix"",""values"":[""free""]}","[{""id"":268,""name"":""Arena Parking Lot"",""slug"":""arena-parking-lot"",""parent"":0},{""id"":265,""name"":""Other"",""slug"":""other"",""parent"":0}]",[],"{""id"":111139,""global_id"":""blaisdellcenter.com?id=111139"",""venue"":""Concert Hall"",""address"":""777 Ward Ave"",""city"":""Honolulu"",""country"":""United States"",""state"":""HI"",""zip"":""96814"",""url"":""https://blaisdellcenter.com/venue/concert-hall/"",""show_map"":true,""show_map_link"":true}","[{""id"":111247,""global_id"":""blaisdellcenter.com?id=111247"",""organizer"":""Hawaii Farm Bureau"",""url"":""https://blaisdellcenter.com/organizer/hawaii-farm-bureau/""}]",@ Hawaii Farm Bureau logo The Farmers Market is at the Arena parking lot at the corner of Kapiolani Blvd and Ward Ave – unless otherwise noted.,,false,"{""_ecp_custom_3"":{""label"":""Food/Concessions"",""value"":""YES""}}",false,false,,,2026-05-27 11:58:23,2026-05-27 21:58:23,true,true,,,
2026-09-30T20:45:37Z,blaisdellcenter.com,https://blaisdellcenter.com/wp-json/tribe/events/v1/events,2,10005923,blaisdellcenter.com?id=10005923,Farmers Market,2027-04-21 16:00:00,2027-04-22 02:00:00,2027-04-21 19:00:00,2027-04-22 05:00:00,Pacific/Honolulu,false,false,publish,https://blaisdellcenter.com/event/farmers-market/2027-04-21/,,,Free,"{""currency_symbol"":""$"",""currency_code"":""USD"",""currency_position"":""prefix"",""values"":[""free""]}","[{""id"":268,""name"":""Arena Parking Lot"",""slug"":""arena-parking-lot"",""parent"":0},{""id"":265,""name"":""Other"",""slug"":""other"",""parent"":0}]",[],"{""id"":111139,""global_id"":""blaisdellcenter.com?id=111139"",""venue"":""Concert Hall"",""address"":""777 Ward Ave"",""city"":""Honolulu"",""country"":""United States"",""state"":""HI"",""zip"":""96814"",""url"":""https://blaisdellcenter.com/venue/concert-hall/"",""show_map"":true,""show_map_link"":true}","[{""id"":111247,""global_id"":""blaisdellcenter.com?id=111247"",""organizer"":""Hawaii Farm Bureau"",""url"":""https://blaisdellcenter.com/organizer/hawaii-farm-bureau/""}]",@ Hawaii Farm Bureau logo The Farmers Market is at the Arena parking lot at the corner of Kapiolani Blvd and Ward Ave – unless otherwise noted.,,false,"{""_ecp_custom_3"":{""label"":""Food/Concessions"",""value"":""YES""}}",false,false,,,2026-05-27 11:58:23,2026-05-27 21:58:23,true,true,,,
2026-09-30T20:45:37Z,blaisdellcenter.com,https://blaisdellcenter.com/wp-json/tribe/events/v1/events,2,10005924,blaisdellcenter.com?id=10005924,Farmers Market,2027-04-28 16:00:00,2027-04-29 02:00:00,2027-04-28 19:00:00,2027-04-29 05:00:00,Pacific/Honolulu,false,false,publish,https://blaisdellcenter.com/event/farmers-market/2027-04-28/,,,Free,"{""currency_symbol"":""$"",""currency_code"":""USD"",""currency_position"":""prefix"",""values"":[""free""]}","[{""id"":268,""name"":""Arena Parking Lot"",""slug"":""arena-parking-lot"",""parent"":0},{""id"":265,""name"":""Other"",""slug"":""other"",""parent"":0}]",[],"{""id"":111139,""global_id"":""blaisdellcenter.com?id=111139"",""venue"":""Concert Hall"",""address"":""777 Ward Ave"",""city"":""Honolulu"",""country"":""United States"",""state"":""HI"",""zip"":""96814"",""url"":""https://blaisdellcenter.com/venue/concert-hall/"",""show_map"":true,""show_map_link"":true}","[{""id"":111247,""global_id"":""blaisdellcenter.com?id=111247"",""organizer"":""Hawaii Farm Bureau"",""url"":""https://blaisdellcenter.com/organizer/hawaii-farm-bureau/""}]",@ Hawaii Farm Bureau logo The Farmers Market is at the Arena parking lot at the corner of Kapiolani Blvd and Ward Ave – unless otherwise noted.,,false,"{""_ecp_custom_3"":{""label"":""Food/Concessions"",""value"":""YES""}}",false,false,,,2026-05-27 11:58:23,2026-05-27 21:58:23,true,true,,,
2026-09-30T20:45:37Z,blaisdellcenter.com,https://blaisdellcenter.com/wp-json/tribe/events/v1/events,2,122240,blaisdellcenter.com?id=122240,Tosca,2027-04-30 19:30:00,2027-05-01 05:30:00,2027-04-30 19:30:00,2027-05-01 05:30:00,Pacific/Honolulu,false,false,publish,https://blaisdellcenter.com/event/tosca/,,,,"{""currency_symbol"":""$"",""currency_code"":""USD"",""currency_position"":""prefix"",""values"":[]}","[{""id"":242,""name"":""Concert"",""slug"":""concert"",""parent"":0},{""id"":250,""name"":""Concert Hall"",""slug"":""concert-hall"",""parent"":0}]",[],"{""id"":111139,""global_id"":""blaisdellcenter.com?id=111139"",""venue"":""Concert Hall"",""address"":""777 Ward Ave"",""city"":""Honolulu"",""country"":""United States"",""state"":""HI"",""zip"":""96814"",""url"":""https://blaisdellcenter.com/venue/concert-hall/"",""show_map"":true,""show_map_link"":true}","[{""id"":111807,""global_id"":""blaisdellcenter.com?id=111807"",""organizer"":""Hawaii Opera Theater"",""url"":""https://blaisdellcenter.com/organizer/hawaii-opera-theater/""}]","@ Buy Tickets for Tosca on April 30 Buy Tickets for Tosca on May 2 HOT – Tosca Friday, April 30, 2027 @ 7:30 pm (EHC0430) Sunday, May 2, 2027 @ 4pm (EHC0502) All ages will need to purchase a ticket for entry. Ticket limit of 8 per household to be in effect for the entire time of ticket sales. Venue: Blaisdell Concert Hall Sale Date: Friday, September 25, 2026 @ 10:00 am HST Ticket Value: (Include appropriate S/C)Use ADULT: $150 $90 $55 $40 (Various ticket prices in each section) Note: HOT Box office is selling advance subscription and individual sales Phone number: 808-596-7858 Payment Accepted by: Cash/Visa/Master Card/Discover Service Fees: Box Office sales – $1.00 per ticket facility fee Applicable fees apply to all Ticketmaster Internet/Mobile. Ticketmaster: Online www.ticketmaster.com Ticketmaster TDD (Telecommunications Device for the Deaf): 1-800-474-4833 Blaisdell Box Office: Blaisdell Box Office info line: (808) 768-5252 Blaisdell Box Office TDD (Telecommunications Device for the Deaf): (808) 768-9270 Hawaii Opera Theater",,false,[],false,false,,,2026-09-26 14:08:39,2026-09-27 00:08:39,false,false,,,
2026-09-30T20:45:37Z,blaisdellcenter.com,https://blaisdellcenter.com/wp-json/tribe/events/v1/events,2,10005925,blaisdellcenter.com?id=10005925,Farmers Market,2027-05-05 16:00:00,2027-05-06 02:00:00,2027-05-05 19:00:00,2027-05-06 05:00:00,Pacific/Honolulu,false,false,publish,https://blaisdellcenter.com/event/farmers-market/2027-05-05/,,,Free,"{""currency_symbol"":""$"",""currency_code"":""USD"",""currency_position"":""prefix"",""values"":[""free""]}","[{""id"":268,""name"":""Arena Parking Lot"",""slug"":""arena-parking-lot"",""parent"":0},{""id"":265,""name"":""Other"",""slug"":""other"",""parent"":0}]",[],"{""id"":111139,""global_id"":""blaisdellcenter.com?id=111139"",""venue"":""Concert Hall"",""address"":""777 Ward Ave"",""city"":""Honolulu"",""country"":""United States"",""state"":""HI"",""zip"":""96814"",""url"":""https://blaisdellcenter.com/venue/concert-hall/"",""show_map"":true,""show_map_link"":true}","[{""id"":111247,""global_id"":""blaisdellcenter.com?id=111247"",""organizer"":""Hawaii Farm Bureau"",""url"":""https://blaisdellcenter.com/organizer/hawaii-farm-bureau/""}]",@ Hawaii Farm Bureau logo The Farmers Market is at the Arena parking lot at the corner of Kapiolani Blvd and Ward Ave – unless otherwise noted.,,false,"{""_ecp_custom_3"":{""label"":""Food/Concessions"",""value"":""YES""}}",false,false,,,2026-05-27 11:58:23,2026-05-27 21:58:23,true,true,,,
2026-09-30T20:45:37Z,blaisdellcenter.com,https://blaisdellcenter.com/wp-json/tribe/events/v1/events,2,10005926,blaisdellcenter.com?id=10005926,Farmers Market,2027-05-12 16:00:00,2027-05-13 02:00:00,2027-05-12 19:00:00,2027-05-13 05:00:00,Pacific/Honolulu,false,false,publish,https://blaisdellcenter.com/event/farmers-market/2027-05-12/,,,Free,"{""currency_symbol"":""$"",""currency_code"":""USD"",""currency_position"":""prefix"",""values"":[""free""]}","[{""id"":268,""name"":""Arena Parking Lot"",""slug"":""arena-parking-lot"",""parent"":0},{""id"":265,""name"":""Other"",""slug"":""other"",""parent"":0}]",[],"{""id"":111139,""global_id"":""blaisdellcenter.com?id=111139"",""venue"":""Concert Hall"",""address"":""777 Ward Ave"",""city"":""Honolulu"",""country"":""United States"",""state"":""HI"",""zip"":""96814"",""url"":""https://blaisdellcenter.com/venue/concert-hall/"",""show_map"":true,""show_map_link"":true}","[{""id"":111247,""global_id"":""blaisdellcenter.com?id=111247"",""organizer"":""Hawaii Farm Bureau"",""url"":""https://blaisdellcenter.com/organizer/hawaii-farm-bureau/""}]",@ Hawaii Farm Bureau logo The Farmers Market is at the Arena parking lot at the corner of Kapiolani Blvd and Ward Ave – unless otherwise noted.,,false,"{""_ecp_custom_3"":{""label"":""Food/Concessions"",""value"":""YES""}}",false,false,,,2026-05-27 11:58:23,2026-05-27 21:58:23,true,true,,,
2026-09-30T20:45:37Z,blaisdellcenter.com,https://blaisdellcenter.com/wp-json/tribe/events/v1/events,2,10005927,blaisdellcenter.com?id=10005927,Farmers Market,2027-05-19 16:00:00,2027-05-20 02:00:00,2027-05-19 19:00:00,2027-05-20 05:00:00,Pacific/Honolulu,false,false,publish,https://blaisdellcenter.com/event/farmers-market/2027-05-19/,,,Free,"{""currency_symbol"":""$"",""currency_code"":""USD"",""currency_position"":""prefix"",""values"":[""free""]}","[{""id"":268,""name"":""Arena Parking Lot"",""slug"":""arena-parking-lot"",""parent"":0},{""id"":265,""name"":""Other"",""slug"":""other"",""parent"":0}]",[],"{""id"":111139,""global_id"":""blaisdellcenter.com?id=111139"",""venue"":""Concert Hall"",""address"":""777 Ward Ave"",""city"":""Honolulu"",""country"":""United States"",""state"":""HI"",""zip"":""96814"",""url"":""https://blaisdellcenter.com/venue/concert-hall/"",""show_map"":true,""show_map_link"":true}","[{""id"":111247,""global_id"":""blaisdellcenter.com?id=111247"",""organizer"":""Hawaii Farm Bureau"",""url"":""https://blaisdellcenter.com/organizer/hawaii-farm-bureau/""}]",@ Hawaii Farm Bureau logo The Farmers Market is at the Arena parking lot at the corner of Kapiolani Blvd and Ward Ave – unless otherwise noted.,,false,"{""_ecp_custom_3"":{""label"":""Food/Concessions"",""value"":""YES""}}",false,false,,,2026-05-27 11:58:23,2026-05-27 21:58:23,true,true,,,
2026-09-30T20:45:37Z,blaisdellcenter.com,https://blaisdellcenter.com/wp-json/tribe/events/v1/events,2,10005928,blaisdellcenter.com?id=10005928,Farmers Market,2027-05-26 16:00:00,2027-05-27 02:00:00,2027-05-26 19:00:00,2027-05-27 05:00:00,Pacific/Honolulu,false,false,publish,https://blaisdellcenter.com/event/farmers-market/2027-05-26/,,,Free,"{""currency_symbol"":""$"",""currency_code"":""USD"",""currency_position"":""prefix"",""values"":[""free""]}","[{""id"":268,""name"":""Arena Parking Lot"",""slug"":""arena-parking-lot"",""parent"":0},{""id"":265,""name"":""Other"",""slug"":""other"",""parent"":0}]",[],"{""id"":111139,""global_id"":""blaisdellcenter.com?id=111139"",""venue"":""Concert Hall"",""address"":""777 Ward Ave"",""city"":""Honolulu"",""country"":""United States"",""state"":""HI"",""zip"":""96814"",""url"":""https://blaisdellcenter.com/venue/concert-hall/"",""show_map"":true,""show_map_link"":true}","[{""id"":111247,""global_id"":""blaisdellcenter.com?id=111247"",""organizer"":""Hawaii Farm Bureau"",""url"":""https://blaisdellcenter.com/organizer/hawaii-farm-bureau/""}]",@ Hawaii Farm Bureau logo The Farmers Market is at the Arena parking lot at the corner of Kapiolani Blvd and Ward Ave – unless otherwise noted.,,false,"{""_ecp_custom_3"":{""label"":""Food/Concessions"",""value"":""YES""}}",false,false,,,2026-05-27 11:58:23,2026-05-27 21:58:23,true,true,,,
2026-09-30T20:45:37Z,blaisdellcenter.com,https://blaisdellcenter.com/wp-json/tribe/events/v1/events,2,10005929,blaisdellcenter.com?id=10005929,Farmers Market,2027-06-02 16:00:00,2027-06-03 02:00:00,2027-06-02 19:00:00,2027-06-03 05:00:00,Pacific/Honolulu,false,false,publish,https://blaisdellcenter.com/event/farmers-market/2027-06-02/,,,Free,"{""currency_symbol"":""$"",""currency_code"":""USD"",""currency_position"":""prefix"",""values"":[""free""]}","[{""id"":268,""name"":""Arena Parking Lot"",""slug"":""arena-parking-lot"",""parent"":0},{""id"":265,""name"":""Other"",""slug"":""other"",""parent"":0}]",[],"{""id"":111139,""global_id"":""blaisdellcenter.com?id=111139"",""venue"":""Concert Hall"",""address"":""777 Ward Ave"",""city"":""Honolulu"",""country"":""United States"",""state"":""HI"",""zip"":""96814"",""url"":""https://blaisdellcenter.com/venue/concert-hall/"",""show_map"":true,""show_map_link"":true}","[{""id"":111247,""global_id"":""blaisdellcenter.com?id=111247"",""organizer"":""Hawaii Farm Bureau"",""url"":""https://blaisdellcenter.com/organizer/hawaii-farm-bureau/""}]",@ Hawaii Farm Bureau logo The Farmers Market is at the Arena parking lot at the corner of Kapiolani Blvd and Ward Ave – unless otherwise noted.,,false,"{""_ecp_custom_3"":{""label"":""Food/Concessions"",""value"":""YES""}}",false,false,,,2026-05-27 11:58:23,2026-05-27 21:58:23,true,true,,,
2026-09-30T20:45:37Z,blaisdellcenter.com,https://blaisdellcenter.com/wp-json/tribe/events/v1/events,2,10005930,blaisdellcenter.com?id=10005930,Farmers Market,2027-06-09 16:00:00,2027-06-10 02:00:00,2027-06-09 19:00:00,2027-06-10 05:00:00,Pacific/Honolulu,false,false,publish,https://blaisdellcenter.com/event/farmers-market/2027-06-09/,,,Free,"{""currency_symbol"":""$"",""currency_code"":""USD"",""currency_position"":""prefix"",""values"":[""free""]}","[{""id"":268,""name"":""Arena Parking Lot"",""slug"":""arena-parking-lot"",""parent"":0},{""id"":265,""name"":""Other"",""slug"":""other"",""parent"":0}]",[],"{""id"":111139,""global_id"":""blaisdellcenter.com?id=111139"",""venue"":""Concert Hall"",""address"":""777 Ward Ave"",""city"":""Honolulu"",""country"":""United States"",""state"":""HI"",""zip"":""96814"",""url"":""https://blaisdellcenter.com/venue/concert-hall/"",""show_map"":true,""show_map_link"":true}","[{""id"":111247,""global_id"":""blaisdellcenter.com?id=111247"",""organizer"":""Hawaii Farm Bureau"",""url"":""https://blaisdellcenter.com/organizer/hawaii-farm-bureau/""}]",@ Hawaii Farm Bureau logo The Farmers Market is at the Arena parking lot at the corner of Kapiolani Blvd and Ward Ave – unless otherwise noted.,,false,"{""_ecp_custom_3"":{""label"":""Food/Concessions"",""value"":""YES""}}",false,false,,,2026-05-27 11:58:23,2026-05-27 21:58:23,true,true,,,
2026-09-30T20:45:37Z,blaisdellcenter.com,https://blaisdellcenter.com/wp-json/tribe/events/v1/events,3,10005931,blaisdellcenter.com?id=10005931,Farmers Market,2027-06-16 16:00:00,2027-06-17 02:00:00,2027-06-16 19:00:00,2027-06-17 05:00:00,Pacific/Honolulu,false,false,publish,https://blaisdellcenter.com/event/farmers-market/2027-06-16/,,,Free,"{""currency_symbol"":""$"",""currency_code"":""USD"",""currency_position"":""prefix"",""values"":[""free""]}","[{""id"":268,""name"":""Arena Parking Lot"",""slug"":""arena-parking-lot"",""parent"":0},{""id"":265,""name"":""Other"",""slug"":""other"",""parent"":0}]",[],"{""id"":111139,""global_id"":""blaisdellcenter.com?id=111139"",""venue"":""Concert Hall"",""address"":""777 Ward Ave"",""city"":""Honolulu"",""country"":""United States"",""state"":""HI"",""zip"":""96814"",""url"":""https://blaisdellcenter.com/venue/concert-hall/"",""show_map"":true,""show_map_link"":true}","[{""id"":111247,""global_id"":""blaisdellcenter.com?id=111247"",""organizer"":""Hawaii Farm Bureau"",""url"":""https://blaisdellcenter.com/organizer/hawaii-farm-bureau/""}]",@ Hawaii Farm Bureau logo The Farmers Market is at the Arena parking lot at the corner of Kapiolani Blvd and Ward Ave – unless otherwise noted.,,false,"{""_ecp_custom_3"":{""label"":""Food/Concessions"",""value"":""YES""}}",false,false,,,2026-05-27 11:58:23,2026-05-27 21:58:23,true,true,,,
2026-09-30T20:45:37Z,blaisdellcenter.com,https://blaisdellcenter.com/wp-json/tribe/events/v1/events,3,10005932,blaisdellcenter.com?id=10005932,Farmers Market,2027-06-23 16:00:00,2027-06-24 02:00:00,2027-06-23 19:00:00,2027-06-24 05:00:00,Pacific/Honolulu,false,false,publish,https://blaisdellcenter.com/event/farmers-market/2027-06-23/,,,Free,"{""currency_symbol"":""$"",""currency_code"":""USD"",""currency_position"":""prefix"",""values"":[""free""]}","[{""id"":268,""name"":""Arena Parking Lot"",""slug"":""arena-parking-lot"",""parent"":0},{""id"":265,""name"":""Other"",""slug"":""other"",""parent"":0}]",[],"{""id"":111139,""global_id"":""blaisdellcenter.com?id=111139"",""venue"":""Concert Hall"",""address"":""777 Ward Ave"",""city"":""Honolulu"",""country"":""United States"",""state"":""HI"",""zip"":""96814"",""url"":""https://blaisdellcenter.com/venue/concert-hall/"",""show_map"":true,""show_map_link"":true}","[{""id"":111247,""global_id"":""blaisdellcenter.com?id=111247"",""organizer"":""Hawaii Farm Bureau"",""url"":""https://blaisdellcenter.com/organizer/hawaii-farm-bureau/""}]",@ Hawaii Farm Bureau logo The Farmers Market is at the Arena parking lot at the corner of Kapiolani Blvd and Ward Ave – unless otherwise noted.,,false,"{""_ecp_custom_3"":{""label"":""Food/Concessions"",""value"":""YES""}}",false,false,,,2026-05-27 11:58:23,2026-05-27 21:58:23,true,true,,,
2026-09-30T20:45:37Z,blaisdellcenter.com,https://blaisdellcenter.com/wp-json/tribe/events/v1/events,3,10005933,blaisdellcenter.com?id=10005933,Farmers Market,2027-06-30 16:00:00,2027-07-01 02:00:00,2027-06-30 19:00:00,2027-07-01 05:00:00,Pacific/Honolulu,false,false,publish,https://blaisdellcenter.com/event/farmers-market/2027-06-30/,,,Free,"{""currency_symbol"":""$"",""currency_code"":""USD"",""currency_position"":""prefix"",""values"":[""free""]}","[{""id"":268,""name"":""Arena Parking Lot"",""slug"":""arena-parking-lot"",""parent"":0},{""id"":265,""name"":""Other"",""slug"":""other"",""parent"":0}]",[],"{""id"":111139,""global_id"":""blaisdellcenter.com?id=111139"",""venue"":""Concert Hall"",""address"":""777 Ward Ave"",""city"":""Honolulu"",""country"":""United States"",""state"":""HI"",""zip"":""96814"",""url"":""https://blaisdellcenter.com/venue/concert-hall/"",""show_map"":true,""show_map_link"":true}","[{""id"":111247,""global_id"":""blaisdellcenter.com?id=111247"",""organizer"":""Hawaii Farm Bureau"",""url"":""https://blaisdellcenter.com/organizer/hawaii-farm-bureau/""}]",@ Hawaii Farm Bureau logo The Farmers Market is at the Arena parking lot at the corner of Kapiolani Blvd and Ward Ave – unless otherwise noted.,,false,"{""_ecp_custom_3"":{""label"":""Food/Concessions"",""value"":""YES""}}",false,false,,,2026-05-27 11:58:23,2026-05-27 21:58:23,true,true,,,
2026-09-30T20:45:37Z,blaisdellcenter.com,https://blaisdellcenter.com/wp-json/tribe/events/v1/events,3,10006232,blaisdellcenter.com?id=10006232,Mamma Mia!,2027-07-06 19:30:00,2027-07-07 05:30:00,2027-07-06 22:00:00,2027-07-07 08:00:00,Pacific/Honolulu,false,false,publish,https://blaisdellcenter.com/event/mamma-mia/2027-07-06/,https://broadwayinhawaii.com,,,"{""currency_symbol"":""$"",""currency_code"":""USD"",""currency_position"":""prefix"",""values"":[]}","[{""id"":250,""name"":""Concert Hall"",""slug"":""concert-hall"",""parent"":0},{""id"":248,""name"":""Musical"",""slug"":""musical"",""parent"":0}]",[],"{""id"":111139,""global_id"":""blaisdellcenter.com?id=111139"",""venue"":""Concert Hall"",""address"":""777 Ward Ave"",""city"":""Honolulu"",""country"":""United States"",""state"":""HI"",""zip"":""96814"",""url"":""https://blaisdellcenter.com/venue/concert-hall/"",""show_map"":true,""show_map_link"":true}","[{""id"":111362,""global_id"":""blaisdellcenter.com?id=111362"",""organizer"":""MagicSpace"",""url"":""https://blaisdellcenter.com/organizer/magicspace/""}]","@ Season Tickets are on sale now! Please click on this link to get to the Season Tickets page. There are no SINGLE show tickets on sale at the moment. Please subscribe to our newsletter to be the first to know! MAMMA MIA! A mother. A daughter. 3 possible dads. And a trip down the aisle you’ll never forget! Set on a Greek island paradise where the sun always shines, a tale of love, friendship, and identity is beautifully told through the timeless hits of ABBA. On the eve of her wedding, a daughter’s quest to discover the father she’s never known brings three men from her mother’s past back to the island they last visited decades ago. For over 25 years, people all around the world have fallen in love with the characters, the story, and the music that make MAMMA MIA! the ultimate feel-good show. MagicSpace Details Date: Time: HST",,"{""url"":""https://blaisdellcenter.com/wp-content/uploads/2026/04/1200x628-mamma-mia-tour25-dates.jpg"",""id"":119958,""extension"":""jpg"",""width"":1200,""height"":628}","{""_ecp_custom_2"":{""label"":""Parking"",""value"":""$8""},""_ecp_custom_5"":{""label"":""Beer/Liquor"",""value"":""BOTH Beer & Liquor - YES""}}",false,false,,,2026-04-16 13:03:52,2026-04-16 23:03:52,true,true,,,
2026-09-30T20:45:37Z,blaisdellcenter.com,https://blaisdellcenter.com/wp-json/tribe/events/v1/events,3,10005934,blaisdellcenter.com?id=10005934,Farmers Market,2027-07-07 16:00:00,2027-07-08 02:00:00,2027-07-07 19:00:00,2027-07-08 05:00:00,Pacific/Honolulu,false,false,publish,https://blaisdellcenter.com/event/farmers-market/2027-07-07/,,,Free,"{""currency_symbol"":""$"",""currency_code"":""USD"",""currency_position"":""prefix"",""values"":[""free""]}","[{""id"":268,""name"":""Arena Parking Lot"",""slug"":""arena-parking-lot"",""parent"":0},{""id"":265,""name"":""Other"",""slug"":""other"",""parent"":0}]",[],"{""id"":111139,""global_id"":""blaisdellcenter.com?id=111139"",""venue"":""Concert Hall"",""address"":""777 Ward Ave"",""city"":""Honolulu"",""country"":""United States"",""state"":""HI"",""zip"":""96814"",""url"":""https://blaisdellcenter.com/venue/concert-hall/"",""show_map"":true,""show_map_link"":true}","[{""id"":111247,""global_id"":""blaisdellcenter.com?id=111247"",""organizer"":""Hawaii Farm Bureau"",""url"":""https://blaisdellcenter.com/organizer/hawaii-farm-bureau/""}]",@ Hawaii Farm Bureau logo The Farmers Market is at the Arena parking lot at the corner of Kapiolani Blvd and Ward Ave – unless otherwise noted.,,false,"{""_ecp_custom_3"":{""label"":""Food/Concessions"",""value"":""YES""}}",false,false,,,2026-05-27 11:58:23,2026-05-27 21:58:23,true,true,,,
2026-09-30T20:45:37Z,blaisdellcenter.com,https://blaisdellcenter.com/wp-json/tribe/events/v1/events,3,10006233,blaisdellcenter.com?id=10006233,Mamma Mia!,2027-07-07 19:30:00,2027-07-08 05:30:00,2027-07-07 22:00:00,2027-07-08 08:00:00,Pacific/Honolulu,false,false,publish,https://blaisdellcenter.com/event/mamma-mia/2027-07-07/,https://broadwayinhawaii.com,,,"{""currency_symbol"":""$"",""currency_code"":""USD"",""currency_position"":""prefix"",""values"":[]}","[{""id"":250,""name"":""Concert Hall"",""slug"":""concert-hall"",""parent"":0},{""id"":248,""name"":""Musical"",""slug"":""musical"",""parent"":0}]",[],"{""id"":111139,""global_id"":""blaisdellcenter.com?id=111139"",""venue"":""Concert Hall"",""address"":""777 Ward Ave"",""city"":""Honolulu"",""country"":""United States"",""state"":""HI"",""zip"":""96814"",""url"":""https://blaisdellcenter.com/venue/concert-hall/"",""show_map"":true,""show_map_link"":true}","[{""id"":111362,""global_id"":""blaisdellcenter.com?id=111362"",""organizer"":""MagicSpace"",""url"":""https://blaisdellcenter.com/organizer/magicspace/""}]","@ Season Tickets are on sale now! Please click on this link to get to the Season Tickets page. There are no SINGLE show tickets on sale at the moment. Please subscribe to our newsletter to be the first to know! MAMMA MIA! A mother. A daughter. 3 possible dads. And a trip down the aisle you’ll never forget! Set on a Greek island paradise where the sun always shines, a tale of love, friendship, and identity is beautifully told through the timeless hits of ABBA. On the eve of her wedding, a daughter’s quest to discover the father she’s never known brings three men from her mother’s past back to the island they last visited decades ago. For over 25 years, people all around the world have fallen in love with the characters, the story, and the music that make MAMMA MIA! the ultimate feel-good show. MagicSpace Details Date: Time: HST",,"{""url"":""https://blaisdellcenter.com/wp-content/uploads/2026/04/1200x628-mamma-mia-tour25-dates.jpg"",""id"":119958,""extension"":""jpg"",""width"":1200,""height"":628}","{""_ecp_custom_2"":{""label"":""Parking"",""value"":""$8""},""_ecp_custom_5"":{""label"":""Beer/Liquor"",""value"":""BOTH Beer & Liquor - YES""}}",false,false,,,2026-04-16 13:03:52,2026-04-16 23:03:52,true,true,,,
2026-09-30T20:45:37Z,blaisdellcenter.com,https://blaisdellcenter.com/wp-json/tribe/events/v1/events,3,10006234,blaisdellcenter.com?id=10006234,Mamma Mia!,2027-07-08 19:30:00,2027-07-09 05:30:00,2027-07-08 22:00:00,2027-07-09 08:00:00,Pacific/Honolulu,false,false,publish,https://blaisdellcenter.com/event/mamma-mia/2027-07-08/,https://broadwayinhawaii.com,,,"{""currency_symbol"":""$"",""currency_code"":""USD"",""currency_position"":""prefix"",""values"":[]}","[{""id"":250,""name"":""Concert Hall"",""slug"":""concert-hall"",""parent"":0},{""id"":248,""name"":""Musical"",""slug"":""musical"",""parent"":0}]",[],"{""id"":111139,""global_id"":""blaisdellcenter.com?id=111139"",""venue"":""Concert Hall"",""address"":""777 Ward Ave"",""city"":""Honolulu"",""country"":""United States"",""state"":""HI"",""zip"":""96814"",""url"":""https://blaisdellcenter.com/venue/concert-hall/"",""show_map"":true,""show_map_link"":true}","[{""id"":111362,""global_id"":""blaisdellcenter.com?id=111362"",""organizer"":""MagicSpace"",""url"":""https://blaisdellcenter.com/organizer/magicspace/""}]","@ Season Tickets are on sale now! Please click on this link to get to the Season Tickets page. There are no SINGLE show tickets on sale at the moment. Please subscribe to our newsletter to be the first to know! MAMMA MIA! A mother. A daughter. 3 possible dads. And a trip down the aisle you’ll never forget! Set on a Greek island paradise where the sun always shines, a tale of love, friendship, and identity is beautifully told through the timeless hits of ABBA. On the eve of her wedding, a daughter’s quest to discover the father she’s never known brings three men from her mother’s past back to the island they last visited decades ago. For over 25 years, people all around the world have fallen in love with the characters, the story, and the music that make MAMMA MIA! the ultimate feel-good show. MagicSpace Details Date: Time: HST",,"{""url"":""https://blaisdellcenter.com/wp-content/uploads/2026/04/1200x628-mamma-mia-tour25-dates.jpg"",""id"":119958,""extension"":""jpg"",""width"":1200,""height"":628}","{""_ecp_custom_2"":{""label"":""Parking"",""value"":""$8""},""_ecp_custom_5"":{""label"":""Beer/Liquor"",""value"":""BOTH Beer & Liquor - YES""}}",false,false,,,2026-04-16 13:03:52,2026-04-16 23:03:52,true,true,,,
2026-09-30T20:45:37Z,blaisdellcenter.com,https://blaisdellcenter.com/wp-json/tribe/events/v1/events,3,10006235,blaisdellcenter.com?id=10006235,Mamma Mia!,2027-07-09 19:30:00,2027-07-10 05:30:00,2027-07-09 22:00:00,2027-07-10 08:00:00,Pacific/Honolulu,false,false,publish,https://blaisdellcenter.com/event/mamma-mia/2027-07-09/,https://broadwayinhawaii.com,,,"{""currency_symbol"":""$"",""currency_code"":""USD"",""currency_position"":""prefix"",""values"":[]}","[{""id"":250,""name"":""Concert Hall"",""slug"":""concert-hall"",""parent"":0},{""id"":248,""name"":""Musical"",""slug"":""musical"",""parent"":0}]",[],"{""id"":111139,""global_id"":""blaisdellcenter.com?id=111139"",""venue"":""Concert Hall"",""address"":""777 Ward Ave"",""city"":""Honolulu"",""country"":""United States"",""state"":""HI"",""zip"":""96814"",""url"":""https://blaisdellcenter.com/venue/concert-hall/"",""show_map"":true,""show_map_link"":true}","[{""id"":111362,""global_id"":""blaisdellcenter.com?id=111362"",""organizer"":""MagicSpace"",""url"":""https://blaisdellcenter.com/organizer/magicspace/""}]","@ Season Tickets are on sale now! Please click on this link to get to the Season Tickets page. There are no SINGLE show tickets on sale at the moment. Please subscribe to our newsletter to be the first to know! MAMMA MIA! A mother. A daughter. 3 possible dads. And a trip down the aisle you’ll never forget! Set on a Greek island paradise where the sun always shines, a tale of love, friendship, and identity is beautifully told through the timeless hits of ABBA. On the eve of her wedding, a daughter’s quest to discover the father she’s never known brings three men from her mother’s past back to the island they last visited decades ago. For over 25 years, people all around the world have fallen in love with the characters, the story, and the music that make MAMMA MIA! the ultimate feel-good show. MagicSpace Details Date: Time: HST",,"{""url"":""https://blaisdellcenter.com/wp-content/uploads/2026/04/1200x628-mamma-mia-tour25-dates.jpg"",""id"":119958,""extension"":""jpg"",""width"":1200,""height"":628}","{""_ecp_custom_2"":{""label"":""Parking"",""value"":""$8""},""_ecp_custom_5"":{""label"":""Beer/Liquor"",""value"":""BOTH Beer & Liquor - YES""}}",false,false,,,2026-04-16 13:03:52,2026-04-16 23:03:52,true,true,,,
2026-09-30T20:45:37Z,blaisdellcenter.com,https://blaisdellcenter.com/wp-json/tribe/events/v1/events,3,10006240,blaisdellcenter.com?id=10006240,Mamma Mia!,2027-07-10 14:00:00,2027-07-11 00:00:00,2027-07-10 16:30:00,2027-07-11 02:30:00,Pacific/Honolulu,false,false,publish,https://blaisdellcenter.com/event/mamma-mia-2/2027-07-10/,https://broadwayinhawaii.com,,,"{""currency_symbol"":""$"",""currency_code"":""USD"",""currency_position"":""prefix"",""values"":[]}","[{""id"":250,""name"":""Concert Hall"",""slug"":""concert-hall"",""parent"":0},{""id"":248,""name"":""Musical"",""slug"":""musical"",""parent"":0}]",[],"{""id"":111139,""global_id"":""blaisdellcenter.com?id=111139"",""venue"":""Concert Hall"",""address"":""777 Ward Ave"",""city"":""Honolulu"",""country"":""United States"",""state"":""HI"",""zip"":""96814"",""url"":""https://blaisdellcenter.com/venue/concert-hall/"",""show_map"":true,""show_map_link"":true}","[{""id"":111362,""global_id"":""blaisdellcenter.com?id=111362"",""organizer"":""MagicSpace"",""url"":""https://blaisdellcenter.com/organizer/magicspace/""}]","@ Season Tickets are on sale now! Please click on this link to get to the Season Tickets page. There are no SINGLE show tickets on sale at the moment. Please subscribe to our newsletter to be the first to know! MAMMA MIA! A mother. A daughter. 3 possible dads. And a trip down the aisle you’ll never forget! Set on a Greek island paradise where the sun always shines, a tale of love, friendship, and identity is beautifully told through the timeless hits of ABBA. On the eve of her wedding, a daughter’s quest to discover the father she’s never known brings three men from her mother’s past back to the island they last visited decades ago. For over 25 years, people all around the world have fallen in love with the characters, the story, and the music that make MAMMA MIA! the ultimate feel-good show. MagicSpace Details Date: Time: HST",,"{""url"":""https://blaisdellcenter.com/wp-content/uploads/2026/04/1200x628-mamma-mia-tour25-dates.jpg"",""id"":119958,""extension"":""jpg"",""width"":1200,""height"":628}","{""_ecp_custom_2"":{""label"":""Parking"",""value"":""$8""},""_ecp_custom_5"":{""label"":""Beer/Liquor"",""value"":""BOTH Beer & Liquor - YES""}}",false,false,,,2026-04-16 12:59:20,2026-04-16 22:59:20,true,true,,,
2026-09-30T20:45:37Z,blaisdellcenter.com,https://blaisdellcenter.com/wp-json/tribe/events/v1/events,3,10006242,blaisdellcenter.com?id=10006242,Mamma Mia!,2027-07-10 20:00:00,2027-07-11 06:00:00,2027-07-10 22:30:00,2027-07-11 08:30:00,Pacific/Honolulu,false,false,publish,https://blaisdellcenter.com/event/mamma-mia-3/2027-07-10/,https://broadwayinhawaii.com,,,"{""currency_symbol"":""$"",""currency_code"":""USD"",""currency_position"":""prefix"",""values"":[]}","[{""id"":250,""name"":""Concert Hall"",""slug"":""concert-hall"",""parent"":0},{""id"":248,""name"":""Musical"",""slug"":""musical"",""parent"":0}]",[],"{""id"":111139,""global_id"":""blaisdellcenter.com?id=111139"",""venue"":""Concert Hall"",""address"":""777 Ward Ave"",""city"":""Honolulu"",""country"":""United States"",""state"":""HI"",""zip"":""96814"",""url"":""https://blaisdellcenter.com/venue/concert-hall/"",""show_map"":true,""show_map_link"":true}","[{""id"":111362,""global_id"":""blaisdellcenter.com?id=111362"",""organizer"":""MagicSpace"",""url"":""https://blaisdellcenter.com/organizer/magicspace/""}]","@ Season Tickets are on sale now! Please click on this link to get to the Season Tickets page. There are no SINGLE show tickets on sale at the moment. Please subscribe to our newsletter to be the first to know! MAMMA MIA! A mother. A daughter. 3 possible dads. And a trip down the aisle you’ll never forget! Set on a Greek island paradise where the sun always shines, a tale of love, friendship, and identity is beautifully told through the timeless hits of ABBA. On the eve of her wedding, a daughter’s quest to discover the father she’s never known brings three men from her mother’s past back to the island they last visited decades ago. For over 25 years, people all around the world have fallen in love with the characters, the story, and the music that make MAMMA MIA! the ultimate feel-good show. MagicSpace Details Date: Time: HST",,"{""url"":""https://blaisdellcenter.com/wp-content/uploads/2026/04/1200x628-mamma-mia-tour25-dates.jpg"",""id"":119958,""extension"":""jpg"",""width"":1200,""height"":628}","{""_ecp_custom_2"":{""label"":""Parking"",""value"":""$8""},""_ecp_custom_5"":{""label"":""Beer/Liquor"",""value"":""BOTH Beer & Liquor - YES""}}",false,false,,,2026-04-16 12:50:13,2026-04-16 22:50:13,true,true,,,
2026-09-30T20:45:37Z,blaisdellcenter.com,https://blaisdellcenter.com/wp-json/tribe/events/v1/events,3,10006244,blaisdellcenter.com?id=10006244,Mamma Mia!,2027-07-11 13:00:00,2027-07-11 23:00:00,2027-07-11 15:30:00,2027-07-12 01:30:00,Pacific/Honolulu,false,false,publish,https://blaisdellcenter.com/event/mamma-mia-4/2027-07-11/,https://broadwayinhawaii.com,,,"{""currency_symbol"":""$"",""currency_code"":""USD"",""currency_position"":""prefix"",""values"":[]}","[{""id"":250,""name"":""Concert Hall"",""slug"":""concert-hall"",""parent"":0},{""id"":248,""name"":""Musical"",""slug"":""musical"",""parent"":0}]",[],"{""id"":111139,""global_id"":""blaisdellcenter.com?id=111139"",""venue"":""Concert Hall"",""address"":""777 Ward Ave"",""city"":""Honolulu"",""country"":""United States"",""state"":""HI"",""zip"":""96814"",""url"":""https://blaisdellcenter.com/venue/concert-hall/"",""show_map"":true,""show_map_link"":true}","[{""id"":111362,""global_id"":""blaisdellcenter.com?id=111362"",""organizer"":""MagicSpace"",""url"":""https://blaisdellcenter.com/organizer/magicspace/""}]","@ Season Tickets are on sale now! Please click on this link to get to the Season Tickets page. There are no SINGLE show tickets on sale at the moment. Please subscribe to our newsletter to be the first to know! MAMMA MIA! A mother. A daughter. 3 possible dads. And a trip down the aisle you’ll never forget! Set on a Greek island paradise where the sun always shines, a tale of love, friendship, and identity is beautifully told through the timeless hits of ABBA. On the eve of her wedding, a daughter’s quest to discover the father she’s never known brings three men from her mother’s past back to the island they last visited decades ago. For over 25 years, people all around the world have fallen in love with the characters, the story, and the music that make MAMMA MIA! the ultimate feel-good show. MagicSpace Details Date: Time: HST",,"{""url"":""https://blaisdellcenter.com/wp-content/uploads/2026/04/1200x628-mamma-mia-tour25-dates.jpg"",""id"":119958,""extension"":""jpg"",""width"":1200,""height"":628}","{""_ecp_custom_2"":{""label"":""Parking"",""value"":""$8""},""_ecp_custom_5"":{""label"":""Beer/Liquor"",""value"":""BOTH Beer & Liquor - YES""}}",false,false,,,2026-04-16 16:11:21,2026-04-17 02:11:21,true,true,,,
2026-09-30T20:45:37Z,blaisdellcenter.com,https://blaisdellcenter.com/wp-json/tribe/events/v1/events,3,120683,blaisdellcenter.com?id=120683,Mamma Mia!,2027-07-11 18:30:00,2027-07-12 04:30:00,2027-07-11 21:00:00,2027-07-12 07:00:00,Pacific/Honolulu,false,false,publish,https://blaisdellcenter.com/event/mamma-mia-6/,https://broadwayinhawaii.com,,,"{""currency_symbol"":""$"",""currency_code"":""USD"",""currency_position"":""prefix"",""values"":[]}","[{""id"":250,""name"":""Concert Hall"",""slug"":""concert-hall"",""parent"":0},{""id"":248,""name"":""Musical"",""slug"":""musical"",""parent"":0}]",[],"{""id"":111139,""global_id"":""blaisdellcenter.com?id=111139"",""venue"":""Concert Hall"",""address"":""777 Ward Ave"",""city"":""Honolulu"",""country"":""United States"",""state"":""HI"",""zip"":""96814"",""url"":""https://blaisdellcenter.com/venue/concert-hall/"",""show_map"":true,""show_map_link"":true}","[{""id"":111362,""global_id"":""blaisdellcenter.com?id=111362"",""organizer"":""MagicSpace"",""url"":""https://blaisdellcenter.com/organizer/magicspace/""}]","@ Season Tickets are on sale now! Please click on this link to get to the Season Tickets page. There are no SINGLE show tickets on sale at the moment. Please subscribe to our newsletter to be the first to know! MAMMA MIA! A mother. A daughter. 3 possible dads. And a trip down the aisle you’ll never forget! Set on a Greek island paradise where the sun always shines, a tale of love, friendship, and identity is beautifully told through the timeless hits of ABBA. On the eve of her wedding, a daughter’s quest to discover the father she’s never known brings three men from her mother’s past back to the island they last visited decades ago. For over 25 years, people all around the world have fallen in love with the characters, the story, and the music that make MAMMA MIA! the ultimate feel-good show. Details Date: Time: HST",,"{""url"":""https://blaisdellcenter.com/wp-content/uploads/2026/04/1200x628-mamma-mia-tour25-dates.jpg"",""id"":119958,""extension"":""jpg"",""width"":1200,""height"":628}","{""_ecp_custom_2"":{""label"":""Parking"",""value"":""$8""},""_ecp_custom_5"":{""label"":""Beer/Liquor"",""value"":""BOTH Beer & Liquor - YES""}}",false,false,,,2026-04-16 18:12:54,2026-04-17 04:12:54,true,true,,,
2026-09-30T20:45:37Z,blaisdellcenter.com,https://blaisdellcenter.com/wp-json/tribe/events/v1/events,3,10006236,blaisdellcenter.com?id=10006236,Mamma Mia!,2027-07-13 19:30:00,2027-07-14 05:30:00,2027-07-13 22:00:00,2027-07-14 08:00:00,Pacific/Honolulu,false,false,publish,https://blaisdellcenter.com/event/mamma-mia/2027-07-13/,https://broadwayinhawaii.com,,,"{""currency_symbol"":""$"",""currency_code"":""USD"",""currency_position"":""prefix"",""values"":[]}","[{""id"":250,""name"":""Concert Hall"",""slug"":""concert-hall"",""parent"":0},{""id"":248,""name"":""Musical"",""slug"":""musical"",""parent"":0}]",[],"{""id"":111139,""global_id"":""blaisdellcenter.com?id=111139"",""venue"":""Concert Hall"",""address"":""777 Ward Ave"",""city"":""Honolulu"",""country"":""United States"",""state"":""HI"",""zip"":""96814"",""url"":""https://blaisdellcenter.com/venue/concert-hall/"",""show_map"":true,""show_map_link"":true}","[{""id"":111362,""global_id"":""blaisdellcenter.com?id=111362"",""organizer"":""MagicSpace"",""url"":""https://blaisdellcenter.com/organizer/magicspace/""}]","@ Season Tickets are on sale now! Please click on this link to get to the Season Tickets page. There are no SINGLE show tickets on sale at the moment. Please subscribe to our newsletter to be the first to know! MAMMA MIA! A mother. A daughter. 3 possible dads. And a trip down the aisle you’ll never forget! Set on a Greek island paradise where the sun always shines, a tale of love, friendship, and identity is beautifully told through the timeless hits of ABBA. On the eve of her wedding, a daughter’s quest to discover the father she’s never known brings three men from her mother’s past back to the island they last visited decades ago. For over 25 years, people all around the world have fallen in love with the characters, the story, and the music that make MAMMA MIA! the ultimate feel-good show. MagicSpace Details Date: Time: HST",,"{""url"":""https://blaisdellcenter.com/wp-content/uploads/2026/04/1200x628-mamma-mia-tour25-dates.jpg"",""id"":119958,""extension"":""jpg"",""width"":1200,""height"":628}","{""_ecp_custom_2"":{""label"":""Parking"",""value"":""$8""},""_ecp_custom_5"":{""label"":""Beer/Liquor"",""value"":""BOTH Beer & Liquor - YES""}}",false,false,,,2026-04-16 13:03:52,2026-04-16 23:03:52,true,true,,,
2026-09-30T20:45:37Z,blaisdellcenter.com,https://blaisdellcenter.com/wp-json/tribe/events/v1/events,3,10005935,blaisdellcenter.com?id=10005935,Farmers Market,2027-07-14 16:00:00,2027-07-15 02:00:00,2027-07-14 19:00:00,2027-07-15 05:00:00,Pacific/Honolulu,false,false,publish,https://blaisdellcenter.com/event/farmers-market/2027-07-14/,,,Free,"{""currency_symbol"":""$"",""currency_code"":""USD"",""currency_position"":""prefix"",""values"":[""free""]}","[{""id"":268,""name"":""Arena Parking Lot"",""slug"":""arena-parking-lot"",""parent"":0},{""id"":265,""name"":""Other"",""slug"":""other"",""parent"":0}]",[],"{""id"":111139,""global_id"":""blaisdellcenter.com?id=111139"",""venue"":""Concert Hall"",""address"":""777 Ward Ave"",""city"":""Honolulu"",""country"":""United States"",""state"":""HI"",""zip"":""96814"",""url"":""https://blaisdellcenter.com/venue/concert-hall/"",""show_map"":true,""show_map_link"":true}","[{""id"":111247,""global_id"":""blaisdellcenter.com?id=111247"",""organizer"":""Hawaii Farm Bureau"",""url"":""https://blaisdellcenter.com/organizer/hawaii-farm-bureau/""}]",@ Hawaii Farm Bureau logo The Farmers Market is at the Arena parking lot at the corner of Kapiolani Blvd and Ward Ave – unless otherwise noted.,,false,"{""_ecp_custom_3"":{""label"":""Food/Concessions"",""value"":""YES""}}",false,false,,,2026-05-27 11:58:23,2026-05-27 21:58:23,true,true,,,
2026-09-30T20:45:37Z,blaisdellcenter.com,https://blaisdellcenter.com/wp-json/tribe/events/v1/events,3,10006237,blaisdellcenter.com?id=10006237,Mamma Mia!,2027-07-14 19:30:00,2027-07-15 05:30:00,2027-07-14 22:00:00,2027-07-15 08:00:00,Pacific/Honolulu,false,false,publish,https://blaisdellcenter.com/event/mamma-mia/2027-07-14/,https://broadwayinhawaii.com,,,"{""currency_symbol"":""$"",""currency_code"":""USD"",""currency_position"":""prefix"",""values"":[]}","[{""id"":250,""name"":""Concert Hall"",""slug"":""concert-hall"",""parent"":0},{""id"":248,""name"":""Musical"",""slug"":""musical"",""parent"":0}]",[],"{""id"":111139,""global_id"":""blaisdellcenter.com?id=111139"",""venue"":""Concert Hall"",""address"":""777 Ward Ave"",""city"":""Honolulu"",""country"":""United States"",""state"":""HI"",""zip"":""96814"",""url"":""https://blaisdellcenter.com/venue/concert-hall/"",""show_map"":true,""show_map_link"":true}","[{""id"":111362,""global_id"":""blaisdellcenter.com?id=111362"",""organizer"":""MagicSpace"",""url"":""https://blaisdellcenter.com/organizer/magicspace/""}]","@ Season Tickets are on sale now! Please click on this link to get to the Season Tickets page. There are no SINGLE show tickets on sale at the moment. Please subscribe to our newsletter to be the first to know! MAMMA MIA! A mother. A daughter. 3 possible dads. And a trip down the aisle you’ll never forget! Set on a Greek island paradise where the sun always shines, a tale of love, friendship, and identity is beautifully told through the timeless hits of ABBA. On the eve of her wedding, a daughter’s quest to discover the father she’s never known brings three men from her mother’s past back to the island they last visited decades ago. For over 25 years, people all around the world have fallen in love with the characters, the story, and the music that make MAMMA MIA! the ultimate feel-good show. MagicSpace Details Date: Time: HST",,"{""url"":""https://blaisdellcenter.com/wp-content/uploads/2026/04/1200x628-mamma-mia-tour25-dates.jpg"",""id"":119958,""extension"":""jpg"",""width"":1200,""height"":628}","{""_ecp_custom_2"":{""label"":""Parking"",""value"":""$8""},""_ecp_custom_5"":{""label"":""Beer/Liquor"",""value"":""BOTH Beer & Liquor - YES""}}",false,false,,,2026-04-16 13:03:52,2026-04-16 23:03:52,true,true,,,
2026-09-30T20:45:37Z,blaisdellcenter.com,https://blaisdellcenter.com/wp-json/tribe/events/v1/events,3,10006238,blaisdellcenter.com?id=10006238,Mamma Mia!,2027-07-15 19:30:00,2027-07-16 05:30:00,2027-07-15 22:00:00,2027-07-16 08:00:00,Pacific/Honolulu,false,false,publish,https://blaisdellcenter.com/event/mamma-mia/2027-07-15/,https://broadwayinhawaii.com,,,"{""currency_symbol"":""$"",""currency_code"":""USD"",""currency_position"":""prefix"",""values"":[]}","[{""id"":250,""name"":""Concert Hall"",""slug"":""concert-hall"",""parent"":0},{""id"":248,""name"":""Musical"",""slug"":""musical"",""parent"":0}]",[],"{""id"":111139,""global_id"":""blaisdellcenter.com?id=111139"",""venue"":""Concert Hall"",""address"":""777 Ward Ave"",""city"":""Honolulu"",""country"":""United States"",""state"":""HI"",""zip"":""96814"",""url"":""https://blaisdellcenter.com/venue/concert-hall/"",""show_map"":true,""show_map_link"":true}","[{""id"":111362,""global_id"":""blaisdellcenter.com?id=111362"",""organizer"":""MagicSpace"",""url"":""https://blaisdellcenter.com/organizer/magicspace/""}]","@ Season Tickets are on sale now! Please click on this link to get to the Season Tickets page. There are no SINGLE show tickets on sale at the moment. Please subscribe to our newsletter to be the first to know! MAMMA MIA! A mother. A daughter. 3 possible dads. And a trip down the aisle you’ll never forget! Set on a Greek island paradise where the sun always shines, a tale of love, friendship, and identity is beautifully told through the timeless hits of ABBA. On the eve of her wedding, a daughter’s quest to discover the father she’s never known brings three men from her mother’s past back to the island they last visited decades ago. For over 25 years, people all around the world have fallen in love with the characters, the story, and the music that make MAMMA MIA! the ultimate feel-good show. MagicSpace Details Date: Time: HST",,"{""url"":""https://blaisdellcenter.com/wp-content/uploads/2026/04/1200x628-mamma-mia-tour25-dates.jpg"",""id"":119958,""extension"":""jpg"",""width"":1200,""height"":628}","{""_ecp_custom_2"":{""label"":""Parking"",""value"":""$8""},""_ecp_custom_5"":{""label"":""Beer/Liquor"",""value"":""BOTH Beer & Liquor - YES""}}",false,false,,,2026-04-16 13:03:52,2026-04-16 23:03:52,true,true,,,
2026-09-30T20:45:37Z,blaisdellcenter.com,https://blaisdellcenter.com/wp-json/tribe/events/v1/events,3,10006239,blaisdellcenter.com?id=10006239,Mamma Mia!,2027-07-16 19:30:00,2027-07-17 05:30:00,2027-07-16 22:00:00,2027-07-17 08:00:00,Pacific/Honolulu,false,false,publish,https://blaisdellcenter.com/event/mamma-mia/2027-07-16/,https://broadwayinhawaii.com,,,"{""currency_symbol"":""$"",""currency_code"":""USD"",""currency_position"":""prefix"",""values"":[]}","[{""id"":250,""name"":""Concert Hall"",""slug"":""concert-hall"",""parent"":0},{""id"":248,""name"":""Musical"",""slug"":""musical"",""parent"":0}]",[],"{""id"":111139,""global_id"":""blaisdellcenter.com?id=111139"",""venue"":""Concert Hall"",""address"":""777 Ward Ave"",""city"":""Honolulu"",""country"":""United States"",""state"":""HI"",""zip"":""96814"",""url"":""https://blaisdellcenter.com/venue/concert-hall/"",""show_map"":true,""show_map_link"":true}","[{""id"":111362,""global_id"":""blaisdellcenter.com?id=111362"",""organizer"":""MagicSpace"",""url"":""https://blaisdellcenter.com/organizer/magicspace/""}]","@ Season Tickets are on sale now! Please click on this link to get to the Season Tickets page. There are no SINGLE show tickets on sale at the moment. Please subscribe to our newsletter to be the first to know! MAMMA MIA! A mother. A daughter. 3 possible dads. And a trip down the aisle you’ll never forget! Set on a Greek island paradise where the sun always shines, a tale of love, friendship, and identity is beautifully told through the timeless hits of ABBA. On the eve of her wedding, a daughter’s quest to discover the father she’s never known brings three men from her mother’s past back to the island they last visited decades ago. For over 25 years, people all around the world have fallen in love with the characters, the story, and the music that make MAMMA MIA! the ultimate feel-good show. MagicSpace Details Date: Time: HST",,"{""url"":""https://blaisdellcenter.com/wp-content/uploads/2026/04/1200x628-mamma-mia-tour25-dates.jpg"",""id"":119958,""extension"":""jpg"",""width"":1200,""height"":628}","{""_ecp_custom_2"":{""label"":""Parking"",""value"":""$8""},""_ecp_custom_5"":{""label"":""Beer/Liquor"",""value"":""BOTH Beer & Liquor - YES""}}",false,false,,,2026-04-16 13:03:52,2026-04-16 23:03:52,true,true,,,
2026-09-30T20:45:37Z,blaisdellcenter.com,https://blaisdellcenter.com/wp-json/tribe/events/v1/events,3,10006241,blaisdellcenter.com?id=10006241,Mamma Mia!,2027-07-17 14:00:00,2027-07-18 00:00:00,2027-07-17 16:30:00,2027-07-18 02:30:00,Pacific/Honolulu,false,false,publish,https://blaisdellcenter.com/event/mamma-mia-2/2027-07-17/,https://broadwayinhawaii.com,,,"{""currency_symbol"":""$"",""currency_code"":""USD"",""currency_position"":""prefix"",""values"":[]}","[{""id"":250,""name"":""Concert Hall"",""slug"":""concert-hall"",""parent"":0},{""id"":248,""name"":""Musical"",""slug"":""musical"",""parent"":0}]",[],"{""id"":111139,""global_id"":""blaisdellcenter.com?id=111139"",""venue"":""Concert Hall"",""address"":""777 Ward Ave"",""city"":""Honolulu"",""country"":""United States"",""state"":""HI"",""zip"":""96814"",""url"":""https://blaisdellcenter.com/venue/concert-hall/"",""show_map"":true,""show_map_link"":true}","[{""id"":111362,""global_id"":""blaisdellcenter.com?id=111362"",""organizer"":""MagicSpace"",""url"":""https://blaisdellcenter.com/organizer/magicspace/""}]","@ Season Tickets are on sale now! Please click on this link to get to the Season Tickets page. There are no SINGLE show tickets on sale at the moment. Please subscribe to our newsletter to be the first to know! MAMMA MIA! A mother. A daughter. 3 possible dads. And a trip down the aisle you’ll never forget! Set on a Greek island paradise where the sun always shines, a tale of love, friendship, and identity is beautifully told through the timeless hits of ABBA. On the eve of her wedding, a daughter’s quest to discover the father she’s never known brings three men from her mother’s past back to the island they last visited decades ago. For over 25 years, people all around the world have fallen in love with the characters, the story, and the music that make MAMMA MIA! the ultimate feel-good show. MagicSpace Details Date: Time: HST",,"{""url"":""https://blaisdellcenter.com/wp-content/uploads/2026/04/1200x628-mamma-mia-tour25-dates.jpg"",""id"":119958,""extension"":""jpg"",""width"":1200,""height"":628}","{""_ecp_custom_2"":{""label"":""Parking"",""value"":""$8""},""_ecp_custom_5"":{""label"":""Beer/Liquor"",""value"":""BOTH Beer & Liquor - YES""}}",false,false,,,2026-04-16 12:59:20,2026-04-16 22:59:20,true,true,,,
2026-09-30T20:45:37Z,blaisdellcenter.com,https://blaisdellcenter.com/wp-json/tribe/events/v1/events,3,10006243,blaisdellcenter.com?id=10006243,Mamma Mia!,2027-07-17 20:00:00,2027-07-18 06:00:00,2027-07-17 22:30:00,2027-07-18 08:30:00,Pacific/Honolulu,false,false,publish,https://blaisdellcenter.com/event/mamma-mia-3/2027-07-17/,https://broadwayinhawaii.com,,,"{""currency_symbol"":""$"",""currency_code"":""USD"",""currency_position"":""prefix"",""values"":[]}","[{""id"":250,""name"":""Concert Hall"",""slug"":""concert-hall"",""parent"":0},{""id"":248,""name"":""Musical"",""slug"":""musical"",""parent"":0}]",[],"{""id"":111139,""global_id"":""blaisdellcenter.com?id=111139"",""venue"":""Concert Hall"",""address"":""777 Ward Ave"",""city"":""Honolulu"",""country"":""United States"",""state"":""HI"",""zip"":""96814"",""url"":""https://blaisdellcenter.com/venue/concert-hall/"",""show_map"":true,""show_map_link"":true}","[{""id"":111362,""global_id"":""blaisdellcenter.com?id=111362"",""organizer"":""MagicSpace"",""url"":""https://blaisdellcenter.com/organizer/magicspace/""}]","@ Season Tickets are on sale now! Please click on this link to get to the Season Tickets page. There are no SINGLE show tickets on sale at the moment. Please subscribe to our newsletter to be the first to know! MAMMA MIA! A mother. A daughter. 3 possible dads. And a trip down the aisle you’ll never forget! Set on a Greek island paradise where the sun always shines, a tale of love, friendship, and identity is beautifully told through the timeless hits of ABBA. On the eve of her wedding, a daughter’s quest to discover the father she’s never known brings three men from her mother’s past back to the island they last visited decades ago. For over 25 years, people all around the world have fallen in love with the characters, the story, and the music that make MAMMA MIA! the ultimate feel-good show. MagicSpace Details Date: Time: HST",,"{""url"":""https://blaisdellcenter.com/wp-content/uploads/2026/04/1200x628-mamma-mia-tour25-dates.jpg"",""id"":119958,""extension"":""jpg"",""width"":1200,""height"":628}","{""_ecp_custom_2"":{""label"":""Parking"",""value"":""$8""},""_ecp_custom_5"":{""label"":""Beer/Liquor"",""value"":""BOTH Beer & Liquor - YES""}}",false,false,,,2026-04-16 12:50:13,2026-04-16 22:50:13,true,true,,,
2026-09-30T20:45:37Z,blaisdellcenter.com,https://blaisdellcenter.com/wp-json/tribe/events/v1/events,3,10006245,blaisdellcenter.com?id=10006245,Mamma Mia!,2027-07-18 13:00:00,2027-07-18 23:00:00,2027-07-18 15:30:00,2027-07-19 01:30:00,Pacific/Honolulu,false,false,publish,https://blaisdellcenter.com/event/mamma-mia-4/2027-07-18/,https://broadwayinhawaii.com,,,"{""currency_symbol"":""$"",""currency_code"":""USD"",""currency_position"":""prefix"",""values"":[]}","[{""id"":250,""name"":""Concert Hall"",""slug"":""concert-hall"",""parent"":0},{""id"":248,""name"":""Musical"",""slug"":""musical"",""parent"":0}]",[],"{""id"":111139,""global_id"":""blaisdellcenter.com?id=111139"",""venue"":""Concert Hall"",""address"":""777 Ward Ave"",""city"":""Honolulu"",""country"":""United States"",""state"":""HI"",""zip"":""96814"",""url"":""https://blaisdellcenter.com/venue/concert-hall/"",""show_map"":true,""show_map_link"":true}","[{""id"":111362,""global_id"":""blaisdellcenter.com?id=111362"",""organizer"":""MagicSpace"",""url"":""https://blaisdellcenter.com/organizer/magicspace/""}]","@ Season Tickets are on sale now! Please click on this link to get to the Season Tickets page. There are no SINGLE show tickets on sale at the moment. Please subscribe to our newsletter to be the first to know! MAMMA MIA! A mother. A daughter. 3 possible dads. And a trip down the aisle you’ll never forget! Set on a Greek island paradise where the sun always shines, a tale of love, friendship, and identity is beautifully told through the timeless hits of ABBA. On the eve of her wedding, a daughter’s quest to discover the father she’s never known brings three men from her mother’s past back to the island they last visited decades ago. For over 25 years, people all around the world have fallen in love with the characters, the story, and the music that make MAMMA MIA! the ultimate feel-good show. MagicSpace Details Date: Time: HST",,"{""url"":""https://blaisdellcenter.com/wp-content/uploads/2026/04/1200x628-mamma-mia-tour25-dates.jpg"",""id"":119958,""extension"":""jpg"",""width"":1200,""height"":628}","{""_ecp_custom_2"":{""label"":""Parking"",""value"":""$8""},""_ecp_custom_5"":{""label"":""Beer/Liquor"",""value"":""BOTH Beer & Liquor - YES""}}",false,false,,,2026-04-16 16:11:21,2026-04-17 02:11:21,true,true,,,
2026-09-30T20:45:37Z,blaisdellcenter.com,https://blaisdellcenter.com/wp-json/tribe/events/v1/events,3,10006247,blaisdellcenter.com?id=10006247,Mamma Mia!,2027-07-18 18:30:00,2027-07-19 04:30:00,2027-07-18 21:00:00,2027-07-19 07:00:00,Pacific/Honolulu,false,false,publish,https://blaisdellcenter.com/event/mamma-mia-5/2027-07-18/,https://broadwayinhawaii.com,,,"{""currency_symbol"":""$"",""currency_code"":""USD"",""currency_position"":""prefix"",""values"":[]}","[{""id"":250,""name"":""Concert Hall"",""slug"":""concert-hall"",""parent"":0},{""id"":248,""name"":""Musical"",""slug"":""musical"",""parent"":0}]",[],"{""id"":111139,""global_id"":""blaisdellcenter.com?id=111139"",""venue"":""Concert Hall"",""address"":""777 Ward Ave"",""city"":""Honolulu"",""country"":""United States"",""state"":""HI"",""zip"":""96814"",""url"":""https://blaisdellcenter.com/venue/concert-hall/"",""show_map"":true,""show_map_link"":true}","[{""id"":111362,""global_id"":""blaisdellcenter.com?id=111362"",""organizer"":""MagicSpace"",""url"":""https://blaisdellcenter.com/organizer/magicspace/""}]","@ Season Tickets are on sale now! Please click on this link to get to the Season Tickets page. There are no SINGLE show tickets on sale at the moment. Please subscribe to our newsletter to be the first to know! MAMMA MIA! A mother. A daughter. 3 possible dads. And a trip down the aisle you’ll never forget! Set on a Greek island paradise where the sun always shines, a tale of love, friendship, and identity is beautifully told through the timeless hits of ABBA. On the eve of her wedding, a daughter’s quest to discover the father she’s never known brings three men from her mother’s past back to the island they last visited decades ago. For over 25 years, people all around the world have fallen in love with the characters, the story, and the music that make MAMMA MIA! the ultimate feel-good show. Details Date: Time: HST",,"{""url"":""https://blaisdellcenter.com/wp-content/uploads/2026/04/1200x628-mamma-mia-tour25-dates.jpg"",""id"":119958,""extension"":""jpg"",""width"":1200,""height"":628}","{""_ecp_custom_2"":{""label"":""Parking"",""value"":""$8""},""_ecp_custom_5"":{""label"":""Beer/Liquor"",""value"":""BOTH Beer & Liquor - YES""}}",false,false,,,2026-04-16 18:04:13,2026-04-17 04:04:13,true,true,,,
2026-09-30T20:45:37Z,blaisdellcenter.com,https://blaisdellcenter.com/wp-json/tribe/events/v1/events,3,10005936,blaisdellcenter.com?id=10005936,Farmers Market,2027-07-21 16:00:00,2027-07-22 02:00:00,2027-07-21 19:00:00,2027-07-22 05:00:00,Pacific/Honolulu,false,false,publish,https://blaisdellcenter.com/event/farmers-market/2027-07-21/,,,Free,"{""currency_symbol"":""$"",""currency_code"":""USD"",""currency_position"":""prefix"",""values"":[""free""]}","[{""id"":268,""name"":""Arena Parking Lot"",""slug"":""arena-parking-lot"",""parent"":0},{""id"":265,""name"":""Other"",""slug"":""other"",""parent"":0}]",[],"{""id"":111139,""global_id"":""blaisdellcenter.com?id=111139"",""venue"":""Concert Hall"",""address"":""777 Ward Ave"",""city"":""Honolulu"",""country"":""United States"",""state"":""HI"",""zip"":""96814"",""url"":""https://blaisdellcenter.com/venue/concert-hall/"",""show_map"":true,""show_map_link"":true}","[{""id"":111247,""global_id"":""blaisdellcenter.com?id=111247"",""organizer"":""Hawaii Farm Bureau"",""url"":""https://blaisdellcenter.com/organizer/hawaii-farm-bureau/""}]",@ Hawaii Farm Bureau logo The Farmers Market is at the Arena parking lot at the corner of Kapiolani Blvd and Ward Ave – unless otherwise noted.,,false,"{""_ecp_custom_3"":{""label"":""Food/Concessions"",""value"":""YES""}}",false,false,,,2026-05-27 11:58:23,2026-05-27 21:58:23,true,true,,,
2026-09-30T20:45:37Z,blaisdellcenter.com,https://blaisdellcenter.com/wp-json/tribe/events/v1/events,3,10005937,blaisdellcenter.com?id=10005937,Farmers Market,2027-07-28 16:00:00,2027-07-29 02:00:00,2027-07-28 19:00:00,2027-07-29 05:00:00,Pacific/Honolulu,false,false,publish,https://blaisdellcenter.com/event/farmers-market/2027-07-28/,,,Free,"{""currency_symbol"":""$"",""currency_code"":""USD"",""currency_position"":""prefix"",""values"":[""free""]}","[{""id"":268,""name"":""Arena Parking Lot"",""slug"":""arena-parking-lot"",""parent"":0},{""id"":265,""name"":""Other"",""slug"":""other"",""parent"":0}]",[],"{""id"":111139,""global_id"":""blaisdellcenter.com?id=111139"",""venue"":""Concert Hall"",""address"":""777 Ward Ave"",""city"":""Honolulu"",""country"":""United States"",""state"":""HI"",""zip"":""96814"",""url"":""https://blaisdellcenter.com/venue/concert-hall/"",""show_map"":true,""show_map_link"":true}","[{""id"":111247,""global_id"":""blaisdellcenter.com?id=111247"",""organizer"":""Hawaii Farm Bureau"",""url"":""https://blaisdellcenter.com/organizer/hawaii-farm-bureau/""}]",@ Hawaii Farm Bureau logo The Farmers Market is at the Arena parking lot at the corner of Kapiolani Blvd and Ward Ave – unless otherwise noted.,,false,"{""_ecp_custom_3"":{""label"":""Food/Concessions"",""value"":""YES""}}",false,false,,,2026-05-27 11:58:23,2026-05-27 21:58:23,true,true,,,
2026-09-30T20:45:37Z,blaisdellcenter.com,https://blaisdellcenter.com/wp-json/tribe/events/v1/events,3,10005938,blaisdellcenter.com?id=10005938,Farmers Market,2027-08-04 16:00:00,2027-08-05 02:00:00,2027-08-04 19:00:00,2027-08-05 05:00:00,Pacific/Honolulu,false,false,publish,https://blaisdellcenter.com/event/farmers-market/2027-08-04/,,,Free,"{""currency_symbol"":""$"",""currency_code"":""USD"",""currency_position"":""prefix"",""values"":[""free""]}","[{""id"":268,""name"":""Arena Parking Lot"",""slug"":""arena-parking-lot"",""parent"":0},{""id"":265,""name"":""Other"",""slug"":""other"",""parent"":0}]",[],"{""id"":111139,""global_id"":""blaisdellcenter.com?id=111139"",""venue"":""Concert Hall"",""address"":""777 Ward Ave"",""city"":""Honolulu"",""country"":""United States"",""state"":""HI"",""zip"":""96814"",""url"":""https://blaisdellcenter.com/venue/concert-hall/"",""show_map"":true,""show_map_link"":true}","[{""id"":111247,""global_id"":""blaisdellcenter.com?id=111247"",""organizer"":""Hawaii Farm Bureau"",""url"":""https://blaisdellcenter.com/organizer/hawaii-farm-bureau/""}]",@ Hawaii Farm Bureau logo The Farmers Market is at the Arena parking lot at the corner of Kapiolani Blvd and Ward Ave – unless otherwise noted.,,false,"{""_ecp_custom_3"":{""label"":""Food/Concessions"",""value"":""YES""}}",false,false,,,2026-05-27 11:58:23,2026-05-27 21:58:23,true,true,,,
2026-09-30T20:45:37Z,blaisdellcenter.com,https://blaisdellcenter.com/wp-json/tribe/events/v1/events,3,10005939,blaisdellcenter.com?id=10005939,Farmers Market,2027-08-11 16:00:00,2027-08-12 02:00:00,2027-08-11 19:00:00,2027-08-12 05:00:00,Pacific/Honolulu,false,false,publish,https://blaisdellcenter.com/event/farmers-market/2027-08-11/,,,Free,"{""currency_symbol"":""$"",""currency_code"":""USD"",""currency_position"":""prefix"",""values"":[""free""]}","[{""id"":268,""name"":""Arena Parking Lot"",""slug"":""arena-parking-lot"",""parent"":0},{""id"":265,""name"":""Other"",""slug"":""other"",""parent"":0}]",[],"{""id"":111139,""global_id"":""blaisdellcenter.com?id=111139"",""venue"":""Concert Hall"",""address"":""777 Ward Ave"",""city"":""Honolulu"",""country"":""United States"",""state"":""HI"",""zip"":""96814"",""url"":""https://blaisdellcenter.com/venue/concert-hall/"",""show_map"":true,""show_map_link"":true}","[{""id"":111247,""global_id"":""blaisdellcenter.com?id=111247"",""organizer"":""Hawaii Farm Bureau"",""url"":""https://blaisdellcenter.com/organizer/hawaii-farm-bureau/""}]",@ Hawaii Farm Bureau logo The Farmers Market is at the Arena parking lot at the corner of Kapiolani Blvd and Ward Ave – unless otherwise noted.,,false,"{""_ecp_custom_3"":{""label"":""Food/Concessions"",""value"":""YES""}}",false,false,,,2026-05-27 11:58:23,2026-05-27 21:58:23,true,true,,,
2026-09-30T20:45:37Z,blaisdellcenter.com,https://blaisdellcenter.com/wp-json/tribe/events/v1/events,3,10005940,blaisdellcenter.com?id=10005940,Farmers Market,2027-08-18 16:00:00,2027-08-19 02:00:00,2027-08-18 19:00:00,2027-08-19 05:00:00,Pacific/Honolulu,false,false,publish,https://blaisdellcenter.com/event/farmers-market/2027-08-18/,,,Free,"{""currency_symbol"":""$"",""currency_code"":""USD"",""currency_position"":""prefix"",""values"":[""free""]}","[{""id"":268,""name"":""Arena Parking Lot"",""slug"":""arena-parking-lot"",""parent"":0},{""id"":265,""name"":""Other"",""slug"":""other"",""parent"":0}]",[],"{""id"":111139,""global_id"":""blaisdellcenter.com?id=111139"",""venue"":""Concert Hall"",""address"":""777 Ward Ave"",""city"":""Honolulu"",""country"":""United States"",""state"":""HI"",""zip"":""96814"",""url"":""https://blaisdellcenter.com/venue/concert-hall/"",""show_map"":true,""show_map_link"":true}","[{""id"":111247,""global_id"":""blaisdellcenter.com?id=111247"",""organizer"":""Hawaii Farm Bureau"",""url"":""https://blaisdellcenter.com/organizer/hawaii-farm-bureau/""}]",@ Hawaii Farm Bureau logo The Farmers Market is at the Arena parking lot at the corner of Kapiolani Blvd and Ward Ave – unless otherwise noted.,,false,"{""_ecp_custom_3"":{""label"":""Food/Concessions"",""value"":""YES""}}",false,false,,,2026-05-27 11:58:23,2026-05-27 21:58:23,true,true,,,
2026-09-30T20:45:37Z,blaisdellcenter.com,https://blaisdellcenter.com/wp-json/tribe/events/v1/events,3,10005941,blaisdellcenter.com?id=10005941,Farmers Market,2027-08-25 16:00:00,2027-08-26 02:00:00,2027-08-25 19:00:00,2027-08-26 05:00:00,Pacific/Honolulu,false,false,publish,https://blaisdellcenter.com/event/farmers-market/2027-08-25/,,,Free,"{""currency_symbol"":""$"",""currency_code"":""USD"",""currency_position"":""prefix"",""values"":[""free""]}","[{""id"":268,""name"":""Arena Parking Lot"",""slug"":""arena-parking-lot"",""parent"":0},{""id"":265,""name"":""Other"",""slug"":""other"",""parent"":0}]",[],"{""id"":111139,""global_id"":""blaisdellcenter.com?id=111139"",""venue"":""Concert Hall"",""address"":""777 Ward Ave"",""city"":""Honolulu"",""country"":""United States"",""state"":""HI"",""zip"":""96814"",""url"":""https://blaisdellcenter.com/venue/concert-hall/"",""show_map"":true,""show_map_link"":true}","[{""id"":111247,""global_id"":""blaisdellcenter.com?id=111247"",""organizer"":""Hawaii Farm Bureau"",""url"":""https://blaisdellcenter.com/organizer/hawaii-farm-bureau/""}]",@ Hawaii Farm Bureau logo The Farmers Market is at the Arena parking lot at the corner of Kapiolani Blvd and Ward Ave – unless otherwise noted.,,false,"{""_ecp_custom_3"":{""label"":""Food/Concessions"",""value"":""YES""}}",false,false,,,2026-05-27 11:58:23,2026-05-27 21:58:23,true,true,,,
2026-09-30T20:45:37Z,blaisdellcenter.com,https://blaisdellcenter.com/wp-json/tribe/events/v1/events,3,10005942,blaisdellcenter.com?id=10005942,Farmers Market,2027-09-01 16:00:00,2027-09-02 02:00:00,2027-09-01 19:00:00,2027-09-02 05:00:00,Pacific/Honolulu,false,false,publish,https://blaisdellcenter.com/event/farmers-market/2027-09-01/,,,Free,"{""currency_symbol"":""$"",""currency_code"":""USD"",""currency_position"":""prefix"",""values"":[""free""]}","[{""id"":268,""name"":""Arena Parking Lot"",""slug"":""arena-parking-lot"",""parent"":0},{""id"":265,""name"":""Other"",""slug"":""other"",""parent"":0}]",[],"{""id"":111139,""global_id"":""blaisdellcenter.com?id=111139"",""venue"":""Concert Hall"",""address"":""777 Ward Ave"",""city"":""Honolulu"",""country"":""United States"",""state"":""HI"",""zip"":""96814"",""url"":""https://blaisdellcenter.com/venue/concert-hall/"",""show_map"":true,""show_map_link"":true}","[{""id"":111247,""global_id"":""blaisdellcenter.com?id=111247"",""organizer"":""Hawaii Farm Bureau"",""url"":""https://blaisdellcenter.com/organizer/hawaii-farm-bureau/""}]",@ Hawaii Farm Bureau logo The Farmers Market is at the Arena parking lot at the corner of Kapiolani Blvd and Ward Ave – unless otherwise noted.,,false,"{""_ecp_custom_3"":{""label"":""Food/Concessions"",""value"":""YES""}}",false,false,,,2026-05-27 11:58:23,2026-05-27 21:58:23,true,true,,,
2026-09-30T20:45:37Z,blaisdellcenter.com,https://blaisdellcenter.com/wp-json/tribe/events/v1/events,3,10005943,blaisdellcenter.com?id=10005943,Farmers Market,2027-09-08 16:00:00,2027-09-09 02:00:00,2027-09-08 19:00:00,2027-09-09 05:00:00,Pacific/Honolulu,false,false,publish,https://blaisdellcenter.com/event/farmers-market/2027-09-08/,,,Free,"{""currency_symbol"":""$"",""currency_code"":""USD"",""currency_position"":""prefix"",""values"":[""free""]}","[{""id"":268,""name"":""Arena Parking Lot"",""slug"":""arena-parking-lot"",""parent"":0},{""id"":265,""name"":""Other"",""slug"":""other"",""parent"":0}]",[],"{""id"":111139,""global_id"":""blaisdellcenter.com?id=111139"",""venue"":""Concert Hall"",""address"":""777 Ward Ave"",""city"":""Honolulu"",""country"":""United States"",""state"":""HI"",""zip"":""96814"",""url"":""https://blaisdellcenter.com/venue/concert-hall/"",""show_map"":true,""show_map_link"":true}","[{""id"":111247,""global_id"":""blaisdellcenter.com?id=111247"",""organizer"":""Hawaii Farm Bureau"",""url"":""https://blaisdellcenter.com/organizer/hawaii-farm-bureau/""}]",@ Hawaii Farm Bureau logo The Farmers Market is at the Arena parking lot at the corner of Kapiolani Blvd and Ward Ave – unless otherwise noted.,,false,"{""_ecp_custom_3"":{""label"":""Food/Concessions"",""value"":""YES""}}",false,false,,,2026-05-27 11:58:23,2026-05-27 21:58:23,true,true,,,
2026-09-30T20:45:37Z,blaisdellcenter.com,https://blaisdellcenter.com/wp-json/tribe/events/v1/events,3,10005944,blaisdellcenter.com?id=10005944,Farmers Market,2027-09-15 16:00:00,2027-09-16 02:00:00,2027-09-15 19:00:00,2027-09-16 05:00:00,Pacific/Honolulu,false,false,publish,https://blaisdellcenter.com/event/farmers-market/2027-09-15/,,,Free,"{""currency_symbol"":""$"",""currency_code"":""USD"",""currency_position"":""prefix"",""values"":[""free""]}","[{""id"":268,""name"":""Arena Parking Lot"",""slug"":""arena-parking-lot"",""parent"":0},{""id"":265,""name"":""Other"",""slug"":""other"",""parent"":0}]",[],"{""id"":111139,""global_id"":""blaisdellcenter.com?id=111139"",""venue"":""Concert Hall"",""address"":""777 Ward Ave"",""city"":""Honolulu"",""country"":""United States"",""state"":""HI"",""zip"":""96814"",""url"":""https://blaisdellcenter.com/venue/concert-hall/"",""show_map"":true,""show_map_link"":true}","[{""id"":111247,""global_id"":""blaisdellcenter.com?id=111247"",""organizer"":""Hawaii Farm Bureau"",""url"":""https://blaisdellcenter.com/organizer/hawaii-farm-bureau/""}]",@ Hawaii Farm Bureau logo The Farmers Market is at the Arena parking lot at the corner of Kapiolani Blvd and Ward Ave – unless otherwise noted.,,false,"{""_ecp_custom_3"":{""label"":""Food/Concessions"",""value"":""YES""}}",false,false,,,2026-05-27 11:58:23,2026-05-27 21:58:23,true,true,,,
2026-09-30T20:45:37Z,blaisdellcenter.com,https://blaisdellcenter.com/wp-json/tribe/events/v1/events,3,10005945,blaisdellcenter.com?id=10005945,Farmers Market,2027-09-22 16:00:00,2027-09-23 02:00:00,2027-09-22 19:00:00,2027-09-23 05:00:00,Pacific/Honolulu,false,false,publish,https://blaisdellcenter.com/event/farmers-market/2027-09-22/,,,Free,"{""currency_symbol"":""$"",""currency_code"":""USD"",""currency_position"":""prefix"",""values"":[""free""]}","[{""id"":268,""name"":""Arena Parking Lot"",""slug"":""arena-parking-lot"",""parent"":0},{""id"":265,""name"":""Other"",""slug"":""other"",""parent"":0}]",[],"{""id"":111139,""global_id"":""blaisdellcenter.com?id=111139"",""venue"":""Concert Hall"",""address"":""777 Ward Ave"",""city"":""Honolulu"",""country"":""United States"",""state"":""HI"",""zip"":""96814"",""url"":""https://blaisdellcenter.com/venue/concert-hall/"",""show_map"":true,""show_map_link"":true}","[{""id"":111247,""global_id"":""blaisdellcenter.com?id=111247"",""organizer"":""Hawaii Farm Bureau"",""url"":""https://blaisdellcenter.com/organizer/hawaii-farm-bureau/""}]",@ Hawaii Farm Bureau logo The Farmers Market is at the Arena parking lot at the corner of Kapiolani Blvd and Ward Ave – unless otherwise noted.,,false,"{""_ecp_custom_3"":{""label"":""Food/Concessions"",""value"":""YES""}}",false,false,,,2026-05-27 11:58:23,2026-05-27 21:58:23,true,true,,,
2026-09-30T20:45:37Z,blaisdellcenter.com,https://blaisdellcenter.com/wp-json/tribe/events/v1/events,3,10005946,blaisdellcenter.com?id=10005946,Farmers Market,2027-09-29 16:00:00,2027-09-30 02:00:00,2027-09-29 19:00:00,2027-09-30 05:00:00,Pacific/Honolulu,false,false,publish,https://blaisdellcenter.com/event/farmers-market/2027-09-29/,,,Free,"{""currency_symbol"":""$"",""currency_code"":""USD"",""currency_position"":""prefix"",""values"":[""free""]}","[{""id"":268,""name"":""Arena Parking Lot"",""slug"":""arena-parking-lot"",""parent"":0},{""id"":265,""name"":""Other"",""slug"":""other"",""parent"":0}]",[],"{""id"":111139,""global_id"":""blaisdellcenter.com?id=111139"",""venue"":""Concert Hall"",""address"":""777 Ward Ave"",""city"":""Honolulu"",""country"":""United States"",""state"":""HI"",""zip"":""96814"",""url"":""https://blaisdellcenter.com/venue/concert-hall/"",""show_map"":true,""show_map_link"":true}","[{""id"":111247,""global_id"":""blaisdellcenter.com?id=111247"",""organizer"":""Hawaii Farm Bureau"",""url"":""https://blaisdellcenter.com/organizer/hawaii-farm-bureau/""}]",@ Hawaii Farm Bureau logo The Farmers Market is at the Arena parking lot at the corner of Kapiolani Blvd and Ward Ave – unless otherwise noted.,,false,"{""_ecp_custom_3"":{""label"":""Food/Concessions"",""value"":""YES""}}",false,false,,,2026-05-27 11:58:23,2026-05-27 21:58:23,true,true,,,
2026-09-30T20:45:37Z,blaisdellcenter.com,https://blaisdellcenter.com/wp-json/tribe/events/v1/events,3,10005947,blaisdellcenter.com?id=10005947,Farmers Market,2027-10-06 16:00:00,2027-10-07 02:00:00,2027-10-06 19:00:00,2027-10-07 05:00:00,Pacific/Honolulu,false,false,publish,https://blaisdellcenter.com/event/farmers-market/2027-10-06/,,,Free,"{""currency_symbol"":""$"",""currency_code"":""USD"",""currency_position"":""prefix"",""values"":[""free""]}","[{""id"":268,""name"":""Arena Parking Lot"",""slug"":""arena-parking-lot"",""parent"":0},{""id"":265,""name"":""Other"",""slug"":""other"",""parent"":0}]",[],"{""id"":111139,""global_id"":""blaisdellcenter.com?id=111139"",""venue"":""Concert Hall"",""address"":""777 Ward Ave"",""city"":""Honolulu"",""country"":""United States"",""state"":""HI"",""zip"":""96814"",""url"":""https://blaisdellcenter.com/venue/concert-hall/"",""show_map"":true,""show_map_link"":true}","[{""id"":111247,""global_id"":""blaisdellcenter.com?id=111247"",""organizer"":""Hawaii Farm Bureau"",""url"":""https://blaisdellcenter.com/organizer/hawaii-farm-bureau/""}]",@ Hawaii Farm Bureau logo The Farmers Market is at the Arena parking lot at the corner of Kapiolani Blvd and Ward Ave – unless otherwise noted.,,false,"{""_ecp_custom_3"":{""label"":""Food/Concessions"",""value"":""YES""}}",false,false,,,2026-05-27 11:58:23,2026-05-27 21:58:23,true,true,,,
2026-09-30T20:45:37Z,blaisdellcenter.com,https://blaisdellcenter.com/wp-json/tribe/events/v1/events,3,10005948,blaisdellcenter.com?id=10005948,Farmers Market,2027-10-13 16:00:00,2027-10-14 02:00:00,2027-10-13 19:00:00,2027-10-14 05:00:00,Pacific/Honolulu,false,false,publish,https://blaisdellcenter.com/event/farmers-market/2027-10-13/,,,Free,"{""currency_symbol"":""$"",""currency_code"":""USD"",""currency_position"":""prefix"",""values"":[""free""]}","[{""id"":268,""name"":""Arena Parking Lot"",""slug"":""arena-parking-lot"",""parent"":0},{""id"":265,""name"":""Other"",""slug"":""other"",""parent"":0}]",[],"{""id"":111139,""global_id"":""blaisdellcenter.com?id=111139"",""venue"":""Concert Hall"",""address"":""777 Ward Ave"",""city"":""Honolulu"",""country"":""United States"",""state"":""HI"",""zip"":""96814"",""url"":""https://blaisdellcenter.com/venue/concert-hall/"",""show_map"":true,""show_map_link"":true}","[{""id"":111247,""global_id"":""blaisdellcenter.com?id=111247"",""organizer"":""Hawaii Farm Bureau"",""url"":""https://blaisdellcenter.com/organizer/hawaii-farm-bureau/""}]",@ Hawaii Farm Bureau logo The Farmers Market is at the Arena parking lot at the corner of Kapiolani Blvd and Ward Ave – unless otherwise noted.,,false,"{""_ecp_custom_3"":{""label"":""Food/Concessions"",""value"":""YES""}}",false,false,,,2026-05-27 11:58:23,2026-05-27 21:58:23,true,true,,,
2026-09-30T20:45:37Z,blaisdellcenter.com,https://blaisdellcenter.com/wp-json/tribe/events/v1/events,3,10005949,blaisdellcenter.com?id=10005949,Farmers Market,2027-10-20 16:00:00,2027-10-21 02:00:00,2027-10-20 19:00:00,2027-10-21 05:00:00,Pacific/Honolulu,false,false,publish,https://blaisdellcenter.com/event/farmers-market/2027-10-20/,,,Free,"{""currency_symbol"":""$"",""currency_code"":""USD"",""currency_position"":""prefix"",""values"":[""free""]}","[{""id"":268,""name"":""Arena Parking Lot"",""slug"":""arena-parking-lot"",""parent"":0},{""id"":265,""name"":""Other"",""slug"":""other"",""parent"":0}]",[],"{""id"":111139,""global_id"":""blaisdellcenter.com?id=111139"",""venue"":""Concert Hall"",""address"":""777 Ward Ave"",""city"":""Honolulu"",""country"":""United States"",""state"":""HI"",""zip"":""96814"",""url"":""https://blaisdellcenter.com/venue/concert-hall/"",""show_map"":true,""show_map_link"":true}","[{""id"":111247,""global_id"":""blaisdellcenter.com?id=111247"",""organizer"":""Hawaii Farm Bureau"",""url"":""https://blaisdellcenter.com/organizer/hawaii-farm-bureau/""}]",@ Hawaii Farm Bureau logo The Farmers Market is at the Arena parking lot at the corner of Kapiolani Blvd and Ward Ave – unless otherwise noted.,,false,"{""_ecp_custom_3"":{""label"":""Food/Concessions"",""value"":""YES""}}",false,false,,,2026-05-27 11:58:23,2026-05-27 21:58:23,true,true,,,
2026-09-30T20:45:37Z,blaisdellcenter.com,https://blaisdellcenter.com/wp-json/tribe/events/v1/events,3,10005950,blaisdellcenter.com?id=10005950,Farmers Market,2027-10-27 16:00:00,2027-10-28 02:00:00,2027-10-27 19:00:00,2027-10-28 05:00:00,Pacific/Honolulu,false,false,publish,https://blaisdellcenter.com/event/farmers-market/2027-10-27/,,,Free,"{""currency_symbol"":""$"",""currency_code"":""USD"",""currency_position"":""prefix"",""values"":[""free""]}","[{""id"":268,""name"":""Arena Parking Lot"",""slug"":""arena-parking-lot"",""parent"":0},{""id"":265,""name"":""Other"",""slug"":""other"",""parent"":0}]",[],"{""id"":111139,""global_id"":""blaisdellcenter.com?id=111139"",""venue"":""Concert Hall"",""address"":""777 Ward Ave"",""city"":""Honolulu"",""country"":""United States"",""state"":""HI"",""zip"":""96814"",""url"":""https://blaisdellcenter.com/venue/concert-hall/"",""show_map"":true,""show_map_link"":true}","[{""id"":111247,""global_id"":""blaisdellcenter.com?id=111247"",""organizer"":""Hawaii Farm Bureau"",""url"":""https://blaisdellcenter.com/organizer/hawaii-farm-bureau/""}]",@ Hawaii Farm Bureau logo The Farmers Market is at the Arena parking lot at the corner of Kapiolani Blvd and Ward Ave – unless otherwise noted.,,false,"{""_ecp_custom_3"":{""label"":""Food/Concessions"",""value"":""YES""}}",false,false,,,2026-05-27 11:58:23,2026-05-27 21:58:23,true,true,,,
2026-09-30T20:45:37Z,blaisdellcenter.com,https://blaisdellcenter.com/wp-json/tribe/events/v1/events,3,10005951,blaisdellcenter.com?id=10005951,Farmers Market,2027-11-03 16:00:00,2027-11-04 02:00:00,2027-11-03 19:00:00,2027-11-04 05:00:00,Pacific/Honolulu,false,false,publish,https://blaisdellcenter.com/event/farmers-market/2027-11-03/,,,Free,"{""currency_symbol"":""$"",""currency_code"":""USD"",""currency_position"":""prefix"",""values"":[""free""]}","[{""id"":268,""name"":""Arena Parking Lot"",""slug"":""arena-parking-lot"",""parent"":0},{""id"":265,""name"":""Other"",""slug"":""other"",""parent"":0}]",[],"{""id"":111139,""global_id"":""blaisdellcenter.com?id=111139"",""venue"":""Concert Hall"",""address"":""777 Ward Ave"",""city"":""Honolulu"",""country"":""United States"",""state"":""HI"",""zip"":""96814"",""url"":""https://blaisdellcenter.com/venue/concert-hall/"",""show_map"":true,""show_map_link"":true}","[{""id"":111247,""global_id"":""blaisdellcenter.com?id=111247"",""organizer"":""Hawaii Farm Bureau"",""url"":""https://blaisdellcenter.com/organizer/hawaii-farm-bureau/""}]",@ Hawaii Farm Bureau logo The Farmers Market is at the Arena parking lot at the corner of Kapiolani Blvd and Ward Ave – unless otherwise noted.,,false,"{""_ecp_custom_3"":{""label"":""Food/Concessions"",""value"":""YES""}}",false,false,,,2026-05-27 11:58:23,2026-05-27 21:58:23,true,true,,,
2026-09-30T20:45:37Z,blaisdellcenter.com,https://blaisdellcenter.com/wp-json/tribe/events/v1/events,3,10005952,blaisdellcenter.com?id=10005952,Farmers Market,2027-11-10 16:00:00,2027-11-11 02:00:00,2027-11-10 19:00:00,2027-11-11 05:00:00,Pacific/Honolulu,false,false,publish,https://blaisdellcenter.com/event/farmers-market/2027-11-10/,,,Free,"{""currency_symbol"":""$"",""currency_code"":""USD"",""currency_position"":""prefix"",""values"":[""free""]}","[{""id"":268,""name"":""Arena Parking Lot"",""slug"":""arena-parking-lot"",""parent"":0},{""id"":265,""name"":""Other"",""slug"":""other"",""parent"":0}]",[],"{""id"":111139,""global_id"":""blaisdellcenter.com?id=111139"",""venue"":""Concert Hall"",""address"":""777 Ward Ave"",""city"":""Honolulu"",""country"":""United States"",""state"":""HI"",""zip"":""96814"",""url"":""https://blaisdellcenter.com/venue/concert-hall/"",""show_map"":true,""show_map_link"":true}","[{""id"":111247,""global_id"":""blaisdellcenter.com?id=111247"",""organizer"":""Hawaii Farm Bureau"",""url"":""https://blaisdellcenter.com/organizer/hawaii-farm-bureau/""}]",@ Hawaii Farm Bureau logo The Farmers Market is at the Arena parking lot at the corner of Kapiolani Blvd and Ward Ave – unless otherwise noted.,,false,"{""_ecp_custom_3"":{""label"":""Food/Concessions"",""value"":""YES""}}",false,false,,,2026-05-27 11:58:23,2026-05-27 21:58:23,true,true,,,
2026-09-30T20:45:37Z,blaisdellcenter.com,https://blaisdellcenter.com/wp-json/tribe/events/v1/events,3,10005953,blaisdellcenter.com?id=10005953,Farmers Market,2027-11-17 16:00:00,2027-11-18 02:00:00,2027-11-17 19:00:00,2027-11-18 05:00:00,Pacific/Honolulu,false,false,publish,https://blaisdellcenter.com/event/farmers-market/2027-11-17/,,,Free,"{""currency_symbol"":""$"",""currency_code"":""USD"",""currency_position"":""prefix"",""values"":[""free""]}","[{""id"":268,""name"":""Arena Parking Lot"",""slug"":""arena-parking-lot"",""parent"":0},{""id"":265,""name"":""Other"",""slug"":""other"",""parent"":0}]",[],"{""id"":111139,""global_id"":""blaisdellcenter.com?id=111139"",""venue"":""Concert Hall"",""address"":""777 Ward Ave"",""city"":""Honolulu"",""country"":""United States"",""state"":""HI"",""zip"":""96814"",""url"":""https://blaisdellcenter.com/venue/concert-hall/"",""show_map"":true,""show_map_link"":true}","[{""id"":111247,""global_id"":""blaisdellcenter.com?id=111247"",""organizer"":""Hawaii Farm Bureau"",""url"":""https://blaisdellcenter.com/organizer/hawaii-farm-bureau/""}]",@ Hawaii Farm Bureau logo The Farmers Market is at the Arena parking lot at the corner of Kapiolani Blvd and Ward Ave – unless otherwise noted.,,false,"{""_ecp_custom_3"":{""label"":""Food/Concessions"",""value"":""YES""}}",false,false,,,2026-05-27 11:58:23,2026-05-27 21:58:23,true,true,,,
2026-09-30T20:45:37Z,blaisdellcenter.com,https://blaisdellcenter.com/wp-json/tribe/events/v1/events,3,10005954,blaisdellcenter.com?id=10005954,Farmers Market,2027-11-24 16:00:00,2027-11-25 02:00:00,2027-11-24 19:00:00,2027-11-25 05:00:00,Pacific/Honolulu,false,false,publish,https://blaisdellcenter.com/event/farmers-market/2027-11-24/,,,Free,"{""currency_symbol"":""$"",""currency_code"":""USD"",""currency_position"":""prefix"",""values"":[""free""]}","[{""id"":268,""name"":""Arena Parking Lot"",""slug"":""arena-parking-lot"",""parent"":0},{""id"":265,""name"":""Other"",""slug"":""other"",""parent"":0}]",[],"{""id"":111139,""global_id"":""blaisdellcenter.com?id=111139"",""venue"":""Concert Hall"",""address"":""777 Ward Ave"",""city"":""Honolulu"",""country"":""United States"",""state"":""HI"",""zip"":""96814"",""url"":""https://blaisdellcenter.com/venue/concert-hall/"",""show_map"":true,""show_map_link"":true}","[{""id"":111247,""global_id"":""blaisdellcenter.com?id=111247"",""organizer"":""Hawaii Farm Bureau"",""url"":""https://blaisdellcenter.com/organizer/hawaii-farm-bureau/""}]",@ Hawaii Farm Bureau logo The Farmers Market is at the Arena parking lot at the corner of Kapiolani Blvd and Ward Ave – unless otherwise noted.,,false,"{""_ecp_custom_3"":{""label"":""Food/Concessions"",""value"":""YES""}}",false,false,,,2026-05-27 11:58:23,2026-05-27 21:58:23,true,true,,,
2026-09-30T20:45:37Z,blaisdellcenter.com,https://blaisdellcenter.com/wp-json/tribe/events/v1/events,3,10005955,blaisdellcenter.com?id=10005955,Farmers Market,2027-12-01 16:00:00,2027-12-02 02:00:00,2027-12-01 19:00:00,2027-12-02 05:00:00,Pacific/Honolulu,false,false,publish,https://blaisdellcenter.com/event/farmers-market/2027-12-01/,,,Free,"{""currency_symbol"":""$"",""currency_code"":""USD"",""currency_position"":""prefix"",""values"":[""free""]}","[{""id"":268,""name"":""Arena Parking Lot"",""slug"":""arena-parking-lot"",""parent"":0},{""id"":265,""name"":""Other"",""slug"":""other"",""parent"":0}]",[],"{""id"":111139,""global_id"":""blaisdellcenter.com?id=111139"",""venue"":""Concert Hall"",""address"":""777 Ward Ave"",""city"":""Honolulu"",""country"":""United States"",""state"":""HI"",""zip"":""96814"",""url"":""https://blaisdellcenter.com/venue/concert-hall/"",""show_map"":true,""show_map_link"":true}","[{""id"":111247,""global_id"":""blaisdellcenter.com?id=111247"",""organizer"":""Hawaii Farm Bureau"",""url"":""https://blaisdellcenter.com/organizer/hawaii-farm-bureau/""}]",@ Hawaii Farm Bureau logo The Farmers Market is at the Arena parking lot at the corner of Kapiolani Blvd and Ward Ave – unless otherwise noted.,,false,"{""_ecp_custom_3"":{""label"":""Food/Concessions"",""value"":""YES""}}",false,false,,,2026-05-27 11:58:23,2026-05-27 21:58:23,true,true,,,
2026-09-30T20:45:37Z,blaisdellcenter.com,https://blaisdellcenter.com/wp-json/tribe/events/v1/events,3,10005956,blaisdellcenter.com?id=10005956,Farmers Market,2027-12-08 16:00:00,2027-12-09 02:00:00,2027-12-08 19:00:00,2027-12-09 05:00:00,Pacific/Honolulu,false,false,publish,https://blaisdellcenter.com/event/farmers-market/2027-12-08/,,,Free,"{""currency_symbol"":""$"",""currency_code"":""USD"",""currency_position"":""prefix"",""values"":[""free""]}","[{""id"":268,""name"":""Arena Parking Lot"",""slug"":""arena-parking-lot"",""parent"":0},{""id"":265,""name"":""Other"",""slug"":""other"",""parent"":0}]",[],"{""id"":111139,""global_id"":""blaisdellcenter.com?id=111139"",""venue"":""Concert Hall"",""address"":""777 Ward Ave"",""city"":""Honolulu"",""country"":""United States"",""state"":""HI"",""zip"":""96814"",""url"":""https://blaisdellcenter.com/venue/concert-hall/"",""show_map"":true,""show_map_link"":true}","[{""id"":111247,""global_id"":""blaisdellcenter.com?id=111247"",""organizer"":""Hawaii Farm Bureau"",""url"":""https://blaisdellcenter.com/organizer/hawaii-farm-bureau/""}]",@ Hawaii Farm Bureau logo The Farmers Market is at the Arena parking lot at the corner of Kapiolani Blvd and Ward Ave – unless otherwise noted.,,false,"{""_ecp_custom_3"":{""label"":""Food/Concessions"",""value"":""YES""}}",false,false,,,2026-05-27 11:58:23,2026-05-27 21:58:23,true,true,,,
2026-09-30T20:45:37Z,blaisdellcenter.com,https://blaisdellcenter.com/wp-json/tribe/events/v1/events,3,10005957,blaisdellcenter.com?id=10005957,Farmers Market,2027-12-15 16:00:00,2027-12-16 02:00:00,2027-12-15 19:00:00,2027-12-16 05:00:00,Pacific/Honolulu,false,false,publish,https://blaisdellcenter.com/event/farmers-market/2027-12-15/,,,Free,"{""currency_symbol"":""$"",""currency_code"":""USD"",""currency_position"":""prefix"",""values"":[""free""]}","[{""id"":268,""name"":""Arena Parking Lot"",""slug"":""arena-parking-lot"",""parent"":0},{""id"":265,""name"":""Other"",""slug"":""other"",""parent"":0}]",[],"{""id"":111139,""global_id"":""blaisdellcenter.com?id=111139"",""venue"":""Concert Hall"",""address"":""777 Ward Ave"",""city"":""Honolulu"",""country"":""United States"",""state"":""HI"",""zip"":""96814"",""url"":""https://blaisdellcenter.com/venue/concert-hall/"",""show_map"":true,""show_map_link"":true}","[{""id"":111247,""global_id"":""blaisdellcenter.com?id=111247"",""organizer"":""Hawaii Farm Bureau"",""url"":""https://blaisdellcenter.com/organizer/hawaii-farm-bureau/""}]",@ Hawaii Farm Bureau logo The Farmers Market is at the Arena parking lot at the corner of Kapiolani Blvd and Ward Ave – unless otherwise noted.,,false,"{""_ecp_custom_3"":{""label"":""Food/Concessions"",""value"":""YES""}}",false,false,,,2026-05-27 11:58:23,2026-05-27 21:58:23,true,true,,,
2026-09-30T20:45:37Z,blaisdellcenter.com,https://blaisdellcenter.com/wp-json/tribe/events/v1/events,3,10005958,blaisdellcenter.com?id=10005958,Farmers Market,2027-12-22 16:00:00,2027-12-23 02:00:00,2027-12-22 19:00:00,2027-12-23 05:00:00,Pacific/Honolulu,false,false,publish,https://blaisdellcenter.com/event/farmers-market/2027-12-22/,,,Free,"{""currency_symbol"":""$"",""currency_code"":""USD"",""currency_position"":""prefix"",""values"":[""free""]}","[{""id"":268,""name"":""Arena Parking Lot"",""slug"":""arena-parking-lot"",""parent"":0},{""id"":265,""name"":""Other"",""slug"":""other"",""parent"":0}]",[],"{""id"":111139,""global_id"":""blaisdellcenter.com?id=111139"",""venue"":""Concert Hall"",""address"":""777 Ward Ave"",""city"":""Honolulu"",""country"":""United States"",""state"":""HI"",""zip"":""96814"",""url"":""https://blaisdellcenter.com/venue/concert-hall/"",""show_map"":true,""show_map_link"":true}","[{""id"":111247,""global_id"":""blaisdellcenter.com?id=111247"",""organizer"":""Hawaii Farm Bureau"",""url"":""https://blaisdellcenter.com/organizer/hawaii-farm-bureau/""}]",@ Hawaii Farm Bureau logo The Farmers Market is at the Arena parking lot at the corner of Kapiolani Blvd and Ward Ave – unless otherwise noted.,,false,"{""_ecp_custom_3"":{""label"":""Food/Concessions"",""value"":""YES""}}",false,false,,,2026-05-27 11:58:23,2026-05-27 21:58:23,true,true,,,
2026-09-30T20:45:37Z,blaisdellcenter.com,https://blaisdellcenter.com/wp-json/tribe/events/v1/events,3,10005959,blaisdellcenter.com?id=10005959,Farmers Market,2027-12-29 16:00:00,2027-12-30 02:00:00,2027-12-29 19:00:00,2027-12-30 05:00:00,Pacific/Honolulu,false,false,publish,https://blaisdellcenter.com/event/farmers-market/2027-12-29/,,,Free,"{""currency_symbol"":""$"",""currency_code"":""USD"",""currency_position"":""prefix"",""values"":[""free""]}","[{""id"":268,""name"":""Arena Parking Lot"",""slug"":""arena-parking-lot"",""parent"":0},{""id"":265,""name"":""Other"",""slug"":""other"",""parent"":0}]",[],"{""id"":111139,""global_id"":""blaisdellcenter.com?id=111139"",""venue"":""Concert Hall"",""address"":""777 Ward Ave"",""city"":""Honolulu"",""country"":""United States"",""state"":""HI"",""zip"":""96814"",""url"":""https://blaisdellcenter.com/venue/concert-hall/"",""show_map"":true,""show_map_link"":true}","[{""id"":111247,""global_id"":""blaisdellcenter.com?id=111247"",""organizer"":""Hawaii Farm Bureau"",""url"":""https://blaisdellcenter.com/organizer/hawaii-farm-bureau/""}]",@ Hawaii Farm Bureau logo The Farmers Market is at the Arena parking lot at the corner of Kapiolani Blvd and Ward Ave – unless otherwise noted.,,false,"{""_ecp_custom_3"":{""label"":""Food/Concessions"",""value"":""YES""}}",false,false,,,2026-05-27 11:58:23,2026-05-27 21:58:23,true,true,,,
2026-09-30T20:45:37Z,blaisdellcenter.com,https://blaisdellcenter.com/wp-json/tribe/events/v1/events,4,10005960,blaisdellcenter.com?id=10005960,Farmers Market,2028-01-05 16:00:00,2028-01-06 02:00:00,2028-01-05 19:00:00,2028-01-06 05:00:00,Pacific/Honolulu,false,false,publish,https://blaisdellcenter.com/event/farmers-market/2028-01-05/,,,Free,"{""currency_symbol"":""$"",""currency_code"":""USD"",""currency_position"":""prefix"",""values"":[""free""]}","[{""id"":268,""name"":""Arena Parking Lot"",""slug"":""arena-parking-lot"",""parent"":0},{""id"":265,""name"":""Other"",""slug"":""other"",""parent"":0}]",[],"{""id"":111139,""global_id"":""blaisdellcenter.com?id=111139"",""venue"":""Concert Hall"",""address"":""777 Ward Ave"",""city"":""Honolulu"",""country"":""United States"",""state"":""HI"",""zip"":""96814"",""url"":""https://blaisdellcenter.com/venue/concert-hall/"",""show_map"":true,""show_map_link"":true}","[{""id"":111247,""global_id"":""blaisdellcenter.com?id=111247"",""organizer"":""Hawaii Farm Bureau"",""url"":""https://blaisdellcenter.com/organizer/hawaii-farm-bureau/""}]",@ Hawaii Farm Bureau logo The Farmers Market is at the Arena parking lot at the corner of Kapiolani Blvd and Ward Ave – unless otherwise noted.,,false,"{""_ecp_custom_3"":{""label"":""Food/Concessions"",""value"":""YES""}}",false,false,,,2026-05-27 11:58:23,2026-05-27 21:58:23,true,true,,,
2026-09-30T20:45:37Z,blaisdellcenter.com,https://blaisdellcenter.com/wp-json/tribe/events/v1/events,4,10005961,blaisdellcenter.com?id=10005961,Farmers Market,2028-01-12 16:00:00,2028-01-13 02:00:00,2028-01-12 19:00:00,2028-01-13 05:00:00,Pacific/Honolulu,false,false,publish,https://blaisdellcenter.com/event/farmers-market/2028-01-12/,,,Free,"{""currency_symbol"":""$"",""currency_code"":""USD"",""currency_position"":""prefix"",""values"":[""free""]}","[{""id"":268,""name"":""Arena Parking Lot"",""slug"":""arena-parking-lot"",""parent"":0},{""id"":265,""name"":""Other"",""slug"":""other"",""parent"":0}]",[],"{""id"":111139,""global_id"":""blaisdellcenter.com?id=111139"",""venue"":""Concert Hall"",""address"":""777 Ward Ave"",""city"":""Honolulu"",""country"":""United States"",""state"":""HI"",""zip"":""96814"",""url"":""https://blaisdellcenter.com/venue/concert-hall/"",""show_map"":true,""show_map_link"":true}","[{""id"":111247,""global_id"":""blaisdellcenter.com?id=111247"",""organizer"":""Hawaii Farm Bureau"",""url"":""https://blaisdellcenter.com/organizer/hawaii-farm-bureau/""}]",@ Hawaii Farm Bureau logo The Farmers Market is at the Arena parking lot at the corner of Kapiolani Blvd and Ward Ave – unless otherwise noted.,,false,"{""_ecp_custom_3"":{""label"":""Food/Concessions"",""value"":""YES""}}",false,false,,,2026-05-27 11:58:23,2026-05-27 21:58:23,true,true,,,
2026-09-30T20:45:37Z,blaisdellcenter.com,https://blaisdellcenter.com/wp-json/tribe/events/v1/events,4,10005962,blaisdellcenter.com?id=10005962,Farmers Market,2028-01-19 16:00:00,2028-01-20 02:00:00,2028-01-19 19:00:00,2028-01-20 05:00:00,Pacific/Honolulu,false,false,publish,https://blaisdellcenter.com/event/farmers-market/2028-01-19/,,,Free,"{""currency_symbol"":""$"",""currency_code"":""USD"",""currency_position"":""prefix"",""values"":[""free""]}","[{""id"":268,""name"":""Arena Parking Lot"",""slug"":""arena-parking-lot"",""parent"":0},{""id"":265,""name"":""Other"",""slug"":""other"",""parent"":0}]",[],"{""id"":111139,""global_id"":""blaisdellcenter.com?id=111139"",""venue"":""Concert Hall"",""address"":""777 Ward Ave"",""city"":""Honolulu"",""country"":""United States"",""state"":""HI"",""zip"":""96814"",""url"":""https://blaisdellcenter.com/venue/concert-hall/"",""show_map"":true,""show_map_link"":true}","[{""id"":111247,""global_id"":""blaisdellcenter.com?id=111247"",""organizer"":""Hawaii Farm Bureau"",""url"":""https://blaisdellcenter.com/organizer/hawaii-farm-bureau/""}]",@ Hawaii Farm Bureau logo The Farmers Market is at the Arena parking lot at the corner of Kapiolani Blvd and Ward Ave – unless otherwise noted.,,false,"{""_ecp_custom_3"":{""label"":""Food/Concessions"",""value"":""YES""}}",false,false,,,2026-05-27 11:58:23,2026-05-27 21:58:23,true,true,,,
2026-09-30T20:45:37Z,blaisdellcenter.com,https://blaisdellcenter.com/wp-json/tribe/events/v1/events,4,10005963,blaisdellcenter.com?id=10005963,Farmers Market,2028-01-26 16:00:00,2028-01-27 02:00:00,2028-01-26 19:00:00,2028-01-27 05:00:00,Pacific/Honolulu,false,false,publish,https://blaisdellcenter.com/event/farmers-market/2028-01-26/,,,Free,"{""currency_symbol"":""$"",""currency_code"":""USD"",""currency_position"":""prefix"",""values"":[""free""]}","[{""id"":268,""name"":""Arena Parking Lot"",""slug"":""arena-parking-lot"",""parent"":0},{""id"":265,""name"":""Other"",""slug"":""other"",""parent"":0}]",[],"{""id"":111139,""global_id"":""blaisdellcenter.com?id=111139"",""venue"":""Concert Hall"",""address"":""777 Ward Ave"",""city"":""Honolulu"",""country"":""United States"",""state"":""HI"",""zip"":""96814"",""url"":""https://blaisdellcenter.com/venue/concert-hall/"",""show_map"":true,""show_map_link"":true}","[{""id"":111247,""global_id"":""blaisdellcenter.com?id=111247"",""organizer"":""Hawaii Farm Bureau"",""url"":""https://blaisdellcenter.com/organizer/hawaii-farm-bureau/""}]",@ Hawaii Farm Bureau logo The Farmers Market is at the Arena parking lot at the corner of Kapiolani Blvd and Ward Ave – unless otherwise noted.,,false,"{""_ecp_custom_3"":{""label"":""Food/Concessions"",""value"":""YES""}}",false,false,,,2026-05-27 11:58:23,2026-05-27 21:58:23,true,true,,,
2026-09-30T20:45:37Z,blaisdellcenter.com,https://blaisdellcenter.com/wp-json/tribe/events/v1/events,4,10005964,blaisdellcenter.com?id=10005964,Farmers Market,2028-02-02 16:00:00,2028-02-03 02:00:00,2028-02-02 19:00:00,2028-02-03 05:00:00,Pacific/Honolulu,false,false,publish,https://blaisdellcenter.com/event/farmers-market/2028-02-02/,,,Free,"{""currency_symbol"":""$"",""currency_code"":""USD"",""currency_position"":""prefix"",""values"":[""free""]}","[{""id"":268,""name"":""Arena Parking Lot"",""slug"":""arena-parking-lot"",""parent"":0},{""id"":265,""name"":""Other"",""slug"":""other"",""parent"":0}]",[],"{""id"":111139,""global_id"":""blaisdellcenter.com?id=111139"",""venue"":""Concert Hall"",""address"":""777 Ward Ave"",""city"":""Honolulu"",""country"":""United States"",""state"":""HI"",""zip"":""96814"",""url"":""https://blaisdellcenter.com/venue/concert-hall/"",""show_map"":true,""show_map_link"":true}","[{""id"":111247,""global_id"":""blaisdellcenter.com?id=111247"",""organizer"":""Hawaii Farm Bureau"",""url"":""https://blaisdellcenter.com/organizer/hawaii-farm-bureau/""}]",@ Hawaii Farm Bureau logo The Farmers Market is at the Arena parking lot at the corner of Kapiolani Blvd and Ward Ave – unless otherwise noted.,,false,"{""_ecp_custom_3"":{""label"":""Food/Concessions"",""value"":""YES""}}",false,false,,,2026-05-27 11:58:23,2026-05-27 21:58:23,true,true,,,
2026-09-30T20:45:37Z,blaisdellcenter.com,https://blaisdellcenter.com/wp-json/tribe/events/v1/events,4,10005965,blaisdellcenter.com?id=10005965,Farmers Market,2028-02-09 16:00:00,2028-02-10 02:00:00,2028-02-09 19:00:00,2028-02-10 05:00:00,Pacific/Honolulu,false,false,publish,https://blaisdellcenter.com/event/farmers-market/2028-02-09/,,,Free,"{""currency_symbol"":""$"",""currency_code"":""USD"",""currency_position"":""prefix"",""values"":[""free""]}","[{""id"":268,""name"":""Arena Parking Lot"",""slug"":""arena-parking-lot"",""parent"":0},{""id"":265,""name"":""Other"",""slug"":""other"",""parent"":0}]",[],"{""id"":111139,""global_id"":""blaisdellcenter.com?id=111139"",""venue"":""Concert Hall"",""address"":""777 Ward Ave"",""city"":""Honolulu"",""country"":""United States"",""state"":""HI"",""zip"":""96814"",""url"":""https://blaisdellcenter.com/venue/concert-hall/"",""show_map"":true,""show_map_link"":true}","[{""id"":111247,""global_id"":""blaisdellcenter.com?id=111247"",""organizer"":""Hawaii Farm Bureau"",""url"":""https://blaisdellcenter.com/organizer/hawaii-farm-bureau/""}]",@ Hawaii Farm Bureau logo The Farmers Market is at the Arena parking lot at the corner of Kapiolani Blvd and Ward Ave – unless otherwise noted.,,false,"{""_ecp_custom_3"":{""label"":""Food/Concessions"",""value"":""YES""}}",false,false,,,2026-05-27 11:58:23,2026-05-27 21:58:23,true,true,,,
2026-09-30T20:45:37Z,blaisdellcenter.com,https://blaisdellcenter.com/wp-json/tribe/events/v1/events,4,10005966,blaisdellcenter.com?id=10005966,Farmers Market,2028-02-16 16:00:00,2028-02-17 02:00:00,2028-02-16 19:00:00,2028-02-17 05:00:00,Pacific/Honolulu,false,false,publish,https://blaisdellcenter.com/event/farmers-market/2028-02-16/,,,Free,"{""currency_symbol"":""$"",""currency_code"":""USD"",""currency_position"":""prefix"",""values"":[""free""]}","[{""id"":268,""name"":""Arena Parking Lot"",""slug"":""arena-parking-lot"",""parent"":0},{""id"":265,""name"":""Other"",""slug"":""other"",""parent"":0}]",[],"{""id"":111139,""global_id"":""blaisdellcenter.com?id=111139"",""venue"":""Concert Hall"",""address"":""777 Ward Ave"",""city"":""Honolulu"",""country"":""United States"",""state"":""HI"",""zip"":""96814"",""url"":""https://blaisdellcenter.com/venue/concert-hall/"",""show_map"":true,""show_map_link"":true}","[{""id"":111247,""global_id"":""blaisdellcenter.com?id=111247"",""organizer"":""Hawaii Farm Bureau"",""url"":""https://blaisdellcenter.com/organizer/hawaii-farm-bureau/""}]",@ Hawaii Farm Bureau logo The Farmers Market is at the Arena parking lot at the corner of Kapiolani Blvd and Ward Ave – unless otherwise noted.,,false,"{""_ecp_custom_3"":{""label"":""Food/Concessions"",""value"":""YES""}}",false,false,,,2026-05-27 11:58:23,2026-05-27 21:58:23,true,true,,,
2026-09-30T20:45:37Z,blaisdellcenter.com,https://blaisdellcenter.com/wp-json/tribe/events/v1/events,4,10005967,blaisdellcenter.com?id=10005967,Farmers Market,2028-02-23 16:00:00,2028-02-24 02:00:00,2028-02-23 19:00:00,2028-02-24 05:00:00,Pacific/Honolulu,false,false,publish,https://blaisdellcenter.com/event/farmers-market/2028-02-23/,,,Free,"{""currency_symbol"":""$"",""currency_code"":""USD"",""currency_position"":""prefix"",""values"":[""free""]}","[{""id"":268,""name"":""Arena Parking Lot"",""slug"":""arena-parking-lot"",""parent"":0},{""id"":265,""name"":""Other"",""slug"":""other"",""parent"":0}]",[],"{""id"":111139,""global_id"":""blaisdellcenter.com?id=111139"",""venue"":""Concert Hall"",""address"":""777 Ward Ave"",""city"":""Honolulu"",""country"":""United States"",""state"":""HI"",""zip"":""96814"",""url"":""https://blaisdellcenter.com/venue/concert-hall/"",""show_map"":true,""show_map_link"":true}","[{""id"":111247,""global_id"":""blaisdellcenter.com?id=111247"",""organizer"":""Hawaii Farm Bureau"",""url"":""https://blaisdellcenter.com/organizer/hawaii-farm-bureau/""}]",@ Hawaii Farm Bureau logo The Farmers Market is at the Arena parking lot at the corner of Kapiolani Blvd and Ward Ave – unless otherwise noted.,,false,"{""_ecp_custom_3"":{""label"":""Food/Concessions"",""value"":""YES""}}",false,false,,,2026-05-27 11:58:23,2026-05-27 21:58:23,true,true,,,
2026-09-30T20:45:37Z,blaisdellcenter.com,https://blaisdellcenter.com/wp-json/tribe/events/v1/events,4,10005968,blaisdellcenter.com?id=10005968,Farmers Market,2028-03-01 16:00:00,2028-03-02 02:00:00,2028-03-01 19:00:00,2028-03-02 05:00:00,Pacific/Honolulu,false,false,publish,https://blaisdellcenter.com/event/farmers-market/2028-03-01/,,,Free,"{""currency_symbol"":""$"",""currency_code"":""USD"",""currency_position"":""prefix"",""values"":[""free""]}","[{""id"":268,""name"":""Arena Parking Lot"",""slug"":""arena-parking-lot"",""parent"":0},{""id"":265,""name"":""Other"",""slug"":""other"",""parent"":0}]",[],"{""id"":111139,""global_id"":""blaisdellcenter.com?id=111139"",""venue"":""Concert Hall"",""address"":""777 Ward Ave"",""city"":""Honolulu"",""country"":""United States"",""state"":""HI"",""zip"":""96814"",""url"":""https://blaisdellcenter.com/venue/concert-hall/"",""show_map"":true,""show_map_link"":true}","[{""id"":111247,""global_id"":""blaisdellcenter.com?id=111247"",""organizer"":""Hawaii Farm Bureau"",""url"":""https://blaisdellcenter.com/organizer/hawaii-farm-bureau/""}]",@ Hawaii Farm Bureau logo The Farmers Market is at the Arena parking lot at the corner of Kapiolani Blvd and Ward Ave – unless otherwise noted.,,false,"{""_ecp_custom_3"":{""label"":""Food/Concessions"",""value"":""YES""}}",false,false,,,2026-05-27 11:58:23,2026-05-27 21:58:23,true,true,,,
2026-09-30T20:45:37Z,blaisdellcenter.com,https://blaisdellcenter.com/wp-json/tribe/events/v1/events,4,10005969,blaisdellcenter.com?id=10005969,Farmers Market,2028-03-08 16:00:00,2028-03-09 02:00:00,2028-03-08 19:00:00,2028-03-09 05:00:00,Pacific/Honolulu,false,false,publish,https://blaisdellcenter.com/event/farmers-market/2028-03-08/,,,Free,"{""currency_symbol"":""$"",""currency_code"":""USD"",""currency_position"":""prefix"",""values"":[""free""]}","[{""id"":268,""name"":""Arena Parking Lot"",""slug"":""arena-parking-lot"",""parent"":0},{""id"":265,""name"":""Other"",""slug"":""other"",""parent"":0}]",[],"{""id"":111139,""global_id"":""blaisdellcenter.com?id=111139"",""venue"":""Concert Hall"",""address"":""777 Ward Ave"",""city"":""Honolulu"",""country"":""United States"",""state"":""HI"",""zip"":""96814"",""url"":""https://blaisdellcenter.com/venue/concert-hall/"",""show_map"":true,""show_map_link"":true}","[{""id"":111247,""global_id"":""blaisdellcenter.com?id=111247"",""organizer"":""Hawaii Farm Bureau"",""url"":""https://blaisdellcenter.com/organizer/hawaii-farm-bureau/""}]",@ Hawaii Farm Bureau logo The Farmers Market is at the Arena parking lot at the corner of Kapiolani Blvd and Ward Ave – unless otherwise noted.,,false,"{""_ecp_custom_3"":{""label"":""Food/Concessions"",""value"":""YES""}}",false,false,,,2026-05-27 11:58:23,2026-05-27 21:58:23,true,true,,,
2026-09-30T20:45:37Z,blaisdellcenter.com,https://blaisdellcenter.com/wp-json/tribe/events/v1/events,4,10005970,blaisdellcenter.com?id=10005970,Farmers Market,2028-03-15 16:00:00,2028-03-16 02:00:00,2028-03-15 19:00:00,2028-03-16 05:00:00,Pacific/Honolulu,false,false,publish,https://blaisdellcenter.com/event/farmers-market/2028-03-15/,,,Free,"{""currency_symbol"":""$"",""currency_code"":""USD"",""currency_position"":""prefix"",""values"":[""free""]}","[{""id"":268,""name"":""Arena Parking Lot"",""slug"":""arena-parking-lot"",""parent"":0},{""id"":265,""name"":""Other"",""slug"":""other"",""parent"":0}]",[],"{""id"":111139,""global_id"":""blaisdellcenter.com?id=111139"",""venue"":""Concert Hall"",""address"":""777 Ward Ave"",""city"":""Honolulu"",""country"":""United States"",""state"":""HI"",""zip"":""96814"",""url"":""https://blaisdellcenter.com/venue/concert-hall/"",""show_map"":true,""show_map_link"":true}","[{""id"":111247,""global_id"":""blaisdellcenter.com?id=111247"",""organizer"":""Hawaii Farm Bureau"",""url"":""https://blaisdellcenter.com/organizer/hawaii-farm-bureau/""}]",@ Hawaii Farm Bureau logo The Farmers Market is at the Arena parking lot at the corner of Kapiolani Blvd and Ward Ave – unless otherwise noted.,,false,"{""_ecp_custom_3"":{""label"":""Food/Concessions"",""value"":""YES""}}",false,false,,,2026-05-27 11:58:23,2026-05-27 21:58:23,true,true,,,
2026-09-30T20:45:37Z,blaisdellcenter.com,https://blaisdellcenter.com/wp-json/tribe/events/v1/events,4,10005971,blaisdellcenter.com?id=10005971,Farmers Market,2028-03-22 16:00:00,2028-03-23 02:00:00,2028-03-22 19:00:00,2028-03-23 05:00:00,Pacific/Honolulu,false,false,publish,https://blaisdellcenter.com/event/farmers-market/2028-03-22/,,,Free,"{""currency_symbol"":""$"",""currency_code"":""USD"",""currency_position"":""prefix"",""values"":[""free""]}","[{""id"":268,""name"":""Arena Parking Lot"",""slug"":""arena-parking-lot"",""parent"":0},{""id"":265,""name"":""Other"",""slug"":""other"",""parent"":0}]",[],"{""id"":111139,""global_id"":""blaisdellcenter.com?id=111139"",""venue"":""Concert Hall"",""address"":""777 Ward Ave"",""city"":""Honolulu"",""country"":""United States"",""state"":""HI"",""zip"":""96814"",""url"":""https://blaisdellcenter.com/venue/concert-hall/"",""show_map"":true,""show_map_link"":true}","[{""id"":111247,""global_id"":""blaisdellcenter.com?id=111247"",""organizer"":""Hawaii Farm Bureau"",""url"":""https://blaisdellcenter.com/organizer/hawaii-farm-bureau/""}]",@ Hawaii Farm Bureau logo The Farmers Market is at the Arena parking lot at the corner of Kapiolani Blvd and Ward Ave – unless otherwise noted.,,false,"{""_ecp_custom_3"":{""label"":""Food/Concessions"",""value"":""YES""}}",false,false,,,2026-05-27 11:58:23,2026-05-27 21:58:23,true,true,,,
2026-09-30T20:45:37Z,blaisdellcenter.com,https://blaisdellcenter.com/wp-json/tribe/events/v1/events,4,10005972,blaisdellcenter.com?id=10005972,Farmers Market,2028-03-29 16:00:00,2028-03-30 02:00:00,2028-03-29 19:00:00,2028-03-30 05:00:00,Pacific/Honolulu,false,false,publish,https://blaisdellcenter.com/event/farmers-market/2028-03-29/,,,Free,"{""currency_symbol"":""$"",""currency_code"":""USD"",""currency_position"":""prefix"",""values"":[""free""]}","[{""id"":268,""name"":""Arena Parking Lot"",""slug"":""arena-parking-lot"",""parent"":0},{""id"":265,""name"":""Other"",""slug"":""other"",""parent"":0}]",[],"{""id"":111139,""global_id"":""blaisdellcenter.com?id=111139"",""venue"":""Concert Hall"",""address"":""777 Ward Ave"",""city"":""Honolulu"",""country"":""United States"",""state"":""HI"",""zip"":""96814"",""url"":""https://blaisdellcenter.com/venue/concert-hall/"",""show_map"":true,""show_map_link"":true}","[{""id"":111247,""global_id"":""blaisdellcenter.com?id=111247"",""organizer"":""Hawaii Farm Bureau"",""url"":""https://blaisdellcenter.com/organizer/hawaii-farm-bureau/""}]",@ Hawaii Farm Bureau logo The Farmers Market is at the Arena parking lot at the corner of Kapiolani Blvd and Ward Ave – unless otherwise noted.,,false,"{""_ecp_custom_3"":{""label"":""Food/Concessions"",""value"":""YES""}}",false,false,,,2026-05-27 11:58:23,2026-05-27 21:58:23,true,true,,,
2026-09-30T20:45:37Z,blaisdellcenter.com,https://blaisdellcenter.com/wp-json/tribe/events/v1/events,4,10005973,blaisdellcenter.com?id=10005973,Farmers Market,2028-04-05 16:00:00,2028-04-06 02:00:00,2028-04-05 19:00:00,2028-04-06 05:00:00,Pacific/Honolulu,false,false,publish,https://blaisdellcenter.com/event/farmers-market/2028-04-05/,,,Free,"{""currency_symbol"":""$"",""currency_code"":""USD"",""currency_position"":""prefix"",""values"":[""free""]}","[{""id"":268,""name"":""Arena Parking Lot"",""slug"":""arena-parking-lot"",""parent"":0},{""id"":265,""name"":""Other"",""slug"":""other"",""parent"":0}]",[],"{""id"":111139,""global_id"":""blaisdellcenter.com?id=111139"",""venue"":""Concert Hall"",""address"":""777 Ward Ave"",""city"":""Honolulu"",""country"":""United States"",""state"":""HI"",""zip"":""96814"",""url"":""https://blaisdellcenter.com/venue/concert-hall/"",""show_map"":true,""show_map_link"":true}","[{""id"":111247,""global_id"":""blaisdellcenter.com?id=111247"",""organizer"":""Hawaii Farm Bureau"",""url"":""https://blaisdellcenter.com/organizer/hawaii-farm-bureau/""}]",@ Hawaii Farm Bureau logo The Farmers Market is at the Arena parking lot at the corner of Kapiolani Blvd and Ward Ave – unless otherwise noted.,,false,"{""_ecp_custom_3"":{""label"":""Food/Concessions"",""value"":""YES""}}",false,false,,,2026-05-27 11:58:23,2026-05-27 21:58:23,true,true,,,
2026-09-30T20:45:37Z,blaisdellcenter.com,https://blaisdellcenter.com/wp-json/tribe/events/v1/events,4,10005974,blaisdellcenter.com?id=10005974,Farmers Market,2028-04-12 16:00:00,2028-04-13 02:00:00,2028-04-12 19:00:00,2028-04-13 05:00:00,Pacific/Honolulu,false,false,publish,https://blaisdellcenter.com/event/farmers-market/2028-04-12/,,,Free,"{""currency_symbol"":""$"",""currency_code"":""USD"",""currency_position"":""prefix"",""values"":[""free""]}","[{""id"":268,""name"":""Arena Parking Lot"",""slug"":""arena-parking-lot"",""parent"":0},{""id"":265,""name"":""Other"",""slug"":""other"",""parent"":0}]",[],"{""id"":111139,""global_id"":""blaisdellcenter.com?id=111139"",""venue"":""Concert Hall"",""address"":""777 Ward Ave"",""city"":""Honolulu"",""country"":""United States"",""state"":""HI"",""zip"":""96814"",""url"":""https://blaisdellcenter.com/venue/concert-hall/"",""show_map"":true,""show_map_link"":true}","[{""id"":111247,""global_id"":""blaisdellcenter.com?id=111247"",""organizer"":""Hawaii Farm Bureau"",""url"":""https://blaisdellcenter.com/organizer/hawaii-farm-bureau/""}]",@ Hawaii Farm Bureau logo The Farmers Market is at the Arena parking lot at the corner of Kapiolani Blvd and Ward Ave – unless otherwise noted.,,false,"{""_ecp_custom_3"":{""label"":""Food/Concessions"",""value"":""YES""}}",false,false,,,2026-05-27 11:58:23,2026-05-27 21:58:23,true,true,,,
2026-09-30T20:45:37Z,blaisdellcenter.com,https://blaisdellcenter.com/wp-json/tribe/events/v1/events,4,10005975,blaisdellcenter.com?id=10005975,Farmers Market,2028-04-19 16:00:00,2028-04-20 02:00:00,2028-04-19 19:00:00,2028-04-20 05:00:00,Pacific/Honolulu,false,false,publish,https://blaisdellcenter.com/event/farmers-market/2028-04-19/,,,Free,"{""currency_symbol"":""$"",""currency_code"":""USD"",""currency_position"":""prefix"",""values"":[""free""]}","[{""id"":268,""name"":""Arena Parking Lot"",""slug"":""arena-parking-lot"",""parent"":0},{""id"":265,""name"":""Other"",""slug"":""other"",""parent"":0}]",[],"{""id"":111139,""global_id"":""blaisdellcenter.com?id=111139"",""venue"":""Concert Hall"",""address"":""777 Ward Ave"",""city"":""Honolulu"",""country"":""United States"",""state"":""HI"",""zip"":""96814"",""url"":""https://blaisdellcenter.com/venue/concert-hall/"",""show_map"":true,""show_map_link"":true}","[{""id"":111247,""global_id"":""blaisdellcenter.com?id=111247"",""organizer"":""Hawaii Farm Bureau"",""url"":""https://blaisdellcenter.com/organizer/hawaii-farm-bureau/""}]",@ Hawaii Farm Bureau logo The Farmers Market is at the Arena parking lot at the corner of Kapiolani Blvd and Ward Ave – unless otherwise noted.,,false,"{""_ecp_custom_3"":{""label"":""Food/Concessions"",""value"":""YES""}}",false,false,,,2026-05-27 11:58:23,2026-05-27 21:58:23,true,true,,,
2026-09-30T20:45:37Z,blaisdellcenter.com,https://blaisdellcenter.com/wp-json/tribe/events/v1/events,4,10005976,blaisdellcenter.com?id=10005976,Farmers Market,2028-04-26 16:00:00,2028-04-27 02:00:00,2028-04-26 19:00:00,2028-04-27 05:00:00,Pacific/Honolulu,false,false,publish,https://blaisdellcenter.com/event/farmers-market/2028-04-26/,,,Free,"{""currency_symbol"":""$"",""currency_code"":""USD"",""currency_position"":""prefix"",""values"":[""free""]}","[{""id"":268,""name"":""Arena Parking Lot"",""slug"":""arena-parking-lot"",""parent"":0},{""id"":265,""name"":""Other"",""slug"":""other"",""parent"":0}]",[],"{""id"":111139,""global_id"":""blaisdellcenter.com?id=111139"",""venue"":""Concert Hall"",""address"":""777 Ward Ave"",""city"":""Honolulu"",""country"":""United States"",""state"":""HI"",""zip"":""96814"",""url"":""https://blaisdellcenter.com/venue/concert-hall/"",""show_map"":true,""show_map_link"":true}","[{""id"":111247,""global_id"":""blaisdellcenter.com?id=111247"",""organizer"":""Hawaii Farm Bureau"",""url"":""https://blaisdellcenter.com/organizer/hawaii-farm-bureau/""}]",@ Hawaii Farm Bureau logo The Farmers Market is at the Arena parking lot at the corner of Kapiolani Blvd and Ward Ave – unless otherwise noted.,,false,"{""_ecp_custom_3"":{""label"":""Food/Concessions"",""value"":""YES""}}",false,false,,,2026-05-27 11:58:23,2026-05-27 21:58:23,true,true,,,
2026-09-30T20:45:37Z,blaisdellcenter.com,https://blaisdellcenter.com/wp-json/tribe/events/v1/events,4,10005977,blaisdellcenter.com?id=10005977,Farmers Market,2028-05-03 16:00:00,2028-05-04 02:00:00,2028-05-03 19:00:00,2028-05-04 05:00:00,Pacific/Honolulu,false,false,publish,https://blaisdellcenter.com/event/farmers-market/2028-05-03/,,,Free,"{""currency_symbol"":""$"",""currency_code"":""USD"",""currency_position"":""prefix"",""values"":[""free""]}","[{""id"":268,""name"":""Arena Parking Lot"",""slug"":""arena-parking-lot"",""parent"":0},{""id"":265,""name"":""Other"",""slug"":""other"",""parent"":0}]",[],"{""id"":111139,""global_id"":""blaisdellcenter.com?id=111139"",""venue"":""Concert Hall"",""address"":""777 Ward Ave"",""city"":""Honolulu"",""country"":""United States"",""state"":""HI"",""zip"":""96814"",""url"":""https://blaisdellcenter.com/venue/concert-hall/"",""show_map"":true,""show_map_link"":true}","[{""id"":111247,""global_id"":""blaisdellcenter.com?id=111247"",""organizer"":""Hawaii Farm Bureau"",""url"":""https://blaisdellcenter.com/organizer/hawaii-farm-bureau/""}]",@ Hawaii Farm Bureau logo The Farmers Market is at the Arena parking lot at the corner of Kapiolani Blvd and Ward Ave – unless otherwise noted.,,false,"{""_ecp_custom_3"":{""label"":""Food/Concessions"",""value"":""YES""}}",false,false,,,2026-05-27 11:58:23,2026-05-27 21:58:23,true,true,,,
2026-09-30T20:45:37Z,blaisdellcenter.com,https://blaisdellcenter.com/wp-json/tribe/events/v1/events,4,10005978,blaisdellcenter.com?id=10005978,Farmers Market,2028-05-10 16:00:00,2028-05-11 02:00:00,2028-05-10 19:00:00,2028-05-11 05:00:00,Pacific/Honolulu,false,false,publish,https://blaisdellcenter.com/event/farmers-market/2028-05-10/,,,Free,"{""currency_symbol"":""$"",""currency_code"":""USD"",""currency_position"":""prefix"",""values"":[""free""]}","[{""id"":268,""name"":""Arena Parking Lot"",""slug"":""arena-parking-lot"",""parent"":0},{""id"":265,""name"":""Other"",""slug"":""other"",""parent"":0}]",[],"{""id"":111139,""global_id"":""blaisdellcenter.com?id=111139"",""venue"":""Concert Hall"",""address"":""777 Ward Ave"",""city"":""Honolulu"",""country"":""United States"",""state"":""HI"",""zip"":""96814"",""url"":""https://blaisdellcenter.com/venue/concert-hall/"",""show_map"":true,""show_map_link"":true}","[{""id"":111247,""global_id"":""blaisdellcenter.com?id=111247"",""organizer"":""Hawaii Farm Bureau"",""url"":""https://blaisdellcenter.com/organizer/hawaii-farm-bureau/""}]",@ Hawaii Farm Bureau logo The Farmers Market is at the Arena parking lot at the corner of Kapiolani Blvd and Ward Ave – unless otherwise noted.,,false,"{""_ecp_custom_3"":{""label"":""Food/Concessions"",""value"":""YES""}}",false,false,,,2026-05-27 11:58:23,2026-05-27 21:58:23,true,true,,,
2026-09-30T20:45:37Z,blaisdellcenter.com,https://blaisdellcenter.com/wp-json/tribe/events/v1/events,4,10005979,blaisdellcenter.com?id=10005979,Farmers Market,2028-05-17 16:00:00,2028-05-18 02:00:00,2028-05-17 19:00:00,2028-05-18 05:00:00,Pacific/Honolulu,false,false,publish,https://blaisdellcenter.com/event/farmers-market/2028-05-17/,,,Free,"{""currency_symbol"":""$"",""currency_code"":""USD"",""currency_position"":""prefix"",""values"":[""free""]}","[{""id"":268,""name"":""Arena Parking Lot"",""slug"":""arena-parking-lot"",""parent"":0},{""id"":265,""name"":""Other"",""slug"":""other"",""parent"":0}]",[],"{""id"":111139,""global_id"":""blaisdellcenter.com?id=111139"",""venue"":""Concert Hall"",""address"":""777 Ward Ave"",""city"":""Honolulu"",""country"":""United States"",""state"":""HI"",""zip"":""96814"",""url"":""https://blaisdellcenter.com/venue/concert-hall/"",""show_map"":true,""show_map_link"":true}","[{""id"":111247,""global_id"":""blaisdellcenter.com?id=111247"",""organizer"":""Hawaii Farm Bureau"",""url"":""https://blaisdellcenter.com/organizer/hawaii-farm-bureau/""}]",@ Hawaii Farm Bureau logo The Farmers Market is at the Arena parking lot at the corner of Kapiolani Blvd and Ward Ave – unless otherwise noted.,,false,"{""_ecp_custom_3"":{""label"":""Food/Concessions"",""value"":""YES""}}",false,false,,,2026-05-27 11:58:23,2026-05-27 21:58:23,true,true,,,
2026-09-30T20:45:37Z,blaisdellcenter.com,https://blaisdellcenter.com/wp-json/tribe/events/v1/events,4,10005980,blaisdellcenter.com?id=10005980,Farmers Market,2028-05-24 16:00:00,2028-05-25 02:00:00,2028-05-24 19:00:00,2028-05-25 05:00:00,Pacific/Honolulu,false,false,publish,https://blaisdellcenter.com/event/farmers-market/2028-05-24/,,,Free,"{""currency_symbol"":""$"",""currency_code"":""USD"",""currency_position"":""prefix"",""values"":[""free""]}","[{""id"":268,""name"":""Arena Parking Lot"",""slug"":""arena-parking-lot"",""parent"":0},{""id"":265,""name"":""Other"",""slug"":""other"",""parent"":0}]",[],"{""id"":111139,""global_id"":""blaisdellcenter.com?id=111139"",""venue"":""Concert Hall"",""address"":""777 Ward Ave"",""city"":""Honolulu"",""country"":""United States"",""state"":""HI"",""zip"":""96814"",""url"":""https://blaisdellcenter.com/venue/concert-hall/"",""show_map"":true,""show_map_link"":true}","[{""id"":111247,""global_id"":""blaisdellcenter.com?id=111247"",""organizer"":""Hawaii Farm Bureau"",""url"":""https://blaisdellcenter.com/organizer/hawaii-farm-bureau/""}]",@ Hawaii Farm Bureau logo The Farmers Market is at the Arena parking lot at the corner of Kapiolani Blvd and Ward Ave – unless otherwise noted.,,false,"{""_ecp_custom_3"":{""label"":""Food/Concessions"",""value"":""YES""}}",false,false,,,2026-05-27 11:58:23,2026-05-27 21:58:23,true,true,,,
2026-09-30T20:45:37Z,blaisdellcenter.com,https://blaisdellcenter.com/wp-json/tribe/events/v1/events,4,10005981,blaisdellcenter.com?id=10005981,Farmers Market,2028-05-31 16:00:00,2028-06-01 02:00:00,2028-05-31 19:00:00,2028-06-01 05:00:00,Pacific/Honolulu,false,false,publish,https://blaisdellcenter.com/event/farmers-market/2028-05-31/,,,Free,"{""currency_symbol"":""$"",""currency_code"":""USD"",""currency_position"":""prefix"",""values"":[""free""]}","[{""id"":268,""name"":""Arena Parking Lot"",""slug"":""arena-parking-lot"",""parent"":0},{""id"":265,""name"":""Other"",""slug"":""other"",""parent"":0}]",[],"{""id"":111139,""global_id"":""blaisdellcenter.com?id=111139"",""venue"":""Concert Hall"",""address"":""777 Ward Ave"",""city"":""Honolulu"",""country"":""United States"",""state"":""HI"",""zip"":""96814"",""url"":""https://blaisdellcenter.com/venue/concert-hall/"",""show_map"":true,""show_map_link"":true}","[{""id"":111247,""global_id"":""blaisdellcenter.com?id=111247"",""organizer"":""Hawaii Farm Bureau"",""url"":""https://blaisdellcenter.com/organizer/hawaii-farm-bureau/""}]",@ Hawaii Farm Bureau logo The Farmers Market is at the Arena parking lot at the corner of Kapiolani Blvd and Ward Ave – unless otherwise noted.,,false,"{""_ecp_custom_3"":{""label"":""Food/Concessions"",""value"":""YES""}}",false,false,,,2026-05-27 11:58:23,2026-05-27 21:58:23,true,true,,,
2026-09-30T20:45:37Z,blaisdellcenter.com,https://blaisdellcenter.com/wp-json/tribe/events/v1/events,4,10005982,blaisdellcenter.com?id=10005982,Farmers Market,2028-06-07 16:00:00,2028-06-08 02:00:00,2028-06-07 19:00:00,2028-06-08 05:00:00,Pacific/Honolulu,false,false,publish,https://blaisdellcenter.com/event/farmers-market/2028-06-07/,,,Free,"{""currency_symbol"":""$"",""currency_code"":""USD"",""currency_position"":""prefix"",""values"":[""free""]}","[{""id"":268,""name"":""Arena Parking Lot"",""slug"":""arena-parking-lot"",""parent"":0},{""id"":265,""name"":""Other"",""slug"":""other"",""parent"":0}]",[],"{""id"":111139,""global_id"":""blaisdellcenter.com?id=111139"",""venue"":""Concert Hall"",""address"":""777 Ward Ave"",""city"":""Honolulu"",""country"":""United States"",""state"":""HI"",""zip"":""96814"",""url"":""https://blaisdellcenter.com/venue/concert-hall/"",""show_map"":true,""show_map_link"":true}","[{""id"":111247,""global_id"":""blaisdellcenter.com?id=111247"",""organizer"":""Hawaii Farm Bureau"",""url"":""https://blaisdellcenter.com/organizer/hawaii-farm-bureau/""}]",@ Hawaii Farm Bureau logo The Farmers Market is at the Arena parking lot at the corner of Kapiolani Blvd and Ward Ave – unless otherwise noted.,,false,"{""_ecp_custom_3"":{""label"":""Food/Concessions"",""value"":""YES""}}",false,false,,,2026-05-27 11:58:23,2026-05-27 21:58:23,true,true,,,
2026-09-30T20:45:37Z,blaisdellcenter.com,https://blaisdellcenter.com/wp-json/tribe/events/v1/events,4,10005983,blaisdellcenter.com?id=10005983,Farmers Market,2028-06-14 16:00:00,2028-06-15 02:00:00,2028-06-14 19:00:00,2028-06-15 05:00:00,Pacific/Honolulu,false,false,publish,https://blaisdellcenter.com/event/farmers-market/2028-06-14/,,,Free,"{""currency_symbol"":""$"",""currency_code"":""USD"",""currency_position"":""prefix"",""values"":[""free""]}","[{""id"":268,""name"":""Arena Parking Lot"",""slug"":""arena-parking-lot"",""parent"":0},{""id"":265,""name"":""Other"",""slug"":""other"",""parent"":0}]",[],"{""id"":111139,""global_id"":""blaisdellcenter.com?id=111139"",""venue"":""Concert Hall"",""address"":""777 Ward Ave"",""city"":""Honolulu"",""country"":""United States"",""state"":""HI"",""zip"":""96814"",""url"":""https://blaisdellcenter.com/venue/concert-hall/"",""show_map"":true,""show_map_link"":true}","[{""id"":111247,""global_id"":""blaisdellcenter.com?id=111247"",""organizer"":""Hawaii Farm Bureau"",""url"":""https://blaisdellcenter.com/organizer/hawaii-farm-bureau/""}]",@ Hawaii Farm Bureau logo The Farmers Market is at the Arena parking lot at the corner of Kapiolani Blvd and Ward Ave – unless otherwise noted.,,false,"{""_ecp_custom_3"":{""label"":""Food/Concessions"",""value"":""YES""}}",false,false,,,2026-05-27 11:58:23,2026-05-27 21:58:23,true,true,,,
2026-09-30T20:45:37Z,blaisdellcenter.com,https://blaisdellcenter.com/wp-json/tribe/events/v1/events,4,10005984,blaisdellcenter.com?id=10005984,Farmers Market,2028-06-21 16:00:00,2028-06-22 02:00:00,2028-06-21 19:00:00,2028-06-22 05:00:00,Pacific/Honolulu,false,false,publish,https://blaisdellcenter.com/event/farmers-market/2028-06-21/,,,Free,"{""currency_symbol"":""$"",""currency_code"":""USD"",""currency_position"":""prefix"",""values"":[""free""]}","[{""id"":268,""name"":""Arena Parking Lot"",""slug"":""arena-parking-lot"",""parent"":0},{""id"":265,""name"":""Other"",""slug"":""other"",""parent"":0}]",[],"{""id"":111139,""global_id"":""blaisdellcenter.com?id=111139"",""venue"":""Concert Hall"",""address"":""777 Ward Ave"",""city"":""Honolulu"",""country"":""United States"",""state"":""HI"",""zip"":""96814"",""url"":""https://blaisdellcenter.com/venue/concert-hall/"",""show_map"":true,""show_map_link"":true}","[{""id"":111247,""global_id"":""blaisdellcenter.com?id=111247"",""organizer"":""Hawaii Farm Bureau"",""url"":""https://blaisdellcenter.com/organizer/hawaii-farm-bureau/""}]",@ Hawaii Farm Bureau logo The Farmers Market is at the Arena parking lot at the corner of Kapiolani Blvd and Ward Ave – unless otherwise noted.,,false,"{""_ecp_custom_3"":{""label"":""Food/Concessions"",""value"":""YES""}}",false,false,,,2026-05-27 11:58:23,2026-05-27 21:58:23,true,true,,,
2026-09-30T20:45:37Z,blaisdellcenter.com,https://blaisdellcenter.com/wp-json/tribe/events/v1/events,4,10005985,blaisdellcenter.com?id=10005985,Farmers Market,2028-06-28 16:00:00,2028-06-29 02:00:00,2028-06-28 19:00:00,2028-06-29 05:00:00,Pacific/Honolulu,false,false,publish,https://blaisdellcenter.com/event/farmers-market/2028-06-28/,,,Free,"{""currency_symbol"":""$"",""currency_code"":""USD"",""currency_position"":""prefix"",""values"":[""free""]}","[{""id"":268,""name"":""Arena Parking Lot"",""slug"":""arena-parking-lot"",""parent"":0},{""id"":265,""name"":""Other"",""slug"":""other"",""parent"":0}]",[],"{""id"":111139,""global_id"":""blaisdellcenter.com?id=111139"",""venue"":""Concert Hall"",""address"":""777 Ward Ave"",""city"":""Honolulu"",""country"":""United States"",""state"":""HI"",""zip"":""96814"",""url"":""https://blaisdellcenter.com/venue/concert-hall/"",""show_map"":true,""show_map_link"":true}","[{""id"":111247,""global_id"":""blaisdellcenter.com?id=111247"",""organizer"":""Hawaii Farm Bureau"",""url"":""https://blaisdellcenter.com/organizer/hawaii-farm-bureau/""}]",@ Hawaii Farm Bureau logo The Farmers Market is at the Arena parking lot at the corner of Kapiolani Blvd and Ward Ave – unless otherwise noted.,,false,"{""_ecp_custom_3"":{""label"":""Food/Concessions"",""value"":""YES""}}",false,false,,,2026-05-27 11:58:23,2026-05-27 21:58:23,true,true,,,
2026-09-30T20:45:37Z,blaisdellcenter.com,https://blaisdellcenter.com/wp-json/tribe/events/v1/events,4,10005986,blaisdellcenter.com?id=10005986,Farmers Market,2028-07-05 16:00:00,2028-07-06 02:00:00,2028-07-05 19:00:00,2028-07-06 05:00:00,Pacific/Honolulu,false,false,publish,https://blaisdellcenter.com/event/farmers-market/2028-07-05/,,,Free,"{""currency_symbol"":""$"",""currency_code"":""USD"",""currency_position"":""prefix"",""values"":[""free""]}","[{""id"":268,""name"":""Arena Parking Lot"",""slug"":""arena-parking-lot"",""parent"":0},{""id"":265,""name"":""Other"",""slug"":""other"",""parent"":0}]",[],"{""id"":111139,""global_id"":""blaisdellcenter.com?id=111139"",""venue"":""Concert Hall"",""address"":""777 Ward Ave"",""city"":""Honolulu"",""country"":""United States"",""state"":""HI"",""zip"":""96814"",""url"":""https://blaisdellcenter.com/venue/concert-hall/"",""show_map"":true,""show_map_link"":true}","[{""id"":111247,""global_id"":""blaisdellcenter.com?id=111247"",""organizer"":""Hawaii Farm Bureau"",""url"":""https://blaisdellcenter.com/organizer/hawaii-farm-bureau/""}]",@ Hawaii Farm Bureau logo The Farmers Market is at the Arena parking lot at the corner of Kapiolani Blvd and Ward Ave – unless otherwise noted.,,false,"{""_ecp_custom_3"":{""label"":""Food/Concessions"",""value"":""YES""}}",false,false,,,2026-05-27 11:58:23,2026-05-27 21:58:23,true,true,,,
2026-09-30T20:45:37Z,blaisdellcenter.com,https://blaisdellcenter.com/wp-json/tribe/events/v1/events,4,10005987,blaisdellcenter.com?id=10005987,Farmers Market,2028-07-12 16:00:00,2028-07-13 02:00:00,2028-07-12 19:00:00,2028-07-13 05:00:00,Pacific/Honolulu,false,false,publish,https://blaisdellcenter.com/event/farmers-market/2028-07-12/,,,Free,"{""currency_symbol"":""$"",""currency_code"":""USD"",""currency_position"":""prefix"",""values"":[""free""]}","[{""id"":268,""name"":""Arena Parking Lot"",""slug"":""arena-parking-lot"",""parent"":0},{""id"":265,""name"":""Other"",""slug"":""other"",""parent"":0}]",[],"{""id"":111139,""global_id"":""blaisdellcenter.com?id=111139"",""venue"":""Concert Hall"",""address"":""777 Ward Ave"",""city"":""Honolulu"",""country"":""United States"",""state"":""HI"",""zip"":""96814"",""url"":""https://blaisdellcenter.com/venue/concert-hall/"",""show_map"":true,""show_map_link"":true}","[{""id"":111247,""global_id"":""blaisdellcenter.com?id=111247"",""organizer"":""Hawaii Farm Bureau"",""url"":""https://blaisdellcenter.com/organizer/hawaii-farm-bureau/""}]",@ Hawaii Farm Bureau logo The Farmers Market is at the Arena parking lot at the corner of Kapiolani Blvd and Ward Ave – unless otherwise noted.,,false,"{""_ecp_custom_3"":{""label"":""Food/Concessions"",""value"":""YES""}}",false,false,,,2026-05-27 11:58:23,2026-05-27 21:58:23,true,true,,,
2026-09-30T20:45:37Z,blaisdellcenter.com,https://blaisdellcenter.com/wp-json/tribe/events/v1/events,4,10005988,blaisdellcenter.com?id=10005988,Farmers Market,2028-07-19 16:00:00,2028-07-20 02:00:00,2028-07-19 19:00:00,2028-07-20 05:00:00,Pacific/Honolulu,false,false,publish,https://blaisdellcenter.com/event/farmers-market/2028-07-19/,,,Free,"{""currency_symbol"":""$"",""currency_code"":""USD"",""currency_position"":""prefix"",""values"":[""free""]}","[{""id"":268,""name"":""Arena Parking Lot"",""slug"":""arena-parking-lot"",""parent"":0},{""id"":265,""name"":""Other"",""slug"":""other"",""parent"":0}]",[],"{""id"":111139,""global_id"":""blaisdellcenter.com?id=111139"",""venue"":""Concert Hall"",""address"":""777 Ward Ave"",""city"":""Honolulu"",""country"":""United States"",""state"":""HI"",""zip"":""96814"",""url"":""https://blaisdellcenter.com/venue/concert-hall/"",""show_map"":true,""show_map_link"":true}","[{""id"":111247,""global_id"":""blaisdellcenter.com?id=111247"",""organizer"":""Hawaii Farm Bureau"",""url"":""https://blaisdellcenter.com/organizer/hawaii-farm-bureau/""}]",@ Hawaii Farm Bureau logo The Farmers Market is at the Arena parking lot at the corner of Kapiolani Blvd and Ward Ave – unless otherwise noted.,,false,"{""_ecp_custom_3"":{""label"":""Food/Concessions"",""value"":""YES""}}",false,false,,,2026-05-27 11:58:23,2026-05-27 21:58:23,true,true,,,
2026-09-30T20:45:37Z,blaisdellcenter.com,https://blaisdellcenter.com/wp-json/tribe/events/v1/events,4,10005989,blaisdellcenter.com?id=10005989,Farmers Market,2028-07-26 16:00:00,2028-07-27 02:00:00,2028-07-26 19:00:00,2028-07-27 05:00:00,Pacific/Honolulu,false,false,publish,https://blaisdellcenter.com/event/farmers-market/2028-07-26/,,,Free,"{""currency_symbol"":""$"",""currency_code"":""USD"",""currency_position"":""prefix"",""values"":[""free""]}","[{""id"":268,""name"":""Arena Parking Lot"",""slug"":""arena-parking-lot"",""parent"":0},{""id"":265,""name"":""Other"",""slug"":""other"",""parent"":0}]",[],"{""id"":111139,""global_id"":""blaisdellcenter.com?id=111139"",""venue"":""Concert Hall"",""address"":""777 Ward Ave"",""city"":""Honolulu"",""country"":""United States"",""state"":""HI"",""zip"":""96814"",""url"":""https://blaisdellcenter.com/venue/concert-hall/"",""show_map"":true,""show_map_link"":true}","[{""id"":111247,""global_id"":""blaisdellcenter.com?id=111247"",""organizer"":""Hawaii Farm Bureau"",""url"":""https://blaisdellcenter.com/organizer/hawaii-farm-bureau/""}]",@ Hawaii Farm Bureau logo The Farmers Market is at the Arena parking lot at the corner of Kapiolani Blvd and Ward Ave – unless otherwise noted.,,false,"{""_ecp_custom_3"":{""label"":""Food/Concessions"",""value"":""YES""}}",false,false,,,2026-05-27 11:58:23,2026-05-27 21:58:23,true,true,,,
2026-09-30T20:45:37Z,blaisdellcenter.com,https://blaisdellcenter.com/wp-json/tribe/events/v1/events,4,10005990,blaisdellcenter.com?id=10005990,Farmers Market,2028-08-02 16:00:00,2028-08-03 02:00:00,2028-08-02 19:00:00,2028-08-03 05:00:00,Pacific/Honolulu,false,false,publish,https://blaisdellcenter.com/event/farmers-market/2028-08-02/,,,Free,"{""currency_symbol"":""$"",""currency_code"":""USD"",""currency_position"":""prefix"",""values"":[""free""]}","[{""id"":268,""name"":""Arena Parking Lot"",""slug"":""arena-parking-lot"",""parent"":0},{""id"":265,""name"":""Other"",""slug"":""other"",""parent"":0}]",[],"{""id"":111139,""global_id"":""blaisdellcenter.com?id=111139"",""venue"":""Concert Hall"",""address"":""777 Ward Ave"",""city"":""Honolulu"",""country"":""United States"",""state"":""HI"",""zip"":""96814"",""url"":""https://blaisdellcenter.com/venue/concert-hall/"",""show_map"":true,""show_map_link"":true}","[{""id"":111247,""global_id"":""blaisdellcenter.com?id=111247"",""organizer"":""Hawaii Farm Bureau"",""url"":""https://blaisdellcenter.com/organizer/hawaii-farm-bureau/""}]",@ Hawaii Farm Bureau logo The Farmers Market is at the Arena parking lot at the corner of Kapiolani Blvd and Ward Ave – unless otherwise noted.,,false,"{""_ecp_custom_3"":{""label"":""Food/Concessions"",""value"":""YES""}}",false,false,,,2026-05-27 11:58:23,2026-05-27 21:58:23,true,true,,,
2026-09-30T20:45:37Z,blaisdellcenter.com,https://blaisdellcenter.com/wp-json/tribe/events/v1/events,4,10005991,blaisdellcenter.com?id=10005991,Farmers Market,2028-08-09 16:00:00,2028-08-10 02:00:00,2028-08-09 19:00:00,2028-08-10 05:00:00,Pacific/Honolulu,false,false,publish,https://blaisdellcenter.com/event/farmers-market/2028-08-09/,,,Free,"{""currency_symbol"":""$"",""currency_code"":""USD"",""currency_position"":""prefix"",""values"":[""free""]}","[{""id"":268,""name"":""Arena Parking Lot"",""slug"":""arena-parking-lot"",""parent"":0},{""id"":265,""name"":""Other"",""slug"":""other"",""parent"":0}]",[],"{""id"":111139,""global_id"":""blaisdellcenter.com?id=111139"",""venue"":""Concert Hall"",""address"":""777 Ward Ave"",""city"":""Honolulu"",""country"":""United States"",""state"":""HI"",""zip"":""96814"",""url"":""https://blaisdellcenter.com/venue/concert-hall/"",""show_map"":true,""show_map_link"":true}","[{""id"":111247,""global_id"":""blaisdellcenter.com?id=111247"",""organizer"":""Hawaii Farm Bureau"",""url"":""https://blaisdellcenter.com/organizer/hawaii-farm-bureau/""}]",@ Hawaii Farm Bureau logo The Farmers Market is at the Arena parking lot at the corner of Kapiolani Blvd and Ward Ave – unless otherwise noted.,,false,"{""_ecp_custom_3"":{""label"":""Food/Concessions"",""value"":""YES""}}",false,false,,,2026-05-27 11:58:23,2026-05-27 21:58:23,true,true,,,
2026-09-30T20:45:37Z,blaisdellcenter.com,https://blaisdellcenter.com/wp-json/tribe/events/v1/events,4,10005992,blaisdellcenter.com?id=10005992,Farmers Market,2028-08-16 16:00:00,2028-08-17 02:00:00,2028-08-16 19:00:00,2028-08-17 05:00:00,Pacific/Honolulu,false,false,publish,https://blaisdellcenter.com/event/farmers-market/2028-08-16/,,,Free,"{""currency_symbol"":""$"",""currency_code"":""USD"",""currency_position"":""prefix"",""values"":[""free""]}","[{""id"":268,""name"":""Arena Parking Lot"",""slug"":""arena-parking-lot"",""parent"":0},{""id"":265,""name"":""Other"",""slug"":""other"",""parent"":0}]",[],"{""id"":111139,""global_id"":""blaisdellcenter.com?id=111139"",""venue"":""Concert Hall"",""address"":""777 Ward Ave"",""city"":""Honolulu"",""country"":""United States"",""state"":""HI"",""zip"":""96814"",""url"":""https://blaisdellcenter.com/venue/concert-hall/"",""show_map"":true,""show_map_link"":true}","[{""id"":111247,""global_id"":""blaisdellcenter.com?id=111247"",""organizer"":""Hawaii Farm Bureau"",""url"":""https://blaisdellcenter.com/organizer/hawaii-farm-bureau/""}]",@ Hawaii Farm Bureau logo The Farmers Market is at the Arena parking lot at the corner of Kapiolani Blvd and Ward Ave – unless otherwise noted.,,false,"{""_ecp_custom_3"":{""label"":""Food/Concessions"",""value"":""YES""}}",false,false,,,2026-05-27 11:58:23,2026-05-27 21:58:23,true,true,,,
2026-09-30T20:45:37Z,blaisdellcenter.com,https://blaisdellcenter.com/wp-json/tribe/events/v1/events,4,10005993,blaisdellcenter.com?id=10005993,Farmers Market,2028-08-23 16:00:00,2028-08-24 02:00:00,2028-08-23 19:00:00,2028-08-24 05:00:00,Pacific/Honolulu,false,false,publish,https://blaisdellcenter.com/event/farmers-market/2028-08-23/,,,Free,"{""currency_symbol"":""$"",""currency_code"":""USD"",""currency_position"":""prefix"",""values"":[""free""]}","[{""id"":268,""name"":""Arena Parking Lot"",""slug"":""arena-parking-lot"",""parent"":0},{""id"":265,""name"":""Other"",""slug"":""other"",""parent"":0}]",[],"{""id"":111139,""global_id"":""blaisdellcenter.com?id=111139"",""venue"":""Concert Hall"",""address"":""777 Ward Ave"",""city"":""Honolulu"",""country"":""United States"",""state"":""HI"",""zip"":""96814"",""url"":""https://blaisdellcenter.com/venue/concert-hall/"",""show_map"":true,""show_map_link"":true}","[{""id"":111247,""global_id"":""blaisdellcenter.com?id=111247"",""organizer"":""Hawaii Farm Bureau"",""url"":""https://blaisdellcenter.com/organizer/hawaii-farm-bureau/""}]",@ Hawaii Farm Bureau logo The Farmers Market is at the Arena parking lot at the corner of Kapiolani Blvd and Ward Ave – unless otherwise noted.,,false,"{""_ecp_custom_3"":{""label"":""Food/Concessions"",""value"":""YES""}}",false,false,,,2026-05-27 11:58:23,2026-05-27 21:58:23,true,true,,,
2026-09-30T20:45:37Z,blaisdellcenter.com,https://blaisdellcenter.com/wp-json/tribe/events/v1/events,4,10005994,blaisdellcenter.com?id=10005994,Farmers Market,2028-08-30 16:00:00,2028-08-31 02:00:00,2028-08-30 19:00:00,2028-08-31 05:00:00,Pacific/Honolulu,false,false,publish,https://blaisdellcenter.com/event/farmers-market/2028-08-30/,,,Free,"{""currency_symbol"":""$"",""currency_code"":""USD"",""currency_position"":""prefix"",""values"":[""free""]}","[{""id"":268,""name"":""Arena Parking Lot"",""slug"":""arena-parking-lot"",""parent"":0},{""id"":265,""name"":""Other"",""slug"":""other"",""parent"":0}]",[],"{""id"":111139,""global_id"":""blaisdellcenter.com?id=111139"",""venue"":""Concert Hall"",""address"":""777 Ward Ave"",""city"":""Honolulu"",""country"":""United States"",""state"":""HI"",""zip"":""96814"",""url"":""https://blaisdellcenter.com/venue/concert-hall/"",""show_map"":true,""show_map_link"":true}","[{""id"":111247,""global_id"":""blaisdellcenter.com?id=111247"",""organizer"":""Hawaii Farm Bureau"",""url"":""https://blaisdellcenter.com/organizer/hawaii-farm-bureau/""}]",@ Hawaii Farm Bureau logo The Farmers Market is at the Arena parking lot at the corner of Kapiolani Blvd and Ward Ave – unless otherwise noted.,,false,"{""_ecp_custom_3"":{""label"":""Food/Concessions"",""value"":""YES""}}",false,false,,,2026-05-27 11:58:23,2026-05-27 21:58:23,true,true,,,
2026-09-30T20:45:37Z,blaisdellcenter.com,https://blaisdellcenter.com/wp-json/tribe/events/v1/events,4,10005995,blaisdellcenter.com?id=10005995,Farmers Market,2028-09-06 16:00:00,2028-09-07 02:00:00,2028-09-06 19:00:00,2028-09-07 05:00:00,Pacific/Honolulu,false,false,publish,https://blaisdellcenter.com/event/farmers-market/2028-09-06/,,,Free,"{""currency_symbol"":""$"",""currency_code"":""USD"",""currency_position"":""prefix"",""values"":[""free""]}","[{""id"":268,""name"":""Arena Parking Lot"",""slug"":""arena-parking-lot"",""parent"":0},{""id"":265,""name"":""Other"",""slug"":""other"",""parent"":0}]",[],"{""id"":111139,""global_id"":""blaisdellcenter.com?id=111139"",""venue"":""Concert Hall"",""address"":""777 Ward Ave"",""city"":""Honolulu"",""country"":""United States"",""state"":""HI"",""zip"":""96814"",""url"":""https://blaisdellcenter.com/venue/concert-hall/"",""show_map"":true,""show_map_link"":true}","[{""id"":111247,""global_id"":""blaisdellcenter.com?id=111247"",""organizer"":""Hawaii Farm Bureau"",""url"":""https://blaisdellcenter.com/organizer/hawaii-farm-bureau/""}]",@ Hawaii Farm Bureau logo The Farmers Market is at the Arena parking lot at the corner of Kapiolani Blvd and Ward Ave – unless otherwise noted.,,false,"{""_ecp_custom_3"":{""label"":""Food/Concessions"",""value"":""YES""}}",false,false,,,2026-05-27 11:58:23,2026-05-27 21:58:23,true,true,,,
2026-09-30T20:45:37Z,blaisdellcenter.com,https://blaisdellcenter.com/wp-json/tribe/events/v1/events,4,10005996,blaisdellcenter.com?id=10005996,Farmers Market,2028-09-13 16:00:00,2028-09-14 02:00:00,2028-09-13 19:00:00,2028-09-14 05:00:00,Pacific/Honolulu,false,false,publish,https://blaisdellcenter.com/event/farmers-market/2028-09-13/,,,Free,"{""currency_symbol"":""$"",""currency_code"":""USD"",""currency_position"":""prefix"",""values"":[""free""]}","[{""id"":268,""name"":""Arena Parking Lot"",""slug"":""arena-parking-lot"",""parent"":0},{""id"":265,""name"":""Other"",""slug"":""other"",""parent"":0}]",[],"{""id"":111139,""global_id"":""blaisdellcenter.com?id=111139"",""venue"":""Concert Hall"",""address"":""777 Ward Ave"",""city"":""Honolulu"",""country"":""United States"",""state"":""HI"",""zip"":""96814"",""url"":""https://blaisdellcenter.com/venue/concert-hall/"",""show_map"":true,""show_map_link"":true}","[{""id"":111247,""global_id"":""blaisdellcenter.com?id=111247"",""organizer"":""Hawaii Farm Bureau"",""url"":""https://blaisdellcenter.com/organizer/hawaii-farm-bureau/""}]",@ Hawaii Farm Bureau logo The Farmers Market is at the Arena parking lot at the corner of Kapiolani Blvd and Ward Ave – unless otherwise noted.,,false,"{""_ecp_custom_3"":{""label"":""Food/Concessions"",""value"":""YES""}}",false,false,,,2026-05-27 11:58:23,2026-05-27 21:58:23,true,true,,,
2026-09-30T20:45:37Z,blaisdellcenter.com,https://blaisdellcenter.com/wp-json/tribe/events/v1/events,4,10005997,blaisdellcenter.com?id=10005997,Farmers Market,2028-09-20 16:00:00,2028-09-21 02:00:00,2028-09-20 19:00:00,2028-09-21 05:00:00,Pacific/Honolulu,false,false,publish,https://blaisdellcenter.com/event/farmers-market/2028-09-20/,,,Free,"{""currency_symbol"":""$"",""currency_code"":""USD"",""currency_position"":""prefix"",""values"":[""free""]}","[{""id"":268,""name"":""Arena Parking Lot"",""slug"":""arena-parking-lot"",""parent"":0},{""id"":265,""name"":""Other"",""slug"":""other"",""parent"":0}]",[],"{""id"":111139,""global_id"":""blaisdellcenter.com?id=111139"",""venue"":""Concert Hall"",""address"":""777 Ward Ave"",""city"":""Honolulu"",""country"":""United States"",""state"":""HI"",""zip"":""96814"",""url"":""https://blaisdellcenter.com/venue/concert-hall/"",""show_map"":true,""show_map_link"":true}","[{""id"":111247,""global_id"":""blaisdellcenter.com?id=111247"",""organizer"":""Hawaii Farm Bureau"",""url"":""https://blaisdellcenter.com/organizer/hawaii-farm-bureau/""}]",@ Hawaii Farm Bureau logo The Farmers Market is at the Arena parking lot at the corner of Kapiolani Blvd and Ward Ave – unless otherwise noted.,,false,"{""_ecp_custom_3"":{""label"":""Food/Concessions"",""value"":""YES""}}",false,false,,,2026-05-27 11:58:23,2026-05-27 21:58:23,true,true,,,
2026-09-30T20:45:37Z,blaisdellcenter.com,https://blaisdellcenter.com/wp-json/tribe/events/v1/events,4,10005998,blaisdellcenter.com?id=10005998,Farmers Market,2028-09-27 16:00:00,2028-09-28 02:00:00,2028-09-27 19:00:00,2028-09-28 05:00:00,Pacific/Honolulu,false,false,publish,https://blaisdellcenter.com/event/farmers-market/2028-09-27/,,,Free,"{""currency_symbol"":""$"",""currency_code"":""USD"",""currency_position"":""prefix"",""values"":[""free""]}","[{""id"":268,""name"":""Arena Parking Lot"",""slug"":""arena-parking-lot"",""parent"":0},{""id"":265,""name"":""Other"",""slug"":""other"",""parent"":0}]",[],"{""id"":111139,""global_id"":""blaisdellcenter.com?id=111139"",""venue"":""Concert Hall"",""address"":""777 Ward Ave"",""city"":""Honolulu"",""country"":""United States"",""state"":""HI"",""zip"":""96814"",""url"":""https://blaisdellcenter.com/venue/concert-hall/"",""show_map"":true,""show_map_link"":true}","[{""id"":111247,""global_id"":""blaisdellcenter.com?id=111247"",""organizer"":""Hawaii Farm Bureau"",""url"":""https://blaisdellcenter.com/organizer/hawaii-farm-bureau/""}]",@ Hawaii Farm Bureau logo The Farmers Market is at the Arena parking lot at the corner of Kapiolani Blvd and Ward Ave – unless otherwise noted.,,false,"{""_ecp_custom_3"":{""label"":""Food/Concessions"",""value"":""YES""}}",false,false,,,2026-05-27 11:58:23,2026-05-27 21:58:23,true,true,,,
