tec_run_started_utc,tec_canonical_host,tec_endpoint,tec_page,event.id,event.global_id,event.title,event.start_date,event.utc_start_date,event.end_date,event.utc_end_date,event.timezone,event.all_day,event.featured,event.status,event.url,event.website,event.purchase_link,event.cost,event.cost_details_json,event.categories_json,event.tags_json,event.venue_json,event.organizer_json,event.description,event.excerpt,event.image_json,event.custom_fields_json,event.hide_from_listings,event.is_virtual,event.virtual_url,event.virtual_video_source,event.modified,event.modified_utc,event.show_map,event.show_map_link,event.subevents_json,event.ticketed,event.ticketed_json
2026-09-30T20:20:26Z,fargounderground.com,https://fargounderground.com/wp-json/tribe/events/v1/events,92,10028396,fargounderground.com?id=10028396,Harold’s Karaoke Party,2028-07-12 20:00:00,2028-07-13 01:00:00,2028-07-13 01:00:00,2028-07-13 06:00:00,America/Chicago,false,false,publish,https://fargounderground.com/event/harolds-karaoke-party-2/2028-07-12/,,,Free,"{""currency_symbol"":""$"",""currency_code"":""USD"",""currency_position"":""prefix"",""values"":[""0""]}","[{""id"":368,""name"":""Karaoke"",""slug"":""karaoke"",""parent"":909}]",[],"{""id"":146111,""global_id"":""fargounderground.com?id=146111"",""venue"":""Harold&#8217;s on Main"",""address"":""1330 Main Ave"",""city"":""Moorhead"",""country"":""United States"",""province"":""MN"",""zip"":""56560"",""website"":""https://www.facebook.com/HaroldsOnMain/"",""phone"":""(218) 233-3477"",""url"":""https://fargounderground.com/venue/harolds-on-main-2/"",""geo_lat"":46.8748909,""geo_lng"":-96.8000869,""show_map"":true,""show_map_link"":true}",[],✨🎤 HARAOKE – Karaoke at Harold’s! Every Wednesday at 8pm 🎤✨,,"{""url"":""https://fargounderground.com/wp-content/uploads/2023/04/harolds-karaoke-jpg-webp.webp"",""id"":156209,""extension"":""webp"",""width"":1920,""height"":1080}",[],false,false,,,2023-09-18 17:09:27,2023-09-18 22:09:27,false,false,,,
2026-09-30T20:20:26Z,fargounderground.com,https://fargounderground.com/wp-json/tribe/events/v1/events,93,10067758,fargounderground.com?id=10067758,Open Mic Comedy in the Cellar,2028-07-12 20:00:00,2028-07-13 01:00:00,2028-07-12 21:30:00,2028-07-13 02:30:00,America/Chicago,false,false,publish,https://fargounderground.com/event/open-mic-comedy-in-the-cellar-3/2028-07-12/,,,Free,"{""currency_symbol"":""$"",""currency_code"":""USD"",""currency_position"":""prefix"",""values"":[""0""]}","[{""id"":432,""name"":""Comedy"",""slug"":""comedy-arts-entertainment"",""parent"":909},{""id"":359,""name"":""Nightlife"",""slug"":""nightlife"",""parent"":909},{""id"":369,""name"":""Open Mic &amp; Jam"",""slug"":""open-mic-jam"",""parent"":909}]","[{""name"":""Comedy"",""slug"":""comedy"",""term_group"":0,""term_taxonomy_id"":310,""taxonomy"":""post_tag"",""description"":"""",""parent"":0,""count"":86,""filter"":""raw"",""id"":310,""urls"":{""self"":""https://fargounderground.com/wp-json/tribe/events/v1/tags/310"",""collection"":""https://fargounderground.com/wp-json/tribe/events/v1/tags""}}]","{""id"":121817,""global_id"":""fargounderground.com?id=121817"",""venue"":""The Cellar Comedy Club"",""address"":""614 Main Ave"",""city"":""Fargo"",""country"":""United States"",""province"":""ND"",""state"":""ND"",""zip"":""58103"",""website"":""https://www.fargomoorhead.org/venue/the-cellar-comedy-club/"",""url"":""https://fargounderground.com/venue/the-cellar-comedy-club/"",""geo_lat"":46.8741865,""geo_lng"":-96.7888348,""show_map"":true,""show_map_link"":true}","[{""id"":189866,""global_id"":""fargounderground.com?id=189866"",""organizer"":""The Cellar Comedy Club"",""url"":""https://fargounderground.com/organizer/"",""website"":""https://www.frontstreettaproom.com/comedyinthecellar"",""phone"":""(701) 566-7226"",""email"":""frontstreettaproom@gmail.com""}]","Open Mic Comedy Every Wednesday Night Doors open at 7pm Sign-up at 7:30pm Show starts at 8pm Up to 25 Comedians 3 or 5 Minute Sets Free Event No Ticket Required 21+ STAGE TIME IS NOT GUARANTEED Comedy in the Cellar Underground Comedy Club Below Front Street Taproom Downtown Fargo, ND",,"{""url"":""https://fargounderground.com/wp-content/uploads/2025/11/Open-Mic-Comedy-Cover.jpg"",""id"":284169,""extension"":""jpg"",""width"":2000,""height"":2000}","{""_ecp_custom_2"":{""label"":""Region"",""value"":""Fargo""}}",false,false,,,2025-11-13 12:49:52,2025-11-13 18:49:52,true,true,,,
2026-09-30T20:20:26Z,fargounderground.com,https://fargounderground.com/wp-json/tribe/events/v1/events,93,10056381,fargounderground.com?id=10056381,Pickabob Grill & BBQ,2028-07-13 11:00:00,2028-07-13 16:00:00,2028-07-13 22:00:00,2028-07-14 03:00:00,America/Chicago,false,false,publish,https://fargounderground.com/event/pickabob-grill-bbq/2028-07-13/,,,,"{""currency_symbol"":""$"",""currency_code"":""USD"",""currency_position"":""prefix"",""values"":[]}","[{""id"":825,""name"":""Food Trucks"",""slug"":""food-trucks"",""parent"":372}]",[],"{""id"":160212,""global_id"":""fargounderground.com?id=160212"",""venue"":""Great Northern Park"",""address"":""425 Broadway N"",""city"":""Fargo"",""country"":""United States"",""province"":""North Dakota"",""zip"":""58102"",""url"":""https://fargounderground.com/venue/great-northern-park/"",""show_map"":true,""show_map_link"":true}",[],,,false,[],false,false,,,2023-06-16 10:57:07,2023-06-16 15:57:07,false,false,,,
2026-09-30T20:20:26Z,fargounderground.com,https://fargounderground.com/wp-json/tribe/events/v1/events,93,10054857,fargounderground.com?id=10054857,Free Dog Night and Rock & Roll Bingo!,2028-07-13 18:00:00,2028-07-13 23:00:00,2028-07-13 20:00:00,2028-07-14 01:00:00,America/Chicago,false,false,publish,https://fargounderground.com/event/free-dog-night-and-rock-roll-bingo-31/2028-07-13/,,,Free,"{""currency_symbol"":""$"",""currency_code"":""USD"",""currency_position"":""prefix"",""values"":[""0""]}","[{""id"":372,""name"":""Food &amp; Drink"",""slug"":""food-drink"",""parent"":0},{""id"":370,""name"":""Trivia &amp; Bingo"",""slug"":""trivia"",""parent"":909}]",[],"{""id"":91157,""global_id"":""fargounderground.com?id=91157"",""venue"":""Dempsey’s Public House"",""address"":""226 Broadway N"",""city"":""Fargo"",""country"":""United States"",""province"":""ND"",""zip"":""58102"",""website"":""https://dempseysfargo.com/"",""url"":""https://fargounderground.com/venue/dempseys-public-house-2/"",""geo_lat"":46.8789764,""geo_lng"":-96.7882596,""show_map"":true,""show_map_link"":true}",[],Play FREE Rock & Roll Bingo from 6 – 8pm! Get FREE Hot Dogs from 4 – 9pm!,,"{""url"":""https://fargounderground.com/wp-content/uploads/2022/11/hot-dog-night-tO0mPR.tmp_.png"",""id"":142672,""extension"":""png"",""width"":945,""height"":532}",[],false,false,,,2023-03-28 17:49:54,2023-03-28 22:49:54,false,false,,,
2026-09-30T20:20:26Z,fargounderground.com,https://fargounderground.com/wp-json/tribe/events/v1/events,93,10050479,fargounderground.com?id=10050479,Monthly Talent Night,2028-07-13 18:00:00,2028-07-13 23:00:00,2028-07-13 20:00:00,2028-07-14 01:00:00,America/Chicago,false,false,publish,https://fargounderground.com/event/monthly-talent-night-2/2028-07-13/,https://square.link/u/G5ynSV9R,,$5,"{""currency_symbol"":""$"",""currency_code"":""USD"",""currency_position"":""prefix"",""values"":[""5""]}","[{""id"":428,""name"":""Arts &amp; Culture"",""slug"":""arts-culture"",""parent"":0},{""id"":361,""name"":""Community &amp; Civic"",""slug"":""community"",""parent"":0},{""id"":369,""name"":""Open Mic &amp; Jam"",""slug"":""open-mic-jam"",""parent"":909}]",[],"{""id"":157543,""global_id"":""fargounderground.com?id=157543"",""venue"":""Parachigo"",""address"":""14 8th St S"",""city"":""Fargo"",""country"":""United States"",""province"":""Cass County"",""state"":""ND"",""zip"":""58103"",""website"":""https://parachigo.square.site/"",""url"":""https://fargounderground.com/venue/parachigo/"",""geo_lat"":46.8767742,""geo_lng"":-96.7882356,""show_map"":true,""show_map_link"":true}","[{""id"":176261,""global_id"":""fargounderground.com?id=176261"",""organizer"":""Parachigo Artists Collective"",""url"":""https://fargounderground.com/organizer/"",""website"":""https://www.instagram.com/parachigo4""}]","Our monthly event where you can watch new talent, sign up to perform, and we can all have an intimate little performance in the space. $5 recommended but as always, NOTAFLOF",,"{""url"":""https://fargounderground.com/wp-content/uploads/2025/01/Untitled-1-20-1.png"",""id"":212136,""extension"":""png"",""width"":1080,""height"":1080}","{""_ecp_custom_2"":{""label"":""Region"",""value"":""Fargo""}}",false,false,,,2025-02-12 13:10:30,2025-02-12 19:10:30,true,true,,,
2026-09-30T20:20:26Z,fargounderground.com,https://fargounderground.com/wp-json/tribe/events/v1/events,93,10052549,fargounderground.com?id=10052549,Full Circle Open Mic,2028-07-13 19:00:00,2028-07-14 00:00:00,2028-07-13 22:00:00,2028-07-14 03:00:00,America/Chicago,false,false,publish,https://fargounderground.com/event/full-circle-open-mic/2028-07-13/,,,Free,"{""currency_symbol"":""$"",""currency_code"":""USD"",""currency_position"":""prefix"",""values"":[""0""]}","[{""id"":369,""name"":""Open Mic &amp; Jam"",""slug"":""open-mic-jam"",""parent"":909}]",[],"{""id"":144429,""global_id"":""fargounderground.com?id=144429"",""venue"":""Black Coffee and Waffle Bar Fargo"",""address"":""550 2nd Ave N"",""city"":""Fargo"",""country"":""United States"",""province"":""North Dakota"",""zip"":""58102"",""website"":""https://blackcoffeeandwaffle.com/"",""phone"":""701-566-8749"",""url"":""https://fargounderground.com/venue/black-coffee-and-waffle-bar-fargo/"",""show_map"":true,""show_map_link"":true}",[],"Every Thursday is open mic night! Come out and tell a few jokes, sing your heart out, or read poetry. Hosted at Black Coffee and Waffle bar in downtown Fargo, ND.",,"{""url"":""https://fargounderground.com/wp-content/uploads/2022/12/314756703_10228005485586320_4750178534703107090_n-jpg-webp.webp"",""id"":144430,""extension"":""webp"",""width"":1800,""height"":1200}",[],false,false,,,2023-01-20 12:43:36,2023-01-20 18:43:36,false,false,,,
2026-09-30T20:20:26Z,fargounderground.com,https://fargounderground.com/wp-json/tribe/events/v1/events,93,10033207,fargounderground.com?id=10033207,Open Mic Poetry Night,2028-07-13 19:00:00,2028-07-14 00:00:00,2028-07-13 21:00:00,2028-07-14 02:00:00,America/Chicago,false,false,publish,https://fargounderground.com/event/open-mic-poetry-night/2028-07-13/,,,,"{""currency_symbol"":""$"",""currency_code"":""USD"",""currency_position"":""prefix"",""values"":[]}","[{""id"":412,""name"":""Culture &amp; Heritage"",""slug"":""culture"",""parent"":428},{""id"":429,""name"":""Literary Arts"",""slug"":""books-readings"",""parent"":428},{""id"":369,""name"":""Open Mic &amp; Jam"",""slug"":""open-mic-jam"",""parent"":909},{""id"":433,""name"":""Speakers &amp; Programs"",""slug"":""speakers-programs"",""parent"":409}]",[],"{""id"":157543,""global_id"":""fargounderground.com?id=157543"",""venue"":""Parachigo"",""address"":""14 8th St S"",""city"":""Fargo"",""country"":""United States"",""province"":""Cass County"",""state"":""ND"",""zip"":""58103"",""website"":""https://parachigo.square.site/"",""url"":""https://fargounderground.com/venue/parachigo/"",""geo_lat"":46.8767742,""geo_lng"":-96.7882356,""show_map"":true,""show_map_link"":true}",[],"Every 2nd Thursday of the Month Come any come all — we would love to hear your voice! Read whatever you’d like – poems, short stories, essays – your own or others. Our doors are open to you for this free event! Come share your thoughts, words, and an intimate evening with strangers and friends. About the Host: *Ren Gay’s work has been featured in Anti-Heroin Chic, Quail Bell, Rag Queens, Déraciné Magazine, Gramma Poetry, FreezeRay Poetry, Rising Phoenix Review as well as the anthology What Keeps Us Here.",,"{""url"":""https://fargounderground.com/wp-content/uploads/2023/11/396743881_266616889670435_6823622121147855100_n-jpg-webp.webp"",""id"":176406,""extension"":""webp"",""width"":1078,""height"":589}",[],false,false,,,2025-08-19 14:56:01,2025-08-19 19:56:01,true,true,,,
2026-09-30T20:20:26Z,fargounderground.com,https://fargounderground.com/wp-json/tribe/events/v1/events,93,10025673,fargounderground.com?id=10025673,Thursday Night Trivia at Downtown Fargo VFW,2028-07-13 19:00:00,2028-07-14 00:00:00,2028-07-13 21:00:00,2028-07-14 02:00:00,America/Chicago,false,false,publish,https://fargounderground.com/event/thursday-night-trivia-at-downtown-fargo-vfw-2/2028-07-13/,,,,"{""currency_symbol"":""$"",""currency_code"":""USD"",""currency_position"":""prefix"",""values"":[]}","[{""id"":370,""name"":""Trivia &amp; Bingo"",""slug"":""trivia"",""parent"":909}]",[],"{""id"":49586,""global_id"":""fargounderground.com?id=49586"",""venue"":""Fargo VFW Club, Post 762"",""address"":""202 Broadway N"",""city"":""Fargo"",""country"":""United States"",""province"":""ND"",""zip"":""58102"",""website"":""https://www.fargomoorhead.org/venue/fargo-vfw-club-post-762/"",""url"":""https://fargounderground.com/venue/vfw-coors-light-chili-cookoff/"",""geo_lat"":46.8781689,""geo_lng"":-96.7881193,""show_map"":true,""show_map_link"":true}",[],Looking for some fun on a Thursday night? Look no further than the Downtown Fargo VFW! Here’s what to look forward to: *FREE to Play! *Win FREE Drinks or Get Zonked with “WHAT’S IN THE BAG?!” *Paper Airline Contest at the End of Every Game! Come out…Bring your friends…And join in the fun!,,"{""url"":""https://fargounderground.com/wp-content/uploads/2023/04/340653856_254607436910250_5743893530831022969_n-jpg-webp.webp"",""id"":157568,""extension"":""webp"",""width"":1920,""height"":1005}",[],false,false,,,2023-09-05 14:45:31,2023-09-05 19:45:31,false,false,,,
2026-09-30T20:20:26Z,fargounderground.com,https://fargounderground.com/wp-json/tribe/events/v1/events,93,10043007,fargounderground.com?id=10043007,Belly Dance for Beginners,2028-07-13 19:30:00,2028-07-14 00:30:00,2028-07-13 20:30:00,2028-07-14 01:30:00,America/Chicago,false,false,publish,https://fargounderground.com/event/belly-dance-for-beginners/2028-07-13/,https://facebook.com/mindakbellydance,,$10,"{""currency_symbol"":""$"",""currency_code"":"""",""currency_position"":""prefix"",""values"":[""10""]}","[{""id"":362,""name"":""Classes &amp; Workshops"",""slug"":""classes-workshops"",""parent"":409},{""id"":412,""name"":""Culture &amp; Heritage"",""slug"":""culture"",""parent"":428},{""id"":569,""name"":""Fitness &amp; Yoga"",""slug"":""fitness-yoga"",""parent"":897}]",[],"{""id"":100299,""global_id"":""fargounderground.com?id=100299"",""venue"":""FM Aerial &amp; Movement Arts"",""address"":""508 Oak St. N Suite A"",""city"":""Fargo, ND"",""state"":""ND"",""zip"":""58102"",""website"":""fmaerial.com"",""phone"":""7012033448"",""url"":""https://fargounderground.com/venue/fm-aerial-movement-arts/"",""geo_lat"":46.88134,""geo_lng"":-96.779159,""show_map"":true,""show_map_link"":true}",[],"MinDak Belly Dance teaches belly dance classes in the Fargo-Moorhead area. Beginning belly dance teaches the foundations of Middle Eastern dance. You will learn belly dance posture and movements including shimmys, isolations, hip bumps, and more! No experience necessary! $10 cash at the door $10 coin belts available for purchase to enhance your dance! We meet weekly at FM AERIAL MOVEMENT ARTS 508 Oak St N Fargo EVERY Thursday from 7:30 pm-8:30 pm",,"{""url"":""https://fargounderground.com/wp-content/uploads/2023/06/MDBD-FLYER-jpg.webp"",""id"":188808,""extension"":""webp"",""width"":695,""height"":900}","{""_ecp_custom_2"":{""label"":""Region"",""value"":""Fargo""}}",false,false,,,2024-03-28 14:09:15,2024-03-28 19:09:15,true,true,,,
2026-09-30T20:20:26Z,fargounderground.com,https://fargounderground.com/wp-json/tribe/events/v1/events,93,10062245,fargounderground.com?id=10062245,College Night Bowling,2028-07-13 22:00:00,2028-07-14 03:00:00,2028-07-14 00:00:00,2028-07-14 05:00:00,America/Chicago,false,false,publish,https://fargounderground.com/event/college-night-bowling/2028-07-13/,,,$8,"{""currency_symbol"":""$"",""currency_code"":""USD"",""currency_position"":""prefix"",""values"":[""8""]}","[{""id"":1298,""name"":""Active &amp; Social Events"",""slug"":""active-social-events"",""parent"":909},{""id"":408,""name"":""College Events"",""slug"":""college-events"",""parent"":361},{""id"":372,""name"":""Food &amp; Drink"",""slug"":""food-drink"",""parent"":0}]",[],"{""id"":146365,""global_id"":""fargounderground.com?id=146365"",""venue"":""Sunset Lanes"",""address"":""620 U.S. 75"",""city"":""Moorhead"",""country"":""United States"",""province"":""MN"",""state"":""MN"",""zip"":""56560"",""website"":""https://bowlingsunset.com/"",""url"":""https://fargounderground.com/venue/sunset-lanes/"",""geo_lat"":46.8818938,""geo_lng"":-96.7431497,""show_map"":true,""show_map_link"":true}",[],"Grab your friends for a night you’ll never forget (well, maybe…..)! $8 all-you-can-bowl from 10 pm to midnight. Mug specials on adult beverages! Get a pizza, drinks, a bowl, and play in the arcade – it doesn’t get any better than that!",,"{""url"":""https://fargounderground.com/wp-content/uploads/2025/09/crw_1240h_620.webp"",""id"":263446,""extension"":""webp"",""width"":1240,""height"":620}","{""_ecp_custom_2"":{""label"":""Region"",""value"":""Moorhead""}}",false,false,,,2025-09-07 12:02:55,2025-09-07 17:02:55,true,true,,,
2026-09-30T20:20:26Z,fargounderground.com,https://fargounderground.com/wp-json/tribe/events/v1/events,93,10056683,fargounderground.com?id=10056683,Pickabob Grill & BBQ,2028-07-14 11:00:00,2028-07-14 16:00:00,2028-07-15 02:30:00,2028-07-15 07:30:00,America/Chicago,false,false,publish,https://fargounderground.com/event/pickabob-grill-bbq-2/2028-07-14/,,,,"{""currency_symbol"":""$"",""currency_code"":""USD"",""currency_position"":""prefix"",""values"":[]}","[{""id"":825,""name"":""Food Trucks"",""slug"":""food-trucks"",""parent"":372}]",[],"{""id"":160212,""global_id"":""fargounderground.com?id=160212"",""venue"":""Great Northern Park"",""address"":""425 Broadway N"",""city"":""Fargo"",""country"":""United States"",""province"":""North Dakota"",""zip"":""58102"",""url"":""https://fargounderground.com/venue/great-northern-park/"",""show_map"":true,""show_map_link"":true}",[],,,false,[],false,false,,,2023-06-16 10:56:57,2023-06-16 15:56:57,false,false,,,
2026-09-30T20:20:26Z,fargounderground.com,https://fargounderground.com/wp-json/tribe/events/v1/events,93,10060154,fargounderground.com?id=10060154,Glow Skate Night,2028-07-14 20:00:00,2028-07-15 01:00:00,2028-07-14 22:00:00,2028-07-15 03:00:00,America/Chicago,false,false,publish,https://fargounderground.com/event/glow-skate-night/2028-07-14/,https://www.skatecitynd.com/2025/07/7334/,,$10,"{""currency_symbol"":""$"",""currency_code"":""USD"",""currency_position"":""prefix"",""values"":[""10""]}","[{""id"":1298,""name"":""Active &amp; Social Events"",""slug"":""active-social-events"",""parent"":909},{""id"":374,""name"":""Families &amp; Kids"",""slug"":""families-kids"",""parent"":361}]",[],"{""id"":145039,""global_id"":""fargounderground.com?id=145039"",""venue"":""Skate City ND"",""address"":""3302 Interstate Blvd S"",""city"":""Fargo"",""country"":""United States"",""province"":""North Dakota"",""zip"":""58103"",""website"":""skatecitynd.com"",""phone"":""(701) 235-0555"",""url"":""https://fargounderground.com/venue/skate-city-nd/"",""show_map"":true,""show_map_link"":true}",[],"This nighttime session brings a great atmosphere with good music to skate to, games, a blackout skate and glow sticks! Every paid skater gets a FREE GLOW STICK! Blackout Skate For a portion of the session, we will black out the rink and side aisle lighting. While there is still enough visibility to navigate the skating floor, the darker environment creates a concert-style atmosphere. When coupled with our glow products, this elevates and enhances your skating experience! Glow Sticks Get a FREE glow stick for every paid skater! We want everyone to enjoy the glow night and create a fun, glowing atmosphere, so we provide every paid skater with a glow stick on us! Great Music & Games We pick great music for dancing and skating for this Friday night session. Nothing pairs with specialty lights and blackout skates like songs with a good rhythm!",,"{""url"":""https://fargounderground.com/wp-content/uploads/2025/09/Glow-Skate-TV.png"",""id"":263362,""extension"":""png"",""width"":1920,""height"":1080}","{""_ecp_custom_2"":{""label"":""Region"",""value"":""Fargo""}}",false,false,,,2025-09-06 19:10:31,2025-09-07 00:10:31,true,true,,,
2026-09-30T20:20:26Z,fargounderground.com,https://fargounderground.com/wp-json/tribe/events/v1/events,93,10061349,fargounderground.com?id=10061349,Cosmic Bowling,2028-07-14 21:30:00,2028-07-15 02:30:00,2028-07-15 00:00:00,2028-07-15 05:00:00,America/Chicago,false,false,publish,https://fargounderground.com/event/cosmic-bowling/2028-07-14/,,,$15,"{""currency_symbol"":""$"",""currency_code"":""USD"",""currency_position"":""prefix"",""values"":[""15""]}","[{""id"":1298,""name"":""Active &amp; Social Events"",""slug"":""active-social-events"",""parent"":909},{""id"":374,""name"":""Families &amp; Kids"",""slug"":""families-kids"",""parent"":361}]",[],"{""id"":263439,""global_id"":""fargounderground.com?id=263439"",""venue"":""West Acres Bowl"",""address"":""3402 Interstate Blvd S"",""city"":""Fargo"",""country"":""United States"",""state"":""ND"",""zip"":""58103"",""phone"":""701-235-4437"",""url"":""https://fargounderground.com/venue/west-acres-bowl/"",""geo_lat"":46.8637495,""geo_lng"":-96.8363583,""show_map"":true,""show_map_link"":true}",[],"Get ready for an out-of-this-world experience at West Acres Bowl with Cosmic Bowling every Friday and Saturday night! 🌌 From 9:30 PM to Midnight, the lights go down and the blacklights turn up. Bowl to the rhythm of great music and enjoy a unique, high-energy atmosphere. Perfect for a night out with friends, a fun date, or a late-night family activity. No reservations are needed—just show up and get ready to glow!",,"{""url"":""https://fargounderground.com/wp-content/uploads/2025/09/Cosmic-Bowling.jpg"",""id"":263436,""extension"":""jpg"",""width"":2348,""height"":1536}","{""_ecp_custom_2"":{""label"":""Region"",""value"":""Fargo""}}",false,false,,,2025-09-07 11:39:17,2025-09-07 16:39:17,true,true,,,
2026-09-30T20:20:26Z,fargounderground.com,https://fargounderground.com/wp-json/tribe/events/v1/events,93,10061871,fargounderground.com?id=10061871,Rock N Bowl,2028-07-14 22:00:00,2028-07-15 03:00:00,2028-07-15 00:00:00,2028-07-15 05:00:00,America/Chicago,false,false,publish,https://fargounderground.com/event/rock-n-bowl/2028-07-14/,https://bowlingsunset.com/rock-n-bowl,,$13,"{""currency_symbol"":""$"",""currency_code"":""USD"",""currency_position"":""prefix"",""values"":[""13""]}","[{""id"":1298,""name"":""Active &amp; Social Events"",""slug"":""active-social-events"",""parent"":909},{""id"":372,""name"":""Food &amp; Drink"",""slug"":""food-drink"",""parent"":0}]",[],"{""id"":146365,""global_id"":""fargounderground.com?id=146365"",""venue"":""Sunset Lanes"",""address"":""620 U.S. 75"",""city"":""Moorhead"",""country"":""United States"",""province"":""MN"",""state"":""MN"",""zip"":""56560"",""website"":""https://bowlingsunset.com/"",""url"":""https://fargounderground.com/venue/sunset-lanes/"",""geo_lat"":46.8818938,""geo_lng"":-96.7431497,""show_map"":true,""show_map_link"":true}",[],"$13 per person. Grab some friends and head over to Sunset Lanes for Rock N Bowl. Sunset Lanes has Qubica’s deckpin lighting and cap lighting. The bar and kitchen are open all night long, so enjoy some food and drinks while you bowl. This event is fun for all ages.",,"{""url"":""https://fargounderground.com/wp-content/uploads/2025/09/rsw_1240h_620cg_true.webp"",""id"":263442,""extension"":""webp"",""width"":1240,""height"":620}","{""_ecp_custom_2"":{""label"":""Region"",""value"":""Moorhead""}}",false,false,,,2025-09-07 11:45:40,2025-09-07 16:45:40,true,true,,,
2026-09-30T20:20:26Z,fargounderground.com,https://fargounderground.com/wp-json/tribe/events/v1/events,93,10060677,fargounderground.com?id=10060677,Saturday Morning Family Skate,2028-07-15 10:00:00,2028-07-15 15:00:00,2028-07-15 12:00:00,2028-07-15 17:00:00,America/Chicago,false,false,publish,https://fargounderground.com/event/saturday-morning-family-skate/2028-07-15/,https://www.skatecitynd.com/2024/02/family-skate/,,$6,"{""currency_symbol"":""$"",""currency_code"":""USD"",""currency_position"":""prefix"",""values"":[""6""]}","[{""id"":1298,""name"":""Active &amp; Social Events"",""slug"":""active-social-events"",""parent"":909},{""id"":374,""name"":""Families &amp; Kids"",""slug"":""families-kids"",""parent"":361}]",[],"{""id"":145039,""global_id"":""fargounderground.com?id=145039"",""venue"":""Skate City ND"",""address"":""3302 Interstate Blvd S"",""city"":""Fargo"",""country"":""United States"",""province"":""North Dakota"",""zip"":""58103"",""website"":""skatecitynd.com"",""phone"":""(701) 235-0555"",""url"":""https://fargounderground.com/venue/skate-city-nd/"",""show_map"":true,""show_map_link"":true}",[],"Catering to families with young skaters, this Saturday morning session offers discounted admission for families along with age-appropriate music and skating aids at half off the regular price! Help for Our Youngest Skaters Our Family Skate is great for our newest skaters! We have Zippy Adjustable Skates, which go over the shoe, have a lower and wider wheel base, and roll more slowly. These are great for learning balance. We also rent Skate Mates for skaters aged 10 and under for $2.50 which is 1/2 off the regular price. Discounted Admission for All As families grow so do the expenses to go out and have fun together. We want to help and so during our Family Skate you can enjoy a lower admission at just $6 per skater. Don’t have your own skates? No problem! Rent your choice of inline or roller skates for just $4.00. Themed Skate Sessions Our Family Skate is a great session to host themed skates throughout the year. Whether celebrating a holiday or creating our own fun with a Superhero Skate, these can feature costumes, festivities and prizes, and themed music! Themed events may have special pricing on Admission.",,"{""url"":""https://fargounderground.com/wp-content/uploads/2025/09/family-skate-TV.png"",""id"":263376,""extension"":""png"",""width"":1920,""height"":1080}","{""_ecp_custom_2"":{""label"":""Region"",""value"":""Fargo""}}",false,false,,,2025-09-06 19:30:43,2025-09-07 00:30:43,true,true,,,
2026-09-30T20:20:26Z,fargounderground.com,https://fargounderground.com/wp-json/tribe/events/v1/events,93,10056787,fargounderground.com?id=10056787,Pickabob Grill & BBQ,2028-07-15 12:00:00,2028-07-15 17:00:00,2028-07-16 02:30:00,2028-07-16 07:30:00,America/Chicago,false,false,publish,https://fargounderground.com/event/pickabob-grill-bbq-3/2028-07-15/,,,,"{""currency_symbol"":""$"",""currency_code"":""USD"",""currency_position"":""prefix"",""values"":[]}","[{""id"":825,""name"":""Food Trucks"",""slug"":""food-trucks"",""parent"":372}]",[],"{""id"":160212,""global_id"":""fargounderground.com?id=160212"",""venue"":""Great Northern Park"",""address"":""425 Broadway N"",""city"":""Fargo"",""country"":""United States"",""province"":""North Dakota"",""zip"":""58102"",""url"":""https://fargounderground.com/venue/great-northern-park/"",""show_map"":true,""show_map_link"":true}",[],,,false,[],false,false,,,2023-06-16 10:54:49,2023-06-16 15:54:49,false,false,,,
2026-09-30T20:20:26Z,fargounderground.com,https://fargounderground.com/wp-json/tribe/events/v1/events,93,10060938,fargounderground.com?id=10060938,Saturday Night Special Skate,2028-07-15 18:00:00,2028-07-15 23:00:00,2028-07-15 21:00:00,2028-07-16 02:00:00,America/Chicago,false,false,publish,https://fargounderground.com/event/saturday-night-special-skate/2028-07-15/,https://www.skatecitynd.com/2025/08/saturday-night-special/,,$6,"{""currency_symbol"":""$"",""currency_code"":""USD"",""currency_position"":""prefix"",""values"":[""6""]}","[{""id"":1298,""name"":""Active &amp; Social Events"",""slug"":""active-social-events"",""parent"":909},{""id"":374,""name"":""Families &amp; Kids"",""slug"":""families-kids"",""parent"":361}]",[],"{""id"":145039,""global_id"":""fargounderground.com?id=145039"",""venue"":""Skate City ND"",""address"":""3302 Interstate Blvd S"",""city"":""Fargo"",""country"":""United States"",""province"":""North Dakota"",""zip"":""58103"",""website"":""skatecitynd.com"",""phone"":""(701) 235-0555"",""url"":""https://fargounderground.com/venue/skate-city-nd/"",""show_map"":true,""show_map_link"":true}",[],"Spend your Saturday Nights skating and jamming with us! Catering to families and skaters of all ages and skill levels. A perfect way to spend your weekend evening all while saving! 3-Hours of skating for just $6 per skater, plus $4.00 skate rental if needed. Family Night Out Saturday Night is a great way to get some weekend fun for the whole family at a great rate. Bring friends and extended family for good music, games and food! Groups & Clubs Whether you’re in a college club, book club or sports team, our group rates can’t be beaten! Reserve your group of 15 or more skaters at get admission for $6 per skater, which includes choice of rental! Birthday Celebrations Skating is the best way to celebrate another year around the sun. Book your party online then invite your friends and family for a party that will stand out from the rest. Parties start as low as just $149. For more information on our great packages – Click Here –",,"{""url"":""https://fargounderground.com/wp-content/uploads/2025/09/Saturday-Night-Special-TV-Slide-7.25-scaled-1-scaled.jpg"",""id"":263379,""extension"":""jpg"",""width"":2560,""height"":1451}","{""_ecp_custom_2"":{""label"":""Region"",""value"":""Fargo""}}",false,false,,,2025-09-06 19:33:55,2025-09-07 00:33:55,true,true,,,
2026-09-30T20:20:26Z,fargounderground.com,https://fargounderground.com/wp-json/tribe/events/v1/events,93,10059894,fargounderground.com?id=10059894,Adult Skate Night,2028-07-15 21:00:00,2028-07-16 02:00:00,2028-07-15 23:00:00,2028-07-16 04:00:00,America/Chicago,false,false,publish,https://fargounderground.com/event/adult-skate-night/2028-07-15/,https://www.skatecitynd.com/2025/08/adult-night/,,$10,"{""currency_symbol"":""$"",""currency_code"":""USD"",""currency_position"":""prefix"",""values"":[""10""]}","[{""id"":1298,""name"":""Active &amp; Social Events"",""slug"":""active-social-events"",""parent"":909},{""id"":909,""name"":""Entertainment"",""slug"":""entertainment"",""parent"":0},{""id"":359,""name"":""Nightlife"",""slug"":""nightlife"",""parent"":909}]",[],"{""id"":173814,""global_id"":""fargounderground.com?id=173814"",""venue"":""Skate City"",""address"":""3302 Interstate Blvd S"",""city"":""Fargo"",""country"":""United States"",""province"":""ND"",""zip"":""58103"",""website"":""https://skatecitynd.com/"",""phone"":""701-235-0555"",""url"":""https://fargounderground.com/venue/"",""geo_lat"":46.865252,""geo_lng"":-96.833748,""show_map"":true,""show_map_link"":true}",[],Catering to our adult crowd looking for a great Saturday Night! This is an 18+ Only Session with less games and more skating. Admission is $10. Skate rental is $4.00 if needed. Observing adults must pay admission.,,"{""url"":""https://fargounderground.com/wp-content/uploads/2025/09/Adult-Night-TV-Slide.jpeg"",""id"":263357,""extension"":""jpeg"",""width"":1920,""height"":1080}","{""_ecp_custom_2"":{""label"":""Region"",""value"":""Fargo""}}",false,false,,,2025-09-06 19:06:57,2025-09-07 00:06:57,true,true,,,
2026-09-30T20:20:26Z,fargounderground.com,https://fargounderground.com/wp-json/tribe/events/v1/events,93,10065058,fargounderground.com?id=10065058,Alibi Karaoke,2028-07-15 21:00:00,2028-07-16 02:00:00,2028-07-16 01:00:00,2028-07-16 06:00:00,America/Chicago,false,false,publish,https://fargounderground.com/event/alibi-karaoke/2028-07-15/,https://fargonddj.com/event/6277439/737366223/alibi-karaoke,,,"{""currency_symbol"":""$"",""currency_code"":""USD"",""currency_position"":""prefix"",""values"":[]}","[{""id"":368,""name"":""Karaoke"",""slug"":""karaoke"",""parent"":909},{""id"":359,""name"":""Nightlife"",""slug"":""nightlife"",""parent"":909}]","[{""name"":""drinks"",""slug"":""drinks"",""term_group"":0,""term_taxonomy_id"":74,""taxonomy"":""post_tag"",""description"":"""",""parent"":0,""count"":21,""filter"":""raw"",""id"":74,""urls"":{""self"":""https://fargounderground.com/wp-json/tribe/events/v1/tags/74"",""collection"":""https://fargounderground.com/wp-json/tribe/events/v1/tags""}},{""name"":""Music"",""slug"":""music"",""term_group"":0,""term_taxonomy_id"":29,""taxonomy"":""post_tag"",""description"":"""",""parent"":0,""count"":26,""filter"":""raw"",""id"":29,""urls"":{""self"":""https://fargounderground.com/wp-json/tribe/events/v1/tags/29"",""collection"":""https://fargounderground.com/wp-json/tribe/events/v1/tags""}}]","{""id"":148614,""global_id"":""fargounderground.com?id=148614"",""venue"":""Alibi Lounge"",""address"":""1340 21st Ave S"",""city"":""Fargo"",""province"":""ND"",""zip"":""58103"",""website"":""https://alibi-lounge.business.site/"",""phone"":""(701) 235-3141"",""url"":""https://fargounderground.com/venue/alibi-lounge/"",""geo_lat"":46.8463963,""geo_lng"":-96.8004683,""show_map"":false,""show_map_link"":false}","[{""id"":180416,""global_id"":""fargounderground.com?id=180416"",""organizer"":""D&amp;J Music + Karaoke"",""url"":""https://fargounderground.com/organizer/"",""website"":""https://djmusickaraoke.com/"",""phone"":""‪(701) 566-9525‬"",""email"":""info@djmusickaraoke.com""}]","Join us for another night of Saturday Night Madness including but not limited to drinks, music and gambling at The Alibi Lounge located inside the legendary Baymont Inn, South University Drive Fargo. Bring friends, make friends, and prepare yourself for a night to remember.",,"{""url"":""https://fargounderground.com/wp-content/uploads/2025/10/IMG_6023.jpeg"",""id"":278949,""extension"":""jpeg"",""width"":828,""height"":987}","{""_ecp_custom_2"":{""label"":""Region"",""value"":""Fargo""}}",false,false,,,2025-10-08 11:20:43,2025-10-08 16:20:43,true,true,,,
2026-09-30T20:20:26Z,fargounderground.com,https://fargounderground.com/wp-json/tribe/events/v1/events,93,10028908,fargounderground.com?id=10028908,Karaoke at Dempsey’s,2028-07-15 21:00:00,2028-07-16 02:00:00,2028-07-16 02:00:00,2028-07-16 07:00:00,America/Chicago,false,false,publish,https://fargounderground.com/event/karaoke-at-dempseys-59-2/2028-07-15/,,,Free,"{""currency_symbol"":""$"",""currency_code"":""USD"",""currency_position"":""prefix"",""values"":[""free""]}","[{""id"":368,""name"":""Karaoke"",""slug"":""karaoke"",""parent"":909}]",[],"{""id"":91157,""global_id"":""fargounderground.com?id=91157"",""venue"":""Dempsey’s Public House"",""address"":""226 Broadway N"",""city"":""Fargo"",""country"":""United States"",""province"":""ND"",""zip"":""58102"",""website"":""https://dempseysfargo.com/"",""url"":""https://fargounderground.com/venue/dempseys-public-house-2/"",""geo_lat"":46.8789764,""geo_lng"":-96.7882596,""show_map"":true,""show_map_link"":true}",[],"Dempsey’s has been named the Best Karaoke bar in Fargo for a reason! Sing your heart out during our FREE Karaoke night, every Tuesday and Saturday. It’s legendary!",,"{""url"":""https://fargounderground.com/wp-content/uploads/2022/11/karaoke-dempseys-0BUCH0.tmp_.png"",""id"":142666,""extension"":""png"",""width"":945,""height"":532}",[],false,false,,,2023-09-18 17:10:07,2023-09-18 22:10:07,false,false,,,
2026-09-30T20:20:26Z,fargounderground.com,https://fargounderground.com/wp-json/tribe/events/v1/events,93,10035123,fargounderground.com?id=10035123,Saturday Night Karaoke,2028-07-15 21:00:00,2028-07-16 02:00:00,2028-07-16 01:00:00,2028-07-16 06:00:00,America/Chicago,false,false,publish,https://fargounderground.com/event/saturday-night-karaoke/2028-07-15/,https://djtonyfalcon.com/events,,Free,"{""currency_symbol"":""$"",""currency_code"":""USD"",""currency_position"":""prefix"",""values"":[""0""]}","[{""id"":368,""name"":""Karaoke"",""slug"":""karaoke"",""parent"":909}]",[],"{""id"":148614,""global_id"":""fargounderground.com?id=148614"",""venue"":""Alibi Lounge"",""address"":""1340 21st Ave S"",""city"":""Fargo"",""province"":""ND"",""zip"":""58103"",""website"":""https://alibi-lounge.business.site/"",""phone"":""(701) 235-3141"",""url"":""https://fargounderground.com/venue/alibi-lounge/"",""geo_lat"":46.8463963,""geo_lng"":-96.8004683,""show_map"":false,""show_map_link"":false}","[{""id"":180416,""global_id"":""fargounderground.com?id=180416"",""organizer"":""D&amp;J Music + Karaoke"",""url"":""https://fargounderground.com/organizer/"",""website"":""https://djmusickaraoke.com/"",""phone"":""‪(701) 566-9525‬"",""email"":""info@djmusickaraoke.com""}]","Join DJ Tony Falcon for another night of Saturday Night Madness including but not limited to drinks, music and gambling at The Alibi Lounge located inside the legendary Baymont Inn, South University Drive Fargo. Bring friends, make friends, and prepare yourself for a night to remember. Mics are sanitized after every use.",,"{""url"":""https://fargounderground.com/wp-content/uploads/2024/01/417100139_860174092779522_3296353275171812107_n-jpg-webp.webp"",""id"":180465,""extension"":""webp"",""width"":960,""height"":556}","{""_ecp_custom_2"":{""label"":""Region"",""value"":""Fargo""}}",false,false,,,2025-08-24 12:42:10,2025-08-24 17:42:10,true,true,,,
2026-09-30T20:20:26Z,fargounderground.com,https://fargounderground.com/wp-json/tribe/events/v1/events,93,10029177,fargounderground.com?id=10029177,Vic’s Karaoke,2028-07-15 21:00:00,2028-07-16 02:00:00,2028-07-16 02:00:00,2028-07-16 07:00:00,America/Chicago,false,false,publish,https://fargounderground.com/event/vics-karaoke-2-2/2028-07-15/,,,Free,"{""currency_symbol"":""$"",""currency_code"":""USD"",""currency_position"":""prefix"",""values"":[""0""]}","[{""id"":368,""name"":""Karaoke"",""slug"":""karaoke"",""parent"":909}]",[],"{""id"":92621,""global_id"":""fargounderground.com?id=92621"",""venue"":""Vic&#8217;s Bar and Grill"",""address"":""1608 Main Avenue"",""city"":""Moorhead"",""country"":""United States"",""state"":""MN"",""zip"":""56560"",""phone"":""(218) 236-7714"",""url"":""https://fargounderground.com/venue/vics-lounge/"",""geo_lat"":46.8752849,""geo_lng"":-96.7729609,""show_map"":true,""show_map_link"":true}",[],"Join us Saturday nights at Vic’s for karaoke! The singing kicks off at 9 PM, but be sure to come early for the awesome specials!",,"{""url"":""https://fargounderground.com/wp-content/uploads/2023/09/429820599_908393177961600_6854180573421060203_n-jpg.webp"",""id"":189042,""extension"":""webp"",""width"":2048,""height"":1152}",[],false,false,,,2024-03-31 10:42:51,2024-03-31 15:42:51,false,false,,,
2026-09-30T20:20:26Z,fargounderground.com,https://fargounderground.com/wp-json/tribe/events/v1/events,93,10061350,fargounderground.com?id=10061350,Cosmic Bowling,2028-07-15 21:30:00,2028-07-16 02:30:00,2028-07-16 00:00:00,2028-07-16 05:00:00,America/Chicago,false,false,publish,https://fargounderground.com/event/cosmic-bowling/2028-07-15/,,,$15,"{""currency_symbol"":""$"",""currency_code"":""USD"",""currency_position"":""prefix"",""values"":[""15""]}","[{""id"":1298,""name"":""Active &amp; Social Events"",""slug"":""active-social-events"",""parent"":909},{""id"":374,""name"":""Families &amp; Kids"",""slug"":""families-kids"",""parent"":361}]",[],"{""id"":263439,""global_id"":""fargounderground.com?id=263439"",""venue"":""West Acres Bowl"",""address"":""3402 Interstate Blvd S"",""city"":""Fargo"",""country"":""United States"",""state"":""ND"",""zip"":""58103"",""phone"":""701-235-4437"",""url"":""https://fargounderground.com/venue/west-acres-bowl/"",""geo_lat"":46.8637495,""geo_lng"":-96.8363583,""show_map"":true,""show_map_link"":true}",[],"Get ready for an out-of-this-world experience at West Acres Bowl with Cosmic Bowling every Friday and Saturday night! 🌌 From 9:30 PM to Midnight, the lights go down and the blacklights turn up. Bowl to the rhythm of great music and enjoy a unique, high-energy atmosphere. Perfect for a night out with friends, a fun date, or a late-night family activity. No reservations are needed—just show up and get ready to glow!",,"{""url"":""https://fargounderground.com/wp-content/uploads/2025/09/Cosmic-Bowling.jpg"",""id"":263436,""extension"":""jpg"",""width"":2348,""height"":1536}","{""_ecp_custom_2"":{""label"":""Region"",""value"":""Fargo""}}",false,false,,,2025-09-07 11:39:17,2025-09-07 16:39:17,true,true,,,
2026-09-30T20:20:26Z,fargounderground.com,https://fargounderground.com/wp-json/tribe/events/v1/events,93,10039963,fargounderground.com?id=10039963,Karaoke at Rhombus Guys,2028-07-15 22:00:00,2028-07-16 03:00:00,2028-07-16 22:00:00,2028-07-17 03:00:00,America/Chicago,false,false,publish,https://fargounderground.com/event/karaoke-at-rhombus-guys/2028-07-15/,,,Free,"{""currency_symbol"":""$"",""currency_code"":"""",""currency_position"":""prefix"",""values"":[""0""]}","[{""id"":368,""name"":""Karaoke"",""slug"":""karaoke"",""parent"":909}]",[],"{""id"":45546,""global_id"":""fargounderground.com?id=45546"",""venue"":""Rhombus Guys Pizza"",""address"":""606 Main Ave"",""city"":""Fargo"",""country"":""United States"",""province"":""ND"",""zip"":""58103"",""url"":""https://fargounderground.com/venue/winter-pride-trivia-game-night/"",""geo_lat"":46.8740978,""geo_lng"":-96.7884067,""show_map"":true,""show_map_link"":true}",[],Free Karaoke every Saturday from 10pm to 1am with Khook Entertainment!,,"{""url"":""https://fargounderground.com/wp-content/uploads/2024/02/Facebook-Logo.png"",""id"":183987,""extension"":""png"",""width"":1000,""height"":1000}","{""_ecp_custom_2"":{""label"":""Region"",""value"":""Fargo""}}",false,false,,,2024-02-14 10:07:21,2024-02-14 16:07:21,true,true,,,
2026-09-30T20:20:26Z,fargounderground.com,https://fargounderground.com/wp-json/tribe/events/v1/events,93,10061872,fargounderground.com?id=10061872,Rock N Bowl,2028-07-15 22:00:00,2028-07-16 03:00:00,2028-07-16 00:00:00,2028-07-16 05:00:00,America/Chicago,false,false,publish,https://fargounderground.com/event/rock-n-bowl/2028-07-15/,https://bowlingsunset.com/rock-n-bowl,,$13,"{""currency_symbol"":""$"",""currency_code"":""USD"",""currency_position"":""prefix"",""values"":[""13""]}","[{""id"":1298,""name"":""Active &amp; Social Events"",""slug"":""active-social-events"",""parent"":909},{""id"":372,""name"":""Food &amp; Drink"",""slug"":""food-drink"",""parent"":0}]",[],"{""id"":146365,""global_id"":""fargounderground.com?id=146365"",""venue"":""Sunset Lanes"",""address"":""620 U.S. 75"",""city"":""Moorhead"",""country"":""United States"",""province"":""MN"",""state"":""MN"",""zip"":""56560"",""website"":""https://bowlingsunset.com/"",""url"":""https://fargounderground.com/venue/sunset-lanes/"",""geo_lat"":46.8818938,""geo_lng"":-96.7431497,""show_map"":true,""show_map_link"":true}",[],"$13 per person. Grab some friends and head over to Sunset Lanes for Rock N Bowl. Sunset Lanes has Qubica’s deckpin lighting and cap lighting. The bar and kitchen are open all night long, so enjoy some food and drinks while you bowl. This event is fun for all ages.",,"{""url"":""https://fargounderground.com/wp-content/uploads/2025/09/rsw_1240h_620cg_true.webp"",""id"":263442,""extension"":""webp"",""width"":1240,""height"":620}","{""_ecp_custom_2"":{""label"":""Region"",""value"":""Moorhead""}}",false,false,,,2025-09-07 11:45:40,2025-09-07 16:45:40,true,true,,,
2026-09-30T20:20:26Z,fargounderground.com,https://fargounderground.com/wp-json/tribe/events/v1/events,93,10034311,fargounderground.com?id=10034311,Open Mic,2028-07-16 18:00:00,2028-07-16 23:00:00,2028-07-16 22:00:00,2028-07-17 03:00:00,America/Chicago,false,false,publish,https://fargounderground.com/event/open-mic/2028-07-16/,,,Free,"{""currency_symbol"":""$"",""currency_code"":"""",""currency_position"":""prefix"",""values"":[""0""]}","[{""id"":360,""name"":""Live Music"",""slug"":""live-music"",""parent"":0},{""id"":369,""name"":""Open Mic &amp; Jam"",""slug"":""open-mic-jam"",""parent"":909}]",[],"{""id"":104370,""global_id"":""fargounderground.com?id=104370"",""venue"":""Cowboy Jack&#8217;s"",""address"":""506 Broadway"",""city"":""Fargo"",""province"":""ND"",""zip"":""58102"",""website"":""https://downtownfargo.com/venue/cowboy-jacks/"",""url"":""https://fargounderground.com/venue/cowboy-jacks/"",""geo_lat"":46.881414,""geo_lng"":-96.788091,""show_map"":true,""show_map_link"":true}",[],Live music and great food! Can’t wait to see you there!,,"{""url"":""https://fargounderground.com/wp-content/uploads/2023/12/410021949_813755527423771_7670712905895671685_n-jpg-webp.webp"",""id"":177707,""extension"":""webp"",""width"":526,""height"":526}","{""_ecp_custom_2"":{""label"":""Region"",""value"":""Fargo""}}",false,false,,,2023-12-11 09:39:16,2023-12-11 15:39:16,true,true,,,
2026-09-30T20:20:26Z,fargounderground.com,https://fargounderground.com/wp-json/tribe/events/v1/events,93,10049333,fargounderground.com?id=10049333,Monday Meetups for Adults,2028-07-17 18:00:00,2028-07-17 23:00:00,2028-07-17 20:00:00,2028-07-18 01:00:00,America/Chicago,false,false,publish,https://fargounderground.com/event/monday-meetups-for-adults/2028-07-17/,https://larl.org/mondaymeetup,,Free,"{""currency_symbol"":""$"",""currency_code"":""USD"",""currency_position"":""prefix"",""values"":[""0""]}","[{""id"":677,""name"":""Clubs &amp; Groups"",""slug"":""clubs-groups"",""parent"":361},{""id"":364,""name"":""Crafts &amp; Hobbies"",""slug"":""arts-crafts"",""parent"":428},{""id"":367,""name"":""Gaming &amp; Tabletop"",""slug"":""games"",""parent"":909},{""id"":429,""name"":""Literary Arts"",""slug"":""books-readings"",""parent"":428}]",[],"{""id"":91017,""global_id"":""fargounderground.com?id=91017"",""venue"":""Moorhead Public Library"",""address"":""118 5th St S"",""city"":""Moorhead"",""country"":""United States"",""province"":""MN"",""state"":""MN"",""zip"":""56560"",""website"":""https://larl.org/"",""phone"":""(218) 233-7594"",""url"":""https://fargounderground.com/venue/moorhead-public-library/"",""geo_lat"":46.873097,""geo_lng"":-96.771756,""show_map"":true,""show_map_link"":true}","[{""id"":186176,""global_id"":""fargounderground.com?id=186176"",""organizer"":""Moorhead Public Library"",""url"":""https://fargounderground.com/organizer/"",""website"":""https://larl.org/locations/moorhead/"",""phone"":""218-233-7594"",""email"":""mhreference@larl.org""}]","Meet up and chat with others with similar interests. Come with friends, or make some new ones! Refreshments will be provided. Check the calendar for updates – https://larl.org/mondaymeetup/ First Monday of the Month – Craft Connection Join us to get cozy, craft and chat! This is an opportunity to leave distractions behind and focus on your craft. Bring whatever project you are working on and meet up with other local crafters. You can share your expertise, learn from others or just enjoy some distraction-free time to yourself. Refreshments will be provided. Second Monday of the Month – Best Sellers Book Club Join the Moorhead Public Library’s Best Sellers Book Club and see what the buzz is about in the latest popular books! Third Monday of the Month – Game Night Join us to get cozy, play games, and chat! This is an opportunity to meet up with others who enjoy playing games. Come with friends, or make some new ones! Bring your favorite card or board game, or try one of ours! Refreshments will be provided. Fourth Monday of the Month – Silent Reading Club Join us at the Moorhead Library for quiet, sustained reading at our new Silent Book Club! All readers are welcome—ebooks or audiobooks, poetry or prose, fiction or non-fiction… it’s BYOBook. The library will provide comfortable seating and light refreshments. Fifth Monday of the Month – Guided Activity Join us each month for different activities lead by experts in their respective disciplines. Any needed supplies will be provided.",,"{""url"":""https://fargounderground.com/wp-content/uploads/2024/10/MHD-all-Monday-Meetups-2024-Website-Graphic-scaled-1.jpg"",""id"":257979,""extension"":""jpg"",""width"":2560,""height"":1440}","{""_ecp_custom_2"":{""label"":""Region"",""value"":""Moorhead""}}",false,false,,,2025-07-29 11:46:45,2025-07-29 16:46:45,true,true,,,
2026-09-30T20:20:26Z,fargounderground.com,https://fargounderground.com/wp-json/tribe/events/v1/events,93,10062585,fargounderground.com?id=10062585,Jazz Night at Sidestreet,2028-07-17 19:00:00,2028-07-18 00:00:00,2028-07-17 21:00:00,2028-07-18 02:00:00,America/Chicago,false,false,publish,https://fargounderground.com/event/jazz-night-at-sidestreet-2/2028-07-17/,https://www.fargopartyof3.com/sidestreet.html,,Free,"{""currency_symbol"":""$"",""currency_code"":""USD"",""currency_position"":""prefix"",""values"":[""0""]}","[{""id"":412,""name"":""Culture &amp; Heritage"",""slug"":""culture"",""parent"":428},{""id"":909,""name"":""Entertainment"",""slug"":""entertainment"",""parent"":0},{""id"":372,""name"":""Food &amp; Drink"",""slug"":""food-drink"",""parent"":0},{""id"":591,""name"":""Jazz &amp; Blues"",""slug"":""jazz-blues"",""parent"":360}]",[],"{""id"":93912,""global_id"":""fargounderground.com?id=93912"",""venue"":""SIdestreet Grille &#038; Pub"",""address"":""404 4th ave N"",""city"":""Fargo"",""province"":""ND"",""state"":""ND"",""zip"":""58102"",""website"":""https://downtownfargo.com/venue/sidestreet-grille-pub/"",""url"":""https://fargounderground.com/venue/sidestreet-grille-pub-3/"",""geo_lat"":46.8798407,""geo_lng"":-96.7849167,""show_map"":true,""show_map_link"":true}",[],"Start your week on a high note with Jazz Night at Sidestreet Grille & Pub! Every Monday from 7 to 9 p.m., the pub transforms into a cozy jazz club, featuring talented local musicians. Grab a seat, enjoy a delicious meal, and unwind with the smooth sounds of live jazz. It’s the perfect way to relax and appreciate the local music scene.",,"{""url"":""https://fargounderground.com/wp-content/uploads/2023/10/jazznights-2023aug-dec_orig-e1698696620909-0UgB44.tmp_-jpg-webp.webp"",""id"":174098,""extension"":""webp"",""width"":425,""height"":224}","{""_ecp_custom_2"":{""label"":""Region"",""value"":""Fargo""}}",false,false,,,2025-09-08 12:40:56,2025-09-08 17:40:56,true,true,,,
2026-09-30T20:20:26Z,fargounderground.com,https://fargounderground.com/wp-json/tribe/events/v1/events,93,10023956,fargounderground.com?id=10023956,Open Mic Night at Front Street Taproom,2028-07-17 20:00:00,2028-07-18 01:00:00,2028-07-17 23:00:00,2028-07-18 04:00:00,America/Chicago,false,false,publish,https://fargounderground.com/event/open-mic-night-at-front-street-taproom/2028-07-17/,https://www.facebook.com/events/638022304704240/638022361370901/,,Free,"{""currency_symbol"":"""",""currency_code"":"""",""currency_position"":"""",""values"":[""free""]}","[{""id"":360,""name"":""Live Music"",""slug"":""live-music"",""parent"":0},{""id"":369,""name"":""Open Mic &amp; Jam"",""slug"":""open-mic-jam"",""parent"":909}]","[{""name"":""downtown Fargo"",""slug"":""downtown-fargo"",""term_group"":0,""term_taxonomy_id"":49,""taxonomy"":""post_tag"",""description"":"""",""parent"":0,""count"":102,""filter"":""raw"",""id"":49,""urls"":{""self"":""https://fargounderground.com/wp-json/tribe/events/v1/tags/49"",""collection"":""https://fargounderground.com/wp-json/tribe/events/v1/tags""}},{""name"":""Fargo"",""slug"":""fargo"",""term_group"":0,""term_taxonomy_id"":240,""taxonomy"":""post_tag"",""description"":"""",""parent"":0,""count"":52,""filter"":""raw"",""id"":240,""urls"":{""self"":""https://fargounderground.com/wp-json/tribe/events/v1/tags/240"",""collection"":""https://fargounderground.com/wp-json/tribe/events/v1/tags""}},{""name"":""Live music"",""slug"":""live-music"",""term_group"":0,""term_taxonomy_id"":45,""taxonomy"":""post_tag"",""description"":"""",""parent"":0,""count"":81,""filter"":""raw"",""id"":45,""urls"":{""self"":""https://fargounderground.com/wp-json/tribe/events/v1/tags/45"",""collection"":""https://fargounderground.com/wp-json/tribe/events/v1/tags""}}]","{""id"":20933,""global_id"":""fargounderground.com?id=20933"",""venue"":""Front Street Taproom"",""address"":""614 Main Ave"",""city"":""Fargo"",""province"":""ND"",""state"":""ND"",""zip"":""58102"",""website"":""https://downtownfargo.com/venue/front-street-taproom/"",""url"":""https://fargounderground.com/venue/front-street-taproom-2/"",""geo_lat"":46.87428,""geo_lng"":-96.78883,""show_map"":true,""show_map_link"":true}",[],"Hosted by Travis Neros Every Monday at 8pm Come hangout and listen to live music, readings, and/or comedy! (If you’re wanting to sign-up come closer to the beginning, if you can)",,"{""url"":""https://fargounderground.com/wp-content/uploads/2023/01/339625439_693036622509731_7407905951526191323_n-jpg-webp.webp"",""id"":156207,""extension"":""webp"",""width"":1201,""height"":629}",[],false,false,,,2023-09-05 14:16:16,2023-09-05 19:16:16,true,true,,,
2026-09-30T20:20:26Z,fargounderground.com,https://fargounderground.com/wp-json/tribe/events/v1/events,93,10053503,fargounderground.com?id=10053503,Tea Time Tuesdays,2028-07-18 08:30:00,2028-07-18 13:30:00,2028-07-18 09:30:00,2028-07-18 14:30:00,America/Chicago,false,false,publish,https://fargounderground.com/event/tea-time-tuesdays/2028-07-18/,,,,"{""currency_symbol"":""$"",""currency_code"":""USD"",""currency_position"":""prefix"",""values"":[]}","[{""id"":649,""name"":""Business"",""slug"":""business"",""parent"":361}]",[],"{""id"":150796,""global_id"":""fargounderground.com?id=150796"",""venue"":""The Daily Dose Fargo"",""address"":""3223 13th Ave S"",""city"":""Fargo"",""country"":""United States"",""province"":""North Dakota"",""zip"":""58103"",""url"":""https://fargounderground.com/venue/the-daily-dose-fargo/"",""show_map"":true,""show_map_link"":true}",[],"Come and join us every Tuesday from 8:30-9:30am. Let’s connect, meet, network, caffeinate and reboot for the week! Networking is free and open to anyone willing to network!",,"{""url"":""https://fargounderground.com/wp-content/uploads/2023/02/326953771_5843143202437407_8499174753929495889_n-jpg-webp.webp"",""id"":150797,""extension"":""webp"",""width"":960,""height"":541}",[],false,false,,,2023-02-21 16:21:55,2023-02-21 22:21:55,false,false,,,
2026-09-30T20:20:26Z,fargounderground.com,https://fargounderground.com/wp-json/tribe/events/v1/events,93,10056382,fargounderground.com?id=10056382,Pickabob Grill & BBQ,2028-07-18 11:00:00,2028-07-18 16:00:00,2028-07-18 22:00:00,2028-07-19 03:00:00,America/Chicago,false,false,publish,https://fargounderground.com/event/pickabob-grill-bbq/2028-07-18/,,,,"{""currency_symbol"":""$"",""currency_code"":""USD"",""currency_position"":""prefix"",""values"":[]}","[{""id"":825,""name"":""Food Trucks"",""slug"":""food-trucks"",""parent"":372}]",[],"{""id"":160212,""global_id"":""fargounderground.com?id=160212"",""venue"":""Great Northern Park"",""address"":""425 Broadway N"",""city"":""Fargo"",""country"":""United States"",""province"":""North Dakota"",""zip"":""58102"",""url"":""https://fargounderground.com/venue/great-northern-park/"",""show_map"":true,""show_map_link"":true}",[],,,false,[],false,false,,,2023-06-16 10:57:07,2023-06-16 15:57:07,false,false,,,
2026-09-30T20:20:26Z,fargounderground.com,https://fargounderground.com/wp-json/tribe/events/v1/events,93,10026601,fargounderground.com?id=10026601,Suite Shots Trivia Night,2028-07-18 18:00:00,2028-07-18 23:00:00,2028-07-18 20:00:00,2028-07-19 01:00:00,America/Chicago,false,false,publish,https://fargounderground.com/event/suite-shots-trivia-night-9/2028-07-18/,,,Free,"{""currency_symbol"":""$"",""currency_code"":""USD"",""currency_position"":""prefix"",""values"":[""free""]}","[{""id"":370,""name"":""Trivia &amp; Bingo"",""slug"":""trivia"",""parent"":909}]",[],"{""id"":165649,""global_id"":""fargounderground.com?id=165649"",""venue"":""Suite Shots"",""address"":""3400 James Way S"",""city"":""Fargo"",""country"":""United States"",""province"":""ND"",""state"":""ND"",""zip"":""58104"",""website"":""https://suiteshots.com/venue/suite-shots/"",""phone"":""(701) 532-4653"",""url"":""https://fargounderground.com/venue/suite-shots/"",""geo_lat"":46.8072058,""geo_lng"":-96.8355331,""show_map"":true,""show_map_link"":true}",[],"Every Tuesday, showcase your vast knowledge (both useful & useless) & compete for fantastic Suite Shots prizes! 🏆 Join us at 6 pm for an evening of brain-teasing fun! 🧠💡 But before the trivia begins, don’t miss our Happy Hour from 3:30-6:30 pm. 🍻 PLUS, if you’re craving some delicious tacos, we’ve got you covered with $4 Walleye Tacos & $4 Specialty Tacos changed monthly. 🌮",,"{""url"":""https://fargounderground.com/wp-content/uploads/2023/09/359314893_753992756729627_4984377186369470435_n-jpg-webp.webp"",""id"":169720,""extension"":""webp"",""width"":1080,""height"":1080}",[],false,false,,,2024-05-15 16:02:56,2024-05-15 21:02:56,true,true,,,
2026-09-30T20:20:26Z,fargounderground.com,https://fargounderground.com/wp-json/tribe/events/v1/events,93,10042159,fargounderground.com?id=10042159,Tuesday Night Trivia at the Sidestreet,2028-07-18 19:00:00,2028-07-19 00:00:00,2028-07-18 21:00:00,2028-07-19 02:00:00,America/Chicago,false,false,publish,https://fargounderground.com/event/tuesday-night-trivia-at-the-sidestreet-2/2028-07-18/,,,Free,"{""currency_symbol"":""$"",""currency_code"":""USD"",""currency_position"":""prefix"",""values"":[""0""]}","[{""id"":370,""name"":""Trivia &amp; Bingo"",""slug"":""trivia"",""parent"":909}]",[],"{""id"":20005,""global_id"":""fargounderground.com?id=20005"",""venue"":""Sidestreet Grille &amp; Pub"",""address"":""404 4th Ave N"",""city"":""Fargo"",""country"":""United States"",""province"":""ND"",""state"":""ND"",""zip"":""58102-4810"",""website"":""https://www.facebook.com/SidestreetGrilleandPub/"",""url"":""https://fargounderground.com/venue/sidestreet-grille-pub/"",""geo_lat"":46.8798407,""geo_lng"":-96.7849167,""show_map"":true,""show_map_link"":true}",[],Hey There & Howdy Trivia Hounds! Tuesdays just got that much better with Two Lanterns Trivia at the Sidestreet in Downtown Fargo! Test your trivial knowledge for the chance to win FREE drinks or get ZONKED with everybody’s favorite Game-within-the-Game “WHAT’S IN THE BAG?!” Grand Prize Winners get a $20.00 GIFT CARD! Come on out…It’s sure to be a fun time!,,"{""url"":""https://fargounderground.com/wp-content/uploads/2023/04/340613979_592852209440315_7275928061751749308_n-jpg-webp.webp"",""id"":157565,""extension"":""webp"",""width"":1200,""height"":630}",[],false,false,,,2024-03-05 17:07:55,2024-03-05 23:07:55,false,false,,,
2026-09-30T20:20:26Z,fargounderground.com,https://fargounderground.com/wp-json/tribe/events/v1/events,93,10056176,fargounderground.com?id=10056176,Boss’ Comedy Club Open Mic,2028-07-18 20:00:00,2028-07-19 01:00:00,2028-07-18 23:00:00,2028-07-19 04:00:00,America/Chicago,false,false,publish,https://fargounderground.com/event/boss-comedy-club-open-mic-2/2028-07-18/,,,Free,"{""currency_symbol"":""$"",""currency_code"":""USD"",""currency_position"":""prefix"",""values"":[""0""]}","[{""id"":432,""name"":""Comedy"",""slug"":""comedy-arts-entertainment"",""parent"":909},{""id"":369,""name"":""Open Mic &amp; Jam"",""slug"":""open-mic-jam"",""parent"":909}]",[],"{""id"":144938,""global_id"":""fargounderground.com?id=144938"",""venue"":""Boss&#8217; Comedy Club Fargo"",""address"":""228 Broadway N"",""city"":""Fargo"",""country"":""United States"",""province"":""North Dakota"",""zip"":""58102"",""website"":""https://www.bosspizzaandchicken.com/"",""phone"":""(701) 997-2677"",""url"":""https://fargounderground.com/venue/boss-comedy-club-fargo/"",""show_map"":true,""show_map_link"":true}",[],Come out this Thursday and enjoy the areas best comedians work on their Material… For Free! Want to try stand-up comedy yourself? First Timers & New Comedians are always encouraged. While you’re here enjoy Boss’s Full Menu also available in the Comedy Club. Sign up at 7:30 pm. Show at 8 pm. All are welcome!,,"{""url"":""https://fargounderground.com/wp-content/uploads/2022/12/boss-comedy-club-jpg-webp.webp"",""id"":144939,""extension"":""webp"",""width"":1420,""height"":640}",[],false,false,,,2023-04-27 14:31:21,2023-04-27 19:31:21,false,false,,,
2026-09-30T20:20:26Z,fargounderground.com,https://fargounderground.com/wp-json/tribe/events/v1/events,93,10025262,fargounderground.com?id=10025262,Open Mic Comedy,2028-07-18 20:00:00,2028-07-19 01:00:00,2028-07-18 22:00:00,2028-07-19 03:00:00,America/Chicago,false,false,publish,https://fargounderground.com/event/open-mic-comedy-6/2028-07-18/,https://www.facebook.com/Bosscomedyclubfargo/,,,"{""currency_symbol"":"""",""currency_code"":"""",""currency_position"":""prefix"",""values"":[]}","[{""id"":432,""name"":""Comedy"",""slug"":""comedy-arts-entertainment"",""parent"":909},{""id"":369,""name"":""Open Mic &amp; Jam"",""slug"":""open-mic-jam"",""parent"":909}]",[],"{""id"":144938,""global_id"":""fargounderground.com?id=144938"",""venue"":""Boss&#8217; Comedy Club Fargo"",""address"":""228 Broadway N"",""city"":""Fargo"",""country"":""United States"",""province"":""North Dakota"",""zip"":""58102"",""website"":""https://www.bosspizzaandchicken.com/"",""phone"":""(701) 997-2677"",""url"":""https://fargounderground.com/venue/boss-comedy-club-fargo/"",""show_map"":true,""show_map_link"":true}",[],Open Mic Comedy at Boss’s Every Tuesday Night Try your hand on the stage for free! Sign up at 7:30 pm; Mic Starts at 8 pm,,"{""url"":""https://fargounderground.com/wp-content/uploads/2023/08/Boss-Comedy-Open-Mic-jpg-webp.webp"",""id"":168876,""extension"":""webp"",""width"":1420,""height"":640}",[],false,false,,,2023-09-05 14:26:50,2023-09-05 19:26:50,false,false,,,
2026-09-30T20:20:26Z,fargounderground.com,https://fargounderground.com/wp-json/tribe/events/v1/events,93,10028909,fargounderground.com?id=10028909,Karaoke at Dempsey’s,2028-07-18 21:00:00,2028-07-19 02:00:00,2028-07-19 02:00:00,2028-07-19 07:00:00,America/Chicago,false,false,publish,https://fargounderground.com/event/karaoke-at-dempseys-59-2/2028-07-18/,,,Free,"{""currency_symbol"":""$"",""currency_code"":""USD"",""currency_position"":""prefix"",""values"":[""free""]}","[{""id"":368,""name"":""Karaoke"",""slug"":""karaoke"",""parent"":909}]",[],"{""id"":91157,""global_id"":""fargounderground.com?id=91157"",""venue"":""Dempsey’s Public House"",""address"":""226 Broadway N"",""city"":""Fargo"",""country"":""United States"",""province"":""ND"",""zip"":""58102"",""website"":""https://dempseysfargo.com/"",""url"":""https://fargounderground.com/venue/dempseys-public-house-2/"",""geo_lat"":46.8789764,""geo_lng"":-96.7882596,""show_map"":true,""show_map_link"":true}",[],"Dempsey’s has been named the Best Karaoke bar in Fargo for a reason! Sing your heart out during our FREE Karaoke night, every Tuesday and Saturday. It’s legendary!",,"{""url"":""https://fargounderground.com/wp-content/uploads/2022/11/karaoke-dempseys-0BUCH0.tmp_.png"",""id"":142666,""extension"":""png"",""width"":945,""height"":532}",[],false,false,,,2023-09-18 17:10:07,2023-09-18 22:10:07,false,false,,,
2026-09-30T20:20:26Z,fargounderground.com,https://fargounderground.com/wp-json/tribe/events/v1/events,93,10056383,fargounderground.com?id=10056383,Pickabob Grill & BBQ,2028-07-19 11:00:00,2028-07-19 16:00:00,2028-07-19 22:00:00,2028-07-20 03:00:00,America/Chicago,false,false,publish,https://fargounderground.com/event/pickabob-grill-bbq/2028-07-19/,,,,"{""currency_symbol"":""$"",""currency_code"":""USD"",""currency_position"":""prefix"",""values"":[]}","[{""id"":825,""name"":""Food Trucks"",""slug"":""food-trucks"",""parent"":372}]",[],"{""id"":160212,""global_id"":""fargounderground.com?id=160212"",""venue"":""Great Northern Park"",""address"":""425 Broadway N"",""city"":""Fargo"",""country"":""United States"",""province"":""North Dakota"",""zip"":""58102"",""url"":""https://fargounderground.com/venue/great-northern-park/"",""show_map"":true,""show_map_link"":true}",[],,,false,[],false,false,,,2023-06-16 10:57:07,2023-06-16 15:57:07,false,false,,,
2026-09-30T20:20:26Z,fargounderground.com,https://fargounderground.com/wp-json/tribe/events/v1/events,93,10060416,fargounderground.com?id=10060416,Discount Skate Night,2028-07-19 18:00:00,2028-07-19 23:00:00,2028-07-19 20:00:00,2028-07-20 01:00:00,America/Chicago,false,false,publish,https://fargounderground.com/event/discount-skate-night/2028-07-19/,https://www.skatecitynd.com/2024/02/discount-night/,,$6,"{""currency_symbol"":""$"",""currency_code"":""USD"",""currency_position"":""prefix"",""values"":[""6""]}","[{""id"":1298,""name"":""Active &amp; Social Events"",""slug"":""active-social-events"",""parent"":909},{""id"":374,""name"":""Families &amp; Kids"",""slug"":""families-kids"",""parent"":361}]",[],"{""id"":145039,""global_id"":""fargounderground.com?id=145039"",""venue"":""Skate City ND"",""address"":""3302 Interstate Blvd S"",""city"":""Fargo"",""country"":""United States"",""province"":""North Dakota"",""zip"":""58103"",""website"":""skatecitynd.com"",""phone"":""(701) 235-0555"",""url"":""https://fargounderground.com/venue/skate-city-nd/"",""show_map"":true,""show_map_link"":true}",[],"Catering to families and skaters of all ages and skill levels. Join us for a midweek session with discounted admission! Just $6 per skater, plus $4.00 skate rental if needed. Family Night Out Discount Night is a great way to get some midweek fun for the whole family at a great rate. Bring friends and extended family for good music, games and food! Groups & Clubs Whether you’re in a college club, book club or sports team, our group rates can’t be beaten! Reserve your group of 15 or more skaters at get admission for $6 per skater, which includes choice of rental! Daycares & Youth Groups Skating is a great way to get your daycare or youth group out for a night of fun! This midweek session is a great opportunity. Reserve a group of 15 or more and get our group rates – just $6 per skater, which includes choice of skate rental! Groups also get our meal deal (hotdogs, chips, and small drink) for just $5 per skater.",,"{""url"":""https://fargounderground.com/wp-content/uploads/2025/09/Discount-Skate-TV-Slide.png"",""id"":263371,""extension"":""png"",""width"":1920,""height"":1080}","{""_ecp_custom_2"":{""label"":""Region"",""value"":""Fargo""}}",false,false,,,2025-09-06 19:23:30,2025-09-07 00:23:30,true,true,,,
2026-09-30T20:20:26Z,fargounderground.com,https://fargounderground.com/wp-json/tribe/events/v1/events,93,10054503,fargounderground.com?id=10054503,Taco Night and Bingo!,2028-07-19 18:00:00,2028-07-19 23:00:00,2028-07-19 20:00:00,2028-07-20 01:00:00,America/Chicago,false,false,publish,https://fargounderground.com/event/taco-night-and-bingo-31/2028-07-19/,,,Free,"{""currency_symbol"":""$"",""currency_code"":""USD"",""currency_position"":""prefix"",""values"":[""0""]}","[{""id"":372,""name"":""Food &amp; Drink"",""slug"":""food-drink"",""parent"":0},{""id"":370,""name"":""Trivia &amp; Bingo"",""slug"":""trivia"",""parent"":909}]",[],"{""id"":91157,""global_id"":""fargounderground.com?id=91157"",""venue"":""Dempsey’s Public House"",""address"":""226 Broadway N"",""city"":""Fargo"",""country"":""United States"",""province"":""ND"",""zip"":""58102"",""website"":""https://dempseysfargo.com/"",""url"":""https://fargounderground.com/venue/dempseys-public-house-2/"",""geo_lat"":46.8789764,""geo_lng"":-96.7882596,""show_map"":true,""show_map_link"":true}",[],Play FREE Bingo from 6 – 8pm! Get $1 Tacos from 4 – 9pm!,,"{""url"":""https://fargounderground.com/wp-content/uploads/2022/11/taco-night-dempseys-dhBTti.tmp_.png"",""id"":142669,""extension"":""png"",""width"":945,""height"":532}",[],false,false,,,2023-03-28 17:45:42,2023-03-28 22:45:42,false,false,,,
2026-09-30T20:20:26Z,fargounderground.com,https://fargounderground.com/wp-json/tribe/events/v1/events,93,10028397,fargounderground.com?id=10028397,Harold’s Karaoke Party,2028-07-19 20:00:00,2028-07-20 01:00:00,2028-07-20 01:00:00,2028-07-20 06:00:00,America/Chicago,false,false,publish,https://fargounderground.com/event/harolds-karaoke-party-2/2028-07-19/,,,Free,"{""currency_symbol"":""$"",""currency_code"":""USD"",""currency_position"":""prefix"",""values"":[""0""]}","[{""id"":368,""name"":""Karaoke"",""slug"":""karaoke"",""parent"":909}]",[],"{""id"":146111,""global_id"":""fargounderground.com?id=146111"",""venue"":""Harold&#8217;s on Main"",""address"":""1330 Main Ave"",""city"":""Moorhead"",""country"":""United States"",""province"":""MN"",""zip"":""56560"",""website"":""https://www.facebook.com/HaroldsOnMain/"",""phone"":""(218) 233-3477"",""url"":""https://fargounderground.com/venue/harolds-on-main-2/"",""geo_lat"":46.8748909,""geo_lng"":-96.8000869,""show_map"":true,""show_map_link"":true}",[],✨🎤 HARAOKE – Karaoke at Harold’s! Every Wednesday at 8pm 🎤✨,,"{""url"":""https://fargounderground.com/wp-content/uploads/2023/04/harolds-karaoke-jpg-webp.webp"",""id"":156209,""extension"":""webp"",""width"":1920,""height"":1080}",[],false,false,,,2023-09-18 17:09:27,2023-09-18 22:09:27,false,false,,,
2026-09-30T20:20:26Z,fargounderground.com,https://fargounderground.com/wp-json/tribe/events/v1/events,93,10067759,fargounderground.com?id=10067759,Open Mic Comedy in the Cellar,2028-07-19 20:00:00,2028-07-20 01:00:00,2028-07-19 21:30:00,2028-07-20 02:30:00,America/Chicago,false,false,publish,https://fargounderground.com/event/open-mic-comedy-in-the-cellar-3/2028-07-19/,,,Free,"{""currency_symbol"":""$"",""currency_code"":""USD"",""currency_position"":""prefix"",""values"":[""0""]}","[{""id"":432,""name"":""Comedy"",""slug"":""comedy-arts-entertainment"",""parent"":909},{""id"":359,""name"":""Nightlife"",""slug"":""nightlife"",""parent"":909},{""id"":369,""name"":""Open Mic &amp; Jam"",""slug"":""open-mic-jam"",""parent"":909}]","[{""name"":""Comedy"",""slug"":""comedy"",""term_group"":0,""term_taxonomy_id"":310,""taxonomy"":""post_tag"",""description"":"""",""parent"":0,""count"":86,""filter"":""raw"",""id"":310,""urls"":{""self"":""https://fargounderground.com/wp-json/tribe/events/v1/tags/310"",""collection"":""https://fargounderground.com/wp-json/tribe/events/v1/tags""}}]","{""id"":121817,""global_id"":""fargounderground.com?id=121817"",""venue"":""The Cellar Comedy Club"",""address"":""614 Main Ave"",""city"":""Fargo"",""country"":""United States"",""province"":""ND"",""state"":""ND"",""zip"":""58103"",""website"":""https://www.fargomoorhead.org/venue/the-cellar-comedy-club/"",""url"":""https://fargounderground.com/venue/the-cellar-comedy-club/"",""geo_lat"":46.8741865,""geo_lng"":-96.7888348,""show_map"":true,""show_map_link"":true}","[{""id"":189866,""global_id"":""fargounderground.com?id=189866"",""organizer"":""The Cellar Comedy Club"",""url"":""https://fargounderground.com/organizer/"",""website"":""https://www.frontstreettaproom.com/comedyinthecellar"",""phone"":""(701) 566-7226"",""email"":""frontstreettaproom@gmail.com""}]","Open Mic Comedy Every Wednesday Night Doors open at 7pm Sign-up at 7:30pm Show starts at 8pm Up to 25 Comedians 3 or 5 Minute Sets Free Event No Ticket Required 21+ STAGE TIME IS NOT GUARANTEED Comedy in the Cellar Underground Comedy Club Below Front Street Taproom Downtown Fargo, ND",,"{""url"":""https://fargounderground.com/wp-content/uploads/2025/11/Open-Mic-Comedy-Cover.jpg"",""id"":284169,""extension"":""jpg"",""width"":2000,""height"":2000}","{""_ecp_custom_2"":{""label"":""Region"",""value"":""Fargo""}}",false,false,,,2025-11-13 12:49:52,2025-11-13 18:49:52,true,true,,,
2026-09-30T20:20:26Z,fargounderground.com,https://fargounderground.com/wp-json/tribe/events/v1/events,93,10056384,fargounderground.com?id=10056384,Pickabob Grill & BBQ,2028-07-20 11:00:00,2028-07-20 16:00:00,2028-07-20 22:00:00,2028-07-21 03:00:00,America/Chicago,false,false,publish,https://fargounderground.com/event/pickabob-grill-bbq/2028-07-20/,,,,"{""currency_symbol"":""$"",""currency_code"":""USD"",""currency_position"":""prefix"",""values"":[]}","[{""id"":825,""name"":""Food Trucks"",""slug"":""food-trucks"",""parent"":372}]",[],"{""id"":160212,""global_id"":""fargounderground.com?id=160212"",""venue"":""Great Northern Park"",""address"":""425 Broadway N"",""city"":""Fargo"",""country"":""United States"",""province"":""North Dakota"",""zip"":""58102"",""url"":""https://fargounderground.com/venue/great-northern-park/"",""show_map"":true,""show_map_link"":true}",[],,,false,[],false,false,,,2023-06-16 10:57:07,2023-06-16 15:57:07,false,false,,,
2026-09-30T20:20:26Z,fargounderground.com,https://fargounderground.com/wp-json/tribe/events/v1/events,93,10054858,fargounderground.com?id=10054858,Free Dog Night and Rock & Roll Bingo!,2028-07-20 18:00:00,2028-07-20 23:00:00,2028-07-20 20:00:00,2028-07-21 01:00:00,America/Chicago,false,false,publish,https://fargounderground.com/event/free-dog-night-and-rock-roll-bingo-31/2028-07-20/,,,Free,"{""currency_symbol"":""$"",""currency_code"":""USD"",""currency_position"":""prefix"",""values"":[""0""]}","[{""id"":372,""name"":""Food &amp; Drink"",""slug"":""food-drink"",""parent"":0},{""id"":370,""name"":""Trivia &amp; Bingo"",""slug"":""trivia"",""parent"":909}]",[],"{""id"":91157,""global_id"":""fargounderground.com?id=91157"",""venue"":""Dempsey’s Public House"",""address"":""226 Broadway N"",""city"":""Fargo"",""country"":""United States"",""province"":""ND"",""zip"":""58102"",""website"":""https://dempseysfargo.com/"",""url"":""https://fargounderground.com/venue/dempseys-public-house-2/"",""geo_lat"":46.8789764,""geo_lng"":-96.7882596,""show_map"":true,""show_map_link"":true}",[],Play FREE Rock & Roll Bingo from 6 – 8pm! Get FREE Hot Dogs from 4 – 9pm!,,"{""url"":""https://fargounderground.com/wp-content/uploads/2022/11/hot-dog-night-tO0mPR.tmp_.png"",""id"":142672,""extension"":""png"",""width"":945,""height"":532}",[],false,false,,,2023-03-28 17:49:54,2023-03-28 22:49:54,false,false,,,
2026-09-30T20:20:26Z,fargounderground.com,https://fargounderground.com/wp-json/tribe/events/v1/events,93,10052550,fargounderground.com?id=10052550,Full Circle Open Mic,2028-07-20 19:00:00,2028-07-21 00:00:00,2028-07-20 22:00:00,2028-07-21 03:00:00,America/Chicago,false,false,publish,https://fargounderground.com/event/full-circle-open-mic/2028-07-20/,,,Free,"{""currency_symbol"":""$"",""currency_code"":""USD"",""currency_position"":""prefix"",""values"":[""0""]}","[{""id"":369,""name"":""Open Mic &amp; Jam"",""slug"":""open-mic-jam"",""parent"":909}]",[],"{""id"":144429,""global_id"":""fargounderground.com?id=144429"",""venue"":""Black Coffee and Waffle Bar Fargo"",""address"":""550 2nd Ave N"",""city"":""Fargo"",""country"":""United States"",""province"":""North Dakota"",""zip"":""58102"",""website"":""https://blackcoffeeandwaffle.com/"",""phone"":""701-566-8749"",""url"":""https://fargounderground.com/venue/black-coffee-and-waffle-bar-fargo/"",""show_map"":true,""show_map_link"":true}",[],"Every Thursday is open mic night! Come out and tell a few jokes, sing your heart out, or read poetry. Hosted at Black Coffee and Waffle bar in downtown Fargo, ND.",,"{""url"":""https://fargounderground.com/wp-content/uploads/2022/12/314756703_10228005485586320_4750178534703107090_n-jpg-webp.webp"",""id"":144430,""extension"":""webp"",""width"":1800,""height"":1200}",[],false,false,,,2023-01-20 12:43:36,2023-01-20 18:43:36,false,false,,,
2026-09-30T20:20:26Z,fargounderground.com,https://fargounderground.com/wp-json/tribe/events/v1/events,93,10025674,fargounderground.com?id=10025674,Thursday Night Trivia at Downtown Fargo VFW,2028-07-20 19:00:00,2028-07-21 00:00:00,2028-07-20 21:00:00,2028-07-21 02:00:00,America/Chicago,false,false,publish,https://fargounderground.com/event/thursday-night-trivia-at-downtown-fargo-vfw-2/2028-07-20/,,,,"{""currency_symbol"":""$"",""currency_code"":""USD"",""currency_position"":""prefix"",""values"":[]}","[{""id"":370,""name"":""Trivia &amp; Bingo"",""slug"":""trivia"",""parent"":909}]",[],"{""id"":49586,""global_id"":""fargounderground.com?id=49586"",""venue"":""Fargo VFW Club, Post 762"",""address"":""202 Broadway N"",""city"":""Fargo"",""country"":""United States"",""province"":""ND"",""zip"":""58102"",""website"":""https://www.fargomoorhead.org/venue/fargo-vfw-club-post-762/"",""url"":""https://fargounderground.com/venue/vfw-coors-light-chili-cookoff/"",""geo_lat"":46.8781689,""geo_lng"":-96.7881193,""show_map"":true,""show_map_link"":true}",[],Looking for some fun on a Thursday night? Look no further than the Downtown Fargo VFW! Here’s what to look forward to: *FREE to Play! *Win FREE Drinks or Get Zonked with “WHAT’S IN THE BAG?!” *Paper Airline Contest at the End of Every Game! Come out…Bring your friends…And join in the fun!,,"{""url"":""https://fargounderground.com/wp-content/uploads/2023/04/340653856_254607436910250_5743893530831022969_n-jpg-webp.webp"",""id"":157568,""extension"":""webp"",""width"":1920,""height"":1005}",[],false,false,,,2023-09-05 14:45:31,2023-09-05 19:45:31,false,false,,,
2026-09-30T20:20:26Z,fargounderground.com,https://fargounderground.com/wp-json/tribe/events/v1/events,93,10043008,fargounderground.com?id=10043008,Belly Dance for Beginners,2028-07-20 19:30:00,2028-07-21 00:30:00,2028-07-20 20:30:00,2028-07-21 01:30:00,America/Chicago,false,false,publish,https://fargounderground.com/event/belly-dance-for-beginners/2028-07-20/,https://facebook.com/mindakbellydance,,$10,"{""currency_symbol"":""$"",""currency_code"":"""",""currency_position"":""prefix"",""values"":[""10""]}","[{""id"":362,""name"":""Classes &amp; Workshops"",""slug"":""classes-workshops"",""parent"":409},{""id"":412,""name"":""Culture &amp; Heritage"",""slug"":""culture"",""parent"":428},{""id"":569,""name"":""Fitness &amp; Yoga"",""slug"":""fitness-yoga"",""parent"":897}]",[],"{""id"":100299,""global_id"":""fargounderground.com?id=100299"",""venue"":""FM Aerial &amp; Movement Arts"",""address"":""508 Oak St. N Suite A"",""city"":""Fargo, ND"",""state"":""ND"",""zip"":""58102"",""website"":""fmaerial.com"",""phone"":""7012033448"",""url"":""https://fargounderground.com/venue/fm-aerial-movement-arts/"",""geo_lat"":46.88134,""geo_lng"":-96.779159,""show_map"":true,""show_map_link"":true}",[],"MinDak Belly Dance teaches belly dance classes in the Fargo-Moorhead area. Beginning belly dance teaches the foundations of Middle Eastern dance. You will learn belly dance posture and movements including shimmys, isolations, hip bumps, and more! No experience necessary! $10 cash at the door $10 coin belts available for purchase to enhance your dance! We meet weekly at FM AERIAL MOVEMENT ARTS 508 Oak St N Fargo EVERY Thursday from 7:30 pm-8:30 pm",,"{""url"":""https://fargounderground.com/wp-content/uploads/2023/06/MDBD-FLYER-jpg.webp"",""id"":188808,""extension"":""webp"",""width"":695,""height"":900}","{""_ecp_custom_2"":{""label"":""Region"",""value"":""Fargo""}}",false,false,,,2024-03-28 14:09:15,2024-03-28 19:09:15,true,true,,,
2026-09-30T20:20:26Z,fargounderground.com,https://fargounderground.com/wp-json/tribe/events/v1/events,93,10062246,fargounderground.com?id=10062246,College Night Bowling,2028-07-20 22:00:00,2028-07-21 03:00:00,2028-07-21 00:00:00,2028-07-21 05:00:00,America/Chicago,false,false,publish,https://fargounderground.com/event/college-night-bowling/2028-07-20/,,,$8,"{""currency_symbol"":""$"",""currency_code"":""USD"",""currency_position"":""prefix"",""values"":[""8""]}","[{""id"":1298,""name"":""Active &amp; Social Events"",""slug"":""active-social-events"",""parent"":909},{""id"":408,""name"":""College Events"",""slug"":""college-events"",""parent"":361},{""id"":372,""name"":""Food &amp; Drink"",""slug"":""food-drink"",""parent"":0}]",[],"{""id"":146365,""global_id"":""fargounderground.com?id=146365"",""venue"":""Sunset Lanes"",""address"":""620 U.S. 75"",""city"":""Moorhead"",""country"":""United States"",""province"":""MN"",""state"":""MN"",""zip"":""56560"",""website"":""https://bowlingsunset.com/"",""url"":""https://fargounderground.com/venue/sunset-lanes/"",""geo_lat"":46.8818938,""geo_lng"":-96.7431497,""show_map"":true,""show_map_link"":true}",[],"Grab your friends for a night you’ll never forget (well, maybe…..)! $8 all-you-can-bowl from 10 pm to midnight. Mug specials on adult beverages! Get a pizza, drinks, a bowl, and play in the arcade – it doesn’t get any better than that!",,"{""url"":""https://fargounderground.com/wp-content/uploads/2025/09/crw_1240h_620.webp"",""id"":263446,""extension"":""webp"",""width"":1240,""height"":620}","{""_ecp_custom_2"":{""label"":""Region"",""value"":""Moorhead""}}",false,false,,,2025-09-07 12:02:55,2025-09-07 17:02:55,true,true,,,
2026-09-30T20:20:26Z,fargounderground.com,https://fargounderground.com/wp-json/tribe/events/v1/events,94,10056684,fargounderground.com?id=10056684,Pickabob Grill & BBQ,2028-07-21 11:00:00,2028-07-21 16:00:00,2028-07-22 02:30:00,2028-07-22 07:30:00,America/Chicago,false,false,publish,https://fargounderground.com/event/pickabob-grill-bbq-2/2028-07-21/,,,,"{""currency_symbol"":""$"",""currency_code"":""USD"",""currency_position"":""prefix"",""values"":[]}","[{""id"":825,""name"":""Food Trucks"",""slug"":""food-trucks"",""parent"":372}]",[],"{""id"":160212,""global_id"":""fargounderground.com?id=160212"",""venue"":""Great Northern Park"",""address"":""425 Broadway N"",""city"":""Fargo"",""country"":""United States"",""province"":""North Dakota"",""zip"":""58102"",""url"":""https://fargounderground.com/venue/great-northern-park/"",""show_map"":true,""show_map_link"":true}",[],,,false,[],false,false,,,2023-06-16 10:56:57,2023-06-16 15:56:57,false,false,,,
2026-09-30T20:20:26Z,fargounderground.com,https://fargounderground.com/wp-json/tribe/events/v1/events,94,10060155,fargounderground.com?id=10060155,Glow Skate Night,2028-07-21 20:00:00,2028-07-22 01:00:00,2028-07-21 22:00:00,2028-07-22 03:00:00,America/Chicago,false,false,publish,https://fargounderground.com/event/glow-skate-night/2028-07-21/,https://www.skatecitynd.com/2025/07/7334/,,$10,"{""currency_symbol"":""$"",""currency_code"":""USD"",""currency_position"":""prefix"",""values"":[""10""]}","[{""id"":1298,""name"":""Active &amp; Social Events"",""slug"":""active-social-events"",""parent"":909},{""id"":374,""name"":""Families &amp; Kids"",""slug"":""families-kids"",""parent"":361}]",[],"{""id"":145039,""global_id"":""fargounderground.com?id=145039"",""venue"":""Skate City ND"",""address"":""3302 Interstate Blvd S"",""city"":""Fargo"",""country"":""United States"",""province"":""North Dakota"",""zip"":""58103"",""website"":""skatecitynd.com"",""phone"":""(701) 235-0555"",""url"":""https://fargounderground.com/venue/skate-city-nd/"",""show_map"":true,""show_map_link"":true}",[],"This nighttime session brings a great atmosphere with good music to skate to, games, a blackout skate and glow sticks! Every paid skater gets a FREE GLOW STICK! Blackout Skate For a portion of the session, we will black out the rink and side aisle lighting. While there is still enough visibility to navigate the skating floor, the darker environment creates a concert-style atmosphere. When coupled with our glow products, this elevates and enhances your skating experience! Glow Sticks Get a FREE glow stick for every paid skater! We want everyone to enjoy the glow night and create a fun, glowing atmosphere, so we provide every paid skater with a glow stick on us! Great Music & Games We pick great music for dancing and skating for this Friday night session. Nothing pairs with specialty lights and blackout skates like songs with a good rhythm!",,"{""url"":""https://fargounderground.com/wp-content/uploads/2025/09/Glow-Skate-TV.png"",""id"":263362,""extension"":""png"",""width"":1920,""height"":1080}","{""_ecp_custom_2"":{""label"":""Region"",""value"":""Fargo""}}",false,false,,,2025-09-06 19:10:31,2025-09-07 00:10:31,true,true,,,
2026-09-30T20:20:26Z,fargounderground.com,https://fargounderground.com/wp-json/tribe/events/v1/events,94,10061351,fargounderground.com?id=10061351,Cosmic Bowling,2028-07-21 21:30:00,2028-07-22 02:30:00,2028-07-22 00:00:00,2028-07-22 05:00:00,America/Chicago,false,false,publish,https://fargounderground.com/event/cosmic-bowling/2028-07-21/,,,$15,"{""currency_symbol"":""$"",""currency_code"":""USD"",""currency_position"":""prefix"",""values"":[""15""]}","[{""id"":1298,""name"":""Active &amp; Social Events"",""slug"":""active-social-events"",""parent"":909},{""id"":374,""name"":""Families &amp; Kids"",""slug"":""families-kids"",""parent"":361}]",[],"{""id"":263439,""global_id"":""fargounderground.com?id=263439"",""venue"":""West Acres Bowl"",""address"":""3402 Interstate Blvd S"",""city"":""Fargo"",""country"":""United States"",""state"":""ND"",""zip"":""58103"",""phone"":""701-235-4437"",""url"":""https://fargounderground.com/venue/west-acres-bowl/"",""geo_lat"":46.8637495,""geo_lng"":-96.8363583,""show_map"":true,""show_map_link"":true}",[],"Get ready for an out-of-this-world experience at West Acres Bowl with Cosmic Bowling every Friday and Saturday night! 🌌 From 9:30 PM to Midnight, the lights go down and the blacklights turn up. Bowl to the rhythm of great music and enjoy a unique, high-energy atmosphere. Perfect for a night out with friends, a fun date, or a late-night family activity. No reservations are needed—just show up and get ready to glow!",,"{""url"":""https://fargounderground.com/wp-content/uploads/2025/09/Cosmic-Bowling.jpg"",""id"":263436,""extension"":""jpg"",""width"":2348,""height"":1536}","{""_ecp_custom_2"":{""label"":""Region"",""value"":""Fargo""}}",false,false,,,2025-09-07 11:39:17,2025-09-07 16:39:17,true,true,,,
2026-09-30T20:20:26Z,fargounderground.com,https://fargounderground.com/wp-json/tribe/events/v1/events,94,10061873,fargounderground.com?id=10061873,Rock N Bowl,2028-07-21 22:00:00,2028-07-22 03:00:00,2028-07-22 00:00:00,2028-07-22 05:00:00,America/Chicago,false,false,publish,https://fargounderground.com/event/rock-n-bowl/2028-07-21/,https://bowlingsunset.com/rock-n-bowl,,$13,"{""currency_symbol"":""$"",""currency_code"":""USD"",""currency_position"":""prefix"",""values"":[""13""]}","[{""id"":1298,""name"":""Active &amp; Social Events"",""slug"":""active-social-events"",""parent"":909},{""id"":372,""name"":""Food &amp; Drink"",""slug"":""food-drink"",""parent"":0}]",[],"{""id"":146365,""global_id"":""fargounderground.com?id=146365"",""venue"":""Sunset Lanes"",""address"":""620 U.S. 75"",""city"":""Moorhead"",""country"":""United States"",""province"":""MN"",""state"":""MN"",""zip"":""56560"",""website"":""https://bowlingsunset.com/"",""url"":""https://fargounderground.com/venue/sunset-lanes/"",""geo_lat"":46.8818938,""geo_lng"":-96.7431497,""show_map"":true,""show_map_link"":true}",[],"$13 per person. Grab some friends and head over to Sunset Lanes for Rock N Bowl. Sunset Lanes has Qubica’s deckpin lighting and cap lighting. The bar and kitchen are open all night long, so enjoy some food and drinks while you bowl. This event is fun for all ages.",,"{""url"":""https://fargounderground.com/wp-content/uploads/2025/09/rsw_1240h_620cg_true.webp"",""id"":263442,""extension"":""webp"",""width"":1240,""height"":620}","{""_ecp_custom_2"":{""label"":""Region"",""value"":""Moorhead""}}",false,false,,,2025-09-07 11:45:40,2025-09-07 16:45:40,true,true,,,
2026-09-30T20:20:26Z,fargounderground.com,https://fargounderground.com/wp-json/tribe/events/v1/events,94,10060678,fargounderground.com?id=10060678,Saturday Morning Family Skate,2028-07-22 10:00:00,2028-07-22 15:00:00,2028-07-22 12:00:00,2028-07-22 17:00:00,America/Chicago,false,false,publish,https://fargounderground.com/event/saturday-morning-family-skate/2028-07-22/,https://www.skatecitynd.com/2024/02/family-skate/,,$6,"{""currency_symbol"":""$"",""currency_code"":""USD"",""currency_position"":""prefix"",""values"":[""6""]}","[{""id"":1298,""name"":""Active &amp; Social Events"",""slug"":""active-social-events"",""parent"":909},{""id"":374,""name"":""Families &amp; Kids"",""slug"":""families-kids"",""parent"":361}]",[],"{""id"":145039,""global_id"":""fargounderground.com?id=145039"",""venue"":""Skate City ND"",""address"":""3302 Interstate Blvd S"",""city"":""Fargo"",""country"":""United States"",""province"":""North Dakota"",""zip"":""58103"",""website"":""skatecitynd.com"",""phone"":""(701) 235-0555"",""url"":""https://fargounderground.com/venue/skate-city-nd/"",""show_map"":true,""show_map_link"":true}",[],"Catering to families with young skaters, this Saturday morning session offers discounted admission for families along with age-appropriate music and skating aids at half off the regular price! Help for Our Youngest Skaters Our Family Skate is great for our newest skaters! We have Zippy Adjustable Skates, which go over the shoe, have a lower and wider wheel base, and roll more slowly. These are great for learning balance. We also rent Skate Mates for skaters aged 10 and under for $2.50 which is 1/2 off the regular price. Discounted Admission for All As families grow so do the expenses to go out and have fun together. We want to help and so during our Family Skate you can enjoy a lower admission at just $6 per skater. Don’t have your own skates? No problem! Rent your choice of inline or roller skates for just $4.00. Themed Skate Sessions Our Family Skate is a great session to host themed skates throughout the year. Whether celebrating a holiday or creating our own fun with a Superhero Skate, these can feature costumes, festivities and prizes, and themed music! Themed events may have special pricing on Admission.",,"{""url"":""https://fargounderground.com/wp-content/uploads/2025/09/family-skate-TV.png"",""id"":263376,""extension"":""png"",""width"":1920,""height"":1080}","{""_ecp_custom_2"":{""label"":""Region"",""value"":""Fargo""}}",false,false,,,2025-09-06 19:30:43,2025-09-07 00:30:43,true,true,,,
2026-09-30T20:20:26Z,fargounderground.com,https://fargounderground.com/wp-json/tribe/events/v1/events,94,10056788,fargounderground.com?id=10056788,Pickabob Grill & BBQ,2028-07-22 12:00:00,2028-07-22 17:00:00,2028-07-23 02:30:00,2028-07-23 07:30:00,America/Chicago,false,false,publish,https://fargounderground.com/event/pickabob-grill-bbq-3/2028-07-22/,,,,"{""currency_symbol"":""$"",""currency_code"":""USD"",""currency_position"":""prefix"",""values"":[]}","[{""id"":825,""name"":""Food Trucks"",""slug"":""food-trucks"",""parent"":372}]",[],"{""id"":160212,""global_id"":""fargounderground.com?id=160212"",""venue"":""Great Northern Park"",""address"":""425 Broadway N"",""city"":""Fargo"",""country"":""United States"",""province"":""North Dakota"",""zip"":""58102"",""url"":""https://fargounderground.com/venue/great-northern-park/"",""show_map"":true,""show_map_link"":true}",[],,,false,[],false,false,,,2023-06-16 10:54:49,2023-06-16 15:54:49,false,false,,,
2026-09-30T20:20:26Z,fargounderground.com,https://fargounderground.com/wp-json/tribe/events/v1/events,94,10060939,fargounderground.com?id=10060939,Saturday Night Special Skate,2028-07-22 18:00:00,2028-07-22 23:00:00,2028-07-22 21:00:00,2028-07-23 02:00:00,America/Chicago,false,false,publish,https://fargounderground.com/event/saturday-night-special-skate/2028-07-22/,https://www.skatecitynd.com/2025/08/saturday-night-special/,,$6,"{""currency_symbol"":""$"",""currency_code"":""USD"",""currency_position"":""prefix"",""values"":[""6""]}","[{""id"":1298,""name"":""Active &amp; Social Events"",""slug"":""active-social-events"",""parent"":909},{""id"":374,""name"":""Families &amp; Kids"",""slug"":""families-kids"",""parent"":361}]",[],"{""id"":145039,""global_id"":""fargounderground.com?id=145039"",""venue"":""Skate City ND"",""address"":""3302 Interstate Blvd S"",""city"":""Fargo"",""country"":""United States"",""province"":""North Dakota"",""zip"":""58103"",""website"":""skatecitynd.com"",""phone"":""(701) 235-0555"",""url"":""https://fargounderground.com/venue/skate-city-nd/"",""show_map"":true,""show_map_link"":true}",[],"Spend your Saturday Nights skating and jamming with us! Catering to families and skaters of all ages and skill levels. A perfect way to spend your weekend evening all while saving! 3-Hours of skating for just $6 per skater, plus $4.00 skate rental if needed. Family Night Out Saturday Night is a great way to get some weekend fun for the whole family at a great rate. Bring friends and extended family for good music, games and food! Groups & Clubs Whether you’re in a college club, book club or sports team, our group rates can’t be beaten! Reserve your group of 15 or more skaters at get admission for $6 per skater, which includes choice of rental! Birthday Celebrations Skating is the best way to celebrate another year around the sun. Book your party online then invite your friends and family for a party that will stand out from the rest. Parties start as low as just $149. For more information on our great packages – Click Here –",,"{""url"":""https://fargounderground.com/wp-content/uploads/2025/09/Saturday-Night-Special-TV-Slide-7.25-scaled-1-scaled.jpg"",""id"":263379,""extension"":""jpg"",""width"":2560,""height"":1451}","{""_ecp_custom_2"":{""label"":""Region"",""value"":""Fargo""}}",false,false,,,2025-09-06 19:33:55,2025-09-07 00:33:55,true,true,,,
2026-09-30T20:20:26Z,fargounderground.com,https://fargounderground.com/wp-json/tribe/events/v1/events,94,10059895,fargounderground.com?id=10059895,Adult Skate Night,2028-07-22 21:00:00,2028-07-23 02:00:00,2028-07-22 23:00:00,2028-07-23 04:00:00,America/Chicago,false,false,publish,https://fargounderground.com/event/adult-skate-night/2028-07-22/,https://www.skatecitynd.com/2025/08/adult-night/,,$10,"{""currency_symbol"":""$"",""currency_code"":""USD"",""currency_position"":""prefix"",""values"":[""10""]}","[{""id"":1298,""name"":""Active &amp; Social Events"",""slug"":""active-social-events"",""parent"":909},{""id"":909,""name"":""Entertainment"",""slug"":""entertainment"",""parent"":0},{""id"":359,""name"":""Nightlife"",""slug"":""nightlife"",""parent"":909}]",[],"{""id"":173814,""global_id"":""fargounderground.com?id=173814"",""venue"":""Skate City"",""address"":""3302 Interstate Blvd S"",""city"":""Fargo"",""country"":""United States"",""province"":""ND"",""zip"":""58103"",""website"":""https://skatecitynd.com/"",""phone"":""701-235-0555"",""url"":""https://fargounderground.com/venue/"",""geo_lat"":46.865252,""geo_lng"":-96.833748,""show_map"":true,""show_map_link"":true}",[],Catering to our adult crowd looking for a great Saturday Night! This is an 18+ Only Session with less games and more skating. Admission is $10. Skate rental is $4.00 if needed. Observing adults must pay admission.,,"{""url"":""https://fargounderground.com/wp-content/uploads/2025/09/Adult-Night-TV-Slide.jpeg"",""id"":263357,""extension"":""jpeg"",""width"":1920,""height"":1080}","{""_ecp_custom_2"":{""label"":""Region"",""value"":""Fargo""}}",false,false,,,2025-09-06 19:06:57,2025-09-07 00:06:57,true,true,,,
2026-09-30T20:20:26Z,fargounderground.com,https://fargounderground.com/wp-json/tribe/events/v1/events,94,10065059,fargounderground.com?id=10065059,Alibi Karaoke,2028-07-22 21:00:00,2028-07-23 02:00:00,2028-07-23 01:00:00,2028-07-23 06:00:00,America/Chicago,false,false,publish,https://fargounderground.com/event/alibi-karaoke/2028-07-22/,https://fargonddj.com/event/6277439/737366223/alibi-karaoke,,,"{""currency_symbol"":""$"",""currency_code"":""USD"",""currency_position"":""prefix"",""values"":[]}","[{""id"":368,""name"":""Karaoke"",""slug"":""karaoke"",""parent"":909},{""id"":359,""name"":""Nightlife"",""slug"":""nightlife"",""parent"":909}]","[{""name"":""drinks"",""slug"":""drinks"",""term_group"":0,""term_taxonomy_id"":74,""taxonomy"":""post_tag"",""description"":"""",""parent"":0,""count"":21,""filter"":""raw"",""id"":74,""urls"":{""self"":""https://fargounderground.com/wp-json/tribe/events/v1/tags/74"",""collection"":""https://fargounderground.com/wp-json/tribe/events/v1/tags""}},{""name"":""Music"",""slug"":""music"",""term_group"":0,""term_taxonomy_id"":29,""taxonomy"":""post_tag"",""description"":"""",""parent"":0,""count"":26,""filter"":""raw"",""id"":29,""urls"":{""self"":""https://fargounderground.com/wp-json/tribe/events/v1/tags/29"",""collection"":""https://fargounderground.com/wp-json/tribe/events/v1/tags""}}]","{""id"":148614,""global_id"":""fargounderground.com?id=148614"",""venue"":""Alibi Lounge"",""address"":""1340 21st Ave S"",""city"":""Fargo"",""province"":""ND"",""zip"":""58103"",""website"":""https://alibi-lounge.business.site/"",""phone"":""(701) 235-3141"",""url"":""https://fargounderground.com/venue/alibi-lounge/"",""geo_lat"":46.8463963,""geo_lng"":-96.8004683,""show_map"":false,""show_map_link"":false}","[{""id"":180416,""global_id"":""fargounderground.com?id=180416"",""organizer"":""D&amp;J Music + Karaoke"",""url"":""https://fargounderground.com/organizer/"",""website"":""https://djmusickaraoke.com/"",""phone"":""‪(701) 566-9525‬"",""email"":""info@djmusickaraoke.com""}]","Join us for another night of Saturday Night Madness including but not limited to drinks, music and gambling at The Alibi Lounge located inside the legendary Baymont Inn, South University Drive Fargo. Bring friends, make friends, and prepare yourself for a night to remember.",,"{""url"":""https://fargounderground.com/wp-content/uploads/2025/10/IMG_6023.jpeg"",""id"":278949,""extension"":""jpeg"",""width"":828,""height"":987}","{""_ecp_custom_2"":{""label"":""Region"",""value"":""Fargo""}}",false,false,,,2025-10-08 11:20:43,2025-10-08 16:20:43,true,true,,,
2026-09-30T20:20:26Z,fargounderground.com,https://fargounderground.com/wp-json/tribe/events/v1/events,94,10028910,fargounderground.com?id=10028910,Karaoke at Dempsey’s,2028-07-22 21:00:00,2028-07-23 02:00:00,2028-07-23 02:00:00,2028-07-23 07:00:00,America/Chicago,false,false,publish,https://fargounderground.com/event/karaoke-at-dempseys-59-2/2028-07-22/,,,Free,"{""currency_symbol"":""$"",""currency_code"":""USD"",""currency_position"":""prefix"",""values"":[""free""]}","[{""id"":368,""name"":""Karaoke"",""slug"":""karaoke"",""parent"":909}]",[],"{""id"":91157,""global_id"":""fargounderground.com?id=91157"",""venue"":""Dempsey’s Public House"",""address"":""226 Broadway N"",""city"":""Fargo"",""country"":""United States"",""province"":""ND"",""zip"":""58102"",""website"":""https://dempseysfargo.com/"",""url"":""https://fargounderground.com/venue/dempseys-public-house-2/"",""geo_lat"":46.8789764,""geo_lng"":-96.7882596,""show_map"":true,""show_map_link"":true}",[],"Dempsey’s has been named the Best Karaoke bar in Fargo for a reason! Sing your heart out during our FREE Karaoke night, every Tuesday and Saturday. It’s legendary!",,"{""url"":""https://fargounderground.com/wp-content/uploads/2022/11/karaoke-dempseys-0BUCH0.tmp_.png"",""id"":142666,""extension"":""png"",""width"":945,""height"":532}",[],false,false,,,2023-09-18 17:10:07,2023-09-18 22:10:07,false,false,,,
2026-09-30T20:20:26Z,fargounderground.com,https://fargounderground.com/wp-json/tribe/events/v1/events,94,10035124,fargounderground.com?id=10035124,Saturday Night Karaoke,2028-07-22 21:00:00,2028-07-23 02:00:00,2028-07-23 01:00:00,2028-07-23 06:00:00,America/Chicago,false,false,publish,https://fargounderground.com/event/saturday-night-karaoke/2028-07-22/,https://djtonyfalcon.com/events,,Free,"{""currency_symbol"":""$"",""currency_code"":""USD"",""currency_position"":""prefix"",""values"":[""0""]}","[{""id"":368,""name"":""Karaoke"",""slug"":""karaoke"",""parent"":909}]",[],"{""id"":148614,""global_id"":""fargounderground.com?id=148614"",""venue"":""Alibi Lounge"",""address"":""1340 21st Ave S"",""city"":""Fargo"",""province"":""ND"",""zip"":""58103"",""website"":""https://alibi-lounge.business.site/"",""phone"":""(701) 235-3141"",""url"":""https://fargounderground.com/venue/alibi-lounge/"",""geo_lat"":46.8463963,""geo_lng"":-96.8004683,""show_map"":false,""show_map_link"":false}","[{""id"":180416,""global_id"":""fargounderground.com?id=180416"",""organizer"":""D&amp;J Music + Karaoke"",""url"":""https://fargounderground.com/organizer/"",""website"":""https://djmusickaraoke.com/"",""phone"":""‪(701) 566-9525‬"",""email"":""info@djmusickaraoke.com""}]","Join DJ Tony Falcon for another night of Saturday Night Madness including but not limited to drinks, music and gambling at The Alibi Lounge located inside the legendary Baymont Inn, South University Drive Fargo. Bring friends, make friends, and prepare yourself for a night to remember. Mics are sanitized after every use.",,"{""url"":""https://fargounderground.com/wp-content/uploads/2024/01/417100139_860174092779522_3296353275171812107_n-jpg-webp.webp"",""id"":180465,""extension"":""webp"",""width"":960,""height"":556}","{""_ecp_custom_2"":{""label"":""Region"",""value"":""Fargo""}}",false,false,,,2025-08-24 12:42:10,2025-08-24 17:42:10,true,true,,,
2026-09-30T20:20:26Z,fargounderground.com,https://fargounderground.com/wp-json/tribe/events/v1/events,94,10029178,fargounderground.com?id=10029178,Vic’s Karaoke,2028-07-22 21:00:00,2028-07-23 02:00:00,2028-07-23 02:00:00,2028-07-23 07:00:00,America/Chicago,false,false,publish,https://fargounderground.com/event/vics-karaoke-2-2/2028-07-22/,,,Free,"{""currency_symbol"":""$"",""currency_code"":""USD"",""currency_position"":""prefix"",""values"":[""0""]}","[{""id"":368,""name"":""Karaoke"",""slug"":""karaoke"",""parent"":909}]",[],"{""id"":92621,""global_id"":""fargounderground.com?id=92621"",""venue"":""Vic&#8217;s Bar and Grill"",""address"":""1608 Main Avenue"",""city"":""Moorhead"",""country"":""United States"",""state"":""MN"",""zip"":""56560"",""phone"":""(218) 236-7714"",""url"":""https://fargounderground.com/venue/vics-lounge/"",""geo_lat"":46.8752849,""geo_lng"":-96.7729609,""show_map"":true,""show_map_link"":true}",[],"Join us Saturday nights at Vic’s for karaoke! The singing kicks off at 9 PM, but be sure to come early for the awesome specials!",,"{""url"":""https://fargounderground.com/wp-content/uploads/2023/09/429820599_908393177961600_6854180573421060203_n-jpg.webp"",""id"":189042,""extension"":""webp"",""width"":2048,""height"":1152}",[],false,false,,,2024-03-31 10:42:51,2024-03-31 15:42:51,false,false,,,
2026-09-30T20:20:26Z,fargounderground.com,https://fargounderground.com/wp-json/tribe/events/v1/events,94,10061352,fargounderground.com?id=10061352,Cosmic Bowling,2028-07-22 21:30:00,2028-07-23 02:30:00,2028-07-23 00:00:00,2028-07-23 05:00:00,America/Chicago,false,false,publish,https://fargounderground.com/event/cosmic-bowling/2028-07-22/,,,$15,"{""currency_symbol"":""$"",""currency_code"":""USD"",""currency_position"":""prefix"",""values"":[""15""]}","[{""id"":1298,""name"":""Active &amp; Social Events"",""slug"":""active-social-events"",""parent"":909},{""id"":374,""name"":""Families &amp; Kids"",""slug"":""families-kids"",""parent"":361}]",[],"{""id"":263439,""global_id"":""fargounderground.com?id=263439"",""venue"":""West Acres Bowl"",""address"":""3402 Interstate Blvd S"",""city"":""Fargo"",""country"":""United States"",""state"":""ND"",""zip"":""58103"",""phone"":""701-235-4437"",""url"":""https://fargounderground.com/venue/west-acres-bowl/"",""geo_lat"":46.8637495,""geo_lng"":-96.8363583,""show_map"":true,""show_map_link"":true}",[],"Get ready for an out-of-this-world experience at West Acres Bowl with Cosmic Bowling every Friday and Saturday night! 🌌 From 9:30 PM to Midnight, the lights go down and the blacklights turn up. Bowl to the rhythm of great music and enjoy a unique, high-energy atmosphere. Perfect for a night out with friends, a fun date, or a late-night family activity. No reservations are needed—just show up and get ready to glow!",,"{""url"":""https://fargounderground.com/wp-content/uploads/2025/09/Cosmic-Bowling.jpg"",""id"":263436,""extension"":""jpg"",""width"":2348,""height"":1536}","{""_ecp_custom_2"":{""label"":""Region"",""value"":""Fargo""}}",false,false,,,2025-09-07 11:39:17,2025-09-07 16:39:17,true,true,,,
2026-09-30T20:20:26Z,fargounderground.com,https://fargounderground.com/wp-json/tribe/events/v1/events,94,10039964,fargounderground.com?id=10039964,Karaoke at Rhombus Guys,2028-07-22 22:00:00,2028-07-23 03:00:00,2028-07-23 22:00:00,2028-07-24 03:00:00,America/Chicago,false,false,publish,https://fargounderground.com/event/karaoke-at-rhombus-guys/2028-07-22/,,,Free,"{""currency_symbol"":""$"",""currency_code"":"""",""currency_position"":""prefix"",""values"":[""0""]}","[{""id"":368,""name"":""Karaoke"",""slug"":""karaoke"",""parent"":909}]",[],"{""id"":45546,""global_id"":""fargounderground.com?id=45546"",""venue"":""Rhombus Guys Pizza"",""address"":""606 Main Ave"",""city"":""Fargo"",""country"":""United States"",""province"":""ND"",""zip"":""58103"",""url"":""https://fargounderground.com/venue/winter-pride-trivia-game-night/"",""geo_lat"":46.8740978,""geo_lng"":-96.7884067,""show_map"":true,""show_map_link"":true}",[],Free Karaoke every Saturday from 10pm to 1am with Khook Entertainment!,,"{""url"":""https://fargounderground.com/wp-content/uploads/2024/02/Facebook-Logo.png"",""id"":183987,""extension"":""png"",""width"":1000,""height"":1000}","{""_ecp_custom_2"":{""label"":""Region"",""value"":""Fargo""}}",false,false,,,2024-02-14 10:07:21,2024-02-14 16:07:21,true,true,,,
2026-09-30T20:20:26Z,fargounderground.com,https://fargounderground.com/wp-json/tribe/events/v1/events,94,10061874,fargounderground.com?id=10061874,Rock N Bowl,2028-07-22 22:00:00,2028-07-23 03:00:00,2028-07-23 00:00:00,2028-07-23 05:00:00,America/Chicago,false,false,publish,https://fargounderground.com/event/rock-n-bowl/2028-07-22/,https://bowlingsunset.com/rock-n-bowl,,$13,"{""currency_symbol"":""$"",""currency_code"":""USD"",""currency_position"":""prefix"",""values"":[""13""]}","[{""id"":1298,""name"":""Active &amp; Social Events"",""slug"":""active-social-events"",""parent"":909},{""id"":372,""name"":""Food &amp; Drink"",""slug"":""food-drink"",""parent"":0}]",[],"{""id"":146365,""global_id"":""fargounderground.com?id=146365"",""venue"":""Sunset Lanes"",""address"":""620 U.S. 75"",""city"":""Moorhead"",""country"":""United States"",""province"":""MN"",""state"":""MN"",""zip"":""56560"",""website"":""https://bowlingsunset.com/"",""url"":""https://fargounderground.com/venue/sunset-lanes/"",""geo_lat"":46.8818938,""geo_lng"":-96.7431497,""show_map"":true,""show_map_link"":true}",[],"$13 per person. Grab some friends and head over to Sunset Lanes for Rock N Bowl. Sunset Lanes has Qubica’s deckpin lighting and cap lighting. The bar and kitchen are open all night long, so enjoy some food and drinks while you bowl. This event is fun for all ages.",,"{""url"":""https://fargounderground.com/wp-content/uploads/2025/09/rsw_1240h_620cg_true.webp"",""id"":263442,""extension"":""webp"",""width"":1240,""height"":620}","{""_ecp_custom_2"":{""label"":""Region"",""value"":""Moorhead""}}",false,false,,,2025-09-07 11:45:40,2025-09-07 16:45:40,true,true,,,
2026-09-30T20:20:26Z,fargounderground.com,https://fargounderground.com/wp-json/tribe/events/v1/events,94,10034312,fargounderground.com?id=10034312,Open Mic,2028-07-23 18:00:00,2028-07-23 23:00:00,2028-07-23 22:00:00,2028-07-24 03:00:00,America/Chicago,false,false,publish,https://fargounderground.com/event/open-mic/2028-07-23/,,,Free,"{""currency_symbol"":""$"",""currency_code"":"""",""currency_position"":""prefix"",""values"":[""0""]}","[{""id"":360,""name"":""Live Music"",""slug"":""live-music"",""parent"":0},{""id"":369,""name"":""Open Mic &amp; Jam"",""slug"":""open-mic-jam"",""parent"":909}]",[],"{""id"":104370,""global_id"":""fargounderground.com?id=104370"",""venue"":""Cowboy Jack&#8217;s"",""address"":""506 Broadway"",""city"":""Fargo"",""province"":""ND"",""zip"":""58102"",""website"":""https://downtownfargo.com/venue/cowboy-jacks/"",""url"":""https://fargounderground.com/venue/cowboy-jacks/"",""geo_lat"":46.881414,""geo_lng"":-96.788091,""show_map"":true,""show_map_link"":true}",[],Live music and great food! Can’t wait to see you there!,,"{""url"":""https://fargounderground.com/wp-content/uploads/2023/12/410021949_813755527423771_7670712905895671685_n-jpg-webp.webp"",""id"":177707,""extension"":""webp"",""width"":526,""height"":526}","{""_ecp_custom_2"":{""label"":""Region"",""value"":""Fargo""}}",false,false,,,2023-12-11 09:39:16,2023-12-11 15:39:16,true,true,,,
2026-09-30T20:20:26Z,fargounderground.com,https://fargounderground.com/wp-json/tribe/events/v1/events,94,10049334,fargounderground.com?id=10049334,Monday Meetups for Adults,2028-07-24 18:00:00,2028-07-24 23:00:00,2028-07-24 20:00:00,2028-07-25 01:00:00,America/Chicago,false,false,publish,https://fargounderground.com/event/monday-meetups-for-adults/2028-07-24/,https://larl.org/mondaymeetup,,Free,"{""currency_symbol"":""$"",""currency_code"":""USD"",""currency_position"":""prefix"",""values"":[""0""]}","[{""id"":677,""name"":""Clubs &amp; Groups"",""slug"":""clubs-groups"",""parent"":361},{""id"":364,""name"":""Crafts &amp; Hobbies"",""slug"":""arts-crafts"",""parent"":428},{""id"":367,""name"":""Gaming &amp; Tabletop"",""slug"":""games"",""parent"":909},{""id"":429,""name"":""Literary Arts"",""slug"":""books-readings"",""parent"":428}]",[],"{""id"":91017,""global_id"":""fargounderground.com?id=91017"",""venue"":""Moorhead Public Library"",""address"":""118 5th St S"",""city"":""Moorhead"",""country"":""United States"",""province"":""MN"",""state"":""MN"",""zip"":""56560"",""website"":""https://larl.org/"",""phone"":""(218) 233-7594"",""url"":""https://fargounderground.com/venue/moorhead-public-library/"",""geo_lat"":46.873097,""geo_lng"":-96.771756,""show_map"":true,""show_map_link"":true}","[{""id"":186176,""global_id"":""fargounderground.com?id=186176"",""organizer"":""Moorhead Public Library"",""url"":""https://fargounderground.com/organizer/"",""website"":""https://larl.org/locations/moorhead/"",""phone"":""218-233-7594"",""email"":""mhreference@larl.org""}]","Meet up and chat with others with similar interests. Come with friends, or make some new ones! Refreshments will be provided. Check the calendar for updates – https://larl.org/mondaymeetup/ First Monday of the Month – Craft Connection Join us to get cozy, craft and chat! This is an opportunity to leave distractions behind and focus on your craft. Bring whatever project you are working on and meet up with other local crafters. You can share your expertise, learn from others or just enjoy some distraction-free time to yourself. Refreshments will be provided. Second Monday of the Month – Best Sellers Book Club Join the Moorhead Public Library’s Best Sellers Book Club and see what the buzz is about in the latest popular books! Third Monday of the Month – Game Night Join us to get cozy, play games, and chat! This is an opportunity to meet up with others who enjoy playing games. Come with friends, or make some new ones! Bring your favorite card or board game, or try one of ours! Refreshments will be provided. Fourth Monday of the Month – Silent Reading Club Join us at the Moorhead Library for quiet, sustained reading at our new Silent Book Club! All readers are welcome—ebooks or audiobooks, poetry or prose, fiction or non-fiction… it’s BYOBook. The library will provide comfortable seating and light refreshments. Fifth Monday of the Month – Guided Activity Join us each month for different activities lead by experts in their respective disciplines. Any needed supplies will be provided.",,"{""url"":""https://fargounderground.com/wp-content/uploads/2024/10/MHD-all-Monday-Meetups-2024-Website-Graphic-scaled-1.jpg"",""id"":257979,""extension"":""jpg"",""width"":2560,""height"":1440}","{""_ecp_custom_2"":{""label"":""Region"",""value"":""Moorhead""}}",false,false,,,2025-07-29 11:46:45,2025-07-29 16:46:45,true,true,,,
2026-09-30T20:20:26Z,fargounderground.com,https://fargounderground.com/wp-json/tribe/events/v1/events,94,10062586,fargounderground.com?id=10062586,Jazz Night at Sidestreet,2028-07-24 19:00:00,2028-07-25 00:00:00,2028-07-24 21:00:00,2028-07-25 02:00:00,America/Chicago,false,false,publish,https://fargounderground.com/event/jazz-night-at-sidestreet-2/2028-07-24/,https://www.fargopartyof3.com/sidestreet.html,,Free,"{""currency_symbol"":""$"",""currency_code"":""USD"",""currency_position"":""prefix"",""values"":[""0""]}","[{""id"":412,""name"":""Culture &amp; Heritage"",""slug"":""culture"",""parent"":428},{""id"":909,""name"":""Entertainment"",""slug"":""entertainment"",""parent"":0},{""id"":372,""name"":""Food &amp; Drink"",""slug"":""food-drink"",""parent"":0},{""id"":591,""name"":""Jazz &amp; Blues"",""slug"":""jazz-blues"",""parent"":360}]",[],"{""id"":93912,""global_id"":""fargounderground.com?id=93912"",""venue"":""SIdestreet Grille &#038; Pub"",""address"":""404 4th ave N"",""city"":""Fargo"",""province"":""ND"",""state"":""ND"",""zip"":""58102"",""website"":""https://downtownfargo.com/venue/sidestreet-grille-pub/"",""url"":""https://fargounderground.com/venue/sidestreet-grille-pub-3/"",""geo_lat"":46.8798407,""geo_lng"":-96.7849167,""show_map"":true,""show_map_link"":true}",[],"Start your week on a high note with Jazz Night at Sidestreet Grille & Pub! Every Monday from 7 to 9 p.m., the pub transforms into a cozy jazz club, featuring talented local musicians. Grab a seat, enjoy a delicious meal, and unwind with the smooth sounds of live jazz. It’s the perfect way to relax and appreciate the local music scene.",,"{""url"":""https://fargounderground.com/wp-content/uploads/2023/10/jazznights-2023aug-dec_orig-e1698696620909-0UgB44.tmp_-jpg-webp.webp"",""id"":174098,""extension"":""webp"",""width"":425,""height"":224}","{""_ecp_custom_2"":{""label"":""Region"",""value"":""Fargo""}}",false,false,,,2025-09-08 12:40:56,2025-09-08 17:40:56,true,true,,,
2026-09-30T20:20:26Z,fargounderground.com,https://fargounderground.com/wp-json/tribe/events/v1/events,94,10023957,fargounderground.com?id=10023957,Open Mic Night at Front Street Taproom,2028-07-24 20:00:00,2028-07-25 01:00:00,2028-07-24 23:00:00,2028-07-25 04:00:00,America/Chicago,false,false,publish,https://fargounderground.com/event/open-mic-night-at-front-street-taproom/2028-07-24/,https://www.facebook.com/events/638022304704240/638022361370901/,,Free,"{""currency_symbol"":"""",""currency_code"":"""",""currency_position"":"""",""values"":[""free""]}","[{""id"":360,""name"":""Live Music"",""slug"":""live-music"",""parent"":0},{""id"":369,""name"":""Open Mic &amp; Jam"",""slug"":""open-mic-jam"",""parent"":909}]","[{""name"":""downtown Fargo"",""slug"":""downtown-fargo"",""term_group"":0,""term_taxonomy_id"":49,""taxonomy"":""post_tag"",""description"":"""",""parent"":0,""count"":102,""filter"":""raw"",""id"":49,""urls"":{""self"":""https://fargounderground.com/wp-json/tribe/events/v1/tags/49"",""collection"":""https://fargounderground.com/wp-json/tribe/events/v1/tags""}},{""name"":""Fargo"",""slug"":""fargo"",""term_group"":0,""term_taxonomy_id"":240,""taxonomy"":""post_tag"",""description"":"""",""parent"":0,""count"":52,""filter"":""raw"",""id"":240,""urls"":{""self"":""https://fargounderground.com/wp-json/tribe/events/v1/tags/240"",""collection"":""https://fargounderground.com/wp-json/tribe/events/v1/tags""}},{""name"":""Live music"",""slug"":""live-music"",""term_group"":0,""term_taxonomy_id"":45,""taxonomy"":""post_tag"",""description"":"""",""parent"":0,""count"":81,""filter"":""raw"",""id"":45,""urls"":{""self"":""https://fargounderground.com/wp-json/tribe/events/v1/tags/45"",""collection"":""https://fargounderground.com/wp-json/tribe/events/v1/tags""}}]","{""id"":20933,""global_id"":""fargounderground.com?id=20933"",""venue"":""Front Street Taproom"",""address"":""614 Main Ave"",""city"":""Fargo"",""province"":""ND"",""state"":""ND"",""zip"":""58102"",""website"":""https://downtownfargo.com/venue/front-street-taproom/"",""url"":""https://fargounderground.com/venue/front-street-taproom-2/"",""geo_lat"":46.87428,""geo_lng"":-96.78883,""show_map"":true,""show_map_link"":true}",[],"Hosted by Travis Neros Every Monday at 8pm Come hangout and listen to live music, readings, and/or comedy! (If you’re wanting to sign-up come closer to the beginning, if you can)",,"{""url"":""https://fargounderground.com/wp-content/uploads/2023/01/339625439_693036622509731_7407905951526191323_n-jpg-webp.webp"",""id"":156207,""extension"":""webp"",""width"":1201,""height"":629}",[],false,false,,,2023-09-05 14:16:16,2023-09-05 19:16:16,true,true,,,
2026-09-30T20:20:26Z,fargounderground.com,https://fargounderground.com/wp-json/tribe/events/v1/events,94,10053504,fargounderground.com?id=10053504,Tea Time Tuesdays,2028-07-25 08:30:00,2028-07-25 13:30:00,2028-07-25 09:30:00,2028-07-25 14:30:00,America/Chicago,false,false,publish,https://fargounderground.com/event/tea-time-tuesdays/2028-07-25/,,,,"{""currency_symbol"":""$"",""currency_code"":""USD"",""currency_position"":""prefix"",""values"":[]}","[{""id"":649,""name"":""Business"",""slug"":""business"",""parent"":361}]",[],"{""id"":150796,""global_id"":""fargounderground.com?id=150796"",""venue"":""The Daily Dose Fargo"",""address"":""3223 13th Ave S"",""city"":""Fargo"",""country"":""United States"",""province"":""North Dakota"",""zip"":""58103"",""url"":""https://fargounderground.com/venue/the-daily-dose-fargo/"",""show_map"":true,""show_map_link"":true}",[],"Come and join us every Tuesday from 8:30-9:30am. Let’s connect, meet, network, caffeinate and reboot for the week! Networking is free and open to anyone willing to network!",,"{""url"":""https://fargounderground.com/wp-content/uploads/2023/02/326953771_5843143202437407_8499174753929495889_n-jpg-webp.webp"",""id"":150797,""extension"":""webp"",""width"":960,""height"":541}",[],false,false,,,2023-02-21 16:21:55,2023-02-21 22:21:55,false,false,,,
2026-09-30T20:20:26Z,fargounderground.com,https://fargounderground.com/wp-json/tribe/events/v1/events,94,10056385,fargounderground.com?id=10056385,Pickabob Grill & BBQ,2028-07-25 11:00:00,2028-07-25 16:00:00,2028-07-25 22:00:00,2028-07-26 03:00:00,America/Chicago,false,false,publish,https://fargounderground.com/event/pickabob-grill-bbq/2028-07-25/,,,,"{""currency_symbol"":""$"",""currency_code"":""USD"",""currency_position"":""prefix"",""values"":[]}","[{""id"":825,""name"":""Food Trucks"",""slug"":""food-trucks"",""parent"":372}]",[],"{""id"":160212,""global_id"":""fargounderground.com?id=160212"",""venue"":""Great Northern Park"",""address"":""425 Broadway N"",""city"":""Fargo"",""country"":""United States"",""province"":""North Dakota"",""zip"":""58102"",""url"":""https://fargounderground.com/venue/great-northern-park/"",""show_map"":true,""show_map_link"":true}",[],,,false,[],false,false,,,2023-06-16 10:57:07,2023-06-16 15:57:07,false,false,,,
2026-09-30T20:20:26Z,fargounderground.com,https://fargounderground.com/wp-json/tribe/events/v1/events,94,10026602,fargounderground.com?id=10026602,Suite Shots Trivia Night,2028-07-25 18:00:00,2028-07-25 23:00:00,2028-07-25 20:00:00,2028-07-26 01:00:00,America/Chicago,false,false,publish,https://fargounderground.com/event/suite-shots-trivia-night-9/2028-07-25/,,,Free,"{""currency_symbol"":""$"",""currency_code"":""USD"",""currency_position"":""prefix"",""values"":[""free""]}","[{""id"":370,""name"":""Trivia &amp; Bingo"",""slug"":""trivia"",""parent"":909}]",[],"{""id"":165649,""global_id"":""fargounderground.com?id=165649"",""venue"":""Suite Shots"",""address"":""3400 James Way S"",""city"":""Fargo"",""country"":""United States"",""province"":""ND"",""state"":""ND"",""zip"":""58104"",""website"":""https://suiteshots.com/venue/suite-shots/"",""phone"":""(701) 532-4653"",""url"":""https://fargounderground.com/venue/suite-shots/"",""geo_lat"":46.8072058,""geo_lng"":-96.8355331,""show_map"":true,""show_map_link"":true}",[],"Every Tuesday, showcase your vast knowledge (both useful & useless) & compete for fantastic Suite Shots prizes! 🏆 Join us at 6 pm for an evening of brain-teasing fun! 🧠💡 But before the trivia begins, don’t miss our Happy Hour from 3:30-6:30 pm. 🍻 PLUS, if you’re craving some delicious tacos, we’ve got you covered with $4 Walleye Tacos & $4 Specialty Tacos changed monthly. 🌮",,"{""url"":""https://fargounderground.com/wp-content/uploads/2023/09/359314893_753992756729627_4984377186369470435_n-jpg-webp.webp"",""id"":169720,""extension"":""webp"",""width"":1080,""height"":1080}",[],false,false,,,2024-05-15 16:02:56,2024-05-15 21:02:56,true,true,,,
2026-09-30T20:20:26Z,fargounderground.com,https://fargounderground.com/wp-json/tribe/events/v1/events,94,10042160,fargounderground.com?id=10042160,Tuesday Night Trivia at the Sidestreet,2028-07-25 19:00:00,2028-07-26 00:00:00,2028-07-25 21:00:00,2028-07-26 02:00:00,America/Chicago,false,false,publish,https://fargounderground.com/event/tuesday-night-trivia-at-the-sidestreet-2/2028-07-25/,,,Free,"{""currency_symbol"":""$"",""currency_code"":""USD"",""currency_position"":""prefix"",""values"":[""0""]}","[{""id"":370,""name"":""Trivia &amp; Bingo"",""slug"":""trivia"",""parent"":909}]",[],"{""id"":20005,""global_id"":""fargounderground.com?id=20005"",""venue"":""Sidestreet Grille &amp; Pub"",""address"":""404 4th Ave N"",""city"":""Fargo"",""country"":""United States"",""province"":""ND"",""state"":""ND"",""zip"":""58102-4810"",""website"":""https://www.facebook.com/SidestreetGrilleandPub/"",""url"":""https://fargounderground.com/venue/sidestreet-grille-pub/"",""geo_lat"":46.8798407,""geo_lng"":-96.7849167,""show_map"":true,""show_map_link"":true}",[],Hey There & Howdy Trivia Hounds! Tuesdays just got that much better with Two Lanterns Trivia at the Sidestreet in Downtown Fargo! Test your trivial knowledge for the chance to win FREE drinks or get ZONKED with everybody’s favorite Game-within-the-Game “WHAT’S IN THE BAG?!” Grand Prize Winners get a $20.00 GIFT CARD! Come on out…It’s sure to be a fun time!,,"{""url"":""https://fargounderground.com/wp-content/uploads/2023/04/340613979_592852209440315_7275928061751749308_n-jpg-webp.webp"",""id"":157565,""extension"":""webp"",""width"":1200,""height"":630}",[],false,false,,,2024-03-05 17:07:55,2024-03-05 23:07:55,false,false,,,
2026-09-30T20:20:26Z,fargounderground.com,https://fargounderground.com/wp-json/tribe/events/v1/events,94,10056177,fargounderground.com?id=10056177,Boss’ Comedy Club Open Mic,2028-07-25 20:00:00,2028-07-26 01:00:00,2028-07-25 23:00:00,2028-07-26 04:00:00,America/Chicago,false,false,publish,https://fargounderground.com/event/boss-comedy-club-open-mic-2/2028-07-25/,,,Free,"{""currency_symbol"":""$"",""currency_code"":""USD"",""currency_position"":""prefix"",""values"":[""0""]}","[{""id"":432,""name"":""Comedy"",""slug"":""comedy-arts-entertainment"",""parent"":909},{""id"":369,""name"":""Open Mic &amp; Jam"",""slug"":""open-mic-jam"",""parent"":909}]",[],"{""id"":144938,""global_id"":""fargounderground.com?id=144938"",""venue"":""Boss&#8217; Comedy Club Fargo"",""address"":""228 Broadway N"",""city"":""Fargo"",""country"":""United States"",""province"":""North Dakota"",""zip"":""58102"",""website"":""https://www.bosspizzaandchicken.com/"",""phone"":""(701) 997-2677"",""url"":""https://fargounderground.com/venue/boss-comedy-club-fargo/"",""show_map"":true,""show_map_link"":true}",[],Come out this Thursday and enjoy the areas best comedians work on their Material… For Free! Want to try stand-up comedy yourself? First Timers & New Comedians are always encouraged. While you’re here enjoy Boss’s Full Menu also available in the Comedy Club. Sign up at 7:30 pm. Show at 8 pm. All are welcome!,,"{""url"":""https://fargounderground.com/wp-content/uploads/2022/12/boss-comedy-club-jpg-webp.webp"",""id"":144939,""extension"":""webp"",""width"":1420,""height"":640}",[],false,false,,,2023-04-27 14:31:21,2023-04-27 19:31:21,false,false,,,
2026-09-30T20:20:26Z,fargounderground.com,https://fargounderground.com/wp-json/tribe/events/v1/events,94,10025263,fargounderground.com?id=10025263,Open Mic Comedy,2028-07-25 20:00:00,2028-07-26 01:00:00,2028-07-25 22:00:00,2028-07-26 03:00:00,America/Chicago,false,false,publish,https://fargounderground.com/event/open-mic-comedy-6/2028-07-25/,https://www.facebook.com/Bosscomedyclubfargo/,,,"{""currency_symbol"":"""",""currency_code"":"""",""currency_position"":""prefix"",""values"":[]}","[{""id"":432,""name"":""Comedy"",""slug"":""comedy-arts-entertainment"",""parent"":909},{""id"":369,""name"":""Open Mic &amp; Jam"",""slug"":""open-mic-jam"",""parent"":909}]",[],"{""id"":144938,""global_id"":""fargounderground.com?id=144938"",""venue"":""Boss&#8217; Comedy Club Fargo"",""address"":""228 Broadway N"",""city"":""Fargo"",""country"":""United States"",""province"":""North Dakota"",""zip"":""58102"",""website"":""https://www.bosspizzaandchicken.com/"",""phone"":""(701) 997-2677"",""url"":""https://fargounderground.com/venue/boss-comedy-club-fargo/"",""show_map"":true,""show_map_link"":true}",[],Open Mic Comedy at Boss’s Every Tuesday Night Try your hand on the stage for free! Sign up at 7:30 pm; Mic Starts at 8 pm,,"{""url"":""https://fargounderground.com/wp-content/uploads/2023/08/Boss-Comedy-Open-Mic-jpg-webp.webp"",""id"":168876,""extension"":""webp"",""width"":1420,""height"":640}",[],false,false,,,2023-09-05 14:26:50,2023-09-05 19:26:50,false,false,,,
2026-09-30T20:20:26Z,fargounderground.com,https://fargounderground.com/wp-json/tribe/events/v1/events,94,10028911,fargounderground.com?id=10028911,Karaoke at Dempsey’s,2028-07-25 21:00:00,2028-07-26 02:00:00,2028-07-26 02:00:00,2028-07-26 07:00:00,America/Chicago,false,false,publish,https://fargounderground.com/event/karaoke-at-dempseys-59-2/2028-07-25/,,,Free,"{""currency_symbol"":""$"",""currency_code"":""USD"",""currency_position"":""prefix"",""values"":[""free""]}","[{""id"":368,""name"":""Karaoke"",""slug"":""karaoke"",""parent"":909}]",[],"{""id"":91157,""global_id"":""fargounderground.com?id=91157"",""venue"":""Dempsey’s Public House"",""address"":""226 Broadway N"",""city"":""Fargo"",""country"":""United States"",""province"":""ND"",""zip"":""58102"",""website"":""https://dempseysfargo.com/"",""url"":""https://fargounderground.com/venue/dempseys-public-house-2/"",""geo_lat"":46.8789764,""geo_lng"":-96.7882596,""show_map"":true,""show_map_link"":true}",[],"Dempsey’s has been named the Best Karaoke bar in Fargo for a reason! Sing your heart out during our FREE Karaoke night, every Tuesday and Saturday. It’s legendary!",,"{""url"":""https://fargounderground.com/wp-content/uploads/2022/11/karaoke-dempseys-0BUCH0.tmp_.png"",""id"":142666,""extension"":""png"",""width"":945,""height"":532}",[],false,false,,,2023-09-18 17:10:07,2023-09-18 22:10:07,false,false,,,
2026-09-30T20:20:26Z,fargounderground.com,https://fargounderground.com/wp-json/tribe/events/v1/events,94,10056386,fargounderground.com?id=10056386,Pickabob Grill & BBQ,2028-07-26 11:00:00,2028-07-26 16:00:00,2028-07-26 22:00:00,2028-07-27 03:00:00,America/Chicago,false,false,publish,https://fargounderground.com/event/pickabob-grill-bbq/2028-07-26/,,,,"{""currency_symbol"":""$"",""currency_code"":""USD"",""currency_position"":""prefix"",""values"":[]}","[{""id"":825,""name"":""Food Trucks"",""slug"":""food-trucks"",""parent"":372}]",[],"{""id"":160212,""global_id"":""fargounderground.com?id=160212"",""venue"":""Great Northern Park"",""address"":""425 Broadway N"",""city"":""Fargo"",""country"":""United States"",""province"":""North Dakota"",""zip"":""58102"",""url"":""https://fargounderground.com/venue/great-northern-park/"",""show_map"":true,""show_map_link"":true}",[],,,false,[],false,false,,,2023-06-16 10:57:07,2023-06-16 15:57:07,false,false,,,
2026-09-30T20:20:26Z,fargounderground.com,https://fargounderground.com/wp-json/tribe/events/v1/events,94,10060417,fargounderground.com?id=10060417,Discount Skate Night,2028-07-26 18:00:00,2028-07-26 23:00:00,2028-07-26 20:00:00,2028-07-27 01:00:00,America/Chicago,false,false,publish,https://fargounderground.com/event/discount-skate-night/2028-07-26/,https://www.skatecitynd.com/2024/02/discount-night/,,$6,"{""currency_symbol"":""$"",""currency_code"":""USD"",""currency_position"":""prefix"",""values"":[""6""]}","[{""id"":1298,""name"":""Active &amp; Social Events"",""slug"":""active-social-events"",""parent"":909},{""id"":374,""name"":""Families &amp; Kids"",""slug"":""families-kids"",""parent"":361}]",[],"{""id"":145039,""global_id"":""fargounderground.com?id=145039"",""venue"":""Skate City ND"",""address"":""3302 Interstate Blvd S"",""city"":""Fargo"",""country"":""United States"",""province"":""North Dakota"",""zip"":""58103"",""website"":""skatecitynd.com"",""phone"":""(701) 235-0555"",""url"":""https://fargounderground.com/venue/skate-city-nd/"",""show_map"":true,""show_map_link"":true}",[],"Catering to families and skaters of all ages and skill levels. Join us for a midweek session with discounted admission! Just $6 per skater, plus $4.00 skate rental if needed. Family Night Out Discount Night is a great way to get some midweek fun for the whole family at a great rate. Bring friends and extended family for good music, games and food! Groups & Clubs Whether you’re in a college club, book club or sports team, our group rates can’t be beaten! Reserve your group of 15 or more skaters at get admission for $6 per skater, which includes choice of rental! Daycares & Youth Groups Skating is a great way to get your daycare or youth group out for a night of fun! This midweek session is a great opportunity. Reserve a group of 15 or more and get our group rates – just $6 per skater, which includes choice of skate rental! Groups also get our meal deal (hotdogs, chips, and small drink) for just $5 per skater.",,"{""url"":""https://fargounderground.com/wp-content/uploads/2025/09/Discount-Skate-TV-Slide.png"",""id"":263371,""extension"":""png"",""width"":1920,""height"":1080}","{""_ecp_custom_2"":{""label"":""Region"",""value"":""Fargo""}}",false,false,,,2025-09-06 19:23:30,2025-09-07 00:23:30,true,true,,,
2026-09-30T20:20:26Z,fargounderground.com,https://fargounderground.com/wp-json/tribe/events/v1/events,94,10054504,fargounderground.com?id=10054504,Taco Night and Bingo!,2028-07-26 18:00:00,2028-07-26 23:00:00,2028-07-26 20:00:00,2028-07-27 01:00:00,America/Chicago,false,false,publish,https://fargounderground.com/event/taco-night-and-bingo-31/2028-07-26/,,,Free,"{""currency_symbol"":""$"",""currency_code"":""USD"",""currency_position"":""prefix"",""values"":[""0""]}","[{""id"":372,""name"":""Food &amp; Drink"",""slug"":""food-drink"",""parent"":0},{""id"":370,""name"":""Trivia &amp; Bingo"",""slug"":""trivia"",""parent"":909}]",[],"{""id"":91157,""global_id"":""fargounderground.com?id=91157"",""venue"":""Dempsey’s Public House"",""address"":""226 Broadway N"",""city"":""Fargo"",""country"":""United States"",""province"":""ND"",""zip"":""58102"",""website"":""https://dempseysfargo.com/"",""url"":""https://fargounderground.com/venue/dempseys-public-house-2/"",""geo_lat"":46.8789764,""geo_lng"":-96.7882596,""show_map"":true,""show_map_link"":true}",[],Play FREE Bingo from 6 – 8pm! Get $1 Tacos from 4 – 9pm!,,"{""url"":""https://fargounderground.com/wp-content/uploads/2022/11/taco-night-dempseys-dhBTti.tmp_.png"",""id"":142669,""extension"":""png"",""width"":945,""height"":532}",[],false,false,,,2023-03-28 17:45:42,2023-03-28 22:45:42,false,false,,,
2026-09-30T20:20:26Z,fargounderground.com,https://fargounderground.com/wp-json/tribe/events/v1/events,94,10028398,fargounderground.com?id=10028398,Harold’s Karaoke Party,2028-07-26 20:00:00,2028-07-27 01:00:00,2028-07-27 01:00:00,2028-07-27 06:00:00,America/Chicago,false,false,publish,https://fargounderground.com/event/harolds-karaoke-party-2/2028-07-26/,,,Free,"{""currency_symbol"":""$"",""currency_code"":""USD"",""currency_position"":""prefix"",""values"":[""0""]}","[{""id"":368,""name"":""Karaoke"",""slug"":""karaoke"",""parent"":909}]",[],"{""id"":146111,""global_id"":""fargounderground.com?id=146111"",""venue"":""Harold&#8217;s on Main"",""address"":""1330 Main Ave"",""city"":""Moorhead"",""country"":""United States"",""province"":""MN"",""zip"":""56560"",""website"":""https://www.facebook.com/HaroldsOnMain/"",""phone"":""(218) 233-3477"",""url"":""https://fargounderground.com/venue/harolds-on-main-2/"",""geo_lat"":46.8748909,""geo_lng"":-96.8000869,""show_map"":true,""show_map_link"":true}",[],✨🎤 HARAOKE – Karaoke at Harold’s! Every Wednesday at 8pm 🎤✨,,"{""url"":""https://fargounderground.com/wp-content/uploads/2023/04/harolds-karaoke-jpg-webp.webp"",""id"":156209,""extension"":""webp"",""width"":1920,""height"":1080}",[],false,false,,,2023-09-18 17:09:27,2023-09-18 22:09:27,false,false,,,
2026-09-30T20:20:26Z,fargounderground.com,https://fargounderground.com/wp-json/tribe/events/v1/events,94,10067760,fargounderground.com?id=10067760,Open Mic Comedy in the Cellar,2028-07-26 20:00:00,2028-07-27 01:00:00,2028-07-26 21:30:00,2028-07-27 02:30:00,America/Chicago,false,false,publish,https://fargounderground.com/event/open-mic-comedy-in-the-cellar-3/2028-07-26/,,,Free,"{""currency_symbol"":""$"",""currency_code"":""USD"",""currency_position"":""prefix"",""values"":[""0""]}","[{""id"":432,""name"":""Comedy"",""slug"":""comedy-arts-entertainment"",""parent"":909},{""id"":359,""name"":""Nightlife"",""slug"":""nightlife"",""parent"":909},{""id"":369,""name"":""Open Mic &amp; Jam"",""slug"":""open-mic-jam"",""parent"":909}]","[{""name"":""Comedy"",""slug"":""comedy"",""term_group"":0,""term_taxonomy_id"":310,""taxonomy"":""post_tag"",""description"":"""",""parent"":0,""count"":86,""filter"":""raw"",""id"":310,""urls"":{""self"":""https://fargounderground.com/wp-json/tribe/events/v1/tags/310"",""collection"":""https://fargounderground.com/wp-json/tribe/events/v1/tags""}}]","{""id"":121817,""global_id"":""fargounderground.com?id=121817"",""venue"":""The Cellar Comedy Club"",""address"":""614 Main Ave"",""city"":""Fargo"",""country"":""United States"",""province"":""ND"",""state"":""ND"",""zip"":""58103"",""website"":""https://www.fargomoorhead.org/venue/the-cellar-comedy-club/"",""url"":""https://fargounderground.com/venue/the-cellar-comedy-club/"",""geo_lat"":46.8741865,""geo_lng"":-96.7888348,""show_map"":true,""show_map_link"":true}","[{""id"":189866,""global_id"":""fargounderground.com?id=189866"",""organizer"":""The Cellar Comedy Club"",""url"":""https://fargounderground.com/organizer/"",""website"":""https://www.frontstreettaproom.com/comedyinthecellar"",""phone"":""(701) 566-7226"",""email"":""frontstreettaproom@gmail.com""}]","Open Mic Comedy Every Wednesday Night Doors open at 7pm Sign-up at 7:30pm Show starts at 8pm Up to 25 Comedians 3 or 5 Minute Sets Free Event No Ticket Required 21+ STAGE TIME IS NOT GUARANTEED Comedy in the Cellar Underground Comedy Club Below Front Street Taproom Downtown Fargo, ND",,"{""url"":""https://fargounderground.com/wp-content/uploads/2025/11/Open-Mic-Comedy-Cover.jpg"",""id"":284169,""extension"":""jpg"",""width"":2000,""height"":2000}","{""_ecp_custom_2"":{""label"":""Region"",""value"":""Fargo""}}",false,false,,,2025-11-13 12:49:52,2025-11-13 18:49:52,true,true,,,
2026-09-30T20:20:26Z,fargounderground.com,https://fargounderground.com/wp-json/tribe/events/v1/events,94,10056387,fargounderground.com?id=10056387,Pickabob Grill & BBQ,2028-07-27 11:00:00,2028-07-27 16:00:00,2028-07-27 22:00:00,2028-07-28 03:00:00,America/Chicago,false,false,publish,https://fargounderground.com/event/pickabob-grill-bbq/2028-07-27/,,,,"{""currency_symbol"":""$"",""currency_code"":""USD"",""currency_position"":""prefix"",""values"":[]}","[{""id"":825,""name"":""Food Trucks"",""slug"":""food-trucks"",""parent"":372}]",[],"{""id"":160212,""global_id"":""fargounderground.com?id=160212"",""venue"":""Great Northern Park"",""address"":""425 Broadway N"",""city"":""Fargo"",""country"":""United States"",""province"":""North Dakota"",""zip"":""58102"",""url"":""https://fargounderground.com/venue/great-northern-park/"",""show_map"":true,""show_map_link"":true}",[],,,false,[],false,false,,,2023-06-16 10:57:07,2023-06-16 15:57:07,false,false,,,
2026-09-30T20:20:26Z,fargounderground.com,https://fargounderground.com/wp-json/tribe/events/v1/events,94,10054859,fargounderground.com?id=10054859,Free Dog Night and Rock & Roll Bingo!,2028-07-27 18:00:00,2028-07-27 23:00:00,2028-07-27 20:00:00,2028-07-28 01:00:00,America/Chicago,false,false,publish,https://fargounderground.com/event/free-dog-night-and-rock-roll-bingo-31/2028-07-27/,,,Free,"{""currency_symbol"":""$"",""currency_code"":""USD"",""currency_position"":""prefix"",""values"":[""0""]}","[{""id"":372,""name"":""Food &amp; Drink"",""slug"":""food-drink"",""parent"":0},{""id"":370,""name"":""Trivia &amp; Bingo"",""slug"":""trivia"",""parent"":909}]",[],"{""id"":91157,""global_id"":""fargounderground.com?id=91157"",""venue"":""Dempsey’s Public House"",""address"":""226 Broadway N"",""city"":""Fargo"",""country"":""United States"",""province"":""ND"",""zip"":""58102"",""website"":""https://dempseysfargo.com/"",""url"":""https://fargounderground.com/venue/dempseys-public-house-2/"",""geo_lat"":46.8789764,""geo_lng"":-96.7882596,""show_map"":true,""show_map_link"":true}",[],Play FREE Rock & Roll Bingo from 6 – 8pm! Get FREE Hot Dogs from 4 – 9pm!,,"{""url"":""https://fargounderground.com/wp-content/uploads/2022/11/hot-dog-night-tO0mPR.tmp_.png"",""id"":142672,""extension"":""png"",""width"":945,""height"":532}",[],false,false,,,2023-03-28 17:49:54,2023-03-28 22:49:54,false,false,,,
2026-09-30T20:20:26Z,fargounderground.com,https://fargounderground.com/wp-json/tribe/events/v1/events,94,10052551,fargounderground.com?id=10052551,Full Circle Open Mic,2028-07-27 19:00:00,2028-07-28 00:00:00,2028-07-27 22:00:00,2028-07-28 03:00:00,America/Chicago,false,false,publish,https://fargounderground.com/event/full-circle-open-mic/2028-07-27/,,,Free,"{""currency_symbol"":""$"",""currency_code"":""USD"",""currency_position"":""prefix"",""values"":[""0""]}","[{""id"":369,""name"":""Open Mic &amp; Jam"",""slug"":""open-mic-jam"",""parent"":909}]",[],"{""id"":144429,""global_id"":""fargounderground.com?id=144429"",""venue"":""Black Coffee and Waffle Bar Fargo"",""address"":""550 2nd Ave N"",""city"":""Fargo"",""country"":""United States"",""province"":""North Dakota"",""zip"":""58102"",""website"":""https://blackcoffeeandwaffle.com/"",""phone"":""701-566-8749"",""url"":""https://fargounderground.com/venue/black-coffee-and-waffle-bar-fargo/"",""show_map"":true,""show_map_link"":true}",[],"Every Thursday is open mic night! Come out and tell a few jokes, sing your heart out, or read poetry. Hosted at Black Coffee and Waffle bar in downtown Fargo, ND.",,"{""url"":""https://fargounderground.com/wp-content/uploads/2022/12/314756703_10228005485586320_4750178534703107090_n-jpg-webp.webp"",""id"":144430,""extension"":""webp"",""width"":1800,""height"":1200}",[],false,false,,,2023-01-20 12:43:36,2023-01-20 18:43:36,false,false,,,
2026-09-30T20:20:26Z,fargounderground.com,https://fargounderground.com/wp-json/tribe/events/v1/events,94,10025675,fargounderground.com?id=10025675,Thursday Night Trivia at Downtown Fargo VFW,2028-07-27 19:00:00,2028-07-28 00:00:00,2028-07-27 21:00:00,2028-07-28 02:00:00,America/Chicago,false,false,publish,https://fargounderground.com/event/thursday-night-trivia-at-downtown-fargo-vfw-2/2028-07-27/,,,,"{""currency_symbol"":""$"",""currency_code"":""USD"",""currency_position"":""prefix"",""values"":[]}","[{""id"":370,""name"":""Trivia &amp; Bingo"",""slug"":""trivia"",""parent"":909}]",[],"{""id"":49586,""global_id"":""fargounderground.com?id=49586"",""venue"":""Fargo VFW Club, Post 762"",""address"":""202 Broadway N"",""city"":""Fargo"",""country"":""United States"",""province"":""ND"",""zip"":""58102"",""website"":""https://www.fargomoorhead.org/venue/fargo-vfw-club-post-762/"",""url"":""https://fargounderground.com/venue/vfw-coors-light-chili-cookoff/"",""geo_lat"":46.8781689,""geo_lng"":-96.7881193,""show_map"":true,""show_map_link"":true}",[],Looking for some fun on a Thursday night? Look no further than the Downtown Fargo VFW! Here’s what to look forward to: *FREE to Play! *Win FREE Drinks or Get Zonked with “WHAT’S IN THE BAG?!” *Paper Airline Contest at the End of Every Game! Come out…Bring your friends…And join in the fun!,,"{""url"":""https://fargounderground.com/wp-content/uploads/2023/04/340653856_254607436910250_5743893530831022969_n-jpg-webp.webp"",""id"":157568,""extension"":""webp"",""width"":1920,""height"":1005}",[],false,false,,,2023-09-05 14:45:31,2023-09-05 19:45:31,false,false,,,
2026-09-30T20:20:26Z,fargounderground.com,https://fargounderground.com/wp-json/tribe/events/v1/events,94,10043009,fargounderground.com?id=10043009,Belly Dance for Beginners,2028-07-27 19:30:00,2028-07-28 00:30:00,2028-07-27 20:30:00,2028-07-28 01:30:00,America/Chicago,false,false,publish,https://fargounderground.com/event/belly-dance-for-beginners/2028-07-27/,https://facebook.com/mindakbellydance,,$10,"{""currency_symbol"":""$"",""currency_code"":"""",""currency_position"":""prefix"",""values"":[""10""]}","[{""id"":362,""name"":""Classes &amp; Workshops"",""slug"":""classes-workshops"",""parent"":409},{""id"":412,""name"":""Culture &amp; Heritage"",""slug"":""culture"",""parent"":428},{""id"":569,""name"":""Fitness &amp; Yoga"",""slug"":""fitness-yoga"",""parent"":897}]",[],"{""id"":100299,""global_id"":""fargounderground.com?id=100299"",""venue"":""FM Aerial &amp; Movement Arts"",""address"":""508 Oak St. N Suite A"",""city"":""Fargo, ND"",""state"":""ND"",""zip"":""58102"",""website"":""fmaerial.com"",""phone"":""7012033448"",""url"":""https://fargounderground.com/venue/fm-aerial-movement-arts/"",""geo_lat"":46.88134,""geo_lng"":-96.779159,""show_map"":true,""show_map_link"":true}",[],"MinDak Belly Dance teaches belly dance classes in the Fargo-Moorhead area. Beginning belly dance teaches the foundations of Middle Eastern dance. You will learn belly dance posture and movements including shimmys, isolations, hip bumps, and more! No experience necessary! $10 cash at the door $10 coin belts available for purchase to enhance your dance! We meet weekly at FM AERIAL MOVEMENT ARTS 508 Oak St N Fargo EVERY Thursday from 7:30 pm-8:30 pm",,"{""url"":""https://fargounderground.com/wp-content/uploads/2023/06/MDBD-FLYER-jpg.webp"",""id"":188808,""extension"":""webp"",""width"":695,""height"":900}","{""_ecp_custom_2"":{""label"":""Region"",""value"":""Fargo""}}",false,false,,,2024-03-28 14:09:15,2024-03-28 19:09:15,true,true,,,
2026-09-30T20:20:26Z,fargounderground.com,https://fargounderground.com/wp-json/tribe/events/v1/events,94,10043717,fargounderground.com?id=10043717,🖤 Poetry Night 🖤,2028-07-27 20:00:00,2028-07-28 01:00:00,2028-07-27 22:00:00,2028-07-28 03:00:00,America/Chicago,false,false,publish,https://fargounderground.com/event/%f0%9f%96%a4-poetry-night-%f0%9f%96%a4/2028-07-27/,,,Free,"{""currency_symbol"":""$"",""currency_code"":""USD"",""currency_position"":""prefix"",""values"":[""0""]}","[{""id"":412,""name"":""Culture &amp; Heritage"",""slug"":""culture"",""parent"":428},{""id"":429,""name"":""Literary Arts"",""slug"":""books-readings"",""parent"":428},{""id"":369,""name"":""Open Mic &amp; Jam"",""slug"":""open-mic-jam"",""parent"":909}]",[],"{""id"":20026,""global_id"":""fargounderground.com?id=20026"",""venue"":""The Red Raven"",""address"":""106 7th Street S"",""city"":""Moorhead"",""country"":""United States"",""province"":""ND"",""state"":""MN"",""zip"":""56560"",""url"":""https://fargounderground.com/venue/red-raven-espresso-parlor/"",""geo_lat"":46.8745419,""geo_lng"":-96.7934178,""show_map"":true,""show_map_link"":true}",[],"poetry night back at the Raven! -come and support all the writers and poets of the community -share or listen to poetry, prose, song, rap, verse etc -free to all; no ticket required -hosted @theredraven -MC’D by Lexx Francis (just a black/indigenous queer community member who loves words) (Always the last Thursday of the month!!)",,"{""url"":""https://fargounderground.com/wp-content/uploads/2023/11/402175861_366517092552018_2607369435453580366_n-jpg-webp.webp"",""id"":176410,""extension"":""webp"",""width"":1640,""height"":924}","{""_ecp_custom_2"":{""label"":""Region"",""value"":""Moorhead""}}",false,false,,,2025-08-19 14:56:07,2025-08-19 19:56:07,true,true,,,
2026-09-30T20:20:26Z,fargounderground.com,https://fargounderground.com/wp-json/tribe/events/v1/events,94,10062247,fargounderground.com?id=10062247,College Night Bowling,2028-07-27 22:00:00,2028-07-28 03:00:00,2028-07-28 00:00:00,2028-07-28 05:00:00,America/Chicago,false,false,publish,https://fargounderground.com/event/college-night-bowling/2028-07-27/,,,$8,"{""currency_symbol"":""$"",""currency_code"":""USD"",""currency_position"":""prefix"",""values"":[""8""]}","[{""id"":1298,""name"":""Active &amp; Social Events"",""slug"":""active-social-events"",""parent"":909},{""id"":408,""name"":""College Events"",""slug"":""college-events"",""parent"":361},{""id"":372,""name"":""Food &amp; Drink"",""slug"":""food-drink"",""parent"":0}]",[],"{""id"":146365,""global_id"":""fargounderground.com?id=146365"",""venue"":""Sunset Lanes"",""address"":""620 U.S. 75"",""city"":""Moorhead"",""country"":""United States"",""province"":""MN"",""state"":""MN"",""zip"":""56560"",""website"":""https://bowlingsunset.com/"",""url"":""https://fargounderground.com/venue/sunset-lanes/"",""geo_lat"":46.8818938,""geo_lng"":-96.7431497,""show_map"":true,""show_map_link"":true}",[],"Grab your friends for a night you’ll never forget (well, maybe…..)! $8 all-you-can-bowl from 10 pm to midnight. Mug specials on adult beverages! Get a pizza, drinks, a bowl, and play in the arcade – it doesn’t get any better than that!",,"{""url"":""https://fargounderground.com/wp-content/uploads/2025/09/crw_1240h_620.webp"",""id"":263446,""extension"":""webp"",""width"":1240,""height"":620}","{""_ecp_custom_2"":{""label"":""Region"",""value"":""Moorhead""}}",false,false,,,2025-09-07 12:02:55,2025-09-07 17:02:55,true,true,,,
2026-09-30T20:20:26Z,fargounderground.com,https://fargounderground.com/wp-json/tribe/events/v1/events,94,10056685,fargounderground.com?id=10056685,Pickabob Grill & BBQ,2028-07-28 11:00:00,2028-07-28 16:00:00,2028-07-29 02:30:00,2028-07-29 07:30:00,America/Chicago,false,false,publish,https://fargounderground.com/event/pickabob-grill-bbq-2/2028-07-28/,,,,"{""currency_symbol"":""$"",""currency_code"":""USD"",""currency_position"":""prefix"",""values"":[]}","[{""id"":825,""name"":""Food Trucks"",""slug"":""food-trucks"",""parent"":372}]",[],"{""id"":160212,""global_id"":""fargounderground.com?id=160212"",""venue"":""Great Northern Park"",""address"":""425 Broadway N"",""city"":""Fargo"",""country"":""United States"",""province"":""North Dakota"",""zip"":""58102"",""url"":""https://fargounderground.com/venue/great-northern-park/"",""show_map"":true,""show_map_link"":true}",[],,,false,[],false,false,,,2023-06-16 10:56:57,2023-06-16 15:56:57,false,false,,,
2026-09-30T20:20:26Z,fargounderground.com,https://fargounderground.com/wp-json/tribe/events/v1/events,94,10060156,fargounderground.com?id=10060156,Glow Skate Night,2028-07-28 20:00:00,2028-07-29 01:00:00,2028-07-28 22:00:00,2028-07-29 03:00:00,America/Chicago,false,false,publish,https://fargounderground.com/event/glow-skate-night/2028-07-28/,https://www.skatecitynd.com/2025/07/7334/,,$10,"{""currency_symbol"":""$"",""currency_code"":""USD"",""currency_position"":""prefix"",""values"":[""10""]}","[{""id"":1298,""name"":""Active &amp; Social Events"",""slug"":""active-social-events"",""parent"":909},{""id"":374,""name"":""Families &amp; Kids"",""slug"":""families-kids"",""parent"":361}]",[],"{""id"":145039,""global_id"":""fargounderground.com?id=145039"",""venue"":""Skate City ND"",""address"":""3302 Interstate Blvd S"",""city"":""Fargo"",""country"":""United States"",""province"":""North Dakota"",""zip"":""58103"",""website"":""skatecitynd.com"",""phone"":""(701) 235-0555"",""url"":""https://fargounderground.com/venue/skate-city-nd/"",""show_map"":true,""show_map_link"":true}",[],"This nighttime session brings a great atmosphere with good music to skate to, games, a blackout skate and glow sticks! Every paid skater gets a FREE GLOW STICK! Blackout Skate For a portion of the session, we will black out the rink and side aisle lighting. While there is still enough visibility to navigate the skating floor, the darker environment creates a concert-style atmosphere. When coupled with our glow products, this elevates and enhances your skating experience! Glow Sticks Get a FREE glow stick for every paid skater! We want everyone to enjoy the glow night and create a fun, glowing atmosphere, so we provide every paid skater with a glow stick on us! Great Music & Games We pick great music for dancing and skating for this Friday night session. Nothing pairs with specialty lights and blackout skates like songs with a good rhythm!",,"{""url"":""https://fargounderground.com/wp-content/uploads/2025/09/Glow-Skate-TV.png"",""id"":263362,""extension"":""png"",""width"":1920,""height"":1080}","{""_ecp_custom_2"":{""label"":""Region"",""value"":""Fargo""}}",false,false,,,2025-09-06 19:10:31,2025-09-07 00:10:31,true,true,,,
2026-09-30T20:20:26Z,fargounderground.com,https://fargounderground.com/wp-json/tribe/events/v1/events,94,10061353,fargounderground.com?id=10061353,Cosmic Bowling,2028-07-28 21:30:00,2028-07-29 02:30:00,2028-07-29 00:00:00,2028-07-29 05:00:00,America/Chicago,false,false,publish,https://fargounderground.com/event/cosmic-bowling/2028-07-28/,,,$15,"{""currency_symbol"":""$"",""currency_code"":""USD"",""currency_position"":""prefix"",""values"":[""15""]}","[{""id"":1298,""name"":""Active &amp; Social Events"",""slug"":""active-social-events"",""parent"":909},{""id"":374,""name"":""Families &amp; Kids"",""slug"":""families-kids"",""parent"":361}]",[],"{""id"":263439,""global_id"":""fargounderground.com?id=263439"",""venue"":""West Acres Bowl"",""address"":""3402 Interstate Blvd S"",""city"":""Fargo"",""country"":""United States"",""state"":""ND"",""zip"":""58103"",""phone"":""701-235-4437"",""url"":""https://fargounderground.com/venue/west-acres-bowl/"",""geo_lat"":46.8637495,""geo_lng"":-96.8363583,""show_map"":true,""show_map_link"":true}",[],"Get ready for an out-of-this-world experience at West Acres Bowl with Cosmic Bowling every Friday and Saturday night! 🌌 From 9:30 PM to Midnight, the lights go down and the blacklights turn up. Bowl to the rhythm of great music and enjoy a unique, high-energy atmosphere. Perfect for a night out with friends, a fun date, or a late-night family activity. No reservations are needed—just show up and get ready to glow!",,"{""url"":""https://fargounderground.com/wp-content/uploads/2025/09/Cosmic-Bowling.jpg"",""id"":263436,""extension"":""jpg"",""width"":2348,""height"":1536}","{""_ecp_custom_2"":{""label"":""Region"",""value"":""Fargo""}}",false,false,,,2025-09-07 11:39:17,2025-09-07 16:39:17,true,true,,,
2026-09-30T20:20:26Z,fargounderground.com,https://fargounderground.com/wp-json/tribe/events/v1/events,94,10061875,fargounderground.com?id=10061875,Rock N Bowl,2028-07-28 22:00:00,2028-07-29 03:00:00,2028-07-29 00:00:00,2028-07-29 05:00:00,America/Chicago,false,false,publish,https://fargounderground.com/event/rock-n-bowl/2028-07-28/,https://bowlingsunset.com/rock-n-bowl,,$13,"{""currency_symbol"":""$"",""currency_code"":""USD"",""currency_position"":""prefix"",""values"":[""13""]}","[{""id"":1298,""name"":""Active &amp; Social Events"",""slug"":""active-social-events"",""parent"":909},{""id"":372,""name"":""Food &amp; Drink"",""slug"":""food-drink"",""parent"":0}]",[],"{""id"":146365,""global_id"":""fargounderground.com?id=146365"",""venue"":""Sunset Lanes"",""address"":""620 U.S. 75"",""city"":""Moorhead"",""country"":""United States"",""province"":""MN"",""state"":""MN"",""zip"":""56560"",""website"":""https://bowlingsunset.com/"",""url"":""https://fargounderground.com/venue/sunset-lanes/"",""geo_lat"":46.8818938,""geo_lng"":-96.7431497,""show_map"":true,""show_map_link"":true}",[],"$13 per person. Grab some friends and head over to Sunset Lanes for Rock N Bowl. Sunset Lanes has Qubica’s deckpin lighting and cap lighting. The bar and kitchen are open all night long, so enjoy some food and drinks while you bowl. This event is fun for all ages.",,"{""url"":""https://fargounderground.com/wp-content/uploads/2025/09/rsw_1240h_620cg_true.webp"",""id"":263442,""extension"":""webp"",""width"":1240,""height"":620}","{""_ecp_custom_2"":{""label"":""Region"",""value"":""Moorhead""}}",false,false,,,2025-09-07 11:45:40,2025-09-07 16:45:40,true,true,,,
2026-09-30T20:20:26Z,fargounderground.com,https://fargounderground.com/wp-json/tribe/events/v1/events,94,10060679,fargounderground.com?id=10060679,Saturday Morning Family Skate,2028-07-29 10:00:00,2028-07-29 15:00:00,2028-07-29 12:00:00,2028-07-29 17:00:00,America/Chicago,false,false,publish,https://fargounderground.com/event/saturday-morning-family-skate/2028-07-29/,https://www.skatecitynd.com/2024/02/family-skate/,,$6,"{""currency_symbol"":""$"",""currency_code"":""USD"",""currency_position"":""prefix"",""values"":[""6""]}","[{""id"":1298,""name"":""Active &amp; Social Events"",""slug"":""active-social-events"",""parent"":909},{""id"":374,""name"":""Families &amp; Kids"",""slug"":""families-kids"",""parent"":361}]",[],"{""id"":145039,""global_id"":""fargounderground.com?id=145039"",""venue"":""Skate City ND"",""address"":""3302 Interstate Blvd S"",""city"":""Fargo"",""country"":""United States"",""province"":""North Dakota"",""zip"":""58103"",""website"":""skatecitynd.com"",""phone"":""(701) 235-0555"",""url"":""https://fargounderground.com/venue/skate-city-nd/"",""show_map"":true,""show_map_link"":true}",[],"Catering to families with young skaters, this Saturday morning session offers discounted admission for families along with age-appropriate music and skating aids at half off the regular price! Help for Our Youngest Skaters Our Family Skate is great for our newest skaters! We have Zippy Adjustable Skates, which go over the shoe, have a lower and wider wheel base, and roll more slowly. These are great for learning balance. We also rent Skate Mates for skaters aged 10 and under for $2.50 which is 1/2 off the regular price. Discounted Admission for All As families grow so do the expenses to go out and have fun together. We want to help and so during our Family Skate you can enjoy a lower admission at just $6 per skater. Don’t have your own skates? No problem! Rent your choice of inline or roller skates for just $4.00. Themed Skate Sessions Our Family Skate is a great session to host themed skates throughout the year. Whether celebrating a holiday or creating our own fun with a Superhero Skate, these can feature costumes, festivities and prizes, and themed music! Themed events may have special pricing on Admission.",,"{""url"":""https://fargounderground.com/wp-content/uploads/2025/09/family-skate-TV.png"",""id"":263376,""extension"":""png"",""width"":1920,""height"":1080}","{""_ecp_custom_2"":{""label"":""Region"",""value"":""Fargo""}}",false,false,,,2025-09-06 19:30:43,2025-09-07 00:30:43,true,true,,,
2026-09-30T20:20:26Z,fargounderground.com,https://fargounderground.com/wp-json/tribe/events/v1/events,94,10056789,fargounderground.com?id=10056789,Pickabob Grill & BBQ,2028-07-29 12:00:00,2028-07-29 17:00:00,2028-07-30 02:30:00,2028-07-30 07:30:00,America/Chicago,false,false,publish,https://fargounderground.com/event/pickabob-grill-bbq-3/2028-07-29/,,,,"{""currency_symbol"":""$"",""currency_code"":""USD"",""currency_position"":""prefix"",""values"":[]}","[{""id"":825,""name"":""Food Trucks"",""slug"":""food-trucks"",""parent"":372}]",[],"{""id"":160212,""global_id"":""fargounderground.com?id=160212"",""venue"":""Great Northern Park"",""address"":""425 Broadway N"",""city"":""Fargo"",""country"":""United States"",""province"":""North Dakota"",""zip"":""58102"",""url"":""https://fargounderground.com/venue/great-northern-park/"",""show_map"":true,""show_map_link"":true}",[],,,false,[],false,false,,,2023-06-16 10:54:49,2023-06-16 15:54:49,false,false,,,
2026-09-30T20:20:26Z,fargounderground.com,https://fargounderground.com/wp-json/tribe/events/v1/events,94,10060940,fargounderground.com?id=10060940,Saturday Night Special Skate,2028-07-29 18:00:00,2028-07-29 23:00:00,2028-07-29 21:00:00,2028-07-30 02:00:00,America/Chicago,false,false,publish,https://fargounderground.com/event/saturday-night-special-skate/2028-07-29/,https://www.skatecitynd.com/2025/08/saturday-night-special/,,$6,"{""currency_symbol"":""$"",""currency_code"":""USD"",""currency_position"":""prefix"",""values"":[""6""]}","[{""id"":1298,""name"":""Active &amp; Social Events"",""slug"":""active-social-events"",""parent"":909},{""id"":374,""name"":""Families &amp; Kids"",""slug"":""families-kids"",""parent"":361}]",[],"{""id"":145039,""global_id"":""fargounderground.com?id=145039"",""venue"":""Skate City ND"",""address"":""3302 Interstate Blvd S"",""city"":""Fargo"",""country"":""United States"",""province"":""North Dakota"",""zip"":""58103"",""website"":""skatecitynd.com"",""phone"":""(701) 235-0555"",""url"":""https://fargounderground.com/venue/skate-city-nd/"",""show_map"":true,""show_map_link"":true}",[],"Spend your Saturday Nights skating and jamming with us! Catering to families and skaters of all ages and skill levels. A perfect way to spend your weekend evening all while saving! 3-Hours of skating for just $6 per skater, plus $4.00 skate rental if needed. Family Night Out Saturday Night is a great way to get some weekend fun for the whole family at a great rate. Bring friends and extended family for good music, games and food! Groups & Clubs Whether you’re in a college club, book club or sports team, our group rates can’t be beaten! Reserve your group of 15 or more skaters at get admission for $6 per skater, which includes choice of rental! Birthday Celebrations Skating is the best way to celebrate another year around the sun. Book your party online then invite your friends and family for a party that will stand out from the rest. Parties start as low as just $149. For more information on our great packages – Click Here –",,"{""url"":""https://fargounderground.com/wp-content/uploads/2025/09/Saturday-Night-Special-TV-Slide-7.25-scaled-1-scaled.jpg"",""id"":263379,""extension"":""jpg"",""width"":2560,""height"":1451}","{""_ecp_custom_2"":{""label"":""Region"",""value"":""Fargo""}}",false,false,,,2025-09-06 19:33:55,2025-09-07 00:33:55,true,true,,,
2026-09-30T20:20:26Z,fargounderground.com,https://fargounderground.com/wp-json/tribe/events/v1/events,95,10059896,fargounderground.com?id=10059896,Adult Skate Night,2028-07-29 21:00:00,2028-07-30 02:00:00,2028-07-29 23:00:00,2028-07-30 04:00:00,America/Chicago,false,false,publish,https://fargounderground.com/event/adult-skate-night/2028-07-29/,https://www.skatecitynd.com/2025/08/adult-night/,,$10,"{""currency_symbol"":""$"",""currency_code"":""USD"",""currency_position"":""prefix"",""values"":[""10""]}","[{""id"":1298,""name"":""Active &amp; Social Events"",""slug"":""active-social-events"",""parent"":909},{""id"":909,""name"":""Entertainment"",""slug"":""entertainment"",""parent"":0},{""id"":359,""name"":""Nightlife"",""slug"":""nightlife"",""parent"":909}]",[],"{""id"":173814,""global_id"":""fargounderground.com?id=173814"",""venue"":""Skate City"",""address"":""3302 Interstate Blvd S"",""city"":""Fargo"",""country"":""United States"",""province"":""ND"",""zip"":""58103"",""website"":""https://skatecitynd.com/"",""phone"":""701-235-0555"",""url"":""https://fargounderground.com/venue/"",""geo_lat"":46.865252,""geo_lng"":-96.833748,""show_map"":true,""show_map_link"":true}",[],Catering to our adult crowd looking for a great Saturday Night! This is an 18+ Only Session with less games and more skating. Admission is $10. Skate rental is $4.00 if needed. Observing adults must pay admission.,,"{""url"":""https://fargounderground.com/wp-content/uploads/2025/09/Adult-Night-TV-Slide.jpeg"",""id"":263357,""extension"":""jpeg"",""width"":1920,""height"":1080}","{""_ecp_custom_2"":{""label"":""Region"",""value"":""Fargo""}}",false,false,,,2025-09-06 19:06:57,2025-09-07 00:06:57,true,true,,,
2026-09-30T20:20:26Z,fargounderground.com,https://fargounderground.com/wp-json/tribe/events/v1/events,95,10065060,fargounderground.com?id=10065060,Alibi Karaoke,2028-07-29 21:00:00,2028-07-30 02:00:00,2028-07-30 01:00:00,2028-07-30 06:00:00,America/Chicago,false,false,publish,https://fargounderground.com/event/alibi-karaoke/2028-07-29/,https://fargonddj.com/event/6277439/737366223/alibi-karaoke,,,"{""currency_symbol"":""$"",""currency_code"":""USD"",""currency_position"":""prefix"",""values"":[]}","[{""id"":368,""name"":""Karaoke"",""slug"":""karaoke"",""parent"":909},{""id"":359,""name"":""Nightlife"",""slug"":""nightlife"",""parent"":909}]","[{""name"":""drinks"",""slug"":""drinks"",""term_group"":0,""term_taxonomy_id"":74,""taxonomy"":""post_tag"",""description"":"""",""parent"":0,""count"":21,""filter"":""raw"",""id"":74,""urls"":{""self"":""https://fargounderground.com/wp-json/tribe/events/v1/tags/74"",""collection"":""https://fargounderground.com/wp-json/tribe/events/v1/tags""}},{""name"":""Music"",""slug"":""music"",""term_group"":0,""term_taxonomy_id"":29,""taxonomy"":""post_tag"",""description"":"""",""parent"":0,""count"":26,""filter"":""raw"",""id"":29,""urls"":{""self"":""https://fargounderground.com/wp-json/tribe/events/v1/tags/29"",""collection"":""https://fargounderground.com/wp-json/tribe/events/v1/tags""}}]","{""id"":148614,""global_id"":""fargounderground.com?id=148614"",""venue"":""Alibi Lounge"",""address"":""1340 21st Ave S"",""city"":""Fargo"",""province"":""ND"",""zip"":""58103"",""website"":""https://alibi-lounge.business.site/"",""phone"":""(701) 235-3141"",""url"":""https://fargounderground.com/venue/alibi-lounge/"",""geo_lat"":46.8463963,""geo_lng"":-96.8004683,""show_map"":false,""show_map_link"":false}","[{""id"":180416,""global_id"":""fargounderground.com?id=180416"",""organizer"":""D&amp;J Music + Karaoke"",""url"":""https://fargounderground.com/organizer/"",""website"":""https://djmusickaraoke.com/"",""phone"":""‪(701) 566-9525‬"",""email"":""info@djmusickaraoke.com""}]","Join us for another night of Saturday Night Madness including but not limited to drinks, music and gambling at The Alibi Lounge located inside the legendary Baymont Inn, South University Drive Fargo. Bring friends, make friends, and prepare yourself for a night to remember.",,"{""url"":""https://fargounderground.com/wp-content/uploads/2025/10/IMG_6023.jpeg"",""id"":278949,""extension"":""jpeg"",""width"":828,""height"":987}","{""_ecp_custom_2"":{""label"":""Region"",""value"":""Fargo""}}",false,false,,,2025-10-08 11:20:43,2025-10-08 16:20:43,true,true,,,
2026-09-30T20:20:26Z,fargounderground.com,https://fargounderground.com/wp-json/tribe/events/v1/events,94,10028912,fargounderground.com?id=10028912,Karaoke at Dempsey’s,2028-07-29 21:00:00,2028-07-30 02:00:00,2028-07-30 02:00:00,2028-07-30 07:00:00,America/Chicago,false,false,publish,https://fargounderground.com/event/karaoke-at-dempseys-59-2/2028-07-29/,,,Free,"{""currency_symbol"":""$"",""currency_code"":""USD"",""currency_position"":""prefix"",""values"":[""free""]}","[{""id"":368,""name"":""Karaoke"",""slug"":""karaoke"",""parent"":909}]",[],"{""id"":91157,""global_id"":""fargounderground.com?id=91157"",""venue"":""Dempsey’s Public House"",""address"":""226 Broadway N"",""city"":""Fargo"",""country"":""United States"",""province"":""ND"",""zip"":""58102"",""website"":""https://dempseysfargo.com/"",""url"":""https://fargounderground.com/venue/dempseys-public-house-2/"",""geo_lat"":46.8789764,""geo_lng"":-96.7882596,""show_map"":true,""show_map_link"":true}",[],"Dempsey’s has been named the Best Karaoke bar in Fargo for a reason! Sing your heart out during our FREE Karaoke night, every Tuesday and Saturday. It’s legendary!",,"{""url"":""https://fargounderground.com/wp-content/uploads/2022/11/karaoke-dempseys-0BUCH0.tmp_.png"",""id"":142666,""extension"":""png"",""width"":945,""height"":532}",[],false,false,,,2023-09-18 17:10:07,2023-09-18 22:10:07,false,false,,,
2026-09-30T20:20:26Z,fargounderground.com,https://fargounderground.com/wp-json/tribe/events/v1/events,95,10035125,fargounderground.com?id=10035125,Saturday Night Karaoke,2028-07-29 21:00:00,2028-07-30 02:00:00,2028-07-30 01:00:00,2028-07-30 06:00:00,America/Chicago,false,false,publish,https://fargounderground.com/event/saturday-night-karaoke/2028-07-29/,https://djtonyfalcon.com/events,,Free,"{""currency_symbol"":""$"",""currency_code"":""USD"",""currency_position"":""prefix"",""values"":[""0""]}","[{""id"":368,""name"":""Karaoke"",""slug"":""karaoke"",""parent"":909}]",[],"{""id"":148614,""global_id"":""fargounderground.com?id=148614"",""venue"":""Alibi Lounge"",""address"":""1340 21st Ave S"",""city"":""Fargo"",""province"":""ND"",""zip"":""58103"",""website"":""https://alibi-lounge.business.site/"",""phone"":""(701) 235-3141"",""url"":""https://fargounderground.com/venue/alibi-lounge/"",""geo_lat"":46.8463963,""geo_lng"":-96.8004683,""show_map"":false,""show_map_link"":false}","[{""id"":180416,""global_id"":""fargounderground.com?id=180416"",""organizer"":""D&amp;J Music + Karaoke"",""url"":""https://fargounderground.com/organizer/"",""website"":""https://djmusickaraoke.com/"",""phone"":""‪(701) 566-9525‬"",""email"":""info@djmusickaraoke.com""}]","Join DJ Tony Falcon for another night of Saturday Night Madness including but not limited to drinks, music and gambling at The Alibi Lounge located inside the legendary Baymont Inn, South University Drive Fargo. Bring friends, make friends, and prepare yourself for a night to remember. Mics are sanitized after every use.",,"{""url"":""https://fargounderground.com/wp-content/uploads/2024/01/417100139_860174092779522_3296353275171812107_n-jpg-webp.webp"",""id"":180465,""extension"":""webp"",""width"":960,""height"":556}","{""_ecp_custom_2"":{""label"":""Region"",""value"":""Fargo""}}",false,false,,,2025-08-24 12:42:10,2025-08-24 17:42:10,true,true,,,
2026-09-30T20:20:26Z,fargounderground.com,https://fargounderground.com/wp-json/tribe/events/v1/events,95,10029179,fargounderground.com?id=10029179,Vic’s Karaoke,2028-07-29 21:00:00,2028-07-30 02:00:00,2028-07-30 02:00:00,2028-07-30 07:00:00,America/Chicago,false,false,publish,https://fargounderground.com/event/vics-karaoke-2-2/2028-07-29/,,,Free,"{""currency_symbol"":""$"",""currency_code"":""USD"",""currency_position"":""prefix"",""values"":[""0""]}","[{""id"":368,""name"":""Karaoke"",""slug"":""karaoke"",""parent"":909}]",[],"{""id"":92621,""global_id"":""fargounderground.com?id=92621"",""venue"":""Vic&#8217;s Bar and Grill"",""address"":""1608 Main Avenue"",""city"":""Moorhead"",""country"":""United States"",""state"":""MN"",""zip"":""56560"",""phone"":""(218) 236-7714"",""url"":""https://fargounderground.com/venue/vics-lounge/"",""geo_lat"":46.8752849,""geo_lng"":-96.7729609,""show_map"":true,""show_map_link"":true}",[],"Join us Saturday nights at Vic’s for karaoke! The singing kicks off at 9 PM, but be sure to come early for the awesome specials!",,"{""url"":""https://fargounderground.com/wp-content/uploads/2023/09/429820599_908393177961600_6854180573421060203_n-jpg.webp"",""id"":189042,""extension"":""webp"",""width"":2048,""height"":1152}",[],false,false,,,2024-03-31 10:42:51,2024-03-31 15:42:51,false,false,,,
2026-09-30T20:20:26Z,fargounderground.com,https://fargounderground.com/wp-json/tribe/events/v1/events,95,10061354,fargounderground.com?id=10061354,Cosmic Bowling,2028-07-29 21:30:00,2028-07-30 02:30:00,2028-07-30 00:00:00,2028-07-30 05:00:00,America/Chicago,false,false,publish,https://fargounderground.com/event/cosmic-bowling/2028-07-29/,,,$15,"{""currency_symbol"":""$"",""currency_code"":""USD"",""currency_position"":""prefix"",""values"":[""15""]}","[{""id"":1298,""name"":""Active &amp; Social Events"",""slug"":""active-social-events"",""parent"":909},{""id"":374,""name"":""Families &amp; Kids"",""slug"":""families-kids"",""parent"":361}]",[],"{""id"":263439,""global_id"":""fargounderground.com?id=263439"",""venue"":""West Acres Bowl"",""address"":""3402 Interstate Blvd S"",""city"":""Fargo"",""country"":""United States"",""state"":""ND"",""zip"":""58103"",""phone"":""701-235-4437"",""url"":""https://fargounderground.com/venue/west-acres-bowl/"",""geo_lat"":46.8637495,""geo_lng"":-96.8363583,""show_map"":true,""show_map_link"":true}",[],"Get ready for an out-of-this-world experience at West Acres Bowl with Cosmic Bowling every Friday and Saturday night! 🌌 From 9:30 PM to Midnight, the lights go down and the blacklights turn up. Bowl to the rhythm of great music and enjoy a unique, high-energy atmosphere. Perfect for a night out with friends, a fun date, or a late-night family activity. No reservations are needed—just show up and get ready to glow!",,"{""url"":""https://fargounderground.com/wp-content/uploads/2025/09/Cosmic-Bowling.jpg"",""id"":263436,""extension"":""jpg"",""width"":2348,""height"":1536}","{""_ecp_custom_2"":{""label"":""Region"",""value"":""Fargo""}}",false,false,,,2025-09-07 11:39:17,2025-09-07 16:39:17,true,true,,,
2026-09-30T20:20:26Z,fargounderground.com,https://fargounderground.com/wp-json/tribe/events/v1/events,95,10039965,fargounderground.com?id=10039965,Karaoke at Rhombus Guys,2028-07-29 22:00:00,2028-07-30 03:00:00,2028-07-30 22:00:00,2028-07-31 03:00:00,America/Chicago,false,false,publish,https://fargounderground.com/event/karaoke-at-rhombus-guys/2028-07-29/,,,Free,"{""currency_symbol"":""$"",""currency_code"":"""",""currency_position"":""prefix"",""values"":[""0""]}","[{""id"":368,""name"":""Karaoke"",""slug"":""karaoke"",""parent"":909}]",[],"{""id"":45546,""global_id"":""fargounderground.com?id=45546"",""venue"":""Rhombus Guys Pizza"",""address"":""606 Main Ave"",""city"":""Fargo"",""country"":""United States"",""province"":""ND"",""zip"":""58103"",""url"":""https://fargounderground.com/venue/winter-pride-trivia-game-night/"",""geo_lat"":46.8740978,""geo_lng"":-96.7884067,""show_map"":true,""show_map_link"":true}",[],Free Karaoke every Saturday from 10pm to 1am with Khook Entertainment!,,"{""url"":""https://fargounderground.com/wp-content/uploads/2024/02/Facebook-Logo.png"",""id"":183987,""extension"":""png"",""width"":1000,""height"":1000}","{""_ecp_custom_2"":{""label"":""Region"",""value"":""Fargo""}}",false,false,,,2024-02-14 10:07:21,2024-02-14 16:07:21,true,true,,,
2026-09-30T20:20:26Z,fargounderground.com,https://fargounderground.com/wp-json/tribe/events/v1/events,95,10061876,fargounderground.com?id=10061876,Rock N Bowl,2028-07-29 22:00:00,2028-07-30 03:00:00,2028-07-30 00:00:00,2028-07-30 05:00:00,America/Chicago,false,false,publish,https://fargounderground.com/event/rock-n-bowl/2028-07-29/,https://bowlingsunset.com/rock-n-bowl,,$13,"{""currency_symbol"":""$"",""currency_code"":""USD"",""currency_position"":""prefix"",""values"":[""13""]}","[{""id"":1298,""name"":""Active &amp; Social Events"",""slug"":""active-social-events"",""parent"":909},{""id"":372,""name"":""Food &amp; Drink"",""slug"":""food-drink"",""parent"":0}]",[],"{""id"":146365,""global_id"":""fargounderground.com?id=146365"",""venue"":""Sunset Lanes"",""address"":""620 U.S. 75"",""city"":""Moorhead"",""country"":""United States"",""province"":""MN"",""state"":""MN"",""zip"":""56560"",""website"":""https://bowlingsunset.com/"",""url"":""https://fargounderground.com/venue/sunset-lanes/"",""geo_lat"":46.8818938,""geo_lng"":-96.7431497,""show_map"":true,""show_map_link"":true}",[],"$13 per person. Grab some friends and head over to Sunset Lanes for Rock N Bowl. Sunset Lanes has Qubica’s deckpin lighting and cap lighting. The bar and kitchen are open all night long, so enjoy some food and drinks while you bowl. This event is fun for all ages.",,"{""url"":""https://fargounderground.com/wp-content/uploads/2025/09/rsw_1240h_620cg_true.webp"",""id"":263442,""extension"":""webp"",""width"":1240,""height"":620}","{""_ecp_custom_2"":{""label"":""Region"",""value"":""Moorhead""}}",false,false,,,2025-09-07 11:45:40,2025-09-07 16:45:40,true,true,,,
2026-09-30T20:20:26Z,fargounderground.com,https://fargounderground.com/wp-json/tribe/events/v1/events,95,10034313,fargounderground.com?id=10034313,Open Mic,2028-07-30 18:00:00,2028-07-30 23:00:00,2028-07-30 22:00:00,2028-07-31 03:00:00,America/Chicago,false,false,publish,https://fargounderground.com/event/open-mic/2028-07-30/,,,Free,"{""currency_symbol"":""$"",""currency_code"":"""",""currency_position"":""prefix"",""values"":[""0""]}","[{""id"":360,""name"":""Live Music"",""slug"":""live-music"",""parent"":0},{""id"":369,""name"":""Open Mic &amp; Jam"",""slug"":""open-mic-jam"",""parent"":909}]",[],"{""id"":104370,""global_id"":""fargounderground.com?id=104370"",""venue"":""Cowboy Jack&#8217;s"",""address"":""506 Broadway"",""city"":""Fargo"",""province"":""ND"",""zip"":""58102"",""website"":""https://downtownfargo.com/venue/cowboy-jacks/"",""url"":""https://fargounderground.com/venue/cowboy-jacks/"",""geo_lat"":46.881414,""geo_lng"":-96.788091,""show_map"":true,""show_map_link"":true}",[],Live music and great food! Can’t wait to see you there!,,"{""url"":""https://fargounderground.com/wp-content/uploads/2023/12/410021949_813755527423771_7670712905895671685_n-jpg-webp.webp"",""id"":177707,""extension"":""webp"",""width"":526,""height"":526}","{""_ecp_custom_2"":{""label"":""Region"",""value"":""Fargo""}}",false,false,,,2023-12-11 09:39:16,2023-12-11 15:39:16,true,true,,,
2026-09-30T20:20:26Z,fargounderground.com,https://fargounderground.com/wp-json/tribe/events/v1/events,95,10049335,fargounderground.com?id=10049335,Monday Meetups for Adults,2028-07-31 18:00:00,2028-07-31 23:00:00,2028-07-31 20:00:00,2028-08-01 01:00:00,America/Chicago,false,false,publish,https://fargounderground.com/event/monday-meetups-for-adults/2028-07-31/,https://larl.org/mondaymeetup,,Free,"{""currency_symbol"":""$"",""currency_code"":""USD"",""currency_position"":""prefix"",""values"":[""0""]}","[{""id"":677,""name"":""Clubs &amp; Groups"",""slug"":""clubs-groups"",""parent"":361},{""id"":364,""name"":""Crafts &amp; Hobbies"",""slug"":""arts-crafts"",""parent"":428},{""id"":367,""name"":""Gaming &amp; Tabletop"",""slug"":""games"",""parent"":909},{""id"":429,""name"":""Literary Arts"",""slug"":""books-readings"",""parent"":428}]",[],"{""id"":91017,""global_id"":""fargounderground.com?id=91017"",""venue"":""Moorhead Public Library"",""address"":""118 5th St S"",""city"":""Moorhead"",""country"":""United States"",""province"":""MN"",""state"":""MN"",""zip"":""56560"",""website"":""https://larl.org/"",""phone"":""(218) 233-7594"",""url"":""https://fargounderground.com/venue/moorhead-public-library/"",""geo_lat"":46.873097,""geo_lng"":-96.771756,""show_map"":true,""show_map_link"":true}","[{""id"":186176,""global_id"":""fargounderground.com?id=186176"",""organizer"":""Moorhead Public Library"",""url"":""https://fargounderground.com/organizer/"",""website"":""https://larl.org/locations/moorhead/"",""phone"":""218-233-7594"",""email"":""mhreference@larl.org""}]","Meet up and chat with others with similar interests. Come with friends, or make some new ones! Refreshments will be provided. Check the calendar for updates – https://larl.org/mondaymeetup/ First Monday of the Month – Craft Connection Join us to get cozy, craft and chat! This is an opportunity to leave distractions behind and focus on your craft. Bring whatever project you are working on and meet up with other local crafters. You can share your expertise, learn from others or just enjoy some distraction-free time to yourself. Refreshments will be provided. Second Monday of the Month – Best Sellers Book Club Join the Moorhead Public Library’s Best Sellers Book Club and see what the buzz is about in the latest popular books! Third Monday of the Month – Game Night Join us to get cozy, play games, and chat! This is an opportunity to meet up with others who enjoy playing games. Come with friends, or make some new ones! Bring your favorite card or board game, or try one of ours! Refreshments will be provided. Fourth Monday of the Month – Silent Reading Club Join us at the Moorhead Library for quiet, sustained reading at our new Silent Book Club! All readers are welcome—ebooks or audiobooks, poetry or prose, fiction or non-fiction… it’s BYOBook. The library will provide comfortable seating and light refreshments. Fifth Monday of the Month – Guided Activity Join us each month for different activities lead by experts in their respective disciplines. Any needed supplies will be provided.",,"{""url"":""https://fargounderground.com/wp-content/uploads/2024/10/MHD-all-Monday-Meetups-2024-Website-Graphic-scaled-1.jpg"",""id"":257979,""extension"":""jpg"",""width"":2560,""height"":1440}","{""_ecp_custom_2"":{""label"":""Region"",""value"":""Moorhead""}}",false,false,,,2025-07-29 11:46:45,2025-07-29 16:46:45,true,true,,,
2026-09-30T20:20:26Z,fargounderground.com,https://fargounderground.com/wp-json/tribe/events/v1/events,95,10062587,fargounderground.com?id=10062587,Jazz Night at Sidestreet,2028-07-31 19:00:00,2028-08-01 00:00:00,2028-07-31 21:00:00,2028-08-01 02:00:00,America/Chicago,false,false,publish,https://fargounderground.com/event/jazz-night-at-sidestreet-2/2028-07-31/,https://www.fargopartyof3.com/sidestreet.html,,Free,"{""currency_symbol"":""$"",""currency_code"":""USD"",""currency_position"":""prefix"",""values"":[""0""]}","[{""id"":412,""name"":""Culture &amp; Heritage"",""slug"":""culture"",""parent"":428},{""id"":909,""name"":""Entertainment"",""slug"":""entertainment"",""parent"":0},{""id"":372,""name"":""Food &amp; Drink"",""slug"":""food-drink"",""parent"":0},{""id"":591,""name"":""Jazz &amp; Blues"",""slug"":""jazz-blues"",""parent"":360}]",[],"{""id"":93912,""global_id"":""fargounderground.com?id=93912"",""venue"":""SIdestreet Grille &#038; Pub"",""address"":""404 4th ave N"",""city"":""Fargo"",""province"":""ND"",""state"":""ND"",""zip"":""58102"",""website"":""https://downtownfargo.com/venue/sidestreet-grille-pub/"",""url"":""https://fargounderground.com/venue/sidestreet-grille-pub-3/"",""geo_lat"":46.8798407,""geo_lng"":-96.7849167,""show_map"":true,""show_map_link"":true}",[],"Start your week on a high note with Jazz Night at Sidestreet Grille & Pub! Every Monday from 7 to 9 p.m., the pub transforms into a cozy jazz club, featuring talented local musicians. Grab a seat, enjoy a delicious meal, and unwind with the smooth sounds of live jazz. It’s the perfect way to relax and appreciate the local music scene.",,"{""url"":""https://fargounderground.com/wp-content/uploads/2023/10/jazznights-2023aug-dec_orig-e1698696620909-0UgB44.tmp_-jpg-webp.webp"",""id"":174098,""extension"":""webp"",""width"":425,""height"":224}","{""_ecp_custom_2"":{""label"":""Region"",""value"":""Fargo""}}",false,false,,,2025-09-08 12:40:56,2025-09-08 17:40:56,true,true,,,
2026-09-30T20:20:26Z,fargounderground.com,https://fargounderground.com/wp-json/tribe/events/v1/events,95,10023958,fargounderground.com?id=10023958,Open Mic Night at Front Street Taproom,2028-07-31 20:00:00,2028-08-01 01:00:00,2028-07-31 23:00:00,2028-08-01 04:00:00,America/Chicago,false,false,publish,https://fargounderground.com/event/open-mic-night-at-front-street-taproom/2028-07-31/,https://www.facebook.com/events/638022304704240/638022361370901/,,Free,"{""currency_symbol"":"""",""currency_code"":"""",""currency_position"":"""",""values"":[""free""]}","[{""id"":360,""name"":""Live Music"",""slug"":""live-music"",""parent"":0},{""id"":369,""name"":""Open Mic &amp; Jam"",""slug"":""open-mic-jam"",""parent"":909}]","[{""name"":""downtown Fargo"",""slug"":""downtown-fargo"",""term_group"":0,""term_taxonomy_id"":49,""taxonomy"":""post_tag"",""description"":"""",""parent"":0,""count"":102,""filter"":""raw"",""id"":49,""urls"":{""self"":""https://fargounderground.com/wp-json/tribe/events/v1/tags/49"",""collection"":""https://fargounderground.com/wp-json/tribe/events/v1/tags""}},{""name"":""Fargo"",""slug"":""fargo"",""term_group"":0,""term_taxonomy_id"":240,""taxonomy"":""post_tag"",""description"":"""",""parent"":0,""count"":52,""filter"":""raw"",""id"":240,""urls"":{""self"":""https://fargounderground.com/wp-json/tribe/events/v1/tags/240"",""collection"":""https://fargounderground.com/wp-json/tribe/events/v1/tags""}},{""name"":""Live music"",""slug"":""live-music"",""term_group"":0,""term_taxonomy_id"":45,""taxonomy"":""post_tag"",""description"":"""",""parent"":0,""count"":81,""filter"":""raw"",""id"":45,""urls"":{""self"":""https://fargounderground.com/wp-json/tribe/events/v1/tags/45"",""collection"":""https://fargounderground.com/wp-json/tribe/events/v1/tags""}}]","{""id"":20933,""global_id"":""fargounderground.com?id=20933"",""venue"":""Front Street Taproom"",""address"":""614 Main Ave"",""city"":""Fargo"",""province"":""ND"",""state"":""ND"",""zip"":""58102"",""website"":""https://downtownfargo.com/venue/front-street-taproom/"",""url"":""https://fargounderground.com/venue/front-street-taproom-2/"",""geo_lat"":46.87428,""geo_lng"":-96.78883,""show_map"":true,""show_map_link"":true}",[],"Hosted by Travis Neros Every Monday at 8pm Come hangout and listen to live music, readings, and/or comedy! (If you’re wanting to sign-up come closer to the beginning, if you can)",,"{""url"":""https://fargounderground.com/wp-content/uploads/2023/01/339625439_693036622509731_7407905951526191323_n-jpg-webp.webp"",""id"":156207,""extension"":""webp"",""width"":1201,""height"":629}",[],false,false,,,2023-09-05 14:16:16,2023-09-05 19:16:16,true,true,,,
2026-09-30T20:20:26Z,fargounderground.com,https://fargounderground.com/wp-json/tribe/events/v1/events,95,10053505,fargounderground.com?id=10053505,Tea Time Tuesdays,2028-08-01 08:30:00,2028-08-01 13:30:00,2028-08-01 09:30:00,2028-08-01 14:30:00,America/Chicago,false,false,publish,https://fargounderground.com/event/tea-time-tuesdays/2028-08-01/,,,,"{""currency_symbol"":""$"",""currency_code"":""USD"",""currency_position"":""prefix"",""values"":[]}","[{""id"":649,""name"":""Business"",""slug"":""business"",""parent"":361}]",[],"{""id"":150796,""global_id"":""fargounderground.com?id=150796"",""venue"":""The Daily Dose Fargo"",""address"":""3223 13th Ave S"",""city"":""Fargo"",""country"":""United States"",""province"":""North Dakota"",""zip"":""58103"",""url"":""https://fargounderground.com/venue/the-daily-dose-fargo/"",""show_map"":true,""show_map_link"":true}",[],"Come and join us every Tuesday from 8:30-9:30am. Let’s connect, meet, network, caffeinate and reboot for the week! Networking is free and open to anyone willing to network!",,"{""url"":""https://fargounderground.com/wp-content/uploads/2023/02/326953771_5843143202437407_8499174753929495889_n-jpg-webp.webp"",""id"":150797,""extension"":""webp"",""width"":960,""height"":541}",[],false,false,,,2023-02-21 16:21:55,2023-02-21 22:21:55,false,false,,,
2026-09-30T20:20:26Z,fargounderground.com,https://fargounderground.com/wp-json/tribe/events/v1/events,95,10056388,fargounderground.com?id=10056388,Pickabob Grill & BBQ,2028-08-01 11:00:00,2028-08-01 16:00:00,2028-08-01 22:00:00,2028-08-02 03:00:00,America/Chicago,false,false,publish,https://fargounderground.com/event/pickabob-grill-bbq/2028-08-01/,,,,"{""currency_symbol"":""$"",""currency_code"":""USD"",""currency_position"":""prefix"",""values"":[]}","[{""id"":825,""name"":""Food Trucks"",""slug"":""food-trucks"",""parent"":372}]",[],"{""id"":160212,""global_id"":""fargounderground.com?id=160212"",""venue"":""Great Northern Park"",""address"":""425 Broadway N"",""city"":""Fargo"",""country"":""United States"",""province"":""North Dakota"",""zip"":""58102"",""url"":""https://fargounderground.com/venue/great-northern-park/"",""show_map"":true,""show_map_link"":true}",[],,,false,[],false,false,,,2023-06-16 10:57:07,2023-06-16 15:57:07,false,false,,,
2026-09-30T20:20:26Z,fargounderground.com,https://fargounderground.com/wp-json/tribe/events/v1/events,95,10068557,fargounderground.com?id=10068557,Drekker Barrel Room Trivia,2028-08-01 18:00:00,2028-08-01 23:00:00,2028-08-01 20:00:00,2028-08-02 01:00:00,America/Chicago,false,false,publish,https://fargounderground.com/event/drekker-barrel-room-trivia-3/2028-08-01/,,,Free,"{""currency_symbol"":""$"",""currency_code"":""USD"",""currency_position"":""prefix"",""values"":[""0""]}","[{""id"":359,""name"":""Nightlife"",""slug"":""nightlife"",""parent"":909},{""id"":370,""name"":""Trivia &amp; Bingo"",""slug"":""trivia"",""parent"":909}]",[],"{""id"":19700,""global_id"":""fargounderground.com?id=19700"",""venue"":""Drekker Brewing Company"",""address"":""1666 1st Ave N, Brewhalla"",""city"":""Fargo"",""country"":""United States"",""province"":""ND"",""state"":""ND"",""zip"":""58102"",""website"":""https://drekkerbrewing.com/"",""url"":""https://fargounderground.com/venue/drekker-brewing-company/"",""geo_lat"":46.8762631,""geo_lng"":-96.8078035,""show_map"":true,""show_map_link"":true}","[{""id"":143787,""global_id"":""fargounderground.com?id=143787"",""organizer"":""Drekker Brewing Company"",""url"":""https://fargounderground.com/organizer/drekker-brewing-company/"",""website"":""http://www.drekkerbrewing.com""}]","Think you’ve got what it takes to outsmart your friends after a couple beers? Prove it. Join us the first Tuesday of every month for Trivia in the Barrel Room, hosted by our very own Cate & Owen – two of Drekker’s finest beertenders and your new favorite quizmasters. Grab your crew, grab a pint and get ready for a laid-back night of weird facts, wild guesses and maybe a little friendly trash talk. No registration needed! Just show up, grab a beer and let’s get weird!",,"{""url"":""https://fargounderground.com/wp-content/uploads/2025/12/Barrel-Room-Trivia_FB-Event.jpg"",""id"":289169,""extension"":""jpg"",""width"":1920,""height"":1005}",[],false,false,,,2025-12-30 14:33:50,2025-12-30 20:33:50,true,true,,,
2026-09-30T20:20:26Z,fargounderground.com,https://fargounderground.com/wp-json/tribe/events/v1/events,95,10073389,fargounderground.com?id=10073389,Drekker Barrel Room Trivia,2028-08-01 18:00:00,2028-08-01 23:00:00,2028-08-01 20:00:00,2028-08-02 01:00:00,America/Chicago,false,false,publish,https://fargounderground.com/event/drekker-barrel-room-trivia-4/2028-08-01/,,,Free,"{""currency_symbol"":""$"",""currency_code"":""USD"",""currency_position"":""prefix"",""values"":[""0""]}","[{""id"":370,""name"":""Trivia &amp; Bingo"",""slug"":""trivia"",""parent"":909}]",[],"{""id"":19700,""global_id"":""fargounderground.com?id=19700"",""venue"":""Drekker Brewing Company"",""address"":""1666 1st Ave N, Brewhalla"",""city"":""Fargo"",""country"":""United States"",""province"":""ND"",""state"":""ND"",""zip"":""58102"",""website"":""https://drekkerbrewing.com/"",""url"":""https://fargounderground.com/venue/drekker-brewing-company/"",""geo_lat"":46.8762631,""geo_lng"":-96.8078035,""show_map"":true,""show_map_link"":true}","[{""id"":143787,""global_id"":""fargounderground.com?id=143787"",""organizer"":""Drekker Brewing Company"",""url"":""https://fargounderground.com/organizer/drekker-brewing-company/"",""website"":""http://www.drekkerbrewing.com""}]","Think you’ve got what it takes to outsmart your friends after a couple beers? Prove it. Join us the first Tuesday of every month for Trivia in the Barrel Room, hosted by our very own Cate & Owen – two of Drekker’s finest beertenders and your new favorite quizmasters! Grab your crew, grab a pint and get ready for a laid-back night of weird facts, wild guesses and maybe a little friendly trash talk. No registration needed! Just show up, grab a beer and let’s get weird!",,"{""url"":""https://fargounderground.com/wp-content/uploads/2026/04/601850302_868915212162593_2884558901637600329_n.jpg"",""id"":301985,""extension"":""jpg"",""width"":1920,""height"":1005}","{""_ecp_custom_2"":{""label"":""Region"",""value"":""Fargo""}}",false,false,,,2026-04-02 11:12:34,2026-04-02 16:12:34,true,true,,,
2026-09-30T20:20:26Z,fargounderground.com,https://fargounderground.com/wp-json/tribe/events/v1/events,95,10026603,fargounderground.com?id=10026603,Suite Shots Trivia Night,2028-08-01 18:00:00,2028-08-01 23:00:00,2028-08-01 20:00:00,2028-08-02 01:00:00,America/Chicago,false,false,publish,https://fargounderground.com/event/suite-shots-trivia-night-9/2028-08-01/,,,Free,"{""currency_symbol"":""$"",""currency_code"":""USD"",""currency_position"":""prefix"",""values"":[""free""]}","[{""id"":370,""name"":""Trivia &amp; Bingo"",""slug"":""trivia"",""parent"":909}]",[],"{""id"":165649,""global_id"":""fargounderground.com?id=165649"",""venue"":""Suite Shots"",""address"":""3400 James Way S"",""city"":""Fargo"",""country"":""United States"",""province"":""ND"",""state"":""ND"",""zip"":""58104"",""website"":""https://suiteshots.com/venue/suite-shots/"",""phone"":""(701) 532-4653"",""url"":""https://fargounderground.com/venue/suite-shots/"",""geo_lat"":46.8072058,""geo_lng"":-96.8355331,""show_map"":true,""show_map_link"":true}",[],"Every Tuesday, showcase your vast knowledge (both useful & useless) & compete for fantastic Suite Shots prizes! 🏆 Join us at 6 pm for an evening of brain-teasing fun! 🧠💡 But before the trivia begins, don’t miss our Happy Hour from 3:30-6:30 pm. 🍻 PLUS, if you’re craving some delicious tacos, we’ve got you covered with $4 Walleye Tacos & $4 Specialty Tacos changed monthly. 🌮",,"{""url"":""https://fargounderground.com/wp-content/uploads/2023/09/359314893_753992756729627_4984377186369470435_n-jpg-webp.webp"",""id"":169720,""extension"":""webp"",""width"":1080,""height"":1080}",[],false,false,,,2024-05-15 16:02:56,2024-05-15 21:02:56,true,true,,,
2026-09-30T20:20:26Z,fargounderground.com,https://fargounderground.com/wp-json/tribe/events/v1/events,95,10042161,fargounderground.com?id=10042161,Tuesday Night Trivia at the Sidestreet,2028-08-01 19:00:00,2028-08-02 00:00:00,2028-08-01 21:00:00,2028-08-02 02:00:00,America/Chicago,false,false,publish,https://fargounderground.com/event/tuesday-night-trivia-at-the-sidestreet-2/2028-08-01/,,,Free,"{""currency_symbol"":""$"",""currency_code"":""USD"",""currency_position"":""prefix"",""values"":[""0""]}","[{""id"":370,""name"":""Trivia &amp; Bingo"",""slug"":""trivia"",""parent"":909}]",[],"{""id"":20005,""global_id"":""fargounderground.com?id=20005"",""venue"":""Sidestreet Grille &amp; Pub"",""address"":""404 4th Ave N"",""city"":""Fargo"",""country"":""United States"",""province"":""ND"",""state"":""ND"",""zip"":""58102-4810"",""website"":""https://www.facebook.com/SidestreetGrilleandPub/"",""url"":""https://fargounderground.com/venue/sidestreet-grille-pub/"",""geo_lat"":46.8798407,""geo_lng"":-96.7849167,""show_map"":true,""show_map_link"":true}",[],Hey There & Howdy Trivia Hounds! Tuesdays just got that much better with Two Lanterns Trivia at the Sidestreet in Downtown Fargo! Test your trivial knowledge for the chance to win FREE drinks or get ZONKED with everybody’s favorite Game-within-the-Game “WHAT’S IN THE BAG?!” Grand Prize Winners get a $20.00 GIFT CARD! Come on out…It’s sure to be a fun time!,,"{""url"":""https://fargounderground.com/wp-content/uploads/2023/04/340613979_592852209440315_7275928061751749308_n-jpg-webp.webp"",""id"":157565,""extension"":""webp"",""width"":1200,""height"":630}",[],false,false,,,2024-03-05 17:07:55,2024-03-05 23:07:55,false,false,,,
2026-09-30T20:20:26Z,fargounderground.com,https://fargounderground.com/wp-json/tribe/events/v1/events,95,10052800,fargounderground.com?id=10052800,West Fargo Senior Dance,2028-08-01 19:00:00,2028-08-02 00:00:00,2028-08-01 22:00:00,2028-08-02 03:00:00,America/Chicago,false,false,publish,https://fargounderground.com/event/west-fargo-senior-dance-3/2028-08-01/,,,$5.00,"{""currency_symbol"":""$"",""currency_code"":""USD"",""currency_position"":""prefix"",""values"":[""5.00""]}","[{""id"":1284,""name"":""Dancing"",""slug"":""dancing"",""parent"":909}]",[],"{""id"":146606,""global_id"":""fargounderground.com?id=146606"",""venue"":""West Fargo VFW Post 7564"",""address"":""444 Sheyenne St"",""city"":""West Fargo"",""province"":""ND"",""state"":""ND"",""zip"":""58078"",""website"":""https://vfw7564.org/di/vfw/v2/default.asp"",""phone"":""(701) 282-4728"",""url"":""https://fargounderground.com/venue/west-fargo-vfw-post-7564/"",""geo_lat"":46.8721144,""geo_lng"":-96.9043999,""show_map"":true,""show_map_link"":true}",[],West Fargo Senior Dance is held on the first Tuesday of each month. Enjoy old-time music. Listen or dance to Leo Kiefer. $5.00 admission includes a light lunch.,,"{""url"":""https://fargounderground.com/wp-content/uploads/2023/01/9176800_6651-jpg-webp.webp"",""id"":148883,""extension"":""webp"",""width"":8000,""height"":4269}",[],false,false,,,2026-05-22 17:23:57,2026-05-22 22:23:57,true,true,,,
2026-09-30T20:20:26Z,fargounderground.com,https://fargounderground.com/wp-json/tribe/events/v1/events,95,10056178,fargounderground.com?id=10056178,Boss’ Comedy Club Open Mic,2028-08-01 20:00:00,2028-08-02 01:00:00,2028-08-01 23:00:00,2028-08-02 04:00:00,America/Chicago,false,false,publish,https://fargounderground.com/event/boss-comedy-club-open-mic-2/2028-08-01/,,,Free,"{""currency_symbol"":""$"",""currency_code"":""USD"",""currency_position"":""prefix"",""values"":[""0""]}","[{""id"":432,""name"":""Comedy"",""slug"":""comedy-arts-entertainment"",""parent"":909},{""id"":369,""name"":""Open Mic &amp; Jam"",""slug"":""open-mic-jam"",""parent"":909}]",[],"{""id"":144938,""global_id"":""fargounderground.com?id=144938"",""venue"":""Boss&#8217; Comedy Club Fargo"",""address"":""228 Broadway N"",""city"":""Fargo"",""country"":""United States"",""province"":""North Dakota"",""zip"":""58102"",""website"":""https://www.bosspizzaandchicken.com/"",""phone"":""(701) 997-2677"",""url"":""https://fargounderground.com/venue/boss-comedy-club-fargo/"",""show_map"":true,""show_map_link"":true}",[],Come out this Thursday and enjoy the areas best comedians work on their Material… For Free! Want to try stand-up comedy yourself? First Timers & New Comedians are always encouraged. While you’re here enjoy Boss’s Full Menu also available in the Comedy Club. Sign up at 7:30 pm. Show at 8 pm. All are welcome!,,"{""url"":""https://fargounderground.com/wp-content/uploads/2022/12/boss-comedy-club-jpg-webp.webp"",""id"":144939,""extension"":""webp"",""width"":1420,""height"":640}",[],false,false,,,2023-04-27 14:31:21,2023-04-27 19:31:21,false,false,,,
2026-09-30T20:20:26Z,fargounderground.com,https://fargounderground.com/wp-json/tribe/events/v1/events,95,10025264,fargounderground.com?id=10025264,Open Mic Comedy,2028-08-01 20:00:00,2028-08-02 01:00:00,2028-08-01 22:00:00,2028-08-02 03:00:00,America/Chicago,false,false,publish,https://fargounderground.com/event/open-mic-comedy-6/2028-08-01/,https://www.facebook.com/Bosscomedyclubfargo/,,,"{""currency_symbol"":"""",""currency_code"":"""",""currency_position"":""prefix"",""values"":[]}","[{""id"":432,""name"":""Comedy"",""slug"":""comedy-arts-entertainment"",""parent"":909},{""id"":369,""name"":""Open Mic &amp; Jam"",""slug"":""open-mic-jam"",""parent"":909}]",[],"{""id"":144938,""global_id"":""fargounderground.com?id=144938"",""venue"":""Boss&#8217; Comedy Club Fargo"",""address"":""228 Broadway N"",""city"":""Fargo"",""country"":""United States"",""province"":""North Dakota"",""zip"":""58102"",""website"":""https://www.bosspizzaandchicken.com/"",""phone"":""(701) 997-2677"",""url"":""https://fargounderground.com/venue/boss-comedy-club-fargo/"",""show_map"":true,""show_map_link"":true}",[],Open Mic Comedy at Boss’s Every Tuesday Night Try your hand on the stage for free! Sign up at 7:30 pm; Mic Starts at 8 pm,,"{""url"":""https://fargounderground.com/wp-content/uploads/2023/08/Boss-Comedy-Open-Mic-jpg-webp.webp"",""id"":168876,""extension"":""webp"",""width"":1420,""height"":640}",[],false,false,,,2023-09-05 14:26:50,2023-09-05 19:26:50,false,false,,,
2026-09-30T20:20:26Z,fargounderground.com,https://fargounderground.com/wp-json/tribe/events/v1/events,95,10028913,fargounderground.com?id=10028913,Karaoke at Dempsey’s,2028-08-01 21:00:00,2028-08-02 02:00:00,2028-08-02 02:00:00,2028-08-02 07:00:00,America/Chicago,false,false,publish,https://fargounderground.com/event/karaoke-at-dempseys-59-2/2028-08-01/,,,Free,"{""currency_symbol"":""$"",""currency_code"":""USD"",""currency_position"":""prefix"",""values"":[""free""]}","[{""id"":368,""name"":""Karaoke"",""slug"":""karaoke"",""parent"":909}]",[],"{""id"":91157,""global_id"":""fargounderground.com?id=91157"",""venue"":""Dempsey’s Public House"",""address"":""226 Broadway N"",""city"":""Fargo"",""country"":""United States"",""province"":""ND"",""zip"":""58102"",""website"":""https://dempseysfargo.com/"",""url"":""https://fargounderground.com/venue/dempseys-public-house-2/"",""geo_lat"":46.8789764,""geo_lng"":-96.7882596,""show_map"":true,""show_map_link"":true}",[],"Dempsey’s has been named the Best Karaoke bar in Fargo for a reason! Sing your heart out during our FREE Karaoke night, every Tuesday and Saturday. It’s legendary!",,"{""url"":""https://fargounderground.com/wp-content/uploads/2022/11/karaoke-dempseys-0BUCH0.tmp_.png"",""id"":142666,""extension"":""png"",""width"":945,""height"":532}",[],false,false,,,2023-09-18 17:10:07,2023-09-18 22:10:07,false,false,,,
2026-09-30T20:20:26Z,fargounderground.com,https://fargounderground.com/wp-json/tribe/events/v1/events,95,10056389,fargounderground.com?id=10056389,Pickabob Grill & BBQ,2028-08-02 11:00:00,2028-08-02 16:00:00,2028-08-02 22:00:00,2028-08-03 03:00:00,America/Chicago,false,false,publish,https://fargounderground.com/event/pickabob-grill-bbq/2028-08-02/,,,,"{""currency_symbol"":""$"",""currency_code"":""USD"",""currency_position"":""prefix"",""values"":[]}","[{""id"":825,""name"":""Food Trucks"",""slug"":""food-trucks"",""parent"":372}]",[],"{""id"":160212,""global_id"":""fargounderground.com?id=160212"",""venue"":""Great Northern Park"",""address"":""425 Broadway N"",""city"":""Fargo"",""country"":""United States"",""province"":""North Dakota"",""zip"":""58102"",""url"":""https://fargounderground.com/venue/great-northern-park/"",""show_map"":true,""show_map_link"":true}",[],,,false,[],false,false,,,2023-06-16 10:57:07,2023-06-16 15:57:07,false,false,,,
2026-09-30T20:20:26Z,fargounderground.com,https://fargounderground.com/wp-json/tribe/events/v1/events,95,10060418,fargounderground.com?id=10060418,Discount Skate Night,2028-08-02 18:00:00,2028-08-02 23:00:00,2028-08-02 20:00:00,2028-08-03 01:00:00,America/Chicago,false,false,publish,https://fargounderground.com/event/discount-skate-night/2028-08-02/,https://www.skatecitynd.com/2024/02/discount-night/,,$6,"{""currency_symbol"":""$"",""currency_code"":""USD"",""currency_position"":""prefix"",""values"":[""6""]}","[{""id"":1298,""name"":""Active &amp; Social Events"",""slug"":""active-social-events"",""parent"":909},{""id"":374,""name"":""Families &amp; Kids"",""slug"":""families-kids"",""parent"":361}]",[],"{""id"":145039,""global_id"":""fargounderground.com?id=145039"",""venue"":""Skate City ND"",""address"":""3302 Interstate Blvd S"",""city"":""Fargo"",""country"":""United States"",""province"":""North Dakota"",""zip"":""58103"",""website"":""skatecitynd.com"",""phone"":""(701) 235-0555"",""url"":""https://fargounderground.com/venue/skate-city-nd/"",""show_map"":true,""show_map_link"":true}",[],"Catering to families and skaters of all ages and skill levels. Join us for a midweek session with discounted admission! Just $6 per skater, plus $4.00 skate rental if needed. Family Night Out Discount Night is a great way to get some midweek fun for the whole family at a great rate. Bring friends and extended family for good music, games and food! Groups & Clubs Whether you’re in a college club, book club or sports team, our group rates can’t be beaten! Reserve your group of 15 or more skaters at get admission for $6 per skater, which includes choice of rental! Daycares & Youth Groups Skating is a great way to get your daycare or youth group out for a night of fun! This midweek session is a great opportunity. Reserve a group of 15 or more and get our group rates – just $6 per skater, which includes choice of skate rental! Groups also get our meal deal (hotdogs, chips, and small drink) for just $5 per skater.",,"{""url"":""https://fargounderground.com/wp-content/uploads/2025/09/Discount-Skate-TV-Slide.png"",""id"":263371,""extension"":""png"",""width"":1920,""height"":1080}","{""_ecp_custom_2"":{""label"":""Region"",""value"":""Fargo""}}",false,false,,,2025-09-06 19:23:30,2025-09-07 00:23:30,true,true,,,
2026-09-30T20:20:26Z,fargounderground.com,https://fargounderground.com/wp-json/tribe/events/v1/events,95,10054505,fargounderground.com?id=10054505,Taco Night and Bingo!,2028-08-02 18:00:00,2028-08-02 23:00:00,2028-08-02 20:00:00,2028-08-03 01:00:00,America/Chicago,false,false,publish,https://fargounderground.com/event/taco-night-and-bingo-31/2028-08-02/,,,Free,"{""currency_symbol"":""$"",""currency_code"":""USD"",""currency_position"":""prefix"",""values"":[""0""]}","[{""id"":372,""name"":""Food &amp; Drink"",""slug"":""food-drink"",""parent"":0},{""id"":370,""name"":""Trivia &amp; Bingo"",""slug"":""trivia"",""parent"":909}]",[],"{""id"":91157,""global_id"":""fargounderground.com?id=91157"",""venue"":""Dempsey’s Public House"",""address"":""226 Broadway N"",""city"":""Fargo"",""country"":""United States"",""province"":""ND"",""zip"":""58102"",""website"":""https://dempseysfargo.com/"",""url"":""https://fargounderground.com/venue/dempseys-public-house-2/"",""geo_lat"":46.8789764,""geo_lng"":-96.7882596,""show_map"":true,""show_map_link"":true}",[],Play FREE Bingo from 6 – 8pm! Get $1 Tacos from 4 – 9pm!,,"{""url"":""https://fargounderground.com/wp-content/uploads/2022/11/taco-night-dempseys-dhBTti.tmp_.png"",""id"":142669,""extension"":""png"",""width"":945,""height"":532}",[],false,false,,,2023-03-28 17:45:42,2023-03-28 22:45:42,false,false,,,
2026-09-30T20:20:26Z,fargounderground.com,https://fargounderground.com/wp-json/tribe/events/v1/events,95,10074891,fargounderground.com?id=10074891,Ladies’ Drop-In D&D Night,2028-08-02 18:30:00,2028-08-02 23:30:00,2028-08-02 21:30:00,2028-08-03 02:30:00,America/Chicago,false,false,publish,https://fargounderground.com/event/ladies-drop-in-dd-night/2028-08-02/,https://www.facebook.com/share/18vgKiMh5K/,,,"{""currency_symbol"":""$"",""currency_code"":""USD"",""currency_position"":""prefix"",""values"":[]}","[{""id"":367,""name"":""Gaming &amp; Tabletop"",""slug"":""games"",""parent"":909},{""id"":359,""name"":""Nightlife"",""slug"":""nightlife"",""parent"":909}]","[{""name"":""#downtownfargo"",""slug"":""downtownfargo"",""term_group"":0,""term_taxonomy_id"":238,""taxonomy"":""post_tag"",""description"":"""",""parent"":0,""count"":168,""filter"":""raw"",""id"":238,""urls"":{""self"":""https://fargounderground.com/wp-json/tribe/events/v1/tags/238"",""collection"":""https://fargounderground.com/wp-json/tribe/events/v1/tags""}}]","{""id"":20933,""global_id"":""fargounderground.com?id=20933"",""venue"":""Front Street Taproom"",""address"":""614 Main Ave"",""city"":""Fargo"",""province"":""ND"",""state"":""ND"",""zip"":""58102"",""website"":""https://downtownfargo.com/venue/front-street-taproom/"",""url"":""https://fargounderground.com/venue/front-street-taproom-2/"",""geo_lat"":46.87428,""geo_lng"":-96.78883,""show_map"":true,""show_map_link"":true}","[{""id"":149083,""global_id"":""fargounderground.com?id=149083"",""organizer"":""Front Street Taproom"",""url"":""https://fargounderground.com/organizer/front-street-taproom/"",""website"":""https://www.frontstreettaproom.com"",""phone"":""701-566-7226"",""email"":""frontstreettaproom@gmail.com""}]","✨ Ladies’ Drop-In D&D Night ✨ Hosted by Swamp Witch Tabletop at Front Street Taproom 📅 First Wednesday of Every Month ⏰ 6:30 PM – 9:30 PM Ever wanted to try Dungeons & Dragons but weren’t sure where to start? Join us for an evening of storytelling, adventure, and tabletop fun in a welcoming space for women and femme-presenting players. 🎲 Beginner-friendly 📖 No experience required 🧙 Pre-made Level 3 characters provided ⚔️ D&D 2024 ruleset with a little homebrew magic ✨ “D&D Light” character options available for new players 🤝 Meet fellow gamers and make new friends Whether you’re completely new to tabletop roleplaying games or a seasoned adventurer looking for a fun night out, there’s a seat at the table for you. Come take up space, tell stories, slay monsters, and roll some dice. Hosted on the Mezzanine at Front Street Taproom 614 Main Ave | Downtown Fargo",,"{""url"":""https://fargounderground.com/wp-content/uploads/2026/06/DD-cover-photo-scaled.png"",""id"":311201,""extension"":""png"",""width"":2560,""height"":1723}","{""_ecp_custom_2"":{""label"":""Region"",""value"":""Fargo""}}",false,false,,,2026-06-19 13:37:56,2026-06-19 18:37:56,true,true,,,
2026-09-30T20:20:26Z,fargounderground.com,https://fargounderground.com/wp-json/tribe/events/v1/events,95,10033148,fargounderground.com?id=10033148,Garment Club,2028-08-02 19:00:00,2028-08-03 00:00:00,2028-08-02 21:00:00,2028-08-03 02:00:00,America/Chicago,false,false,publish,https://fargounderground.com/event/garment-club/2028-08-02/,,,Free,"{""currency_symbol"":""$"",""currency_code"":"""",""currency_position"":""prefix"",""values"":[""0""]}","[{""id"":362,""name"":""Classes &amp; Workshops"",""slug"":""classes-workshops"",""parent"":409},{""id"":677,""name"":""Clubs &amp; Groups"",""slug"":""clubs-groups"",""parent"":361},{""id"":364,""name"":""Crafts &amp; Hobbies"",""slug"":""arts-crafts"",""parent"":428}]",[],"{""id"":157543,""global_id"":""fargounderground.com?id=157543"",""venue"":""Parachigo"",""address"":""14 8th St S"",""city"":""Fargo"",""country"":""United States"",""province"":""Cass County"",""state"":""ND"",""zip"":""58103"",""website"":""https://parachigo.square.site/"",""url"":""https://fargounderground.com/venue/parachigo/"",""geo_lat"":46.8767742,""geo_lng"":-96.7882356,""show_map"":true,""show_map_link"":true}",[],"Have you ever wanted to try making a garment? Do you make garments and want fellow makers to give opinion on your work and/or offer tips? Do you want a community of fellow garment makers? We are two weeks out from our next garment club! This is the exciting day of the month that we share our knowledge and craft with one another. Some yarn, thread, fabric, and sewing machines will be available! A leader will be around to help you learn any basics. Skill level none to expert – come make with us! First Wednesday of the month!",,"{""url"":""https://fargounderground.com/wp-content/uploads/2023/11/383429898_248067571525367_2998462850113015627_n-jpg-webp.webp"",""id"":176403,""extension"":""webp"",""width"":1080,""height"":1350}","{""_ecp_custom_2"":{""label"":""Region"",""value"":""Fargo""}}",false,false,,,2023-11-27 15:09:32,2023-11-27 21:09:32,true,true,,,
2026-09-30T20:20:26Z,fargounderground.com,https://fargounderground.com/wp-json/tribe/events/v1/events,95,10028399,fargounderground.com?id=10028399,Harold’s Karaoke Party,2028-08-02 20:00:00,2028-08-03 01:00:00,2028-08-03 01:00:00,2028-08-03 06:00:00,America/Chicago,false,false,publish,https://fargounderground.com/event/harolds-karaoke-party-2/2028-08-02/,,,Free,"{""currency_symbol"":""$"",""currency_code"":""USD"",""currency_position"":""prefix"",""values"":[""0""]}","[{""id"":368,""name"":""Karaoke"",""slug"":""karaoke"",""parent"":909}]",[],"{""id"":146111,""global_id"":""fargounderground.com?id=146111"",""venue"":""Harold&#8217;s on Main"",""address"":""1330 Main Ave"",""city"":""Moorhead"",""country"":""United States"",""province"":""MN"",""zip"":""56560"",""website"":""https://www.facebook.com/HaroldsOnMain/"",""phone"":""(218) 233-3477"",""url"":""https://fargounderground.com/venue/harolds-on-main-2/"",""geo_lat"":46.8748909,""geo_lng"":-96.8000869,""show_map"":true,""show_map_link"":true}",[],✨🎤 HARAOKE – Karaoke at Harold’s! Every Wednesday at 8pm 🎤✨,,"{""url"":""https://fargounderground.com/wp-content/uploads/2023/04/harolds-karaoke-jpg-webp.webp"",""id"":156209,""extension"":""webp"",""width"":1920,""height"":1080}",[],false,false,,,2023-09-18 17:09:27,2023-09-18 22:09:27,false,false,,,
2026-09-30T20:20:26Z,fargounderground.com,https://fargounderground.com/wp-json/tribe/events/v1/events,95,10067761,fargounderground.com?id=10067761,Open Mic Comedy in the Cellar,2028-08-02 20:00:00,2028-08-03 01:00:00,2028-08-02 21:30:00,2028-08-03 02:30:00,America/Chicago,false,false,publish,https://fargounderground.com/event/open-mic-comedy-in-the-cellar-3/2028-08-02/,,,Free,"{""currency_symbol"":""$"",""currency_code"":""USD"",""currency_position"":""prefix"",""values"":[""0""]}","[{""id"":432,""name"":""Comedy"",""slug"":""comedy-arts-entertainment"",""parent"":909},{""id"":359,""name"":""Nightlife"",""slug"":""nightlife"",""parent"":909},{""id"":369,""name"":""Open Mic &amp; Jam"",""slug"":""open-mic-jam"",""parent"":909}]","[{""name"":""Comedy"",""slug"":""comedy"",""term_group"":0,""term_taxonomy_id"":310,""taxonomy"":""post_tag"",""description"":"""",""parent"":0,""count"":86,""filter"":""raw"",""id"":310,""urls"":{""self"":""https://fargounderground.com/wp-json/tribe/events/v1/tags/310"",""collection"":""https://fargounderground.com/wp-json/tribe/events/v1/tags""}}]","{""id"":121817,""global_id"":""fargounderground.com?id=121817"",""venue"":""The Cellar Comedy Club"",""address"":""614 Main Ave"",""city"":""Fargo"",""country"":""United States"",""province"":""ND"",""state"":""ND"",""zip"":""58103"",""website"":""https://www.fargomoorhead.org/venue/the-cellar-comedy-club/"",""url"":""https://fargounderground.com/venue/the-cellar-comedy-club/"",""geo_lat"":46.8741865,""geo_lng"":-96.7888348,""show_map"":true,""show_map_link"":true}","[{""id"":189866,""global_id"":""fargounderground.com?id=189866"",""organizer"":""The Cellar Comedy Club"",""url"":""https://fargounderground.com/organizer/"",""website"":""https://www.frontstreettaproom.com/comedyinthecellar"",""phone"":""(701) 566-7226"",""email"":""frontstreettaproom@gmail.com""}]","Open Mic Comedy Every Wednesday Night Doors open at 7pm Sign-up at 7:30pm Show starts at 8pm Up to 25 Comedians 3 or 5 Minute Sets Free Event No Ticket Required 21+ STAGE TIME IS NOT GUARANTEED Comedy in the Cellar Underground Comedy Club Below Front Street Taproom Downtown Fargo, ND",,"{""url"":""https://fargounderground.com/wp-content/uploads/2025/11/Open-Mic-Comedy-Cover.jpg"",""id"":284169,""extension"":""jpg"",""width"":2000,""height"":2000}","{""_ecp_custom_2"":{""label"":""Region"",""value"":""Fargo""}}",false,false,,,2025-11-13 12:49:52,2025-11-13 18:49:52,true,true,,,
2026-09-30T20:20:26Z,fargounderground.com,https://fargounderground.com/wp-json/tribe/events/v1/events,95,10056390,fargounderground.com?id=10056390,Pickabob Grill & BBQ,2028-08-03 11:00:00,2028-08-03 16:00:00,2028-08-03 22:00:00,2028-08-04 03:00:00,America/Chicago,false,false,publish,https://fargounderground.com/event/pickabob-grill-bbq/2028-08-03/,,,,"{""currency_symbol"":""$"",""currency_code"":""USD"",""currency_position"":""prefix"",""values"":[]}","[{""id"":825,""name"":""Food Trucks"",""slug"":""food-trucks"",""parent"":372}]",[],"{""id"":160212,""global_id"":""fargounderground.com?id=160212"",""venue"":""Great Northern Park"",""address"":""425 Broadway N"",""city"":""Fargo"",""country"":""United States"",""province"":""North Dakota"",""zip"":""58102"",""url"":""https://fargounderground.com/venue/great-northern-park/"",""show_map"":true,""show_map_link"":true}",[],,,false,[],false,false,,,2023-06-16 10:57:07,2023-06-16 15:57:07,false,false,,,
2026-09-30T20:20:26Z,fargounderground.com,https://fargounderground.com/wp-json/tribe/events/v1/events,95,10046845,fargounderground.com?id=10046845,Fargo-Moorhead Transgender Peer Support Group “T4Tea”,2028-08-03 17:00:00,2028-08-03 22:00:00,2028-08-03 19:00:00,2028-08-04 00:00:00,America/Chicago,false,false,publish,https://fargounderground.com/event/fargo-moorhead-transgender-peer-support-group-t4tea/2028-08-03/,,,Free,"{""currency_symbol"":""$"",""currency_code"":""USD\t\t\t\t\t\t\tclass="",""currency_position"":""prefix"",""values"":[""0""]}","[{""id"":677,""name"":""Clubs &amp; Groups"",""slug"":""clubs-groups"",""parent"":361}]",[],"{""id"":157543,""global_id"":""fargounderground.com?id=157543"",""venue"":""Parachigo"",""address"":""14 8th St S"",""city"":""Fargo"",""country"":""United States"",""province"":""Cass County"",""state"":""ND"",""zip"":""58103"",""website"":""https://parachigo.square.site/"",""url"":""https://fargounderground.com/venue/parachigo/"",""geo_lat"":46.8767742,""geo_lng"":-96.7882356,""show_map"":true,""show_map_link"":true}","[{""id"":192263,""global_id"":""fargounderground.com?id=192263"",""organizer"":""Corner of Queer Fargo-Moorhead"",""url"":""https://fargounderground.com/organizer/"",""website"":""https://www.facebook.com/fmcoq""}]","Every first Thursday of each month join us at Parachigo if you’re transgender, non-binary, gender-non-conforming, simply not cis, or questioning for dinner, snacks, tea, and other beverages while we offer support and resources, a place to be heard, or just a place to meet people and make friends! Hosted by Elias James Edmund (he/him) and Micah Louwagie (he/they) with occasional guest hosts! We have had a very successful productive series of meetups thus far, and we are so excited to keep going! We will also be having several events under T4Tea like a Dungeons and Dragons group, clothing swaps, makeup lessons and meet-ups, and anything else we dream of! Coming soon! Email Elias for any questions, concerns, or suggestions! padabwa@gmail.com",,"{""url"":""https://fargounderground.com/wp-content/uploads/2024/01/416251883_287690117624604_1061173076028072906_n-jpg-webp.webp"",""id"":180707,""extension"":""webp"",""width"":960,""height"":960}","{""_ecp_custom_2"":{""label"":""Region"",""value"":""Fargo""}}",false,false,,,2024-06-13 10:44:20,2024-06-13 15:44:20,true,true,,,
2026-09-30T20:20:26Z,fargounderground.com,https://fargounderground.com/wp-json/tribe/events/v1/events,95,10054860,fargounderground.com?id=10054860,Free Dog Night and Rock & Roll Bingo!,2028-08-03 18:00:00,2028-08-03 23:00:00,2028-08-03 20:00:00,2028-08-04 01:00:00,America/Chicago,false,false,publish,https://fargounderground.com/event/free-dog-night-and-rock-roll-bingo-31/2028-08-03/,,,Free,"{""currency_symbol"":""$"",""currency_code"":""USD"",""currency_position"":""prefix"",""values"":[""0""]}","[{""id"":372,""name"":""Food &amp; Drink"",""slug"":""food-drink"",""parent"":0},{""id"":370,""name"":""Trivia &amp; Bingo"",""slug"":""trivia"",""parent"":909}]",[],"{""id"":91157,""global_id"":""fargounderground.com?id=91157"",""venue"":""Dempsey’s Public House"",""address"":""226 Broadway N"",""city"":""Fargo"",""country"":""United States"",""province"":""ND"",""zip"":""58102"",""website"":""https://dempseysfargo.com/"",""url"":""https://fargounderground.com/venue/dempseys-public-house-2/"",""geo_lat"":46.8789764,""geo_lng"":-96.7882596,""show_map"":true,""show_map_link"":true}",[],Play FREE Rock & Roll Bingo from 6 – 8pm! Get FREE Hot Dogs from 4 – 9pm!,,"{""url"":""https://fargounderground.com/wp-content/uploads/2022/11/hot-dog-night-tO0mPR.tmp_.png"",""id"":142672,""extension"":""png"",""width"":945,""height"":532}",[],false,false,,,2023-03-28 17:49:54,2023-03-28 22:49:54,false,false,,,
2026-09-30T20:20:26Z,fargounderground.com,https://fargounderground.com/wp-json/tribe/events/v1/events,95,10047462,fargounderground.com?id=10047462,Karaoke Night at Hope & Coffee,2028-08-03 18:00:00,2028-08-03 23:00:00,2028-08-03 20:00:00,2028-08-04 01:00:00,America/Chicago,false,false,publish,https://fargounderground.com/event/karaoke-night-at-hope-coffee/2028-08-03/,https://www.facebook.com/share/aUsqJd8AB12J4KM2/,,Free,"{""currency_symbol"":""$"",""currency_code"":""USD"",""currency_position"":""prefix"",""values"":[""0""]}","[{""id"":368,""name"":""Karaoke"",""slug"":""karaoke"",""parent"":909}]",[],"{""id"":197317,""global_id"":""fargounderground.com?id=197317"",""venue"":""Hope &#038; Coffee"",""address"":""38th Street South"",""city"":""Fargo"",""country"":""United States"",""province"":""Cass County"",""state"":""North Dakota"",""zip"":""58103"",""website"":""https://soulsolutions.org/hope-coffee/"",""phone"":""701-356-7772"",""url"":""https://fargounderground.com/venue/hope-coffee/"",""geo_lat"":46.851814,""geo_lng"":-96.8422969,""show_map"":false,""show_map_link"":false}",[],"The bravest thing you’ve ever done— Sober Karaoke! Lights, mics, amps, and any music we can find on Youtube. Bring a friend!",,"{""url"":""https://fargounderground.com/wp-content/uploads/2024/07/Update-Karaoke-Thursday-Poster.png"",""id"":198758,""extension"":""png"",""width"":1545,""height"":2000}",[],false,false,,,2024-08-07 16:52:46,2024-08-07 21:52:46,true,true,,,
2026-09-30T20:20:26Z,fargounderground.com,https://fargounderground.com/wp-json/tribe/events/v1/events,95,10052552,fargounderground.com?id=10052552,Full Circle Open Mic,2028-08-03 19:00:00,2028-08-04 00:00:00,2028-08-03 22:00:00,2028-08-04 03:00:00,America/Chicago,false,false,publish,https://fargounderground.com/event/full-circle-open-mic/2028-08-03/,,,Free,"{""currency_symbol"":""$"",""currency_code"":""USD"",""currency_position"":""prefix"",""values"":[""0""]}","[{""id"":369,""name"":""Open Mic &amp; Jam"",""slug"":""open-mic-jam"",""parent"":909}]",[],"{""id"":144429,""global_id"":""fargounderground.com?id=144429"",""venue"":""Black Coffee and Waffle Bar Fargo"",""address"":""550 2nd Ave N"",""city"":""Fargo"",""country"":""United States"",""province"":""North Dakota"",""zip"":""58102"",""website"":""https://blackcoffeeandwaffle.com/"",""phone"":""701-566-8749"",""url"":""https://fargounderground.com/venue/black-coffee-and-waffle-bar-fargo/"",""show_map"":true,""show_map_link"":true}",[],"Every Thursday is open mic night! Come out and tell a few jokes, sing your heart out, or read poetry. Hosted at Black Coffee and Waffle bar in downtown Fargo, ND.",,"{""url"":""https://fargounderground.com/wp-content/uploads/2022/12/314756703_10228005485586320_4750178534703107090_n-jpg-webp.webp"",""id"":144430,""extension"":""webp"",""width"":1800,""height"":1200}",[],false,false,,,2023-01-20 12:43:36,2023-01-20 18:43:36,false,false,,,
2026-09-30T20:20:26Z,fargounderground.com,https://fargounderground.com/wp-json/tribe/events/v1/events,95,10025676,fargounderground.com?id=10025676,Thursday Night Trivia at Downtown Fargo VFW,2028-08-03 19:00:00,2028-08-04 00:00:00,2028-08-03 21:00:00,2028-08-04 02:00:00,America/Chicago,false,false,publish,https://fargounderground.com/event/thursday-night-trivia-at-downtown-fargo-vfw-2/2028-08-03/,,,,"{""currency_symbol"":""$"",""currency_code"":""USD"",""currency_position"":""prefix"",""values"":[]}","[{""id"":370,""name"":""Trivia &amp; Bingo"",""slug"":""trivia"",""parent"":909}]",[],"{""id"":49586,""global_id"":""fargounderground.com?id=49586"",""venue"":""Fargo VFW Club, Post 762"",""address"":""202 Broadway N"",""city"":""Fargo"",""country"":""United States"",""province"":""ND"",""zip"":""58102"",""website"":""https://www.fargomoorhead.org/venue/fargo-vfw-club-post-762/"",""url"":""https://fargounderground.com/venue/vfw-coors-light-chili-cookoff/"",""geo_lat"":46.8781689,""geo_lng"":-96.7881193,""show_map"":true,""show_map_link"":true}",[],Looking for some fun on a Thursday night? Look no further than the Downtown Fargo VFW! Here’s what to look forward to: *FREE to Play! *Win FREE Drinks or Get Zonked with “WHAT’S IN THE BAG?!” *Paper Airline Contest at the End of Every Game! Come out…Bring your friends…And join in the fun!,,"{""url"":""https://fargounderground.com/wp-content/uploads/2023/04/340653856_254607436910250_5743893530831022969_n-jpg-webp.webp"",""id"":157568,""extension"":""webp"",""width"":1920,""height"":1005}",[],false,false,,,2023-09-05 14:45:31,2023-09-05 19:45:31,false,false,,,
2026-09-30T20:20:26Z,fargounderground.com,https://fargounderground.com/wp-json/tribe/events/v1/events,95,10053692,fargounderground.com?id=10053692,Amped All-Ages Open Mic Night,2028-08-03 19:30:00,2028-08-04 00:30:00,2028-08-03 21:00:00,2028-08-04 02:00:00,America/Chicago,false,false,publish,https://fargounderground.com/event/amped-all-ages-open-mic-night/2028-08-03/,,,Free,"{""currency_symbol"":""$"",""currency_code"":""USD"",""currency_position"":""prefix"",""values"":[""0""]}","[{""id"":371,""name"":""All Ages"",""slug"":""all-ages"",""parent"":360},{""id"":360,""name"":""Live Music"",""slug"":""live-music"",""parent"":0},{""id"":369,""name"":""Open Mic &amp; Jam"",""slug"":""open-mic-jam"",""parent"":909}]",[],"{""id"":114250,""global_id"":""fargounderground.com?id=114250"",""venue"":""Kringen Lodge 25 – Sons of Norway"",""address"":""722 2nd Ave N"",""city"":""Fargo"",""country"":""United States"",""province"":""ND"",""zip"":""58102"",""website"":""https://sonsofnorwayfargo.com/venue/kringen-lodge-25-sons-of-norway/"",""phone"":""(701) 232-9222"",""url"":""https://fargounderground.com/venue/kringen-lodge-25-sons-of-norway/"",""geo_lat"":46.8781204,""geo_lng"":-96.792102,""show_map"":true,""show_map_link"":true}",[],"Come out for a night of performances and connect with a supportive community of creative minds. Perform music, comedy, or poetry in this free all-ages open mic. The mission of Amped School of Music is to empower, connect, and celebrate musicians. We offer lessons in piano, guitar, voice, violin, ukulele, bass, drums, and music production. NOTE: This is a 21+ venue. Individuals under 18 years of age must be accompanied by a parent. Adults ages 18-20 are not permitted in the bar unless performing. Thank you!",,"{""url"":""https://fargounderground.com/wp-content/uploads/2023/02/amped-open-mic-jpg-webp.webp"",""id"":151529,""extension"":""webp"",""width"":1920,""height"":1080}",[],false,false,,,2023-02-27 12:04:14,2023-02-27 18:04:14,false,false,,,
2026-09-30T20:20:26Z,fargounderground.com,https://fargounderground.com/wp-json/tribe/events/v1/events,95,10043010,fargounderground.com?id=10043010,Belly Dance for Beginners,2028-08-03 19:30:00,2028-08-04 00:30:00,2028-08-03 20:30:00,2028-08-04 01:30:00,America/Chicago,false,false,publish,https://fargounderground.com/event/belly-dance-for-beginners/2028-08-03/,https://facebook.com/mindakbellydance,,$10,"{""currency_symbol"":""$"",""currency_code"":"""",""currency_position"":""prefix"",""values"":[""10""]}","[{""id"":362,""name"":""Classes &amp; Workshops"",""slug"":""classes-workshops"",""parent"":409},{""id"":412,""name"":""Culture &amp; Heritage"",""slug"":""culture"",""parent"":428},{""id"":569,""name"":""Fitness &amp; Yoga"",""slug"":""fitness-yoga"",""parent"":897}]",[],"{""id"":100299,""global_id"":""fargounderground.com?id=100299"",""venue"":""FM Aerial &amp; Movement Arts"",""address"":""508 Oak St. N Suite A"",""city"":""Fargo, ND"",""state"":""ND"",""zip"":""58102"",""website"":""fmaerial.com"",""phone"":""7012033448"",""url"":""https://fargounderground.com/venue/fm-aerial-movement-arts/"",""geo_lat"":46.88134,""geo_lng"":-96.779159,""show_map"":true,""show_map_link"":true}",[],"MinDak Belly Dance teaches belly dance classes in the Fargo-Moorhead area. Beginning belly dance teaches the foundations of Middle Eastern dance. You will learn belly dance posture and movements including shimmys, isolations, hip bumps, and more! No experience necessary! $10 cash at the door $10 coin belts available for purchase to enhance your dance! We meet weekly at FM AERIAL MOVEMENT ARTS 508 Oak St N Fargo EVERY Thursday from 7:30 pm-8:30 pm",,"{""url"":""https://fargounderground.com/wp-content/uploads/2023/06/MDBD-FLYER-jpg.webp"",""id"":188808,""extension"":""webp"",""width"":695,""height"":900}","{""_ecp_custom_2"":{""label"":""Region"",""value"":""Fargo""}}",false,false,,,2024-03-28 14:09:15,2024-03-28 19:09:15,true,true,,,
2026-09-30T20:20:26Z,fargounderground.com,https://fargounderground.com/wp-json/tribe/events/v1/events,95,10062248,fargounderground.com?id=10062248,College Night Bowling,2028-08-03 22:00:00,2028-08-04 03:00:00,2028-08-04 00:00:00,2028-08-04 05:00:00,America/Chicago,false,false,publish,https://fargounderground.com/event/college-night-bowling/2028-08-03/,,,$8,"{""currency_symbol"":""$"",""currency_code"":""USD"",""currency_position"":""prefix"",""values"":[""8""]}","[{""id"":1298,""name"":""Active &amp; Social Events"",""slug"":""active-social-events"",""parent"":909},{""id"":408,""name"":""College Events"",""slug"":""college-events"",""parent"":361},{""id"":372,""name"":""Food &amp; Drink"",""slug"":""food-drink"",""parent"":0}]",[],"{""id"":146365,""global_id"":""fargounderground.com?id=146365"",""venue"":""Sunset Lanes"",""address"":""620 U.S. 75"",""city"":""Moorhead"",""country"":""United States"",""province"":""MN"",""state"":""MN"",""zip"":""56560"",""website"":""https://bowlingsunset.com/"",""url"":""https://fargounderground.com/venue/sunset-lanes/"",""geo_lat"":46.8818938,""geo_lng"":-96.7431497,""show_map"":true,""show_map_link"":true}",[],"Grab your friends for a night you’ll never forget (well, maybe…..)! $8 all-you-can-bowl from 10 pm to midnight. Mug specials on adult beverages! Get a pizza, drinks, a bowl, and play in the arcade – it doesn’t get any better than that!",,"{""url"":""https://fargounderground.com/wp-content/uploads/2025/09/crw_1240h_620.webp"",""id"":263446,""extension"":""webp"",""width"":1240,""height"":620}","{""_ecp_custom_2"":{""label"":""Region"",""value"":""Moorhead""}}",false,false,,,2025-09-07 12:02:55,2025-09-07 17:02:55,true,true,,,
2026-09-30T20:20:26Z,fargounderground.com,https://fargounderground.com/wp-json/tribe/events/v1/events,95,10056686,fargounderground.com?id=10056686,Pickabob Grill & BBQ,2028-08-04 11:00:00,2028-08-04 16:00:00,2028-08-05 02:30:00,2028-08-05 07:30:00,America/Chicago,false,false,publish,https://fargounderground.com/event/pickabob-grill-bbq-2/2028-08-04/,,,,"{""currency_symbol"":""$"",""currency_code"":""USD"",""currency_position"":""prefix"",""values"":[]}","[{""id"":825,""name"":""Food Trucks"",""slug"":""food-trucks"",""parent"":372}]",[],"{""id"":160212,""global_id"":""fargounderground.com?id=160212"",""venue"":""Great Northern Park"",""address"":""425 Broadway N"",""city"":""Fargo"",""country"":""United States"",""province"":""North Dakota"",""zip"":""58102"",""url"":""https://fargounderground.com/venue/great-northern-park/"",""show_map"":true,""show_map_link"":true}",[],,,false,[],false,false,,,2023-06-16 10:56:57,2023-06-16 15:56:57,false,false,,,
2026-09-30T20:20:26Z,fargounderground.com,https://fargounderground.com/wp-json/tribe/events/v1/events,95,10066690,fargounderground.com?id=10066690,Healing Harvest Market,2028-08-04 15:00:00,2028-08-04 20:00:00,2028-08-04 18:00:00,2028-08-04 23:00:00,America/Chicago,false,false,publish,https://fargounderground.com/event/healing-harvest-market/2028-08-04/,,,Free,"{""currency_symbol"":""$"",""currency_code"":""USD"",""currency_position"":""prefix"",""values"":[""0""]}","[{""id"":649,""name"":""Business"",""slug"":""business"",""parent"":361},{""id"":435,""name"":""Farmers &amp; Makers Markets"",""slug"":""farmers-makers-markets"",""parent"":361}]","[{""name"":""#HealthAndWellness"",""slug"":""healthandwellness"",""term_group"":0,""term_taxonomy_id"":1093,""taxonomy"":""post_tag"",""description"":"""",""parent"":0,""count"":17,""filter"":""raw"",""id"":1093,""urls"":{""self"":""https://fargounderground.com/wp-json/tribe/events/v1/tags/1093"",""collection"":""https://fargounderground.com/wp-json/tribe/events/v1/tags""}},{""name"":""Farmer's Market"",""slug"":""farmers-market"",""term_group"":0,""term_taxonomy_id"":38,""taxonomy"":""post_tag"",""description"":"""",""parent"":0,""count"":6,""filter"":""raw"",""id"":38,""urls"":{""self"":""https://fargounderground.com/wp-json/tribe/events/v1/tags/38"",""collection"":""https://fargounderground.com/wp-json/tribe/events/v1/tags""}},{""name"":""food"",""slug"":""food"",""term_group"":0,""term_taxonomy_id"":75,""taxonomy"":""post_tag"",""description"":"""",""parent"":0,""count"":34,""filter"":""raw"",""id"":75,""urls"":{""self"":""https://fargounderground.com/wp-json/tribe/events/v1/tags/75"",""collection"":""https://fargounderground.com/wp-json/tribe/events/v1/tags""}}]","{""id"":282480,""global_id"":""fargounderground.com?id=282480"",""venue"":""Valley Vital Medicine"",""address"":""3540 38th Ave S Suite G"",""city"":""Fargo"",""country"":""United States"",""state"":""ND"",""zip"":""58104"",""website"":""https://valleyvitalmedicine.com/"",""phone"":""(701) 532-1926"",""url"":""https://fargounderground.com/venue/valley-vital-medicine/"",""geo_lat"":46.8209943,""geo_lng"":-96.8375262,""show_map"":true,""show_map_link"":true}","[{""id"":282481,""global_id"":""fargounderground.com?id=282481"",""organizer"":""Valley Vital Medicine"",""url"":""https://fargounderground.com/organizer/valley-vital-medicine/"",""website"":""https://valleyvitalmedicine.com/"",""phone"":""701-532-1926"",""email"":""Nurseheather@valleyvitalmedicine.com""}]","Healing Harvest Market Hosted by Valley Vital Medicine First Friday of Every Month | 3–6 PM Location: Valley Vital Medicine, Fargo, ND Website: https://valleyvitalmedicine.com The Healing Harvest Market is a monthly community gathering focused on faith, health, and local nourishment. Each market features local farmers, artisans, and wellness-focused businesses offering clean food, handcrafted goods, and natural wellness resources. This event is an opportunity for the community to come together, support small local producers, and learn more about healthy, intentional living. The market also highlights ways to support local families and individuals facing health challenges. All are welcome to attend and connect with others who value community wellness, local agriculture, and meaningful living.",,"{""url"":""https://fargounderground.com/wp-content/uploads/2025/10/HHM-Postcard-Unflattened-.png"",""id"":282482,""extension"":""png"",""width"":1800,""height"":1200}",[],false,false,,,2025-11-03 10:53:42,2025-11-03 16:53:42,true,true,,,
2026-09-30T20:20:26Z,fargounderground.com,https://fargounderground.com/wp-json/tribe/events/v1/events,95,10060157,fargounderground.com?id=10060157,Glow Skate Night,2028-08-04 20:00:00,2028-08-05 01:00:00,2028-08-04 22:00:00,2028-08-05 03:00:00,America/Chicago,false,false,publish,https://fargounderground.com/event/glow-skate-night/2028-08-04/,https://www.skatecitynd.com/2025/07/7334/,,$10,"{""currency_symbol"":""$"",""currency_code"":""USD"",""currency_position"":""prefix"",""values"":[""10""]}","[{""id"":1298,""name"":""Active &amp; Social Events"",""slug"":""active-social-events"",""parent"":909},{""id"":374,""name"":""Families &amp; Kids"",""slug"":""families-kids"",""parent"":361}]",[],"{""id"":145039,""global_id"":""fargounderground.com?id=145039"",""venue"":""Skate City ND"",""address"":""3302 Interstate Blvd S"",""city"":""Fargo"",""country"":""United States"",""province"":""North Dakota"",""zip"":""58103"",""website"":""skatecitynd.com"",""phone"":""(701) 235-0555"",""url"":""https://fargounderground.com/venue/skate-city-nd/"",""show_map"":true,""show_map_link"":true}",[],"This nighttime session brings a great atmosphere with good music to skate to, games, a blackout skate and glow sticks! Every paid skater gets a FREE GLOW STICK! Blackout Skate For a portion of the session, we will black out the rink and side aisle lighting. While there is still enough visibility to navigate the skating floor, the darker environment creates a concert-style atmosphere. When coupled with our glow products, this elevates and enhances your skating experience! Glow Sticks Get a FREE glow stick for every paid skater! We want everyone to enjoy the glow night and create a fun, glowing atmosphere, so we provide every paid skater with a glow stick on us! Great Music & Games We pick great music for dancing and skating for this Friday night session. Nothing pairs with specialty lights and blackout skates like songs with a good rhythm!",,"{""url"":""https://fargounderground.com/wp-content/uploads/2025/09/Glow-Skate-TV.png"",""id"":263362,""extension"":""png"",""width"":1920,""height"":1080}","{""_ecp_custom_2"":{""label"":""Region"",""value"":""Fargo""}}",false,false,,,2025-09-06 19:10:31,2025-09-07 00:10:31,true,true,,,
2026-09-30T20:20:26Z,fargounderground.com,https://fargounderground.com/wp-json/tribe/events/v1/events,95,10061355,fargounderground.com?id=10061355,Cosmic Bowling,2028-08-04 21:30:00,2028-08-05 02:30:00,2028-08-05 00:00:00,2028-08-05 05:00:00,America/Chicago,false,false,publish,https://fargounderground.com/event/cosmic-bowling/2028-08-04/,,,$15,"{""currency_symbol"":""$"",""currency_code"":""USD"",""currency_position"":""prefix"",""values"":[""15""]}","[{""id"":1298,""name"":""Active &amp; Social Events"",""slug"":""active-social-events"",""parent"":909},{""id"":374,""name"":""Families &amp; Kids"",""slug"":""families-kids"",""parent"":361}]",[],"{""id"":263439,""global_id"":""fargounderground.com?id=263439"",""venue"":""West Acres Bowl"",""address"":""3402 Interstate Blvd S"",""city"":""Fargo"",""country"":""United States"",""state"":""ND"",""zip"":""58103"",""phone"":""701-235-4437"",""url"":""https://fargounderground.com/venue/west-acres-bowl/"",""geo_lat"":46.8637495,""geo_lng"":-96.8363583,""show_map"":true,""show_map_link"":true}",[],"Get ready for an out-of-this-world experience at West Acres Bowl with Cosmic Bowling every Friday and Saturday night! 🌌 From 9:30 PM to Midnight, the lights go down and the blacklights turn up. Bowl to the rhythm of great music and enjoy a unique, high-energy atmosphere. Perfect for a night out with friends, a fun date, or a late-night family activity. No reservations are needed—just show up and get ready to glow!",,"{""url"":""https://fargounderground.com/wp-content/uploads/2025/09/Cosmic-Bowling.jpg"",""id"":263436,""extension"":""jpg"",""width"":2348,""height"":1536}","{""_ecp_custom_2"":{""label"":""Region"",""value"":""Fargo""}}",false,false,,,2025-09-07 11:39:17,2025-09-07 16:39:17,true,true,,,
2026-09-30T20:20:26Z,fargounderground.com,https://fargounderground.com/wp-json/tribe/events/v1/events,95,10061877,fargounderground.com?id=10061877,Rock N Bowl,2028-08-04 22:00:00,2028-08-05 03:00:00,2028-08-05 00:00:00,2028-08-05 05:00:00,America/Chicago,false,false,publish,https://fargounderground.com/event/rock-n-bowl/2028-08-04/,https://bowlingsunset.com/rock-n-bowl,,$13,"{""currency_symbol"":""$"",""currency_code"":""USD"",""currency_position"":""prefix"",""values"":[""13""]}","[{""id"":1298,""name"":""Active &amp; Social Events"",""slug"":""active-social-events"",""parent"":909},{""id"":372,""name"":""Food &amp; Drink"",""slug"":""food-drink"",""parent"":0}]",[],"{""id"":146365,""global_id"":""fargounderground.com?id=146365"",""venue"":""Sunset Lanes"",""address"":""620 U.S. 75"",""city"":""Moorhead"",""country"":""United States"",""province"":""MN"",""state"":""MN"",""zip"":""56560"",""website"":""https://bowlingsunset.com/"",""url"":""https://fargounderground.com/venue/sunset-lanes/"",""geo_lat"":46.8818938,""geo_lng"":-96.7431497,""show_map"":true,""show_map_link"":true}",[],"$13 per person. Grab some friends and head over to Sunset Lanes for Rock N Bowl. Sunset Lanes has Qubica’s deckpin lighting and cap lighting. The bar and kitchen are open all night long, so enjoy some food and drinks while you bowl. This event is fun for all ages.",,"{""url"":""https://fargounderground.com/wp-content/uploads/2025/09/rsw_1240h_620cg_true.webp"",""id"":263442,""extension"":""webp"",""width"":1240,""height"":620}","{""_ecp_custom_2"":{""label"":""Region"",""value"":""Moorhead""}}",false,false,,,2025-09-07 11:45:40,2025-09-07 16:45:40,true,true,,,
2026-09-30T20:20:26Z,fargounderground.com,https://fargounderground.com/wp-json/tribe/events/v1/events,95,10060680,fargounderground.com?id=10060680,Saturday Morning Family Skate,2028-08-05 10:00:00,2028-08-05 15:00:00,2028-08-05 12:00:00,2028-08-05 17:00:00,America/Chicago,false,false,publish,https://fargounderground.com/event/saturday-morning-family-skate/2028-08-05/,https://www.skatecitynd.com/2024/02/family-skate/,,$6,"{""currency_symbol"":""$"",""currency_code"":""USD"",""currency_position"":""prefix"",""values"":[""6""]}","[{""id"":1298,""name"":""Active &amp; Social Events"",""slug"":""active-social-events"",""parent"":909},{""id"":374,""name"":""Families &amp; Kids"",""slug"":""families-kids"",""parent"":361}]",[],"{""id"":145039,""global_id"":""fargounderground.com?id=145039"",""venue"":""Skate City ND"",""address"":""3302 Interstate Blvd S"",""city"":""Fargo"",""country"":""United States"",""province"":""North Dakota"",""zip"":""58103"",""website"":""skatecitynd.com"",""phone"":""(701) 235-0555"",""url"":""https://fargounderground.com/venue/skate-city-nd/"",""show_map"":true,""show_map_link"":true}",[],"Catering to families with young skaters, this Saturday morning session offers discounted admission for families along with age-appropriate music and skating aids at half off the regular price! Help for Our Youngest Skaters Our Family Skate is great for our newest skaters! We have Zippy Adjustable Skates, which go over the shoe, have a lower and wider wheel base, and roll more slowly. These are great for learning balance. We also rent Skate Mates for skaters aged 10 and under for $2.50 which is 1/2 off the regular price. Discounted Admission for All As families grow so do the expenses to go out and have fun together. We want to help and so during our Family Skate you can enjoy a lower admission at just $6 per skater. Don’t have your own skates? No problem! Rent your choice of inline or roller skates for just $4.00. Themed Skate Sessions Our Family Skate is a great session to host themed skates throughout the year. Whether celebrating a holiday or creating our own fun with a Superhero Skate, these can feature costumes, festivities and prizes, and themed music! Themed events may have special pricing on Admission.",,"{""url"":""https://fargounderground.com/wp-content/uploads/2025/09/family-skate-TV.png"",""id"":263376,""extension"":""png"",""width"":1920,""height"":1080}","{""_ecp_custom_2"":{""label"":""Region"",""value"":""Fargo""}}",false,false,,,2025-09-06 19:30:43,2025-09-07 00:30:43,true,true,,,
2026-09-30T20:20:26Z,fargounderground.com,https://fargounderground.com/wp-json/tribe/events/v1/events,95,10056790,fargounderground.com?id=10056790,Pickabob Grill & BBQ,2028-08-05 12:00:00,2028-08-05 17:00:00,2028-08-06 02:30:00,2028-08-06 07:30:00,America/Chicago,false,false,publish,https://fargounderground.com/event/pickabob-grill-bbq-3/2028-08-05/,,,,"{""currency_symbol"":""$"",""currency_code"":""USD"",""currency_position"":""prefix"",""values"":[]}","[{""id"":825,""name"":""Food Trucks"",""slug"":""food-trucks"",""parent"":372}]",[],"{""id"":160212,""global_id"":""fargounderground.com?id=160212"",""venue"":""Great Northern Park"",""address"":""425 Broadway N"",""city"":""Fargo"",""country"":""United States"",""province"":""North Dakota"",""zip"":""58102"",""url"":""https://fargounderground.com/venue/great-northern-park/"",""show_map"":true,""show_map_link"":true}",[],,,false,[],false,false,,,2023-06-16 10:54:49,2023-06-16 15:54:49,false,false,,,
2026-09-30T20:20:26Z,fargounderground.com,https://fargounderground.com/wp-json/tribe/events/v1/events,95,10060941,fargounderground.com?id=10060941,Saturday Night Special Skate,2028-08-05 18:00:00,2028-08-05 23:00:00,2028-08-05 21:00:00,2028-08-06 02:00:00,America/Chicago,false,false,publish,https://fargounderground.com/event/saturday-night-special-skate/2028-08-05/,https://www.skatecitynd.com/2025/08/saturday-night-special/,,$6,"{""currency_symbol"":""$"",""currency_code"":""USD"",""currency_position"":""prefix"",""values"":[""6""]}","[{""id"":1298,""name"":""Active &amp; Social Events"",""slug"":""active-social-events"",""parent"":909},{""id"":374,""name"":""Families &amp; Kids"",""slug"":""families-kids"",""parent"":361}]",[],"{""id"":145039,""global_id"":""fargounderground.com?id=145039"",""venue"":""Skate City ND"",""address"":""3302 Interstate Blvd S"",""city"":""Fargo"",""country"":""United States"",""province"":""North Dakota"",""zip"":""58103"",""website"":""skatecitynd.com"",""phone"":""(701) 235-0555"",""url"":""https://fargounderground.com/venue/skate-city-nd/"",""show_map"":true,""show_map_link"":true}",[],"Spend your Saturday Nights skating and jamming with us! Catering to families and skaters of all ages and skill levels. A perfect way to spend your weekend evening all while saving! 3-Hours of skating for just $6 per skater, plus $4.00 skate rental if needed. Family Night Out Saturday Night is a great way to get some weekend fun for the whole family at a great rate. Bring friends and extended family for good music, games and food! Groups & Clubs Whether you’re in a college club, book club or sports team, our group rates can’t be beaten! Reserve your group of 15 or more skaters at get admission for $6 per skater, which includes choice of rental! Birthday Celebrations Skating is the best way to celebrate another year around the sun. Book your party online then invite your friends and family for a party that will stand out from the rest. Parties start as low as just $149. For more information on our great packages – Click Here –",,"{""url"":""https://fargounderground.com/wp-content/uploads/2025/09/Saturday-Night-Special-TV-Slide-7.25-scaled-1-scaled.jpg"",""id"":263379,""extension"":""jpg"",""width"":2560,""height"":1451}","{""_ecp_custom_2"":{""label"":""Region"",""value"":""Fargo""}}",false,false,,,2025-09-06 19:33:55,2025-09-07 00:33:55,true,true,,,
2026-09-30T20:20:26Z,fargounderground.com,https://fargounderground.com/wp-json/tribe/events/v1/events,96,10059897,fargounderground.com?id=10059897,Adult Skate Night,2028-08-05 21:00:00,2028-08-06 02:00:00,2028-08-05 23:00:00,2028-08-06 04:00:00,America/Chicago,false,false,publish,https://fargounderground.com/event/adult-skate-night/2028-08-05/,https://www.skatecitynd.com/2025/08/adult-night/,,$10,"{""currency_symbol"":""$"",""currency_code"":""USD"",""currency_position"":""prefix"",""values"":[""10""]}","[{""id"":1298,""name"":""Active &amp; Social Events"",""slug"":""active-social-events"",""parent"":909},{""id"":909,""name"":""Entertainment"",""slug"":""entertainment"",""parent"":0},{""id"":359,""name"":""Nightlife"",""slug"":""nightlife"",""parent"":909}]",[],"{""id"":173814,""global_id"":""fargounderground.com?id=173814"",""venue"":""Skate City"",""address"":""3302 Interstate Blvd S"",""city"":""Fargo"",""country"":""United States"",""province"":""ND"",""zip"":""58103"",""website"":""https://skatecitynd.com/"",""phone"":""701-235-0555"",""url"":""https://fargounderground.com/venue/"",""geo_lat"":46.865252,""geo_lng"":-96.833748,""show_map"":true,""show_map_link"":true}",[],Catering to our adult crowd looking for a great Saturday Night! This is an 18+ Only Session with less games and more skating. Admission is $10. Skate rental is $4.00 if needed. Observing adults must pay admission.,,"{""url"":""https://fargounderground.com/wp-content/uploads/2025/09/Adult-Night-TV-Slide.jpeg"",""id"":263357,""extension"":""jpeg"",""width"":1920,""height"":1080}","{""_ecp_custom_2"":{""label"":""Region"",""value"":""Fargo""}}",false,false,,,2025-09-06 19:06:57,2025-09-07 00:06:57,true,true,,,
2026-09-30T20:20:26Z,fargounderground.com,https://fargounderground.com/wp-json/tribe/events/v1/events,96,10065061,fargounderground.com?id=10065061,Alibi Karaoke,2028-08-05 21:00:00,2028-08-06 02:00:00,2028-08-06 01:00:00,2028-08-06 06:00:00,America/Chicago,false,false,publish,https://fargounderground.com/event/alibi-karaoke/2028-08-05/,https://fargonddj.com/event/6277439/737366223/alibi-karaoke,,,"{""currency_symbol"":""$"",""currency_code"":""USD"",""currency_position"":""prefix"",""values"":[]}","[{""id"":368,""name"":""Karaoke"",""slug"":""karaoke"",""parent"":909},{""id"":359,""name"":""Nightlife"",""slug"":""nightlife"",""parent"":909}]","[{""name"":""drinks"",""slug"":""drinks"",""term_group"":0,""term_taxonomy_id"":74,""taxonomy"":""post_tag"",""description"":"""",""parent"":0,""count"":21,""filter"":""raw"",""id"":74,""urls"":{""self"":""https://fargounderground.com/wp-json/tribe/events/v1/tags/74"",""collection"":""https://fargounderground.com/wp-json/tribe/events/v1/tags""}},{""name"":""Music"",""slug"":""music"",""term_group"":0,""term_taxonomy_id"":29,""taxonomy"":""post_tag"",""description"":"""",""parent"":0,""count"":26,""filter"":""raw"",""id"":29,""urls"":{""self"":""https://fargounderground.com/wp-json/tribe/events/v1/tags/29"",""collection"":""https://fargounderground.com/wp-json/tribe/events/v1/tags""}}]","{""id"":148614,""global_id"":""fargounderground.com?id=148614"",""venue"":""Alibi Lounge"",""address"":""1340 21st Ave S"",""city"":""Fargo"",""province"":""ND"",""zip"":""58103"",""website"":""https://alibi-lounge.business.site/"",""phone"":""(701) 235-3141"",""url"":""https://fargounderground.com/venue/alibi-lounge/"",""geo_lat"":46.8463963,""geo_lng"":-96.8004683,""show_map"":false,""show_map_link"":false}","[{""id"":180416,""global_id"":""fargounderground.com?id=180416"",""organizer"":""D&amp;J Music + Karaoke"",""url"":""https://fargounderground.com/organizer/"",""website"":""https://djmusickaraoke.com/"",""phone"":""‪(701) 566-9525‬"",""email"":""info@djmusickaraoke.com""}]","Join us for another night of Saturday Night Madness including but not limited to drinks, music and gambling at The Alibi Lounge located inside the legendary Baymont Inn, South University Drive Fargo. Bring friends, make friends, and prepare yourself for a night to remember.",,"{""url"":""https://fargounderground.com/wp-content/uploads/2025/10/IMG_6023.jpeg"",""id"":278949,""extension"":""jpeg"",""width"":828,""height"":987}","{""_ecp_custom_2"":{""label"":""Region"",""value"":""Fargo""}}",false,false,,,2025-10-08 11:20:43,2025-10-08 16:20:43,true,true,,,
2026-09-30T20:20:26Z,fargounderground.com,https://fargounderground.com/wp-json/tribe/events/v1/events,95,10028914,fargounderground.com?id=10028914,Karaoke at Dempsey’s,2028-08-05 21:00:00,2028-08-06 02:00:00,2028-08-06 02:00:00,2028-08-06 07:00:00,America/Chicago,false,false,publish,https://fargounderground.com/event/karaoke-at-dempseys-59-2/2028-08-05/,,,Free,"{""currency_symbol"":""$"",""currency_code"":""USD"",""currency_position"":""prefix"",""values"":[""free""]}","[{""id"":368,""name"":""Karaoke"",""slug"":""karaoke"",""parent"":909}]",[],"{""id"":91157,""global_id"":""fargounderground.com?id=91157"",""venue"":""Dempsey’s Public House"",""address"":""226 Broadway N"",""city"":""Fargo"",""country"":""United States"",""province"":""ND"",""zip"":""58102"",""website"":""https://dempseysfargo.com/"",""url"":""https://fargounderground.com/venue/dempseys-public-house-2/"",""geo_lat"":46.8789764,""geo_lng"":-96.7882596,""show_map"":true,""show_map_link"":true}",[],"Dempsey’s has been named the Best Karaoke bar in Fargo for a reason! Sing your heart out during our FREE Karaoke night, every Tuesday and Saturday. It’s legendary!",,"{""url"":""https://fargounderground.com/wp-content/uploads/2022/11/karaoke-dempseys-0BUCH0.tmp_.png"",""id"":142666,""extension"":""png"",""width"":945,""height"":532}",[],false,false,,,2023-09-18 17:10:07,2023-09-18 22:10:07,false,false,,,
2026-09-30T20:20:26Z,fargounderground.com,https://fargounderground.com/wp-json/tribe/events/v1/events,96,10035126,fargounderground.com?id=10035126,Saturday Night Karaoke,2028-08-05 21:00:00,2028-08-06 02:00:00,2028-08-06 01:00:00,2028-08-06 06:00:00,America/Chicago,false,false,publish,https://fargounderground.com/event/saturday-night-karaoke/2028-08-05/,https://djtonyfalcon.com/events,,Free,"{""currency_symbol"":""$"",""currency_code"":""USD"",""currency_position"":""prefix"",""values"":[""0""]}","[{""id"":368,""name"":""Karaoke"",""slug"":""karaoke"",""parent"":909}]",[],"{""id"":148614,""global_id"":""fargounderground.com?id=148614"",""venue"":""Alibi Lounge"",""address"":""1340 21st Ave S"",""city"":""Fargo"",""province"":""ND"",""zip"":""58103"",""website"":""https://alibi-lounge.business.site/"",""phone"":""(701) 235-3141"",""url"":""https://fargounderground.com/venue/alibi-lounge/"",""geo_lat"":46.8463963,""geo_lng"":-96.8004683,""show_map"":false,""show_map_link"":false}","[{""id"":180416,""global_id"":""fargounderground.com?id=180416"",""organizer"":""D&amp;J Music + Karaoke"",""url"":""https://fargounderground.com/organizer/"",""website"":""https://djmusickaraoke.com/"",""phone"":""‪(701) 566-9525‬"",""email"":""info@djmusickaraoke.com""}]","Join DJ Tony Falcon for another night of Saturday Night Madness including but not limited to drinks, music and gambling at The Alibi Lounge located inside the legendary Baymont Inn, South University Drive Fargo. Bring friends, make friends, and prepare yourself for a night to remember. Mics are sanitized after every use.",,"{""url"":""https://fargounderground.com/wp-content/uploads/2024/01/417100139_860174092779522_3296353275171812107_n-jpg-webp.webp"",""id"":180465,""extension"":""webp"",""width"":960,""height"":556}","{""_ecp_custom_2"":{""label"":""Region"",""value"":""Fargo""}}",false,false,,,2025-08-24 12:42:10,2025-08-24 17:42:10,true,true,,,
2026-09-30T20:20:26Z,fargounderground.com,https://fargounderground.com/wp-json/tribe/events/v1/events,95,10029180,fargounderground.com?id=10029180,Vic’s Karaoke,2028-08-05 21:00:00,2028-08-06 02:00:00,2028-08-06 02:00:00,2028-08-06 07:00:00,America/Chicago,false,false,publish,https://fargounderground.com/event/vics-karaoke-2-2/2028-08-05/,,,Free,"{""currency_symbol"":""$"",""currency_code"":""USD"",""currency_position"":""prefix"",""values"":[""0""]}","[{""id"":368,""name"":""Karaoke"",""slug"":""karaoke"",""parent"":909}]",[],"{""id"":92621,""global_id"":""fargounderground.com?id=92621"",""venue"":""Vic&#8217;s Bar and Grill"",""address"":""1608 Main Avenue"",""city"":""Moorhead"",""country"":""United States"",""state"":""MN"",""zip"":""56560"",""phone"":""(218) 236-7714"",""url"":""https://fargounderground.com/venue/vics-lounge/"",""geo_lat"":46.8752849,""geo_lng"":-96.7729609,""show_map"":true,""show_map_link"":true}",[],"Join us Saturday nights at Vic’s for karaoke! The singing kicks off at 9 PM, but be sure to come early for the awesome specials!",,"{""url"":""https://fargounderground.com/wp-content/uploads/2023/09/429820599_908393177961600_6854180573421060203_n-jpg.webp"",""id"":189042,""extension"":""webp"",""width"":2048,""height"":1152}",[],false,false,,,2024-03-31 10:42:51,2024-03-31 15:42:51,false,false,,,
2026-09-30T20:20:26Z,fargounderground.com,https://fargounderground.com/wp-json/tribe/events/v1/events,96,10061356,fargounderground.com?id=10061356,Cosmic Bowling,2028-08-05 21:30:00,2028-08-06 02:30:00,2028-08-06 00:00:00,2028-08-06 05:00:00,America/Chicago,false,false,publish,https://fargounderground.com/event/cosmic-bowling/2028-08-05/,,,$15,"{""currency_symbol"":""$"",""currency_code"":""USD"",""currency_position"":""prefix"",""values"":[""15""]}","[{""id"":1298,""name"":""Active &amp; Social Events"",""slug"":""active-social-events"",""parent"":909},{""id"":374,""name"":""Families &amp; Kids"",""slug"":""families-kids"",""parent"":361}]",[],"{""id"":263439,""global_id"":""fargounderground.com?id=263439"",""venue"":""West Acres Bowl"",""address"":""3402 Interstate Blvd S"",""city"":""Fargo"",""country"":""United States"",""state"":""ND"",""zip"":""58103"",""phone"":""701-235-4437"",""url"":""https://fargounderground.com/venue/west-acres-bowl/"",""geo_lat"":46.8637495,""geo_lng"":-96.8363583,""show_map"":true,""show_map_link"":true}",[],"Get ready for an out-of-this-world experience at West Acres Bowl with Cosmic Bowling every Friday and Saturday night! 🌌 From 9:30 PM to Midnight, the lights go down and the blacklights turn up. Bowl to the rhythm of great music and enjoy a unique, high-energy atmosphere. Perfect for a night out with friends, a fun date, or a late-night family activity. No reservations are needed—just show up and get ready to glow!",,"{""url"":""https://fargounderground.com/wp-content/uploads/2025/09/Cosmic-Bowling.jpg"",""id"":263436,""extension"":""jpg"",""width"":2348,""height"":1536}","{""_ecp_custom_2"":{""label"":""Region"",""value"":""Fargo""}}",false,false,,,2025-09-07 11:39:17,2025-09-07 16:39:17,true,true,,,
2026-09-30T20:20:26Z,fargounderground.com,https://fargounderground.com/wp-json/tribe/events/v1/events,96,10039966,fargounderground.com?id=10039966,Karaoke at Rhombus Guys,2028-08-05 22:00:00,2028-08-06 03:00:00,2028-08-06 22:00:00,2028-08-07 03:00:00,America/Chicago,false,false,publish,https://fargounderground.com/event/karaoke-at-rhombus-guys/2028-08-05/,,,Free,"{""currency_symbol"":""$"",""currency_code"":"""",""currency_position"":""prefix"",""values"":[""0""]}","[{""id"":368,""name"":""Karaoke"",""slug"":""karaoke"",""parent"":909}]",[],"{""id"":45546,""global_id"":""fargounderground.com?id=45546"",""venue"":""Rhombus Guys Pizza"",""address"":""606 Main Ave"",""city"":""Fargo"",""country"":""United States"",""province"":""ND"",""zip"":""58103"",""url"":""https://fargounderground.com/venue/winter-pride-trivia-game-night/"",""geo_lat"":46.8740978,""geo_lng"":-96.7884067,""show_map"":true,""show_map_link"":true}",[],Free Karaoke every Saturday from 10pm to 1am with Khook Entertainment!,,"{""url"":""https://fargounderground.com/wp-content/uploads/2024/02/Facebook-Logo.png"",""id"":183987,""extension"":""png"",""width"":1000,""height"":1000}","{""_ecp_custom_2"":{""label"":""Region"",""value"":""Fargo""}}",false,false,,,2024-02-14 10:07:21,2024-02-14 16:07:21,true,true,,,
2026-09-30T20:20:26Z,fargounderground.com,https://fargounderground.com/wp-json/tribe/events/v1/events,96,10061878,fargounderground.com?id=10061878,Rock N Bowl,2028-08-05 22:00:00,2028-08-06 03:00:00,2028-08-06 00:00:00,2028-08-06 05:00:00,America/Chicago,false,false,publish,https://fargounderground.com/event/rock-n-bowl/2028-08-05/,https://bowlingsunset.com/rock-n-bowl,,$13,"{""currency_symbol"":""$"",""currency_code"":""USD"",""currency_position"":""prefix"",""values"":[""13""]}","[{""id"":1298,""name"":""Active &amp; Social Events"",""slug"":""active-social-events"",""parent"":909},{""id"":372,""name"":""Food &amp; Drink"",""slug"":""food-drink"",""parent"":0}]",[],"{""id"":146365,""global_id"":""fargounderground.com?id=146365"",""venue"":""Sunset Lanes"",""address"":""620 U.S. 75"",""city"":""Moorhead"",""country"":""United States"",""province"":""MN"",""state"":""MN"",""zip"":""56560"",""website"":""https://bowlingsunset.com/"",""url"":""https://fargounderground.com/venue/sunset-lanes/"",""geo_lat"":46.8818938,""geo_lng"":-96.7431497,""show_map"":true,""show_map_link"":true}",[],"$13 per person. Grab some friends and head over to Sunset Lanes for Rock N Bowl. Sunset Lanes has Qubica’s deckpin lighting and cap lighting. The bar and kitchen are open all night long, so enjoy some food and drinks while you bowl. This event is fun for all ages.",,"{""url"":""https://fargounderground.com/wp-content/uploads/2025/09/rsw_1240h_620cg_true.webp"",""id"":263442,""extension"":""webp"",""width"":1240,""height"":620}","{""_ecp_custom_2"":{""label"":""Region"",""value"":""Moorhead""}}",false,false,,,2025-09-07 11:45:40,2025-09-07 16:45:40,true,true,,,
2026-09-30T20:20:26Z,fargounderground.com,https://fargounderground.com/wp-json/tribe/events/v1/events,96,10034314,fargounderground.com?id=10034314,Open Mic,2028-08-06 18:00:00,2028-08-06 23:00:00,2028-08-06 22:00:00,2028-08-07 03:00:00,America/Chicago,false,false,publish,https://fargounderground.com/event/open-mic/2028-08-06/,,,Free,"{""currency_symbol"":""$"",""currency_code"":"""",""currency_position"":""prefix"",""values"":[""0""]}","[{""id"":360,""name"":""Live Music"",""slug"":""live-music"",""parent"":0},{""id"":369,""name"":""Open Mic &amp; Jam"",""slug"":""open-mic-jam"",""parent"":909}]",[],"{""id"":104370,""global_id"":""fargounderground.com?id=104370"",""venue"":""Cowboy Jack&#8217;s"",""address"":""506 Broadway"",""city"":""Fargo"",""province"":""ND"",""zip"":""58102"",""website"":""https://downtownfargo.com/venue/cowboy-jacks/"",""url"":""https://fargounderground.com/venue/cowboy-jacks/"",""geo_lat"":46.881414,""geo_lng"":-96.788091,""show_map"":true,""show_map_link"":true}",[],Live music and great food! Can’t wait to see you there!,,"{""url"":""https://fargounderground.com/wp-content/uploads/2023/12/410021949_813755527423771_7670712905895671685_n-jpg-webp.webp"",""id"":177707,""extension"":""webp"",""width"":526,""height"":526}","{""_ecp_custom_2"":{""label"":""Region"",""value"":""Fargo""}}",false,false,,,2023-12-11 09:39:16,2023-12-11 15:39:16,true,true,,,
2026-09-30T20:20:26Z,fargounderground.com,https://fargounderground.com/wp-json/tribe/events/v1/events,96,10049336,fargounderground.com?id=10049336,Monday Meetups for Adults,2028-08-07 18:00:00,2028-08-07 23:00:00,2028-08-07 20:00:00,2028-08-08 01:00:00,America/Chicago,false,false,publish,https://fargounderground.com/event/monday-meetups-for-adults/2028-08-07/,https://larl.org/mondaymeetup,,Free,"{""currency_symbol"":""$"",""currency_code"":""USD"",""currency_position"":""prefix"",""values"":[""0""]}","[{""id"":677,""name"":""Clubs &amp; Groups"",""slug"":""clubs-groups"",""parent"":361},{""id"":364,""name"":""Crafts &amp; Hobbies"",""slug"":""arts-crafts"",""parent"":428},{""id"":367,""name"":""Gaming &amp; Tabletop"",""slug"":""games"",""parent"":909},{""id"":429,""name"":""Literary Arts"",""slug"":""books-readings"",""parent"":428}]",[],"{""id"":91017,""global_id"":""fargounderground.com?id=91017"",""venue"":""Moorhead Public Library"",""address"":""118 5th St S"",""city"":""Moorhead"",""country"":""United States"",""province"":""MN"",""state"":""MN"",""zip"":""56560"",""website"":""https://larl.org/"",""phone"":""(218) 233-7594"",""url"":""https://fargounderground.com/venue/moorhead-public-library/"",""geo_lat"":46.873097,""geo_lng"":-96.771756,""show_map"":true,""show_map_link"":true}","[{""id"":186176,""global_id"":""fargounderground.com?id=186176"",""organizer"":""Moorhead Public Library"",""url"":""https://fargounderground.com/organizer/"",""website"":""https://larl.org/locations/moorhead/"",""phone"":""218-233-7594"",""email"":""mhreference@larl.org""}]","Meet up and chat with others with similar interests. Come with friends, or make some new ones! Refreshments will be provided. Check the calendar for updates – https://larl.org/mondaymeetup/ First Monday of the Month – Craft Connection Join us to get cozy, craft and chat! This is an opportunity to leave distractions behind and focus on your craft. Bring whatever project you are working on and meet up with other local crafters. You can share your expertise, learn from others or just enjoy some distraction-free time to yourself. Refreshments will be provided. Second Monday of the Month – Best Sellers Book Club Join the Moorhead Public Library’s Best Sellers Book Club and see what the buzz is about in the latest popular books! Third Monday of the Month – Game Night Join us to get cozy, play games, and chat! This is an opportunity to meet up with others who enjoy playing games. Come with friends, or make some new ones! Bring your favorite card or board game, or try one of ours! Refreshments will be provided. Fourth Monday of the Month – Silent Reading Club Join us at the Moorhead Library for quiet, sustained reading at our new Silent Book Club! All readers are welcome—ebooks or audiobooks, poetry or prose, fiction or non-fiction… it’s BYOBook. The library will provide comfortable seating and light refreshments. Fifth Monday of the Month – Guided Activity Join us each month for different activities lead by experts in their respective disciplines. Any needed supplies will be provided.",,"{""url"":""https://fargounderground.com/wp-content/uploads/2024/10/MHD-all-Monday-Meetups-2024-Website-Graphic-scaled-1.jpg"",""id"":257979,""extension"":""jpg"",""width"":2560,""height"":1440}","{""_ecp_custom_2"":{""label"":""Region"",""value"":""Moorhead""}}",false,false,,,2025-07-29 11:46:45,2025-07-29 16:46:45,true,true,,,
2026-09-30T20:20:26Z,fargounderground.com,https://fargounderground.com/wp-json/tribe/events/v1/events,96,10062588,fargounderground.com?id=10062588,Jazz Night at Sidestreet,2028-08-07 19:00:00,2028-08-08 00:00:00,2028-08-07 21:00:00,2028-08-08 02:00:00,America/Chicago,false,false,publish,https://fargounderground.com/event/jazz-night-at-sidestreet-2/2028-08-07/,https://www.fargopartyof3.com/sidestreet.html,,Free,"{""currency_symbol"":""$"",""currency_code"":""USD"",""currency_position"":""prefix"",""values"":[""0""]}","[{""id"":412,""name"":""Culture &amp; Heritage"",""slug"":""culture"",""parent"":428},{""id"":909,""name"":""Entertainment"",""slug"":""entertainment"",""parent"":0},{""id"":372,""name"":""Food &amp; Drink"",""slug"":""food-drink"",""parent"":0},{""id"":591,""name"":""Jazz &amp; Blues"",""slug"":""jazz-blues"",""parent"":360}]",[],"{""id"":93912,""global_id"":""fargounderground.com?id=93912"",""venue"":""SIdestreet Grille &#038; Pub"",""address"":""404 4th ave N"",""city"":""Fargo"",""province"":""ND"",""state"":""ND"",""zip"":""58102"",""website"":""https://downtownfargo.com/venue/sidestreet-grille-pub/"",""url"":""https://fargounderground.com/venue/sidestreet-grille-pub-3/"",""geo_lat"":46.8798407,""geo_lng"":-96.7849167,""show_map"":true,""show_map_link"":true}",[],"Start your week on a high note with Jazz Night at Sidestreet Grille & Pub! Every Monday from 7 to 9 p.m., the pub transforms into a cozy jazz club, featuring talented local musicians. Grab a seat, enjoy a delicious meal, and unwind with the smooth sounds of live jazz. It’s the perfect way to relax and appreciate the local music scene.",,"{""url"":""https://fargounderground.com/wp-content/uploads/2023/10/jazznights-2023aug-dec_orig-e1698696620909-0UgB44.tmp_-jpg-webp.webp"",""id"":174098,""extension"":""webp"",""width"":425,""height"":224}","{""_ecp_custom_2"":{""label"":""Region"",""value"":""Fargo""}}",false,false,,,2025-09-08 12:40:56,2025-09-08 17:40:56,true,true,,,
2026-09-30T20:20:26Z,fargounderground.com,https://fargounderground.com/wp-json/tribe/events/v1/events,96,10023959,fargounderground.com?id=10023959,Open Mic Night at Front Street Taproom,2028-08-07 20:00:00,2028-08-08 01:00:00,2028-08-07 23:00:00,2028-08-08 04:00:00,America/Chicago,false,false,publish,https://fargounderground.com/event/open-mic-night-at-front-street-taproom/2028-08-07/,https://www.facebook.com/events/638022304704240/638022361370901/,,Free,"{""currency_symbol"":"""",""currency_code"":"""",""currency_position"":"""",""values"":[""free""]}","[{""id"":360,""name"":""Live Music"",""slug"":""live-music"",""parent"":0},{""id"":369,""name"":""Open Mic &amp; Jam"",""slug"":""open-mic-jam"",""parent"":909}]","[{""name"":""downtown Fargo"",""slug"":""downtown-fargo"",""term_group"":0,""term_taxonomy_id"":49,""taxonomy"":""post_tag"",""description"":"""",""parent"":0,""count"":102,""filter"":""raw"",""id"":49,""urls"":{""self"":""https://fargounderground.com/wp-json/tribe/events/v1/tags/49"",""collection"":""https://fargounderground.com/wp-json/tribe/events/v1/tags""}},{""name"":""Fargo"",""slug"":""fargo"",""term_group"":0,""term_taxonomy_id"":240,""taxonomy"":""post_tag"",""description"":"""",""parent"":0,""count"":52,""filter"":""raw"",""id"":240,""urls"":{""self"":""https://fargounderground.com/wp-json/tribe/events/v1/tags/240"",""collection"":""https://fargounderground.com/wp-json/tribe/events/v1/tags""}},{""name"":""Live music"",""slug"":""live-music"",""term_group"":0,""term_taxonomy_id"":45,""taxonomy"":""post_tag"",""description"":"""",""parent"":0,""count"":81,""filter"":""raw"",""id"":45,""urls"":{""self"":""https://fargounderground.com/wp-json/tribe/events/v1/tags/45"",""collection"":""https://fargounderground.com/wp-json/tribe/events/v1/tags""}}]","{""id"":20933,""global_id"":""fargounderground.com?id=20933"",""venue"":""Front Street Taproom"",""address"":""614 Main Ave"",""city"":""Fargo"",""province"":""ND"",""state"":""ND"",""zip"":""58102"",""website"":""https://downtownfargo.com/venue/front-street-taproom/"",""url"":""https://fargounderground.com/venue/front-street-taproom-2/"",""geo_lat"":46.87428,""geo_lng"":-96.78883,""show_map"":true,""show_map_link"":true}",[],"Hosted by Travis Neros Every Monday at 8pm Come hangout and listen to live music, readings, and/or comedy! (If you’re wanting to sign-up come closer to the beginning, if you can)",,"{""url"":""https://fargounderground.com/wp-content/uploads/2023/01/339625439_693036622509731_7407905951526191323_n-jpg-webp.webp"",""id"":156207,""extension"":""webp"",""width"":1201,""height"":629}",[],false,false,,,2023-09-05 14:16:16,2023-09-05 19:16:16,true,true,,,
2026-09-30T20:20:26Z,fargounderground.com,https://fargounderground.com/wp-json/tribe/events/v1/events,96,10053506,fargounderground.com?id=10053506,Tea Time Tuesdays,2028-08-08 08:30:00,2028-08-08 13:30:00,2028-08-08 09:30:00,2028-08-08 14:30:00,America/Chicago,false,false,publish,https://fargounderground.com/event/tea-time-tuesdays/2028-08-08/,,,,"{""currency_symbol"":""$"",""currency_code"":""USD"",""currency_position"":""prefix"",""values"":[]}","[{""id"":649,""name"":""Business"",""slug"":""business"",""parent"":361}]",[],"{""id"":150796,""global_id"":""fargounderground.com?id=150796"",""venue"":""The Daily Dose Fargo"",""address"":""3223 13th Ave S"",""city"":""Fargo"",""country"":""United States"",""province"":""North Dakota"",""zip"":""58103"",""url"":""https://fargounderground.com/venue/the-daily-dose-fargo/"",""show_map"":true,""show_map_link"":true}",[],"Come and join us every Tuesday from 8:30-9:30am. Let’s connect, meet, network, caffeinate and reboot for the week! Networking is free and open to anyone willing to network!",,"{""url"":""https://fargounderground.com/wp-content/uploads/2023/02/326953771_5843143202437407_8499174753929495889_n-jpg-webp.webp"",""id"":150797,""extension"":""webp"",""width"":960,""height"":541}",[],false,false,,,2023-02-21 16:21:55,2023-02-21 22:21:55,false,false,,,
2026-09-30T20:20:26Z,fargounderground.com,https://fargounderground.com/wp-json/tribe/events/v1/events,96,10056391,fargounderground.com?id=10056391,Pickabob Grill & BBQ,2028-08-08 11:00:00,2028-08-08 16:00:00,2028-08-08 22:00:00,2028-08-09 03:00:00,America/Chicago,false,false,publish,https://fargounderground.com/event/pickabob-grill-bbq/2028-08-08/,,,,"{""currency_symbol"":""$"",""currency_code"":""USD"",""currency_position"":""prefix"",""values"":[]}","[{""id"":825,""name"":""Food Trucks"",""slug"":""food-trucks"",""parent"":372}]",[],"{""id"":160212,""global_id"":""fargounderground.com?id=160212"",""venue"":""Great Northern Park"",""address"":""425 Broadway N"",""city"":""Fargo"",""country"":""United States"",""province"":""North Dakota"",""zip"":""58102"",""url"":""https://fargounderground.com/venue/great-northern-park/"",""show_map"":true,""show_map_link"":true}",[],,,false,[],false,false,,,2023-06-16 10:57:07,2023-06-16 15:57:07,false,false,,,
2026-09-30T20:20:26Z,fargounderground.com,https://fargounderground.com/wp-json/tribe/events/v1/events,96,10026604,fargounderground.com?id=10026604,Suite Shots Trivia Night,2028-08-08 18:00:00,2028-08-08 23:00:00,2028-08-08 20:00:00,2028-08-09 01:00:00,America/Chicago,false,false,publish,https://fargounderground.com/event/suite-shots-trivia-night-9/2028-08-08/,,,Free,"{""currency_symbol"":""$"",""currency_code"":""USD"",""currency_position"":""prefix"",""values"":[""free""]}","[{""id"":370,""name"":""Trivia &amp; Bingo"",""slug"":""trivia"",""parent"":909}]",[],"{""id"":165649,""global_id"":""fargounderground.com?id=165649"",""venue"":""Suite Shots"",""address"":""3400 James Way S"",""city"":""Fargo"",""country"":""United States"",""province"":""ND"",""state"":""ND"",""zip"":""58104"",""website"":""https://suiteshots.com/venue/suite-shots/"",""phone"":""(701) 532-4653"",""url"":""https://fargounderground.com/venue/suite-shots/"",""geo_lat"":46.8072058,""geo_lng"":-96.8355331,""show_map"":true,""show_map_link"":true}",[],"Every Tuesday, showcase your vast knowledge (both useful & useless) & compete for fantastic Suite Shots prizes! 🏆 Join us at 6 pm for an evening of brain-teasing fun! 🧠💡 But before the trivia begins, don’t miss our Happy Hour from 3:30-6:30 pm. 🍻 PLUS, if you’re craving some delicious tacos, we’ve got you covered with $4 Walleye Tacos & $4 Specialty Tacos changed monthly. 🌮",,"{""url"":""https://fargounderground.com/wp-content/uploads/2023/09/359314893_753992756729627_4984377186369470435_n-jpg-webp.webp"",""id"":169720,""extension"":""webp"",""width"":1080,""height"":1080}",[],false,false,,,2024-05-15 16:02:56,2024-05-15 21:02:56,true,true,,,
2026-09-30T20:20:26Z,fargounderground.com,https://fargounderground.com/wp-json/tribe/events/v1/events,96,10042162,fargounderground.com?id=10042162,Tuesday Night Trivia at the Sidestreet,2028-08-08 19:00:00,2028-08-09 00:00:00,2028-08-08 21:00:00,2028-08-09 02:00:00,America/Chicago,false,false,publish,https://fargounderground.com/event/tuesday-night-trivia-at-the-sidestreet-2/2028-08-08/,,,Free,"{""currency_symbol"":""$"",""currency_code"":""USD"",""currency_position"":""prefix"",""values"":[""0""]}","[{""id"":370,""name"":""Trivia &amp; Bingo"",""slug"":""trivia"",""parent"":909}]",[],"{""id"":20005,""global_id"":""fargounderground.com?id=20005"",""venue"":""Sidestreet Grille &amp; Pub"",""address"":""404 4th Ave N"",""city"":""Fargo"",""country"":""United States"",""province"":""ND"",""state"":""ND"",""zip"":""58102-4810"",""website"":""https://www.facebook.com/SidestreetGrilleandPub/"",""url"":""https://fargounderground.com/venue/sidestreet-grille-pub/"",""geo_lat"":46.8798407,""geo_lng"":-96.7849167,""show_map"":true,""show_map_link"":true}",[],Hey There & Howdy Trivia Hounds! Tuesdays just got that much better with Two Lanterns Trivia at the Sidestreet in Downtown Fargo! Test your trivial knowledge for the chance to win FREE drinks or get ZONKED with everybody’s favorite Game-within-the-Game “WHAT’S IN THE BAG?!” Grand Prize Winners get a $20.00 GIFT CARD! Come on out…It’s sure to be a fun time!,,"{""url"":""https://fargounderground.com/wp-content/uploads/2023/04/340613979_592852209440315_7275928061751749308_n-jpg-webp.webp"",""id"":157565,""extension"":""webp"",""width"":1200,""height"":630}",[],false,false,,,2024-03-05 17:07:55,2024-03-05 23:07:55,false,false,,,
2026-09-30T20:20:26Z,fargounderground.com,https://fargounderground.com/wp-json/tribe/events/v1/events,96,10056179,fargounderground.com?id=10056179,Boss’ Comedy Club Open Mic,2028-08-08 20:00:00,2028-08-09 01:00:00,2028-08-08 23:00:00,2028-08-09 04:00:00,America/Chicago,false,false,publish,https://fargounderground.com/event/boss-comedy-club-open-mic-2/2028-08-08/,,,Free,"{""currency_symbol"":""$"",""currency_code"":""USD"",""currency_position"":""prefix"",""values"":[""0""]}","[{""id"":432,""name"":""Comedy"",""slug"":""comedy-arts-entertainment"",""parent"":909},{""id"":369,""name"":""Open Mic &amp; Jam"",""slug"":""open-mic-jam"",""parent"":909}]",[],"{""id"":144938,""global_id"":""fargounderground.com?id=144938"",""venue"":""Boss&#8217; Comedy Club Fargo"",""address"":""228 Broadway N"",""city"":""Fargo"",""country"":""United States"",""province"":""North Dakota"",""zip"":""58102"",""website"":""https://www.bosspizzaandchicken.com/"",""phone"":""(701) 997-2677"",""url"":""https://fargounderground.com/venue/boss-comedy-club-fargo/"",""show_map"":true,""show_map_link"":true}",[],Come out this Thursday and enjoy the areas best comedians work on their Material… For Free! Want to try stand-up comedy yourself? First Timers & New Comedians are always encouraged. While you’re here enjoy Boss’s Full Menu also available in the Comedy Club. Sign up at 7:30 pm. Show at 8 pm. All are welcome!,,"{""url"":""https://fargounderground.com/wp-content/uploads/2022/12/boss-comedy-club-jpg-webp.webp"",""id"":144939,""extension"":""webp"",""width"":1420,""height"":640}",[],false,false,,,2023-04-27 14:31:21,2023-04-27 19:31:21,false,false,,,
2026-09-30T20:20:26Z,fargounderground.com,https://fargounderground.com/wp-json/tribe/events/v1/events,96,10025265,fargounderground.com?id=10025265,Open Mic Comedy,2028-08-08 20:00:00,2028-08-09 01:00:00,2028-08-08 22:00:00,2028-08-09 03:00:00,America/Chicago,false,false,publish,https://fargounderground.com/event/open-mic-comedy-6/2028-08-08/,https://www.facebook.com/Bosscomedyclubfargo/,,,"{""currency_symbol"":"""",""currency_code"":"""",""currency_position"":""prefix"",""values"":[]}","[{""id"":432,""name"":""Comedy"",""slug"":""comedy-arts-entertainment"",""parent"":909},{""id"":369,""name"":""Open Mic &amp; Jam"",""slug"":""open-mic-jam"",""parent"":909}]",[],"{""id"":144938,""global_id"":""fargounderground.com?id=144938"",""venue"":""Boss&#8217; Comedy Club Fargo"",""address"":""228 Broadway N"",""city"":""Fargo"",""country"":""United States"",""province"":""North Dakota"",""zip"":""58102"",""website"":""https://www.bosspizzaandchicken.com/"",""phone"":""(701) 997-2677"",""url"":""https://fargounderground.com/venue/boss-comedy-club-fargo/"",""show_map"":true,""show_map_link"":true}",[],Open Mic Comedy at Boss’s Every Tuesday Night Try your hand on the stage for free! Sign up at 7:30 pm; Mic Starts at 8 pm,,"{""url"":""https://fargounderground.com/wp-content/uploads/2023/08/Boss-Comedy-Open-Mic-jpg-webp.webp"",""id"":168876,""extension"":""webp"",""width"":1420,""height"":640}",[],false,false,,,2023-09-05 14:26:50,2023-09-05 19:26:50,false,false,,,
2026-09-30T20:20:26Z,fargounderground.com,https://fargounderground.com/wp-json/tribe/events/v1/events,96,10028915,fargounderground.com?id=10028915,Karaoke at Dempsey’s,2028-08-08 21:00:00,2028-08-09 02:00:00,2028-08-09 02:00:00,2028-08-09 07:00:00,America/Chicago,false,false,publish,https://fargounderground.com/event/karaoke-at-dempseys-59-2/2028-08-08/,,,Free,"{""currency_symbol"":""$"",""currency_code"":""USD"",""currency_position"":""prefix"",""values"":[""free""]}","[{""id"":368,""name"":""Karaoke"",""slug"":""karaoke"",""parent"":909}]",[],"{""id"":91157,""global_id"":""fargounderground.com?id=91157"",""venue"":""Dempsey’s Public House"",""address"":""226 Broadway N"",""city"":""Fargo"",""country"":""United States"",""province"":""ND"",""zip"":""58102"",""website"":""https://dempseysfargo.com/"",""url"":""https://fargounderground.com/venue/dempseys-public-house-2/"",""geo_lat"":46.8789764,""geo_lng"":-96.7882596,""show_map"":true,""show_map_link"":true}",[],"Dempsey’s has been named the Best Karaoke bar in Fargo for a reason! Sing your heart out during our FREE Karaoke night, every Tuesday and Saturday. It’s legendary!",,"{""url"":""https://fargounderground.com/wp-content/uploads/2022/11/karaoke-dempseys-0BUCH0.tmp_.png"",""id"":142666,""extension"":""png"",""width"":945,""height"":532}",[],false,false,,,2023-09-18 17:10:07,2023-09-18 22:10:07,false,false,,,
2026-09-30T20:20:26Z,fargounderground.com,https://fargounderground.com/wp-json/tribe/events/v1/events,96,10056392,fargounderground.com?id=10056392,Pickabob Grill & BBQ,2028-08-09 11:00:00,2028-08-09 16:00:00,2028-08-09 22:00:00,2028-08-10 03:00:00,America/Chicago,false,false,publish,https://fargounderground.com/event/pickabob-grill-bbq/2028-08-09/,,,,"{""currency_symbol"":""$"",""currency_code"":""USD"",""currency_position"":""prefix"",""values"":[]}","[{""id"":825,""name"":""Food Trucks"",""slug"":""food-trucks"",""parent"":372}]",[],"{""id"":160212,""global_id"":""fargounderground.com?id=160212"",""venue"":""Great Northern Park"",""address"":""425 Broadway N"",""city"":""Fargo"",""country"":""United States"",""province"":""North Dakota"",""zip"":""58102"",""url"":""https://fargounderground.com/venue/great-northern-park/"",""show_map"":true,""show_map_link"":true}",[],,,false,[],false,false,,,2023-06-16 10:57:07,2023-06-16 15:57:07,false,false,,,
2026-09-30T20:20:26Z,fargounderground.com,https://fargounderground.com/wp-json/tribe/events/v1/events,96,10060419,fargounderground.com?id=10060419,Discount Skate Night,2028-08-09 18:00:00,2028-08-09 23:00:00,2028-08-09 20:00:00,2028-08-10 01:00:00,America/Chicago,false,false,publish,https://fargounderground.com/event/discount-skate-night/2028-08-09/,https://www.skatecitynd.com/2024/02/discount-night/,,$6,"{""currency_symbol"":""$"",""currency_code"":""USD"",""currency_position"":""prefix"",""values"":[""6""]}","[{""id"":1298,""name"":""Active &amp; Social Events"",""slug"":""active-social-events"",""parent"":909},{""id"":374,""name"":""Families &amp; Kids"",""slug"":""families-kids"",""parent"":361}]",[],"{""id"":145039,""global_id"":""fargounderground.com?id=145039"",""venue"":""Skate City ND"",""address"":""3302 Interstate Blvd S"",""city"":""Fargo"",""country"":""United States"",""province"":""North Dakota"",""zip"":""58103"",""website"":""skatecitynd.com"",""phone"":""(701) 235-0555"",""url"":""https://fargounderground.com/venue/skate-city-nd/"",""show_map"":true,""show_map_link"":true}",[],"Catering to families and skaters of all ages and skill levels. Join us for a midweek session with discounted admission! Just $6 per skater, plus $4.00 skate rental if needed. Family Night Out Discount Night is a great way to get some midweek fun for the whole family at a great rate. Bring friends and extended family for good music, games and food! Groups & Clubs Whether you’re in a college club, book club or sports team, our group rates can’t be beaten! Reserve your group of 15 or more skaters at get admission for $6 per skater, which includes choice of rental! Daycares & Youth Groups Skating is a great way to get your daycare or youth group out for a night of fun! This midweek session is a great opportunity. Reserve a group of 15 or more and get our group rates – just $6 per skater, which includes choice of skate rental! Groups also get our meal deal (hotdogs, chips, and small drink) for just $5 per skater.",,"{""url"":""https://fargounderground.com/wp-content/uploads/2025/09/Discount-Skate-TV-Slide.png"",""id"":263371,""extension"":""png"",""width"":1920,""height"":1080}","{""_ecp_custom_2"":{""label"":""Region"",""value"":""Fargo""}}",false,false,,,2025-09-06 19:23:30,2025-09-07 00:23:30,true,true,,,
2026-09-30T20:20:26Z,fargounderground.com,https://fargounderground.com/wp-json/tribe/events/v1/events,96,10054506,fargounderground.com?id=10054506,Taco Night and Bingo!,2028-08-09 18:00:00,2028-08-09 23:00:00,2028-08-09 20:00:00,2028-08-10 01:00:00,America/Chicago,false,false,publish,https://fargounderground.com/event/taco-night-and-bingo-31/2028-08-09/,,,Free,"{""currency_symbol"":""$"",""currency_code"":""USD"",""currency_position"":""prefix"",""values"":[""0""]}","[{""id"":372,""name"":""Food &amp; Drink"",""slug"":""food-drink"",""parent"":0},{""id"":370,""name"":""Trivia &amp; Bingo"",""slug"":""trivia"",""parent"":909}]",[],"{""id"":91157,""global_id"":""fargounderground.com?id=91157"",""venue"":""Dempsey’s Public House"",""address"":""226 Broadway N"",""city"":""Fargo"",""country"":""United States"",""province"":""ND"",""zip"":""58102"",""website"":""https://dempseysfargo.com/"",""url"":""https://fargounderground.com/venue/dempseys-public-house-2/"",""geo_lat"":46.8789764,""geo_lng"":-96.7882596,""show_map"":true,""show_map_link"":true}",[],Play FREE Bingo from 6 – 8pm! Get $1 Tacos from 4 – 9pm!,,"{""url"":""https://fargounderground.com/wp-content/uploads/2022/11/taco-night-dempseys-dhBTti.tmp_.png"",""id"":142669,""extension"":""png"",""width"":945,""height"":532}",[],false,false,,,2023-03-28 17:45:42,2023-03-28 22:45:42,false,false,,,
2026-09-30T20:20:26Z,fargounderground.com,https://fargounderground.com/wp-json/tribe/events/v1/events,96,10028400,fargounderground.com?id=10028400,Harold’s Karaoke Party,2028-08-09 20:00:00,2028-08-10 01:00:00,2028-08-10 01:00:00,2028-08-10 06:00:00,America/Chicago,false,false,publish,https://fargounderground.com/event/harolds-karaoke-party-2/2028-08-09/,,,Free,"{""currency_symbol"":""$"",""currency_code"":""USD"",""currency_position"":""prefix"",""values"":[""0""]}","[{""id"":368,""name"":""Karaoke"",""slug"":""karaoke"",""parent"":909}]",[],"{""id"":146111,""global_id"":""fargounderground.com?id=146111"",""venue"":""Harold&#8217;s on Main"",""address"":""1330 Main Ave"",""city"":""Moorhead"",""country"":""United States"",""province"":""MN"",""zip"":""56560"",""website"":""https://www.facebook.com/HaroldsOnMain/"",""phone"":""(218) 233-3477"",""url"":""https://fargounderground.com/venue/harolds-on-main-2/"",""geo_lat"":46.8748909,""geo_lng"":-96.8000869,""show_map"":true,""show_map_link"":true}",[],✨🎤 HARAOKE – Karaoke at Harold’s! Every Wednesday at 8pm 🎤✨,,"{""url"":""https://fargounderground.com/wp-content/uploads/2023/04/harolds-karaoke-jpg-webp.webp"",""id"":156209,""extension"":""webp"",""width"":1920,""height"":1080}",[],false,false,,,2023-09-18 17:09:27,2023-09-18 22:09:27,false,false,,,
2026-09-30T20:20:26Z,fargounderground.com,https://fargounderground.com/wp-json/tribe/events/v1/events,96,10067762,fargounderground.com?id=10067762,Open Mic Comedy in the Cellar,2028-08-09 20:00:00,2028-08-10 01:00:00,2028-08-09 21:30:00,2028-08-10 02:30:00,America/Chicago,false,false,publish,https://fargounderground.com/event/open-mic-comedy-in-the-cellar-3/2028-08-09/,,,Free,"{""currency_symbol"":""$"",""currency_code"":""USD"",""currency_position"":""prefix"",""values"":[""0""]}","[{""id"":432,""name"":""Comedy"",""slug"":""comedy-arts-entertainment"",""parent"":909},{""id"":359,""name"":""Nightlife"",""slug"":""nightlife"",""parent"":909},{""id"":369,""name"":""Open Mic &amp; Jam"",""slug"":""open-mic-jam"",""parent"":909}]","[{""name"":""Comedy"",""slug"":""comedy"",""term_group"":0,""term_taxonomy_id"":310,""taxonomy"":""post_tag"",""description"":"""",""parent"":0,""count"":86,""filter"":""raw"",""id"":310,""urls"":{""self"":""https://fargounderground.com/wp-json/tribe/events/v1/tags/310"",""collection"":""https://fargounderground.com/wp-json/tribe/events/v1/tags""}}]","{""id"":121817,""global_id"":""fargounderground.com?id=121817"",""venue"":""The Cellar Comedy Club"",""address"":""614 Main Ave"",""city"":""Fargo"",""country"":""United States"",""province"":""ND"",""state"":""ND"",""zip"":""58103"",""website"":""https://www.fargomoorhead.org/venue/the-cellar-comedy-club/"",""url"":""https://fargounderground.com/venue/the-cellar-comedy-club/"",""geo_lat"":46.8741865,""geo_lng"":-96.7888348,""show_map"":true,""show_map_link"":true}","[{""id"":189866,""global_id"":""fargounderground.com?id=189866"",""organizer"":""The Cellar Comedy Club"",""url"":""https://fargounderground.com/organizer/"",""website"":""https://www.frontstreettaproom.com/comedyinthecellar"",""phone"":""(701) 566-7226"",""email"":""frontstreettaproom@gmail.com""}]","Open Mic Comedy Every Wednesday Night Doors open at 7pm Sign-up at 7:30pm Show starts at 8pm Up to 25 Comedians 3 or 5 Minute Sets Free Event No Ticket Required 21+ STAGE TIME IS NOT GUARANTEED Comedy in the Cellar Underground Comedy Club Below Front Street Taproom Downtown Fargo, ND",,"{""url"":""https://fargounderground.com/wp-content/uploads/2025/11/Open-Mic-Comedy-Cover.jpg"",""id"":284169,""extension"":""jpg"",""width"":2000,""height"":2000}","{""_ecp_custom_2"":{""label"":""Region"",""value"":""Fargo""}}",false,false,,,2025-11-13 12:49:52,2025-11-13 18:49:52,true,true,,,
2026-09-30T20:20:26Z,fargounderground.com,https://fargounderground.com/wp-json/tribe/events/v1/events,96,10056393,fargounderground.com?id=10056393,Pickabob Grill & BBQ,2028-08-10 11:00:00,2028-08-10 16:00:00,2028-08-10 22:00:00,2028-08-11 03:00:00,America/Chicago,false,false,publish,https://fargounderground.com/event/pickabob-grill-bbq/2028-08-10/,,,,"{""currency_symbol"":""$"",""currency_code"":""USD"",""currency_position"":""prefix"",""values"":[]}","[{""id"":825,""name"":""Food Trucks"",""slug"":""food-trucks"",""parent"":372}]",[],"{""id"":160212,""global_id"":""fargounderground.com?id=160212"",""venue"":""Great Northern Park"",""address"":""425 Broadway N"",""city"":""Fargo"",""country"":""United States"",""province"":""North Dakota"",""zip"":""58102"",""url"":""https://fargounderground.com/venue/great-northern-park/"",""show_map"":true,""show_map_link"":true}",[],,,false,[],false,false,,,2023-06-16 10:57:07,2023-06-16 15:57:07,false,false,,,
2026-09-30T20:20:26Z,fargounderground.com,https://fargounderground.com/wp-json/tribe/events/v1/events,96,10054861,fargounderground.com?id=10054861,Free Dog Night and Rock & Roll Bingo!,2028-08-10 18:00:00,2028-08-10 23:00:00,2028-08-10 20:00:00,2028-08-11 01:00:00,America/Chicago,false,false,publish,https://fargounderground.com/event/free-dog-night-and-rock-roll-bingo-31/2028-08-10/,,,Free,"{""currency_symbol"":""$"",""currency_code"":""USD"",""currency_position"":""prefix"",""values"":[""0""]}","[{""id"":372,""name"":""Food &amp; Drink"",""slug"":""food-drink"",""parent"":0},{""id"":370,""name"":""Trivia &amp; Bingo"",""slug"":""trivia"",""parent"":909}]",[],"{""id"":91157,""global_id"":""fargounderground.com?id=91157"",""venue"":""Dempsey’s Public House"",""address"":""226 Broadway N"",""city"":""Fargo"",""country"":""United States"",""province"":""ND"",""zip"":""58102"",""website"":""https://dempseysfargo.com/"",""url"":""https://fargounderground.com/venue/dempseys-public-house-2/"",""geo_lat"":46.8789764,""geo_lng"":-96.7882596,""show_map"":true,""show_map_link"":true}",[],Play FREE Rock & Roll Bingo from 6 – 8pm! Get FREE Hot Dogs from 4 – 9pm!,,"{""url"":""https://fargounderground.com/wp-content/uploads/2022/11/hot-dog-night-tO0mPR.tmp_.png"",""id"":142672,""extension"":""png"",""width"":945,""height"":532}",[],false,false,,,2023-03-28 17:49:54,2023-03-28 22:49:54,false,false,,,
2026-09-30T20:20:26Z,fargounderground.com,https://fargounderground.com/wp-json/tribe/events/v1/events,96,10050480,fargounderground.com?id=10050480,Monthly Talent Night,2028-08-10 18:00:00,2028-08-10 23:00:00,2028-08-10 20:00:00,2028-08-11 01:00:00,America/Chicago,false,false,publish,https://fargounderground.com/event/monthly-talent-night-2/2028-08-10/,https://square.link/u/G5ynSV9R,,$5,"{""currency_symbol"":""$"",""currency_code"":""USD"",""currency_position"":""prefix"",""values"":[""5""]}","[{""id"":428,""name"":""Arts &amp; Culture"",""slug"":""arts-culture"",""parent"":0},{""id"":361,""name"":""Community &amp; Civic"",""slug"":""community"",""parent"":0},{""id"":369,""name"":""Open Mic &amp; Jam"",""slug"":""open-mic-jam"",""parent"":909}]",[],"{""id"":157543,""global_id"":""fargounderground.com?id=157543"",""venue"":""Parachigo"",""address"":""14 8th St S"",""city"":""Fargo"",""country"":""United States"",""province"":""Cass County"",""state"":""ND"",""zip"":""58103"",""website"":""https://parachigo.square.site/"",""url"":""https://fargounderground.com/venue/parachigo/"",""geo_lat"":46.8767742,""geo_lng"":-96.7882356,""show_map"":true,""show_map_link"":true}","[{""id"":176261,""global_id"":""fargounderground.com?id=176261"",""organizer"":""Parachigo Artists Collective"",""url"":""https://fargounderground.com/organizer/"",""website"":""https://www.instagram.com/parachigo4""}]","Our monthly event where you can watch new talent, sign up to perform, and we can all have an intimate little performance in the space. $5 recommended but as always, NOTAFLOF",,"{""url"":""https://fargounderground.com/wp-content/uploads/2025/01/Untitled-1-20-1.png"",""id"":212136,""extension"":""png"",""width"":1080,""height"":1080}","{""_ecp_custom_2"":{""label"":""Region"",""value"":""Fargo""}}",false,false,,,2025-02-12 13:10:30,2025-02-12 19:10:30,true,true,,,
2026-09-30T20:20:26Z,fargounderground.com,https://fargounderground.com/wp-json/tribe/events/v1/events,96,10052553,fargounderground.com?id=10052553,Full Circle Open Mic,2028-08-10 19:00:00,2028-08-11 00:00:00,2028-08-10 22:00:00,2028-08-11 03:00:00,America/Chicago,false,false,publish,https://fargounderground.com/event/full-circle-open-mic/2028-08-10/,,,Free,"{""currency_symbol"":""$"",""currency_code"":""USD"",""currency_position"":""prefix"",""values"":[""0""]}","[{""id"":369,""name"":""Open Mic &amp; Jam"",""slug"":""open-mic-jam"",""parent"":909}]",[],"{""id"":144429,""global_id"":""fargounderground.com?id=144429"",""venue"":""Black Coffee and Waffle Bar Fargo"",""address"":""550 2nd Ave N"",""city"":""Fargo"",""country"":""United States"",""province"":""North Dakota"",""zip"":""58102"",""website"":""https://blackcoffeeandwaffle.com/"",""phone"":""701-566-8749"",""url"":""https://fargounderground.com/venue/black-coffee-and-waffle-bar-fargo/"",""show_map"":true,""show_map_link"":true}",[],"Every Thursday is open mic night! Come out and tell a few jokes, sing your heart out, or read poetry. Hosted at Black Coffee and Waffle bar in downtown Fargo, ND.",,"{""url"":""https://fargounderground.com/wp-content/uploads/2022/12/314756703_10228005485586320_4750178534703107090_n-jpg-webp.webp"",""id"":144430,""extension"":""webp"",""width"":1800,""height"":1200}",[],false,false,,,2023-01-20 12:43:36,2023-01-20 18:43:36,false,false,,,
2026-09-30T20:20:26Z,fargounderground.com,https://fargounderground.com/wp-json/tribe/events/v1/events,96,10033208,fargounderground.com?id=10033208,Open Mic Poetry Night,2028-08-10 19:00:00,2028-08-11 00:00:00,2028-08-10 21:00:00,2028-08-11 02:00:00,America/Chicago,false,false,publish,https://fargounderground.com/event/open-mic-poetry-night/2028-08-10/,,,,"{""currency_symbol"":""$"",""currency_code"":""USD"",""currency_position"":""prefix"",""values"":[]}","[{""id"":412,""name"":""Culture &amp; Heritage"",""slug"":""culture"",""parent"":428},{""id"":429,""name"":""Literary Arts"",""slug"":""books-readings"",""parent"":428},{""id"":369,""name"":""Open Mic &amp; Jam"",""slug"":""open-mic-jam"",""parent"":909},{""id"":433,""name"":""Speakers &amp; Programs"",""slug"":""speakers-programs"",""parent"":409}]",[],"{""id"":157543,""global_id"":""fargounderground.com?id=157543"",""venue"":""Parachigo"",""address"":""14 8th St S"",""city"":""Fargo"",""country"":""United States"",""province"":""Cass County"",""state"":""ND"",""zip"":""58103"",""website"":""https://parachigo.square.site/"",""url"":""https://fargounderground.com/venue/parachigo/"",""geo_lat"":46.8767742,""geo_lng"":-96.7882356,""show_map"":true,""show_map_link"":true}",[],"Every 2nd Thursday of the Month Come any come all — we would love to hear your voice! Read whatever you’d like – poems, short stories, essays – your own or others. Our doors are open to you for this free event! Come share your thoughts, words, and an intimate evening with strangers and friends. About the Host: *Ren Gay’s work has been featured in Anti-Heroin Chic, Quail Bell, Rag Queens, Déraciné Magazine, Gramma Poetry, FreezeRay Poetry, Rising Phoenix Review as well as the anthology What Keeps Us Here.",,"{""url"":""https://fargounderground.com/wp-content/uploads/2023/11/396743881_266616889670435_6823622121147855100_n-jpg-webp.webp"",""id"":176406,""extension"":""webp"",""width"":1078,""height"":589}",[],false,false,,,2025-08-19 14:56:01,2025-08-19 19:56:01,true,true,,,
2026-09-30T20:20:26Z,fargounderground.com,https://fargounderground.com/wp-json/tribe/events/v1/events,96,10025677,fargounderground.com?id=10025677,Thursday Night Trivia at Downtown Fargo VFW,2028-08-10 19:00:00,2028-08-11 00:00:00,2028-08-10 21:00:00,2028-08-11 02:00:00,America/Chicago,false,false,publish,https://fargounderground.com/event/thursday-night-trivia-at-downtown-fargo-vfw-2/2028-08-10/,,,,"{""currency_symbol"":""$"",""currency_code"":""USD"",""currency_position"":""prefix"",""values"":[]}","[{""id"":370,""name"":""Trivia &amp; Bingo"",""slug"":""trivia"",""parent"":909}]",[],"{""id"":49586,""global_id"":""fargounderground.com?id=49586"",""venue"":""Fargo VFW Club, Post 762"",""address"":""202 Broadway N"",""city"":""Fargo"",""country"":""United States"",""province"":""ND"",""zip"":""58102"",""website"":""https://www.fargomoorhead.org/venue/fargo-vfw-club-post-762/"",""url"":""https://fargounderground.com/venue/vfw-coors-light-chili-cookoff/"",""geo_lat"":46.8781689,""geo_lng"":-96.7881193,""show_map"":true,""show_map_link"":true}",[],Looking for some fun on a Thursday night? Look no further than the Downtown Fargo VFW! Here’s what to look forward to: *FREE to Play! *Win FREE Drinks or Get Zonked with “WHAT’S IN THE BAG?!” *Paper Airline Contest at the End of Every Game! Come out…Bring your friends…And join in the fun!,,"{""url"":""https://fargounderground.com/wp-content/uploads/2023/04/340653856_254607436910250_5743893530831022969_n-jpg-webp.webp"",""id"":157568,""extension"":""webp"",""width"":1920,""height"":1005}",[],false,false,,,2023-09-05 14:45:31,2023-09-05 19:45:31,false,false,,,
2026-09-30T20:20:26Z,fargounderground.com,https://fargounderground.com/wp-json/tribe/events/v1/events,96,10043011,fargounderground.com?id=10043011,Belly Dance for Beginners,2028-08-10 19:30:00,2028-08-11 00:30:00,2028-08-10 20:30:00,2028-08-11 01:30:00,America/Chicago,false,false,publish,https://fargounderground.com/event/belly-dance-for-beginners/2028-08-10/,https://facebook.com/mindakbellydance,,$10,"{""currency_symbol"":""$"",""currency_code"":"""",""currency_position"":""prefix"",""values"":[""10""]}","[{""id"":362,""name"":""Classes &amp; Workshops"",""slug"":""classes-workshops"",""parent"":409},{""id"":412,""name"":""Culture &amp; Heritage"",""slug"":""culture"",""parent"":428},{""id"":569,""name"":""Fitness &amp; Yoga"",""slug"":""fitness-yoga"",""parent"":897}]",[],"{""id"":100299,""global_id"":""fargounderground.com?id=100299"",""venue"":""FM Aerial &amp; Movement Arts"",""address"":""508 Oak St. N Suite A"",""city"":""Fargo, ND"",""state"":""ND"",""zip"":""58102"",""website"":""fmaerial.com"",""phone"":""7012033448"",""url"":""https://fargounderground.com/venue/fm-aerial-movement-arts/"",""geo_lat"":46.88134,""geo_lng"":-96.779159,""show_map"":true,""show_map_link"":true}",[],"MinDak Belly Dance teaches belly dance classes in the Fargo-Moorhead area. Beginning belly dance teaches the foundations of Middle Eastern dance. You will learn belly dance posture and movements including shimmys, isolations, hip bumps, and more! No experience necessary! $10 cash at the door $10 coin belts available for purchase to enhance your dance! We meet weekly at FM AERIAL MOVEMENT ARTS 508 Oak St N Fargo EVERY Thursday from 7:30 pm-8:30 pm",,"{""url"":""https://fargounderground.com/wp-content/uploads/2023/06/MDBD-FLYER-jpg.webp"",""id"":188808,""extension"":""webp"",""width"":695,""height"":900}","{""_ecp_custom_2"":{""label"":""Region"",""value"":""Fargo""}}",false,false,,,2024-03-28 14:09:15,2024-03-28 19:09:15,true,true,,,
2026-09-30T20:20:26Z,fargounderground.com,https://fargounderground.com/wp-json/tribe/events/v1/events,96,10062249,fargounderground.com?id=10062249,College Night Bowling,2028-08-10 22:00:00,2028-08-11 03:00:00,2028-08-11 00:00:00,2028-08-11 05:00:00,America/Chicago,false,false,publish,https://fargounderground.com/event/college-night-bowling/2028-08-10/,,,$8,"{""currency_symbol"":""$"",""currency_code"":""USD"",""currency_position"":""prefix"",""values"":[""8""]}","[{""id"":1298,""name"":""Active &amp; Social Events"",""slug"":""active-social-events"",""parent"":909},{""id"":408,""name"":""College Events"",""slug"":""college-events"",""parent"":361},{""id"":372,""name"":""Food &amp; Drink"",""slug"":""food-drink"",""parent"":0}]",[],"{""id"":146365,""global_id"":""fargounderground.com?id=146365"",""venue"":""Sunset Lanes"",""address"":""620 U.S. 75"",""city"":""Moorhead"",""country"":""United States"",""province"":""MN"",""state"":""MN"",""zip"":""56560"",""website"":""https://bowlingsunset.com/"",""url"":""https://fargounderground.com/venue/sunset-lanes/"",""geo_lat"":46.8818938,""geo_lng"":-96.7431497,""show_map"":true,""show_map_link"":true}",[],"Grab your friends for a night you’ll never forget (well, maybe…..)! $8 all-you-can-bowl from 10 pm to midnight. Mug specials on adult beverages! Get a pizza, drinks, a bowl, and play in the arcade – it doesn’t get any better than that!",,"{""url"":""https://fargounderground.com/wp-content/uploads/2025/09/crw_1240h_620.webp"",""id"":263446,""extension"":""webp"",""width"":1240,""height"":620}","{""_ecp_custom_2"":{""label"":""Region"",""value"":""Moorhead""}}",false,false,,,2025-09-07 12:02:55,2025-09-07 17:02:55,true,true,,,
2026-09-30T20:20:26Z,fargounderground.com,https://fargounderground.com/wp-json/tribe/events/v1/events,96,10056687,fargounderground.com?id=10056687,Pickabob Grill & BBQ,2028-08-11 11:00:00,2028-08-11 16:00:00,2028-08-12 02:30:00,2028-08-12 07:30:00,America/Chicago,false,false,publish,https://fargounderground.com/event/pickabob-grill-bbq-2/2028-08-11/,,,,"{""currency_symbol"":""$"",""currency_code"":""USD"",""currency_position"":""prefix"",""values"":[]}","[{""id"":825,""name"":""Food Trucks"",""slug"":""food-trucks"",""parent"":372}]",[],"{""id"":160212,""global_id"":""fargounderground.com?id=160212"",""venue"":""Great Northern Park"",""address"":""425 Broadway N"",""city"":""Fargo"",""country"":""United States"",""province"":""North Dakota"",""zip"":""58102"",""url"":""https://fargounderground.com/venue/great-northern-park/"",""show_map"":true,""show_map_link"":true}",[],,,false,[],false,false,,,2023-06-16 10:56:57,2023-06-16 15:56:57,false,false,,,
2026-09-30T20:20:26Z,fargounderground.com,https://fargounderground.com/wp-json/tribe/events/v1/events,96,10060158,fargounderground.com?id=10060158,Glow Skate Night,2028-08-11 20:00:00,2028-08-12 01:00:00,2028-08-11 22:00:00,2028-08-12 03:00:00,America/Chicago,false,false,publish,https://fargounderground.com/event/glow-skate-night/2028-08-11/,https://www.skatecitynd.com/2025/07/7334/,,$10,"{""currency_symbol"":""$"",""currency_code"":""USD"",""currency_position"":""prefix"",""values"":[""10""]}","[{""id"":1298,""name"":""Active &amp; Social Events"",""slug"":""active-social-events"",""parent"":909},{""id"":374,""name"":""Families &amp; Kids"",""slug"":""families-kids"",""parent"":361}]",[],"{""id"":145039,""global_id"":""fargounderground.com?id=145039"",""venue"":""Skate City ND"",""address"":""3302 Interstate Blvd S"",""city"":""Fargo"",""country"":""United States"",""province"":""North Dakota"",""zip"":""58103"",""website"":""skatecitynd.com"",""phone"":""(701) 235-0555"",""url"":""https://fargounderground.com/venue/skate-city-nd/"",""show_map"":true,""show_map_link"":true}",[],"This nighttime session brings a great atmosphere with good music to skate to, games, a blackout skate and glow sticks! Every paid skater gets a FREE GLOW STICK! Blackout Skate For a portion of the session, we will black out the rink and side aisle lighting. While there is still enough visibility to navigate the skating floor, the darker environment creates a concert-style atmosphere. When coupled with our glow products, this elevates and enhances your skating experience! Glow Sticks Get a FREE glow stick for every paid skater! We want everyone to enjoy the glow night and create a fun, glowing atmosphere, so we provide every paid skater with a glow stick on us! Great Music & Games We pick great music for dancing and skating for this Friday night session. Nothing pairs with specialty lights and blackout skates like songs with a good rhythm!",,"{""url"":""https://fargounderground.com/wp-content/uploads/2025/09/Glow-Skate-TV.png"",""id"":263362,""extension"":""png"",""width"":1920,""height"":1080}","{""_ecp_custom_2"":{""label"":""Region"",""value"":""Fargo""}}",false,false,,,2025-09-06 19:10:31,2025-09-07 00:10:31,true,true,,,
2026-09-30T20:20:26Z,fargounderground.com,https://fargounderground.com/wp-json/tribe/events/v1/events,96,10061357,fargounderground.com?id=10061357,Cosmic Bowling,2028-08-11 21:30:00,2028-08-12 02:30:00,2028-08-12 00:00:00,2028-08-12 05:00:00,America/Chicago,false,false,publish,https://fargounderground.com/event/cosmic-bowling/2028-08-11/,,,$15,"{""currency_symbol"":""$"",""currency_code"":""USD"",""currency_position"":""prefix"",""values"":[""15""]}","[{""id"":1298,""name"":""Active &amp; Social Events"",""slug"":""active-social-events"",""parent"":909},{""id"":374,""name"":""Families &amp; Kids"",""slug"":""families-kids"",""parent"":361}]",[],"{""id"":263439,""global_id"":""fargounderground.com?id=263439"",""venue"":""West Acres Bowl"",""address"":""3402 Interstate Blvd S"",""city"":""Fargo"",""country"":""United States"",""state"":""ND"",""zip"":""58103"",""phone"":""701-235-4437"",""url"":""https://fargounderground.com/venue/west-acres-bowl/"",""geo_lat"":46.8637495,""geo_lng"":-96.8363583,""show_map"":true,""show_map_link"":true}",[],"Get ready for an out-of-this-world experience at West Acres Bowl with Cosmic Bowling every Friday and Saturday night! 🌌 From 9:30 PM to Midnight, the lights go down and the blacklights turn up. Bowl to the rhythm of great music and enjoy a unique, high-energy atmosphere. Perfect for a night out with friends, a fun date, or a late-night family activity. No reservations are needed—just show up and get ready to glow!",,"{""url"":""https://fargounderground.com/wp-content/uploads/2025/09/Cosmic-Bowling.jpg"",""id"":263436,""extension"":""jpg"",""width"":2348,""height"":1536}","{""_ecp_custom_2"":{""label"":""Region"",""value"":""Fargo""}}",false,false,,,2025-09-07 11:39:17,2025-09-07 16:39:17,true,true,,,
2026-09-30T20:20:26Z,fargounderground.com,https://fargounderground.com/wp-json/tribe/events/v1/events,96,10061879,fargounderground.com?id=10061879,Rock N Bowl,2028-08-11 22:00:00,2028-08-12 03:00:00,2028-08-12 00:00:00,2028-08-12 05:00:00,America/Chicago,false,false,publish,https://fargounderground.com/event/rock-n-bowl/2028-08-11/,https://bowlingsunset.com/rock-n-bowl,,$13,"{""currency_symbol"":""$"",""currency_code"":""USD"",""currency_position"":""prefix"",""values"":[""13""]}","[{""id"":1298,""name"":""Active &amp; Social Events"",""slug"":""active-social-events"",""parent"":909},{""id"":372,""name"":""Food &amp; Drink"",""slug"":""food-drink"",""parent"":0}]",[],"{""id"":146365,""global_id"":""fargounderground.com?id=146365"",""venue"":""Sunset Lanes"",""address"":""620 U.S. 75"",""city"":""Moorhead"",""country"":""United States"",""province"":""MN"",""state"":""MN"",""zip"":""56560"",""website"":""https://bowlingsunset.com/"",""url"":""https://fargounderground.com/venue/sunset-lanes/"",""geo_lat"":46.8818938,""geo_lng"":-96.7431497,""show_map"":true,""show_map_link"":true}",[],"$13 per person. Grab some friends and head over to Sunset Lanes for Rock N Bowl. Sunset Lanes has Qubica’s deckpin lighting and cap lighting. The bar and kitchen are open all night long, so enjoy some food and drinks while you bowl. This event is fun for all ages.",,"{""url"":""https://fargounderground.com/wp-content/uploads/2025/09/rsw_1240h_620cg_true.webp"",""id"":263442,""extension"":""webp"",""width"":1240,""height"":620}","{""_ecp_custom_2"":{""label"":""Region"",""value"":""Moorhead""}}",false,false,,,2025-09-07 11:45:40,2025-09-07 16:45:40,true,true,,,
2026-09-30T20:20:26Z,fargounderground.com,https://fargounderground.com/wp-json/tribe/events/v1/events,96,10060681,fargounderground.com?id=10060681,Saturday Morning Family Skate,2028-08-12 10:00:00,2028-08-12 15:00:00,2028-08-12 12:00:00,2028-08-12 17:00:00,America/Chicago,false,false,publish,https://fargounderground.com/event/saturday-morning-family-skate/2028-08-12/,https://www.skatecitynd.com/2024/02/family-skate/,,$6,"{""currency_symbol"":""$"",""currency_code"":""USD"",""currency_position"":""prefix"",""values"":[""6""]}","[{""id"":1298,""name"":""Active &amp; Social Events"",""slug"":""active-social-events"",""parent"":909},{""id"":374,""name"":""Families &amp; Kids"",""slug"":""families-kids"",""parent"":361}]",[],"{""id"":145039,""global_id"":""fargounderground.com?id=145039"",""venue"":""Skate City ND"",""address"":""3302 Interstate Blvd S"",""city"":""Fargo"",""country"":""United States"",""province"":""North Dakota"",""zip"":""58103"",""website"":""skatecitynd.com"",""phone"":""(701) 235-0555"",""url"":""https://fargounderground.com/venue/skate-city-nd/"",""show_map"":true,""show_map_link"":true}",[],"Catering to families with young skaters, this Saturday morning session offers discounted admission for families along with age-appropriate music and skating aids at half off the regular price! Help for Our Youngest Skaters Our Family Skate is great for our newest skaters! We have Zippy Adjustable Skates, which go over the shoe, have a lower and wider wheel base, and roll more slowly. These are great for learning balance. We also rent Skate Mates for skaters aged 10 and under for $2.50 which is 1/2 off the regular price. Discounted Admission for All As families grow so do the expenses to go out and have fun together. We want to help and so during our Family Skate you can enjoy a lower admission at just $6 per skater. Don’t have your own skates? No problem! Rent your choice of inline or roller skates for just $4.00. Themed Skate Sessions Our Family Skate is a great session to host themed skates throughout the year. Whether celebrating a holiday or creating our own fun with a Superhero Skate, these can feature costumes, festivities and prizes, and themed music! Themed events may have special pricing on Admission.",,"{""url"":""https://fargounderground.com/wp-content/uploads/2025/09/family-skate-TV.png"",""id"":263376,""extension"":""png"",""width"":1920,""height"":1080}","{""_ecp_custom_2"":{""label"":""Region"",""value"":""Fargo""}}",false,false,,,2025-09-06 19:30:43,2025-09-07 00:30:43,true,true,,,
2026-09-30T20:20:26Z,fargounderground.com,https://fargounderground.com/wp-json/tribe/events/v1/events,96,10056791,fargounderground.com?id=10056791,Pickabob Grill & BBQ,2028-08-12 12:00:00,2028-08-12 17:00:00,2028-08-13 02:30:00,2028-08-13 07:30:00,America/Chicago,false,false,publish,https://fargounderground.com/event/pickabob-grill-bbq-3/2028-08-12/,,,,"{""currency_symbol"":""$"",""currency_code"":""USD"",""currency_position"":""prefix"",""values"":[]}","[{""id"":825,""name"":""Food Trucks"",""slug"":""food-trucks"",""parent"":372}]",[],"{""id"":160212,""global_id"":""fargounderground.com?id=160212"",""venue"":""Great Northern Park"",""address"":""425 Broadway N"",""city"":""Fargo"",""country"":""United States"",""province"":""North Dakota"",""zip"":""58102"",""url"":""https://fargounderground.com/venue/great-northern-park/"",""show_map"":true,""show_map_link"":true}",[],,,false,[],false,false,,,2023-06-16 10:54:49,2023-06-16 15:54:49,false,false,,,
2026-09-30T20:20:26Z,fargounderground.com,https://fargounderground.com/wp-json/tribe/events/v1/events,96,10060942,fargounderground.com?id=10060942,Saturday Night Special Skate,2028-08-12 18:00:00,2028-08-12 23:00:00,2028-08-12 21:00:00,2028-08-13 02:00:00,America/Chicago,false,false,publish,https://fargounderground.com/event/saturday-night-special-skate/2028-08-12/,https://www.skatecitynd.com/2025/08/saturday-night-special/,,$6,"{""currency_symbol"":""$"",""currency_code"":""USD"",""currency_position"":""prefix"",""values"":[""6""]}","[{""id"":1298,""name"":""Active &amp; Social Events"",""slug"":""active-social-events"",""parent"":909},{""id"":374,""name"":""Families &amp; Kids"",""slug"":""families-kids"",""parent"":361}]",[],"{""id"":145039,""global_id"":""fargounderground.com?id=145039"",""venue"":""Skate City ND"",""address"":""3302 Interstate Blvd S"",""city"":""Fargo"",""country"":""United States"",""province"":""North Dakota"",""zip"":""58103"",""website"":""skatecitynd.com"",""phone"":""(701) 235-0555"",""url"":""https://fargounderground.com/venue/skate-city-nd/"",""show_map"":true,""show_map_link"":true}",[],"Spend your Saturday Nights skating and jamming with us! Catering to families and skaters of all ages and skill levels. A perfect way to spend your weekend evening all while saving! 3-Hours of skating for just $6 per skater, plus $4.00 skate rental if needed. Family Night Out Saturday Night is a great way to get some weekend fun for the whole family at a great rate. Bring friends and extended family for good music, games and food! Groups & Clubs Whether you’re in a college club, book club or sports team, our group rates can’t be beaten! Reserve your group of 15 or more skaters at get admission for $6 per skater, which includes choice of rental! Birthday Celebrations Skating is the best way to celebrate another year around the sun. Book your party online then invite your friends and family for a party that will stand out from the rest. Parties start as low as just $149. For more information on our great packages – Click Here –",,"{""url"":""https://fargounderground.com/wp-content/uploads/2025/09/Saturday-Night-Special-TV-Slide-7.25-scaled-1-scaled.jpg"",""id"":263379,""extension"":""jpg"",""width"":2560,""height"":1451}","{""_ecp_custom_2"":{""label"":""Region"",""value"":""Fargo""}}",false,false,,,2025-09-06 19:33:55,2025-09-07 00:33:55,true,true,,,
2026-09-30T20:20:26Z,fargounderground.com,https://fargounderground.com/wp-json/tribe/events/v1/events,96,10059898,fargounderground.com?id=10059898,Adult Skate Night,2028-08-12 21:00:00,2028-08-13 02:00:00,2028-08-12 23:00:00,2028-08-13 04:00:00,America/Chicago,false,false,publish,https://fargounderground.com/event/adult-skate-night/2028-08-12/,https://www.skatecitynd.com/2025/08/adult-night/,,$10,"{""currency_symbol"":""$"",""currency_code"":""USD"",""currency_position"":""prefix"",""values"":[""10""]}","[{""id"":1298,""name"":""Active &amp; Social Events"",""slug"":""active-social-events"",""parent"":909},{""id"":909,""name"":""Entertainment"",""slug"":""entertainment"",""parent"":0},{""id"":359,""name"":""Nightlife"",""slug"":""nightlife"",""parent"":909}]",[],"{""id"":173814,""global_id"":""fargounderground.com?id=173814"",""venue"":""Skate City"",""address"":""3302 Interstate Blvd S"",""city"":""Fargo"",""country"":""United States"",""province"":""ND"",""zip"":""58103"",""website"":""https://skatecitynd.com/"",""phone"":""701-235-0555"",""url"":""https://fargounderground.com/venue/"",""geo_lat"":46.865252,""geo_lng"":-96.833748,""show_map"":true,""show_map_link"":true}",[],Catering to our adult crowd looking for a great Saturday Night! This is an 18+ Only Session with less games and more skating. Admission is $10. Skate rental is $4.00 if needed. Observing adults must pay admission.,,"{""url"":""https://fargounderground.com/wp-content/uploads/2025/09/Adult-Night-TV-Slide.jpeg"",""id"":263357,""extension"":""jpeg"",""width"":1920,""height"":1080}","{""_ecp_custom_2"":{""label"":""Region"",""value"":""Fargo""}}",false,false,,,2025-09-06 19:06:57,2025-09-07 00:06:57,true,true,,,
2026-09-30T20:20:26Z,fargounderground.com,https://fargounderground.com/wp-json/tribe/events/v1/events,96,10065062,fargounderground.com?id=10065062,Alibi Karaoke,2028-08-12 21:00:00,2028-08-13 02:00:00,2028-08-13 01:00:00,2028-08-13 06:00:00,America/Chicago,false,false,publish,https://fargounderground.com/event/alibi-karaoke/2028-08-12/,https://fargonddj.com/event/6277439/737366223/alibi-karaoke,,,"{""currency_symbol"":""$"",""currency_code"":""USD"",""currency_position"":""prefix"",""values"":[]}","[{""id"":368,""name"":""Karaoke"",""slug"":""karaoke"",""parent"":909},{""id"":359,""name"":""Nightlife"",""slug"":""nightlife"",""parent"":909}]","[{""name"":""drinks"",""slug"":""drinks"",""term_group"":0,""term_taxonomy_id"":74,""taxonomy"":""post_tag"",""description"":"""",""parent"":0,""count"":21,""filter"":""raw"",""id"":74,""urls"":{""self"":""https://fargounderground.com/wp-json/tribe/events/v1/tags/74"",""collection"":""https://fargounderground.com/wp-json/tribe/events/v1/tags""}},{""name"":""Music"",""slug"":""music"",""term_group"":0,""term_taxonomy_id"":29,""taxonomy"":""post_tag"",""description"":"""",""parent"":0,""count"":26,""filter"":""raw"",""id"":29,""urls"":{""self"":""https://fargounderground.com/wp-json/tribe/events/v1/tags/29"",""collection"":""https://fargounderground.com/wp-json/tribe/events/v1/tags""}}]","{""id"":148614,""global_id"":""fargounderground.com?id=148614"",""venue"":""Alibi Lounge"",""address"":""1340 21st Ave S"",""city"":""Fargo"",""province"":""ND"",""zip"":""58103"",""website"":""https://alibi-lounge.business.site/"",""phone"":""(701) 235-3141"",""url"":""https://fargounderground.com/venue/alibi-lounge/"",""geo_lat"":46.8463963,""geo_lng"":-96.8004683,""show_map"":false,""show_map_link"":false}","[{""id"":180416,""global_id"":""fargounderground.com?id=180416"",""organizer"":""D&amp;J Music + Karaoke"",""url"":""https://fargounderground.com/organizer/"",""website"":""https://djmusickaraoke.com/"",""phone"":""‪(701) 566-9525‬"",""email"":""info@djmusickaraoke.com""}]","Join us for another night of Saturday Night Madness including but not limited to drinks, music and gambling at The Alibi Lounge located inside the legendary Baymont Inn, South University Drive Fargo. Bring friends, make friends, and prepare yourself for a night to remember.",,"{""url"":""https://fargounderground.com/wp-content/uploads/2025/10/IMG_6023.jpeg"",""id"":278949,""extension"":""jpeg"",""width"":828,""height"":987}","{""_ecp_custom_2"":{""label"":""Region"",""value"":""Fargo""}}",false,false,,,2025-10-08 11:20:43,2025-10-08 16:20:43,true,true,,,
2026-09-30T20:20:26Z,fargounderground.com,https://fargounderground.com/wp-json/tribe/events/v1/events,96,10028916,fargounderground.com?id=10028916,Karaoke at Dempsey’s,2028-08-12 21:00:00,2028-08-13 02:00:00,2028-08-13 02:00:00,2028-08-13 07:00:00,America/Chicago,false,false,publish,https://fargounderground.com/event/karaoke-at-dempseys-59-2/2028-08-12/,,,Free,"{""currency_symbol"":""$"",""currency_code"":""USD"",""currency_position"":""prefix"",""values"":[""free""]}","[{""id"":368,""name"":""Karaoke"",""slug"":""karaoke"",""parent"":909}]",[],"{""id"":91157,""global_id"":""fargounderground.com?id=91157"",""venue"":""Dempsey’s Public House"",""address"":""226 Broadway N"",""city"":""Fargo"",""country"":""United States"",""province"":""ND"",""zip"":""58102"",""website"":""https://dempseysfargo.com/"",""url"":""https://fargounderground.com/venue/dempseys-public-house-2/"",""geo_lat"":46.8789764,""geo_lng"":-96.7882596,""show_map"":true,""show_map_link"":true}",[],"Dempsey’s has been named the Best Karaoke bar in Fargo for a reason! Sing your heart out during our FREE Karaoke night, every Tuesday and Saturday. It’s legendary!",,"{""url"":""https://fargounderground.com/wp-content/uploads/2022/11/karaoke-dempseys-0BUCH0.tmp_.png"",""id"":142666,""extension"":""png"",""width"":945,""height"":532}",[],false,false,,,2023-09-18 17:10:07,2023-09-18 22:10:07,false,false,,,
2026-09-30T20:20:26Z,fargounderground.com,https://fargounderground.com/wp-json/tribe/events/v1/events,96,10035127,fargounderground.com?id=10035127,Saturday Night Karaoke,2028-08-12 21:00:00,2028-08-13 02:00:00,2028-08-13 01:00:00,2028-08-13 06:00:00,America/Chicago,false,false,publish,https://fargounderground.com/event/saturday-night-karaoke/2028-08-12/,https://djtonyfalcon.com/events,,Free,"{""currency_symbol"":""$"",""currency_code"":""USD"",""currency_position"":""prefix"",""values"":[""0""]}","[{""id"":368,""name"":""Karaoke"",""slug"":""karaoke"",""parent"":909}]",[],"{""id"":148614,""global_id"":""fargounderground.com?id=148614"",""venue"":""Alibi Lounge"",""address"":""1340 21st Ave S"",""city"":""Fargo"",""province"":""ND"",""zip"":""58103"",""website"":""https://alibi-lounge.business.site/"",""phone"":""(701) 235-3141"",""url"":""https://fargounderground.com/venue/alibi-lounge/"",""geo_lat"":46.8463963,""geo_lng"":-96.8004683,""show_map"":false,""show_map_link"":false}","[{""id"":180416,""global_id"":""fargounderground.com?id=180416"",""organizer"":""D&amp;J Music + Karaoke"",""url"":""https://fargounderground.com/organizer/"",""website"":""https://djmusickaraoke.com/"",""phone"":""‪(701) 566-9525‬"",""email"":""info@djmusickaraoke.com""}]","Join DJ Tony Falcon for another night of Saturday Night Madness including but not limited to drinks, music and gambling at The Alibi Lounge located inside the legendary Baymont Inn, South University Drive Fargo. Bring friends, make friends, and prepare yourself for a night to remember. Mics are sanitized after every use.",,"{""url"":""https://fargounderground.com/wp-content/uploads/2024/01/417100139_860174092779522_3296353275171812107_n-jpg-webp.webp"",""id"":180465,""extension"":""webp"",""width"":960,""height"":556}","{""_ecp_custom_2"":{""label"":""Region"",""value"":""Fargo""}}",false,false,,,2025-08-24 12:42:10,2025-08-24 17:42:10,true,true,,,
2026-09-30T20:20:26Z,fargounderground.com,https://fargounderground.com/wp-json/tribe/events/v1/events,96,10029181,fargounderground.com?id=10029181,Vic’s Karaoke,2028-08-12 21:00:00,2028-08-13 02:00:00,2028-08-13 02:00:00,2028-08-13 07:00:00,America/Chicago,false,false,publish,https://fargounderground.com/event/vics-karaoke-2-2/2028-08-12/,,,Free,"{""currency_symbol"":""$"",""currency_code"":""USD"",""currency_position"":""prefix"",""values"":[""0""]}","[{""id"":368,""name"":""Karaoke"",""slug"":""karaoke"",""parent"":909}]",[],"{""id"":92621,""global_id"":""fargounderground.com?id=92621"",""venue"":""Vic&#8217;s Bar and Grill"",""address"":""1608 Main Avenue"",""city"":""Moorhead"",""country"":""United States"",""state"":""MN"",""zip"":""56560"",""phone"":""(218) 236-7714"",""url"":""https://fargounderground.com/venue/vics-lounge/"",""geo_lat"":46.8752849,""geo_lng"":-96.7729609,""show_map"":true,""show_map_link"":true}",[],"Join us Saturday nights at Vic’s for karaoke! The singing kicks off at 9 PM, but be sure to come early for the awesome specials!",,"{""url"":""https://fargounderground.com/wp-content/uploads/2023/09/429820599_908393177961600_6854180573421060203_n-jpg.webp"",""id"":189042,""extension"":""webp"",""width"":2048,""height"":1152}",[],false,false,,,2024-03-31 10:42:51,2024-03-31 15:42:51,false,false,,,
2026-09-30T20:20:26Z,fargounderground.com,https://fargounderground.com/wp-json/tribe/events/v1/events,96,10061358,fargounderground.com?id=10061358,Cosmic Bowling,2028-08-12 21:30:00,2028-08-13 02:30:00,2028-08-13 00:00:00,2028-08-13 05:00:00,America/Chicago,false,false,publish,https://fargounderground.com/event/cosmic-bowling/2028-08-12/,,,$15,"{""currency_symbol"":""$"",""currency_code"":""USD"",""currency_position"":""prefix"",""values"":[""15""]}","[{""id"":1298,""name"":""Active &amp; Social Events"",""slug"":""active-social-events"",""parent"":909},{""id"":374,""name"":""Families &amp; Kids"",""slug"":""families-kids"",""parent"":361}]",[],"{""id"":263439,""global_id"":""fargounderground.com?id=263439"",""venue"":""West Acres Bowl"",""address"":""3402 Interstate Blvd S"",""city"":""Fargo"",""country"":""United States"",""state"":""ND"",""zip"":""58103"",""phone"":""701-235-4437"",""url"":""https://fargounderground.com/venue/west-acres-bowl/"",""geo_lat"":46.8637495,""geo_lng"":-96.8363583,""show_map"":true,""show_map_link"":true}",[],"Get ready for an out-of-this-world experience at West Acres Bowl with Cosmic Bowling every Friday and Saturday night! 🌌 From 9:30 PM to Midnight, the lights go down and the blacklights turn up. Bowl to the rhythm of great music and enjoy a unique, high-energy atmosphere. Perfect for a night out with friends, a fun date, or a late-night family activity. No reservations are needed—just show up and get ready to glow!",,"{""url"":""https://fargounderground.com/wp-content/uploads/2025/09/Cosmic-Bowling.jpg"",""id"":263436,""extension"":""jpg"",""width"":2348,""height"":1536}","{""_ecp_custom_2"":{""label"":""Region"",""value"":""Fargo""}}",false,false,,,2025-09-07 11:39:17,2025-09-07 16:39:17,true,true,,,
2026-09-30T20:20:26Z,fargounderground.com,https://fargounderground.com/wp-json/tribe/events/v1/events,96,10039967,fargounderground.com?id=10039967,Karaoke at Rhombus Guys,2028-08-12 22:00:00,2028-08-13 03:00:00,2028-08-13 22:00:00,2028-08-14 03:00:00,America/Chicago,false,false,publish,https://fargounderground.com/event/karaoke-at-rhombus-guys/2028-08-12/,,,Free,"{""currency_symbol"":""$"",""currency_code"":"""",""currency_position"":""prefix"",""values"":[""0""]}","[{""id"":368,""name"":""Karaoke"",""slug"":""karaoke"",""parent"":909}]",[],"{""id"":45546,""global_id"":""fargounderground.com?id=45546"",""venue"":""Rhombus Guys Pizza"",""address"":""606 Main Ave"",""city"":""Fargo"",""country"":""United States"",""province"":""ND"",""zip"":""58103"",""url"":""https://fargounderground.com/venue/winter-pride-trivia-game-night/"",""geo_lat"":46.8740978,""geo_lng"":-96.7884067,""show_map"":true,""show_map_link"":true}",[],Free Karaoke every Saturday from 10pm to 1am with Khook Entertainment!,,"{""url"":""https://fargounderground.com/wp-content/uploads/2024/02/Facebook-Logo.png"",""id"":183987,""extension"":""png"",""width"":1000,""height"":1000}","{""_ecp_custom_2"":{""label"":""Region"",""value"":""Fargo""}}",false,false,,,2024-02-14 10:07:21,2024-02-14 16:07:21,true,true,,,
2026-09-30T20:20:26Z,fargounderground.com,https://fargounderground.com/wp-json/tribe/events/v1/events,96,10061880,fargounderground.com?id=10061880,Rock N Bowl,2028-08-12 22:00:00,2028-08-13 03:00:00,2028-08-13 00:00:00,2028-08-13 05:00:00,America/Chicago,false,false,publish,https://fargounderground.com/event/rock-n-bowl/2028-08-12/,https://bowlingsunset.com/rock-n-bowl,,$13,"{""currency_symbol"":""$"",""currency_code"":""USD"",""currency_position"":""prefix"",""values"":[""13""]}","[{""id"":1298,""name"":""Active &amp; Social Events"",""slug"":""active-social-events"",""parent"":909},{""id"":372,""name"":""Food &amp; Drink"",""slug"":""food-drink"",""parent"":0}]",[],"{""id"":146365,""global_id"":""fargounderground.com?id=146365"",""venue"":""Sunset Lanes"",""address"":""620 U.S. 75"",""city"":""Moorhead"",""country"":""United States"",""province"":""MN"",""state"":""MN"",""zip"":""56560"",""website"":""https://bowlingsunset.com/"",""url"":""https://fargounderground.com/venue/sunset-lanes/"",""geo_lat"":46.8818938,""geo_lng"":-96.7431497,""show_map"":true,""show_map_link"":true}",[],"$13 per person. Grab some friends and head over to Sunset Lanes for Rock N Bowl. Sunset Lanes has Qubica’s deckpin lighting and cap lighting. The bar and kitchen are open all night long, so enjoy some food and drinks while you bowl. This event is fun for all ages.",,"{""url"":""https://fargounderground.com/wp-content/uploads/2025/09/rsw_1240h_620cg_true.webp"",""id"":263442,""extension"":""webp"",""width"":1240,""height"":620}","{""_ecp_custom_2"":{""label"":""Region"",""value"":""Moorhead""}}",false,false,,,2025-09-07 11:45:40,2025-09-07 16:45:40,true,true,,,
2026-09-30T20:20:26Z,fargounderground.com,https://fargounderground.com/wp-json/tribe/events/v1/events,96,10034315,fargounderground.com?id=10034315,Open Mic,2028-08-13 18:00:00,2028-08-13 23:00:00,2028-08-13 22:00:00,2028-08-14 03:00:00,America/Chicago,false,false,publish,https://fargounderground.com/event/open-mic/2028-08-13/,,,Free,"{""currency_symbol"":""$"",""currency_code"":"""",""currency_position"":""prefix"",""values"":[""0""]}","[{""id"":360,""name"":""Live Music"",""slug"":""live-music"",""parent"":0},{""id"":369,""name"":""Open Mic &amp; Jam"",""slug"":""open-mic-jam"",""parent"":909}]",[],"{""id"":104370,""global_id"":""fargounderground.com?id=104370"",""venue"":""Cowboy Jack&#8217;s"",""address"":""506 Broadway"",""city"":""Fargo"",""province"":""ND"",""zip"":""58102"",""website"":""https://downtownfargo.com/venue/cowboy-jacks/"",""url"":""https://fargounderground.com/venue/cowboy-jacks/"",""geo_lat"":46.881414,""geo_lng"":-96.788091,""show_map"":true,""show_map_link"":true}",[],Live music and great food! Can’t wait to see you there!,,"{""url"":""https://fargounderground.com/wp-content/uploads/2023/12/410021949_813755527423771_7670712905895671685_n-jpg-webp.webp"",""id"":177707,""extension"":""webp"",""width"":526,""height"":526}","{""_ecp_custom_2"":{""label"":""Region"",""value"":""Fargo""}}",false,false,,,2023-12-11 09:39:16,2023-12-11 15:39:16,true,true,,,
2026-09-30T20:20:26Z,fargounderground.com,https://fargounderground.com/wp-json/tribe/events/v1/events,97,10049337,fargounderground.com?id=10049337,Monday Meetups for Adults,2028-08-14 18:00:00,2028-08-14 23:00:00,2028-08-14 20:00:00,2028-08-15 01:00:00,America/Chicago,false,false,publish,https://fargounderground.com/event/monday-meetups-for-adults/2028-08-14/,https://larl.org/mondaymeetup,,Free,"{""currency_symbol"":""$"",""currency_code"":""USD"",""currency_position"":""prefix"",""values"":[""0""]}","[{""id"":677,""name"":""Clubs &amp; Groups"",""slug"":""clubs-groups"",""parent"":361},{""id"":364,""name"":""Crafts &amp; Hobbies"",""slug"":""arts-crafts"",""parent"":428},{""id"":367,""name"":""Gaming &amp; Tabletop"",""slug"":""games"",""parent"":909},{""id"":429,""name"":""Literary Arts"",""slug"":""books-readings"",""parent"":428}]",[],"{""id"":91017,""global_id"":""fargounderground.com?id=91017"",""venue"":""Moorhead Public Library"",""address"":""118 5th St S"",""city"":""Moorhead"",""country"":""United States"",""province"":""MN"",""state"":""MN"",""zip"":""56560"",""website"":""https://larl.org/"",""phone"":""(218) 233-7594"",""url"":""https://fargounderground.com/venue/moorhead-public-library/"",""geo_lat"":46.873097,""geo_lng"":-96.771756,""show_map"":true,""show_map_link"":true}","[{""id"":186176,""global_id"":""fargounderground.com?id=186176"",""organizer"":""Moorhead Public Library"",""url"":""https://fargounderground.com/organizer/"",""website"":""https://larl.org/locations/moorhead/"",""phone"":""218-233-7594"",""email"":""mhreference@larl.org""}]","Meet up and chat with others with similar interests. Come with friends, or make some new ones! Refreshments will be provided. Check the calendar for updates – https://larl.org/mondaymeetup/ First Monday of the Month – Craft Connection Join us to get cozy, craft and chat! This is an opportunity to leave distractions behind and focus on your craft. Bring whatever project you are working on and meet up with other local crafters. You can share your expertise, learn from others or just enjoy some distraction-free time to yourself. Refreshments will be provided. Second Monday of the Month – Best Sellers Book Club Join the Moorhead Public Library’s Best Sellers Book Club and see what the buzz is about in the latest popular books! Third Monday of the Month – Game Night Join us to get cozy, play games, and chat! This is an opportunity to meet up with others who enjoy playing games. Come with friends, or make some new ones! Bring your favorite card or board game, or try one of ours! Refreshments will be provided. Fourth Monday of the Month – Silent Reading Club Join us at the Moorhead Library for quiet, sustained reading at our new Silent Book Club! All readers are welcome—ebooks or audiobooks, poetry or prose, fiction or non-fiction… it’s BYOBook. The library will provide comfortable seating and light refreshments. Fifth Monday of the Month – Guided Activity Join us each month for different activities lead by experts in their respective disciplines. Any needed supplies will be provided.",,"{""url"":""https://fargounderground.com/wp-content/uploads/2024/10/MHD-all-Monday-Meetups-2024-Website-Graphic-scaled-1.jpg"",""id"":257979,""extension"":""jpg"",""width"":2560,""height"":1440}","{""_ecp_custom_2"":{""label"":""Region"",""value"":""Moorhead""}}",false,false,,,2025-07-29 11:46:45,2025-07-29 16:46:45,true,true,,,
2026-09-30T20:20:26Z,fargounderground.com,https://fargounderground.com/wp-json/tribe/events/v1/events,97,10062589,fargounderground.com?id=10062589,Jazz Night at Sidestreet,2028-08-14 19:00:00,2028-08-15 00:00:00,2028-08-14 21:00:00,2028-08-15 02:00:00,America/Chicago,false,false,publish,https://fargounderground.com/event/jazz-night-at-sidestreet-2/2028-08-14/,https://www.fargopartyof3.com/sidestreet.html,,Free,"{""currency_symbol"":""$"",""currency_code"":""USD"",""currency_position"":""prefix"",""values"":[""0""]}","[{""id"":412,""name"":""Culture &amp; Heritage"",""slug"":""culture"",""parent"":428},{""id"":909,""name"":""Entertainment"",""slug"":""entertainment"",""parent"":0},{""id"":372,""name"":""Food &amp; Drink"",""slug"":""food-drink"",""parent"":0},{""id"":591,""name"":""Jazz &amp; Blues"",""slug"":""jazz-blues"",""parent"":360}]",[],"{""id"":93912,""global_id"":""fargounderground.com?id=93912"",""venue"":""SIdestreet Grille &#038; Pub"",""address"":""404 4th ave N"",""city"":""Fargo"",""province"":""ND"",""state"":""ND"",""zip"":""58102"",""website"":""https://downtownfargo.com/venue/sidestreet-grille-pub/"",""url"":""https://fargounderground.com/venue/sidestreet-grille-pub-3/"",""geo_lat"":46.8798407,""geo_lng"":-96.7849167,""show_map"":true,""show_map_link"":true}",[],"Start your week on a high note with Jazz Night at Sidestreet Grille & Pub! Every Monday from 7 to 9 p.m., the pub transforms into a cozy jazz club, featuring talented local musicians. Grab a seat, enjoy a delicious meal, and unwind with the smooth sounds of live jazz. It’s the perfect way to relax and appreciate the local music scene.",,"{""url"":""https://fargounderground.com/wp-content/uploads/2023/10/jazznights-2023aug-dec_orig-e1698696620909-0UgB44.tmp_-jpg-webp.webp"",""id"":174098,""extension"":""webp"",""width"":425,""height"":224}","{""_ecp_custom_2"":{""label"":""Region"",""value"":""Fargo""}}",false,false,,,2025-09-08 12:40:56,2025-09-08 17:40:56,true,true,,,
2026-09-30T20:20:26Z,fargounderground.com,https://fargounderground.com/wp-json/tribe/events/v1/events,97,10068246,fargounderground.com?id=10068246,Yoga + Sound,2028-08-14 19:00:00,2028-08-15 00:00:00,2028-08-14 20:30:00,2028-08-15 01:30:00,America/Chicago,false,false,publish,https://fargounderground.com/event/yoga-sound/2028-08-14/,https://www.enzwellness.com/booking-calendar/restorative-yoga-sound-bath,,$45,"{""currency_symbol"":""$"",""currency_code"":""USD"",""currency_position"":""prefix"",""values"":[""45""]}","[{""id"":569,""name"":""Fitness &amp; Yoga"",""slug"":""fitness-yoga"",""parent"":897}]",[],"{""id"":280147,""global_id"":""fargounderground.com?id=280147"",""venue"":""The Studio Wellness Collective"",""address"":""14 1/2 8th St S"",""city"":""Fargo"",""country"":""United States"",""state"":""ND"",""zip"":""58103"",""url"":""https://fargounderground.com/venue/the-studio-wellness-collective/"",""geo_lat"":46.8739351,""geo_lng"":-96.7909472,""show_map"":true,""show_map_link"":true}","[{""id"":286743,""global_id"":""fargounderground.com?id=286743"",""organizer"":""Enz Wellness"",""url"":""https://fargounderground.com/organizer/enz-wellness/"",""website"":""https://www.enzwellness.com/"",""phone"":""701-306-1707"",""email"":""Enzwellness@gmail.com""}]","Let the healing power of sound deepen your relaxation we with this restful practice. Restorative yoga poses are done lying down in a state of relaxation, allowing your body to do deep healing work. Sound bath by Resonance VST adds a luxurious layer of relaxation, leaving you feeling blissfully restored! No experience required, this is a great intro to yoga and sound healing. Bring a friend or loved one and share a wonderful relaxation experience! $45 per person, reserve your spot in advance at www.enzwellness.com/book-online!",,"{""url"":""https://fargounderground.com/wp-content/uploads/2025/12/IMG_3588-scaled.jpeg"",""id"":286744,""extension"":""jpeg"",""width"":2560,""height"":1920}","{""_ecp_custom_2"":{""label"":""Region"",""value"":""Fargo""}}",false,false,,,2025-12-08 13:36:44,2025-12-08 19:36:44,true,true,,,
2026-09-30T20:20:26Z,fargounderground.com,https://fargounderground.com/wp-json/tribe/events/v1/events,97,10023960,fargounderground.com?id=10023960,Open Mic Night at Front Street Taproom,2028-08-14 20:00:00,2028-08-15 01:00:00,2028-08-14 23:00:00,2028-08-15 04:00:00,America/Chicago,false,false,publish,https://fargounderground.com/event/open-mic-night-at-front-street-taproom/2028-08-14/,https://www.facebook.com/events/638022304704240/638022361370901/,,Free,"{""currency_symbol"":"""",""currency_code"":"""",""currency_position"":"""",""values"":[""free""]}","[{""id"":360,""name"":""Live Music"",""slug"":""live-music"",""parent"":0},{""id"":369,""name"":""Open Mic &amp; Jam"",""slug"":""open-mic-jam"",""parent"":909}]","[{""name"":""downtown Fargo"",""slug"":""downtown-fargo"",""term_group"":0,""term_taxonomy_id"":49,""taxonomy"":""post_tag"",""description"":"""",""parent"":0,""count"":102,""filter"":""raw"",""id"":49,""urls"":{""self"":""https://fargounderground.com/wp-json/tribe/events/v1/tags/49"",""collection"":""https://fargounderground.com/wp-json/tribe/events/v1/tags""}},{""name"":""Fargo"",""slug"":""fargo"",""term_group"":0,""term_taxonomy_id"":240,""taxonomy"":""post_tag"",""description"":"""",""parent"":0,""count"":52,""filter"":""raw"",""id"":240,""urls"":{""self"":""https://fargounderground.com/wp-json/tribe/events/v1/tags/240"",""collection"":""https://fargounderground.com/wp-json/tribe/events/v1/tags""}},{""name"":""Live music"",""slug"":""live-music"",""term_group"":0,""term_taxonomy_id"":45,""taxonomy"":""post_tag"",""description"":"""",""parent"":0,""count"":81,""filter"":""raw"",""id"":45,""urls"":{""self"":""https://fargounderground.com/wp-json/tribe/events/v1/tags/45"",""collection"":""https://fargounderground.com/wp-json/tribe/events/v1/tags""}}]","{""id"":20933,""global_id"":""fargounderground.com?id=20933"",""venue"":""Front Street Taproom"",""address"":""614 Main Ave"",""city"":""Fargo"",""province"":""ND"",""state"":""ND"",""zip"":""58102"",""website"":""https://downtownfargo.com/venue/front-street-taproom/"",""url"":""https://fargounderground.com/venue/front-street-taproom-2/"",""geo_lat"":46.87428,""geo_lng"":-96.78883,""show_map"":true,""show_map_link"":true}",[],"Hosted by Travis Neros Every Monday at 8pm Come hangout and listen to live music, readings, and/or comedy! (If you’re wanting to sign-up come closer to the beginning, if you can)",,"{""url"":""https://fargounderground.com/wp-content/uploads/2023/01/339625439_693036622509731_7407905951526191323_n-jpg-webp.webp"",""id"":156207,""extension"":""webp"",""width"":1201,""height"":629}",[],false,false,,,2023-09-05 14:16:16,2023-09-05 19:16:16,true,true,,,
2026-09-30T20:20:26Z,fargounderground.com,https://fargounderground.com/wp-json/tribe/events/v1/events,97,10053507,fargounderground.com?id=10053507,Tea Time Tuesdays,2028-08-15 08:30:00,2028-08-15 13:30:00,2028-08-15 09:30:00,2028-08-15 14:30:00,America/Chicago,false,false,publish,https://fargounderground.com/event/tea-time-tuesdays/2028-08-15/,,,,"{""currency_symbol"":""$"",""currency_code"":""USD"",""currency_position"":""prefix"",""values"":[]}","[{""id"":649,""name"":""Business"",""slug"":""business"",""parent"":361}]",[],"{""id"":150796,""global_id"":""fargounderground.com?id=150796"",""venue"":""The Daily Dose Fargo"",""address"":""3223 13th Ave S"",""city"":""Fargo"",""country"":""United States"",""province"":""North Dakota"",""zip"":""58103"",""url"":""https://fargounderground.com/venue/the-daily-dose-fargo/"",""show_map"":true,""show_map_link"":true}",[],"Come and join us every Tuesday from 8:30-9:30am. Let’s connect, meet, network, caffeinate and reboot for the week! Networking is free and open to anyone willing to network!",,"{""url"":""https://fargounderground.com/wp-content/uploads/2023/02/326953771_5843143202437407_8499174753929495889_n-jpg-webp.webp"",""id"":150797,""extension"":""webp"",""width"":960,""height"":541}",[],false,false,,,2023-02-21 16:21:55,2023-02-21 22:21:55,false,false,,,
2026-09-30T20:20:26Z,fargounderground.com,https://fargounderground.com/wp-json/tribe/events/v1/events,97,10056394,fargounderground.com?id=10056394,Pickabob Grill & BBQ,2028-08-15 11:00:00,2028-08-15 16:00:00,2028-08-15 22:00:00,2028-08-16 03:00:00,America/Chicago,false,false,publish,https://fargounderground.com/event/pickabob-grill-bbq/2028-08-15/,,,,"{""currency_symbol"":""$"",""currency_code"":""USD"",""currency_position"":""prefix"",""values"":[]}","[{""id"":825,""name"":""Food Trucks"",""slug"":""food-trucks"",""parent"":372}]",[],"{""id"":160212,""global_id"":""fargounderground.com?id=160212"",""venue"":""Great Northern Park"",""address"":""425 Broadway N"",""city"":""Fargo"",""country"":""United States"",""province"":""North Dakota"",""zip"":""58102"",""url"":""https://fargounderground.com/venue/great-northern-park/"",""show_map"":true,""show_map_link"":true}",[],,,false,[],false,false,,,2023-06-16 10:57:07,2023-06-16 15:57:07,false,false,,,
2026-09-30T20:20:26Z,fargounderground.com,https://fargounderground.com/wp-json/tribe/events/v1/events,97,10026605,fargounderground.com?id=10026605,Suite Shots Trivia Night,2028-08-15 18:00:00,2028-08-15 23:00:00,2028-08-15 20:00:00,2028-08-16 01:00:00,America/Chicago,false,false,publish,https://fargounderground.com/event/suite-shots-trivia-night-9/2028-08-15/,,,Free,"{""currency_symbol"":""$"",""currency_code"":""USD"",""currency_position"":""prefix"",""values"":[""free""]}","[{""id"":370,""name"":""Trivia &amp; Bingo"",""slug"":""trivia"",""parent"":909}]",[],"{""id"":165649,""global_id"":""fargounderground.com?id=165649"",""venue"":""Suite Shots"",""address"":""3400 James Way S"",""city"":""Fargo"",""country"":""United States"",""province"":""ND"",""state"":""ND"",""zip"":""58104"",""website"":""https://suiteshots.com/venue/suite-shots/"",""phone"":""(701) 532-4653"",""url"":""https://fargounderground.com/venue/suite-shots/"",""geo_lat"":46.8072058,""geo_lng"":-96.8355331,""show_map"":true,""show_map_link"":true}",[],"Every Tuesday, showcase your vast knowledge (both useful & useless) & compete for fantastic Suite Shots prizes! 🏆 Join us at 6 pm for an evening of brain-teasing fun! 🧠💡 But before the trivia begins, don’t miss our Happy Hour from 3:30-6:30 pm. 🍻 PLUS, if you’re craving some delicious tacos, we’ve got you covered with $4 Walleye Tacos & $4 Specialty Tacos changed monthly. 🌮",,"{""url"":""https://fargounderground.com/wp-content/uploads/2023/09/359314893_753992756729627_4984377186369470435_n-jpg-webp.webp"",""id"":169720,""extension"":""webp"",""width"":1080,""height"":1080}",[],false,false,,,2024-05-15 16:02:56,2024-05-15 21:02:56,true,true,,,
2026-09-30T20:20:26Z,fargounderground.com,https://fargounderground.com/wp-json/tribe/events/v1/events,97,10042163,fargounderground.com?id=10042163,Tuesday Night Trivia at the Sidestreet,2028-08-15 19:00:00,2028-08-16 00:00:00,2028-08-15 21:00:00,2028-08-16 02:00:00,America/Chicago,false,false,publish,https://fargounderground.com/event/tuesday-night-trivia-at-the-sidestreet-2/2028-08-15/,,,Free,"{""currency_symbol"":""$"",""currency_code"":""USD"",""currency_position"":""prefix"",""values"":[""0""]}","[{""id"":370,""name"":""Trivia &amp; Bingo"",""slug"":""trivia"",""parent"":909}]",[],"{""id"":20005,""global_id"":""fargounderground.com?id=20005"",""venue"":""Sidestreet Grille &amp; Pub"",""address"":""404 4th Ave N"",""city"":""Fargo"",""country"":""United States"",""province"":""ND"",""state"":""ND"",""zip"":""58102-4810"",""website"":""https://www.facebook.com/SidestreetGrilleandPub/"",""url"":""https://fargounderground.com/venue/sidestreet-grille-pub/"",""geo_lat"":46.8798407,""geo_lng"":-96.7849167,""show_map"":true,""show_map_link"":true}",[],Hey There & Howdy Trivia Hounds! Tuesdays just got that much better with Two Lanterns Trivia at the Sidestreet in Downtown Fargo! Test your trivial knowledge for the chance to win FREE drinks or get ZONKED with everybody’s favorite Game-within-the-Game “WHAT’S IN THE BAG?!” Grand Prize Winners get a $20.00 GIFT CARD! Come on out…It’s sure to be a fun time!,,"{""url"":""https://fargounderground.com/wp-content/uploads/2023/04/340613979_592852209440315_7275928061751749308_n-jpg-webp.webp"",""id"":157565,""extension"":""webp"",""width"":1200,""height"":630}",[],false,false,,,2024-03-05 17:07:55,2024-03-05 23:07:55,false,false,,,
2026-09-30T20:20:26Z,fargounderground.com,https://fargounderground.com/wp-json/tribe/events/v1/events,97,10056180,fargounderground.com?id=10056180,Boss’ Comedy Club Open Mic,2028-08-15 20:00:00,2028-08-16 01:00:00,2028-08-15 23:00:00,2028-08-16 04:00:00,America/Chicago,false,false,publish,https://fargounderground.com/event/boss-comedy-club-open-mic-2/2028-08-15/,,,Free,"{""currency_symbol"":""$"",""currency_code"":""USD"",""currency_position"":""prefix"",""values"":[""0""]}","[{""id"":432,""name"":""Comedy"",""slug"":""comedy-arts-entertainment"",""parent"":909},{""id"":369,""name"":""Open Mic &amp; Jam"",""slug"":""open-mic-jam"",""parent"":909}]",[],"{""id"":144938,""global_id"":""fargounderground.com?id=144938"",""venue"":""Boss&#8217; Comedy Club Fargo"",""address"":""228 Broadway N"",""city"":""Fargo"",""country"":""United States"",""province"":""North Dakota"",""zip"":""58102"",""website"":""https://www.bosspizzaandchicken.com/"",""phone"":""(701) 997-2677"",""url"":""https://fargounderground.com/venue/boss-comedy-club-fargo/"",""show_map"":true,""show_map_link"":true}",[],Come out this Thursday and enjoy the areas best comedians work on their Material… For Free! Want to try stand-up comedy yourself? First Timers & New Comedians are always encouraged. While you’re here enjoy Boss’s Full Menu also available in the Comedy Club. Sign up at 7:30 pm. Show at 8 pm. All are welcome!,,"{""url"":""https://fargounderground.com/wp-content/uploads/2022/12/boss-comedy-club-jpg-webp.webp"",""id"":144939,""extension"":""webp"",""width"":1420,""height"":640}",[],false,false,,,2023-04-27 14:31:21,2023-04-27 19:31:21,false,false,,,
2026-09-30T20:20:26Z,fargounderground.com,https://fargounderground.com/wp-json/tribe/events/v1/events,97,10025266,fargounderground.com?id=10025266,Open Mic Comedy,2028-08-15 20:00:00,2028-08-16 01:00:00,2028-08-15 22:00:00,2028-08-16 03:00:00,America/Chicago,false,false,publish,https://fargounderground.com/event/open-mic-comedy-6/2028-08-15/,https://www.facebook.com/Bosscomedyclubfargo/,,,"{""currency_symbol"":"""",""currency_code"":"""",""currency_position"":""prefix"",""values"":[]}","[{""id"":432,""name"":""Comedy"",""slug"":""comedy-arts-entertainment"",""parent"":909},{""id"":369,""name"":""Open Mic &amp; Jam"",""slug"":""open-mic-jam"",""parent"":909}]",[],"{""id"":144938,""global_id"":""fargounderground.com?id=144938"",""venue"":""Boss&#8217; Comedy Club Fargo"",""address"":""228 Broadway N"",""city"":""Fargo"",""country"":""United States"",""province"":""North Dakota"",""zip"":""58102"",""website"":""https://www.bosspizzaandchicken.com/"",""phone"":""(701) 997-2677"",""url"":""https://fargounderground.com/venue/boss-comedy-club-fargo/"",""show_map"":true,""show_map_link"":true}",[],Open Mic Comedy at Boss’s Every Tuesday Night Try your hand on the stage for free! Sign up at 7:30 pm; Mic Starts at 8 pm,,"{""url"":""https://fargounderground.com/wp-content/uploads/2023/08/Boss-Comedy-Open-Mic-jpg-webp.webp"",""id"":168876,""extension"":""webp"",""width"":1420,""height"":640}",[],false,false,,,2023-09-05 14:26:50,2023-09-05 19:26:50,false,false,,,
2026-09-30T20:20:26Z,fargounderground.com,https://fargounderground.com/wp-json/tribe/events/v1/events,97,10028917,fargounderground.com?id=10028917,Karaoke at Dempsey’s,2028-08-15 21:00:00,2028-08-16 02:00:00,2028-08-16 02:00:00,2028-08-16 07:00:00,America/Chicago,false,false,publish,https://fargounderground.com/event/karaoke-at-dempseys-59-2/2028-08-15/,,,Free,"{""currency_symbol"":""$"",""currency_code"":""USD"",""currency_position"":""prefix"",""values"":[""free""]}","[{""id"":368,""name"":""Karaoke"",""slug"":""karaoke"",""parent"":909}]",[],"{""id"":91157,""global_id"":""fargounderground.com?id=91157"",""venue"":""Dempsey’s Public House"",""address"":""226 Broadway N"",""city"":""Fargo"",""country"":""United States"",""province"":""ND"",""zip"":""58102"",""website"":""https://dempseysfargo.com/"",""url"":""https://fargounderground.com/venue/dempseys-public-house-2/"",""geo_lat"":46.8789764,""geo_lng"":-96.7882596,""show_map"":true,""show_map_link"":true}",[],"Dempsey’s has been named the Best Karaoke bar in Fargo for a reason! Sing your heart out during our FREE Karaoke night, every Tuesday and Saturday. It’s legendary!",,"{""url"":""https://fargounderground.com/wp-content/uploads/2022/11/karaoke-dempseys-0BUCH0.tmp_.png"",""id"":142666,""extension"":""png"",""width"":945,""height"":532}",[],false,false,,,2023-09-18 17:10:07,2023-09-18 22:10:07,false,false,,,
2026-09-30T20:20:26Z,fargounderground.com,https://fargounderground.com/wp-json/tribe/events/v1/events,97,10056395,fargounderground.com?id=10056395,Pickabob Grill & BBQ,2028-08-16 11:00:00,2028-08-16 16:00:00,2028-08-16 22:00:00,2028-08-17 03:00:00,America/Chicago,false,false,publish,https://fargounderground.com/event/pickabob-grill-bbq/2028-08-16/,,,,"{""currency_symbol"":""$"",""currency_code"":""USD"",""currency_position"":""prefix"",""values"":[]}","[{""id"":825,""name"":""Food Trucks"",""slug"":""food-trucks"",""parent"":372}]",[],"{""id"":160212,""global_id"":""fargounderground.com?id=160212"",""venue"":""Great Northern Park"",""address"":""425 Broadway N"",""city"":""Fargo"",""country"":""United States"",""province"":""North Dakota"",""zip"":""58102"",""url"":""https://fargounderground.com/venue/great-northern-park/"",""show_map"":true,""show_map_link"":true}",[],,,false,[],false,false,,,2023-06-16 10:57:07,2023-06-16 15:57:07,false,false,,,
2026-09-30T20:20:26Z,fargounderground.com,https://fargounderground.com/wp-json/tribe/events/v1/events,97,10060420,fargounderground.com?id=10060420,Discount Skate Night,2028-08-16 18:00:00,2028-08-16 23:00:00,2028-08-16 20:00:00,2028-08-17 01:00:00,America/Chicago,false,false,publish,https://fargounderground.com/event/discount-skate-night/2028-08-16/,https://www.skatecitynd.com/2024/02/discount-night/,,$6,"{""currency_symbol"":""$"",""currency_code"":""USD"",""currency_position"":""prefix"",""values"":[""6""]}","[{""id"":1298,""name"":""Active &amp; Social Events"",""slug"":""active-social-events"",""parent"":909},{""id"":374,""name"":""Families &amp; Kids"",""slug"":""families-kids"",""parent"":361}]",[],"{""id"":145039,""global_id"":""fargounderground.com?id=145039"",""venue"":""Skate City ND"",""address"":""3302 Interstate Blvd S"",""city"":""Fargo"",""country"":""United States"",""province"":""North Dakota"",""zip"":""58103"",""website"":""skatecitynd.com"",""phone"":""(701) 235-0555"",""url"":""https://fargounderground.com/venue/skate-city-nd/"",""show_map"":true,""show_map_link"":true}",[],"Catering to families and skaters of all ages and skill levels. Join us for a midweek session with discounted admission! Just $6 per skater, plus $4.00 skate rental if needed. Family Night Out Discount Night is a great way to get some midweek fun for the whole family at a great rate. Bring friends and extended family for good music, games and food! Groups & Clubs Whether you’re in a college club, book club or sports team, our group rates can’t be beaten! Reserve your group of 15 or more skaters at get admission for $6 per skater, which includes choice of rental! Daycares & Youth Groups Skating is a great way to get your daycare or youth group out for a night of fun! This midweek session is a great opportunity. Reserve a group of 15 or more and get our group rates – just $6 per skater, which includes choice of skate rental! Groups also get our meal deal (hotdogs, chips, and small drink) for just $5 per skater.",,"{""url"":""https://fargounderground.com/wp-content/uploads/2025/09/Discount-Skate-TV-Slide.png"",""id"":263371,""extension"":""png"",""width"":1920,""height"":1080}","{""_ecp_custom_2"":{""label"":""Region"",""value"":""Fargo""}}",false,false,,,2025-09-06 19:23:30,2025-09-07 00:23:30,true,true,,,
2026-09-30T20:20:26Z,fargounderground.com,https://fargounderground.com/wp-json/tribe/events/v1/events,97,10054507,fargounderground.com?id=10054507,Taco Night and Bingo!,2028-08-16 18:00:00,2028-08-16 23:00:00,2028-08-16 20:00:00,2028-08-17 01:00:00,America/Chicago,false,false,publish,https://fargounderground.com/event/taco-night-and-bingo-31/2028-08-16/,,,Free,"{""currency_symbol"":""$"",""currency_code"":""USD"",""currency_position"":""prefix"",""values"":[""0""]}","[{""id"":372,""name"":""Food &amp; Drink"",""slug"":""food-drink"",""parent"":0},{""id"":370,""name"":""Trivia &amp; Bingo"",""slug"":""trivia"",""parent"":909}]",[],"{""id"":91157,""global_id"":""fargounderground.com?id=91157"",""venue"":""Dempsey’s Public House"",""address"":""226 Broadway N"",""city"":""Fargo"",""country"":""United States"",""province"":""ND"",""zip"":""58102"",""website"":""https://dempseysfargo.com/"",""url"":""https://fargounderground.com/venue/dempseys-public-house-2/"",""geo_lat"":46.8789764,""geo_lng"":-96.7882596,""show_map"":true,""show_map_link"":true}",[],Play FREE Bingo from 6 – 8pm! Get $1 Tacos from 4 – 9pm!,,"{""url"":""https://fargounderground.com/wp-content/uploads/2022/11/taco-night-dempseys-dhBTti.tmp_.png"",""id"":142669,""extension"":""png"",""width"":945,""height"":532}",[],false,false,,,2023-03-28 17:45:42,2023-03-28 22:45:42,false,false,,,
2026-09-30T20:20:26Z,fargounderground.com,https://fargounderground.com/wp-json/tribe/events/v1/events,97,10028401,fargounderground.com?id=10028401,Harold’s Karaoke Party,2028-08-16 20:00:00,2028-08-17 01:00:00,2028-08-17 01:00:00,2028-08-17 06:00:00,America/Chicago,false,false,publish,https://fargounderground.com/event/harolds-karaoke-party-2/2028-08-16/,,,Free,"{""currency_symbol"":""$"",""currency_code"":""USD"",""currency_position"":""prefix"",""values"":[""0""]}","[{""id"":368,""name"":""Karaoke"",""slug"":""karaoke"",""parent"":909}]",[],"{""id"":146111,""global_id"":""fargounderground.com?id=146111"",""venue"":""Harold&#8217;s on Main"",""address"":""1330 Main Ave"",""city"":""Moorhead"",""country"":""United States"",""province"":""MN"",""zip"":""56560"",""website"":""https://www.facebook.com/HaroldsOnMain/"",""phone"":""(218) 233-3477"",""url"":""https://fargounderground.com/venue/harolds-on-main-2/"",""geo_lat"":46.8748909,""geo_lng"":-96.8000869,""show_map"":true,""show_map_link"":true}",[],✨🎤 HARAOKE – Karaoke at Harold’s! Every Wednesday at 8pm 🎤✨,,"{""url"":""https://fargounderground.com/wp-content/uploads/2023/04/harolds-karaoke-jpg-webp.webp"",""id"":156209,""extension"":""webp"",""width"":1920,""height"":1080}",[],false,false,,,2023-09-18 17:09:27,2023-09-18 22:09:27,false,false,,,
2026-09-30T20:20:26Z,fargounderground.com,https://fargounderground.com/wp-json/tribe/events/v1/events,97,10067763,fargounderground.com?id=10067763,Open Mic Comedy in the Cellar,2028-08-16 20:00:00,2028-08-17 01:00:00,2028-08-16 21:30:00,2028-08-17 02:30:00,America/Chicago,false,false,publish,https://fargounderground.com/event/open-mic-comedy-in-the-cellar-3/2028-08-16/,,,Free,"{""currency_symbol"":""$"",""currency_code"":""USD"",""currency_position"":""prefix"",""values"":[""0""]}","[{""id"":432,""name"":""Comedy"",""slug"":""comedy-arts-entertainment"",""parent"":909},{""id"":359,""name"":""Nightlife"",""slug"":""nightlife"",""parent"":909},{""id"":369,""name"":""Open Mic &amp; Jam"",""slug"":""open-mic-jam"",""parent"":909}]","[{""name"":""Comedy"",""slug"":""comedy"",""term_group"":0,""term_taxonomy_id"":310,""taxonomy"":""post_tag"",""description"":"""",""parent"":0,""count"":86,""filter"":""raw"",""id"":310,""urls"":{""self"":""https://fargounderground.com/wp-json/tribe/events/v1/tags/310"",""collection"":""https://fargounderground.com/wp-json/tribe/events/v1/tags""}}]","{""id"":121817,""global_id"":""fargounderground.com?id=121817"",""venue"":""The Cellar Comedy Club"",""address"":""614 Main Ave"",""city"":""Fargo"",""country"":""United States"",""province"":""ND"",""state"":""ND"",""zip"":""58103"",""website"":""https://www.fargomoorhead.org/venue/the-cellar-comedy-club/"",""url"":""https://fargounderground.com/venue/the-cellar-comedy-club/"",""geo_lat"":46.8741865,""geo_lng"":-96.7888348,""show_map"":true,""show_map_link"":true}","[{""id"":189866,""global_id"":""fargounderground.com?id=189866"",""organizer"":""The Cellar Comedy Club"",""url"":""https://fargounderground.com/organizer/"",""website"":""https://www.frontstreettaproom.com/comedyinthecellar"",""phone"":""(701) 566-7226"",""email"":""frontstreettaproom@gmail.com""}]","Open Mic Comedy Every Wednesday Night Doors open at 7pm Sign-up at 7:30pm Show starts at 8pm Up to 25 Comedians 3 or 5 Minute Sets Free Event No Ticket Required 21+ STAGE TIME IS NOT GUARANTEED Comedy in the Cellar Underground Comedy Club Below Front Street Taproom Downtown Fargo, ND",,"{""url"":""https://fargounderground.com/wp-content/uploads/2025/11/Open-Mic-Comedy-Cover.jpg"",""id"":284169,""extension"":""jpg"",""width"":2000,""height"":2000}","{""_ecp_custom_2"":{""label"":""Region"",""value"":""Fargo""}}",false,false,,,2025-11-13 12:49:52,2025-11-13 18:49:52,true,true,,,
2026-09-30T20:20:26Z,fargounderground.com,https://fargounderground.com/wp-json/tribe/events/v1/events,97,10056396,fargounderground.com?id=10056396,Pickabob Grill & BBQ,2028-08-17 11:00:00,2028-08-17 16:00:00,2028-08-17 22:00:00,2028-08-18 03:00:00,America/Chicago,false,false,publish,https://fargounderground.com/event/pickabob-grill-bbq/2028-08-17/,,,,"{""currency_symbol"":""$"",""currency_code"":""USD"",""currency_position"":""prefix"",""values"":[]}","[{""id"":825,""name"":""Food Trucks"",""slug"":""food-trucks"",""parent"":372}]",[],"{""id"":160212,""global_id"":""fargounderground.com?id=160212"",""venue"":""Great Northern Park"",""address"":""425 Broadway N"",""city"":""Fargo"",""country"":""United States"",""province"":""North Dakota"",""zip"":""58102"",""url"":""https://fargounderground.com/venue/great-northern-park/"",""show_map"":true,""show_map_link"":true}",[],,,false,[],false,false,,,2023-06-16 10:57:07,2023-06-16 15:57:07,false,false,,,
2026-09-30T20:20:26Z,fargounderground.com,https://fargounderground.com/wp-json/tribe/events/v1/events,97,10054862,fargounderground.com?id=10054862,Free Dog Night and Rock & Roll Bingo!,2028-08-17 18:00:00,2028-08-17 23:00:00,2028-08-17 20:00:00,2028-08-18 01:00:00,America/Chicago,false,false,publish,https://fargounderground.com/event/free-dog-night-and-rock-roll-bingo-31/2028-08-17/,,,Free,"{""currency_symbol"":""$"",""currency_code"":""USD"",""currency_position"":""prefix"",""values"":[""0""]}","[{""id"":372,""name"":""Food &amp; Drink"",""slug"":""food-drink"",""parent"":0},{""id"":370,""name"":""Trivia &amp; Bingo"",""slug"":""trivia"",""parent"":909}]",[],"{""id"":91157,""global_id"":""fargounderground.com?id=91157"",""venue"":""Dempsey’s Public House"",""address"":""226 Broadway N"",""city"":""Fargo"",""country"":""United States"",""province"":""ND"",""zip"":""58102"",""website"":""https://dempseysfargo.com/"",""url"":""https://fargounderground.com/venue/dempseys-public-house-2/"",""geo_lat"":46.8789764,""geo_lng"":-96.7882596,""show_map"":true,""show_map_link"":true}",[],Play FREE Rock & Roll Bingo from 6 – 8pm! Get FREE Hot Dogs from 4 – 9pm!,,"{""url"":""https://fargounderground.com/wp-content/uploads/2022/11/hot-dog-night-tO0mPR.tmp_.png"",""id"":142672,""extension"":""png"",""width"":945,""height"":532}",[],false,false,,,2023-03-28 17:49:54,2023-03-28 22:49:54,false,false,,,
2026-09-30T20:20:26Z,fargounderground.com,https://fargounderground.com/wp-json/tribe/events/v1/events,97,10052554,fargounderground.com?id=10052554,Full Circle Open Mic,2028-08-17 19:00:00,2028-08-18 00:00:00,2028-08-17 22:00:00,2028-08-18 03:00:00,America/Chicago,false,false,publish,https://fargounderground.com/event/full-circle-open-mic/2028-08-17/,,,Free,"{""currency_symbol"":""$"",""currency_code"":""USD"",""currency_position"":""prefix"",""values"":[""0""]}","[{""id"":369,""name"":""Open Mic &amp; Jam"",""slug"":""open-mic-jam"",""parent"":909}]",[],"{""id"":144429,""global_id"":""fargounderground.com?id=144429"",""venue"":""Black Coffee and Waffle Bar Fargo"",""address"":""550 2nd Ave N"",""city"":""Fargo"",""country"":""United States"",""province"":""North Dakota"",""zip"":""58102"",""website"":""https://blackcoffeeandwaffle.com/"",""phone"":""701-566-8749"",""url"":""https://fargounderground.com/venue/black-coffee-and-waffle-bar-fargo/"",""show_map"":true,""show_map_link"":true}",[],"Every Thursday is open mic night! Come out and tell a few jokes, sing your heart out, or read poetry. Hosted at Black Coffee and Waffle bar in downtown Fargo, ND.",,"{""url"":""https://fargounderground.com/wp-content/uploads/2022/12/314756703_10228005485586320_4750178534703107090_n-jpg-webp.webp"",""id"":144430,""extension"":""webp"",""width"":1800,""height"":1200}",[],false,false,,,2023-01-20 12:43:36,2023-01-20 18:43:36,false,false,,,
2026-09-30T20:20:26Z,fargounderground.com,https://fargounderground.com/wp-json/tribe/events/v1/events,97,10025678,fargounderground.com?id=10025678,Thursday Night Trivia at Downtown Fargo VFW,2028-08-17 19:00:00,2028-08-18 00:00:00,2028-08-17 21:00:00,2028-08-18 02:00:00,America/Chicago,false,false,publish,https://fargounderground.com/event/thursday-night-trivia-at-downtown-fargo-vfw-2/2028-08-17/,,,,"{""currency_symbol"":""$"",""currency_code"":""USD"",""currency_position"":""prefix"",""values"":[]}","[{""id"":370,""name"":""Trivia &amp; Bingo"",""slug"":""trivia"",""parent"":909}]",[],"{""id"":49586,""global_id"":""fargounderground.com?id=49586"",""venue"":""Fargo VFW Club, Post 762"",""address"":""202 Broadway N"",""city"":""Fargo"",""country"":""United States"",""province"":""ND"",""zip"":""58102"",""website"":""https://www.fargomoorhead.org/venue/fargo-vfw-club-post-762/"",""url"":""https://fargounderground.com/venue/vfw-coors-light-chili-cookoff/"",""geo_lat"":46.8781689,""geo_lng"":-96.7881193,""show_map"":true,""show_map_link"":true}",[],Looking for some fun on a Thursday night? Look no further than the Downtown Fargo VFW! Here’s what to look forward to: *FREE to Play! *Win FREE Drinks or Get Zonked with “WHAT’S IN THE BAG?!” *Paper Airline Contest at the End of Every Game! Come out…Bring your friends…And join in the fun!,,"{""url"":""https://fargounderground.com/wp-content/uploads/2023/04/340653856_254607436910250_5743893530831022969_n-jpg-webp.webp"",""id"":157568,""extension"":""webp"",""width"":1920,""height"":1005}",[],false,false,,,2023-09-05 14:45:31,2023-09-05 19:45:31,false,false,,,
2026-09-30T20:20:26Z,fargounderground.com,https://fargounderground.com/wp-json/tribe/events/v1/events,97,10043012,fargounderground.com?id=10043012,Belly Dance for Beginners,2028-08-17 19:30:00,2028-08-18 00:30:00,2028-08-17 20:30:00,2028-08-18 01:30:00,America/Chicago,false,false,publish,https://fargounderground.com/event/belly-dance-for-beginners/2028-08-17/,https://facebook.com/mindakbellydance,,$10,"{""currency_symbol"":""$"",""currency_code"":"""",""currency_position"":""prefix"",""values"":[""10""]}","[{""id"":362,""name"":""Classes &amp; Workshops"",""slug"":""classes-workshops"",""parent"":409},{""id"":412,""name"":""Culture &amp; Heritage"",""slug"":""culture"",""parent"":428},{""id"":569,""name"":""Fitness &amp; Yoga"",""slug"":""fitness-yoga"",""parent"":897}]",[],"{""id"":100299,""global_id"":""fargounderground.com?id=100299"",""venue"":""FM Aerial &amp; Movement Arts"",""address"":""508 Oak St. N Suite A"",""city"":""Fargo, ND"",""state"":""ND"",""zip"":""58102"",""website"":""fmaerial.com"",""phone"":""7012033448"",""url"":""https://fargounderground.com/venue/fm-aerial-movement-arts/"",""geo_lat"":46.88134,""geo_lng"":-96.779159,""show_map"":true,""show_map_link"":true}",[],"MinDak Belly Dance teaches belly dance classes in the Fargo-Moorhead area. Beginning belly dance teaches the foundations of Middle Eastern dance. You will learn belly dance posture and movements including shimmys, isolations, hip bumps, and more! No experience necessary! $10 cash at the door $10 coin belts available for purchase to enhance your dance! We meet weekly at FM AERIAL MOVEMENT ARTS 508 Oak St N Fargo EVERY Thursday from 7:30 pm-8:30 pm",,"{""url"":""https://fargounderground.com/wp-content/uploads/2023/06/MDBD-FLYER-jpg.webp"",""id"":188808,""extension"":""webp"",""width"":695,""height"":900}","{""_ecp_custom_2"":{""label"":""Region"",""value"":""Fargo""}}",false,false,,,2024-03-28 14:09:15,2024-03-28 19:09:15,true,true,,,
2026-09-30T20:20:26Z,fargounderground.com,https://fargounderground.com/wp-json/tribe/events/v1/events,97,10062250,fargounderground.com?id=10062250,College Night Bowling,2028-08-17 22:00:00,2028-08-18 03:00:00,2028-08-18 00:00:00,2028-08-18 05:00:00,America/Chicago,false,false,publish,https://fargounderground.com/event/college-night-bowling/2028-08-17/,,,$8,"{""currency_symbol"":""$"",""currency_code"":""USD"",""currency_position"":""prefix"",""values"":[""8""]}","[{""id"":1298,""name"":""Active &amp; Social Events"",""slug"":""active-social-events"",""parent"":909},{""id"":408,""name"":""College Events"",""slug"":""college-events"",""parent"":361},{""id"":372,""name"":""Food &amp; Drink"",""slug"":""food-drink"",""parent"":0}]",[],"{""id"":146365,""global_id"":""fargounderground.com?id=146365"",""venue"":""Sunset Lanes"",""address"":""620 U.S. 75"",""city"":""Moorhead"",""country"":""United States"",""province"":""MN"",""state"":""MN"",""zip"":""56560"",""website"":""https://bowlingsunset.com/"",""url"":""https://fargounderground.com/venue/sunset-lanes/"",""geo_lat"":46.8818938,""geo_lng"":-96.7431497,""show_map"":true,""show_map_link"":true}",[],"Grab your friends for a night you’ll never forget (well, maybe…..)! $8 all-you-can-bowl from 10 pm to midnight. Mug specials on adult beverages! Get a pizza, drinks, a bowl, and play in the arcade – it doesn’t get any better than that!",,"{""url"":""https://fargounderground.com/wp-content/uploads/2025/09/crw_1240h_620.webp"",""id"":263446,""extension"":""webp"",""width"":1240,""height"":620}","{""_ecp_custom_2"":{""label"":""Region"",""value"":""Moorhead""}}",false,false,,,2025-09-07 12:02:55,2025-09-07 17:02:55,true,true,,,
2026-09-30T20:20:26Z,fargounderground.com,https://fargounderground.com/wp-json/tribe/events/v1/events,97,10056688,fargounderground.com?id=10056688,Pickabob Grill & BBQ,2028-08-18 11:00:00,2028-08-18 16:00:00,2028-08-19 02:30:00,2028-08-19 07:30:00,America/Chicago,false,false,publish,https://fargounderground.com/event/pickabob-grill-bbq-2/2028-08-18/,,,,"{""currency_symbol"":""$"",""currency_code"":""USD"",""currency_position"":""prefix"",""values"":[]}","[{""id"":825,""name"":""Food Trucks"",""slug"":""food-trucks"",""parent"":372}]",[],"{""id"":160212,""global_id"":""fargounderground.com?id=160212"",""venue"":""Great Northern Park"",""address"":""425 Broadway N"",""city"":""Fargo"",""country"":""United States"",""province"":""North Dakota"",""zip"":""58102"",""url"":""https://fargounderground.com/venue/great-northern-park/"",""show_map"":true,""show_map_link"":true}",[],,,false,[],false,false,,,2023-06-16 10:56:57,2023-06-16 15:56:57,false,false,,,
2026-09-30T20:20:26Z,fargounderground.com,https://fargounderground.com/wp-json/tribe/events/v1/events,97,10060159,fargounderground.com?id=10060159,Glow Skate Night,2028-08-18 20:00:00,2028-08-19 01:00:00,2028-08-18 22:00:00,2028-08-19 03:00:00,America/Chicago,false,false,publish,https://fargounderground.com/event/glow-skate-night/2028-08-18/,https://www.skatecitynd.com/2025/07/7334/,,$10,"{""currency_symbol"":""$"",""currency_code"":""USD"",""currency_position"":""prefix"",""values"":[""10""]}","[{""id"":1298,""name"":""Active &amp; Social Events"",""slug"":""active-social-events"",""parent"":909},{""id"":374,""name"":""Families &amp; Kids"",""slug"":""families-kids"",""parent"":361}]",[],"{""id"":145039,""global_id"":""fargounderground.com?id=145039"",""venue"":""Skate City ND"",""address"":""3302 Interstate Blvd S"",""city"":""Fargo"",""country"":""United States"",""province"":""North Dakota"",""zip"":""58103"",""website"":""skatecitynd.com"",""phone"":""(701) 235-0555"",""url"":""https://fargounderground.com/venue/skate-city-nd/"",""show_map"":true,""show_map_link"":true}",[],"This nighttime session brings a great atmosphere with good music to skate to, games, a blackout skate and glow sticks! Every paid skater gets a FREE GLOW STICK! Blackout Skate For a portion of the session, we will black out the rink and side aisle lighting. While there is still enough visibility to navigate the skating floor, the darker environment creates a concert-style atmosphere. When coupled with our glow products, this elevates and enhances your skating experience! Glow Sticks Get a FREE glow stick for every paid skater! We want everyone to enjoy the glow night and create a fun, glowing atmosphere, so we provide every paid skater with a glow stick on us! Great Music & Games We pick great music for dancing and skating for this Friday night session. Nothing pairs with specialty lights and blackout skates like songs with a good rhythm!",,"{""url"":""https://fargounderground.com/wp-content/uploads/2025/09/Glow-Skate-TV.png"",""id"":263362,""extension"":""png"",""width"":1920,""height"":1080}","{""_ecp_custom_2"":{""label"":""Region"",""value"":""Fargo""}}",false,false,,,2025-09-06 19:10:31,2025-09-07 00:10:31,true,true,,,
2026-09-30T20:20:26Z,fargounderground.com,https://fargounderground.com/wp-json/tribe/events/v1/events,97,10061359,fargounderground.com?id=10061359,Cosmic Bowling,2028-08-18 21:30:00,2028-08-19 02:30:00,2028-08-19 00:00:00,2028-08-19 05:00:00,America/Chicago,false,false,publish,https://fargounderground.com/event/cosmic-bowling/2028-08-18/,,,$15,"{""currency_symbol"":""$"",""currency_code"":""USD"",""currency_position"":""prefix"",""values"":[""15""]}","[{""id"":1298,""name"":""Active &amp; Social Events"",""slug"":""active-social-events"",""parent"":909},{""id"":374,""name"":""Families &amp; Kids"",""slug"":""families-kids"",""parent"":361}]",[],"{""id"":263439,""global_id"":""fargounderground.com?id=263439"",""venue"":""West Acres Bowl"",""address"":""3402 Interstate Blvd S"",""city"":""Fargo"",""country"":""United States"",""state"":""ND"",""zip"":""58103"",""phone"":""701-235-4437"",""url"":""https://fargounderground.com/venue/west-acres-bowl/"",""geo_lat"":46.8637495,""geo_lng"":-96.8363583,""show_map"":true,""show_map_link"":true}",[],"Get ready for an out-of-this-world experience at West Acres Bowl with Cosmic Bowling every Friday and Saturday night! 🌌 From 9:30 PM to Midnight, the lights go down and the blacklights turn up. Bowl to the rhythm of great music and enjoy a unique, high-energy atmosphere. Perfect for a night out with friends, a fun date, or a late-night family activity. No reservations are needed—just show up and get ready to glow!",,"{""url"":""https://fargounderground.com/wp-content/uploads/2025/09/Cosmic-Bowling.jpg"",""id"":263436,""extension"":""jpg"",""width"":2348,""height"":1536}","{""_ecp_custom_2"":{""label"":""Region"",""value"":""Fargo""}}",false,false,,,2025-09-07 11:39:17,2025-09-07 16:39:17,true,true,,,
2026-09-30T20:20:26Z,fargounderground.com,https://fargounderground.com/wp-json/tribe/events/v1/events,97,10061881,fargounderground.com?id=10061881,Rock N Bowl,2028-08-18 22:00:00,2028-08-19 03:00:00,2028-08-19 00:00:00,2028-08-19 05:00:00,America/Chicago,false,false,publish,https://fargounderground.com/event/rock-n-bowl/2028-08-18/,https://bowlingsunset.com/rock-n-bowl,,$13,"{""currency_symbol"":""$"",""currency_code"":""USD"",""currency_position"":""prefix"",""values"":[""13""]}","[{""id"":1298,""name"":""Active &amp; Social Events"",""slug"":""active-social-events"",""parent"":909},{""id"":372,""name"":""Food &amp; Drink"",""slug"":""food-drink"",""parent"":0}]",[],"{""id"":146365,""global_id"":""fargounderground.com?id=146365"",""venue"":""Sunset Lanes"",""address"":""620 U.S. 75"",""city"":""Moorhead"",""country"":""United States"",""province"":""MN"",""state"":""MN"",""zip"":""56560"",""website"":""https://bowlingsunset.com/"",""url"":""https://fargounderground.com/venue/sunset-lanes/"",""geo_lat"":46.8818938,""geo_lng"":-96.7431497,""show_map"":true,""show_map_link"":true}",[],"$13 per person. Grab some friends and head over to Sunset Lanes for Rock N Bowl. Sunset Lanes has Qubica’s deckpin lighting and cap lighting. The bar and kitchen are open all night long, so enjoy some food and drinks while you bowl. This event is fun for all ages.",,"{""url"":""https://fargounderground.com/wp-content/uploads/2025/09/rsw_1240h_620cg_true.webp"",""id"":263442,""extension"":""webp"",""width"":1240,""height"":620}","{""_ecp_custom_2"":{""label"":""Region"",""value"":""Moorhead""}}",false,false,,,2025-09-07 11:45:40,2025-09-07 16:45:40,true,true,,,
2026-09-30T20:20:26Z,fargounderground.com,https://fargounderground.com/wp-json/tribe/events/v1/events,97,10060682,fargounderground.com?id=10060682,Saturday Morning Family Skate,2028-08-19 10:00:00,2028-08-19 15:00:00,2028-08-19 12:00:00,2028-08-19 17:00:00,America/Chicago,false,false,publish,https://fargounderground.com/event/saturday-morning-family-skate/2028-08-19/,https://www.skatecitynd.com/2024/02/family-skate/,,$6,"{""currency_symbol"":""$"",""currency_code"":""USD"",""currency_position"":""prefix"",""values"":[""6""]}","[{""id"":1298,""name"":""Active &amp; Social Events"",""slug"":""active-social-events"",""parent"":909},{""id"":374,""name"":""Families &amp; Kids"",""slug"":""families-kids"",""parent"":361}]",[],"{""id"":145039,""global_id"":""fargounderground.com?id=145039"",""venue"":""Skate City ND"",""address"":""3302 Interstate Blvd S"",""city"":""Fargo"",""country"":""United States"",""province"":""North Dakota"",""zip"":""58103"",""website"":""skatecitynd.com"",""phone"":""(701) 235-0555"",""url"":""https://fargounderground.com/venue/skate-city-nd/"",""show_map"":true,""show_map_link"":true}",[],"Catering to families with young skaters, this Saturday morning session offers discounted admission for families along with age-appropriate music and skating aids at half off the regular price! Help for Our Youngest Skaters Our Family Skate is great for our newest skaters! We have Zippy Adjustable Skates, which go over the shoe, have a lower and wider wheel base, and roll more slowly. These are great for learning balance. We also rent Skate Mates for skaters aged 10 and under for $2.50 which is 1/2 off the regular price. Discounted Admission for All As families grow so do the expenses to go out and have fun together. We want to help and so during our Family Skate you can enjoy a lower admission at just $6 per skater. Don’t have your own skates? No problem! Rent your choice of inline or roller skates for just $4.00. Themed Skate Sessions Our Family Skate is a great session to host themed skates throughout the year. Whether celebrating a holiday or creating our own fun with a Superhero Skate, these can feature costumes, festivities and prizes, and themed music! Themed events may have special pricing on Admission.",,"{""url"":""https://fargounderground.com/wp-content/uploads/2025/09/family-skate-TV.png"",""id"":263376,""extension"":""png"",""width"":1920,""height"":1080}","{""_ecp_custom_2"":{""label"":""Region"",""value"":""Fargo""}}",false,false,,,2025-09-06 19:30:43,2025-09-07 00:30:43,true,true,,,
2026-09-30T20:20:26Z,fargounderground.com,https://fargounderground.com/wp-json/tribe/events/v1/events,97,10056792,fargounderground.com?id=10056792,Pickabob Grill & BBQ,2028-08-19 12:00:00,2028-08-19 17:00:00,2028-08-20 02:30:00,2028-08-20 07:30:00,America/Chicago,false,false,publish,https://fargounderground.com/event/pickabob-grill-bbq-3/2028-08-19/,,,,"{""currency_symbol"":""$"",""currency_code"":""USD"",""currency_position"":""prefix"",""values"":[]}","[{""id"":825,""name"":""Food Trucks"",""slug"":""food-trucks"",""parent"":372}]",[],"{""id"":160212,""global_id"":""fargounderground.com?id=160212"",""venue"":""Great Northern Park"",""address"":""425 Broadway N"",""city"":""Fargo"",""country"":""United States"",""province"":""North Dakota"",""zip"":""58102"",""url"":""https://fargounderground.com/venue/great-northern-park/"",""show_map"":true,""show_map_link"":true}",[],,,false,[],false,false,,,2023-06-16 10:54:49,2023-06-16 15:54:49,false,false,,,
2026-09-30T20:20:26Z,fargounderground.com,https://fargounderground.com/wp-json/tribe/events/v1/events,97,10060943,fargounderground.com?id=10060943,Saturday Night Special Skate,2028-08-19 18:00:00,2028-08-19 23:00:00,2028-08-19 21:00:00,2028-08-20 02:00:00,America/Chicago,false,false,publish,https://fargounderground.com/event/saturday-night-special-skate/2028-08-19/,https://www.skatecitynd.com/2025/08/saturday-night-special/,,$6,"{""currency_symbol"":""$"",""currency_code"":""USD"",""currency_position"":""prefix"",""values"":[""6""]}","[{""id"":1298,""name"":""Active &amp; Social Events"",""slug"":""active-social-events"",""parent"":909},{""id"":374,""name"":""Families &amp; Kids"",""slug"":""families-kids"",""parent"":361}]",[],"{""id"":145039,""global_id"":""fargounderground.com?id=145039"",""venue"":""Skate City ND"",""address"":""3302 Interstate Blvd S"",""city"":""Fargo"",""country"":""United States"",""province"":""North Dakota"",""zip"":""58103"",""website"":""skatecitynd.com"",""phone"":""(701) 235-0555"",""url"":""https://fargounderground.com/venue/skate-city-nd/"",""show_map"":true,""show_map_link"":true}",[],"Spend your Saturday Nights skating and jamming with us! Catering to families and skaters of all ages and skill levels. A perfect way to spend your weekend evening all while saving! 3-Hours of skating for just $6 per skater, plus $4.00 skate rental if needed. Family Night Out Saturday Night is a great way to get some weekend fun for the whole family at a great rate. Bring friends and extended family for good music, games and food! Groups & Clubs Whether you’re in a college club, book club or sports team, our group rates can’t be beaten! Reserve your group of 15 or more skaters at get admission for $6 per skater, which includes choice of rental! Birthday Celebrations Skating is the best way to celebrate another year around the sun. Book your party online then invite your friends and family for a party that will stand out from the rest. Parties start as low as just $149. For more information on our great packages – Click Here –",,"{""url"":""https://fargounderground.com/wp-content/uploads/2025/09/Saturday-Night-Special-TV-Slide-7.25-scaled-1-scaled.jpg"",""id"":263379,""extension"":""jpg"",""width"":2560,""height"":1451}","{""_ecp_custom_2"":{""label"":""Region"",""value"":""Fargo""}}",false,false,,,2025-09-06 19:33:55,2025-09-07 00:33:55,true,true,,,
2026-09-30T20:20:26Z,fargounderground.com,https://fargounderground.com/wp-json/tribe/events/v1/events,97,10059899,fargounderground.com?id=10059899,Adult Skate Night,2028-08-19 21:00:00,2028-08-20 02:00:00,2028-08-19 23:00:00,2028-08-20 04:00:00,America/Chicago,false,false,publish,https://fargounderground.com/event/adult-skate-night/2028-08-19/,https://www.skatecitynd.com/2025/08/adult-night/,,$10,"{""currency_symbol"":""$"",""currency_code"":""USD"",""currency_position"":""prefix"",""values"":[""10""]}","[{""id"":1298,""name"":""Active &amp; Social Events"",""slug"":""active-social-events"",""parent"":909},{""id"":909,""name"":""Entertainment"",""slug"":""entertainment"",""parent"":0},{""id"":359,""name"":""Nightlife"",""slug"":""nightlife"",""parent"":909}]",[],"{""id"":173814,""global_id"":""fargounderground.com?id=173814"",""venue"":""Skate City"",""address"":""3302 Interstate Blvd S"",""city"":""Fargo"",""country"":""United States"",""province"":""ND"",""zip"":""58103"",""website"":""https://skatecitynd.com/"",""phone"":""701-235-0555"",""url"":""https://fargounderground.com/venue/"",""geo_lat"":46.865252,""geo_lng"":-96.833748,""show_map"":true,""show_map_link"":true}",[],Catering to our adult crowd looking for a great Saturday Night! This is an 18+ Only Session with less games and more skating. Admission is $10. Skate rental is $4.00 if needed. Observing adults must pay admission.,,"{""url"":""https://fargounderground.com/wp-content/uploads/2025/09/Adult-Night-TV-Slide.jpeg"",""id"":263357,""extension"":""jpeg"",""width"":1920,""height"":1080}","{""_ecp_custom_2"":{""label"":""Region"",""value"":""Fargo""}}",false,false,,,2025-09-06 19:06:57,2025-09-07 00:06:57,true,true,,,
2026-09-30T20:20:26Z,fargounderground.com,https://fargounderground.com/wp-json/tribe/events/v1/events,97,10065063,fargounderground.com?id=10065063,Alibi Karaoke,2028-08-19 21:00:00,2028-08-20 02:00:00,2028-08-20 01:00:00,2028-08-20 06:00:00,America/Chicago,false,false,publish,https://fargounderground.com/event/alibi-karaoke/2028-08-19/,https://fargonddj.com/event/6277439/737366223/alibi-karaoke,,,"{""currency_symbol"":""$"",""currency_code"":""USD"",""currency_position"":""prefix"",""values"":[]}","[{""id"":368,""name"":""Karaoke"",""slug"":""karaoke"",""parent"":909},{""id"":359,""name"":""Nightlife"",""slug"":""nightlife"",""parent"":909}]","[{""name"":""drinks"",""slug"":""drinks"",""term_group"":0,""term_taxonomy_id"":74,""taxonomy"":""post_tag"",""description"":"""",""parent"":0,""count"":21,""filter"":""raw"",""id"":74,""urls"":{""self"":""https://fargounderground.com/wp-json/tribe/events/v1/tags/74"",""collection"":""https://fargounderground.com/wp-json/tribe/events/v1/tags""}},{""name"":""Music"",""slug"":""music"",""term_group"":0,""term_taxonomy_id"":29,""taxonomy"":""post_tag"",""description"":"""",""parent"":0,""count"":26,""filter"":""raw"",""id"":29,""urls"":{""self"":""https://fargounderground.com/wp-json/tribe/events/v1/tags/29"",""collection"":""https://fargounderground.com/wp-json/tribe/events/v1/tags""}}]","{""id"":148614,""global_id"":""fargounderground.com?id=148614"",""venue"":""Alibi Lounge"",""address"":""1340 21st Ave S"",""city"":""Fargo"",""province"":""ND"",""zip"":""58103"",""website"":""https://alibi-lounge.business.site/"",""phone"":""(701) 235-3141"",""url"":""https://fargounderground.com/venue/alibi-lounge/"",""geo_lat"":46.8463963,""geo_lng"":-96.8004683,""show_map"":false,""show_map_link"":false}","[{""id"":180416,""global_id"":""fargounderground.com?id=180416"",""organizer"":""D&amp;J Music + Karaoke"",""url"":""https://fargounderground.com/organizer/"",""website"":""https://djmusickaraoke.com/"",""phone"":""‪(701) 566-9525‬"",""email"":""info@djmusickaraoke.com""}]","Join us for another night of Saturday Night Madness including but not limited to drinks, music and gambling at The Alibi Lounge located inside the legendary Baymont Inn, South University Drive Fargo. Bring friends, make friends, and prepare yourself for a night to remember.",,"{""url"":""https://fargounderground.com/wp-content/uploads/2025/10/IMG_6023.jpeg"",""id"":278949,""extension"":""jpeg"",""width"":828,""height"":987}","{""_ecp_custom_2"":{""label"":""Region"",""value"":""Fargo""}}",false,false,,,2025-10-08 11:20:43,2025-10-08 16:20:43,true,true,,,
2026-09-30T20:20:26Z,fargounderground.com,https://fargounderground.com/wp-json/tribe/events/v1/events,97,10028918,fargounderground.com?id=10028918,Karaoke at Dempsey’s,2028-08-19 21:00:00,2028-08-20 02:00:00,2028-08-20 02:00:00,2028-08-20 07:00:00,America/Chicago,false,false,publish,https://fargounderground.com/event/karaoke-at-dempseys-59-2/2028-08-19/,,,Free,"{""currency_symbol"":""$"",""currency_code"":""USD"",""currency_position"":""prefix"",""values"":[""free""]}","[{""id"":368,""name"":""Karaoke"",""slug"":""karaoke"",""parent"":909}]",[],"{""id"":91157,""global_id"":""fargounderground.com?id=91157"",""venue"":""Dempsey’s Public House"",""address"":""226 Broadway N"",""city"":""Fargo"",""country"":""United States"",""province"":""ND"",""zip"":""58102"",""website"":""https://dempseysfargo.com/"",""url"":""https://fargounderground.com/venue/dempseys-public-house-2/"",""geo_lat"":46.8789764,""geo_lng"":-96.7882596,""show_map"":true,""show_map_link"":true}",[],"Dempsey’s has been named the Best Karaoke bar in Fargo for a reason! Sing your heart out during our FREE Karaoke night, every Tuesday and Saturday. It’s legendary!",,"{""url"":""https://fargounderground.com/wp-content/uploads/2022/11/karaoke-dempseys-0BUCH0.tmp_.png"",""id"":142666,""extension"":""png"",""width"":945,""height"":532}",[],false,false,,,2023-09-18 17:10:07,2023-09-18 22:10:07,false,false,,,
2026-09-30T20:20:26Z,fargounderground.com,https://fargounderground.com/wp-json/tribe/events/v1/events,97,10035128,fargounderground.com?id=10035128,Saturday Night Karaoke,2028-08-19 21:00:00,2028-08-20 02:00:00,2028-08-20 01:00:00,2028-08-20 06:00:00,America/Chicago,false,false,publish,https://fargounderground.com/event/saturday-night-karaoke/2028-08-19/,https://djtonyfalcon.com/events,,Free,"{""currency_symbol"":""$"",""currency_code"":""USD"",""currency_position"":""prefix"",""values"":[""0""]}","[{""id"":368,""name"":""Karaoke"",""slug"":""karaoke"",""parent"":909}]",[],"{""id"":148614,""global_id"":""fargounderground.com?id=148614"",""venue"":""Alibi Lounge"",""address"":""1340 21st Ave S"",""city"":""Fargo"",""province"":""ND"",""zip"":""58103"",""website"":""https://alibi-lounge.business.site/"",""phone"":""(701) 235-3141"",""url"":""https://fargounderground.com/venue/alibi-lounge/"",""geo_lat"":46.8463963,""geo_lng"":-96.8004683,""show_map"":false,""show_map_link"":false}","[{""id"":180416,""global_id"":""fargounderground.com?id=180416"",""organizer"":""D&amp;J Music + Karaoke"",""url"":""https://fargounderground.com/organizer/"",""website"":""https://djmusickaraoke.com/"",""phone"":""‪(701) 566-9525‬"",""email"":""info@djmusickaraoke.com""}]","Join DJ Tony Falcon for another night of Saturday Night Madness including but not limited to drinks, music and gambling at The Alibi Lounge located inside the legendary Baymont Inn, South University Drive Fargo. Bring friends, make friends, and prepare yourself for a night to remember. Mics are sanitized after every use.",,"{""url"":""https://fargounderground.com/wp-content/uploads/2024/01/417100139_860174092779522_3296353275171812107_n-jpg-webp.webp"",""id"":180465,""extension"":""webp"",""width"":960,""height"":556}","{""_ecp_custom_2"":{""label"":""Region"",""value"":""Fargo""}}",false,false,,,2025-08-24 12:42:10,2025-08-24 17:42:10,true,true,,,
2026-09-30T20:20:26Z,fargounderground.com,https://fargounderground.com/wp-json/tribe/events/v1/events,97,10029182,fargounderground.com?id=10029182,Vic’s Karaoke,2028-08-19 21:00:00,2028-08-20 02:00:00,2028-08-20 02:00:00,2028-08-20 07:00:00,America/Chicago,false,false,publish,https://fargounderground.com/event/vics-karaoke-2-2/2028-08-19/,,,Free,"{""currency_symbol"":""$"",""currency_code"":""USD"",""currency_position"":""prefix"",""values"":[""0""]}","[{""id"":368,""name"":""Karaoke"",""slug"":""karaoke"",""parent"":909}]",[],"{""id"":92621,""global_id"":""fargounderground.com?id=92621"",""venue"":""Vic&#8217;s Bar and Grill"",""address"":""1608 Main Avenue"",""city"":""Moorhead"",""country"":""United States"",""state"":""MN"",""zip"":""56560"",""phone"":""(218) 236-7714"",""url"":""https://fargounderground.com/venue/vics-lounge/"",""geo_lat"":46.8752849,""geo_lng"":-96.7729609,""show_map"":true,""show_map_link"":true}",[],"Join us Saturday nights at Vic’s for karaoke! The singing kicks off at 9 PM, but be sure to come early for the awesome specials!",,"{""url"":""https://fargounderground.com/wp-content/uploads/2023/09/429820599_908393177961600_6854180573421060203_n-jpg.webp"",""id"":189042,""extension"":""webp"",""width"":2048,""height"":1152}",[],false,false,,,2024-03-31 10:42:51,2024-03-31 15:42:51,false,false,,,
2026-09-30T20:20:26Z,fargounderground.com,https://fargounderground.com/wp-json/tribe/events/v1/events,97,10061360,fargounderground.com?id=10061360,Cosmic Bowling,2028-08-19 21:30:00,2028-08-20 02:30:00,2028-08-20 00:00:00,2028-08-20 05:00:00,America/Chicago,false,false,publish,https://fargounderground.com/event/cosmic-bowling/2028-08-19/,,,$15,"{""currency_symbol"":""$"",""currency_code"":""USD"",""currency_position"":""prefix"",""values"":[""15""]}","[{""id"":1298,""name"":""Active &amp; Social Events"",""slug"":""active-social-events"",""parent"":909},{""id"":374,""name"":""Families &amp; Kids"",""slug"":""families-kids"",""parent"":361}]",[],"{""id"":263439,""global_id"":""fargounderground.com?id=263439"",""venue"":""West Acres Bowl"",""address"":""3402 Interstate Blvd S"",""city"":""Fargo"",""country"":""United States"",""state"":""ND"",""zip"":""58103"",""phone"":""701-235-4437"",""url"":""https://fargounderground.com/venue/west-acres-bowl/"",""geo_lat"":46.8637495,""geo_lng"":-96.8363583,""show_map"":true,""show_map_link"":true}",[],"Get ready for an out-of-this-world experience at West Acres Bowl with Cosmic Bowling every Friday and Saturday night! 🌌 From 9:30 PM to Midnight, the lights go down and the blacklights turn up. Bowl to the rhythm of great music and enjoy a unique, high-energy atmosphere. Perfect for a night out with friends, a fun date, or a late-night family activity. No reservations are needed—just show up and get ready to glow!",,"{""url"":""https://fargounderground.com/wp-content/uploads/2025/09/Cosmic-Bowling.jpg"",""id"":263436,""extension"":""jpg"",""width"":2348,""height"":1536}","{""_ecp_custom_2"":{""label"":""Region"",""value"":""Fargo""}}",false,false,,,2025-09-07 11:39:17,2025-09-07 16:39:17,true,true,,,
2026-09-30T20:20:26Z,fargounderground.com,https://fargounderground.com/wp-json/tribe/events/v1/events,97,10039968,fargounderground.com?id=10039968,Karaoke at Rhombus Guys,2028-08-19 22:00:00,2028-08-20 03:00:00,2028-08-20 22:00:00,2028-08-21 03:00:00,America/Chicago,false,false,publish,https://fargounderground.com/event/karaoke-at-rhombus-guys/2028-08-19/,,,Free,"{""currency_symbol"":""$"",""currency_code"":"""",""currency_position"":""prefix"",""values"":[""0""]}","[{""id"":368,""name"":""Karaoke"",""slug"":""karaoke"",""parent"":909}]",[],"{""id"":45546,""global_id"":""fargounderground.com?id=45546"",""venue"":""Rhombus Guys Pizza"",""address"":""606 Main Ave"",""city"":""Fargo"",""country"":""United States"",""province"":""ND"",""zip"":""58103"",""url"":""https://fargounderground.com/venue/winter-pride-trivia-game-night/"",""geo_lat"":46.8740978,""geo_lng"":-96.7884067,""show_map"":true,""show_map_link"":true}",[],Free Karaoke every Saturday from 10pm to 1am with Khook Entertainment!,,"{""url"":""https://fargounderground.com/wp-content/uploads/2024/02/Facebook-Logo.png"",""id"":183987,""extension"":""png"",""width"":1000,""height"":1000}","{""_ecp_custom_2"":{""label"":""Region"",""value"":""Fargo""}}",false,false,,,2024-02-14 10:07:21,2024-02-14 16:07:21,true,true,,,
2026-09-30T20:20:26Z,fargounderground.com,https://fargounderground.com/wp-json/tribe/events/v1/events,97,10061882,fargounderground.com?id=10061882,Rock N Bowl,2028-08-19 22:00:00,2028-08-20 03:00:00,2028-08-20 00:00:00,2028-08-20 05:00:00,America/Chicago,false,false,publish,https://fargounderground.com/event/rock-n-bowl/2028-08-19/,https://bowlingsunset.com/rock-n-bowl,,$13,"{""currency_symbol"":""$"",""currency_code"":""USD"",""currency_position"":""prefix"",""values"":[""13""]}","[{""id"":1298,""name"":""Active &amp; Social Events"",""slug"":""active-social-events"",""parent"":909},{""id"":372,""name"":""Food &amp; Drink"",""slug"":""food-drink"",""parent"":0}]",[],"{""id"":146365,""global_id"":""fargounderground.com?id=146365"",""venue"":""Sunset Lanes"",""address"":""620 U.S. 75"",""city"":""Moorhead"",""country"":""United States"",""province"":""MN"",""state"":""MN"",""zip"":""56560"",""website"":""https://bowlingsunset.com/"",""url"":""https://fargounderground.com/venue/sunset-lanes/"",""geo_lat"":46.8818938,""geo_lng"":-96.7431497,""show_map"":true,""show_map_link"":true}",[],"$13 per person. Grab some friends and head over to Sunset Lanes for Rock N Bowl. Sunset Lanes has Qubica’s deckpin lighting and cap lighting. The bar and kitchen are open all night long, so enjoy some food and drinks while you bowl. This event is fun for all ages.",,"{""url"":""https://fargounderground.com/wp-content/uploads/2025/09/rsw_1240h_620cg_true.webp"",""id"":263442,""extension"":""webp"",""width"":1240,""height"":620}","{""_ecp_custom_2"":{""label"":""Region"",""value"":""Moorhead""}}",false,false,,,2025-09-07 11:45:40,2025-09-07 16:45:40,true,true,,,
2026-09-30T20:20:26Z,fargounderground.com,https://fargounderground.com/wp-json/tribe/events/v1/events,97,10034316,fargounderground.com?id=10034316,Open Mic,2028-08-20 18:00:00,2028-08-20 23:00:00,2028-08-20 22:00:00,2028-08-21 03:00:00,America/Chicago,false,false,publish,https://fargounderground.com/event/open-mic/2028-08-20/,,,Free,"{""currency_symbol"":""$"",""currency_code"":"""",""currency_position"":""prefix"",""values"":[""0""]}","[{""id"":360,""name"":""Live Music"",""slug"":""live-music"",""parent"":0},{""id"":369,""name"":""Open Mic &amp; Jam"",""slug"":""open-mic-jam"",""parent"":909}]",[],"{""id"":104370,""global_id"":""fargounderground.com?id=104370"",""venue"":""Cowboy Jack&#8217;s"",""address"":""506 Broadway"",""city"":""Fargo"",""province"":""ND"",""zip"":""58102"",""website"":""https://downtownfargo.com/venue/cowboy-jacks/"",""url"":""https://fargounderground.com/venue/cowboy-jacks/"",""geo_lat"":46.881414,""geo_lng"":-96.788091,""show_map"":true,""show_map_link"":true}",[],Live music and great food! Can’t wait to see you there!,,"{""url"":""https://fargounderground.com/wp-content/uploads/2023/12/410021949_813755527423771_7670712905895671685_n-jpg-webp.webp"",""id"":177707,""extension"":""webp"",""width"":526,""height"":526}","{""_ecp_custom_2"":{""label"":""Region"",""value"":""Fargo""}}",false,false,,,2023-12-11 09:39:16,2023-12-11 15:39:16,true,true,,,
2026-09-30T20:20:26Z,fargounderground.com,https://fargounderground.com/wp-json/tribe/events/v1/events,97,10049338,fargounderground.com?id=10049338,Monday Meetups for Adults,2028-08-21 18:00:00,2028-08-21 23:00:00,2028-08-21 20:00:00,2028-08-22 01:00:00,America/Chicago,false,false,publish,https://fargounderground.com/event/monday-meetups-for-adults/2028-08-21/,https://larl.org/mondaymeetup,,Free,"{""currency_symbol"":""$"",""currency_code"":""USD"",""currency_position"":""prefix"",""values"":[""0""]}","[{""id"":677,""name"":""Clubs &amp; Groups"",""slug"":""clubs-groups"",""parent"":361},{""id"":364,""name"":""Crafts &amp; Hobbies"",""slug"":""arts-crafts"",""parent"":428},{""id"":367,""name"":""Gaming &amp; Tabletop"",""slug"":""games"",""parent"":909},{""id"":429,""name"":""Literary Arts"",""slug"":""books-readings"",""parent"":428}]",[],"{""id"":91017,""global_id"":""fargounderground.com?id=91017"",""venue"":""Moorhead Public Library"",""address"":""118 5th St S"",""city"":""Moorhead"",""country"":""United States"",""province"":""MN"",""state"":""MN"",""zip"":""56560"",""website"":""https://larl.org/"",""phone"":""(218) 233-7594"",""url"":""https://fargounderground.com/venue/moorhead-public-library/"",""geo_lat"":46.873097,""geo_lng"":-96.771756,""show_map"":true,""show_map_link"":true}","[{""id"":186176,""global_id"":""fargounderground.com?id=186176"",""organizer"":""Moorhead Public Library"",""url"":""https://fargounderground.com/organizer/"",""website"":""https://larl.org/locations/moorhead/"",""phone"":""218-233-7594"",""email"":""mhreference@larl.org""}]","Meet up and chat with others with similar interests. Come with friends, or make some new ones! Refreshments will be provided. Check the calendar for updates – https://larl.org/mondaymeetup/ First Monday of the Month – Craft Connection Join us to get cozy, craft and chat! This is an opportunity to leave distractions behind and focus on your craft. Bring whatever project you are working on and meet up with other local crafters. You can share your expertise, learn from others or just enjoy some distraction-free time to yourself. Refreshments will be provided. Second Monday of the Month – Best Sellers Book Club Join the Moorhead Public Library’s Best Sellers Book Club and see what the buzz is about in the latest popular books! Third Monday of the Month – Game Night Join us to get cozy, play games, and chat! This is an opportunity to meet up with others who enjoy playing games. Come with friends, or make some new ones! Bring your favorite card or board game, or try one of ours! Refreshments will be provided. Fourth Monday of the Month – Silent Reading Club Join us at the Moorhead Library for quiet, sustained reading at our new Silent Book Club! All readers are welcome—ebooks or audiobooks, poetry or prose, fiction or non-fiction… it’s BYOBook. The library will provide comfortable seating and light refreshments. Fifth Monday of the Month – Guided Activity Join us each month for different activities lead by experts in their respective disciplines. Any needed supplies will be provided.",,"{""url"":""https://fargounderground.com/wp-content/uploads/2024/10/MHD-all-Monday-Meetups-2024-Website-Graphic-scaled-1.jpg"",""id"":257979,""extension"":""jpg"",""width"":2560,""height"":1440}","{""_ecp_custom_2"":{""label"":""Region"",""value"":""Moorhead""}}",false,false,,,2025-07-29 11:46:45,2025-07-29 16:46:45,true,true,,,
2026-09-30T20:20:26Z,fargounderground.com,https://fargounderground.com/wp-json/tribe/events/v1/events,97,10062590,fargounderground.com?id=10062590,Jazz Night at Sidestreet,2028-08-21 19:00:00,2028-08-22 00:00:00,2028-08-21 21:00:00,2028-08-22 02:00:00,America/Chicago,false,false,publish,https://fargounderground.com/event/jazz-night-at-sidestreet-2/2028-08-21/,https://www.fargopartyof3.com/sidestreet.html,,Free,"{""currency_symbol"":""$"",""currency_code"":""USD"",""currency_position"":""prefix"",""values"":[""0""]}","[{""id"":412,""name"":""Culture &amp; Heritage"",""slug"":""culture"",""parent"":428},{""id"":909,""name"":""Entertainment"",""slug"":""entertainment"",""parent"":0},{""id"":372,""name"":""Food &amp; Drink"",""slug"":""food-drink"",""parent"":0},{""id"":591,""name"":""Jazz &amp; Blues"",""slug"":""jazz-blues"",""parent"":360}]",[],"{""id"":93912,""global_id"":""fargounderground.com?id=93912"",""venue"":""SIdestreet Grille &#038; Pub"",""address"":""404 4th ave N"",""city"":""Fargo"",""province"":""ND"",""state"":""ND"",""zip"":""58102"",""website"":""https://downtownfargo.com/venue/sidestreet-grille-pub/"",""url"":""https://fargounderground.com/venue/sidestreet-grille-pub-3/"",""geo_lat"":46.8798407,""geo_lng"":-96.7849167,""show_map"":true,""show_map_link"":true}",[],"Start your week on a high note with Jazz Night at Sidestreet Grille & Pub! Every Monday from 7 to 9 p.m., the pub transforms into a cozy jazz club, featuring talented local musicians. Grab a seat, enjoy a delicious meal, and unwind with the smooth sounds of live jazz. It’s the perfect way to relax and appreciate the local music scene.",,"{""url"":""https://fargounderground.com/wp-content/uploads/2023/10/jazznights-2023aug-dec_orig-e1698696620909-0UgB44.tmp_-jpg-webp.webp"",""id"":174098,""extension"":""webp"",""width"":425,""height"":224}","{""_ecp_custom_2"":{""label"":""Region"",""value"":""Fargo""}}",false,false,,,2025-09-08 12:40:56,2025-09-08 17:40:56,true,true,,,
2026-09-30T20:20:26Z,fargounderground.com,https://fargounderground.com/wp-json/tribe/events/v1/events,97,10023961,fargounderground.com?id=10023961,Open Mic Night at Front Street Taproom,2028-08-21 20:00:00,2028-08-22 01:00:00,2028-08-21 23:00:00,2028-08-22 04:00:00,America/Chicago,false,false,publish,https://fargounderground.com/event/open-mic-night-at-front-street-taproom/2028-08-21/,https://www.facebook.com/events/638022304704240/638022361370901/,,Free,"{""currency_symbol"":"""",""currency_code"":"""",""currency_position"":"""",""values"":[""free""]}","[{""id"":360,""name"":""Live Music"",""slug"":""live-music"",""parent"":0},{""id"":369,""name"":""Open Mic &amp; Jam"",""slug"":""open-mic-jam"",""parent"":909}]","[{""name"":""downtown Fargo"",""slug"":""downtown-fargo"",""term_group"":0,""term_taxonomy_id"":49,""taxonomy"":""post_tag"",""description"":"""",""parent"":0,""count"":102,""filter"":""raw"",""id"":49,""urls"":{""self"":""https://fargounderground.com/wp-json/tribe/events/v1/tags/49"",""collection"":""https://fargounderground.com/wp-json/tribe/events/v1/tags""}},{""name"":""Fargo"",""slug"":""fargo"",""term_group"":0,""term_taxonomy_id"":240,""taxonomy"":""post_tag"",""description"":"""",""parent"":0,""count"":52,""filter"":""raw"",""id"":240,""urls"":{""self"":""https://fargounderground.com/wp-json/tribe/events/v1/tags/240"",""collection"":""https://fargounderground.com/wp-json/tribe/events/v1/tags""}},{""name"":""Live music"",""slug"":""live-music"",""term_group"":0,""term_taxonomy_id"":45,""taxonomy"":""post_tag"",""description"":"""",""parent"":0,""count"":81,""filter"":""raw"",""id"":45,""urls"":{""self"":""https://fargounderground.com/wp-json/tribe/events/v1/tags/45"",""collection"":""https://fargounderground.com/wp-json/tribe/events/v1/tags""}}]","{""id"":20933,""global_id"":""fargounderground.com?id=20933"",""venue"":""Front Street Taproom"",""address"":""614 Main Ave"",""city"":""Fargo"",""province"":""ND"",""state"":""ND"",""zip"":""58102"",""website"":""https://downtownfargo.com/venue/front-street-taproom/"",""url"":""https://fargounderground.com/venue/front-street-taproom-2/"",""geo_lat"":46.87428,""geo_lng"":-96.78883,""show_map"":true,""show_map_link"":true}",[],"Hosted by Travis Neros Every Monday at 8pm Come hangout and listen to live music, readings, and/or comedy! (If you’re wanting to sign-up come closer to the beginning, if you can)",,"{""url"":""https://fargounderground.com/wp-content/uploads/2023/01/339625439_693036622509731_7407905951526191323_n-jpg-webp.webp"",""id"":156207,""extension"":""webp"",""width"":1201,""height"":629}",[],false,false,,,2023-09-05 14:16:16,2023-09-05 19:16:16,true,true,,,
2026-09-30T20:20:26Z,fargounderground.com,https://fargounderground.com/wp-json/tribe/events/v1/events,97,10053508,fargounderground.com?id=10053508,Tea Time Tuesdays,2028-08-22 08:30:00,2028-08-22 13:30:00,2028-08-22 09:30:00,2028-08-22 14:30:00,America/Chicago,false,false,publish,https://fargounderground.com/event/tea-time-tuesdays/2028-08-22/,,,,"{""currency_symbol"":""$"",""currency_code"":""USD"",""currency_position"":""prefix"",""values"":[]}","[{""id"":649,""name"":""Business"",""slug"":""business"",""parent"":361}]",[],"{""id"":150796,""global_id"":""fargounderground.com?id=150796"",""venue"":""The Daily Dose Fargo"",""address"":""3223 13th Ave S"",""city"":""Fargo"",""country"":""United States"",""province"":""North Dakota"",""zip"":""58103"",""url"":""https://fargounderground.com/venue/the-daily-dose-fargo/"",""show_map"":true,""show_map_link"":true}",[],"Come and join us every Tuesday from 8:30-9:30am. Let’s connect, meet, network, caffeinate and reboot for the week! Networking is free and open to anyone willing to network!",,"{""url"":""https://fargounderground.com/wp-content/uploads/2023/02/326953771_5843143202437407_8499174753929495889_n-jpg-webp.webp"",""id"":150797,""extension"":""webp"",""width"":960,""height"":541}",[],false,false,,,2023-02-21 16:21:55,2023-02-21 22:21:55,false,false,,,
2026-09-30T20:20:26Z,fargounderground.com,https://fargounderground.com/wp-json/tribe/events/v1/events,97,10056397,fargounderground.com?id=10056397,Pickabob Grill & BBQ,2028-08-22 11:00:00,2028-08-22 16:00:00,2028-08-22 22:00:00,2028-08-23 03:00:00,America/Chicago,false,false,publish,https://fargounderground.com/event/pickabob-grill-bbq/2028-08-22/,,,,"{""currency_symbol"":""$"",""currency_code"":""USD"",""currency_position"":""prefix"",""values"":[]}","[{""id"":825,""name"":""Food Trucks"",""slug"":""food-trucks"",""parent"":372}]",[],"{""id"":160212,""global_id"":""fargounderground.com?id=160212"",""venue"":""Great Northern Park"",""address"":""425 Broadway N"",""city"":""Fargo"",""country"":""United States"",""province"":""North Dakota"",""zip"":""58102"",""url"":""https://fargounderground.com/venue/great-northern-park/"",""show_map"":true,""show_map_link"":true}",[],,,false,[],false,false,,,2023-06-16 10:57:07,2023-06-16 15:57:07,false,false,,,
2026-09-30T20:20:26Z,fargounderground.com,https://fargounderground.com/wp-json/tribe/events/v1/events,97,10026606,fargounderground.com?id=10026606,Suite Shots Trivia Night,2028-08-22 18:00:00,2028-08-22 23:00:00,2028-08-22 20:00:00,2028-08-23 01:00:00,America/Chicago,false,false,publish,https://fargounderground.com/event/suite-shots-trivia-night-9/2028-08-22/,,,Free,"{""currency_symbol"":""$"",""currency_code"":""USD"",""currency_position"":""prefix"",""values"":[""free""]}","[{""id"":370,""name"":""Trivia &amp; Bingo"",""slug"":""trivia"",""parent"":909}]",[],"{""id"":165649,""global_id"":""fargounderground.com?id=165649"",""venue"":""Suite Shots"",""address"":""3400 James Way S"",""city"":""Fargo"",""country"":""United States"",""province"":""ND"",""state"":""ND"",""zip"":""58104"",""website"":""https://suiteshots.com/venue/suite-shots/"",""phone"":""(701) 532-4653"",""url"":""https://fargounderground.com/venue/suite-shots/"",""geo_lat"":46.8072058,""geo_lng"":-96.8355331,""show_map"":true,""show_map_link"":true}",[],"Every Tuesday, showcase your vast knowledge (both useful & useless) & compete for fantastic Suite Shots prizes! 🏆 Join us at 6 pm for an evening of brain-teasing fun! 🧠💡 But before the trivia begins, don’t miss our Happy Hour from 3:30-6:30 pm. 🍻 PLUS, if you’re craving some delicious tacos, we’ve got you covered with $4 Walleye Tacos & $4 Specialty Tacos changed monthly. 🌮",,"{""url"":""https://fargounderground.com/wp-content/uploads/2023/09/359314893_753992756729627_4984377186369470435_n-jpg-webp.webp"",""id"":169720,""extension"":""webp"",""width"":1080,""height"":1080}",[],false,false,,,2024-05-15 16:02:56,2024-05-15 21:02:56,true,true,,,
2026-09-30T20:20:26Z,fargounderground.com,https://fargounderground.com/wp-json/tribe/events/v1/events,97,10042164,fargounderground.com?id=10042164,Tuesday Night Trivia at the Sidestreet,2028-08-22 19:00:00,2028-08-23 00:00:00,2028-08-22 21:00:00,2028-08-23 02:00:00,America/Chicago,false,false,publish,https://fargounderground.com/event/tuesday-night-trivia-at-the-sidestreet-2/2028-08-22/,,,Free,"{""currency_symbol"":""$"",""currency_code"":""USD"",""currency_position"":""prefix"",""values"":[""0""]}","[{""id"":370,""name"":""Trivia &amp; Bingo"",""slug"":""trivia"",""parent"":909}]",[],"{""id"":20005,""global_id"":""fargounderground.com?id=20005"",""venue"":""Sidestreet Grille &amp; Pub"",""address"":""404 4th Ave N"",""city"":""Fargo"",""country"":""United States"",""province"":""ND"",""state"":""ND"",""zip"":""58102-4810"",""website"":""https://www.facebook.com/SidestreetGrilleandPub/"",""url"":""https://fargounderground.com/venue/sidestreet-grille-pub/"",""geo_lat"":46.8798407,""geo_lng"":-96.7849167,""show_map"":true,""show_map_link"":true}",[],Hey There & Howdy Trivia Hounds! Tuesdays just got that much better with Two Lanterns Trivia at the Sidestreet in Downtown Fargo! Test your trivial knowledge for the chance to win FREE drinks or get ZONKED with everybody’s favorite Game-within-the-Game “WHAT’S IN THE BAG?!” Grand Prize Winners get a $20.00 GIFT CARD! Come on out…It’s sure to be a fun time!,,"{""url"":""https://fargounderground.com/wp-content/uploads/2023/04/340613979_592852209440315_7275928061751749308_n-jpg-webp.webp"",""id"":157565,""extension"":""webp"",""width"":1200,""height"":630}",[],false,false,,,2024-03-05 17:07:55,2024-03-05 23:07:55,false,false,,,
2026-09-30T20:20:26Z,fargounderground.com,https://fargounderground.com/wp-json/tribe/events/v1/events,97,10056181,fargounderground.com?id=10056181,Boss’ Comedy Club Open Mic,2028-08-22 20:00:00,2028-08-23 01:00:00,2028-08-22 23:00:00,2028-08-23 04:00:00,America/Chicago,false,false,publish,https://fargounderground.com/event/boss-comedy-club-open-mic-2/2028-08-22/,,,Free,"{""currency_symbol"":""$"",""currency_code"":""USD"",""currency_position"":""prefix"",""values"":[""0""]}","[{""id"":432,""name"":""Comedy"",""slug"":""comedy-arts-entertainment"",""parent"":909},{""id"":369,""name"":""Open Mic &amp; Jam"",""slug"":""open-mic-jam"",""parent"":909}]",[],"{""id"":144938,""global_id"":""fargounderground.com?id=144938"",""venue"":""Boss&#8217; Comedy Club Fargo"",""address"":""228 Broadway N"",""city"":""Fargo"",""country"":""United States"",""province"":""North Dakota"",""zip"":""58102"",""website"":""https://www.bosspizzaandchicken.com/"",""phone"":""(701) 997-2677"",""url"":""https://fargounderground.com/venue/boss-comedy-club-fargo/"",""show_map"":true,""show_map_link"":true}",[],Come out this Thursday and enjoy the areas best comedians work on their Material… For Free! Want to try stand-up comedy yourself? First Timers & New Comedians are always encouraged. While you’re here enjoy Boss’s Full Menu also available in the Comedy Club. Sign up at 7:30 pm. Show at 8 pm. All are welcome!,,"{""url"":""https://fargounderground.com/wp-content/uploads/2022/12/boss-comedy-club-jpg-webp.webp"",""id"":144939,""extension"":""webp"",""width"":1420,""height"":640}",[],false,false,,,2023-04-27 14:31:21,2023-04-27 19:31:21,false,false,,,
2026-09-30T20:20:26Z,fargounderground.com,https://fargounderground.com/wp-json/tribe/events/v1/events,97,10025267,fargounderground.com?id=10025267,Open Mic Comedy,2028-08-22 20:00:00,2028-08-23 01:00:00,2028-08-22 22:00:00,2028-08-23 03:00:00,America/Chicago,false,false,publish,https://fargounderground.com/event/open-mic-comedy-6/2028-08-22/,https://www.facebook.com/Bosscomedyclubfargo/,,,"{""currency_symbol"":"""",""currency_code"":"""",""currency_position"":""prefix"",""values"":[]}","[{""id"":432,""name"":""Comedy"",""slug"":""comedy-arts-entertainment"",""parent"":909},{""id"":369,""name"":""Open Mic &amp; Jam"",""slug"":""open-mic-jam"",""parent"":909}]",[],"{""id"":144938,""global_id"":""fargounderground.com?id=144938"",""venue"":""Boss&#8217; Comedy Club Fargo"",""address"":""228 Broadway N"",""city"":""Fargo"",""country"":""United States"",""province"":""North Dakota"",""zip"":""58102"",""website"":""https://www.bosspizzaandchicken.com/"",""phone"":""(701) 997-2677"",""url"":""https://fargounderground.com/venue/boss-comedy-club-fargo/"",""show_map"":true,""show_map_link"":true}",[],Open Mic Comedy at Boss’s Every Tuesday Night Try your hand on the stage for free! Sign up at 7:30 pm; Mic Starts at 8 pm,,"{""url"":""https://fargounderground.com/wp-content/uploads/2023/08/Boss-Comedy-Open-Mic-jpg-webp.webp"",""id"":168876,""extension"":""webp"",""width"":1420,""height"":640}",[],false,false,,,2023-09-05 14:26:50,2023-09-05 19:26:50,false,false,,,
2026-09-30T20:20:26Z,fargounderground.com,https://fargounderground.com/wp-json/tribe/events/v1/events,98,10028919,fargounderground.com?id=10028919,Karaoke at Dempsey’s,2028-08-22 21:00:00,2028-08-23 02:00:00,2028-08-23 02:00:00,2028-08-23 07:00:00,America/Chicago,false,false,publish,https://fargounderground.com/event/karaoke-at-dempseys-59-2/2028-08-22/,,,Free,"{""currency_symbol"":""$"",""currency_code"":""USD"",""currency_position"":""prefix"",""values"":[""free""]}","[{""id"":368,""name"":""Karaoke"",""slug"":""karaoke"",""parent"":909}]",[],"{""id"":91157,""global_id"":""fargounderground.com?id=91157"",""venue"":""Dempsey’s Public House"",""address"":""226 Broadway N"",""city"":""Fargo"",""country"":""United States"",""province"":""ND"",""zip"":""58102"",""website"":""https://dempseysfargo.com/"",""url"":""https://fargounderground.com/venue/dempseys-public-house-2/"",""geo_lat"":46.8789764,""geo_lng"":-96.7882596,""show_map"":true,""show_map_link"":true}",[],"Dempsey’s has been named the Best Karaoke bar in Fargo for a reason! Sing your heart out during our FREE Karaoke night, every Tuesday and Saturday. It’s legendary!",,"{""url"":""https://fargounderground.com/wp-content/uploads/2022/11/karaoke-dempseys-0BUCH0.tmp_.png"",""id"":142666,""extension"":""png"",""width"":945,""height"":532}",[],false,false,,,2023-09-18 17:10:07,2023-09-18 22:10:07,false,false,,,
2026-09-30T20:20:26Z,fargounderground.com,https://fargounderground.com/wp-json/tribe/events/v1/events,98,10056398,fargounderground.com?id=10056398,Pickabob Grill & BBQ,2028-08-23 11:00:00,2028-08-23 16:00:00,2028-08-23 22:00:00,2028-08-24 03:00:00,America/Chicago,false,false,publish,https://fargounderground.com/event/pickabob-grill-bbq/2028-08-23/,,,,"{""currency_symbol"":""$"",""currency_code"":""USD"",""currency_position"":""prefix"",""values"":[]}","[{""id"":825,""name"":""Food Trucks"",""slug"":""food-trucks"",""parent"":372}]",[],"{""id"":160212,""global_id"":""fargounderground.com?id=160212"",""venue"":""Great Northern Park"",""address"":""425 Broadway N"",""city"":""Fargo"",""country"":""United States"",""province"":""North Dakota"",""zip"":""58102"",""url"":""https://fargounderground.com/venue/great-northern-park/"",""show_map"":true,""show_map_link"":true}",[],,,false,[],false,false,,,2023-06-16 10:57:07,2023-06-16 15:57:07,false,false,,,
2026-09-30T20:20:26Z,fargounderground.com,https://fargounderground.com/wp-json/tribe/events/v1/events,98,10060421,fargounderground.com?id=10060421,Discount Skate Night,2028-08-23 18:00:00,2028-08-23 23:00:00,2028-08-23 20:00:00,2028-08-24 01:00:00,America/Chicago,false,false,publish,https://fargounderground.com/event/discount-skate-night/2028-08-23/,https://www.skatecitynd.com/2024/02/discount-night/,,$6,"{""currency_symbol"":""$"",""currency_code"":""USD"",""currency_position"":""prefix"",""values"":[""6""]}","[{""id"":1298,""name"":""Active &amp; Social Events"",""slug"":""active-social-events"",""parent"":909},{""id"":374,""name"":""Families &amp; Kids"",""slug"":""families-kids"",""parent"":361}]",[],"{""id"":145039,""global_id"":""fargounderground.com?id=145039"",""venue"":""Skate City ND"",""address"":""3302 Interstate Blvd S"",""city"":""Fargo"",""country"":""United States"",""province"":""North Dakota"",""zip"":""58103"",""website"":""skatecitynd.com"",""phone"":""(701) 235-0555"",""url"":""https://fargounderground.com/venue/skate-city-nd/"",""show_map"":true,""show_map_link"":true}",[],"Catering to families and skaters of all ages and skill levels. Join us for a midweek session with discounted admission! Just $6 per skater, plus $4.00 skate rental if needed. Family Night Out Discount Night is a great way to get some midweek fun for the whole family at a great rate. Bring friends and extended family for good music, games and food! Groups & Clubs Whether you’re in a college club, book club or sports team, our group rates can’t be beaten! Reserve your group of 15 or more skaters at get admission for $6 per skater, which includes choice of rental! Daycares & Youth Groups Skating is a great way to get your daycare or youth group out for a night of fun! This midweek session is a great opportunity. Reserve a group of 15 or more and get our group rates – just $6 per skater, which includes choice of skate rental! Groups also get our meal deal (hotdogs, chips, and small drink) for just $5 per skater.",,"{""url"":""https://fargounderground.com/wp-content/uploads/2025/09/Discount-Skate-TV-Slide.png"",""id"":263371,""extension"":""png"",""width"":1920,""height"":1080}","{""_ecp_custom_2"":{""label"":""Region"",""value"":""Fargo""}}",false,false,,,2025-09-06 19:23:30,2025-09-07 00:23:30,true,true,,,
2026-09-30T20:20:26Z,fargounderground.com,https://fargounderground.com/wp-json/tribe/events/v1/events,98,10054508,fargounderground.com?id=10054508,Taco Night and Bingo!,2028-08-23 18:00:00,2028-08-23 23:00:00,2028-08-23 20:00:00,2028-08-24 01:00:00,America/Chicago,false,false,publish,https://fargounderground.com/event/taco-night-and-bingo-31/2028-08-23/,,,Free,"{""currency_symbol"":""$"",""currency_code"":""USD"",""currency_position"":""prefix"",""values"":[""0""]}","[{""id"":372,""name"":""Food &amp; Drink"",""slug"":""food-drink"",""parent"":0},{""id"":370,""name"":""Trivia &amp; Bingo"",""slug"":""trivia"",""parent"":909}]",[],"{""id"":91157,""global_id"":""fargounderground.com?id=91157"",""venue"":""Dempsey’s Public House"",""address"":""226 Broadway N"",""city"":""Fargo"",""country"":""United States"",""province"":""ND"",""zip"":""58102"",""website"":""https://dempseysfargo.com/"",""url"":""https://fargounderground.com/venue/dempseys-public-house-2/"",""geo_lat"":46.8789764,""geo_lng"":-96.7882596,""show_map"":true,""show_map_link"":true}",[],Play FREE Bingo from 6 – 8pm! Get $1 Tacos from 4 – 9pm!,,"{""url"":""https://fargounderground.com/wp-content/uploads/2022/11/taco-night-dempseys-dhBTti.tmp_.png"",""id"":142669,""extension"":""png"",""width"":945,""height"":532}",[],false,false,,,2023-03-28 17:45:42,2023-03-28 22:45:42,false,false,,,
2026-09-30T20:20:26Z,fargounderground.com,https://fargounderground.com/wp-json/tribe/events/v1/events,98,10028402,fargounderground.com?id=10028402,Harold’s Karaoke Party,2028-08-23 20:00:00,2028-08-24 01:00:00,2028-08-24 01:00:00,2028-08-24 06:00:00,America/Chicago,false,false,publish,https://fargounderground.com/event/harolds-karaoke-party-2/2028-08-23/,,,Free,"{""currency_symbol"":""$"",""currency_code"":""USD"",""currency_position"":""prefix"",""values"":[""0""]}","[{""id"":368,""name"":""Karaoke"",""slug"":""karaoke"",""parent"":909}]",[],"{""id"":146111,""global_id"":""fargounderground.com?id=146111"",""venue"":""Harold&#8217;s on Main"",""address"":""1330 Main Ave"",""city"":""Moorhead"",""country"":""United States"",""province"":""MN"",""zip"":""56560"",""website"":""https://www.facebook.com/HaroldsOnMain/"",""phone"":""(218) 233-3477"",""url"":""https://fargounderground.com/venue/harolds-on-main-2/"",""geo_lat"":46.8748909,""geo_lng"":-96.8000869,""show_map"":true,""show_map_link"":true}",[],✨🎤 HARAOKE – Karaoke at Harold’s! Every Wednesday at 8pm 🎤✨,,"{""url"":""https://fargounderground.com/wp-content/uploads/2023/04/harolds-karaoke-jpg-webp.webp"",""id"":156209,""extension"":""webp"",""width"":1920,""height"":1080}",[],false,false,,,2023-09-18 17:09:27,2023-09-18 22:09:27,false,false,,,
2026-09-30T20:20:26Z,fargounderground.com,https://fargounderground.com/wp-json/tribe/events/v1/events,98,10067764,fargounderground.com?id=10067764,Open Mic Comedy in the Cellar,2028-08-23 20:00:00,2028-08-24 01:00:00,2028-08-23 21:30:00,2028-08-24 02:30:00,America/Chicago,false,false,publish,https://fargounderground.com/event/open-mic-comedy-in-the-cellar-3/2028-08-23/,,,Free,"{""currency_symbol"":""$"",""currency_code"":""USD"",""currency_position"":""prefix"",""values"":[""0""]}","[{""id"":432,""name"":""Comedy"",""slug"":""comedy-arts-entertainment"",""parent"":909},{""id"":359,""name"":""Nightlife"",""slug"":""nightlife"",""parent"":909},{""id"":369,""name"":""Open Mic &amp; Jam"",""slug"":""open-mic-jam"",""parent"":909}]","[{""name"":""Comedy"",""slug"":""comedy"",""term_group"":0,""term_taxonomy_id"":310,""taxonomy"":""post_tag"",""description"":"""",""parent"":0,""count"":86,""filter"":""raw"",""id"":310,""urls"":{""self"":""https://fargounderground.com/wp-json/tribe/events/v1/tags/310"",""collection"":""https://fargounderground.com/wp-json/tribe/events/v1/tags""}}]","{""id"":121817,""global_id"":""fargounderground.com?id=121817"",""venue"":""The Cellar Comedy Club"",""address"":""614 Main Ave"",""city"":""Fargo"",""country"":""United States"",""province"":""ND"",""state"":""ND"",""zip"":""58103"",""website"":""https://www.fargomoorhead.org/venue/the-cellar-comedy-club/"",""url"":""https://fargounderground.com/venue/the-cellar-comedy-club/"",""geo_lat"":46.8741865,""geo_lng"":-96.7888348,""show_map"":true,""show_map_link"":true}","[{""id"":189866,""global_id"":""fargounderground.com?id=189866"",""organizer"":""The Cellar Comedy Club"",""url"":""https://fargounderground.com/organizer/"",""website"":""https://www.frontstreettaproom.com/comedyinthecellar"",""phone"":""(701) 566-7226"",""email"":""frontstreettaproom@gmail.com""}]","Open Mic Comedy Every Wednesday Night Doors open at 7pm Sign-up at 7:30pm Show starts at 8pm Up to 25 Comedians 3 or 5 Minute Sets Free Event No Ticket Required 21+ STAGE TIME IS NOT GUARANTEED Comedy in the Cellar Underground Comedy Club Below Front Street Taproom Downtown Fargo, ND",,"{""url"":""https://fargounderground.com/wp-content/uploads/2025/11/Open-Mic-Comedy-Cover.jpg"",""id"":284169,""extension"":""jpg"",""width"":2000,""height"":2000}","{""_ecp_custom_2"":{""label"":""Region"",""value"":""Fargo""}}",false,false,,,2025-11-13 12:49:52,2025-11-13 18:49:52,true,true,,,
2026-09-30T20:20:26Z,fargounderground.com,https://fargounderground.com/wp-json/tribe/events/v1/events,98,10056399,fargounderground.com?id=10056399,Pickabob Grill & BBQ,2028-08-24 11:00:00,2028-08-24 16:00:00,2028-08-24 22:00:00,2028-08-25 03:00:00,America/Chicago,false,false,publish,https://fargounderground.com/event/pickabob-grill-bbq/2028-08-24/,,,,"{""currency_symbol"":""$"",""currency_code"":""USD"",""currency_position"":""prefix"",""values"":[]}","[{""id"":825,""name"":""Food Trucks"",""slug"":""food-trucks"",""parent"":372}]",[],"{""id"":160212,""global_id"":""fargounderground.com?id=160212"",""venue"":""Great Northern Park"",""address"":""425 Broadway N"",""city"":""Fargo"",""country"":""United States"",""province"":""North Dakota"",""zip"":""58102"",""url"":""https://fargounderground.com/venue/great-northern-park/"",""show_map"":true,""show_map_link"":true}",[],,,false,[],false,false,,,2023-06-16 10:57:07,2023-06-16 15:57:07,false,false,,,
2026-09-30T20:20:26Z,fargounderground.com,https://fargounderground.com/wp-json/tribe/events/v1/events,98,10054863,fargounderground.com?id=10054863,Free Dog Night and Rock & Roll Bingo!,2028-08-24 18:00:00,2028-08-24 23:00:00,2028-08-24 20:00:00,2028-08-25 01:00:00,America/Chicago,false,false,publish,https://fargounderground.com/event/free-dog-night-and-rock-roll-bingo-31/2028-08-24/,,,Free,"{""currency_symbol"":""$"",""currency_code"":""USD"",""currency_position"":""prefix"",""values"":[""0""]}","[{""id"":372,""name"":""Food &amp; Drink"",""slug"":""food-drink"",""parent"":0},{""id"":370,""name"":""Trivia &amp; Bingo"",""slug"":""trivia"",""parent"":909}]",[],"{""id"":91157,""global_id"":""fargounderground.com?id=91157"",""venue"":""Dempsey’s Public House"",""address"":""226 Broadway N"",""city"":""Fargo"",""country"":""United States"",""province"":""ND"",""zip"":""58102"",""website"":""https://dempseysfargo.com/"",""url"":""https://fargounderground.com/venue/dempseys-public-house-2/"",""geo_lat"":46.8789764,""geo_lng"":-96.7882596,""show_map"":true,""show_map_link"":true}",[],Play FREE Rock & Roll Bingo from 6 – 8pm! Get FREE Hot Dogs from 4 – 9pm!,,"{""url"":""https://fargounderground.com/wp-content/uploads/2022/11/hot-dog-night-tO0mPR.tmp_.png"",""id"":142672,""extension"":""png"",""width"":945,""height"":532}",[],false,false,,,2023-03-28 17:49:54,2023-03-28 22:49:54,false,false,,,
2026-09-30T20:20:26Z,fargounderground.com,https://fargounderground.com/wp-json/tribe/events/v1/events,98,10052555,fargounderground.com?id=10052555,Full Circle Open Mic,2028-08-24 19:00:00,2028-08-25 00:00:00,2028-08-24 22:00:00,2028-08-25 03:00:00,America/Chicago,false,false,publish,https://fargounderground.com/event/full-circle-open-mic/2028-08-24/,,,Free,"{""currency_symbol"":""$"",""currency_code"":""USD"",""currency_position"":""prefix"",""values"":[""0""]}","[{""id"":369,""name"":""Open Mic &amp; Jam"",""slug"":""open-mic-jam"",""parent"":909}]",[],"{""id"":144429,""global_id"":""fargounderground.com?id=144429"",""venue"":""Black Coffee and Waffle Bar Fargo"",""address"":""550 2nd Ave N"",""city"":""Fargo"",""country"":""United States"",""province"":""North Dakota"",""zip"":""58102"",""website"":""https://blackcoffeeandwaffle.com/"",""phone"":""701-566-8749"",""url"":""https://fargounderground.com/venue/black-coffee-and-waffle-bar-fargo/"",""show_map"":true,""show_map_link"":true}",[],"Every Thursday is open mic night! Come out and tell a few jokes, sing your heart out, or read poetry. Hosted at Black Coffee and Waffle bar in downtown Fargo, ND.",,"{""url"":""https://fargounderground.com/wp-content/uploads/2022/12/314756703_10228005485586320_4750178534703107090_n-jpg-webp.webp"",""id"":144430,""extension"":""webp"",""width"":1800,""height"":1200}",[],false,false,,,2023-01-20 12:43:36,2023-01-20 18:43:36,false,false,,,
2026-09-30T20:20:26Z,fargounderground.com,https://fargounderground.com/wp-json/tribe/events/v1/events,98,10025679,fargounderground.com?id=10025679,Thursday Night Trivia at Downtown Fargo VFW,2028-08-24 19:00:00,2028-08-25 00:00:00,2028-08-24 21:00:00,2028-08-25 02:00:00,America/Chicago,false,false,publish,https://fargounderground.com/event/thursday-night-trivia-at-downtown-fargo-vfw-2/2028-08-24/,,,,"{""currency_symbol"":""$"",""currency_code"":""USD"",""currency_position"":""prefix"",""values"":[]}","[{""id"":370,""name"":""Trivia &amp; Bingo"",""slug"":""trivia"",""parent"":909}]",[],"{""id"":49586,""global_id"":""fargounderground.com?id=49586"",""venue"":""Fargo VFW Club, Post 762"",""address"":""202 Broadway N"",""city"":""Fargo"",""country"":""United States"",""province"":""ND"",""zip"":""58102"",""website"":""https://www.fargomoorhead.org/venue/fargo-vfw-club-post-762/"",""url"":""https://fargounderground.com/venue/vfw-coors-light-chili-cookoff/"",""geo_lat"":46.8781689,""geo_lng"":-96.7881193,""show_map"":true,""show_map_link"":true}",[],Looking for some fun on a Thursday night? Look no further than the Downtown Fargo VFW! Here’s what to look forward to: *FREE to Play! *Win FREE Drinks or Get Zonked with “WHAT’S IN THE BAG?!” *Paper Airline Contest at the End of Every Game! Come out…Bring your friends…And join in the fun!,,"{""url"":""https://fargounderground.com/wp-content/uploads/2023/04/340653856_254607436910250_5743893530831022969_n-jpg-webp.webp"",""id"":157568,""extension"":""webp"",""width"":1920,""height"":1005}",[],false,false,,,2023-09-05 14:45:31,2023-09-05 19:45:31,false,false,,,
2026-09-30T20:20:26Z,fargounderground.com,https://fargounderground.com/wp-json/tribe/events/v1/events,98,10043013,fargounderground.com?id=10043013,Belly Dance for Beginners,2028-08-24 19:30:00,2028-08-25 00:30:00,2028-08-24 20:30:00,2028-08-25 01:30:00,America/Chicago,false,false,publish,https://fargounderground.com/event/belly-dance-for-beginners/2028-08-24/,https://facebook.com/mindakbellydance,,$10,"{""currency_symbol"":""$"",""currency_code"":"""",""currency_position"":""prefix"",""values"":[""10""]}","[{""id"":362,""name"":""Classes &amp; Workshops"",""slug"":""classes-workshops"",""parent"":409},{""id"":412,""name"":""Culture &amp; Heritage"",""slug"":""culture"",""parent"":428},{""id"":569,""name"":""Fitness &amp; Yoga"",""slug"":""fitness-yoga"",""parent"":897}]",[],"{""id"":100299,""global_id"":""fargounderground.com?id=100299"",""venue"":""FM Aerial &amp; Movement Arts"",""address"":""508 Oak St. N Suite A"",""city"":""Fargo, ND"",""state"":""ND"",""zip"":""58102"",""website"":""fmaerial.com"",""phone"":""7012033448"",""url"":""https://fargounderground.com/venue/fm-aerial-movement-arts/"",""geo_lat"":46.88134,""geo_lng"":-96.779159,""show_map"":true,""show_map_link"":true}",[],"MinDak Belly Dance teaches belly dance classes in the Fargo-Moorhead area. Beginning belly dance teaches the foundations of Middle Eastern dance. You will learn belly dance posture and movements including shimmys, isolations, hip bumps, and more! No experience necessary! $10 cash at the door $10 coin belts available for purchase to enhance your dance! We meet weekly at FM AERIAL MOVEMENT ARTS 508 Oak St N Fargo EVERY Thursday from 7:30 pm-8:30 pm",,"{""url"":""https://fargounderground.com/wp-content/uploads/2023/06/MDBD-FLYER-jpg.webp"",""id"":188808,""extension"":""webp"",""width"":695,""height"":900}","{""_ecp_custom_2"":{""label"":""Region"",""value"":""Fargo""}}",false,false,,,2024-03-28 14:09:15,2024-03-28 19:09:15,true,true,,,
2026-09-30T20:20:26Z,fargounderground.com,https://fargounderground.com/wp-json/tribe/events/v1/events,98,10062251,fargounderground.com?id=10062251,College Night Bowling,2028-08-24 22:00:00,2028-08-25 03:00:00,2028-08-25 00:00:00,2028-08-25 05:00:00,America/Chicago,false,false,publish,https://fargounderground.com/event/college-night-bowling/2028-08-24/,,,$8,"{""currency_symbol"":""$"",""currency_code"":""USD"",""currency_position"":""prefix"",""values"":[""8""]}","[{""id"":1298,""name"":""Active &amp; Social Events"",""slug"":""active-social-events"",""parent"":909},{""id"":408,""name"":""College Events"",""slug"":""college-events"",""parent"":361},{""id"":372,""name"":""Food &amp; Drink"",""slug"":""food-drink"",""parent"":0}]",[],"{""id"":146365,""global_id"":""fargounderground.com?id=146365"",""venue"":""Sunset Lanes"",""address"":""620 U.S. 75"",""city"":""Moorhead"",""country"":""United States"",""province"":""MN"",""state"":""MN"",""zip"":""56560"",""website"":""https://bowlingsunset.com/"",""url"":""https://fargounderground.com/venue/sunset-lanes/"",""geo_lat"":46.8818938,""geo_lng"":-96.7431497,""show_map"":true,""show_map_link"":true}",[],"Grab your friends for a night you’ll never forget (well, maybe…..)! $8 all-you-can-bowl from 10 pm to midnight. Mug specials on adult beverages! Get a pizza, drinks, a bowl, and play in the arcade – it doesn’t get any better than that!",,"{""url"":""https://fargounderground.com/wp-content/uploads/2025/09/crw_1240h_620.webp"",""id"":263446,""extension"":""webp"",""width"":1240,""height"":620}","{""_ecp_custom_2"":{""label"":""Region"",""value"":""Moorhead""}}",false,false,,,2025-09-07 12:02:55,2025-09-07 17:02:55,true,true,,,
2026-09-30T20:20:26Z,fargounderground.com,https://fargounderground.com/wp-json/tribe/events/v1/events,98,10056689,fargounderground.com?id=10056689,Pickabob Grill & BBQ,2028-08-25 11:00:00,2028-08-25 16:00:00,2028-08-26 02:30:00,2028-08-26 07:30:00,America/Chicago,false,false,publish,https://fargounderground.com/event/pickabob-grill-bbq-2/2028-08-25/,,,,"{""currency_symbol"":""$"",""currency_code"":""USD"",""currency_position"":""prefix"",""values"":[]}","[{""id"":825,""name"":""Food Trucks"",""slug"":""food-trucks"",""parent"":372}]",[],"{""id"":160212,""global_id"":""fargounderground.com?id=160212"",""venue"":""Great Northern Park"",""address"":""425 Broadway N"",""city"":""Fargo"",""country"":""United States"",""province"":""North Dakota"",""zip"":""58102"",""url"":""https://fargounderground.com/venue/great-northern-park/"",""show_map"":true,""show_map_link"":true}",[],,,false,[],false,false,,,2023-06-16 10:56:57,2023-06-16 15:56:57,false,false,,,
2026-09-30T20:20:26Z,fargounderground.com,https://fargounderground.com/wp-json/tribe/events/v1/events,98,10060160,fargounderground.com?id=10060160,Glow Skate Night,2028-08-25 20:00:00,2028-08-26 01:00:00,2028-08-25 22:00:00,2028-08-26 03:00:00,America/Chicago,false,false,publish,https://fargounderground.com/event/glow-skate-night/2028-08-25/,https://www.skatecitynd.com/2025/07/7334/,,$10,"{""currency_symbol"":""$"",""currency_code"":""USD"",""currency_position"":""prefix"",""values"":[""10""]}","[{""id"":1298,""name"":""Active &amp; Social Events"",""slug"":""active-social-events"",""parent"":909},{""id"":374,""name"":""Families &amp; Kids"",""slug"":""families-kids"",""parent"":361}]",[],"{""id"":145039,""global_id"":""fargounderground.com?id=145039"",""venue"":""Skate City ND"",""address"":""3302 Interstate Blvd S"",""city"":""Fargo"",""country"":""United States"",""province"":""North Dakota"",""zip"":""58103"",""website"":""skatecitynd.com"",""phone"":""(701) 235-0555"",""url"":""https://fargounderground.com/venue/skate-city-nd/"",""show_map"":true,""show_map_link"":true}",[],"This nighttime session brings a great atmosphere with good music to skate to, games, a blackout skate and glow sticks! Every paid skater gets a FREE GLOW STICK! Blackout Skate For a portion of the session, we will black out the rink and side aisle lighting. While there is still enough visibility to navigate the skating floor, the darker environment creates a concert-style atmosphere. When coupled with our glow products, this elevates and enhances your skating experience! Glow Sticks Get a FREE glow stick for every paid skater! We want everyone to enjoy the glow night and create a fun, glowing atmosphere, so we provide every paid skater with a glow stick on us! Great Music & Games We pick great music for dancing and skating for this Friday night session. Nothing pairs with specialty lights and blackout skates like songs with a good rhythm!",,"{""url"":""https://fargounderground.com/wp-content/uploads/2025/09/Glow-Skate-TV.png"",""id"":263362,""extension"":""png"",""width"":1920,""height"":1080}","{""_ecp_custom_2"":{""label"":""Region"",""value"":""Fargo""}}",false,false,,,2025-09-06 19:10:31,2025-09-07 00:10:31,true,true,,,
2026-09-30T20:20:26Z,fargounderground.com,https://fargounderground.com/wp-json/tribe/events/v1/events,98,10061361,fargounderground.com?id=10061361,Cosmic Bowling,2028-08-25 21:30:00,2028-08-26 02:30:00,2028-08-26 00:00:00,2028-08-26 05:00:00,America/Chicago,false,false,publish,https://fargounderground.com/event/cosmic-bowling/2028-08-25/,,,$15,"{""currency_symbol"":""$"",""currency_code"":""USD"",""currency_position"":""prefix"",""values"":[""15""]}","[{""id"":1298,""name"":""Active &amp; Social Events"",""slug"":""active-social-events"",""parent"":909},{""id"":374,""name"":""Families &amp; Kids"",""slug"":""families-kids"",""parent"":361}]",[],"{""id"":263439,""global_id"":""fargounderground.com?id=263439"",""venue"":""West Acres Bowl"",""address"":""3402 Interstate Blvd S"",""city"":""Fargo"",""country"":""United States"",""state"":""ND"",""zip"":""58103"",""phone"":""701-235-4437"",""url"":""https://fargounderground.com/venue/west-acres-bowl/"",""geo_lat"":46.8637495,""geo_lng"":-96.8363583,""show_map"":true,""show_map_link"":true}",[],"Get ready for an out-of-this-world experience at West Acres Bowl with Cosmic Bowling every Friday and Saturday night! 🌌 From 9:30 PM to Midnight, the lights go down and the blacklights turn up. Bowl to the rhythm of great music and enjoy a unique, high-energy atmosphere. Perfect for a night out with friends, a fun date, or a late-night family activity. No reservations are needed—just show up and get ready to glow!",,"{""url"":""https://fargounderground.com/wp-content/uploads/2025/09/Cosmic-Bowling.jpg"",""id"":263436,""extension"":""jpg"",""width"":2348,""height"":1536}","{""_ecp_custom_2"":{""label"":""Region"",""value"":""Fargo""}}",false,false,,,2025-09-07 11:39:17,2025-09-07 16:39:17,true,true,,,
2026-09-30T20:20:26Z,fargounderground.com,https://fargounderground.com/wp-json/tribe/events/v1/events,98,10061883,fargounderground.com?id=10061883,Rock N Bowl,2028-08-25 22:00:00,2028-08-26 03:00:00,2028-08-26 00:00:00,2028-08-26 05:00:00,America/Chicago,false,false,publish,https://fargounderground.com/event/rock-n-bowl/2028-08-25/,https://bowlingsunset.com/rock-n-bowl,,$13,"{""currency_symbol"":""$"",""currency_code"":""USD"",""currency_position"":""prefix"",""values"":[""13""]}","[{""id"":1298,""name"":""Active &amp; Social Events"",""slug"":""active-social-events"",""parent"":909},{""id"":372,""name"":""Food &amp; Drink"",""slug"":""food-drink"",""parent"":0}]",[],"{""id"":146365,""global_id"":""fargounderground.com?id=146365"",""venue"":""Sunset Lanes"",""address"":""620 U.S. 75"",""city"":""Moorhead"",""country"":""United States"",""province"":""MN"",""state"":""MN"",""zip"":""56560"",""website"":""https://bowlingsunset.com/"",""url"":""https://fargounderground.com/venue/sunset-lanes/"",""geo_lat"":46.8818938,""geo_lng"":-96.7431497,""show_map"":true,""show_map_link"":true}",[],"$13 per person. Grab some friends and head over to Sunset Lanes for Rock N Bowl. Sunset Lanes has Qubica’s deckpin lighting and cap lighting. The bar and kitchen are open all night long, so enjoy some food and drinks while you bowl. This event is fun for all ages.",,"{""url"":""https://fargounderground.com/wp-content/uploads/2025/09/rsw_1240h_620cg_true.webp"",""id"":263442,""extension"":""webp"",""width"":1240,""height"":620}","{""_ecp_custom_2"":{""label"":""Region"",""value"":""Moorhead""}}",false,false,,,2025-09-07 11:45:40,2025-09-07 16:45:40,true,true,,,
2026-09-30T20:20:26Z,fargounderground.com,https://fargounderground.com/wp-json/tribe/events/v1/events,98,10060683,fargounderground.com?id=10060683,Saturday Morning Family Skate,2028-08-26 10:00:00,2028-08-26 15:00:00,2028-08-26 12:00:00,2028-08-26 17:00:00,America/Chicago,false,false,publish,https://fargounderground.com/event/saturday-morning-family-skate/2028-08-26/,https://www.skatecitynd.com/2024/02/family-skate/,,$6,"{""currency_symbol"":""$"",""currency_code"":""USD"",""currency_position"":""prefix"",""values"":[""6""]}","[{""id"":1298,""name"":""Active &amp; Social Events"",""slug"":""active-social-events"",""parent"":909},{""id"":374,""name"":""Families &amp; Kids"",""slug"":""families-kids"",""parent"":361}]",[],"{""id"":145039,""global_id"":""fargounderground.com?id=145039"",""venue"":""Skate City ND"",""address"":""3302 Interstate Blvd S"",""city"":""Fargo"",""country"":""United States"",""province"":""North Dakota"",""zip"":""58103"",""website"":""skatecitynd.com"",""phone"":""(701) 235-0555"",""url"":""https://fargounderground.com/venue/skate-city-nd/"",""show_map"":true,""show_map_link"":true}",[],"Catering to families with young skaters, this Saturday morning session offers discounted admission for families along with age-appropriate music and skating aids at half off the regular price! Help for Our Youngest Skaters Our Family Skate is great for our newest skaters! We have Zippy Adjustable Skates, which go over the shoe, have a lower and wider wheel base, and roll more slowly. These are great for learning balance. We also rent Skate Mates for skaters aged 10 and under for $2.50 which is 1/2 off the regular price. Discounted Admission for All As families grow so do the expenses to go out and have fun together. We want to help and so during our Family Skate you can enjoy a lower admission at just $6 per skater. Don’t have your own skates? No problem! Rent your choice of inline or roller skates for just $4.00. Themed Skate Sessions Our Family Skate is a great session to host themed skates throughout the year. Whether celebrating a holiday or creating our own fun with a Superhero Skate, these can feature costumes, festivities and prizes, and themed music! Themed events may have special pricing on Admission.",,"{""url"":""https://fargounderground.com/wp-content/uploads/2025/09/family-skate-TV.png"",""id"":263376,""extension"":""png"",""width"":1920,""height"":1080}","{""_ecp_custom_2"":{""label"":""Region"",""value"":""Fargo""}}",false,false,,,2025-09-06 19:30:43,2025-09-07 00:30:43,true,true,,,
2026-09-30T20:20:26Z,fargounderground.com,https://fargounderground.com/wp-json/tribe/events/v1/events,98,10056793,fargounderground.com?id=10056793,Pickabob Grill & BBQ,2028-08-26 12:00:00,2028-08-26 17:00:00,2028-08-27 02:30:00,2028-08-27 07:30:00,America/Chicago,false,false,publish,https://fargounderground.com/event/pickabob-grill-bbq-3/2028-08-26/,,,,"{""currency_symbol"":""$"",""currency_code"":""USD"",""currency_position"":""prefix"",""values"":[]}","[{""id"":825,""name"":""Food Trucks"",""slug"":""food-trucks"",""parent"":372}]",[],"{""id"":160212,""global_id"":""fargounderground.com?id=160212"",""venue"":""Great Northern Park"",""address"":""425 Broadway N"",""city"":""Fargo"",""country"":""United States"",""province"":""North Dakota"",""zip"":""58102"",""url"":""https://fargounderground.com/venue/great-northern-park/"",""show_map"":true,""show_map_link"":true}",[],,,false,[],false,false,,,2023-06-16 10:54:49,2023-06-16 15:54:49,false,false,,,
2026-09-30T20:20:26Z,fargounderground.com,https://fargounderground.com/wp-json/tribe/events/v1/events,98,10060944,fargounderground.com?id=10060944,Saturday Night Special Skate,2028-08-26 18:00:00,2028-08-26 23:00:00,2028-08-26 21:00:00,2028-08-27 02:00:00,America/Chicago,false,false,publish,https://fargounderground.com/event/saturday-night-special-skate/2028-08-26/,https://www.skatecitynd.com/2025/08/saturday-night-special/,,$6,"{""currency_symbol"":""$"",""currency_code"":""USD"",""currency_position"":""prefix"",""values"":[""6""]}","[{""id"":1298,""name"":""Active &amp; Social Events"",""slug"":""active-social-events"",""parent"":909},{""id"":374,""name"":""Families &amp; Kids"",""slug"":""families-kids"",""parent"":361}]",[],"{""id"":145039,""global_id"":""fargounderground.com?id=145039"",""venue"":""Skate City ND"",""address"":""3302 Interstate Blvd S"",""city"":""Fargo"",""country"":""United States"",""province"":""North Dakota"",""zip"":""58103"",""website"":""skatecitynd.com"",""phone"":""(701) 235-0555"",""url"":""https://fargounderground.com/venue/skate-city-nd/"",""show_map"":true,""show_map_link"":true}",[],"Spend your Saturday Nights skating and jamming with us! Catering to families and skaters of all ages and skill levels. A perfect way to spend your weekend evening all while saving! 3-Hours of skating for just $6 per skater, plus $4.00 skate rental if needed. Family Night Out Saturday Night is a great way to get some weekend fun for the whole family at a great rate. Bring friends and extended family for good music, games and food! Groups & Clubs Whether you’re in a college club, book club or sports team, our group rates can’t be beaten! Reserve your group of 15 or more skaters at get admission for $6 per skater, which includes choice of rental! Birthday Celebrations Skating is the best way to celebrate another year around the sun. Book your party online then invite your friends and family for a party that will stand out from the rest. Parties start as low as just $149. For more information on our great packages – Click Here –",,"{""url"":""https://fargounderground.com/wp-content/uploads/2025/09/Saturday-Night-Special-TV-Slide-7.25-scaled-1-scaled.jpg"",""id"":263379,""extension"":""jpg"",""width"":2560,""height"":1451}","{""_ecp_custom_2"":{""label"":""Region"",""value"":""Fargo""}}",false,false,,,2025-09-06 19:33:55,2025-09-07 00:33:55,true,true,,,
2026-09-30T20:20:26Z,fargounderground.com,https://fargounderground.com/wp-json/tribe/events/v1/events,98,10059900,fargounderground.com?id=10059900,Adult Skate Night,2028-08-26 21:00:00,2028-08-27 02:00:00,2028-08-26 23:00:00,2028-08-27 04:00:00,America/Chicago,false,false,publish,https://fargounderground.com/event/adult-skate-night/2028-08-26/,https://www.skatecitynd.com/2025/08/adult-night/,,$10,"{""currency_symbol"":""$"",""currency_code"":""USD"",""currency_position"":""prefix"",""values"":[""10""]}","[{""id"":1298,""name"":""Active &amp; Social Events"",""slug"":""active-social-events"",""parent"":909},{""id"":909,""name"":""Entertainment"",""slug"":""entertainment"",""parent"":0},{""id"":359,""name"":""Nightlife"",""slug"":""nightlife"",""parent"":909}]",[],"{""id"":173814,""global_id"":""fargounderground.com?id=173814"",""venue"":""Skate City"",""address"":""3302 Interstate Blvd S"",""city"":""Fargo"",""country"":""United States"",""province"":""ND"",""zip"":""58103"",""website"":""https://skatecitynd.com/"",""phone"":""701-235-0555"",""url"":""https://fargounderground.com/venue/"",""geo_lat"":46.865252,""geo_lng"":-96.833748,""show_map"":true,""show_map_link"":true}",[],Catering to our adult crowd looking for a great Saturday Night! This is an 18+ Only Session with less games and more skating. Admission is $10. Skate rental is $4.00 if needed. Observing adults must pay admission.,,"{""url"":""https://fargounderground.com/wp-content/uploads/2025/09/Adult-Night-TV-Slide.jpeg"",""id"":263357,""extension"":""jpeg"",""width"":1920,""height"":1080}","{""_ecp_custom_2"":{""label"":""Region"",""value"":""Fargo""}}",false,false,,,2025-09-06 19:06:57,2025-09-07 00:06:57,true,true,,,
2026-09-30T20:20:26Z,fargounderground.com,https://fargounderground.com/wp-json/tribe/events/v1/events,98,10065064,fargounderground.com?id=10065064,Alibi Karaoke,2028-08-26 21:00:00,2028-08-27 02:00:00,2028-08-27 01:00:00,2028-08-27 06:00:00,America/Chicago,false,false,publish,https://fargounderground.com/event/alibi-karaoke/2028-08-26/,https://fargonddj.com/event/6277439/737366223/alibi-karaoke,,,"{""currency_symbol"":""$"",""currency_code"":""USD"",""currency_position"":""prefix"",""values"":[]}","[{""id"":368,""name"":""Karaoke"",""slug"":""karaoke"",""parent"":909},{""id"":359,""name"":""Nightlife"",""slug"":""nightlife"",""parent"":909}]","[{""name"":""drinks"",""slug"":""drinks"",""term_group"":0,""term_taxonomy_id"":74,""taxonomy"":""post_tag"",""description"":"""",""parent"":0,""count"":21,""filter"":""raw"",""id"":74,""urls"":{""self"":""https://fargounderground.com/wp-json/tribe/events/v1/tags/74"",""collection"":""https://fargounderground.com/wp-json/tribe/events/v1/tags""}},{""name"":""Music"",""slug"":""music"",""term_group"":0,""term_taxonomy_id"":29,""taxonomy"":""post_tag"",""description"":"""",""parent"":0,""count"":26,""filter"":""raw"",""id"":29,""urls"":{""self"":""https://fargounderground.com/wp-json/tribe/events/v1/tags/29"",""collection"":""https://fargounderground.com/wp-json/tribe/events/v1/tags""}}]","{""id"":148614,""global_id"":""fargounderground.com?id=148614"",""venue"":""Alibi Lounge"",""address"":""1340 21st Ave S"",""city"":""Fargo"",""province"":""ND"",""zip"":""58103"",""website"":""https://alibi-lounge.business.site/"",""phone"":""(701) 235-3141"",""url"":""https://fargounderground.com/venue/alibi-lounge/"",""geo_lat"":46.8463963,""geo_lng"":-96.8004683,""show_map"":false,""show_map_link"":false}","[{""id"":180416,""global_id"":""fargounderground.com?id=180416"",""organizer"":""D&amp;J Music + Karaoke"",""url"":""https://fargounderground.com/organizer/"",""website"":""https://djmusickaraoke.com/"",""phone"":""‪(701) 566-9525‬"",""email"":""info@djmusickaraoke.com""}]","Join us for another night of Saturday Night Madness including but not limited to drinks, music and gambling at The Alibi Lounge located inside the legendary Baymont Inn, South University Drive Fargo. Bring friends, make friends, and prepare yourself for a night to remember.",,"{""url"":""https://fargounderground.com/wp-content/uploads/2025/10/IMG_6023.jpeg"",""id"":278949,""extension"":""jpeg"",""width"":828,""height"":987}","{""_ecp_custom_2"":{""label"":""Region"",""value"":""Fargo""}}",false,false,,,2025-10-08 11:20:43,2025-10-08 16:20:43,true,true,,,
2026-09-30T20:20:26Z,fargounderground.com,https://fargounderground.com/wp-json/tribe/events/v1/events,98,10028920,fargounderground.com?id=10028920,Karaoke at Dempsey’s,2028-08-26 21:00:00,2028-08-27 02:00:00,2028-08-27 02:00:00,2028-08-27 07:00:00,America/Chicago,false,false,publish,https://fargounderground.com/event/karaoke-at-dempseys-59-2/2028-08-26/,,,Free,"{""currency_symbol"":""$"",""currency_code"":""USD"",""currency_position"":""prefix"",""values"":[""free""]}","[{""id"":368,""name"":""Karaoke"",""slug"":""karaoke"",""parent"":909}]",[],"{""id"":91157,""global_id"":""fargounderground.com?id=91157"",""venue"":""Dempsey’s Public House"",""address"":""226 Broadway N"",""city"":""Fargo"",""country"":""United States"",""province"":""ND"",""zip"":""58102"",""website"":""https://dempseysfargo.com/"",""url"":""https://fargounderground.com/venue/dempseys-public-house-2/"",""geo_lat"":46.8789764,""geo_lng"":-96.7882596,""show_map"":true,""show_map_link"":true}",[],"Dempsey’s has been named the Best Karaoke bar in Fargo for a reason! Sing your heart out during our FREE Karaoke night, every Tuesday and Saturday. It’s legendary!",,"{""url"":""https://fargounderground.com/wp-content/uploads/2022/11/karaoke-dempseys-0BUCH0.tmp_.png"",""id"":142666,""extension"":""png"",""width"":945,""height"":532}",[],false,false,,,2023-09-18 17:10:07,2023-09-18 22:10:07,false,false,,,
2026-09-30T20:20:26Z,fargounderground.com,https://fargounderground.com/wp-json/tribe/events/v1/events,98,10035129,fargounderground.com?id=10035129,Saturday Night Karaoke,2028-08-26 21:00:00,2028-08-27 02:00:00,2028-08-27 01:00:00,2028-08-27 06:00:00,America/Chicago,false,false,publish,https://fargounderground.com/event/saturday-night-karaoke/2028-08-26/,https://djtonyfalcon.com/events,,Free,"{""currency_symbol"":""$"",""currency_code"":""USD"",""currency_position"":""prefix"",""values"":[""0""]}","[{""id"":368,""name"":""Karaoke"",""slug"":""karaoke"",""parent"":909}]",[],"{""id"":148614,""global_id"":""fargounderground.com?id=148614"",""venue"":""Alibi Lounge"",""address"":""1340 21st Ave S"",""city"":""Fargo"",""province"":""ND"",""zip"":""58103"",""website"":""https://alibi-lounge.business.site/"",""phone"":""(701) 235-3141"",""url"":""https://fargounderground.com/venue/alibi-lounge/"",""geo_lat"":46.8463963,""geo_lng"":-96.8004683,""show_map"":false,""show_map_link"":false}","[{""id"":180416,""global_id"":""fargounderground.com?id=180416"",""organizer"":""D&amp;J Music + Karaoke"",""url"":""https://fargounderground.com/organizer/"",""website"":""https://djmusickaraoke.com/"",""phone"":""‪(701) 566-9525‬"",""email"":""info@djmusickaraoke.com""}]","Join DJ Tony Falcon for another night of Saturday Night Madness including but not limited to drinks, music and gambling at The Alibi Lounge located inside the legendary Baymont Inn, South University Drive Fargo. Bring friends, make friends, and prepare yourself for a night to remember. Mics are sanitized after every use.",,"{""url"":""https://fargounderground.com/wp-content/uploads/2024/01/417100139_860174092779522_3296353275171812107_n-jpg-webp.webp"",""id"":180465,""extension"":""webp"",""width"":960,""height"":556}","{""_ecp_custom_2"":{""label"":""Region"",""value"":""Fargo""}}",false,false,,,2025-08-24 12:42:10,2025-08-24 17:42:10,true,true,,,
2026-09-30T20:20:26Z,fargounderground.com,https://fargounderground.com/wp-json/tribe/events/v1/events,98,10029183,fargounderground.com?id=10029183,Vic’s Karaoke,2028-08-26 21:00:00,2028-08-27 02:00:00,2028-08-27 02:00:00,2028-08-27 07:00:00,America/Chicago,false,false,publish,https://fargounderground.com/event/vics-karaoke-2-2/2028-08-26/,,,Free,"{""currency_symbol"":""$"",""currency_code"":""USD"",""currency_position"":""prefix"",""values"":[""0""]}","[{""id"":368,""name"":""Karaoke"",""slug"":""karaoke"",""parent"":909}]",[],"{""id"":92621,""global_id"":""fargounderground.com?id=92621"",""venue"":""Vic&#8217;s Bar and Grill"",""address"":""1608 Main Avenue"",""city"":""Moorhead"",""country"":""United States"",""state"":""MN"",""zip"":""56560"",""phone"":""(218) 236-7714"",""url"":""https://fargounderground.com/venue/vics-lounge/"",""geo_lat"":46.8752849,""geo_lng"":-96.7729609,""show_map"":true,""show_map_link"":true}",[],"Join us Saturday nights at Vic’s for karaoke! The singing kicks off at 9 PM, but be sure to come early for the awesome specials!",,"{""url"":""https://fargounderground.com/wp-content/uploads/2023/09/429820599_908393177961600_6854180573421060203_n-jpg.webp"",""id"":189042,""extension"":""webp"",""width"":2048,""height"":1152}",[],false,false,,,2024-03-31 10:42:51,2024-03-31 15:42:51,false,false,,,
2026-09-30T20:20:26Z,fargounderground.com,https://fargounderground.com/wp-json/tribe/events/v1/events,98,10061362,fargounderground.com?id=10061362,Cosmic Bowling,2028-08-26 21:30:00,2028-08-27 02:30:00,2028-08-27 00:00:00,2028-08-27 05:00:00,America/Chicago,false,false,publish,https://fargounderground.com/event/cosmic-bowling/2028-08-26/,,,$15,"{""currency_symbol"":""$"",""currency_code"":""USD"",""currency_position"":""prefix"",""values"":[""15""]}","[{""id"":1298,""name"":""Active &amp; Social Events"",""slug"":""active-social-events"",""parent"":909},{""id"":374,""name"":""Families &amp; Kids"",""slug"":""families-kids"",""parent"":361}]",[],"{""id"":263439,""global_id"":""fargounderground.com?id=263439"",""venue"":""West Acres Bowl"",""address"":""3402 Interstate Blvd S"",""city"":""Fargo"",""country"":""United States"",""state"":""ND"",""zip"":""58103"",""phone"":""701-235-4437"",""url"":""https://fargounderground.com/venue/west-acres-bowl/"",""geo_lat"":46.8637495,""geo_lng"":-96.8363583,""show_map"":true,""show_map_link"":true}",[],"Get ready for an out-of-this-world experience at West Acres Bowl with Cosmic Bowling every Friday and Saturday night! 🌌 From 9:30 PM to Midnight, the lights go down and the blacklights turn up. Bowl to the rhythm of great music and enjoy a unique, high-energy atmosphere. Perfect for a night out with friends, a fun date, or a late-night family activity. No reservations are needed—just show up and get ready to glow!",,"{""url"":""https://fargounderground.com/wp-content/uploads/2025/09/Cosmic-Bowling.jpg"",""id"":263436,""extension"":""jpg"",""width"":2348,""height"":1536}","{""_ecp_custom_2"":{""label"":""Region"",""value"":""Fargo""}}",false,false,,,2025-09-07 11:39:17,2025-09-07 16:39:17,true,true,,,
2026-09-30T20:20:26Z,fargounderground.com,https://fargounderground.com/wp-json/tribe/events/v1/events,98,10039969,fargounderground.com?id=10039969,Karaoke at Rhombus Guys,2028-08-26 22:00:00,2028-08-27 03:00:00,2028-08-27 22:00:00,2028-08-28 03:00:00,America/Chicago,false,false,publish,https://fargounderground.com/event/karaoke-at-rhombus-guys/2028-08-26/,,,Free,"{""currency_symbol"":""$"",""currency_code"":"""",""currency_position"":""prefix"",""values"":[""0""]}","[{""id"":368,""name"":""Karaoke"",""slug"":""karaoke"",""parent"":909}]",[],"{""id"":45546,""global_id"":""fargounderground.com?id=45546"",""venue"":""Rhombus Guys Pizza"",""address"":""606 Main Ave"",""city"":""Fargo"",""country"":""United States"",""province"":""ND"",""zip"":""58103"",""url"":""https://fargounderground.com/venue/winter-pride-trivia-game-night/"",""geo_lat"":46.8740978,""geo_lng"":-96.7884067,""show_map"":true,""show_map_link"":true}",[],Free Karaoke every Saturday from 10pm to 1am with Khook Entertainment!,,"{""url"":""https://fargounderground.com/wp-content/uploads/2024/02/Facebook-Logo.png"",""id"":183987,""extension"":""png"",""width"":1000,""height"":1000}","{""_ecp_custom_2"":{""label"":""Region"",""value"":""Fargo""}}",false,false,,,2024-02-14 10:07:21,2024-02-14 16:07:21,true,true,,,
2026-09-30T20:20:26Z,fargounderground.com,https://fargounderground.com/wp-json/tribe/events/v1/events,98,10061884,fargounderground.com?id=10061884,Rock N Bowl,2028-08-26 22:00:00,2028-08-27 03:00:00,2028-08-27 00:00:00,2028-08-27 05:00:00,America/Chicago,false,false,publish,https://fargounderground.com/event/rock-n-bowl/2028-08-26/,https://bowlingsunset.com/rock-n-bowl,,$13,"{""currency_symbol"":""$"",""currency_code"":""USD"",""currency_position"":""prefix"",""values"":[""13""]}","[{""id"":1298,""name"":""Active &amp; Social Events"",""slug"":""active-social-events"",""parent"":909},{""id"":372,""name"":""Food &amp; Drink"",""slug"":""food-drink"",""parent"":0}]",[],"{""id"":146365,""global_id"":""fargounderground.com?id=146365"",""venue"":""Sunset Lanes"",""address"":""620 U.S. 75"",""city"":""Moorhead"",""country"":""United States"",""province"":""MN"",""state"":""MN"",""zip"":""56560"",""website"":""https://bowlingsunset.com/"",""url"":""https://fargounderground.com/venue/sunset-lanes/"",""geo_lat"":46.8818938,""geo_lng"":-96.7431497,""show_map"":true,""show_map_link"":true}",[],"$13 per person. Grab some friends and head over to Sunset Lanes for Rock N Bowl. Sunset Lanes has Qubica’s deckpin lighting and cap lighting. The bar and kitchen are open all night long, so enjoy some food and drinks while you bowl. This event is fun for all ages.",,"{""url"":""https://fargounderground.com/wp-content/uploads/2025/09/rsw_1240h_620cg_true.webp"",""id"":263442,""extension"":""webp"",""width"":1240,""height"":620}","{""_ecp_custom_2"":{""label"":""Region"",""value"":""Moorhead""}}",false,false,,,2025-09-07 11:45:40,2025-09-07 16:45:40,true,true,,,
2026-09-30T20:20:26Z,fargounderground.com,https://fargounderground.com/wp-json/tribe/events/v1/events,98,10034317,fargounderground.com?id=10034317,Open Mic,2028-08-27 18:00:00,2028-08-27 23:00:00,2028-08-27 22:00:00,2028-08-28 03:00:00,America/Chicago,false,false,publish,https://fargounderground.com/event/open-mic/2028-08-27/,,,Free,"{""currency_symbol"":""$"",""currency_code"":"""",""currency_position"":""prefix"",""values"":[""0""]}","[{""id"":360,""name"":""Live Music"",""slug"":""live-music"",""parent"":0},{""id"":369,""name"":""Open Mic &amp; Jam"",""slug"":""open-mic-jam"",""parent"":909}]",[],"{""id"":104370,""global_id"":""fargounderground.com?id=104370"",""venue"":""Cowboy Jack&#8217;s"",""address"":""506 Broadway"",""city"":""Fargo"",""province"":""ND"",""zip"":""58102"",""website"":""https://downtownfargo.com/venue/cowboy-jacks/"",""url"":""https://fargounderground.com/venue/cowboy-jacks/"",""geo_lat"":46.881414,""geo_lng"":-96.788091,""show_map"":true,""show_map_link"":true}",[],Live music and great food! Can’t wait to see you there!,,"{""url"":""https://fargounderground.com/wp-content/uploads/2023/12/410021949_813755527423771_7670712905895671685_n-jpg-webp.webp"",""id"":177707,""extension"":""webp"",""width"":526,""height"":526}","{""_ecp_custom_2"":{""label"":""Region"",""value"":""Fargo""}}",false,false,,,2023-12-11 09:39:16,2023-12-11 15:39:16,true,true,,,
2026-09-30T20:20:26Z,fargounderground.com,https://fargounderground.com/wp-json/tribe/events/v1/events,98,10049339,fargounderground.com?id=10049339,Monday Meetups for Adults,2028-08-28 18:00:00,2028-08-28 23:00:00,2028-08-28 20:00:00,2028-08-29 01:00:00,America/Chicago,false,false,publish,https://fargounderground.com/event/monday-meetups-for-adults/2028-08-28/,https://larl.org/mondaymeetup,,Free,"{""currency_symbol"":""$"",""currency_code"":""USD"",""currency_position"":""prefix"",""values"":[""0""]}","[{""id"":677,""name"":""Clubs &amp; Groups"",""slug"":""clubs-groups"",""parent"":361},{""id"":364,""name"":""Crafts &amp; Hobbies"",""slug"":""arts-crafts"",""parent"":428},{""id"":367,""name"":""Gaming &amp; Tabletop"",""slug"":""games"",""parent"":909},{""id"":429,""name"":""Literary Arts"",""slug"":""books-readings"",""parent"":428}]",[],"{""id"":91017,""global_id"":""fargounderground.com?id=91017"",""venue"":""Moorhead Public Library"",""address"":""118 5th St S"",""city"":""Moorhead"",""country"":""United States"",""province"":""MN"",""state"":""MN"",""zip"":""56560"",""website"":""https://larl.org/"",""phone"":""(218) 233-7594"",""url"":""https://fargounderground.com/venue/moorhead-public-library/"",""geo_lat"":46.873097,""geo_lng"":-96.771756,""show_map"":true,""show_map_link"":true}","[{""id"":186176,""global_id"":""fargounderground.com?id=186176"",""organizer"":""Moorhead Public Library"",""url"":""https://fargounderground.com/organizer/"",""website"":""https://larl.org/locations/moorhead/"",""phone"":""218-233-7594"",""email"":""mhreference@larl.org""}]","Meet up and chat with others with similar interests. Come with friends, or make some new ones! Refreshments will be provided. Check the calendar for updates – https://larl.org/mondaymeetup/ First Monday of the Month – Craft Connection Join us to get cozy, craft and chat! This is an opportunity to leave distractions behind and focus on your craft. Bring whatever project you are working on and meet up with other local crafters. You can share your expertise, learn from others or just enjoy some distraction-free time to yourself. Refreshments will be provided. Second Monday of the Month – Best Sellers Book Club Join the Moorhead Public Library’s Best Sellers Book Club and see what the buzz is about in the latest popular books! Third Monday of the Month – Game Night Join us to get cozy, play games, and chat! This is an opportunity to meet up with others who enjoy playing games. Come with friends, or make some new ones! Bring your favorite card or board game, or try one of ours! Refreshments will be provided. Fourth Monday of the Month – Silent Reading Club Join us at the Moorhead Library for quiet, sustained reading at our new Silent Book Club! All readers are welcome—ebooks or audiobooks, poetry or prose, fiction or non-fiction… it’s BYOBook. The library will provide comfortable seating and light refreshments. Fifth Monday of the Month – Guided Activity Join us each month for different activities lead by experts in their respective disciplines. Any needed supplies will be provided.",,"{""url"":""https://fargounderground.com/wp-content/uploads/2024/10/MHD-all-Monday-Meetups-2024-Website-Graphic-scaled-1.jpg"",""id"":257979,""extension"":""jpg"",""width"":2560,""height"":1440}","{""_ecp_custom_2"":{""label"":""Region"",""value"":""Moorhead""}}",false,false,,,2025-07-29 11:46:45,2025-07-29 16:46:45,true,true,,,
2026-09-30T20:20:26Z,fargounderground.com,https://fargounderground.com/wp-json/tribe/events/v1/events,98,10062591,fargounderground.com?id=10062591,Jazz Night at Sidestreet,2028-08-28 19:00:00,2028-08-29 00:00:00,2028-08-28 21:00:00,2028-08-29 02:00:00,America/Chicago,false,false,publish,https://fargounderground.com/event/jazz-night-at-sidestreet-2/2028-08-28/,https://www.fargopartyof3.com/sidestreet.html,,Free,"{""currency_symbol"":""$"",""currency_code"":""USD"",""currency_position"":""prefix"",""values"":[""0""]}","[{""id"":412,""name"":""Culture &amp; Heritage"",""slug"":""culture"",""parent"":428},{""id"":909,""name"":""Entertainment"",""slug"":""entertainment"",""parent"":0},{""id"":372,""name"":""Food &amp; Drink"",""slug"":""food-drink"",""parent"":0},{""id"":591,""name"":""Jazz &amp; Blues"",""slug"":""jazz-blues"",""parent"":360}]",[],"{""id"":93912,""global_id"":""fargounderground.com?id=93912"",""venue"":""SIdestreet Grille &#038; Pub"",""address"":""404 4th ave N"",""city"":""Fargo"",""province"":""ND"",""state"":""ND"",""zip"":""58102"",""website"":""https://downtownfargo.com/venue/sidestreet-grille-pub/"",""url"":""https://fargounderground.com/venue/sidestreet-grille-pub-3/"",""geo_lat"":46.8798407,""geo_lng"":-96.7849167,""show_map"":true,""show_map_link"":true}",[],"Start your week on a high note with Jazz Night at Sidestreet Grille & Pub! Every Monday from 7 to 9 p.m., the pub transforms into a cozy jazz club, featuring talented local musicians. Grab a seat, enjoy a delicious meal, and unwind with the smooth sounds of live jazz. It’s the perfect way to relax and appreciate the local music scene.",,"{""url"":""https://fargounderground.com/wp-content/uploads/2023/10/jazznights-2023aug-dec_orig-e1698696620909-0UgB44.tmp_-jpg-webp.webp"",""id"":174098,""extension"":""webp"",""width"":425,""height"":224}","{""_ecp_custom_2"":{""label"":""Region"",""value"":""Fargo""}}",false,false,,,2025-09-08 12:40:56,2025-09-08 17:40:56,true,true,,,
2026-09-30T20:20:26Z,fargounderground.com,https://fargounderground.com/wp-json/tribe/events/v1/events,98,10023962,fargounderground.com?id=10023962,Open Mic Night at Front Street Taproom,2028-08-28 20:00:00,2028-08-29 01:00:00,2028-08-28 23:00:00,2028-08-29 04:00:00,America/Chicago,false,false,publish,https://fargounderground.com/event/open-mic-night-at-front-street-taproom/2028-08-28/,https://www.facebook.com/events/638022304704240/638022361370901/,,Free,"{""currency_symbol"":"""",""currency_code"":"""",""currency_position"":"""",""values"":[""free""]}","[{""id"":360,""name"":""Live Music"",""slug"":""live-music"",""parent"":0},{""id"":369,""name"":""Open Mic &amp; Jam"",""slug"":""open-mic-jam"",""parent"":909}]","[{""name"":""downtown Fargo"",""slug"":""downtown-fargo"",""term_group"":0,""term_taxonomy_id"":49,""taxonomy"":""post_tag"",""description"":"""",""parent"":0,""count"":102,""filter"":""raw"",""id"":49,""urls"":{""self"":""https://fargounderground.com/wp-json/tribe/events/v1/tags/49"",""collection"":""https://fargounderground.com/wp-json/tribe/events/v1/tags""}},{""name"":""Fargo"",""slug"":""fargo"",""term_group"":0,""term_taxonomy_id"":240,""taxonomy"":""post_tag"",""description"":"""",""parent"":0,""count"":52,""filter"":""raw"",""id"":240,""urls"":{""self"":""https://fargounderground.com/wp-json/tribe/events/v1/tags/240"",""collection"":""https://fargounderground.com/wp-json/tribe/events/v1/tags""}},{""name"":""Live music"",""slug"":""live-music"",""term_group"":0,""term_taxonomy_id"":45,""taxonomy"":""post_tag"",""description"":"""",""parent"":0,""count"":81,""filter"":""raw"",""id"":45,""urls"":{""self"":""https://fargounderground.com/wp-json/tribe/events/v1/tags/45"",""collection"":""https://fargounderground.com/wp-json/tribe/events/v1/tags""}}]","{""id"":20933,""global_id"":""fargounderground.com?id=20933"",""venue"":""Front Street Taproom"",""address"":""614 Main Ave"",""city"":""Fargo"",""province"":""ND"",""state"":""ND"",""zip"":""58102"",""website"":""https://downtownfargo.com/venue/front-street-taproom/"",""url"":""https://fargounderground.com/venue/front-street-taproom-2/"",""geo_lat"":46.87428,""geo_lng"":-96.78883,""show_map"":true,""show_map_link"":true}",[],"Hosted by Travis Neros Every Monday at 8pm Come hangout and listen to live music, readings, and/or comedy! (If you’re wanting to sign-up come closer to the beginning, if you can)",,"{""url"":""https://fargounderground.com/wp-content/uploads/2023/01/339625439_693036622509731_7407905951526191323_n-jpg-webp.webp"",""id"":156207,""extension"":""webp"",""width"":1201,""height"":629}",[],false,false,,,2023-09-05 14:16:16,2023-09-05 19:16:16,true,true,,,
2026-09-30T20:20:26Z,fargounderground.com,https://fargounderground.com/wp-json/tribe/events/v1/events,98,10053509,fargounderground.com?id=10053509,Tea Time Tuesdays,2028-08-29 08:30:00,2028-08-29 13:30:00,2028-08-29 09:30:00,2028-08-29 14:30:00,America/Chicago,false,false,publish,https://fargounderground.com/event/tea-time-tuesdays/2028-08-29/,,,,"{""currency_symbol"":""$"",""currency_code"":""USD"",""currency_position"":""prefix"",""values"":[]}","[{""id"":649,""name"":""Business"",""slug"":""business"",""parent"":361}]",[],"{""id"":150796,""global_id"":""fargounderground.com?id=150796"",""venue"":""The Daily Dose Fargo"",""address"":""3223 13th Ave S"",""city"":""Fargo"",""country"":""United States"",""province"":""North Dakota"",""zip"":""58103"",""url"":""https://fargounderground.com/venue/the-daily-dose-fargo/"",""show_map"":true,""show_map_link"":true}",[],"Come and join us every Tuesday from 8:30-9:30am. Let’s connect, meet, network, caffeinate and reboot for the week! Networking is free and open to anyone willing to network!",,"{""url"":""https://fargounderground.com/wp-content/uploads/2023/02/326953771_5843143202437407_8499174753929495889_n-jpg-webp.webp"",""id"":150797,""extension"":""webp"",""width"":960,""height"":541}",[],false,false,,,2023-02-21 16:21:55,2023-02-21 22:21:55,false,false,,,
2026-09-30T20:20:26Z,fargounderground.com,https://fargounderground.com/wp-json/tribe/events/v1/events,98,10056400,fargounderground.com?id=10056400,Pickabob Grill & BBQ,2028-08-29 11:00:00,2028-08-29 16:00:00,2028-08-29 22:00:00,2028-08-30 03:00:00,America/Chicago,false,false,publish,https://fargounderground.com/event/pickabob-grill-bbq/2028-08-29/,,,,"{""currency_symbol"":""$"",""currency_code"":""USD"",""currency_position"":""prefix"",""values"":[]}","[{""id"":825,""name"":""Food Trucks"",""slug"":""food-trucks"",""parent"":372}]",[],"{""id"":160212,""global_id"":""fargounderground.com?id=160212"",""venue"":""Great Northern Park"",""address"":""425 Broadway N"",""city"":""Fargo"",""country"":""United States"",""province"":""North Dakota"",""zip"":""58102"",""url"":""https://fargounderground.com/venue/great-northern-park/"",""show_map"":true,""show_map_link"":true}",[],,,false,[],false,false,,,2023-06-16 10:57:07,2023-06-16 15:57:07,false,false,,,
2026-09-30T20:20:26Z,fargounderground.com,https://fargounderground.com/wp-json/tribe/events/v1/events,98,10026607,fargounderground.com?id=10026607,Suite Shots Trivia Night,2028-08-29 18:00:00,2028-08-29 23:00:00,2028-08-29 20:00:00,2028-08-30 01:00:00,America/Chicago,false,false,publish,https://fargounderground.com/event/suite-shots-trivia-night-9/2028-08-29/,,,Free,"{""currency_symbol"":""$"",""currency_code"":""USD"",""currency_position"":""prefix"",""values"":[""free""]}","[{""id"":370,""name"":""Trivia &amp; Bingo"",""slug"":""trivia"",""parent"":909}]",[],"{""id"":165649,""global_id"":""fargounderground.com?id=165649"",""venue"":""Suite Shots"",""address"":""3400 James Way S"",""city"":""Fargo"",""country"":""United States"",""province"":""ND"",""state"":""ND"",""zip"":""58104"",""website"":""https://suiteshots.com/venue/suite-shots/"",""phone"":""(701) 532-4653"",""url"":""https://fargounderground.com/venue/suite-shots/"",""geo_lat"":46.8072058,""geo_lng"":-96.8355331,""show_map"":true,""show_map_link"":true}",[],"Every Tuesday, showcase your vast knowledge (both useful & useless) & compete for fantastic Suite Shots prizes! 🏆 Join us at 6 pm for an evening of brain-teasing fun! 🧠💡 But before the trivia begins, don’t miss our Happy Hour from 3:30-6:30 pm. 🍻 PLUS, if you’re craving some delicious tacos, we’ve got you covered with $4 Walleye Tacos & $4 Specialty Tacos changed monthly. 🌮",,"{""url"":""https://fargounderground.com/wp-content/uploads/2023/09/359314893_753992756729627_4984377186369470435_n-jpg-webp.webp"",""id"":169720,""extension"":""webp"",""width"":1080,""height"":1080}",[],false,false,,,2024-05-15 16:02:56,2024-05-15 21:02:56,true,true,,,
2026-09-30T20:20:26Z,fargounderground.com,https://fargounderground.com/wp-json/tribe/events/v1/events,98,10042165,fargounderground.com?id=10042165,Tuesday Night Trivia at the Sidestreet,2028-08-29 19:00:00,2028-08-30 00:00:00,2028-08-29 21:00:00,2028-08-30 02:00:00,America/Chicago,false,false,publish,https://fargounderground.com/event/tuesday-night-trivia-at-the-sidestreet-2/2028-08-29/,,,Free,"{""currency_symbol"":""$"",""currency_code"":""USD"",""currency_position"":""prefix"",""values"":[""0""]}","[{""id"":370,""name"":""Trivia &amp; Bingo"",""slug"":""trivia"",""parent"":909}]",[],"{""id"":20005,""global_id"":""fargounderground.com?id=20005"",""venue"":""Sidestreet Grille &amp; Pub"",""address"":""404 4th Ave N"",""city"":""Fargo"",""country"":""United States"",""province"":""ND"",""state"":""ND"",""zip"":""58102-4810"",""website"":""https://www.facebook.com/SidestreetGrilleandPub/"",""url"":""https://fargounderground.com/venue/sidestreet-grille-pub/"",""geo_lat"":46.8798407,""geo_lng"":-96.7849167,""show_map"":true,""show_map_link"":true}",[],Hey There & Howdy Trivia Hounds! Tuesdays just got that much better with Two Lanterns Trivia at the Sidestreet in Downtown Fargo! Test your trivial knowledge for the chance to win FREE drinks or get ZONKED with everybody’s favorite Game-within-the-Game “WHAT’S IN THE BAG?!” Grand Prize Winners get a $20.00 GIFT CARD! Come on out…It’s sure to be a fun time!,,"{""url"":""https://fargounderground.com/wp-content/uploads/2023/04/340613979_592852209440315_7275928061751749308_n-jpg-webp.webp"",""id"":157565,""extension"":""webp"",""width"":1200,""height"":630}",[],false,false,,,2024-03-05 17:07:55,2024-03-05 23:07:55,false,false,,,
2026-09-30T20:20:26Z,fargounderground.com,https://fargounderground.com/wp-json/tribe/events/v1/events,98,10056182,fargounderground.com?id=10056182,Boss’ Comedy Club Open Mic,2028-08-29 20:00:00,2028-08-30 01:00:00,2028-08-29 23:00:00,2028-08-30 04:00:00,America/Chicago,false,false,publish,https://fargounderground.com/event/boss-comedy-club-open-mic-2/2028-08-29/,,,Free,"{""currency_symbol"":""$"",""currency_code"":""USD"",""currency_position"":""prefix"",""values"":[""0""]}","[{""id"":432,""name"":""Comedy"",""slug"":""comedy-arts-entertainment"",""parent"":909},{""id"":369,""name"":""Open Mic &amp; Jam"",""slug"":""open-mic-jam"",""parent"":909}]",[],"{""id"":144938,""global_id"":""fargounderground.com?id=144938"",""venue"":""Boss&#8217; Comedy Club Fargo"",""address"":""228 Broadway N"",""city"":""Fargo"",""country"":""United States"",""province"":""North Dakota"",""zip"":""58102"",""website"":""https://www.bosspizzaandchicken.com/"",""phone"":""(701) 997-2677"",""url"":""https://fargounderground.com/venue/boss-comedy-club-fargo/"",""show_map"":true,""show_map_link"":true}",[],Come out this Thursday and enjoy the areas best comedians work on their Material… For Free! Want to try stand-up comedy yourself? First Timers & New Comedians are always encouraged. While you’re here enjoy Boss’s Full Menu also available in the Comedy Club. Sign up at 7:30 pm. Show at 8 pm. All are welcome!,,"{""url"":""https://fargounderground.com/wp-content/uploads/2022/12/boss-comedy-club-jpg-webp.webp"",""id"":144939,""extension"":""webp"",""width"":1420,""height"":640}",[],false,false,,,2023-04-27 14:31:21,2023-04-27 19:31:21,false,false,,,
2026-09-30T20:20:26Z,fargounderground.com,https://fargounderground.com/wp-json/tribe/events/v1/events,98,10025268,fargounderground.com?id=10025268,Open Mic Comedy,2028-08-29 20:00:00,2028-08-30 01:00:00,2028-08-29 22:00:00,2028-08-30 03:00:00,America/Chicago,false,false,publish,https://fargounderground.com/event/open-mic-comedy-6/2028-08-29/,https://www.facebook.com/Bosscomedyclubfargo/,,,"{""currency_symbol"":"""",""currency_code"":"""",""currency_position"":""prefix"",""values"":[]}","[{""id"":432,""name"":""Comedy"",""slug"":""comedy-arts-entertainment"",""parent"":909},{""id"":369,""name"":""Open Mic &amp; Jam"",""slug"":""open-mic-jam"",""parent"":909}]",[],"{""id"":144938,""global_id"":""fargounderground.com?id=144938"",""venue"":""Boss&#8217; Comedy Club Fargo"",""address"":""228 Broadway N"",""city"":""Fargo"",""country"":""United States"",""province"":""North Dakota"",""zip"":""58102"",""website"":""https://www.bosspizzaandchicken.com/"",""phone"":""(701) 997-2677"",""url"":""https://fargounderground.com/venue/boss-comedy-club-fargo/"",""show_map"":true,""show_map_link"":true}",[],Open Mic Comedy at Boss’s Every Tuesday Night Try your hand on the stage for free! Sign up at 7:30 pm; Mic Starts at 8 pm,,"{""url"":""https://fargounderground.com/wp-content/uploads/2023/08/Boss-Comedy-Open-Mic-jpg-webp.webp"",""id"":168876,""extension"":""webp"",""width"":1420,""height"":640}",[],false,false,,,2023-09-05 14:26:50,2023-09-05 19:26:50,false,false,,,
2026-09-30T20:20:26Z,fargounderground.com,https://fargounderground.com/wp-json/tribe/events/v1/events,98,10028921,fargounderground.com?id=10028921,Karaoke at Dempsey’s,2028-08-29 21:00:00,2028-08-30 02:00:00,2028-08-30 02:00:00,2028-08-30 07:00:00,America/Chicago,false,false,publish,https://fargounderground.com/event/karaoke-at-dempseys-59-2/2028-08-29/,,,Free,"{""currency_symbol"":""$"",""currency_code"":""USD"",""currency_position"":""prefix"",""values"":[""free""]}","[{""id"":368,""name"":""Karaoke"",""slug"":""karaoke"",""parent"":909}]",[],"{""id"":91157,""global_id"":""fargounderground.com?id=91157"",""venue"":""Dempsey’s Public House"",""address"":""226 Broadway N"",""city"":""Fargo"",""country"":""United States"",""province"":""ND"",""zip"":""58102"",""website"":""https://dempseysfargo.com/"",""url"":""https://fargounderground.com/venue/dempseys-public-house-2/"",""geo_lat"":46.8789764,""geo_lng"":-96.7882596,""show_map"":true,""show_map_link"":true}",[],"Dempsey’s has been named the Best Karaoke bar in Fargo for a reason! Sing your heart out during our FREE Karaoke night, every Tuesday and Saturday. It’s legendary!",,"{""url"":""https://fargounderground.com/wp-content/uploads/2022/11/karaoke-dempseys-0BUCH0.tmp_.png"",""id"":142666,""extension"":""png"",""width"":945,""height"":532}",[],false,false,,,2023-09-18 17:10:07,2023-09-18 22:10:07,false,false,,,
2026-09-30T20:20:26Z,fargounderground.com,https://fargounderground.com/wp-json/tribe/events/v1/events,98,10056401,fargounderground.com?id=10056401,Pickabob Grill & BBQ,2028-08-30 11:00:00,2028-08-30 16:00:00,2028-08-30 22:00:00,2028-08-31 03:00:00,America/Chicago,false,false,publish,https://fargounderground.com/event/pickabob-grill-bbq/2028-08-30/,,,,"{""currency_symbol"":""$"",""currency_code"":""USD"",""currency_position"":""prefix"",""values"":[]}","[{""id"":825,""name"":""Food Trucks"",""slug"":""food-trucks"",""parent"":372}]",[],"{""id"":160212,""global_id"":""fargounderground.com?id=160212"",""venue"":""Great Northern Park"",""address"":""425 Broadway N"",""city"":""Fargo"",""country"":""United States"",""province"":""North Dakota"",""zip"":""58102"",""url"":""https://fargounderground.com/venue/great-northern-park/"",""show_map"":true,""show_map_link"":true}",[],,,false,[],false,false,,,2023-06-16 10:57:07,2023-06-16 15:57:07,false,false,,,
2026-09-30T20:20:26Z,fargounderground.com,https://fargounderground.com/wp-json/tribe/events/v1/events,98,10060422,fargounderground.com?id=10060422,Discount Skate Night,2028-08-30 18:00:00,2028-08-30 23:00:00,2028-08-30 20:00:00,2028-08-31 01:00:00,America/Chicago,false,false,publish,https://fargounderground.com/event/discount-skate-night/2028-08-30/,https://www.skatecitynd.com/2024/02/discount-night/,,$6,"{""currency_symbol"":""$"",""currency_code"":""USD"",""currency_position"":""prefix"",""values"":[""6""]}","[{""id"":1298,""name"":""Active &amp; Social Events"",""slug"":""active-social-events"",""parent"":909},{""id"":374,""name"":""Families &amp; Kids"",""slug"":""families-kids"",""parent"":361}]",[],"{""id"":145039,""global_id"":""fargounderground.com?id=145039"",""venue"":""Skate City ND"",""address"":""3302 Interstate Blvd S"",""city"":""Fargo"",""country"":""United States"",""province"":""North Dakota"",""zip"":""58103"",""website"":""skatecitynd.com"",""phone"":""(701) 235-0555"",""url"":""https://fargounderground.com/venue/skate-city-nd/"",""show_map"":true,""show_map_link"":true}",[],"Catering to families and skaters of all ages and skill levels. Join us for a midweek session with discounted admission! Just $6 per skater, plus $4.00 skate rental if needed. Family Night Out Discount Night is a great way to get some midweek fun for the whole family at a great rate. Bring friends and extended family for good music, games and food! Groups & Clubs Whether you’re in a college club, book club or sports team, our group rates can’t be beaten! Reserve your group of 15 or more skaters at get admission for $6 per skater, which includes choice of rental! Daycares & Youth Groups Skating is a great way to get your daycare or youth group out for a night of fun! This midweek session is a great opportunity. Reserve a group of 15 or more and get our group rates – just $6 per skater, which includes choice of skate rental! Groups also get our meal deal (hotdogs, chips, and small drink) for just $5 per skater.",,"{""url"":""https://fargounderground.com/wp-content/uploads/2025/09/Discount-Skate-TV-Slide.png"",""id"":263371,""extension"":""png"",""width"":1920,""height"":1080}","{""_ecp_custom_2"":{""label"":""Region"",""value"":""Fargo""}}",false,false,,,2025-09-06 19:23:30,2025-09-07 00:23:30,true,true,,,
2026-09-30T20:20:26Z,fargounderground.com,https://fargounderground.com/wp-json/tribe/events/v1/events,98,10054509,fargounderground.com?id=10054509,Taco Night and Bingo!,2028-08-30 18:00:00,2028-08-30 23:00:00,2028-08-30 20:00:00,2028-08-31 01:00:00,America/Chicago,false,false,publish,https://fargounderground.com/event/taco-night-and-bingo-31/2028-08-30/,,,Free,"{""currency_symbol"":""$"",""currency_code"":""USD"",""currency_position"":""prefix"",""values"":[""0""]}","[{""id"":372,""name"":""Food &amp; Drink"",""slug"":""food-drink"",""parent"":0},{""id"":370,""name"":""Trivia &amp; Bingo"",""slug"":""trivia"",""parent"":909}]",[],"{""id"":91157,""global_id"":""fargounderground.com?id=91157"",""venue"":""Dempsey’s Public House"",""address"":""226 Broadway N"",""city"":""Fargo"",""country"":""United States"",""province"":""ND"",""zip"":""58102"",""website"":""https://dempseysfargo.com/"",""url"":""https://fargounderground.com/venue/dempseys-public-house-2/"",""geo_lat"":46.8789764,""geo_lng"":-96.7882596,""show_map"":true,""show_map_link"":true}",[],Play FREE Bingo from 6 – 8pm! Get $1 Tacos from 4 – 9pm!,,"{""url"":""https://fargounderground.com/wp-content/uploads/2022/11/taco-night-dempseys-dhBTti.tmp_.png"",""id"":142669,""extension"":""png"",""width"":945,""height"":532}",[],false,false,,,2023-03-28 17:45:42,2023-03-28 22:45:42,false,false,,,
2026-09-30T20:20:26Z,fargounderground.com,https://fargounderground.com/wp-json/tribe/events/v1/events,98,10028403,fargounderground.com?id=10028403,Harold’s Karaoke Party,2028-08-30 20:00:00,2028-08-31 01:00:00,2028-08-31 01:00:00,2028-08-31 06:00:00,America/Chicago,false,false,publish,https://fargounderground.com/event/harolds-karaoke-party-2/2028-08-30/,,,Free,"{""currency_symbol"":""$"",""currency_code"":""USD"",""currency_position"":""prefix"",""values"":[""0""]}","[{""id"":368,""name"":""Karaoke"",""slug"":""karaoke"",""parent"":909}]",[],"{""id"":146111,""global_id"":""fargounderground.com?id=146111"",""venue"":""Harold&#8217;s on Main"",""address"":""1330 Main Ave"",""city"":""Moorhead"",""country"":""United States"",""province"":""MN"",""zip"":""56560"",""website"":""https://www.facebook.com/HaroldsOnMain/"",""phone"":""(218) 233-3477"",""url"":""https://fargounderground.com/venue/harolds-on-main-2/"",""geo_lat"":46.8748909,""geo_lng"":-96.8000869,""show_map"":true,""show_map_link"":true}",[],✨🎤 HARAOKE – Karaoke at Harold’s! Every Wednesday at 8pm 🎤✨,,"{""url"":""https://fargounderground.com/wp-content/uploads/2023/04/harolds-karaoke-jpg-webp.webp"",""id"":156209,""extension"":""webp"",""width"":1920,""height"":1080}",[],false,false,,,2023-09-18 17:09:27,2023-09-18 22:09:27,false,false,,,
2026-09-30T20:20:26Z,fargounderground.com,https://fargounderground.com/wp-json/tribe/events/v1/events,98,10067765,fargounderground.com?id=10067765,Open Mic Comedy in the Cellar,2028-08-30 20:00:00,2028-08-31 01:00:00,2028-08-30 21:30:00,2028-08-31 02:30:00,America/Chicago,false,false,publish,https://fargounderground.com/event/open-mic-comedy-in-the-cellar-3/2028-08-30/,,,Free,"{""currency_symbol"":""$"",""currency_code"":""USD"",""currency_position"":""prefix"",""values"":[""0""]}","[{""id"":432,""name"":""Comedy"",""slug"":""comedy-arts-entertainment"",""parent"":909},{""id"":359,""name"":""Nightlife"",""slug"":""nightlife"",""parent"":909},{""id"":369,""name"":""Open Mic &amp; Jam"",""slug"":""open-mic-jam"",""parent"":909}]","[{""name"":""Comedy"",""slug"":""comedy"",""term_group"":0,""term_taxonomy_id"":310,""taxonomy"":""post_tag"",""description"":"""",""parent"":0,""count"":86,""filter"":""raw"",""id"":310,""urls"":{""self"":""https://fargounderground.com/wp-json/tribe/events/v1/tags/310"",""collection"":""https://fargounderground.com/wp-json/tribe/events/v1/tags""}}]","{""id"":121817,""global_id"":""fargounderground.com?id=121817"",""venue"":""The Cellar Comedy Club"",""address"":""614 Main Ave"",""city"":""Fargo"",""country"":""United States"",""province"":""ND"",""state"":""ND"",""zip"":""58103"",""website"":""https://www.fargomoorhead.org/venue/the-cellar-comedy-club/"",""url"":""https://fargounderground.com/venue/the-cellar-comedy-club/"",""geo_lat"":46.8741865,""geo_lng"":-96.7888348,""show_map"":true,""show_map_link"":true}","[{""id"":189866,""global_id"":""fargounderground.com?id=189866"",""organizer"":""The Cellar Comedy Club"",""url"":""https://fargounderground.com/organizer/"",""website"":""https://www.frontstreettaproom.com/comedyinthecellar"",""phone"":""(701) 566-7226"",""email"":""frontstreettaproom@gmail.com""}]","Open Mic Comedy Every Wednesday Night Doors open at 7pm Sign-up at 7:30pm Show starts at 8pm Up to 25 Comedians 3 or 5 Minute Sets Free Event No Ticket Required 21+ STAGE TIME IS NOT GUARANTEED Comedy in the Cellar Underground Comedy Club Below Front Street Taproom Downtown Fargo, ND",,"{""url"":""https://fargounderground.com/wp-content/uploads/2025/11/Open-Mic-Comedy-Cover.jpg"",""id"":284169,""extension"":""jpg"",""width"":2000,""height"":2000}","{""_ecp_custom_2"":{""label"":""Region"",""value"":""Fargo""}}",false,false,,,2025-11-13 12:49:52,2025-11-13 18:49:52,true,true,,,
2026-09-30T20:20:26Z,fargounderground.com,https://fargounderground.com/wp-json/tribe/events/v1/events,98,10056402,fargounderground.com?id=10056402,Pickabob Grill & BBQ,2028-08-31 11:00:00,2028-08-31 16:00:00,2028-08-31 22:00:00,2028-09-01 03:00:00,America/Chicago,false,false,publish,https://fargounderground.com/event/pickabob-grill-bbq/2028-08-31/,,,,"{""currency_symbol"":""$"",""currency_code"":""USD"",""currency_position"":""prefix"",""values"":[]}","[{""id"":825,""name"":""Food Trucks"",""slug"":""food-trucks"",""parent"":372}]",[],"{""id"":160212,""global_id"":""fargounderground.com?id=160212"",""venue"":""Great Northern Park"",""address"":""425 Broadway N"",""city"":""Fargo"",""country"":""United States"",""province"":""North Dakota"",""zip"":""58102"",""url"":""https://fargounderground.com/venue/great-northern-park/"",""show_map"":true,""show_map_link"":true}",[],,,false,[],false,false,,,2023-06-16 10:57:07,2023-06-16 15:57:07,false,false,,,
2026-09-30T20:20:26Z,fargounderground.com,https://fargounderground.com/wp-json/tribe/events/v1/events,98,10054864,fargounderground.com?id=10054864,Free Dog Night and Rock & Roll Bingo!,2028-08-31 18:00:00,2028-08-31 23:00:00,2028-08-31 20:00:00,2028-09-01 01:00:00,America/Chicago,false,false,publish,https://fargounderground.com/event/free-dog-night-and-rock-roll-bingo-31/2028-08-31/,,,Free,"{""currency_symbol"":""$"",""currency_code"":""USD"",""currency_position"":""prefix"",""values"":[""0""]}","[{""id"":372,""name"":""Food &amp; Drink"",""slug"":""food-drink"",""parent"":0},{""id"":370,""name"":""Trivia &amp; Bingo"",""slug"":""trivia"",""parent"":909}]",[],"{""id"":91157,""global_id"":""fargounderground.com?id=91157"",""venue"":""Dempsey’s Public House"",""address"":""226 Broadway N"",""city"":""Fargo"",""country"":""United States"",""province"":""ND"",""zip"":""58102"",""website"":""https://dempseysfargo.com/"",""url"":""https://fargounderground.com/venue/dempseys-public-house-2/"",""geo_lat"":46.8789764,""geo_lng"":-96.7882596,""show_map"":true,""show_map_link"":true}",[],Play FREE Rock & Roll Bingo from 6 – 8pm! Get FREE Hot Dogs from 4 – 9pm!,,"{""url"":""https://fargounderground.com/wp-content/uploads/2022/11/hot-dog-night-tO0mPR.tmp_.png"",""id"":142672,""extension"":""png"",""width"":945,""height"":532}",[],false,false,,,2023-03-28 17:49:54,2023-03-28 22:49:54,false,false,,,
2026-09-30T20:20:26Z,fargounderground.com,https://fargounderground.com/wp-json/tribe/events/v1/events,98,10052556,fargounderground.com?id=10052556,Full Circle Open Mic,2028-08-31 19:00:00,2028-09-01 00:00:00,2028-08-31 22:00:00,2028-09-01 03:00:00,America/Chicago,false,false,publish,https://fargounderground.com/event/full-circle-open-mic/2028-08-31/,,,Free,"{""currency_symbol"":""$"",""currency_code"":""USD"",""currency_position"":""prefix"",""values"":[""0""]}","[{""id"":369,""name"":""Open Mic &amp; Jam"",""slug"":""open-mic-jam"",""parent"":909}]",[],"{""id"":144429,""global_id"":""fargounderground.com?id=144429"",""venue"":""Black Coffee and Waffle Bar Fargo"",""address"":""550 2nd Ave N"",""city"":""Fargo"",""country"":""United States"",""province"":""North Dakota"",""zip"":""58102"",""website"":""https://blackcoffeeandwaffle.com/"",""phone"":""701-566-8749"",""url"":""https://fargounderground.com/venue/black-coffee-and-waffle-bar-fargo/"",""show_map"":true,""show_map_link"":true}",[],"Every Thursday is open mic night! Come out and tell a few jokes, sing your heart out, or read poetry. Hosted at Black Coffee and Waffle bar in downtown Fargo, ND.",,"{""url"":""https://fargounderground.com/wp-content/uploads/2022/12/314756703_10228005485586320_4750178534703107090_n-jpg-webp.webp"",""id"":144430,""extension"":""webp"",""width"":1800,""height"":1200}",[],false,false,,,2023-01-20 12:43:36,2023-01-20 18:43:36,false,false,,,
2026-09-30T20:20:26Z,fargounderground.com,https://fargounderground.com/wp-json/tribe/events/v1/events,99,10025680,fargounderground.com?id=10025680,Thursday Night Trivia at Downtown Fargo VFW,2028-08-31 19:00:00,2028-09-01 00:00:00,2028-08-31 21:00:00,2028-09-01 02:00:00,America/Chicago,false,false,publish,https://fargounderground.com/event/thursday-night-trivia-at-downtown-fargo-vfw-2/2028-08-31/,,,,"{""currency_symbol"":""$"",""currency_code"":""USD"",""currency_position"":""prefix"",""values"":[]}","[{""id"":370,""name"":""Trivia &amp; Bingo"",""slug"":""trivia"",""parent"":909}]",[],"{""id"":49586,""global_id"":""fargounderground.com?id=49586"",""venue"":""Fargo VFW Club, Post 762"",""address"":""202 Broadway N"",""city"":""Fargo"",""country"":""United States"",""province"":""ND"",""zip"":""58102"",""website"":""https://www.fargomoorhead.org/venue/fargo-vfw-club-post-762/"",""url"":""https://fargounderground.com/venue/vfw-coors-light-chili-cookoff/"",""geo_lat"":46.8781689,""geo_lng"":-96.7881193,""show_map"":true,""show_map_link"":true}",[],Looking for some fun on a Thursday night? Look no further than the Downtown Fargo VFW! Here’s what to look forward to: *FREE to Play! *Win FREE Drinks or Get Zonked with “WHAT’S IN THE BAG?!” *Paper Airline Contest at the End of Every Game! Come out…Bring your friends…And join in the fun!,,"{""url"":""https://fargounderground.com/wp-content/uploads/2023/04/340653856_254607436910250_5743893530831022969_n-jpg-webp.webp"",""id"":157568,""extension"":""webp"",""width"":1920,""height"":1005}",[],false,false,,,2023-09-05 14:45:31,2023-09-05 19:45:31,false,false,,,
2026-09-30T20:20:26Z,fargounderground.com,https://fargounderground.com/wp-json/tribe/events/v1/events,99,10043014,fargounderground.com?id=10043014,Belly Dance for Beginners,2028-08-31 19:30:00,2028-09-01 00:30:00,2028-08-31 20:30:00,2028-09-01 01:30:00,America/Chicago,false,false,publish,https://fargounderground.com/event/belly-dance-for-beginners/2028-08-31/,https://facebook.com/mindakbellydance,,$10,"{""currency_symbol"":""$"",""currency_code"":"""",""currency_position"":""prefix"",""values"":[""10""]}","[{""id"":362,""name"":""Classes &amp; Workshops"",""slug"":""classes-workshops"",""parent"":409},{""id"":412,""name"":""Culture &amp; Heritage"",""slug"":""culture"",""parent"":428},{""id"":569,""name"":""Fitness &amp; Yoga"",""slug"":""fitness-yoga"",""parent"":897}]",[],"{""id"":100299,""global_id"":""fargounderground.com?id=100299"",""venue"":""FM Aerial &amp; Movement Arts"",""address"":""508 Oak St. N Suite A"",""city"":""Fargo, ND"",""state"":""ND"",""zip"":""58102"",""website"":""fmaerial.com"",""phone"":""7012033448"",""url"":""https://fargounderground.com/venue/fm-aerial-movement-arts/"",""geo_lat"":46.88134,""geo_lng"":-96.779159,""show_map"":true,""show_map_link"":true}",[],"MinDak Belly Dance teaches belly dance classes in the Fargo-Moorhead area. Beginning belly dance teaches the foundations of Middle Eastern dance. You will learn belly dance posture and movements including shimmys, isolations, hip bumps, and more! No experience necessary! $10 cash at the door $10 coin belts available for purchase to enhance your dance! We meet weekly at FM AERIAL MOVEMENT ARTS 508 Oak St N Fargo EVERY Thursday from 7:30 pm-8:30 pm",,"{""url"":""https://fargounderground.com/wp-content/uploads/2023/06/MDBD-FLYER-jpg.webp"",""id"":188808,""extension"":""webp"",""width"":695,""height"":900}","{""_ecp_custom_2"":{""label"":""Region"",""value"":""Fargo""}}",false,false,,,2024-03-28 14:09:15,2024-03-28 19:09:15,true,true,,,
2026-09-30T20:20:26Z,fargounderground.com,https://fargounderground.com/wp-json/tribe/events/v1/events,99,10043718,fargounderground.com?id=10043718,🖤 Poetry Night 🖤,2028-08-31 20:00:00,2028-09-01 01:00:00,2028-08-31 22:00:00,2028-09-01 03:00:00,America/Chicago,false,false,publish,https://fargounderground.com/event/%f0%9f%96%a4-poetry-night-%f0%9f%96%a4/2028-08-31/,,,Free,"{""currency_symbol"":""$"",""currency_code"":""USD"",""currency_position"":""prefix"",""values"":[""0""]}","[{""id"":412,""name"":""Culture &amp; Heritage"",""slug"":""culture"",""parent"":428},{""id"":429,""name"":""Literary Arts"",""slug"":""books-readings"",""parent"":428},{""id"":369,""name"":""Open Mic &amp; Jam"",""slug"":""open-mic-jam"",""parent"":909}]",[],"{""id"":20026,""global_id"":""fargounderground.com?id=20026"",""venue"":""The Red Raven"",""address"":""106 7th Street S"",""city"":""Moorhead"",""country"":""United States"",""province"":""ND"",""state"":""MN"",""zip"":""56560"",""url"":""https://fargounderground.com/venue/red-raven-espresso-parlor/"",""geo_lat"":46.8745419,""geo_lng"":-96.7934178,""show_map"":true,""show_map_link"":true}",[],"poetry night back at the Raven! -come and support all the writers and poets of the community -share or listen to poetry, prose, song, rap, verse etc -free to all; no ticket required -hosted @theredraven -MC’D by Lexx Francis (just a black/indigenous queer community member who loves words) (Always the last Thursday of the month!!)",,"{""url"":""https://fargounderground.com/wp-content/uploads/2023/11/402175861_366517092552018_2607369435453580366_n-jpg-webp.webp"",""id"":176410,""extension"":""webp"",""width"":1640,""height"":924}","{""_ecp_custom_2"":{""label"":""Region"",""value"":""Moorhead""}}",false,false,,,2025-08-19 14:56:07,2025-08-19 19:56:07,true,true,,,
2026-09-30T20:20:26Z,fargounderground.com,https://fargounderground.com/wp-json/tribe/events/v1/events,99,10062252,fargounderground.com?id=10062252,College Night Bowling,2028-08-31 22:00:00,2028-09-01 03:00:00,2028-09-01 00:00:00,2028-09-01 05:00:00,America/Chicago,false,false,publish,https://fargounderground.com/event/college-night-bowling/2028-08-31/,,,$8,"{""currency_symbol"":""$"",""currency_code"":""USD"",""currency_position"":""prefix"",""values"":[""8""]}","[{""id"":1298,""name"":""Active &amp; Social Events"",""slug"":""active-social-events"",""parent"":909},{""id"":408,""name"":""College Events"",""slug"":""college-events"",""parent"":361},{""id"":372,""name"":""Food &amp; Drink"",""slug"":""food-drink"",""parent"":0}]",[],"{""id"":146365,""global_id"":""fargounderground.com?id=146365"",""venue"":""Sunset Lanes"",""address"":""620 U.S. 75"",""city"":""Moorhead"",""country"":""United States"",""province"":""MN"",""state"":""MN"",""zip"":""56560"",""website"":""https://bowlingsunset.com/"",""url"":""https://fargounderground.com/venue/sunset-lanes/"",""geo_lat"":46.8818938,""geo_lng"":-96.7431497,""show_map"":true,""show_map_link"":true}",[],"Grab your friends for a night you’ll never forget (well, maybe…..)! $8 all-you-can-bowl from 10 pm to midnight. Mug specials on adult beverages! Get a pizza, drinks, a bowl, and play in the arcade – it doesn’t get any better than that!",,"{""url"":""https://fargounderground.com/wp-content/uploads/2025/09/crw_1240h_620.webp"",""id"":263446,""extension"":""webp"",""width"":1240,""height"":620}","{""_ecp_custom_2"":{""label"":""Region"",""value"":""Moorhead""}}",false,false,,,2025-09-07 12:02:55,2025-09-07 17:02:55,true,true,,,
2026-09-30T20:20:26Z,fargounderground.com,https://fargounderground.com/wp-json/tribe/events/v1/events,99,10056690,fargounderground.com?id=10056690,Pickabob Grill & BBQ,2028-09-01 11:00:00,2028-09-01 16:00:00,2028-09-02 02:30:00,2028-09-02 07:30:00,America/Chicago,false,false,publish,https://fargounderground.com/event/pickabob-grill-bbq-2/2028-09-01/,,,,"{""currency_symbol"":""$"",""currency_code"":""USD"",""currency_position"":""prefix"",""values"":[]}","[{""id"":825,""name"":""Food Trucks"",""slug"":""food-trucks"",""parent"":372}]",[],"{""id"":160212,""global_id"":""fargounderground.com?id=160212"",""venue"":""Great Northern Park"",""address"":""425 Broadway N"",""city"":""Fargo"",""country"":""United States"",""province"":""North Dakota"",""zip"":""58102"",""url"":""https://fargounderground.com/venue/great-northern-park/"",""show_map"":true,""show_map_link"":true}",[],,,false,[],false,false,,,2023-06-16 10:56:57,2023-06-16 15:56:57,false,false,,,
2026-09-30T20:20:26Z,fargounderground.com,https://fargounderground.com/wp-json/tribe/events/v1/events,99,10066691,fargounderground.com?id=10066691,Healing Harvest Market,2028-09-01 15:00:00,2028-09-01 20:00:00,2028-09-01 18:00:00,2028-09-01 23:00:00,America/Chicago,false,false,publish,https://fargounderground.com/event/healing-harvest-market/2028-09-01/,,,Free,"{""currency_symbol"":""$"",""currency_code"":""USD"",""currency_position"":""prefix"",""values"":[""0""]}","[{""id"":649,""name"":""Business"",""slug"":""business"",""parent"":361},{""id"":435,""name"":""Farmers &amp; Makers Markets"",""slug"":""farmers-makers-markets"",""parent"":361}]","[{""name"":""#HealthAndWellness"",""slug"":""healthandwellness"",""term_group"":0,""term_taxonomy_id"":1093,""taxonomy"":""post_tag"",""description"":"""",""parent"":0,""count"":17,""filter"":""raw"",""id"":1093,""urls"":{""self"":""https://fargounderground.com/wp-json/tribe/events/v1/tags/1093"",""collection"":""https://fargounderground.com/wp-json/tribe/events/v1/tags""}},{""name"":""Farmer's Market"",""slug"":""farmers-market"",""term_group"":0,""term_taxonomy_id"":38,""taxonomy"":""post_tag"",""description"":"""",""parent"":0,""count"":6,""filter"":""raw"",""id"":38,""urls"":{""self"":""https://fargounderground.com/wp-json/tribe/events/v1/tags/38"",""collection"":""https://fargounderground.com/wp-json/tribe/events/v1/tags""}},{""name"":""food"",""slug"":""food"",""term_group"":0,""term_taxonomy_id"":75,""taxonomy"":""post_tag"",""description"":"""",""parent"":0,""count"":34,""filter"":""raw"",""id"":75,""urls"":{""self"":""https://fargounderground.com/wp-json/tribe/events/v1/tags/75"",""collection"":""https://fargounderground.com/wp-json/tribe/events/v1/tags""}}]","{""id"":282480,""global_id"":""fargounderground.com?id=282480"",""venue"":""Valley Vital Medicine"",""address"":""3540 38th Ave S Suite G"",""city"":""Fargo"",""country"":""United States"",""state"":""ND"",""zip"":""58104"",""website"":""https://valleyvitalmedicine.com/"",""phone"":""(701) 532-1926"",""url"":""https://fargounderground.com/venue/valley-vital-medicine/"",""geo_lat"":46.8209943,""geo_lng"":-96.8375262,""show_map"":true,""show_map_link"":true}","[{""id"":282481,""global_id"":""fargounderground.com?id=282481"",""organizer"":""Valley Vital Medicine"",""url"":""https://fargounderground.com/organizer/valley-vital-medicine/"",""website"":""https://valleyvitalmedicine.com/"",""phone"":""701-532-1926"",""email"":""Nurseheather@valleyvitalmedicine.com""}]","Healing Harvest Market Hosted by Valley Vital Medicine First Friday of Every Month | 3–6 PM Location: Valley Vital Medicine, Fargo, ND Website: https://valleyvitalmedicine.com The Healing Harvest Market is a monthly community gathering focused on faith, health, and local nourishment. Each market features local farmers, artisans, and wellness-focused businesses offering clean food, handcrafted goods, and natural wellness resources. This event is an opportunity for the community to come together, support small local producers, and learn more about healthy, intentional living. The market also highlights ways to support local families and individuals facing health challenges. All are welcome to attend and connect with others who value community wellness, local agriculture, and meaningful living.",,"{""url"":""https://fargounderground.com/wp-content/uploads/2025/10/HHM-Postcard-Unflattened-.png"",""id"":282482,""extension"":""png"",""width"":1800,""height"":1200}",[],false,false,,,2025-11-03 10:53:42,2025-11-03 16:53:42,true,true,,,
2026-09-30T20:20:26Z,fargounderground.com,https://fargounderground.com/wp-json/tribe/events/v1/events,99,10060161,fargounderground.com?id=10060161,Glow Skate Night,2028-09-01 20:00:00,2028-09-02 01:00:00,2028-09-01 22:00:00,2028-09-02 03:00:00,America/Chicago,false,false,publish,https://fargounderground.com/event/glow-skate-night/2028-09-01/,https://www.skatecitynd.com/2025/07/7334/,,$10,"{""currency_symbol"":""$"",""currency_code"":""USD"",""currency_position"":""prefix"",""values"":[""10""]}","[{""id"":1298,""name"":""Active &amp; Social Events"",""slug"":""active-social-events"",""parent"":909},{""id"":374,""name"":""Families &amp; Kids"",""slug"":""families-kids"",""parent"":361}]",[],"{""id"":145039,""global_id"":""fargounderground.com?id=145039"",""venue"":""Skate City ND"",""address"":""3302 Interstate Blvd S"",""city"":""Fargo"",""country"":""United States"",""province"":""North Dakota"",""zip"":""58103"",""website"":""skatecitynd.com"",""phone"":""(701) 235-0555"",""url"":""https://fargounderground.com/venue/skate-city-nd/"",""show_map"":true,""show_map_link"":true}",[],"This nighttime session brings a great atmosphere with good music to skate to, games, a blackout skate and glow sticks! Every paid skater gets a FREE GLOW STICK! Blackout Skate For a portion of the session, we will black out the rink and side aisle lighting. While there is still enough visibility to navigate the skating floor, the darker environment creates a concert-style atmosphere. When coupled with our glow products, this elevates and enhances your skating experience! Glow Sticks Get a FREE glow stick for every paid skater! We want everyone to enjoy the glow night and create a fun, glowing atmosphere, so we provide every paid skater with a glow stick on us! Great Music & Games We pick great music for dancing and skating for this Friday night session. Nothing pairs with specialty lights and blackout skates like songs with a good rhythm!",,"{""url"":""https://fargounderground.com/wp-content/uploads/2025/09/Glow-Skate-TV.png"",""id"":263362,""extension"":""png"",""width"":1920,""height"":1080}","{""_ecp_custom_2"":{""label"":""Region"",""value"":""Fargo""}}",false,false,,,2025-09-06 19:10:31,2025-09-07 00:10:31,true,true,,,
2026-09-30T20:20:26Z,fargounderground.com,https://fargounderground.com/wp-json/tribe/events/v1/events,99,10061363,fargounderground.com?id=10061363,Cosmic Bowling,2028-09-01 21:30:00,2028-09-02 02:30:00,2028-09-02 00:00:00,2028-09-02 05:00:00,America/Chicago,false,false,publish,https://fargounderground.com/event/cosmic-bowling/2028-09-01/,,,$15,"{""currency_symbol"":""$"",""currency_code"":""USD"",""currency_position"":""prefix"",""values"":[""15""]}","[{""id"":1298,""name"":""Active &amp; Social Events"",""slug"":""active-social-events"",""parent"":909},{""id"":374,""name"":""Families &amp; Kids"",""slug"":""families-kids"",""parent"":361}]",[],"{""id"":263439,""global_id"":""fargounderground.com?id=263439"",""venue"":""West Acres Bowl"",""address"":""3402 Interstate Blvd S"",""city"":""Fargo"",""country"":""United States"",""state"":""ND"",""zip"":""58103"",""phone"":""701-235-4437"",""url"":""https://fargounderground.com/venue/west-acres-bowl/"",""geo_lat"":46.8637495,""geo_lng"":-96.8363583,""show_map"":true,""show_map_link"":true}",[],"Get ready for an out-of-this-world experience at West Acres Bowl with Cosmic Bowling every Friday and Saturday night! 🌌 From 9:30 PM to Midnight, the lights go down and the blacklights turn up. Bowl to the rhythm of great music and enjoy a unique, high-energy atmosphere. Perfect for a night out with friends, a fun date, or a late-night family activity. No reservations are needed—just show up and get ready to glow!",,"{""url"":""https://fargounderground.com/wp-content/uploads/2025/09/Cosmic-Bowling.jpg"",""id"":263436,""extension"":""jpg"",""width"":2348,""height"":1536}","{""_ecp_custom_2"":{""label"":""Region"",""value"":""Fargo""}}",false,false,,,2025-09-07 11:39:17,2025-09-07 16:39:17,true,true,,,
2026-09-30T20:20:26Z,fargounderground.com,https://fargounderground.com/wp-json/tribe/events/v1/events,99,10061885,fargounderground.com?id=10061885,Rock N Bowl,2028-09-01 22:00:00,2028-09-02 03:00:00,2028-09-02 00:00:00,2028-09-02 05:00:00,America/Chicago,false,false,publish,https://fargounderground.com/event/rock-n-bowl/2028-09-01/,https://bowlingsunset.com/rock-n-bowl,,$13,"{""currency_symbol"":""$"",""currency_code"":""USD"",""currency_position"":""prefix"",""values"":[""13""]}","[{""id"":1298,""name"":""Active &amp; Social Events"",""slug"":""active-social-events"",""parent"":909},{""id"":372,""name"":""Food &amp; Drink"",""slug"":""food-drink"",""parent"":0}]",[],"{""id"":146365,""global_id"":""fargounderground.com?id=146365"",""venue"":""Sunset Lanes"",""address"":""620 U.S. 75"",""city"":""Moorhead"",""country"":""United States"",""province"":""MN"",""state"":""MN"",""zip"":""56560"",""website"":""https://bowlingsunset.com/"",""url"":""https://fargounderground.com/venue/sunset-lanes/"",""geo_lat"":46.8818938,""geo_lng"":-96.7431497,""show_map"":true,""show_map_link"":true}",[],"$13 per person. Grab some friends and head over to Sunset Lanes for Rock N Bowl. Sunset Lanes has Qubica’s deckpin lighting and cap lighting. The bar and kitchen are open all night long, so enjoy some food and drinks while you bowl. This event is fun for all ages.",,"{""url"":""https://fargounderground.com/wp-content/uploads/2025/09/rsw_1240h_620cg_true.webp"",""id"":263442,""extension"":""webp"",""width"":1240,""height"":620}","{""_ecp_custom_2"":{""label"":""Region"",""value"":""Moorhead""}}",false,false,,,2025-09-07 11:45:40,2025-09-07 16:45:40,true,true,,,
2026-09-30T20:20:26Z,fargounderground.com,https://fargounderground.com/wp-json/tribe/events/v1/events,99,10060684,fargounderground.com?id=10060684,Saturday Morning Family Skate,2028-09-02 10:00:00,2028-09-02 15:00:00,2028-09-02 12:00:00,2028-09-02 17:00:00,America/Chicago,false,false,publish,https://fargounderground.com/event/saturday-morning-family-skate/2028-09-02/,https://www.skatecitynd.com/2024/02/family-skate/,,$6,"{""currency_symbol"":""$"",""currency_code"":""USD"",""currency_position"":""prefix"",""values"":[""6""]}","[{""id"":1298,""name"":""Active &amp; Social Events"",""slug"":""active-social-events"",""parent"":909},{""id"":374,""name"":""Families &amp; Kids"",""slug"":""families-kids"",""parent"":361}]",[],"{""id"":145039,""global_id"":""fargounderground.com?id=145039"",""venue"":""Skate City ND"",""address"":""3302 Interstate Blvd S"",""city"":""Fargo"",""country"":""United States"",""province"":""North Dakota"",""zip"":""58103"",""website"":""skatecitynd.com"",""phone"":""(701) 235-0555"",""url"":""https://fargounderground.com/venue/skate-city-nd/"",""show_map"":true,""show_map_link"":true}",[],"Catering to families with young skaters, this Saturday morning session offers discounted admission for families along with age-appropriate music and skating aids at half off the regular price! Help for Our Youngest Skaters Our Family Skate is great for our newest skaters! We have Zippy Adjustable Skates, which go over the shoe, have a lower and wider wheel base, and roll more slowly. These are great for learning balance. We also rent Skate Mates for skaters aged 10 and under for $2.50 which is 1/2 off the regular price. Discounted Admission for All As families grow so do the expenses to go out and have fun together. We want to help and so during our Family Skate you can enjoy a lower admission at just $6 per skater. Don’t have your own skates? No problem! Rent your choice of inline or roller skates for just $4.00. Themed Skate Sessions Our Family Skate is a great session to host themed skates throughout the year. Whether celebrating a holiday or creating our own fun with a Superhero Skate, these can feature costumes, festivities and prizes, and themed music! Themed events may have special pricing on Admission.",,"{""url"":""https://fargounderground.com/wp-content/uploads/2025/09/family-skate-TV.png"",""id"":263376,""extension"":""png"",""width"":1920,""height"":1080}","{""_ecp_custom_2"":{""label"":""Region"",""value"":""Fargo""}}",false,false,,,2025-09-06 19:30:43,2025-09-07 00:30:43,true,true,,,
2026-09-30T20:20:26Z,fargounderground.com,https://fargounderground.com/wp-json/tribe/events/v1/events,99,10056794,fargounderground.com?id=10056794,Pickabob Grill & BBQ,2028-09-02 12:00:00,2028-09-02 17:00:00,2028-09-03 02:30:00,2028-09-03 07:30:00,America/Chicago,false,false,publish,https://fargounderground.com/event/pickabob-grill-bbq-3/2028-09-02/,,,,"{""currency_symbol"":""$"",""currency_code"":""USD"",""currency_position"":""prefix"",""values"":[]}","[{""id"":825,""name"":""Food Trucks"",""slug"":""food-trucks"",""parent"":372}]",[],"{""id"":160212,""global_id"":""fargounderground.com?id=160212"",""venue"":""Great Northern Park"",""address"":""425 Broadway N"",""city"":""Fargo"",""country"":""United States"",""province"":""North Dakota"",""zip"":""58102"",""url"":""https://fargounderground.com/venue/great-northern-park/"",""show_map"":true,""show_map_link"":true}",[],,,false,[],false,false,,,2023-06-16 10:54:49,2023-06-16 15:54:49,false,false,,,
2026-09-30T20:20:26Z,fargounderground.com,https://fargounderground.com/wp-json/tribe/events/v1/events,99,10060945,fargounderground.com?id=10060945,Saturday Night Special Skate,2028-09-02 18:00:00,2028-09-02 23:00:00,2028-09-02 21:00:00,2028-09-03 02:00:00,America/Chicago,false,false,publish,https://fargounderground.com/event/saturday-night-special-skate/2028-09-02/,https://www.skatecitynd.com/2025/08/saturday-night-special/,,$6,"{""currency_symbol"":""$"",""currency_code"":""USD"",""currency_position"":""prefix"",""values"":[""6""]}","[{""id"":1298,""name"":""Active &amp; Social Events"",""slug"":""active-social-events"",""parent"":909},{""id"":374,""name"":""Families &amp; Kids"",""slug"":""families-kids"",""parent"":361}]",[],"{""id"":145039,""global_id"":""fargounderground.com?id=145039"",""venue"":""Skate City ND"",""address"":""3302 Interstate Blvd S"",""city"":""Fargo"",""country"":""United States"",""province"":""North Dakota"",""zip"":""58103"",""website"":""skatecitynd.com"",""phone"":""(701) 235-0555"",""url"":""https://fargounderground.com/venue/skate-city-nd/"",""show_map"":true,""show_map_link"":true}",[],"Spend your Saturday Nights skating and jamming with us! Catering to families and skaters of all ages and skill levels. A perfect way to spend your weekend evening all while saving! 3-Hours of skating for just $6 per skater, plus $4.00 skate rental if needed. Family Night Out Saturday Night is a great way to get some weekend fun for the whole family at a great rate. Bring friends and extended family for good music, games and food! Groups & Clubs Whether you’re in a college club, book club or sports team, our group rates can’t be beaten! Reserve your group of 15 or more skaters at get admission for $6 per skater, which includes choice of rental! Birthday Celebrations Skating is the best way to celebrate another year around the sun. Book your party online then invite your friends and family for a party that will stand out from the rest. Parties start as low as just $149. For more information on our great packages – Click Here –",,"{""url"":""https://fargounderground.com/wp-content/uploads/2025/09/Saturday-Night-Special-TV-Slide-7.25-scaled-1-scaled.jpg"",""id"":263379,""extension"":""jpg"",""width"":2560,""height"":1451}","{""_ecp_custom_2"":{""label"":""Region"",""value"":""Fargo""}}",false,false,,,2025-09-06 19:33:55,2025-09-07 00:33:55,true,true,,,
2026-09-30T20:20:26Z,fargounderground.com,https://fargounderground.com/wp-json/tribe/events/v1/events,99,10059901,fargounderground.com?id=10059901,Adult Skate Night,2028-09-02 21:00:00,2028-09-03 02:00:00,2028-09-02 23:00:00,2028-09-03 04:00:00,America/Chicago,false,false,publish,https://fargounderground.com/event/adult-skate-night/2028-09-02/,https://www.skatecitynd.com/2025/08/adult-night/,,$10,"{""currency_symbol"":""$"",""currency_code"":""USD"",""currency_position"":""prefix"",""values"":[""10""]}","[{""id"":1298,""name"":""Active &amp; Social Events"",""slug"":""active-social-events"",""parent"":909},{""id"":909,""name"":""Entertainment"",""slug"":""entertainment"",""parent"":0},{""id"":359,""name"":""Nightlife"",""slug"":""nightlife"",""parent"":909}]",[],"{""id"":173814,""global_id"":""fargounderground.com?id=173814"",""venue"":""Skate City"",""address"":""3302 Interstate Blvd S"",""city"":""Fargo"",""country"":""United States"",""province"":""ND"",""zip"":""58103"",""website"":""https://skatecitynd.com/"",""phone"":""701-235-0555"",""url"":""https://fargounderground.com/venue/"",""geo_lat"":46.865252,""geo_lng"":-96.833748,""show_map"":true,""show_map_link"":true}",[],Catering to our adult crowd looking for a great Saturday Night! This is an 18+ Only Session with less games and more skating. Admission is $10. Skate rental is $4.00 if needed. Observing adults must pay admission.,,"{""url"":""https://fargounderground.com/wp-content/uploads/2025/09/Adult-Night-TV-Slide.jpeg"",""id"":263357,""extension"":""jpeg"",""width"":1920,""height"":1080}","{""_ecp_custom_2"":{""label"":""Region"",""value"":""Fargo""}}",false,false,,,2025-09-06 19:06:57,2025-09-07 00:06:57,true,true,,,
2026-09-30T20:20:26Z,fargounderground.com,https://fargounderground.com/wp-json/tribe/events/v1/events,99,10065065,fargounderground.com?id=10065065,Alibi Karaoke,2028-09-02 21:00:00,2028-09-03 02:00:00,2028-09-03 01:00:00,2028-09-03 06:00:00,America/Chicago,false,false,publish,https://fargounderground.com/event/alibi-karaoke/2028-09-02/,https://fargonddj.com/event/6277439/737366223/alibi-karaoke,,,"{""currency_symbol"":""$"",""currency_code"":""USD"",""currency_position"":""prefix"",""values"":[]}","[{""id"":368,""name"":""Karaoke"",""slug"":""karaoke"",""parent"":909},{""id"":359,""name"":""Nightlife"",""slug"":""nightlife"",""parent"":909}]","[{""name"":""drinks"",""slug"":""drinks"",""term_group"":0,""term_taxonomy_id"":74,""taxonomy"":""post_tag"",""description"":"""",""parent"":0,""count"":21,""filter"":""raw"",""id"":74,""urls"":{""self"":""https://fargounderground.com/wp-json/tribe/events/v1/tags/74"",""collection"":""https://fargounderground.com/wp-json/tribe/events/v1/tags""}},{""name"":""Music"",""slug"":""music"",""term_group"":0,""term_taxonomy_id"":29,""taxonomy"":""post_tag"",""description"":"""",""parent"":0,""count"":26,""filter"":""raw"",""id"":29,""urls"":{""self"":""https://fargounderground.com/wp-json/tribe/events/v1/tags/29"",""collection"":""https://fargounderground.com/wp-json/tribe/events/v1/tags""}}]","{""id"":148614,""global_id"":""fargounderground.com?id=148614"",""venue"":""Alibi Lounge"",""address"":""1340 21st Ave S"",""city"":""Fargo"",""province"":""ND"",""zip"":""58103"",""website"":""https://alibi-lounge.business.site/"",""phone"":""(701) 235-3141"",""url"":""https://fargounderground.com/venue/alibi-lounge/"",""geo_lat"":46.8463963,""geo_lng"":-96.8004683,""show_map"":false,""show_map_link"":false}","[{""id"":180416,""global_id"":""fargounderground.com?id=180416"",""organizer"":""D&amp;J Music + Karaoke"",""url"":""https://fargounderground.com/organizer/"",""website"":""https://djmusickaraoke.com/"",""phone"":""‪(701) 566-9525‬"",""email"":""info@djmusickaraoke.com""}]","Join us for another night of Saturday Night Madness including but not limited to drinks, music and gambling at The Alibi Lounge located inside the legendary Baymont Inn, South University Drive Fargo. Bring friends, make friends, and prepare yourself for a night to remember.",,"{""url"":""https://fargounderground.com/wp-content/uploads/2025/10/IMG_6023.jpeg"",""id"":278949,""extension"":""jpeg"",""width"":828,""height"":987}","{""_ecp_custom_2"":{""label"":""Region"",""value"":""Fargo""}}",false,false,,,2025-10-08 11:20:43,2025-10-08 16:20:43,true,true,,,
2026-09-30T20:20:26Z,fargounderground.com,https://fargounderground.com/wp-json/tribe/events/v1/events,99,10028922,fargounderground.com?id=10028922,Karaoke at Dempsey’s,2028-09-02 21:00:00,2028-09-03 02:00:00,2028-09-03 02:00:00,2028-09-03 07:00:00,America/Chicago,false,false,publish,https://fargounderground.com/event/karaoke-at-dempseys-59-2/2028-09-02/,,,Free,"{""currency_symbol"":""$"",""currency_code"":""USD"",""currency_position"":""prefix"",""values"":[""free""]}","[{""id"":368,""name"":""Karaoke"",""slug"":""karaoke"",""parent"":909}]",[],"{""id"":91157,""global_id"":""fargounderground.com?id=91157"",""venue"":""Dempsey’s Public House"",""address"":""226 Broadway N"",""city"":""Fargo"",""country"":""United States"",""province"":""ND"",""zip"":""58102"",""website"":""https://dempseysfargo.com/"",""url"":""https://fargounderground.com/venue/dempseys-public-house-2/"",""geo_lat"":46.8789764,""geo_lng"":-96.7882596,""show_map"":true,""show_map_link"":true}",[],"Dempsey’s has been named the Best Karaoke bar in Fargo for a reason! Sing your heart out during our FREE Karaoke night, every Tuesday and Saturday. It’s legendary!",,"{""url"":""https://fargounderground.com/wp-content/uploads/2022/11/karaoke-dempseys-0BUCH0.tmp_.png"",""id"":142666,""extension"":""png"",""width"":945,""height"":532}",[],false,false,,,2023-09-18 17:10:07,2023-09-18 22:10:07,false,false,,,
2026-09-30T20:20:26Z,fargounderground.com,https://fargounderground.com/wp-json/tribe/events/v1/events,99,10035130,fargounderground.com?id=10035130,Saturday Night Karaoke,2028-09-02 21:00:00,2028-09-03 02:00:00,2028-09-03 01:00:00,2028-09-03 06:00:00,America/Chicago,false,false,publish,https://fargounderground.com/event/saturday-night-karaoke/2028-09-02/,https://djtonyfalcon.com/events,,Free,"{""currency_symbol"":""$"",""currency_code"":""USD"",""currency_position"":""prefix"",""values"":[""0""]}","[{""id"":368,""name"":""Karaoke"",""slug"":""karaoke"",""parent"":909}]",[],"{""id"":148614,""global_id"":""fargounderground.com?id=148614"",""venue"":""Alibi Lounge"",""address"":""1340 21st Ave S"",""city"":""Fargo"",""province"":""ND"",""zip"":""58103"",""website"":""https://alibi-lounge.business.site/"",""phone"":""(701) 235-3141"",""url"":""https://fargounderground.com/venue/alibi-lounge/"",""geo_lat"":46.8463963,""geo_lng"":-96.8004683,""show_map"":false,""show_map_link"":false}","[{""id"":180416,""global_id"":""fargounderground.com?id=180416"",""organizer"":""D&amp;J Music + Karaoke"",""url"":""https://fargounderground.com/organizer/"",""website"":""https://djmusickaraoke.com/"",""phone"":""‪(701) 566-9525‬"",""email"":""info@djmusickaraoke.com""}]","Join DJ Tony Falcon for another night of Saturday Night Madness including but not limited to drinks, music and gambling at The Alibi Lounge located inside the legendary Baymont Inn, South University Drive Fargo. Bring friends, make friends, and prepare yourself for a night to remember. Mics are sanitized after every use.",,"{""url"":""https://fargounderground.com/wp-content/uploads/2024/01/417100139_860174092779522_3296353275171812107_n-jpg-webp.webp"",""id"":180465,""extension"":""webp"",""width"":960,""height"":556}","{""_ecp_custom_2"":{""label"":""Region"",""value"":""Fargo""}}",false,false,,,2025-08-24 12:42:10,2025-08-24 17:42:10,true,true,,,
2026-09-30T20:20:26Z,fargounderground.com,https://fargounderground.com/wp-json/tribe/events/v1/events,99,10029184,fargounderground.com?id=10029184,Vic’s Karaoke,2028-09-02 21:00:00,2028-09-03 02:00:00,2028-09-03 02:00:00,2028-09-03 07:00:00,America/Chicago,false,false,publish,https://fargounderground.com/event/vics-karaoke-2-2/2028-09-02/,,,Free,"{""currency_symbol"":""$"",""currency_code"":""USD"",""currency_position"":""prefix"",""values"":[""0""]}","[{""id"":368,""name"":""Karaoke"",""slug"":""karaoke"",""parent"":909}]",[],"{""id"":92621,""global_id"":""fargounderground.com?id=92621"",""venue"":""Vic&#8217;s Bar and Grill"",""address"":""1608 Main Avenue"",""city"":""Moorhead"",""country"":""United States"",""state"":""MN"",""zip"":""56560"",""phone"":""(218) 236-7714"",""url"":""https://fargounderground.com/venue/vics-lounge/"",""geo_lat"":46.8752849,""geo_lng"":-96.7729609,""show_map"":true,""show_map_link"":true}",[],"Join us Saturday nights at Vic’s for karaoke! The singing kicks off at 9 PM, but be sure to come early for the awesome specials!",,"{""url"":""https://fargounderground.com/wp-content/uploads/2023/09/429820599_908393177961600_6854180573421060203_n-jpg.webp"",""id"":189042,""extension"":""webp"",""width"":2048,""height"":1152}",[],false,false,,,2024-03-31 10:42:51,2024-03-31 15:42:51,false,false,,,
2026-09-30T20:20:26Z,fargounderground.com,https://fargounderground.com/wp-json/tribe/events/v1/events,99,10061364,fargounderground.com?id=10061364,Cosmic Bowling,2028-09-02 21:30:00,2028-09-03 02:30:00,2028-09-03 00:00:00,2028-09-03 05:00:00,America/Chicago,false,false,publish,https://fargounderground.com/event/cosmic-bowling/2028-09-02/,,,$15,"{""currency_symbol"":""$"",""currency_code"":""USD"",""currency_position"":""prefix"",""values"":[""15""]}","[{""id"":1298,""name"":""Active &amp; Social Events"",""slug"":""active-social-events"",""parent"":909},{""id"":374,""name"":""Families &amp; Kids"",""slug"":""families-kids"",""parent"":361}]",[],"{""id"":263439,""global_id"":""fargounderground.com?id=263439"",""venue"":""West Acres Bowl"",""address"":""3402 Interstate Blvd S"",""city"":""Fargo"",""country"":""United States"",""state"":""ND"",""zip"":""58103"",""phone"":""701-235-4437"",""url"":""https://fargounderground.com/venue/west-acres-bowl/"",""geo_lat"":46.8637495,""geo_lng"":-96.8363583,""show_map"":true,""show_map_link"":true}",[],"Get ready for an out-of-this-world experience at West Acres Bowl with Cosmic Bowling every Friday and Saturday night! 🌌 From 9:30 PM to Midnight, the lights go down and the blacklights turn up. Bowl to the rhythm of great music and enjoy a unique, high-energy atmosphere. Perfect for a night out with friends, a fun date, or a late-night family activity. No reservations are needed—just show up and get ready to glow!",,"{""url"":""https://fargounderground.com/wp-content/uploads/2025/09/Cosmic-Bowling.jpg"",""id"":263436,""extension"":""jpg"",""width"":2348,""height"":1536}","{""_ecp_custom_2"":{""label"":""Region"",""value"":""Fargo""}}",false,false,,,2025-09-07 11:39:17,2025-09-07 16:39:17,true,true,,,
2026-09-30T20:20:26Z,fargounderground.com,https://fargounderground.com/wp-json/tribe/events/v1/events,99,10039970,fargounderground.com?id=10039970,Karaoke at Rhombus Guys,2028-09-02 22:00:00,2028-09-03 03:00:00,2028-09-03 22:00:00,2028-09-04 03:00:00,America/Chicago,false,false,publish,https://fargounderground.com/event/karaoke-at-rhombus-guys/2028-09-02/,,,Free,"{""currency_symbol"":""$"",""currency_code"":"""",""currency_position"":""prefix"",""values"":[""0""]}","[{""id"":368,""name"":""Karaoke"",""slug"":""karaoke"",""parent"":909}]",[],"{""id"":45546,""global_id"":""fargounderground.com?id=45546"",""venue"":""Rhombus Guys Pizza"",""address"":""606 Main Ave"",""city"":""Fargo"",""country"":""United States"",""province"":""ND"",""zip"":""58103"",""url"":""https://fargounderground.com/venue/winter-pride-trivia-game-night/"",""geo_lat"":46.8740978,""geo_lng"":-96.7884067,""show_map"":true,""show_map_link"":true}",[],Free Karaoke every Saturday from 10pm to 1am with Khook Entertainment!,,"{""url"":""https://fargounderground.com/wp-content/uploads/2024/02/Facebook-Logo.png"",""id"":183987,""extension"":""png"",""width"":1000,""height"":1000}","{""_ecp_custom_2"":{""label"":""Region"",""value"":""Fargo""}}",false,false,,,2024-02-14 10:07:21,2024-02-14 16:07:21,true,true,,,
2026-09-30T20:20:26Z,fargounderground.com,https://fargounderground.com/wp-json/tribe/events/v1/events,99,10061886,fargounderground.com?id=10061886,Rock N Bowl,2028-09-02 22:00:00,2028-09-03 03:00:00,2028-09-03 00:00:00,2028-09-03 05:00:00,America/Chicago,false,false,publish,https://fargounderground.com/event/rock-n-bowl/2028-09-02/,https://bowlingsunset.com/rock-n-bowl,,$13,"{""currency_symbol"":""$"",""currency_code"":""USD"",""currency_position"":""prefix"",""values"":[""13""]}","[{""id"":1298,""name"":""Active &amp; Social Events"",""slug"":""active-social-events"",""parent"":909},{""id"":372,""name"":""Food &amp; Drink"",""slug"":""food-drink"",""parent"":0}]",[],"{""id"":146365,""global_id"":""fargounderground.com?id=146365"",""venue"":""Sunset Lanes"",""address"":""620 U.S. 75"",""city"":""Moorhead"",""country"":""United States"",""province"":""MN"",""state"":""MN"",""zip"":""56560"",""website"":""https://bowlingsunset.com/"",""url"":""https://fargounderground.com/venue/sunset-lanes/"",""geo_lat"":46.8818938,""geo_lng"":-96.7431497,""show_map"":true,""show_map_link"":true}",[],"$13 per person. Grab some friends and head over to Sunset Lanes for Rock N Bowl. Sunset Lanes has Qubica’s deckpin lighting and cap lighting. The bar and kitchen are open all night long, so enjoy some food and drinks while you bowl. This event is fun for all ages.",,"{""url"":""https://fargounderground.com/wp-content/uploads/2025/09/rsw_1240h_620cg_true.webp"",""id"":263442,""extension"":""webp"",""width"":1240,""height"":620}","{""_ecp_custom_2"":{""label"":""Region"",""value"":""Moorhead""}}",false,false,,,2025-09-07 11:45:40,2025-09-07 16:45:40,true,true,,,
2026-09-30T20:20:26Z,fargounderground.com,https://fargounderground.com/wp-json/tribe/events/v1/events,99,10034318,fargounderground.com?id=10034318,Open Mic,2028-09-03 18:00:00,2028-09-03 23:00:00,2028-09-03 22:00:00,2028-09-04 03:00:00,America/Chicago,false,false,publish,https://fargounderground.com/event/open-mic/2028-09-03/,,,Free,"{""currency_symbol"":""$"",""currency_code"":"""",""currency_position"":""prefix"",""values"":[""0""]}","[{""id"":360,""name"":""Live Music"",""slug"":""live-music"",""parent"":0},{""id"":369,""name"":""Open Mic &amp; Jam"",""slug"":""open-mic-jam"",""parent"":909}]",[],"{""id"":104370,""global_id"":""fargounderground.com?id=104370"",""venue"":""Cowboy Jack&#8217;s"",""address"":""506 Broadway"",""city"":""Fargo"",""province"":""ND"",""zip"":""58102"",""website"":""https://downtownfargo.com/venue/cowboy-jacks/"",""url"":""https://fargounderground.com/venue/cowboy-jacks/"",""geo_lat"":46.881414,""geo_lng"":-96.788091,""show_map"":true,""show_map_link"":true}",[],Live music and great food! Can’t wait to see you there!,,"{""url"":""https://fargounderground.com/wp-content/uploads/2023/12/410021949_813755527423771_7670712905895671685_n-jpg-webp.webp"",""id"":177707,""extension"":""webp"",""width"":526,""height"":526}","{""_ecp_custom_2"":{""label"":""Region"",""value"":""Fargo""}}",false,false,,,2023-12-11 09:39:16,2023-12-11 15:39:16,true,true,,,
2026-09-30T20:20:26Z,fargounderground.com,https://fargounderground.com/wp-json/tribe/events/v1/events,99,10049340,fargounderground.com?id=10049340,Monday Meetups for Adults,2028-09-04 18:00:00,2028-09-04 23:00:00,2028-09-04 20:00:00,2028-09-05 01:00:00,America/Chicago,false,false,publish,https://fargounderground.com/event/monday-meetups-for-adults/2028-09-04/,https://larl.org/mondaymeetup,,Free,"{""currency_symbol"":""$"",""currency_code"":""USD"",""currency_position"":""prefix"",""values"":[""0""]}","[{""id"":677,""name"":""Clubs &amp; Groups"",""slug"":""clubs-groups"",""parent"":361},{""id"":364,""name"":""Crafts &amp; Hobbies"",""slug"":""arts-crafts"",""parent"":428},{""id"":367,""name"":""Gaming &amp; Tabletop"",""slug"":""games"",""parent"":909},{""id"":429,""name"":""Literary Arts"",""slug"":""books-readings"",""parent"":428}]",[],"{""id"":91017,""global_id"":""fargounderground.com?id=91017"",""venue"":""Moorhead Public Library"",""address"":""118 5th St S"",""city"":""Moorhead"",""country"":""United States"",""province"":""MN"",""state"":""MN"",""zip"":""56560"",""website"":""https://larl.org/"",""phone"":""(218) 233-7594"",""url"":""https://fargounderground.com/venue/moorhead-public-library/"",""geo_lat"":46.873097,""geo_lng"":-96.771756,""show_map"":true,""show_map_link"":true}","[{""id"":186176,""global_id"":""fargounderground.com?id=186176"",""organizer"":""Moorhead Public Library"",""url"":""https://fargounderground.com/organizer/"",""website"":""https://larl.org/locations/moorhead/"",""phone"":""218-233-7594"",""email"":""mhreference@larl.org""}]","Meet up and chat with others with similar interests. Come with friends, or make some new ones! Refreshments will be provided. Check the calendar for updates – https://larl.org/mondaymeetup/ First Monday of the Month – Craft Connection Join us to get cozy, craft and chat! This is an opportunity to leave distractions behind and focus on your craft. Bring whatever project you are working on and meet up with other local crafters. You can share your expertise, learn from others or just enjoy some distraction-free time to yourself. Refreshments will be provided. Second Monday of the Month – Best Sellers Book Club Join the Moorhead Public Library’s Best Sellers Book Club and see what the buzz is about in the latest popular books! Third Monday of the Month – Game Night Join us to get cozy, play games, and chat! This is an opportunity to meet up with others who enjoy playing games. Come with friends, or make some new ones! Bring your favorite card or board game, or try one of ours! Refreshments will be provided. Fourth Monday of the Month – Silent Reading Club Join us at the Moorhead Library for quiet, sustained reading at our new Silent Book Club! All readers are welcome—ebooks or audiobooks, poetry or prose, fiction or non-fiction… it’s BYOBook. The library will provide comfortable seating and light refreshments. Fifth Monday of the Month – Guided Activity Join us each month for different activities lead by experts in their respective disciplines. Any needed supplies will be provided.",,"{""url"":""https://fargounderground.com/wp-content/uploads/2024/10/MHD-all-Monday-Meetups-2024-Website-Graphic-scaled-1.jpg"",""id"":257979,""extension"":""jpg"",""width"":2560,""height"":1440}","{""_ecp_custom_2"":{""label"":""Region"",""value"":""Moorhead""}}",false,false,,,2025-07-29 11:46:45,2025-07-29 16:46:45,true,true,,,
2026-09-30T20:20:26Z,fargounderground.com,https://fargounderground.com/wp-json/tribe/events/v1/events,99,10062592,fargounderground.com?id=10062592,Jazz Night at Sidestreet,2028-09-04 19:00:00,2028-09-05 00:00:00,2028-09-04 21:00:00,2028-09-05 02:00:00,America/Chicago,false,false,publish,https://fargounderground.com/event/jazz-night-at-sidestreet-2/2028-09-04/,https://www.fargopartyof3.com/sidestreet.html,,Free,"{""currency_symbol"":""$"",""currency_code"":""USD"",""currency_position"":""prefix"",""values"":[""0""]}","[{""id"":412,""name"":""Culture &amp; Heritage"",""slug"":""culture"",""parent"":428},{""id"":909,""name"":""Entertainment"",""slug"":""entertainment"",""parent"":0},{""id"":372,""name"":""Food &amp; Drink"",""slug"":""food-drink"",""parent"":0},{""id"":591,""name"":""Jazz &amp; Blues"",""slug"":""jazz-blues"",""parent"":360}]",[],"{""id"":93912,""global_id"":""fargounderground.com?id=93912"",""venue"":""SIdestreet Grille &#038; Pub"",""address"":""404 4th ave N"",""city"":""Fargo"",""province"":""ND"",""state"":""ND"",""zip"":""58102"",""website"":""https://downtownfargo.com/venue/sidestreet-grille-pub/"",""url"":""https://fargounderground.com/venue/sidestreet-grille-pub-3/"",""geo_lat"":46.8798407,""geo_lng"":-96.7849167,""show_map"":true,""show_map_link"":true}",[],"Start your week on a high note with Jazz Night at Sidestreet Grille & Pub! Every Monday from 7 to 9 p.m., the pub transforms into a cozy jazz club, featuring talented local musicians. Grab a seat, enjoy a delicious meal, and unwind with the smooth sounds of live jazz. It’s the perfect way to relax and appreciate the local music scene.",,"{""url"":""https://fargounderground.com/wp-content/uploads/2023/10/jazznights-2023aug-dec_orig-e1698696620909-0UgB44.tmp_-jpg-webp.webp"",""id"":174098,""extension"":""webp"",""width"":425,""height"":224}","{""_ecp_custom_2"":{""label"":""Region"",""value"":""Fargo""}}",false,false,,,2025-09-08 12:40:56,2025-09-08 17:40:56,true,true,,,
2026-09-30T20:20:26Z,fargounderground.com,https://fargounderground.com/wp-json/tribe/events/v1/events,99,10023963,fargounderground.com?id=10023963,Open Mic Night at Front Street Taproom,2028-09-04 20:00:00,2028-09-05 01:00:00,2028-09-04 23:00:00,2028-09-05 04:00:00,America/Chicago,false,false,publish,https://fargounderground.com/event/open-mic-night-at-front-street-taproom/2028-09-04/,https://www.facebook.com/events/638022304704240/638022361370901/,,Free,"{""currency_symbol"":"""",""currency_code"":"""",""currency_position"":"""",""values"":[""free""]}","[{""id"":360,""name"":""Live Music"",""slug"":""live-music"",""parent"":0},{""id"":369,""name"":""Open Mic &amp; Jam"",""slug"":""open-mic-jam"",""parent"":909}]","[{""name"":""downtown Fargo"",""slug"":""downtown-fargo"",""term_group"":0,""term_taxonomy_id"":49,""taxonomy"":""post_tag"",""description"":"""",""parent"":0,""count"":102,""filter"":""raw"",""id"":49,""urls"":{""self"":""https://fargounderground.com/wp-json/tribe/events/v1/tags/49"",""collection"":""https://fargounderground.com/wp-json/tribe/events/v1/tags""}},{""name"":""Fargo"",""slug"":""fargo"",""term_group"":0,""term_taxonomy_id"":240,""taxonomy"":""post_tag"",""description"":"""",""parent"":0,""count"":52,""filter"":""raw"",""id"":240,""urls"":{""self"":""https://fargounderground.com/wp-json/tribe/events/v1/tags/240"",""collection"":""https://fargounderground.com/wp-json/tribe/events/v1/tags""}},{""name"":""Live music"",""slug"":""live-music"",""term_group"":0,""term_taxonomy_id"":45,""taxonomy"":""post_tag"",""description"":"""",""parent"":0,""count"":81,""filter"":""raw"",""id"":45,""urls"":{""self"":""https://fargounderground.com/wp-json/tribe/events/v1/tags/45"",""collection"":""https://fargounderground.com/wp-json/tribe/events/v1/tags""}}]","{""id"":20933,""global_id"":""fargounderground.com?id=20933"",""venue"":""Front Street Taproom"",""address"":""614 Main Ave"",""city"":""Fargo"",""province"":""ND"",""state"":""ND"",""zip"":""58102"",""website"":""https://downtownfargo.com/venue/front-street-taproom/"",""url"":""https://fargounderground.com/venue/front-street-taproom-2/"",""geo_lat"":46.87428,""geo_lng"":-96.78883,""show_map"":true,""show_map_link"":true}",[],"Hosted by Travis Neros Every Monday at 8pm Come hangout and listen to live music, readings, and/or comedy! (If you’re wanting to sign-up come closer to the beginning, if you can)",,"{""url"":""https://fargounderground.com/wp-content/uploads/2023/01/339625439_693036622509731_7407905951526191323_n-jpg-webp.webp"",""id"":156207,""extension"":""webp"",""width"":1201,""height"":629}",[],false,false,,,2023-09-05 14:16:16,2023-09-05 19:16:16,true,true,,,
2026-09-30T20:20:26Z,fargounderground.com,https://fargounderground.com/wp-json/tribe/events/v1/events,99,10053510,fargounderground.com?id=10053510,Tea Time Tuesdays,2028-09-05 08:30:00,2028-09-05 13:30:00,2028-09-05 09:30:00,2028-09-05 14:30:00,America/Chicago,false,false,publish,https://fargounderground.com/event/tea-time-tuesdays/2028-09-05/,,,,"{""currency_symbol"":""$"",""currency_code"":""USD"",""currency_position"":""prefix"",""values"":[]}","[{""id"":649,""name"":""Business"",""slug"":""business"",""parent"":361}]",[],"{""id"":150796,""global_id"":""fargounderground.com?id=150796"",""venue"":""The Daily Dose Fargo"",""address"":""3223 13th Ave S"",""city"":""Fargo"",""country"":""United States"",""province"":""North Dakota"",""zip"":""58103"",""url"":""https://fargounderground.com/venue/the-daily-dose-fargo/"",""show_map"":true,""show_map_link"":true}",[],"Come and join us every Tuesday from 8:30-9:30am. Let’s connect, meet, network, caffeinate and reboot for the week! Networking is free and open to anyone willing to network!",,"{""url"":""https://fargounderground.com/wp-content/uploads/2023/02/326953771_5843143202437407_8499174753929495889_n-jpg-webp.webp"",""id"":150797,""extension"":""webp"",""width"":960,""height"":541}",[],false,false,,,2023-02-21 16:21:55,2023-02-21 22:21:55,false,false,,,
2026-09-30T20:20:26Z,fargounderground.com,https://fargounderground.com/wp-json/tribe/events/v1/events,99,10056403,fargounderground.com?id=10056403,Pickabob Grill & BBQ,2028-09-05 11:00:00,2028-09-05 16:00:00,2028-09-05 22:00:00,2028-09-06 03:00:00,America/Chicago,false,false,publish,https://fargounderground.com/event/pickabob-grill-bbq/2028-09-05/,,,,"{""currency_symbol"":""$"",""currency_code"":""USD"",""currency_position"":""prefix"",""values"":[]}","[{""id"":825,""name"":""Food Trucks"",""slug"":""food-trucks"",""parent"":372}]",[],"{""id"":160212,""global_id"":""fargounderground.com?id=160212"",""venue"":""Great Northern Park"",""address"":""425 Broadway N"",""city"":""Fargo"",""country"":""United States"",""province"":""North Dakota"",""zip"":""58102"",""url"":""https://fargounderground.com/venue/great-northern-park/"",""show_map"":true,""show_map_link"":true}",[],,,false,[],false,false,,,2023-06-16 10:57:07,2023-06-16 15:57:07,false,false,,,
2026-09-30T20:20:26Z,fargounderground.com,https://fargounderground.com/wp-json/tribe/events/v1/events,99,10068558,fargounderground.com?id=10068558,Drekker Barrel Room Trivia,2028-09-05 18:00:00,2028-09-05 23:00:00,2028-09-05 20:00:00,2028-09-06 01:00:00,America/Chicago,false,false,publish,https://fargounderground.com/event/drekker-barrel-room-trivia-3/2028-09-05/,,,Free,"{""currency_symbol"":""$"",""currency_code"":""USD"",""currency_position"":""prefix"",""values"":[""0""]}","[{""id"":359,""name"":""Nightlife"",""slug"":""nightlife"",""parent"":909},{""id"":370,""name"":""Trivia &amp; Bingo"",""slug"":""trivia"",""parent"":909}]",[],"{""id"":19700,""global_id"":""fargounderground.com?id=19700"",""venue"":""Drekker Brewing Company"",""address"":""1666 1st Ave N, Brewhalla"",""city"":""Fargo"",""country"":""United States"",""province"":""ND"",""state"":""ND"",""zip"":""58102"",""website"":""https://drekkerbrewing.com/"",""url"":""https://fargounderground.com/venue/drekker-brewing-company/"",""geo_lat"":46.8762631,""geo_lng"":-96.8078035,""show_map"":true,""show_map_link"":true}","[{""id"":143787,""global_id"":""fargounderground.com?id=143787"",""organizer"":""Drekker Brewing Company"",""url"":""https://fargounderground.com/organizer/drekker-brewing-company/"",""website"":""http://www.drekkerbrewing.com""}]","Think you’ve got what it takes to outsmart your friends after a couple beers? Prove it. Join us the first Tuesday of every month for Trivia in the Barrel Room, hosted by our very own Cate & Owen – two of Drekker’s finest beertenders and your new favorite quizmasters. Grab your crew, grab a pint and get ready for a laid-back night of weird facts, wild guesses and maybe a little friendly trash talk. No registration needed! Just show up, grab a beer and let’s get weird!",,"{""url"":""https://fargounderground.com/wp-content/uploads/2025/12/Barrel-Room-Trivia_FB-Event.jpg"",""id"":289169,""extension"":""jpg"",""width"":1920,""height"":1005}",[],false,false,,,2025-12-30 14:33:50,2025-12-30 20:33:50,true,true,,,
2026-09-30T20:20:26Z,fargounderground.com,https://fargounderground.com/wp-json/tribe/events/v1/events,99,10073390,fargounderground.com?id=10073390,Drekker Barrel Room Trivia,2028-09-05 18:00:00,2028-09-05 23:00:00,2028-09-05 20:00:00,2028-09-06 01:00:00,America/Chicago,false,false,publish,https://fargounderground.com/event/drekker-barrel-room-trivia-4/2028-09-05/,,,Free,"{""currency_symbol"":""$"",""currency_code"":""USD"",""currency_position"":""prefix"",""values"":[""0""]}","[{""id"":370,""name"":""Trivia &amp; Bingo"",""slug"":""trivia"",""parent"":909}]",[],"{""id"":19700,""global_id"":""fargounderground.com?id=19700"",""venue"":""Drekker Brewing Company"",""address"":""1666 1st Ave N, Brewhalla"",""city"":""Fargo"",""country"":""United States"",""province"":""ND"",""state"":""ND"",""zip"":""58102"",""website"":""https://drekkerbrewing.com/"",""url"":""https://fargounderground.com/venue/drekker-brewing-company/"",""geo_lat"":46.8762631,""geo_lng"":-96.8078035,""show_map"":true,""show_map_link"":true}","[{""id"":143787,""global_id"":""fargounderground.com?id=143787"",""organizer"":""Drekker Brewing Company"",""url"":""https://fargounderground.com/organizer/drekker-brewing-company/"",""website"":""http://www.drekkerbrewing.com""}]","Think you’ve got what it takes to outsmart your friends after a couple beers? Prove it. Join us the first Tuesday of every month for Trivia in the Barrel Room, hosted by our very own Cate & Owen – two of Drekker’s finest beertenders and your new favorite quizmasters! Grab your crew, grab a pint and get ready for a laid-back night of weird facts, wild guesses and maybe a little friendly trash talk. No registration needed! Just show up, grab a beer and let’s get weird!",,"{""url"":""https://fargounderground.com/wp-content/uploads/2026/04/601850302_868915212162593_2884558901637600329_n.jpg"",""id"":301985,""extension"":""jpg"",""width"":1920,""height"":1005}","{""_ecp_custom_2"":{""label"":""Region"",""value"":""Fargo""}}",false,false,,,2026-04-02 11:12:34,2026-04-02 16:12:34,true,true,,,
2026-09-30T20:20:26Z,fargounderground.com,https://fargounderground.com/wp-json/tribe/events/v1/events,99,10026608,fargounderground.com?id=10026608,Suite Shots Trivia Night,2028-09-05 18:00:00,2028-09-05 23:00:00,2028-09-05 20:00:00,2028-09-06 01:00:00,America/Chicago,false,false,publish,https://fargounderground.com/event/suite-shots-trivia-night-9/2028-09-05/,,,Free,"{""currency_symbol"":""$"",""currency_code"":""USD"",""currency_position"":""prefix"",""values"":[""free""]}","[{""id"":370,""name"":""Trivia &amp; Bingo"",""slug"":""trivia"",""parent"":909}]",[],"{""id"":165649,""global_id"":""fargounderground.com?id=165649"",""venue"":""Suite Shots"",""address"":""3400 James Way S"",""city"":""Fargo"",""country"":""United States"",""province"":""ND"",""state"":""ND"",""zip"":""58104"",""website"":""https://suiteshots.com/venue/suite-shots/"",""phone"":""(701) 532-4653"",""url"":""https://fargounderground.com/venue/suite-shots/"",""geo_lat"":46.8072058,""geo_lng"":-96.8355331,""show_map"":true,""show_map_link"":true}",[],"Every Tuesday, showcase your vast knowledge (both useful & useless) & compete for fantastic Suite Shots prizes! 🏆 Join us at 6 pm for an evening of brain-teasing fun! 🧠💡 But before the trivia begins, don’t miss our Happy Hour from 3:30-6:30 pm. 🍻 PLUS, if you’re craving some delicious tacos, we’ve got you covered with $4 Walleye Tacos & $4 Specialty Tacos changed monthly. 🌮",,"{""url"":""https://fargounderground.com/wp-content/uploads/2023/09/359314893_753992756729627_4984377186369470435_n-jpg-webp.webp"",""id"":169720,""extension"":""webp"",""width"":1080,""height"":1080}",[],false,false,,,2024-05-15 16:02:56,2024-05-15 21:02:56,true,true,,,
2026-09-30T20:20:26Z,fargounderground.com,https://fargounderground.com/wp-json/tribe/events/v1/events,99,10042166,fargounderground.com?id=10042166,Tuesday Night Trivia at the Sidestreet,2028-09-05 19:00:00,2028-09-06 00:00:00,2028-09-05 21:00:00,2028-09-06 02:00:00,America/Chicago,false,false,publish,https://fargounderground.com/event/tuesday-night-trivia-at-the-sidestreet-2/2028-09-05/,,,Free,"{""currency_symbol"":""$"",""currency_code"":""USD"",""currency_position"":""prefix"",""values"":[""0""]}","[{""id"":370,""name"":""Trivia &amp; Bingo"",""slug"":""trivia"",""parent"":909}]",[],"{""id"":20005,""global_id"":""fargounderground.com?id=20005"",""venue"":""Sidestreet Grille &amp; Pub"",""address"":""404 4th Ave N"",""city"":""Fargo"",""country"":""United States"",""province"":""ND"",""state"":""ND"",""zip"":""58102-4810"",""website"":""https://www.facebook.com/SidestreetGrilleandPub/"",""url"":""https://fargounderground.com/venue/sidestreet-grille-pub/"",""geo_lat"":46.8798407,""geo_lng"":-96.7849167,""show_map"":true,""show_map_link"":true}",[],Hey There & Howdy Trivia Hounds! Tuesdays just got that much better with Two Lanterns Trivia at the Sidestreet in Downtown Fargo! Test your trivial knowledge for the chance to win FREE drinks or get ZONKED with everybody’s favorite Game-within-the-Game “WHAT’S IN THE BAG?!” Grand Prize Winners get a $20.00 GIFT CARD! Come on out…It’s sure to be a fun time!,,"{""url"":""https://fargounderground.com/wp-content/uploads/2023/04/340613979_592852209440315_7275928061751749308_n-jpg-webp.webp"",""id"":157565,""extension"":""webp"",""width"":1200,""height"":630}",[],false,false,,,2024-03-05 17:07:55,2024-03-05 23:07:55,false,false,,,
2026-09-30T20:20:26Z,fargounderground.com,https://fargounderground.com/wp-json/tribe/events/v1/events,99,10052801,fargounderground.com?id=10052801,West Fargo Senior Dance,2028-09-05 19:00:00,2028-09-06 00:00:00,2028-09-05 22:00:00,2028-09-06 03:00:00,America/Chicago,false,false,publish,https://fargounderground.com/event/west-fargo-senior-dance-3/2028-09-05/,,,$5.00,"{""currency_symbol"":""$"",""currency_code"":""USD"",""currency_position"":""prefix"",""values"":[""5.00""]}","[{""id"":1284,""name"":""Dancing"",""slug"":""dancing"",""parent"":909}]",[],"{""id"":146606,""global_id"":""fargounderground.com?id=146606"",""venue"":""West Fargo VFW Post 7564"",""address"":""444 Sheyenne St"",""city"":""West Fargo"",""province"":""ND"",""state"":""ND"",""zip"":""58078"",""website"":""https://vfw7564.org/di/vfw/v2/default.asp"",""phone"":""(701) 282-4728"",""url"":""https://fargounderground.com/venue/west-fargo-vfw-post-7564/"",""geo_lat"":46.8721144,""geo_lng"":-96.9043999,""show_map"":true,""show_map_link"":true}",[],West Fargo Senior Dance is held on the first Tuesday of each month. Enjoy old-time music. Listen or dance to Leo Kiefer. $5.00 admission includes a light lunch.,,"{""url"":""https://fargounderground.com/wp-content/uploads/2023/01/9176800_6651-jpg-webp.webp"",""id"":148883,""extension"":""webp"",""width"":8000,""height"":4269}",[],false,false,,,2026-05-22 17:23:57,2026-05-22 22:23:57,true,true,,,
2026-09-30T20:20:26Z,fargounderground.com,https://fargounderground.com/wp-json/tribe/events/v1/events,99,10056183,fargounderground.com?id=10056183,Boss’ Comedy Club Open Mic,2028-09-05 20:00:00,2028-09-06 01:00:00,2028-09-05 23:00:00,2028-09-06 04:00:00,America/Chicago,false,false,publish,https://fargounderground.com/event/boss-comedy-club-open-mic-2/2028-09-05/,,,Free,"{""currency_symbol"":""$"",""currency_code"":""USD"",""currency_position"":""prefix"",""values"":[""0""]}","[{""id"":432,""name"":""Comedy"",""slug"":""comedy-arts-entertainment"",""parent"":909},{""id"":369,""name"":""Open Mic &amp; Jam"",""slug"":""open-mic-jam"",""parent"":909}]",[],"{""id"":144938,""global_id"":""fargounderground.com?id=144938"",""venue"":""Boss&#8217; Comedy Club Fargo"",""address"":""228 Broadway N"",""city"":""Fargo"",""country"":""United States"",""province"":""North Dakota"",""zip"":""58102"",""website"":""https://www.bosspizzaandchicken.com/"",""phone"":""(701) 997-2677"",""url"":""https://fargounderground.com/venue/boss-comedy-club-fargo/"",""show_map"":true,""show_map_link"":true}",[],Come out this Thursday and enjoy the areas best comedians work on their Material… For Free! Want to try stand-up comedy yourself? First Timers & New Comedians are always encouraged. While you’re here enjoy Boss’s Full Menu also available in the Comedy Club. Sign up at 7:30 pm. Show at 8 pm. All are welcome!,,"{""url"":""https://fargounderground.com/wp-content/uploads/2022/12/boss-comedy-club-jpg-webp.webp"",""id"":144939,""extension"":""webp"",""width"":1420,""height"":640}",[],false,false,,,2023-04-27 14:31:21,2023-04-27 19:31:21,false,false,,,
2026-09-30T20:20:26Z,fargounderground.com,https://fargounderground.com/wp-json/tribe/events/v1/events,99,10025269,fargounderground.com?id=10025269,Open Mic Comedy,2028-09-05 20:00:00,2028-09-06 01:00:00,2028-09-05 22:00:00,2028-09-06 03:00:00,America/Chicago,false,false,publish,https://fargounderground.com/event/open-mic-comedy-6/2028-09-05/,https://www.facebook.com/Bosscomedyclubfargo/,,,"{""currency_symbol"":"""",""currency_code"":"""",""currency_position"":""prefix"",""values"":[]}","[{""id"":432,""name"":""Comedy"",""slug"":""comedy-arts-entertainment"",""parent"":909},{""id"":369,""name"":""Open Mic &amp; Jam"",""slug"":""open-mic-jam"",""parent"":909}]",[],"{""id"":144938,""global_id"":""fargounderground.com?id=144938"",""venue"":""Boss&#8217; Comedy Club Fargo"",""address"":""228 Broadway N"",""city"":""Fargo"",""country"":""United States"",""province"":""North Dakota"",""zip"":""58102"",""website"":""https://www.bosspizzaandchicken.com/"",""phone"":""(701) 997-2677"",""url"":""https://fargounderground.com/venue/boss-comedy-club-fargo/"",""show_map"":true,""show_map_link"":true}",[],Open Mic Comedy at Boss’s Every Tuesday Night Try your hand on the stage for free! Sign up at 7:30 pm; Mic Starts at 8 pm,,"{""url"":""https://fargounderground.com/wp-content/uploads/2023/08/Boss-Comedy-Open-Mic-jpg-webp.webp"",""id"":168876,""extension"":""webp"",""width"":1420,""height"":640}",[],false,false,,,2023-09-05 14:26:50,2023-09-05 19:26:50,false,false,,,
2026-09-30T20:20:26Z,fargounderground.com,https://fargounderground.com/wp-json/tribe/events/v1/events,99,10028923,fargounderground.com?id=10028923,Karaoke at Dempsey’s,2028-09-05 21:00:00,2028-09-06 02:00:00,2028-09-06 02:00:00,2028-09-06 07:00:00,America/Chicago,false,false,publish,https://fargounderground.com/event/karaoke-at-dempseys-59-2/2028-09-05/,,,Free,"{""currency_symbol"":""$"",""currency_code"":""USD"",""currency_position"":""prefix"",""values"":[""free""]}","[{""id"":368,""name"":""Karaoke"",""slug"":""karaoke"",""parent"":909}]",[],"{""id"":91157,""global_id"":""fargounderground.com?id=91157"",""venue"":""Dempsey’s Public House"",""address"":""226 Broadway N"",""city"":""Fargo"",""country"":""United States"",""province"":""ND"",""zip"":""58102"",""website"":""https://dempseysfargo.com/"",""url"":""https://fargounderground.com/venue/dempseys-public-house-2/"",""geo_lat"":46.8789764,""geo_lng"":-96.7882596,""show_map"":true,""show_map_link"":true}",[],"Dempsey’s has been named the Best Karaoke bar in Fargo for a reason! Sing your heart out during our FREE Karaoke night, every Tuesday and Saturday. It’s legendary!",,"{""url"":""https://fargounderground.com/wp-content/uploads/2022/11/karaoke-dempseys-0BUCH0.tmp_.png"",""id"":142666,""extension"":""png"",""width"":945,""height"":532}",[],false,false,,,2023-09-18 17:10:07,2023-09-18 22:10:07,false,false,,,
2026-09-30T20:20:26Z,fargounderground.com,https://fargounderground.com/wp-json/tribe/events/v1/events,99,10056404,fargounderground.com?id=10056404,Pickabob Grill & BBQ,2028-09-06 11:00:00,2028-09-06 16:00:00,2028-09-06 22:00:00,2028-09-07 03:00:00,America/Chicago,false,false,publish,https://fargounderground.com/event/pickabob-grill-bbq/2028-09-06/,,,,"{""currency_symbol"":""$"",""currency_code"":""USD"",""currency_position"":""prefix"",""values"":[]}","[{""id"":825,""name"":""Food Trucks"",""slug"":""food-trucks"",""parent"":372}]",[],"{""id"":160212,""global_id"":""fargounderground.com?id=160212"",""venue"":""Great Northern Park"",""address"":""425 Broadway N"",""city"":""Fargo"",""country"":""United States"",""province"":""North Dakota"",""zip"":""58102"",""url"":""https://fargounderground.com/venue/great-northern-park/"",""show_map"":true,""show_map_link"":true}",[],,,false,[],false,false,,,2023-06-16 10:57:07,2023-06-16 15:57:07,false,false,,,
2026-09-30T20:20:26Z,fargounderground.com,https://fargounderground.com/wp-json/tribe/events/v1/events,99,10060423,fargounderground.com?id=10060423,Discount Skate Night,2028-09-06 18:00:00,2028-09-06 23:00:00,2028-09-06 20:00:00,2028-09-07 01:00:00,America/Chicago,false,false,publish,https://fargounderground.com/event/discount-skate-night/2028-09-06/,https://www.skatecitynd.com/2024/02/discount-night/,,$6,"{""currency_symbol"":""$"",""currency_code"":""USD"",""currency_position"":""prefix"",""values"":[""6""]}","[{""id"":1298,""name"":""Active &amp; Social Events"",""slug"":""active-social-events"",""parent"":909},{""id"":374,""name"":""Families &amp; Kids"",""slug"":""families-kids"",""parent"":361}]",[],"{""id"":145039,""global_id"":""fargounderground.com?id=145039"",""venue"":""Skate City ND"",""address"":""3302 Interstate Blvd S"",""city"":""Fargo"",""country"":""United States"",""province"":""North Dakota"",""zip"":""58103"",""website"":""skatecitynd.com"",""phone"":""(701) 235-0555"",""url"":""https://fargounderground.com/venue/skate-city-nd/"",""show_map"":true,""show_map_link"":true}",[],"Catering to families and skaters of all ages and skill levels. Join us for a midweek session with discounted admission! Just $6 per skater, plus $4.00 skate rental if needed. Family Night Out Discount Night is a great way to get some midweek fun for the whole family at a great rate. Bring friends and extended family for good music, games and food! Groups & Clubs Whether you’re in a college club, book club or sports team, our group rates can’t be beaten! Reserve your group of 15 or more skaters at get admission for $6 per skater, which includes choice of rental! Daycares & Youth Groups Skating is a great way to get your daycare or youth group out for a night of fun! This midweek session is a great opportunity. Reserve a group of 15 or more and get our group rates – just $6 per skater, which includes choice of skate rental! Groups also get our meal deal (hotdogs, chips, and small drink) for just $5 per skater.",,"{""url"":""https://fargounderground.com/wp-content/uploads/2025/09/Discount-Skate-TV-Slide.png"",""id"":263371,""extension"":""png"",""width"":1920,""height"":1080}","{""_ecp_custom_2"":{""label"":""Region"",""value"":""Fargo""}}",false,false,,,2025-09-06 19:23:30,2025-09-07 00:23:30,true,true,,,
2026-09-30T20:20:26Z,fargounderground.com,https://fargounderground.com/wp-json/tribe/events/v1/events,99,10054510,fargounderground.com?id=10054510,Taco Night and Bingo!,2028-09-06 18:00:00,2028-09-06 23:00:00,2028-09-06 20:00:00,2028-09-07 01:00:00,America/Chicago,false,false,publish,https://fargounderground.com/event/taco-night-and-bingo-31/2028-09-06/,,,Free,"{""currency_symbol"":""$"",""currency_code"":""USD"",""currency_position"":""prefix"",""values"":[""0""]}","[{""id"":372,""name"":""Food &amp; Drink"",""slug"":""food-drink"",""parent"":0},{""id"":370,""name"":""Trivia &amp; Bingo"",""slug"":""trivia"",""parent"":909}]",[],"{""id"":91157,""global_id"":""fargounderground.com?id=91157"",""venue"":""Dempsey’s Public House"",""address"":""226 Broadway N"",""city"":""Fargo"",""country"":""United States"",""province"":""ND"",""zip"":""58102"",""website"":""https://dempseysfargo.com/"",""url"":""https://fargounderground.com/venue/dempseys-public-house-2/"",""geo_lat"":46.8789764,""geo_lng"":-96.7882596,""show_map"":true,""show_map_link"":true}",[],Play FREE Bingo from 6 – 8pm! Get $1 Tacos from 4 – 9pm!,,"{""url"":""https://fargounderground.com/wp-content/uploads/2022/11/taco-night-dempseys-dhBTti.tmp_.png"",""id"":142669,""extension"":""png"",""width"":945,""height"":532}",[],false,false,,,2023-03-28 17:45:42,2023-03-28 22:45:42,false,false,,,
2026-09-30T20:20:26Z,fargounderground.com,https://fargounderground.com/wp-json/tribe/events/v1/events,99,10074892,fargounderground.com?id=10074892,Ladies’ Drop-In D&D Night,2028-09-06 18:30:00,2028-09-06 23:30:00,2028-09-06 21:30:00,2028-09-07 02:30:00,America/Chicago,false,false,publish,https://fargounderground.com/event/ladies-drop-in-dd-night/2028-09-06/,https://www.facebook.com/share/18vgKiMh5K/,,,"{""currency_symbol"":""$"",""currency_code"":""USD"",""currency_position"":""prefix"",""values"":[]}","[{""id"":367,""name"":""Gaming &amp; Tabletop"",""slug"":""games"",""parent"":909},{""id"":359,""name"":""Nightlife"",""slug"":""nightlife"",""parent"":909}]","[{""name"":""#downtownfargo"",""slug"":""downtownfargo"",""term_group"":0,""term_taxonomy_id"":238,""taxonomy"":""post_tag"",""description"":"""",""parent"":0,""count"":168,""filter"":""raw"",""id"":238,""urls"":{""self"":""https://fargounderground.com/wp-json/tribe/events/v1/tags/238"",""collection"":""https://fargounderground.com/wp-json/tribe/events/v1/tags""}}]","{""id"":20933,""global_id"":""fargounderground.com?id=20933"",""venue"":""Front Street Taproom"",""address"":""614 Main Ave"",""city"":""Fargo"",""province"":""ND"",""state"":""ND"",""zip"":""58102"",""website"":""https://downtownfargo.com/venue/front-street-taproom/"",""url"":""https://fargounderground.com/venue/front-street-taproom-2/"",""geo_lat"":46.87428,""geo_lng"":-96.78883,""show_map"":true,""show_map_link"":true}","[{""id"":149083,""global_id"":""fargounderground.com?id=149083"",""organizer"":""Front Street Taproom"",""url"":""https://fargounderground.com/organizer/front-street-taproom/"",""website"":""https://www.frontstreettaproom.com"",""phone"":""701-566-7226"",""email"":""frontstreettaproom@gmail.com""}]","✨ Ladies’ Drop-In D&D Night ✨ Hosted by Swamp Witch Tabletop at Front Street Taproom 📅 First Wednesday of Every Month ⏰ 6:30 PM – 9:30 PM Ever wanted to try Dungeons & Dragons but weren’t sure where to start? Join us for an evening of storytelling, adventure, and tabletop fun in a welcoming space for women and femme-presenting players. 🎲 Beginner-friendly 📖 No experience required 🧙 Pre-made Level 3 characters provided ⚔️ D&D 2024 ruleset with a little homebrew magic ✨ “D&D Light” character options available for new players 🤝 Meet fellow gamers and make new friends Whether you’re completely new to tabletop roleplaying games or a seasoned adventurer looking for a fun night out, there’s a seat at the table for you. Come take up space, tell stories, slay monsters, and roll some dice. Hosted on the Mezzanine at Front Street Taproom 614 Main Ave | Downtown Fargo",,"{""url"":""https://fargounderground.com/wp-content/uploads/2026/06/DD-cover-photo-scaled.png"",""id"":311201,""extension"":""png"",""width"":2560,""height"":1723}","{""_ecp_custom_2"":{""label"":""Region"",""value"":""Fargo""}}",false,false,,,2026-06-19 13:37:56,2026-06-19 18:37:56,true,true,,,
2026-09-30T20:20:26Z,fargounderground.com,https://fargounderground.com/wp-json/tribe/events/v1/events,99,10033149,fargounderground.com?id=10033149,Garment Club,2028-09-06 19:00:00,2028-09-07 00:00:00,2028-09-06 21:00:00,2028-09-07 02:00:00,America/Chicago,false,false,publish,https://fargounderground.com/event/garment-club/2028-09-06/,,,Free,"{""currency_symbol"":""$"",""currency_code"":"""",""currency_position"":""prefix"",""values"":[""0""]}","[{""id"":362,""name"":""Classes &amp; Workshops"",""slug"":""classes-workshops"",""parent"":409},{""id"":677,""name"":""Clubs &amp; Groups"",""slug"":""clubs-groups"",""parent"":361},{""id"":364,""name"":""Crafts &amp; Hobbies"",""slug"":""arts-crafts"",""parent"":428}]",[],"{""id"":157543,""global_id"":""fargounderground.com?id=157543"",""venue"":""Parachigo"",""address"":""14 8th St S"",""city"":""Fargo"",""country"":""United States"",""province"":""Cass County"",""state"":""ND"",""zip"":""58103"",""website"":""https://parachigo.square.site/"",""url"":""https://fargounderground.com/venue/parachigo/"",""geo_lat"":46.8767742,""geo_lng"":-96.7882356,""show_map"":true,""show_map_link"":true}",[],"Have you ever wanted to try making a garment? Do you make garments and want fellow makers to give opinion on your work and/or offer tips? Do you want a community of fellow garment makers? We are two weeks out from our next garment club! This is the exciting day of the month that we share our knowledge and craft with one another. Some yarn, thread, fabric, and sewing machines will be available! A leader will be around to help you learn any basics. Skill level none to expert – come make with us! First Wednesday of the month!",,"{""url"":""https://fargounderground.com/wp-content/uploads/2023/11/383429898_248067571525367_2998462850113015627_n-jpg-webp.webp"",""id"":176403,""extension"":""webp"",""width"":1080,""height"":1350}","{""_ecp_custom_2"":{""label"":""Region"",""value"":""Fargo""}}",false,false,,,2023-11-27 15:09:32,2023-11-27 21:09:32,true,true,,,
2026-09-30T20:20:26Z,fargounderground.com,https://fargounderground.com/wp-json/tribe/events/v1/events,99,10028404,fargounderground.com?id=10028404,Harold’s Karaoke Party,2028-09-06 20:00:00,2028-09-07 01:00:00,2028-09-07 01:00:00,2028-09-07 06:00:00,America/Chicago,false,false,publish,https://fargounderground.com/event/harolds-karaoke-party-2/2028-09-06/,,,Free,"{""currency_symbol"":""$"",""currency_code"":""USD"",""currency_position"":""prefix"",""values"":[""0""]}","[{""id"":368,""name"":""Karaoke"",""slug"":""karaoke"",""parent"":909}]",[],"{""id"":146111,""global_id"":""fargounderground.com?id=146111"",""venue"":""Harold&#8217;s on Main"",""address"":""1330 Main Ave"",""city"":""Moorhead"",""country"":""United States"",""province"":""MN"",""zip"":""56560"",""website"":""https://www.facebook.com/HaroldsOnMain/"",""phone"":""(218) 233-3477"",""url"":""https://fargounderground.com/venue/harolds-on-main-2/"",""geo_lat"":46.8748909,""geo_lng"":-96.8000869,""show_map"":true,""show_map_link"":true}",[],✨🎤 HARAOKE – Karaoke at Harold’s! Every Wednesday at 8pm 🎤✨,,"{""url"":""https://fargounderground.com/wp-content/uploads/2023/04/harolds-karaoke-jpg-webp.webp"",""id"":156209,""extension"":""webp"",""width"":1920,""height"":1080}",[],false,false,,,2023-09-18 17:09:27,2023-09-18 22:09:27,false,false,,,
2026-09-30T20:20:26Z,fargounderground.com,https://fargounderground.com/wp-json/tribe/events/v1/events,99,10067766,fargounderground.com?id=10067766,Open Mic Comedy in the Cellar,2028-09-06 20:00:00,2028-09-07 01:00:00,2028-09-06 21:30:00,2028-09-07 02:30:00,America/Chicago,false,false,publish,https://fargounderground.com/event/open-mic-comedy-in-the-cellar-3/2028-09-06/,,,Free,"{""currency_symbol"":""$"",""currency_code"":""USD"",""currency_position"":""prefix"",""values"":[""0""]}","[{""id"":432,""name"":""Comedy"",""slug"":""comedy-arts-entertainment"",""parent"":909},{""id"":359,""name"":""Nightlife"",""slug"":""nightlife"",""parent"":909},{""id"":369,""name"":""Open Mic &amp; Jam"",""slug"":""open-mic-jam"",""parent"":909}]","[{""name"":""Comedy"",""slug"":""comedy"",""term_group"":0,""term_taxonomy_id"":310,""taxonomy"":""post_tag"",""description"":"""",""parent"":0,""count"":86,""filter"":""raw"",""id"":310,""urls"":{""self"":""https://fargounderground.com/wp-json/tribe/events/v1/tags/310"",""collection"":""https://fargounderground.com/wp-json/tribe/events/v1/tags""}}]","{""id"":121817,""global_id"":""fargounderground.com?id=121817"",""venue"":""The Cellar Comedy Club"",""address"":""614 Main Ave"",""city"":""Fargo"",""country"":""United States"",""province"":""ND"",""state"":""ND"",""zip"":""58103"",""website"":""https://www.fargomoorhead.org/venue/the-cellar-comedy-club/"",""url"":""https://fargounderground.com/venue/the-cellar-comedy-club/"",""geo_lat"":46.8741865,""geo_lng"":-96.7888348,""show_map"":true,""show_map_link"":true}","[{""id"":189866,""global_id"":""fargounderground.com?id=189866"",""organizer"":""The Cellar Comedy Club"",""url"":""https://fargounderground.com/organizer/"",""website"":""https://www.frontstreettaproom.com/comedyinthecellar"",""phone"":""(701) 566-7226"",""email"":""frontstreettaproom@gmail.com""}]","Open Mic Comedy Every Wednesday Night Doors open at 7pm Sign-up at 7:30pm Show starts at 8pm Up to 25 Comedians 3 or 5 Minute Sets Free Event No Ticket Required 21+ STAGE TIME IS NOT GUARANTEED Comedy in the Cellar Underground Comedy Club Below Front Street Taproom Downtown Fargo, ND",,"{""url"":""https://fargounderground.com/wp-content/uploads/2025/11/Open-Mic-Comedy-Cover.jpg"",""id"":284169,""extension"":""jpg"",""width"":2000,""height"":2000}","{""_ecp_custom_2"":{""label"":""Region"",""value"":""Fargo""}}",false,false,,,2025-11-13 12:49:52,2025-11-13 18:49:52,true,true,,,
2026-09-30T20:20:26Z,fargounderground.com,https://fargounderground.com/wp-json/tribe/events/v1/events,99,10056405,fargounderground.com?id=10056405,Pickabob Grill & BBQ,2028-09-07 11:00:00,2028-09-07 16:00:00,2028-09-07 22:00:00,2028-09-08 03:00:00,America/Chicago,false,false,publish,https://fargounderground.com/event/pickabob-grill-bbq/2028-09-07/,,,,"{""currency_symbol"":""$"",""currency_code"":""USD"",""currency_position"":""prefix"",""values"":[]}","[{""id"":825,""name"":""Food Trucks"",""slug"":""food-trucks"",""parent"":372}]",[],"{""id"":160212,""global_id"":""fargounderground.com?id=160212"",""venue"":""Great Northern Park"",""address"":""425 Broadway N"",""city"":""Fargo"",""country"":""United States"",""province"":""North Dakota"",""zip"":""58102"",""url"":""https://fargounderground.com/venue/great-northern-park/"",""show_map"":true,""show_map_link"":true}",[],,,false,[],false,false,,,2023-06-16 10:57:07,2023-06-16 15:57:07,false,false,,,
2026-09-30T20:20:26Z,fargounderground.com,https://fargounderground.com/wp-json/tribe/events/v1/events,99,10046846,fargounderground.com?id=10046846,Fargo-Moorhead Transgender Peer Support Group “T4Tea”,2028-09-07 17:00:00,2028-09-07 22:00:00,2028-09-07 19:00:00,2028-09-08 00:00:00,America/Chicago,false,false,publish,https://fargounderground.com/event/fargo-moorhead-transgender-peer-support-group-t4tea/2028-09-07/,,,Free,"{""currency_symbol"":""$"",""currency_code"":""USD\t\t\t\t\t\t\tclass="",""currency_position"":""prefix"",""values"":[""0""]}","[{""id"":677,""name"":""Clubs &amp; Groups"",""slug"":""clubs-groups"",""parent"":361}]",[],"{""id"":157543,""global_id"":""fargounderground.com?id=157543"",""venue"":""Parachigo"",""address"":""14 8th St S"",""city"":""Fargo"",""country"":""United States"",""province"":""Cass County"",""state"":""ND"",""zip"":""58103"",""website"":""https://parachigo.square.site/"",""url"":""https://fargounderground.com/venue/parachigo/"",""geo_lat"":46.8767742,""geo_lng"":-96.7882356,""show_map"":true,""show_map_link"":true}","[{""id"":192263,""global_id"":""fargounderground.com?id=192263"",""organizer"":""Corner of Queer Fargo-Moorhead"",""url"":""https://fargounderground.com/organizer/"",""website"":""https://www.facebook.com/fmcoq""}]","Every first Thursday of each month join us at Parachigo if you’re transgender, non-binary, gender-non-conforming, simply not cis, or questioning for dinner, snacks, tea, and other beverages while we offer support and resources, a place to be heard, or just a place to meet people and make friends! Hosted by Elias James Edmund (he/him) and Micah Louwagie (he/they) with occasional guest hosts! We have had a very successful productive series of meetups thus far, and we are so excited to keep going! We will also be having several events under T4Tea like a Dungeons and Dragons group, clothing swaps, makeup lessons and meet-ups, and anything else we dream of! Coming soon! Email Elias for any questions, concerns, or suggestions! padabwa@gmail.com",,"{""url"":""https://fargounderground.com/wp-content/uploads/2024/01/416251883_287690117624604_1061173076028072906_n-jpg-webp.webp"",""id"":180707,""extension"":""webp"",""width"":960,""height"":960}","{""_ecp_custom_2"":{""label"":""Region"",""value"":""Fargo""}}",false,false,,,2024-06-13 10:44:20,2024-06-13 15:44:20,true,true,,,
2026-09-30T20:20:26Z,fargounderground.com,https://fargounderground.com/wp-json/tribe/events/v1/events,99,10054865,fargounderground.com?id=10054865,Free Dog Night and Rock & Roll Bingo!,2028-09-07 18:00:00,2028-09-07 23:00:00,2028-09-07 20:00:00,2028-09-08 01:00:00,America/Chicago,false,false,publish,https://fargounderground.com/event/free-dog-night-and-rock-roll-bingo-31/2028-09-07/,,,Free,"{""currency_symbol"":""$"",""currency_code"":""USD"",""currency_position"":""prefix"",""values"":[""0""]}","[{""id"":372,""name"":""Food &amp; Drink"",""slug"":""food-drink"",""parent"":0},{""id"":370,""name"":""Trivia &amp; Bingo"",""slug"":""trivia"",""parent"":909}]",[],"{""id"":91157,""global_id"":""fargounderground.com?id=91157"",""venue"":""Dempsey’s Public House"",""address"":""226 Broadway N"",""city"":""Fargo"",""country"":""United States"",""province"":""ND"",""zip"":""58102"",""website"":""https://dempseysfargo.com/"",""url"":""https://fargounderground.com/venue/dempseys-public-house-2/"",""geo_lat"":46.8789764,""geo_lng"":-96.7882596,""show_map"":true,""show_map_link"":true}",[],Play FREE Rock & Roll Bingo from 6 – 8pm! Get FREE Hot Dogs from 4 – 9pm!,,"{""url"":""https://fargounderground.com/wp-content/uploads/2022/11/hot-dog-night-tO0mPR.tmp_.png"",""id"":142672,""extension"":""png"",""width"":945,""height"":532}",[],false,false,,,2023-03-28 17:49:54,2023-03-28 22:49:54,false,false,,,
2026-09-30T20:20:26Z,fargounderground.com,https://fargounderground.com/wp-json/tribe/events/v1/events,99,10047463,fargounderground.com?id=10047463,Karaoke Night at Hope & Coffee,2028-09-07 18:00:00,2028-09-07 23:00:00,2028-09-07 20:00:00,2028-09-08 01:00:00,America/Chicago,false,false,publish,https://fargounderground.com/event/karaoke-night-at-hope-coffee/2028-09-07/,https://www.facebook.com/share/aUsqJd8AB12J4KM2/,,Free,"{""currency_symbol"":""$"",""currency_code"":""USD"",""currency_position"":""prefix"",""values"":[""0""]}","[{""id"":368,""name"":""Karaoke"",""slug"":""karaoke"",""parent"":909}]",[],"{""id"":197317,""global_id"":""fargounderground.com?id=197317"",""venue"":""Hope &#038; Coffee"",""address"":""38th Street South"",""city"":""Fargo"",""country"":""United States"",""province"":""Cass County"",""state"":""North Dakota"",""zip"":""58103"",""website"":""https://soulsolutions.org/hope-coffee/"",""phone"":""701-356-7772"",""url"":""https://fargounderground.com/venue/hope-coffee/"",""geo_lat"":46.851814,""geo_lng"":-96.8422969,""show_map"":false,""show_map_link"":false}",[],"The bravest thing you’ve ever done— Sober Karaoke! Lights, mics, amps, and any music we can find on Youtube. Bring a friend!",,"{""url"":""https://fargounderground.com/wp-content/uploads/2024/07/Update-Karaoke-Thursday-Poster.png"",""id"":198758,""extension"":""png"",""width"":1545,""height"":2000}",[],false,false,,,2024-08-07 16:52:46,2024-08-07 21:52:46,true,true,,,
2026-09-30T20:20:26Z,fargounderground.com,https://fargounderground.com/wp-json/tribe/events/v1/events,99,10052557,fargounderground.com?id=10052557,Full Circle Open Mic,2028-09-07 19:00:00,2028-09-08 00:00:00,2028-09-07 22:00:00,2028-09-08 03:00:00,America/Chicago,false,false,publish,https://fargounderground.com/event/full-circle-open-mic/2028-09-07/,,,Free,"{""currency_symbol"":""$"",""currency_code"":""USD"",""currency_position"":""prefix"",""values"":[""0""]}","[{""id"":369,""name"":""Open Mic &amp; Jam"",""slug"":""open-mic-jam"",""parent"":909}]",[],"{""id"":144429,""global_id"":""fargounderground.com?id=144429"",""venue"":""Black Coffee and Waffle Bar Fargo"",""address"":""550 2nd Ave N"",""city"":""Fargo"",""country"":""United States"",""province"":""North Dakota"",""zip"":""58102"",""website"":""https://blackcoffeeandwaffle.com/"",""phone"":""701-566-8749"",""url"":""https://fargounderground.com/venue/black-coffee-and-waffle-bar-fargo/"",""show_map"":true,""show_map_link"":true}",[],"Every Thursday is open mic night! Come out and tell a few jokes, sing your heart out, or read poetry. Hosted at Black Coffee and Waffle bar in downtown Fargo, ND.",,"{""url"":""https://fargounderground.com/wp-content/uploads/2022/12/314756703_10228005485586320_4750178534703107090_n-jpg-webp.webp"",""id"":144430,""extension"":""webp"",""width"":1800,""height"":1200}",[],false,false,,,2023-01-20 12:43:36,2023-01-20 18:43:36,false,false,,,
2026-09-30T20:20:26Z,fargounderground.com,https://fargounderground.com/wp-json/tribe/events/v1/events,99,10065487,fargounderground.com?id=10065487,Thursday Night Trivia at Downtown Fargo VFW,2028-09-07 19:00:00,2028-09-08 00:00:00,2028-09-07 21:00:00,2028-09-08 02:00:00,America/Chicago,false,false,publish,https://fargounderground.com/event/thursday-night-trivia-at-downtown-fargo-vfw-2/2028-09-07/,,,,"{""currency_symbol"":""$"",""currency_code"":""USD"",""currency_position"":""prefix"",""values"":[]}","[{""id"":370,""name"":""Trivia &amp; Bingo"",""slug"":""trivia"",""parent"":909}]",[],"{""id"":49586,""global_id"":""fargounderground.com?id=49586"",""venue"":""Fargo VFW Club, Post 762"",""address"":""202 Broadway N"",""city"":""Fargo"",""country"":""United States"",""province"":""ND"",""zip"":""58102"",""website"":""https://www.fargomoorhead.org/venue/fargo-vfw-club-post-762/"",""url"":""https://fargounderground.com/venue/vfw-coors-light-chili-cookoff/"",""geo_lat"":46.8781689,""geo_lng"":-96.7881193,""show_map"":true,""show_map_link"":true}",[],Looking for some fun on a Thursday night? Look no further than the Downtown Fargo VFW! Here’s what to look forward to: *FREE to Play! *Win FREE Drinks or Get Zonked with “WHAT’S IN THE BAG?!” *Paper Airline Contest at the End of Every Game! Come out…Bring your friends…And join in the fun!,,"{""url"":""https://fargounderground.com/wp-content/uploads/2023/04/340653856_254607436910250_5743893530831022969_n-jpg-webp.webp"",""id"":157568,""extension"":""webp"",""width"":1920,""height"":1005}",[],false,false,,,2023-09-05 14:45:31,2023-09-05 19:45:31,false,false,,,
2026-09-30T20:20:26Z,fargounderground.com,https://fargounderground.com/wp-json/tribe/events/v1/events,100,10053693,fargounderground.com?id=10053693,Amped All-Ages Open Mic Night,2028-09-07 19:30:00,2028-09-08 00:30:00,2028-09-07 21:00:00,2028-09-08 02:00:00,America/Chicago,false,false,publish,https://fargounderground.com/event/amped-all-ages-open-mic-night/2028-09-07/,,,Free,"{""currency_symbol"":""$"",""currency_code"":""USD"",""currency_position"":""prefix"",""values"":[""0""]}","[{""id"":371,""name"":""All Ages"",""slug"":""all-ages"",""parent"":360},{""id"":360,""name"":""Live Music"",""slug"":""live-music"",""parent"":0},{""id"":369,""name"":""Open Mic &amp; Jam"",""slug"":""open-mic-jam"",""parent"":909}]",[],"{""id"":114250,""global_id"":""fargounderground.com?id=114250"",""venue"":""Kringen Lodge 25 – Sons of Norway"",""address"":""722 2nd Ave N"",""city"":""Fargo"",""country"":""United States"",""province"":""ND"",""zip"":""58102"",""website"":""https://sonsofnorwayfargo.com/venue/kringen-lodge-25-sons-of-norway/"",""phone"":""(701) 232-9222"",""url"":""https://fargounderground.com/venue/kringen-lodge-25-sons-of-norway/"",""geo_lat"":46.8781204,""geo_lng"":-96.792102,""show_map"":true,""show_map_link"":true}",[],"Come out for a night of performances and connect with a supportive community of creative minds. Perform music, comedy, or poetry in this free all-ages open mic. The mission of Amped School of Music is to empower, connect, and celebrate musicians. We offer lessons in piano, guitar, voice, violin, ukulele, bass, drums, and music production. NOTE: This is a 21+ venue. Individuals under 18 years of age must be accompanied by a parent. Adults ages 18-20 are not permitted in the bar unless performing. Thank you!",,"{""url"":""https://fargounderground.com/wp-content/uploads/2023/02/amped-open-mic-jpg-webp.webp"",""id"":151529,""extension"":""webp"",""width"":1920,""height"":1080}",[],false,false,,,2023-02-27 12:04:14,2023-02-27 18:04:14,false,false,,,
2026-09-30T20:20:26Z,fargounderground.com,https://fargounderground.com/wp-json/tribe/events/v1/events,100,10043015,fargounderground.com?id=10043015,Belly Dance for Beginners,2028-09-07 19:30:00,2028-09-08 00:30:00,2028-09-07 20:30:00,2028-09-08 01:30:00,America/Chicago,false,false,publish,https://fargounderground.com/event/belly-dance-for-beginners/2028-09-07/,https://facebook.com/mindakbellydance,,$10,"{""currency_symbol"":""$"",""currency_code"":"""",""currency_position"":""prefix"",""values"":[""10""]}","[{""id"":362,""name"":""Classes &amp; Workshops"",""slug"":""classes-workshops"",""parent"":409},{""id"":412,""name"":""Culture &amp; Heritage"",""slug"":""culture"",""parent"":428},{""id"":569,""name"":""Fitness &amp; Yoga"",""slug"":""fitness-yoga"",""parent"":897}]",[],"{""id"":100299,""global_id"":""fargounderground.com?id=100299"",""venue"":""FM Aerial &amp; Movement Arts"",""address"":""508 Oak St. N Suite A"",""city"":""Fargo, ND"",""state"":""ND"",""zip"":""58102"",""website"":""fmaerial.com"",""phone"":""7012033448"",""url"":""https://fargounderground.com/venue/fm-aerial-movement-arts/"",""geo_lat"":46.88134,""geo_lng"":-96.779159,""show_map"":true,""show_map_link"":true}",[],"MinDak Belly Dance teaches belly dance classes in the Fargo-Moorhead area. Beginning belly dance teaches the foundations of Middle Eastern dance. You will learn belly dance posture and movements including shimmys, isolations, hip bumps, and more! No experience necessary! $10 cash at the door $10 coin belts available for purchase to enhance your dance! We meet weekly at FM AERIAL MOVEMENT ARTS 508 Oak St N Fargo EVERY Thursday from 7:30 pm-8:30 pm",,"{""url"":""https://fargounderground.com/wp-content/uploads/2023/06/MDBD-FLYER-jpg.webp"",""id"":188808,""extension"":""webp"",""width"":695,""height"":900}","{""_ecp_custom_2"":{""label"":""Region"",""value"":""Fargo""}}",false,false,,,2024-03-28 14:09:15,2024-03-28 19:09:15,true,true,,,
2026-09-30T20:20:26Z,fargounderground.com,https://fargounderground.com/wp-json/tribe/events/v1/events,100,10062253,fargounderground.com?id=10062253,College Night Bowling,2028-09-07 22:00:00,2028-09-08 03:00:00,2028-09-08 00:00:00,2028-09-08 05:00:00,America/Chicago,false,false,publish,https://fargounderground.com/event/college-night-bowling/2028-09-07/,,,$8,"{""currency_symbol"":""$"",""currency_code"":""USD"",""currency_position"":""prefix"",""values"":[""8""]}","[{""id"":1298,""name"":""Active &amp; Social Events"",""slug"":""active-social-events"",""parent"":909},{""id"":408,""name"":""College Events"",""slug"":""college-events"",""parent"":361},{""id"":372,""name"":""Food &amp; Drink"",""slug"":""food-drink"",""parent"":0}]",[],"{""id"":146365,""global_id"":""fargounderground.com?id=146365"",""venue"":""Sunset Lanes"",""address"":""620 U.S. 75"",""city"":""Moorhead"",""country"":""United States"",""province"":""MN"",""state"":""MN"",""zip"":""56560"",""website"":""https://bowlingsunset.com/"",""url"":""https://fargounderground.com/venue/sunset-lanes/"",""geo_lat"":46.8818938,""geo_lng"":-96.7431497,""show_map"":true,""show_map_link"":true}",[],"Grab your friends for a night you’ll never forget (well, maybe…..)! $8 all-you-can-bowl from 10 pm to midnight. Mug specials on adult beverages! Get a pizza, drinks, a bowl, and play in the arcade – it doesn’t get any better than that!",,"{""url"":""https://fargounderground.com/wp-content/uploads/2025/09/crw_1240h_620.webp"",""id"":263446,""extension"":""webp"",""width"":1240,""height"":620}","{""_ecp_custom_2"":{""label"":""Region"",""value"":""Moorhead""}}",false,false,,,2025-09-07 12:02:55,2025-09-07 17:02:55,true,true,,,
2026-09-30T20:20:26Z,fargounderground.com,https://fargounderground.com/wp-json/tribe/events/v1/events,100,10056691,fargounderground.com?id=10056691,Pickabob Grill & BBQ,2028-09-08 11:00:00,2028-09-08 16:00:00,2028-09-09 02:30:00,2028-09-09 07:30:00,America/Chicago,false,false,publish,https://fargounderground.com/event/pickabob-grill-bbq-2/2028-09-08/,,,,"{""currency_symbol"":""$"",""currency_code"":""USD"",""currency_position"":""prefix"",""values"":[]}","[{""id"":825,""name"":""Food Trucks"",""slug"":""food-trucks"",""parent"":372}]",[],"{""id"":160212,""global_id"":""fargounderground.com?id=160212"",""venue"":""Great Northern Park"",""address"":""425 Broadway N"",""city"":""Fargo"",""country"":""United States"",""province"":""North Dakota"",""zip"":""58102"",""url"":""https://fargounderground.com/venue/great-northern-park/"",""show_map"":true,""show_map_link"":true}",[],,,false,[],false,false,,,2023-06-16 10:56:57,2023-06-16 15:56:57,false,false,,,
2026-09-30T20:20:26Z,fargounderground.com,https://fargounderground.com/wp-json/tribe/events/v1/events,100,10060162,fargounderground.com?id=10060162,Glow Skate Night,2028-09-08 20:00:00,2028-09-09 01:00:00,2028-09-08 22:00:00,2028-09-09 03:00:00,America/Chicago,false,false,publish,https://fargounderground.com/event/glow-skate-night/2028-09-08/,https://www.skatecitynd.com/2025/07/7334/,,$10,"{""currency_symbol"":""$"",""currency_code"":""USD"",""currency_position"":""prefix"",""values"":[""10""]}","[{""id"":1298,""name"":""Active &amp; Social Events"",""slug"":""active-social-events"",""parent"":909},{""id"":374,""name"":""Families &amp; Kids"",""slug"":""families-kids"",""parent"":361}]",[],"{""id"":145039,""global_id"":""fargounderground.com?id=145039"",""venue"":""Skate City ND"",""address"":""3302 Interstate Blvd S"",""city"":""Fargo"",""country"":""United States"",""province"":""North Dakota"",""zip"":""58103"",""website"":""skatecitynd.com"",""phone"":""(701) 235-0555"",""url"":""https://fargounderground.com/venue/skate-city-nd/"",""show_map"":true,""show_map_link"":true}",[],"This nighttime session brings a great atmosphere with good music to skate to, games, a blackout skate and glow sticks! Every paid skater gets a FREE GLOW STICK! Blackout Skate For a portion of the session, we will black out the rink and side aisle lighting. While there is still enough visibility to navigate the skating floor, the darker environment creates a concert-style atmosphere. When coupled with our glow products, this elevates and enhances your skating experience! Glow Sticks Get a FREE glow stick for every paid skater! We want everyone to enjoy the glow night and create a fun, glowing atmosphere, so we provide every paid skater with a glow stick on us! Great Music & Games We pick great music for dancing and skating for this Friday night session. Nothing pairs with specialty lights and blackout skates like songs with a good rhythm!",,"{""url"":""https://fargounderground.com/wp-content/uploads/2025/09/Glow-Skate-TV.png"",""id"":263362,""extension"":""png"",""width"":1920,""height"":1080}","{""_ecp_custom_2"":{""label"":""Region"",""value"":""Fargo""}}",false,false,,,2025-09-06 19:10:31,2025-09-07 00:10:31,true,true,,,
2026-09-30T20:20:26Z,fargounderground.com,https://fargounderground.com/wp-json/tribe/events/v1/events,100,10061365,fargounderground.com?id=10061365,Cosmic Bowling,2028-09-08 21:30:00,2028-09-09 02:30:00,2028-09-09 00:00:00,2028-09-09 05:00:00,America/Chicago,false,false,publish,https://fargounderground.com/event/cosmic-bowling/2028-09-08/,,,$15,"{""currency_symbol"":""$"",""currency_code"":""USD"",""currency_position"":""prefix"",""values"":[""15""]}","[{""id"":1298,""name"":""Active &amp; Social Events"",""slug"":""active-social-events"",""parent"":909},{""id"":374,""name"":""Families &amp; Kids"",""slug"":""families-kids"",""parent"":361}]",[],"{""id"":263439,""global_id"":""fargounderground.com?id=263439"",""venue"":""West Acres Bowl"",""address"":""3402 Interstate Blvd S"",""city"":""Fargo"",""country"":""United States"",""state"":""ND"",""zip"":""58103"",""phone"":""701-235-4437"",""url"":""https://fargounderground.com/venue/west-acres-bowl/"",""geo_lat"":46.8637495,""geo_lng"":-96.8363583,""show_map"":true,""show_map_link"":true}",[],"Get ready for an out-of-this-world experience at West Acres Bowl with Cosmic Bowling every Friday and Saturday night! 🌌 From 9:30 PM to Midnight, the lights go down and the blacklights turn up. Bowl to the rhythm of great music and enjoy a unique, high-energy atmosphere. Perfect for a night out with friends, a fun date, or a late-night family activity. No reservations are needed—just show up and get ready to glow!",,"{""url"":""https://fargounderground.com/wp-content/uploads/2025/09/Cosmic-Bowling.jpg"",""id"":263436,""extension"":""jpg"",""width"":2348,""height"":1536}","{""_ecp_custom_2"":{""label"":""Region"",""value"":""Fargo""}}",false,false,,,2025-09-07 11:39:17,2025-09-07 16:39:17,true,true,,,
2026-09-30T20:20:26Z,fargounderground.com,https://fargounderground.com/wp-json/tribe/events/v1/events,100,10061887,fargounderground.com?id=10061887,Rock N Bowl,2028-09-08 22:00:00,2028-09-09 03:00:00,2028-09-09 00:00:00,2028-09-09 05:00:00,America/Chicago,false,false,publish,https://fargounderground.com/event/rock-n-bowl/2028-09-08/,https://bowlingsunset.com/rock-n-bowl,,$13,"{""currency_symbol"":""$"",""currency_code"":""USD"",""currency_position"":""prefix"",""values"":[""13""]}","[{""id"":1298,""name"":""Active &amp; Social Events"",""slug"":""active-social-events"",""parent"":909},{""id"":372,""name"":""Food &amp; Drink"",""slug"":""food-drink"",""parent"":0}]",[],"{""id"":146365,""global_id"":""fargounderground.com?id=146365"",""venue"":""Sunset Lanes"",""address"":""620 U.S. 75"",""city"":""Moorhead"",""country"":""United States"",""province"":""MN"",""state"":""MN"",""zip"":""56560"",""website"":""https://bowlingsunset.com/"",""url"":""https://fargounderground.com/venue/sunset-lanes/"",""geo_lat"":46.8818938,""geo_lng"":-96.7431497,""show_map"":true,""show_map_link"":true}",[],"$13 per person. Grab some friends and head over to Sunset Lanes for Rock N Bowl. Sunset Lanes has Qubica’s deckpin lighting and cap lighting. The bar and kitchen are open all night long, so enjoy some food and drinks while you bowl. This event is fun for all ages.",,"{""url"":""https://fargounderground.com/wp-content/uploads/2025/09/rsw_1240h_620cg_true.webp"",""id"":263442,""extension"":""webp"",""width"":1240,""height"":620}","{""_ecp_custom_2"":{""label"":""Region"",""value"":""Moorhead""}}",false,false,,,2025-09-07 11:45:40,2025-09-07 16:45:40,true,true,,,
2026-09-30T20:20:26Z,fargounderground.com,https://fargounderground.com/wp-json/tribe/events/v1/events,100,10060685,fargounderground.com?id=10060685,Saturday Morning Family Skate,2028-09-09 10:00:00,2028-09-09 15:00:00,2028-09-09 12:00:00,2028-09-09 17:00:00,America/Chicago,false,false,publish,https://fargounderground.com/event/saturday-morning-family-skate/2028-09-09/,https://www.skatecitynd.com/2024/02/family-skate/,,$6,"{""currency_symbol"":""$"",""currency_code"":""USD"",""currency_position"":""prefix"",""values"":[""6""]}","[{""id"":1298,""name"":""Active &amp; Social Events"",""slug"":""active-social-events"",""parent"":909},{""id"":374,""name"":""Families &amp; Kids"",""slug"":""families-kids"",""parent"":361}]",[],"{""id"":145039,""global_id"":""fargounderground.com?id=145039"",""venue"":""Skate City ND"",""address"":""3302 Interstate Blvd S"",""city"":""Fargo"",""country"":""United States"",""province"":""North Dakota"",""zip"":""58103"",""website"":""skatecitynd.com"",""phone"":""(701) 235-0555"",""url"":""https://fargounderground.com/venue/skate-city-nd/"",""show_map"":true,""show_map_link"":true}",[],"Catering to families with young skaters, this Saturday morning session offers discounted admission for families along with age-appropriate music and skating aids at half off the regular price! Help for Our Youngest Skaters Our Family Skate is great for our newest skaters! We have Zippy Adjustable Skates, which go over the shoe, have a lower and wider wheel base, and roll more slowly. These are great for learning balance. We also rent Skate Mates for skaters aged 10 and under for $2.50 which is 1/2 off the regular price. Discounted Admission for All As families grow so do the expenses to go out and have fun together. We want to help and so during our Family Skate you can enjoy a lower admission at just $6 per skater. Don’t have your own skates? No problem! Rent your choice of inline or roller skates for just $4.00. Themed Skate Sessions Our Family Skate is a great session to host themed skates throughout the year. Whether celebrating a holiday or creating our own fun with a Superhero Skate, these can feature costumes, festivities and prizes, and themed music! Themed events may have special pricing on Admission.",,"{""url"":""https://fargounderground.com/wp-content/uploads/2025/09/family-skate-TV.png"",""id"":263376,""extension"":""png"",""width"":1920,""height"":1080}","{""_ecp_custom_2"":{""label"":""Region"",""value"":""Fargo""}}",false,false,,,2025-09-06 19:30:43,2025-09-07 00:30:43,true,true,,,
2026-09-30T20:20:26Z,fargounderground.com,https://fargounderground.com/wp-json/tribe/events/v1/events,100,10056795,fargounderground.com?id=10056795,Pickabob Grill & BBQ,2028-09-09 12:00:00,2028-09-09 17:00:00,2028-09-10 02:30:00,2028-09-10 07:30:00,America/Chicago,false,false,publish,https://fargounderground.com/event/pickabob-grill-bbq-3/2028-09-09/,,,,"{""currency_symbol"":""$"",""currency_code"":""USD"",""currency_position"":""prefix"",""values"":[]}","[{""id"":825,""name"":""Food Trucks"",""slug"":""food-trucks"",""parent"":372}]",[],"{""id"":160212,""global_id"":""fargounderground.com?id=160212"",""venue"":""Great Northern Park"",""address"":""425 Broadway N"",""city"":""Fargo"",""country"":""United States"",""province"":""North Dakota"",""zip"":""58102"",""url"":""https://fargounderground.com/venue/great-northern-park/"",""show_map"":true,""show_map_link"":true}",[],,,false,[],false,false,,,2023-06-16 10:54:49,2023-06-16 15:54:49,false,false,,,
2026-09-30T20:20:26Z,fargounderground.com,https://fargounderground.com/wp-json/tribe/events/v1/events,100,10060946,fargounderground.com?id=10060946,Saturday Night Special Skate,2028-09-09 18:00:00,2028-09-09 23:00:00,2028-09-09 21:00:00,2028-09-10 02:00:00,America/Chicago,false,false,publish,https://fargounderground.com/event/saturday-night-special-skate/2028-09-09/,https://www.skatecitynd.com/2025/08/saturday-night-special/,,$6,"{""currency_symbol"":""$"",""currency_code"":""USD"",""currency_position"":""prefix"",""values"":[""6""]}","[{""id"":1298,""name"":""Active &amp; Social Events"",""slug"":""active-social-events"",""parent"":909},{""id"":374,""name"":""Families &amp; Kids"",""slug"":""families-kids"",""parent"":361}]",[],"{""id"":145039,""global_id"":""fargounderground.com?id=145039"",""venue"":""Skate City ND"",""address"":""3302 Interstate Blvd S"",""city"":""Fargo"",""country"":""United States"",""province"":""North Dakota"",""zip"":""58103"",""website"":""skatecitynd.com"",""phone"":""(701) 235-0555"",""url"":""https://fargounderground.com/venue/skate-city-nd/"",""show_map"":true,""show_map_link"":true}",[],"Spend your Saturday Nights skating and jamming with us! Catering to families and skaters of all ages and skill levels. A perfect way to spend your weekend evening all while saving! 3-Hours of skating for just $6 per skater, plus $4.00 skate rental if needed. Family Night Out Saturday Night is a great way to get some weekend fun for the whole family at a great rate. Bring friends and extended family for good music, games and food! Groups & Clubs Whether you’re in a college club, book club or sports team, our group rates can’t be beaten! Reserve your group of 15 or more skaters at get admission for $6 per skater, which includes choice of rental! Birthday Celebrations Skating is the best way to celebrate another year around the sun. Book your party online then invite your friends and family for a party that will stand out from the rest. Parties start as low as just $149. For more information on our great packages – Click Here –",,"{""url"":""https://fargounderground.com/wp-content/uploads/2025/09/Saturday-Night-Special-TV-Slide-7.25-scaled-1-scaled.jpg"",""id"":263379,""extension"":""jpg"",""width"":2560,""height"":1451}","{""_ecp_custom_2"":{""label"":""Region"",""value"":""Fargo""}}",false,false,,,2025-09-06 19:33:55,2025-09-07 00:33:55,true,true,,,
2026-09-30T20:20:26Z,fargounderground.com,https://fargounderground.com/wp-json/tribe/events/v1/events,100,10059902,fargounderground.com?id=10059902,Adult Skate Night,2028-09-09 21:00:00,2028-09-10 02:00:00,2028-09-09 23:00:00,2028-09-10 04:00:00,America/Chicago,false,false,publish,https://fargounderground.com/event/adult-skate-night/2028-09-09/,https://www.skatecitynd.com/2025/08/adult-night/,,$10,"{""currency_symbol"":""$"",""currency_code"":""USD"",""currency_position"":""prefix"",""values"":[""10""]}","[{""id"":1298,""name"":""Active &amp; Social Events"",""slug"":""active-social-events"",""parent"":909},{""id"":909,""name"":""Entertainment"",""slug"":""entertainment"",""parent"":0},{""id"":359,""name"":""Nightlife"",""slug"":""nightlife"",""parent"":909}]",[],"{""id"":173814,""global_id"":""fargounderground.com?id=173814"",""venue"":""Skate City"",""address"":""3302 Interstate Blvd S"",""city"":""Fargo"",""country"":""United States"",""province"":""ND"",""zip"":""58103"",""website"":""https://skatecitynd.com/"",""phone"":""701-235-0555"",""url"":""https://fargounderground.com/venue/"",""geo_lat"":46.865252,""geo_lng"":-96.833748,""show_map"":true,""show_map_link"":true}",[],Catering to our adult crowd looking for a great Saturday Night! This is an 18+ Only Session with less games and more skating. Admission is $10. Skate rental is $4.00 if needed. Observing adults must pay admission.,,"{""url"":""https://fargounderground.com/wp-content/uploads/2025/09/Adult-Night-TV-Slide.jpeg"",""id"":263357,""extension"":""jpeg"",""width"":1920,""height"":1080}","{""_ecp_custom_2"":{""label"":""Region"",""value"":""Fargo""}}",false,false,,,2025-09-06 19:06:57,2025-09-07 00:06:57,true,true,,,
2026-09-30T20:20:26Z,fargounderground.com,https://fargounderground.com/wp-json/tribe/events/v1/events,100,10065066,fargounderground.com?id=10065066,Alibi Karaoke,2028-09-09 21:00:00,2028-09-10 02:00:00,2028-09-10 01:00:00,2028-09-10 06:00:00,America/Chicago,false,false,publish,https://fargounderground.com/event/alibi-karaoke/2028-09-09/,https://fargonddj.com/event/6277439/737366223/alibi-karaoke,,,"{""currency_symbol"":""$"",""currency_code"":""USD"",""currency_position"":""prefix"",""values"":[]}","[{""id"":368,""name"":""Karaoke"",""slug"":""karaoke"",""parent"":909},{""id"":359,""name"":""Nightlife"",""slug"":""nightlife"",""parent"":909}]","[{""name"":""drinks"",""slug"":""drinks"",""term_group"":0,""term_taxonomy_id"":74,""taxonomy"":""post_tag"",""description"":"""",""parent"":0,""count"":21,""filter"":""raw"",""id"":74,""urls"":{""self"":""https://fargounderground.com/wp-json/tribe/events/v1/tags/74"",""collection"":""https://fargounderground.com/wp-json/tribe/events/v1/tags""}},{""name"":""Music"",""slug"":""music"",""term_group"":0,""term_taxonomy_id"":29,""taxonomy"":""post_tag"",""description"":"""",""parent"":0,""count"":26,""filter"":""raw"",""id"":29,""urls"":{""self"":""https://fargounderground.com/wp-json/tribe/events/v1/tags/29"",""collection"":""https://fargounderground.com/wp-json/tribe/events/v1/tags""}}]","{""id"":148614,""global_id"":""fargounderground.com?id=148614"",""venue"":""Alibi Lounge"",""address"":""1340 21st Ave S"",""city"":""Fargo"",""province"":""ND"",""zip"":""58103"",""website"":""https://alibi-lounge.business.site/"",""phone"":""(701) 235-3141"",""url"":""https://fargounderground.com/venue/alibi-lounge/"",""geo_lat"":46.8463963,""geo_lng"":-96.8004683,""show_map"":false,""show_map_link"":false}","[{""id"":180416,""global_id"":""fargounderground.com?id=180416"",""organizer"":""D&amp;J Music + Karaoke"",""url"":""https://fargounderground.com/organizer/"",""website"":""https://djmusickaraoke.com/"",""phone"":""‪(701) 566-9525‬"",""email"":""info@djmusickaraoke.com""}]","Join us for another night of Saturday Night Madness including but not limited to drinks, music and gambling at The Alibi Lounge located inside the legendary Baymont Inn, South University Drive Fargo. Bring friends, make friends, and prepare yourself for a night to remember.",,"{""url"":""https://fargounderground.com/wp-content/uploads/2025/10/IMG_6023.jpeg"",""id"":278949,""extension"":""jpeg"",""width"":828,""height"":987}","{""_ecp_custom_2"":{""label"":""Region"",""value"":""Fargo""}}",false,false,,,2025-10-08 11:20:43,2025-10-08 16:20:43,true,true,,,
2026-09-30T20:20:26Z,fargounderground.com,https://fargounderground.com/wp-json/tribe/events/v1/events,100,10028924,fargounderground.com?id=10028924,Karaoke at Dempsey’s,2028-09-09 21:00:00,2028-09-10 02:00:00,2028-09-10 02:00:00,2028-09-10 07:00:00,America/Chicago,false,false,publish,https://fargounderground.com/event/karaoke-at-dempseys-59-2/2028-09-09/,,,Free,"{""currency_symbol"":""$"",""currency_code"":""USD"",""currency_position"":""prefix"",""values"":[""free""]}","[{""id"":368,""name"":""Karaoke"",""slug"":""karaoke"",""parent"":909}]",[],"{""id"":91157,""global_id"":""fargounderground.com?id=91157"",""venue"":""Dempsey’s Public House"",""address"":""226 Broadway N"",""city"":""Fargo"",""country"":""United States"",""province"":""ND"",""zip"":""58102"",""website"":""https://dempseysfargo.com/"",""url"":""https://fargounderground.com/venue/dempseys-public-house-2/"",""geo_lat"":46.8789764,""geo_lng"":-96.7882596,""show_map"":true,""show_map_link"":true}",[],"Dempsey’s has been named the Best Karaoke bar in Fargo for a reason! Sing your heart out during our FREE Karaoke night, every Tuesday and Saturday. It’s legendary!",,"{""url"":""https://fargounderground.com/wp-content/uploads/2022/11/karaoke-dempseys-0BUCH0.tmp_.png"",""id"":142666,""extension"":""png"",""width"":945,""height"":532}",[],false,false,,,2023-09-18 17:10:07,2023-09-18 22:10:07,false,false,,,
2026-09-30T20:20:26Z,fargounderground.com,https://fargounderground.com/wp-json/tribe/events/v1/events,100,10035131,fargounderground.com?id=10035131,Saturday Night Karaoke,2028-09-09 21:00:00,2028-09-10 02:00:00,2028-09-10 01:00:00,2028-09-10 06:00:00,America/Chicago,false,false,publish,https://fargounderground.com/event/saturday-night-karaoke/2028-09-09/,https://djtonyfalcon.com/events,,Free,"{""currency_symbol"":""$"",""currency_code"":""USD"",""currency_position"":""prefix"",""values"":[""0""]}","[{""id"":368,""name"":""Karaoke"",""slug"":""karaoke"",""parent"":909}]",[],"{""id"":148614,""global_id"":""fargounderground.com?id=148614"",""venue"":""Alibi Lounge"",""address"":""1340 21st Ave S"",""city"":""Fargo"",""province"":""ND"",""zip"":""58103"",""website"":""https://alibi-lounge.business.site/"",""phone"":""(701) 235-3141"",""url"":""https://fargounderground.com/venue/alibi-lounge/"",""geo_lat"":46.8463963,""geo_lng"":-96.8004683,""show_map"":false,""show_map_link"":false}","[{""id"":180416,""global_id"":""fargounderground.com?id=180416"",""organizer"":""D&amp;J Music + Karaoke"",""url"":""https://fargounderground.com/organizer/"",""website"":""https://djmusickaraoke.com/"",""phone"":""‪(701) 566-9525‬"",""email"":""info@djmusickaraoke.com""}]","Join DJ Tony Falcon for another night of Saturday Night Madness including but not limited to drinks, music and gambling at The Alibi Lounge located inside the legendary Baymont Inn, South University Drive Fargo. Bring friends, make friends, and prepare yourself for a night to remember. Mics are sanitized after every use.",,"{""url"":""https://fargounderground.com/wp-content/uploads/2024/01/417100139_860174092779522_3296353275171812107_n-jpg-webp.webp"",""id"":180465,""extension"":""webp"",""width"":960,""height"":556}","{""_ecp_custom_2"":{""label"":""Region"",""value"":""Fargo""}}",false,false,,,2025-08-24 12:42:10,2025-08-24 17:42:10,true,true,,,
2026-09-30T20:20:26Z,fargounderground.com,https://fargounderground.com/wp-json/tribe/events/v1/events,100,10029185,fargounderground.com?id=10029185,Vic’s Karaoke,2028-09-09 21:00:00,2028-09-10 02:00:00,2028-09-10 02:00:00,2028-09-10 07:00:00,America/Chicago,false,false,publish,https://fargounderground.com/event/vics-karaoke-2-2/2028-09-09/,,,Free,"{""currency_symbol"":""$"",""currency_code"":""USD"",""currency_position"":""prefix"",""values"":[""0""]}","[{""id"":368,""name"":""Karaoke"",""slug"":""karaoke"",""parent"":909}]",[],"{""id"":92621,""global_id"":""fargounderground.com?id=92621"",""venue"":""Vic&#8217;s Bar and Grill"",""address"":""1608 Main Avenue"",""city"":""Moorhead"",""country"":""United States"",""state"":""MN"",""zip"":""56560"",""phone"":""(218) 236-7714"",""url"":""https://fargounderground.com/venue/vics-lounge/"",""geo_lat"":46.8752849,""geo_lng"":-96.7729609,""show_map"":true,""show_map_link"":true}",[],"Join us Saturday nights at Vic’s for karaoke! The singing kicks off at 9 PM, but be sure to come early for the awesome specials!",,"{""url"":""https://fargounderground.com/wp-content/uploads/2023/09/429820599_908393177961600_6854180573421060203_n-jpg.webp"",""id"":189042,""extension"":""webp"",""width"":2048,""height"":1152}",[],false,false,,,2024-03-31 10:42:51,2024-03-31 15:42:51,false,false,,,
2026-09-30T20:20:26Z,fargounderground.com,https://fargounderground.com/wp-json/tribe/events/v1/events,100,10061366,fargounderground.com?id=10061366,Cosmic Bowling,2028-09-09 21:30:00,2028-09-10 02:30:00,2028-09-10 00:00:00,2028-09-10 05:00:00,America/Chicago,false,false,publish,https://fargounderground.com/event/cosmic-bowling/2028-09-09/,,,$15,"{""currency_symbol"":""$"",""currency_code"":""USD"",""currency_position"":""prefix"",""values"":[""15""]}","[{""id"":1298,""name"":""Active &amp; Social Events"",""slug"":""active-social-events"",""parent"":909},{""id"":374,""name"":""Families &amp; Kids"",""slug"":""families-kids"",""parent"":361}]",[],"{""id"":263439,""global_id"":""fargounderground.com?id=263439"",""venue"":""West Acres Bowl"",""address"":""3402 Interstate Blvd S"",""city"":""Fargo"",""country"":""United States"",""state"":""ND"",""zip"":""58103"",""phone"":""701-235-4437"",""url"":""https://fargounderground.com/venue/west-acres-bowl/"",""geo_lat"":46.8637495,""geo_lng"":-96.8363583,""show_map"":true,""show_map_link"":true}",[],"Get ready for an out-of-this-world experience at West Acres Bowl with Cosmic Bowling every Friday and Saturday night! 🌌 From 9:30 PM to Midnight, the lights go down and the blacklights turn up. Bowl to the rhythm of great music and enjoy a unique, high-energy atmosphere. Perfect for a night out with friends, a fun date, or a late-night family activity. No reservations are needed—just show up and get ready to glow!",,"{""url"":""https://fargounderground.com/wp-content/uploads/2025/09/Cosmic-Bowling.jpg"",""id"":263436,""extension"":""jpg"",""width"":2348,""height"":1536}","{""_ecp_custom_2"":{""label"":""Region"",""value"":""Fargo""}}",false,false,,,2025-09-07 11:39:17,2025-09-07 16:39:17,true,true,,,
2026-09-30T20:20:26Z,fargounderground.com,https://fargounderground.com/wp-json/tribe/events/v1/events,100,10039971,fargounderground.com?id=10039971,Karaoke at Rhombus Guys,2028-09-09 22:00:00,2028-09-10 03:00:00,2028-09-10 22:00:00,2028-09-11 03:00:00,America/Chicago,false,false,publish,https://fargounderground.com/event/karaoke-at-rhombus-guys/2028-09-09/,,,Free,"{""currency_symbol"":""$"",""currency_code"":"""",""currency_position"":""prefix"",""values"":[""0""]}","[{""id"":368,""name"":""Karaoke"",""slug"":""karaoke"",""parent"":909}]",[],"{""id"":45546,""global_id"":""fargounderground.com?id=45546"",""venue"":""Rhombus Guys Pizza"",""address"":""606 Main Ave"",""city"":""Fargo"",""country"":""United States"",""province"":""ND"",""zip"":""58103"",""url"":""https://fargounderground.com/venue/winter-pride-trivia-game-night/"",""geo_lat"":46.8740978,""geo_lng"":-96.7884067,""show_map"":true,""show_map_link"":true}",[],Free Karaoke every Saturday from 10pm to 1am with Khook Entertainment!,,"{""url"":""https://fargounderground.com/wp-content/uploads/2024/02/Facebook-Logo.png"",""id"":183987,""extension"":""png"",""width"":1000,""height"":1000}","{""_ecp_custom_2"":{""label"":""Region"",""value"":""Fargo""}}",false,false,,,2024-02-14 10:07:21,2024-02-14 16:07:21,true,true,,,
2026-09-30T20:20:26Z,fargounderground.com,https://fargounderground.com/wp-json/tribe/events/v1/events,100,10061888,fargounderground.com?id=10061888,Rock N Bowl,2028-09-09 22:00:00,2028-09-10 03:00:00,2028-09-10 00:00:00,2028-09-10 05:00:00,America/Chicago,false,false,publish,https://fargounderground.com/event/rock-n-bowl/2028-09-09/,https://bowlingsunset.com/rock-n-bowl,,$13,"{""currency_symbol"":""$"",""currency_code"":""USD"",""currency_position"":""prefix"",""values"":[""13""]}","[{""id"":1298,""name"":""Active &amp; Social Events"",""slug"":""active-social-events"",""parent"":909},{""id"":372,""name"":""Food &amp; Drink"",""slug"":""food-drink"",""parent"":0}]",[],"{""id"":146365,""global_id"":""fargounderground.com?id=146365"",""venue"":""Sunset Lanes"",""address"":""620 U.S. 75"",""city"":""Moorhead"",""country"":""United States"",""province"":""MN"",""state"":""MN"",""zip"":""56560"",""website"":""https://bowlingsunset.com/"",""url"":""https://fargounderground.com/venue/sunset-lanes/"",""geo_lat"":46.8818938,""geo_lng"":-96.7431497,""show_map"":true,""show_map_link"":true}",[],"$13 per person. Grab some friends and head over to Sunset Lanes for Rock N Bowl. Sunset Lanes has Qubica’s deckpin lighting and cap lighting. The bar and kitchen are open all night long, so enjoy some food and drinks while you bowl. This event is fun for all ages.",,"{""url"":""https://fargounderground.com/wp-content/uploads/2025/09/rsw_1240h_620cg_true.webp"",""id"":263442,""extension"":""webp"",""width"":1240,""height"":620}","{""_ecp_custom_2"":{""label"":""Region"",""value"":""Moorhead""}}",false,false,,,2025-09-07 11:45:40,2025-09-07 16:45:40,true,true,,,
2026-09-30T20:20:26Z,fargounderground.com,https://fargounderground.com/wp-json/tribe/events/v1/events,100,10034319,fargounderground.com?id=10034319,Open Mic,2028-09-10 18:00:00,2028-09-10 23:00:00,2028-09-10 22:00:00,2028-09-11 03:00:00,America/Chicago,false,false,publish,https://fargounderground.com/event/open-mic/2028-09-10/,,,Free,"{""currency_symbol"":""$"",""currency_code"":"""",""currency_position"":""prefix"",""values"":[""0""]}","[{""id"":360,""name"":""Live Music"",""slug"":""live-music"",""parent"":0},{""id"":369,""name"":""Open Mic &amp; Jam"",""slug"":""open-mic-jam"",""parent"":909}]",[],"{""id"":104370,""global_id"":""fargounderground.com?id=104370"",""venue"":""Cowboy Jack&#8217;s"",""address"":""506 Broadway"",""city"":""Fargo"",""province"":""ND"",""zip"":""58102"",""website"":""https://downtownfargo.com/venue/cowboy-jacks/"",""url"":""https://fargounderground.com/venue/cowboy-jacks/"",""geo_lat"":46.881414,""geo_lng"":-96.788091,""show_map"":true,""show_map_link"":true}",[],Live music and great food! Can’t wait to see you there!,,"{""url"":""https://fargounderground.com/wp-content/uploads/2023/12/410021949_813755527423771_7670712905895671685_n-jpg-webp.webp"",""id"":177707,""extension"":""webp"",""width"":526,""height"":526}","{""_ecp_custom_2"":{""label"":""Region"",""value"":""Fargo""}}",false,false,,,2023-12-11 09:39:16,2023-12-11 15:39:16,true,true,,,
2026-09-30T20:20:26Z,fargounderground.com,https://fargounderground.com/wp-json/tribe/events/v1/events,100,10049341,fargounderground.com?id=10049341,Monday Meetups for Adults,2028-09-11 18:00:00,2028-09-11 23:00:00,2028-09-11 20:00:00,2028-09-12 01:00:00,America/Chicago,false,false,publish,https://fargounderground.com/event/monday-meetups-for-adults/2028-09-11/,https://larl.org/mondaymeetup,,Free,"{""currency_symbol"":""$"",""currency_code"":""USD"",""currency_position"":""prefix"",""values"":[""0""]}","[{""id"":677,""name"":""Clubs &amp; Groups"",""slug"":""clubs-groups"",""parent"":361},{""id"":364,""name"":""Crafts &amp; Hobbies"",""slug"":""arts-crafts"",""parent"":428},{""id"":367,""name"":""Gaming &amp; Tabletop"",""slug"":""games"",""parent"":909},{""id"":429,""name"":""Literary Arts"",""slug"":""books-readings"",""parent"":428}]",[],"{""id"":91017,""global_id"":""fargounderground.com?id=91017"",""venue"":""Moorhead Public Library"",""address"":""118 5th St S"",""city"":""Moorhead"",""country"":""United States"",""province"":""MN"",""state"":""MN"",""zip"":""56560"",""website"":""https://larl.org/"",""phone"":""(218) 233-7594"",""url"":""https://fargounderground.com/venue/moorhead-public-library/"",""geo_lat"":46.873097,""geo_lng"":-96.771756,""show_map"":true,""show_map_link"":true}","[{""id"":186176,""global_id"":""fargounderground.com?id=186176"",""organizer"":""Moorhead Public Library"",""url"":""https://fargounderground.com/organizer/"",""website"":""https://larl.org/locations/moorhead/"",""phone"":""218-233-7594"",""email"":""mhreference@larl.org""}]","Meet up and chat with others with similar interests. Come with friends, or make some new ones! Refreshments will be provided. Check the calendar for updates – https://larl.org/mondaymeetup/ First Monday of the Month – Craft Connection Join us to get cozy, craft and chat! This is an opportunity to leave distractions behind and focus on your craft. Bring whatever project you are working on and meet up with other local crafters. You can share your expertise, learn from others or just enjoy some distraction-free time to yourself. Refreshments will be provided. Second Monday of the Month – Best Sellers Book Club Join the Moorhead Public Library’s Best Sellers Book Club and see what the buzz is about in the latest popular books! Third Monday of the Month – Game Night Join us to get cozy, play games, and chat! This is an opportunity to meet up with others who enjoy playing games. Come with friends, or make some new ones! Bring your favorite card or board game, or try one of ours! Refreshments will be provided. Fourth Monday of the Month – Silent Reading Club Join us at the Moorhead Library for quiet, sustained reading at our new Silent Book Club! All readers are welcome—ebooks or audiobooks, poetry or prose, fiction or non-fiction… it’s BYOBook. The library will provide comfortable seating and light refreshments. Fifth Monday of the Month – Guided Activity Join us each month for different activities lead by experts in their respective disciplines. Any needed supplies will be provided.",,"{""url"":""https://fargounderground.com/wp-content/uploads/2024/10/MHD-all-Monday-Meetups-2024-Website-Graphic-scaled-1.jpg"",""id"":257979,""extension"":""jpg"",""width"":2560,""height"":1440}","{""_ecp_custom_2"":{""label"":""Region"",""value"":""Moorhead""}}",false,false,,,2025-07-29 11:46:45,2025-07-29 16:46:45,true,true,,,
2026-09-30T20:20:26Z,fargounderground.com,https://fargounderground.com/wp-json/tribe/events/v1/events,100,10062593,fargounderground.com?id=10062593,Jazz Night at Sidestreet,2028-09-11 19:00:00,2028-09-12 00:00:00,2028-09-11 21:00:00,2028-09-12 02:00:00,America/Chicago,false,false,publish,https://fargounderground.com/event/jazz-night-at-sidestreet-2/2028-09-11/,https://www.fargopartyof3.com/sidestreet.html,,Free,"{""currency_symbol"":""$"",""currency_code"":""USD"",""currency_position"":""prefix"",""values"":[""0""]}","[{""id"":412,""name"":""Culture &amp; Heritage"",""slug"":""culture"",""parent"":428},{""id"":909,""name"":""Entertainment"",""slug"":""entertainment"",""parent"":0},{""id"":372,""name"":""Food &amp; Drink"",""slug"":""food-drink"",""parent"":0},{""id"":591,""name"":""Jazz &amp; Blues"",""slug"":""jazz-blues"",""parent"":360}]",[],"{""id"":93912,""global_id"":""fargounderground.com?id=93912"",""venue"":""SIdestreet Grille &#038; Pub"",""address"":""404 4th ave N"",""city"":""Fargo"",""province"":""ND"",""state"":""ND"",""zip"":""58102"",""website"":""https://downtownfargo.com/venue/sidestreet-grille-pub/"",""url"":""https://fargounderground.com/venue/sidestreet-grille-pub-3/"",""geo_lat"":46.8798407,""geo_lng"":-96.7849167,""show_map"":true,""show_map_link"":true}",[],"Start your week on a high note with Jazz Night at Sidestreet Grille & Pub! Every Monday from 7 to 9 p.m., the pub transforms into a cozy jazz club, featuring talented local musicians. Grab a seat, enjoy a delicious meal, and unwind with the smooth sounds of live jazz. It’s the perfect way to relax and appreciate the local music scene.",,"{""url"":""https://fargounderground.com/wp-content/uploads/2023/10/jazznights-2023aug-dec_orig-e1698696620909-0UgB44.tmp_-jpg-webp.webp"",""id"":174098,""extension"":""webp"",""width"":425,""height"":224}","{""_ecp_custom_2"":{""label"":""Region"",""value"":""Fargo""}}",false,false,,,2025-09-08 12:40:56,2025-09-08 17:40:56,true,true,,,
2026-09-30T20:20:26Z,fargounderground.com,https://fargounderground.com/wp-json/tribe/events/v1/events,100,10068247,fargounderground.com?id=10068247,Yoga + Sound,2028-09-11 19:00:00,2028-09-12 00:00:00,2028-09-11 20:30:00,2028-09-12 01:30:00,America/Chicago,false,false,publish,https://fargounderground.com/event/yoga-sound/2028-09-11/,https://www.enzwellness.com/booking-calendar/restorative-yoga-sound-bath,,$45,"{""currency_symbol"":""$"",""currency_code"":""USD"",""currency_position"":""prefix"",""values"":[""45""]}","[{""id"":569,""name"":""Fitness &amp; Yoga"",""slug"":""fitness-yoga"",""parent"":897}]",[],"{""id"":280147,""global_id"":""fargounderground.com?id=280147"",""venue"":""The Studio Wellness Collective"",""address"":""14 1/2 8th St S"",""city"":""Fargo"",""country"":""United States"",""state"":""ND"",""zip"":""58103"",""url"":""https://fargounderground.com/venue/the-studio-wellness-collective/"",""geo_lat"":46.8739351,""geo_lng"":-96.7909472,""show_map"":true,""show_map_link"":true}","[{""id"":286743,""global_id"":""fargounderground.com?id=286743"",""organizer"":""Enz Wellness"",""url"":""https://fargounderground.com/organizer/enz-wellness/"",""website"":""https://www.enzwellness.com/"",""phone"":""701-306-1707"",""email"":""Enzwellness@gmail.com""}]","Let the healing power of sound deepen your relaxation we with this restful practice. Restorative yoga poses are done lying down in a state of relaxation, allowing your body to do deep healing work. Sound bath by Resonance VST adds a luxurious layer of relaxation, leaving you feeling blissfully restored! No experience required, this is a great intro to yoga and sound healing. Bring a friend or loved one and share a wonderful relaxation experience! $45 per person, reserve your spot in advance at www.enzwellness.com/book-online!",,"{""url"":""https://fargounderground.com/wp-content/uploads/2025/12/IMG_3588-scaled.jpeg"",""id"":286744,""extension"":""jpeg"",""width"":2560,""height"":1920}","{""_ecp_custom_2"":{""label"":""Region"",""value"":""Fargo""}}",false,false,,,2025-12-08 13:36:44,2025-12-08 19:36:44,true,true,,,
2026-09-30T20:20:26Z,fargounderground.com,https://fargounderground.com/wp-json/tribe/events/v1/events,100,10065722,fargounderground.com?id=10065722,Open Mic Night at Front Street Taproom,2028-09-11 20:00:00,2028-09-12 01:00:00,2028-09-11 23:00:00,2028-09-12 04:00:00,America/Chicago,false,false,publish,https://fargounderground.com/event/open-mic-night-at-front-street-taproom/2028-09-11/,https://www.facebook.com/events/638022304704240/638022361370901/,,Free,"{""currency_symbol"":"""",""currency_code"":"""",""currency_position"":"""",""values"":[""free""]}","[{""id"":360,""name"":""Live Music"",""slug"":""live-music"",""parent"":0},{""id"":369,""name"":""Open Mic &amp; Jam"",""slug"":""open-mic-jam"",""parent"":909}]","[{""name"":""downtown Fargo"",""slug"":""downtown-fargo"",""term_group"":0,""term_taxonomy_id"":49,""taxonomy"":""post_tag"",""description"":"""",""parent"":0,""count"":102,""filter"":""raw"",""id"":49,""urls"":{""self"":""https://fargounderground.com/wp-json/tribe/events/v1/tags/49"",""collection"":""https://fargounderground.com/wp-json/tribe/events/v1/tags""}},{""name"":""Fargo"",""slug"":""fargo"",""term_group"":0,""term_taxonomy_id"":240,""taxonomy"":""post_tag"",""description"":"""",""parent"":0,""count"":52,""filter"":""raw"",""id"":240,""urls"":{""self"":""https://fargounderground.com/wp-json/tribe/events/v1/tags/240"",""collection"":""https://fargounderground.com/wp-json/tribe/events/v1/tags""}},{""name"":""Live music"",""slug"":""live-music"",""term_group"":0,""term_taxonomy_id"":45,""taxonomy"":""post_tag"",""description"":"""",""parent"":0,""count"":81,""filter"":""raw"",""id"":45,""urls"":{""self"":""https://fargounderground.com/wp-json/tribe/events/v1/tags/45"",""collection"":""https://fargounderground.com/wp-json/tribe/events/v1/tags""}}]","{""id"":20933,""global_id"":""fargounderground.com?id=20933"",""venue"":""Front Street Taproom"",""address"":""614 Main Ave"",""city"":""Fargo"",""province"":""ND"",""state"":""ND"",""zip"":""58102"",""website"":""https://downtownfargo.com/venue/front-street-taproom/"",""url"":""https://fargounderground.com/venue/front-street-taproom-2/"",""geo_lat"":46.87428,""geo_lng"":-96.78883,""show_map"":true,""show_map_link"":true}",[],"Hosted by Travis Neros Every Monday at 8pm Come hangout and listen to live music, readings, and/or comedy! (If you’re wanting to sign-up come closer to the beginning, if you can)",,"{""url"":""https://fargounderground.com/wp-content/uploads/2023/01/339625439_693036622509731_7407905951526191323_n-jpg-webp.webp"",""id"":156207,""extension"":""webp"",""width"":1201,""height"":629}",[],false,false,,,2023-09-05 14:16:16,2023-09-05 19:16:16,true,true,,,
2026-09-30T20:20:26Z,fargounderground.com,https://fargounderground.com/wp-json/tribe/events/v1/events,100,10053511,fargounderground.com?id=10053511,Tea Time Tuesdays,2028-09-12 08:30:00,2028-09-12 13:30:00,2028-09-12 09:30:00,2028-09-12 14:30:00,America/Chicago,false,false,publish,https://fargounderground.com/event/tea-time-tuesdays/2028-09-12/,,,,"{""currency_symbol"":""$"",""currency_code"":""USD"",""currency_position"":""prefix"",""values"":[]}","[{""id"":649,""name"":""Business"",""slug"":""business"",""parent"":361}]",[],"{""id"":150796,""global_id"":""fargounderground.com?id=150796"",""venue"":""The Daily Dose Fargo"",""address"":""3223 13th Ave S"",""city"":""Fargo"",""country"":""United States"",""province"":""North Dakota"",""zip"":""58103"",""url"":""https://fargounderground.com/venue/the-daily-dose-fargo/"",""show_map"":true,""show_map_link"":true}",[],"Come and join us every Tuesday from 8:30-9:30am. Let’s connect, meet, network, caffeinate and reboot for the week! Networking is free and open to anyone willing to network!",,"{""url"":""https://fargounderground.com/wp-content/uploads/2023/02/326953771_5843143202437407_8499174753929495889_n-jpg-webp.webp"",""id"":150797,""extension"":""webp"",""width"":960,""height"":541}",[],false,false,,,2023-02-21 16:21:55,2023-02-21 22:21:55,false,false,,,
2026-09-30T20:20:26Z,fargounderground.com,https://fargounderground.com/wp-json/tribe/events/v1/events,100,10056406,fargounderground.com?id=10056406,Pickabob Grill & BBQ,2028-09-12 11:00:00,2028-09-12 16:00:00,2028-09-12 22:00:00,2028-09-13 03:00:00,America/Chicago,false,false,publish,https://fargounderground.com/event/pickabob-grill-bbq/2028-09-12/,,,,"{""currency_symbol"":""$"",""currency_code"":""USD"",""currency_position"":""prefix"",""values"":[]}","[{""id"":825,""name"":""Food Trucks"",""slug"":""food-trucks"",""parent"":372}]",[],"{""id"":160212,""global_id"":""fargounderground.com?id=160212"",""venue"":""Great Northern Park"",""address"":""425 Broadway N"",""city"":""Fargo"",""country"":""United States"",""province"":""North Dakota"",""zip"":""58102"",""url"":""https://fargounderground.com/venue/great-northern-park/"",""show_map"":true,""show_map_link"":true}",[],,,false,[],false,false,,,2023-06-16 10:57:07,2023-06-16 15:57:07,false,false,,,
2026-09-30T20:20:26Z,fargounderground.com,https://fargounderground.com/wp-json/tribe/events/v1/events,100,10045636,fargounderground.com?id=10045636,Suite Shots Trivia Night,2028-09-12 18:00:00,2028-09-12 23:00:00,2028-09-12 20:00:00,2028-09-13 01:00:00,America/Chicago,false,false,publish,https://fargounderground.com/event/suite-shots-trivia-night-9/2028-09-12/,,,Free,"{""currency_symbol"":""$"",""currency_code"":""USD"",""currency_position"":""prefix"",""values"":[""free""]}","[{""id"":370,""name"":""Trivia &amp; Bingo"",""slug"":""trivia"",""parent"":909}]",[],"{""id"":165649,""global_id"":""fargounderground.com?id=165649"",""venue"":""Suite Shots"",""address"":""3400 James Way S"",""city"":""Fargo"",""country"":""United States"",""province"":""ND"",""state"":""ND"",""zip"":""58104"",""website"":""https://suiteshots.com/venue/suite-shots/"",""phone"":""(701) 532-4653"",""url"":""https://fargounderground.com/venue/suite-shots/"",""geo_lat"":46.8072058,""geo_lng"":-96.8355331,""show_map"":true,""show_map_link"":true}",[],"Every Tuesday, showcase your vast knowledge (both useful & useless) & compete for fantastic Suite Shots prizes! 🏆 Join us at 6 pm for an evening of brain-teasing fun! 🧠💡 But before the trivia begins, don’t miss our Happy Hour from 3:30-6:30 pm. 🍻 PLUS, if you’re craving some delicious tacos, we’ve got you covered with $4 Walleye Tacos & $4 Specialty Tacos changed monthly. 🌮",,"{""url"":""https://fargounderground.com/wp-content/uploads/2023/09/359314893_753992756729627_4984377186369470435_n-jpg-webp.webp"",""id"":169720,""extension"":""webp"",""width"":1080,""height"":1080}",[],false,false,,,2024-05-15 16:02:56,2024-05-15 21:02:56,true,true,,,
2026-09-30T20:20:26Z,fargounderground.com,https://fargounderground.com/wp-json/tribe/events/v1/events,100,10042167,fargounderground.com?id=10042167,Tuesday Night Trivia at the Sidestreet,2028-09-12 19:00:00,2028-09-13 00:00:00,2028-09-12 21:00:00,2028-09-13 02:00:00,America/Chicago,false,false,publish,https://fargounderground.com/event/tuesday-night-trivia-at-the-sidestreet-2/2028-09-12/,,,Free,"{""currency_symbol"":""$"",""currency_code"":""USD"",""currency_position"":""prefix"",""values"":[""0""]}","[{""id"":370,""name"":""Trivia &amp; Bingo"",""slug"":""trivia"",""parent"":909}]",[],"{""id"":20005,""global_id"":""fargounderground.com?id=20005"",""venue"":""Sidestreet Grille &amp; Pub"",""address"":""404 4th Ave N"",""city"":""Fargo"",""country"":""United States"",""province"":""ND"",""state"":""ND"",""zip"":""58102-4810"",""website"":""https://www.facebook.com/SidestreetGrilleandPub/"",""url"":""https://fargounderground.com/venue/sidestreet-grille-pub/"",""geo_lat"":46.8798407,""geo_lng"":-96.7849167,""show_map"":true,""show_map_link"":true}",[],Hey There & Howdy Trivia Hounds! Tuesdays just got that much better with Two Lanterns Trivia at the Sidestreet in Downtown Fargo! Test your trivial knowledge for the chance to win FREE drinks or get ZONKED with everybody’s favorite Game-within-the-Game “WHAT’S IN THE BAG?!” Grand Prize Winners get a $20.00 GIFT CARD! Come on out…It’s sure to be a fun time!,,"{""url"":""https://fargounderground.com/wp-content/uploads/2023/04/340613979_592852209440315_7275928061751749308_n-jpg-webp.webp"",""id"":157565,""extension"":""webp"",""width"":1200,""height"":630}",[],false,false,,,2024-03-05 17:07:55,2024-03-05 23:07:55,false,false,,,
2026-09-30T20:20:26Z,fargounderground.com,https://fargounderground.com/wp-json/tribe/events/v1/events,100,10056184,fargounderground.com?id=10056184,Boss’ Comedy Club Open Mic,2028-09-12 20:00:00,2028-09-13 01:00:00,2028-09-12 23:00:00,2028-09-13 04:00:00,America/Chicago,false,false,publish,https://fargounderground.com/event/boss-comedy-club-open-mic-2/2028-09-12/,,,Free,"{""currency_symbol"":""$"",""currency_code"":""USD"",""currency_position"":""prefix"",""values"":[""0""]}","[{""id"":432,""name"":""Comedy"",""slug"":""comedy-arts-entertainment"",""parent"":909},{""id"":369,""name"":""Open Mic &amp; Jam"",""slug"":""open-mic-jam"",""parent"":909}]",[],"{""id"":144938,""global_id"":""fargounderground.com?id=144938"",""venue"":""Boss&#8217; Comedy Club Fargo"",""address"":""228 Broadway N"",""city"":""Fargo"",""country"":""United States"",""province"":""North Dakota"",""zip"":""58102"",""website"":""https://www.bosspizzaandchicken.com/"",""phone"":""(701) 997-2677"",""url"":""https://fargounderground.com/venue/boss-comedy-club-fargo/"",""show_map"":true,""show_map_link"":true}",[],Come out this Thursday and enjoy the areas best comedians work on their Material… For Free! Want to try stand-up comedy yourself? First Timers & New Comedians are always encouraged. While you’re here enjoy Boss’s Full Menu also available in the Comedy Club. Sign up at 7:30 pm. Show at 8 pm. All are welcome!,,"{""url"":""https://fargounderground.com/wp-content/uploads/2022/12/boss-comedy-club-jpg-webp.webp"",""id"":144939,""extension"":""webp"",""width"":1420,""height"":640}",[],false,false,,,2023-04-27 14:31:21,2023-04-27 19:31:21,false,false,,,
2026-09-30T20:20:26Z,fargounderground.com,https://fargounderground.com/wp-json/tribe/events/v1/events,100,10065355,fargounderground.com?id=10065355,Open Mic Comedy,2028-09-12 20:00:00,2028-09-13 01:00:00,2028-09-12 22:00:00,2028-09-13 03:00:00,America/Chicago,false,false,publish,https://fargounderground.com/event/open-mic-comedy-6/2028-09-12/,https://www.facebook.com/Bosscomedyclubfargo/,,,"{""currency_symbol"":"""",""currency_code"":"""",""currency_position"":""prefix"",""values"":[]}","[{""id"":432,""name"":""Comedy"",""slug"":""comedy-arts-entertainment"",""parent"":909},{""id"":369,""name"":""Open Mic &amp; Jam"",""slug"":""open-mic-jam"",""parent"":909}]",[],"{""id"":144938,""global_id"":""fargounderground.com?id=144938"",""venue"":""Boss&#8217; Comedy Club Fargo"",""address"":""228 Broadway N"",""city"":""Fargo"",""country"":""United States"",""province"":""North Dakota"",""zip"":""58102"",""website"":""https://www.bosspizzaandchicken.com/"",""phone"":""(701) 997-2677"",""url"":""https://fargounderground.com/venue/boss-comedy-club-fargo/"",""show_map"":true,""show_map_link"":true}",[],Open Mic Comedy at Boss’s Every Tuesday Night Try your hand on the stage for free! Sign up at 7:30 pm; Mic Starts at 8 pm,,"{""url"":""https://fargounderground.com/wp-content/uploads/2023/08/Boss-Comedy-Open-Mic-jpg-webp.webp"",""id"":168876,""extension"":""webp"",""width"":1420,""height"":640}",[],false,false,,,2023-09-05 14:26:50,2023-09-05 19:26:50,false,false,,,
2026-09-30T20:20:26Z,fargounderground.com,https://fargounderground.com/wp-json/tribe/events/v1/events,100,10028925,fargounderground.com?id=10028925,Karaoke at Dempsey’s,2028-09-12 21:00:00,2028-09-13 02:00:00,2028-09-13 02:00:00,2028-09-13 07:00:00,America/Chicago,false,false,publish,https://fargounderground.com/event/karaoke-at-dempseys-59-2/2028-09-12/,,,Free,"{""currency_symbol"":""$"",""currency_code"":""USD"",""currency_position"":""prefix"",""values"":[""free""]}","[{""id"":368,""name"":""Karaoke"",""slug"":""karaoke"",""parent"":909}]",[],"{""id"":91157,""global_id"":""fargounderground.com?id=91157"",""venue"":""Dempsey’s Public House"",""address"":""226 Broadway N"",""city"":""Fargo"",""country"":""United States"",""province"":""ND"",""zip"":""58102"",""website"":""https://dempseysfargo.com/"",""url"":""https://fargounderground.com/venue/dempseys-public-house-2/"",""geo_lat"":46.8789764,""geo_lng"":-96.7882596,""show_map"":true,""show_map_link"":true}",[],"Dempsey’s has been named the Best Karaoke bar in Fargo for a reason! Sing your heart out during our FREE Karaoke night, every Tuesday and Saturday. It’s legendary!",,"{""url"":""https://fargounderground.com/wp-content/uploads/2022/11/karaoke-dempseys-0BUCH0.tmp_.png"",""id"":142666,""extension"":""png"",""width"":945,""height"":532}",[],false,false,,,2023-09-18 17:10:07,2023-09-18 22:10:07,false,false,,,
2026-09-30T20:20:26Z,fargounderground.com,https://fargounderground.com/wp-json/tribe/events/v1/events,100,10056407,fargounderground.com?id=10056407,Pickabob Grill & BBQ,2028-09-13 11:00:00,2028-09-13 16:00:00,2028-09-13 22:00:00,2028-09-14 03:00:00,America/Chicago,false,false,publish,https://fargounderground.com/event/pickabob-grill-bbq/2028-09-13/,,,,"{""currency_symbol"":""$"",""currency_code"":""USD"",""currency_position"":""prefix"",""values"":[]}","[{""id"":825,""name"":""Food Trucks"",""slug"":""food-trucks"",""parent"":372}]",[],"{""id"":160212,""global_id"":""fargounderground.com?id=160212"",""venue"":""Great Northern Park"",""address"":""425 Broadway N"",""city"":""Fargo"",""country"":""United States"",""province"":""North Dakota"",""zip"":""58102"",""url"":""https://fargounderground.com/venue/great-northern-park/"",""show_map"":true,""show_map_link"":true}",[],,,false,[],false,false,,,2023-06-16 10:57:07,2023-06-16 15:57:07,false,false,,,
2026-09-30T20:20:26Z,fargounderground.com,https://fargounderground.com/wp-json/tribe/events/v1/events,100,10060424,fargounderground.com?id=10060424,Discount Skate Night,2028-09-13 18:00:00,2028-09-13 23:00:00,2028-09-13 20:00:00,2028-09-14 01:00:00,America/Chicago,false,false,publish,https://fargounderground.com/event/discount-skate-night/2028-09-13/,https://www.skatecitynd.com/2024/02/discount-night/,,$6,"{""currency_symbol"":""$"",""currency_code"":""USD"",""currency_position"":""prefix"",""values"":[""6""]}","[{""id"":1298,""name"":""Active &amp; Social Events"",""slug"":""active-social-events"",""parent"":909},{""id"":374,""name"":""Families &amp; Kids"",""slug"":""families-kids"",""parent"":361}]",[],"{""id"":145039,""global_id"":""fargounderground.com?id=145039"",""venue"":""Skate City ND"",""address"":""3302 Interstate Blvd S"",""city"":""Fargo"",""country"":""United States"",""province"":""North Dakota"",""zip"":""58103"",""website"":""skatecitynd.com"",""phone"":""(701) 235-0555"",""url"":""https://fargounderground.com/venue/skate-city-nd/"",""show_map"":true,""show_map_link"":true}",[],"Catering to families and skaters of all ages and skill levels. Join us for a midweek session with discounted admission! Just $6 per skater, plus $4.00 skate rental if needed. Family Night Out Discount Night is a great way to get some midweek fun for the whole family at a great rate. Bring friends and extended family for good music, games and food! Groups & Clubs Whether you’re in a college club, book club or sports team, our group rates can’t be beaten! Reserve your group of 15 or more skaters at get admission for $6 per skater, which includes choice of rental! Daycares & Youth Groups Skating is a great way to get your daycare or youth group out for a night of fun! This midweek session is a great opportunity. Reserve a group of 15 or more and get our group rates – just $6 per skater, which includes choice of skate rental! Groups also get our meal deal (hotdogs, chips, and small drink) for just $5 per skater.",,"{""url"":""https://fargounderground.com/wp-content/uploads/2025/09/Discount-Skate-TV-Slide.png"",""id"":263371,""extension"":""png"",""width"":1920,""height"":1080}","{""_ecp_custom_2"":{""label"":""Region"",""value"":""Fargo""}}",false,false,,,2025-09-06 19:23:30,2025-09-07 00:23:30,true,true,,,
2026-09-30T20:20:26Z,fargounderground.com,https://fargounderground.com/wp-json/tribe/events/v1/events,100,10054511,fargounderground.com?id=10054511,Taco Night and Bingo!,2028-09-13 18:00:00,2028-09-13 23:00:00,2028-09-13 20:00:00,2028-09-14 01:00:00,America/Chicago,false,false,publish,https://fargounderground.com/event/taco-night-and-bingo-31/2028-09-13/,,,Free,"{""currency_symbol"":""$"",""currency_code"":""USD"",""currency_position"":""prefix"",""values"":[""0""]}","[{""id"":372,""name"":""Food &amp; Drink"",""slug"":""food-drink"",""parent"":0},{""id"":370,""name"":""Trivia &amp; Bingo"",""slug"":""trivia"",""parent"":909}]",[],"{""id"":91157,""global_id"":""fargounderground.com?id=91157"",""venue"":""Dempsey’s Public House"",""address"":""226 Broadway N"",""city"":""Fargo"",""country"":""United States"",""province"":""ND"",""zip"":""58102"",""website"":""https://dempseysfargo.com/"",""url"":""https://fargounderground.com/venue/dempseys-public-house-2/"",""geo_lat"":46.8789764,""geo_lng"":-96.7882596,""show_map"":true,""show_map_link"":true}",[],Play FREE Bingo from 6 – 8pm! Get $1 Tacos from 4 – 9pm!,,"{""url"":""https://fargounderground.com/wp-content/uploads/2022/11/taco-night-dempseys-dhBTti.tmp_.png"",""id"":142669,""extension"":""png"",""width"":945,""height"":532}",[],false,false,,,2023-03-28 17:45:42,2023-03-28 22:45:42,false,false,,,
2026-09-30T20:20:26Z,fargounderground.com,https://fargounderground.com/wp-json/tribe/events/v1/events,100,10028405,fargounderground.com?id=10028405,Harold’s Karaoke Party,2028-09-13 20:00:00,2028-09-14 01:00:00,2028-09-14 01:00:00,2028-09-14 06:00:00,America/Chicago,false,false,publish,https://fargounderground.com/event/harolds-karaoke-party-2/2028-09-13/,,,Free,"{""currency_symbol"":""$"",""currency_code"":""USD"",""currency_position"":""prefix"",""values"":[""0""]}","[{""id"":368,""name"":""Karaoke"",""slug"":""karaoke"",""parent"":909}]",[],"{""id"":146111,""global_id"":""fargounderground.com?id=146111"",""venue"":""Harold&#8217;s on Main"",""address"":""1330 Main Ave"",""city"":""Moorhead"",""country"":""United States"",""province"":""MN"",""zip"":""56560"",""website"":""https://www.facebook.com/HaroldsOnMain/"",""phone"":""(218) 233-3477"",""url"":""https://fargounderground.com/venue/harolds-on-main-2/"",""geo_lat"":46.8748909,""geo_lng"":-96.8000869,""show_map"":true,""show_map_link"":true}",[],✨🎤 HARAOKE – Karaoke at Harold’s! Every Wednesday at 8pm 🎤✨,,"{""url"":""https://fargounderground.com/wp-content/uploads/2023/04/harolds-karaoke-jpg-webp.webp"",""id"":156209,""extension"":""webp"",""width"":1920,""height"":1080}",[],false,false,,,2023-09-18 17:09:27,2023-09-18 22:09:27,false,false,,,
2026-09-30T20:20:26Z,fargounderground.com,https://fargounderground.com/wp-json/tribe/events/v1/events,100,10067767,fargounderground.com?id=10067767,Open Mic Comedy in the Cellar,2028-09-13 20:00:00,2028-09-14 01:00:00,2028-09-13 21:30:00,2028-09-14 02:30:00,America/Chicago,false,false,publish,https://fargounderground.com/event/open-mic-comedy-in-the-cellar-3/2028-09-13/,,,Free,"{""currency_symbol"":""$"",""currency_code"":""USD"",""currency_position"":""prefix"",""values"":[""0""]}","[{""id"":432,""name"":""Comedy"",""slug"":""comedy-arts-entertainment"",""parent"":909},{""id"":359,""name"":""Nightlife"",""slug"":""nightlife"",""parent"":909},{""id"":369,""name"":""Open Mic &amp; Jam"",""slug"":""open-mic-jam"",""parent"":909}]","[{""name"":""Comedy"",""slug"":""comedy"",""term_group"":0,""term_taxonomy_id"":310,""taxonomy"":""post_tag"",""description"":"""",""parent"":0,""count"":86,""filter"":""raw"",""id"":310,""urls"":{""self"":""https://fargounderground.com/wp-json/tribe/events/v1/tags/310"",""collection"":""https://fargounderground.com/wp-json/tribe/events/v1/tags""}}]","{""id"":121817,""global_id"":""fargounderground.com?id=121817"",""venue"":""The Cellar Comedy Club"",""address"":""614 Main Ave"",""city"":""Fargo"",""country"":""United States"",""province"":""ND"",""state"":""ND"",""zip"":""58103"",""website"":""https://www.fargomoorhead.org/venue/the-cellar-comedy-club/"",""url"":""https://fargounderground.com/venue/the-cellar-comedy-club/"",""geo_lat"":46.8741865,""geo_lng"":-96.7888348,""show_map"":true,""show_map_link"":true}","[{""id"":189866,""global_id"":""fargounderground.com?id=189866"",""organizer"":""The Cellar Comedy Club"",""url"":""https://fargounderground.com/organizer/"",""website"":""https://www.frontstreettaproom.com/comedyinthecellar"",""phone"":""(701) 566-7226"",""email"":""frontstreettaproom@gmail.com""}]","Open Mic Comedy Every Wednesday Night Doors open at 7pm Sign-up at 7:30pm Show starts at 8pm Up to 25 Comedians 3 or 5 Minute Sets Free Event No Ticket Required 21+ STAGE TIME IS NOT GUARANTEED Comedy in the Cellar Underground Comedy Club Below Front Street Taproom Downtown Fargo, ND",,"{""url"":""https://fargounderground.com/wp-content/uploads/2025/11/Open-Mic-Comedy-Cover.jpg"",""id"":284169,""extension"":""jpg"",""width"":2000,""height"":2000}","{""_ecp_custom_2"":{""label"":""Region"",""value"":""Fargo""}}",false,false,,,2025-11-13 12:49:52,2025-11-13 18:49:52,true,true,,,
2026-09-30T20:20:26Z,fargounderground.com,https://fargounderground.com/wp-json/tribe/events/v1/events,100,10056408,fargounderground.com?id=10056408,Pickabob Grill & BBQ,2028-09-14 11:00:00,2028-09-14 16:00:00,2028-09-14 22:00:00,2028-09-15 03:00:00,America/Chicago,false,false,publish,https://fargounderground.com/event/pickabob-grill-bbq/2028-09-14/,,,,"{""currency_symbol"":""$"",""currency_code"":""USD"",""currency_position"":""prefix"",""values"":[]}","[{""id"":825,""name"":""Food Trucks"",""slug"":""food-trucks"",""parent"":372}]",[],"{""id"":160212,""global_id"":""fargounderground.com?id=160212"",""venue"":""Great Northern Park"",""address"":""425 Broadway N"",""city"":""Fargo"",""country"":""United States"",""province"":""North Dakota"",""zip"":""58102"",""url"":""https://fargounderground.com/venue/great-northern-park/"",""show_map"":true,""show_map_link"":true}",[],,,false,[],false,false,,,2023-06-16 10:57:07,2023-06-16 15:57:07,false,false,,,
2026-09-30T20:20:26Z,fargounderground.com,https://fargounderground.com/wp-json/tribe/events/v1/events,100,10054866,fargounderground.com?id=10054866,Free Dog Night and Rock & Roll Bingo!,2028-09-14 18:00:00,2028-09-14 23:00:00,2028-09-14 20:00:00,2028-09-15 01:00:00,America/Chicago,false,false,publish,https://fargounderground.com/event/free-dog-night-and-rock-roll-bingo-31/2028-09-14/,,,Free,"{""currency_symbol"":""$"",""currency_code"":""USD"",""currency_position"":""prefix"",""values"":[""0""]}","[{""id"":372,""name"":""Food &amp; Drink"",""slug"":""food-drink"",""parent"":0},{""id"":370,""name"":""Trivia &amp; Bingo"",""slug"":""trivia"",""parent"":909}]",[],"{""id"":91157,""global_id"":""fargounderground.com?id=91157"",""venue"":""Dempsey’s Public House"",""address"":""226 Broadway N"",""city"":""Fargo"",""country"":""United States"",""province"":""ND"",""zip"":""58102"",""website"":""https://dempseysfargo.com/"",""url"":""https://fargounderground.com/venue/dempseys-public-house-2/"",""geo_lat"":46.8789764,""geo_lng"":-96.7882596,""show_map"":true,""show_map_link"":true}",[],Play FREE Rock & Roll Bingo from 6 – 8pm! Get FREE Hot Dogs from 4 – 9pm!,,"{""url"":""https://fargounderground.com/wp-content/uploads/2022/11/hot-dog-night-tO0mPR.tmp_.png"",""id"":142672,""extension"":""png"",""width"":945,""height"":532}",[],false,false,,,2023-03-28 17:49:54,2023-03-28 22:49:54,false,false,,,
2026-09-30T20:20:26Z,fargounderground.com,https://fargounderground.com/wp-json/tribe/events/v1/events,100,10050481,fargounderground.com?id=10050481,Monthly Talent Night,2028-09-14 18:00:00,2028-09-14 23:00:00,2028-09-14 20:00:00,2028-09-15 01:00:00,America/Chicago,false,false,publish,https://fargounderground.com/event/monthly-talent-night-2/2028-09-14/,https://square.link/u/G5ynSV9R,,$5,"{""currency_symbol"":""$"",""currency_code"":""USD"",""currency_position"":""prefix"",""values"":[""5""]}","[{""id"":428,""name"":""Arts &amp; Culture"",""slug"":""arts-culture"",""parent"":0},{""id"":361,""name"":""Community &amp; Civic"",""slug"":""community"",""parent"":0},{""id"":369,""name"":""Open Mic &amp; Jam"",""slug"":""open-mic-jam"",""parent"":909}]",[],"{""id"":157543,""global_id"":""fargounderground.com?id=157543"",""venue"":""Parachigo"",""address"":""14 8th St S"",""city"":""Fargo"",""country"":""United States"",""province"":""Cass County"",""state"":""ND"",""zip"":""58103"",""website"":""https://parachigo.square.site/"",""url"":""https://fargounderground.com/venue/parachigo/"",""geo_lat"":46.8767742,""geo_lng"":-96.7882356,""show_map"":true,""show_map_link"":true}","[{""id"":176261,""global_id"":""fargounderground.com?id=176261"",""organizer"":""Parachigo Artists Collective"",""url"":""https://fargounderground.com/organizer/"",""website"":""https://www.instagram.com/parachigo4""}]","Our monthly event where you can watch new talent, sign up to perform, and we can all have an intimate little performance in the space. $5 recommended but as always, NOTAFLOF",,"{""url"":""https://fargounderground.com/wp-content/uploads/2025/01/Untitled-1-20-1.png"",""id"":212136,""extension"":""png"",""width"":1080,""height"":1080}","{""_ecp_custom_2"":{""label"":""Region"",""value"":""Fargo""}}",false,false,,,2025-02-12 13:10:30,2025-02-12 19:10:30,true,true,,,
2026-09-30T20:20:26Z,fargounderground.com,https://fargounderground.com/wp-json/tribe/events/v1/events,100,10052558,fargounderground.com?id=10052558,Full Circle Open Mic,2028-09-14 19:00:00,2028-09-15 00:00:00,2028-09-14 22:00:00,2028-09-15 03:00:00,America/Chicago,false,false,publish,https://fargounderground.com/event/full-circle-open-mic/2028-09-14/,,,Free,"{""currency_symbol"":""$"",""currency_code"":""USD"",""currency_position"":""prefix"",""values"":[""0""]}","[{""id"":369,""name"":""Open Mic &amp; Jam"",""slug"":""open-mic-jam"",""parent"":909}]",[],"{""id"":144429,""global_id"":""fargounderground.com?id=144429"",""venue"":""Black Coffee and Waffle Bar Fargo"",""address"":""550 2nd Ave N"",""city"":""Fargo"",""country"":""United States"",""province"":""North Dakota"",""zip"":""58102"",""website"":""https://blackcoffeeandwaffle.com/"",""phone"":""701-566-8749"",""url"":""https://fargounderground.com/venue/black-coffee-and-waffle-bar-fargo/"",""show_map"":true,""show_map_link"":true}",[],"Every Thursday is open mic night! Come out and tell a few jokes, sing your heart out, or read poetry. Hosted at Black Coffee and Waffle bar in downtown Fargo, ND.",,"{""url"":""https://fargounderground.com/wp-content/uploads/2022/12/314756703_10228005485586320_4750178534703107090_n-jpg-webp.webp"",""id"":144430,""extension"":""webp"",""width"":1800,""height"":1200}",[],false,false,,,2023-01-20 12:43:36,2023-01-20 18:43:36,false,false,,,
2026-09-30T20:20:26Z,fargounderground.com,https://fargounderground.com/wp-json/tribe/events/v1/events,100,10033209,fargounderground.com?id=10033209,Open Mic Poetry Night,2028-09-14 19:00:00,2028-09-15 00:00:00,2028-09-14 21:00:00,2028-09-15 02:00:00,America/Chicago,false,false,publish,https://fargounderground.com/event/open-mic-poetry-night/2028-09-14/,,,,"{""currency_symbol"":""$"",""currency_code"":""USD"",""currency_position"":""prefix"",""values"":[]}","[{""id"":412,""name"":""Culture &amp; Heritage"",""slug"":""culture"",""parent"":428},{""id"":429,""name"":""Literary Arts"",""slug"":""books-readings"",""parent"":428},{""id"":369,""name"":""Open Mic &amp; Jam"",""slug"":""open-mic-jam"",""parent"":909},{""id"":433,""name"":""Speakers &amp; Programs"",""slug"":""speakers-programs"",""parent"":409}]",[],"{""id"":157543,""global_id"":""fargounderground.com?id=157543"",""venue"":""Parachigo"",""address"":""14 8th St S"",""city"":""Fargo"",""country"":""United States"",""province"":""Cass County"",""state"":""ND"",""zip"":""58103"",""website"":""https://parachigo.square.site/"",""url"":""https://fargounderground.com/venue/parachigo/"",""geo_lat"":46.8767742,""geo_lng"":-96.7882356,""show_map"":true,""show_map_link"":true}",[],"Every 2nd Thursday of the Month Come any come all — we would love to hear your voice! Read whatever you’d like – poems, short stories, essays – your own or others. Our doors are open to you for this free event! Come share your thoughts, words, and an intimate evening with strangers and friends. About the Host: *Ren Gay’s work has been featured in Anti-Heroin Chic, Quail Bell, Rag Queens, Déraciné Magazine, Gramma Poetry, FreezeRay Poetry, Rising Phoenix Review as well as the anthology What Keeps Us Here.",,"{""url"":""https://fargounderground.com/wp-content/uploads/2023/11/396743881_266616889670435_6823622121147855100_n-jpg-webp.webp"",""id"":176406,""extension"":""webp"",""width"":1078,""height"":589}",[],false,false,,,2025-08-19 14:56:01,2025-08-19 19:56:01,true,true,,,
2026-09-30T20:20:26Z,fargounderground.com,https://fargounderground.com/wp-json/tribe/events/v1/events,100,10065488,fargounderground.com?id=10065488,Thursday Night Trivia at Downtown Fargo VFW,2028-09-14 19:00:00,2028-09-15 00:00:00,2028-09-14 21:00:00,2028-09-15 02:00:00,America/Chicago,false,false,publish,https://fargounderground.com/event/thursday-night-trivia-at-downtown-fargo-vfw-2/2028-09-14/,,,,"{""currency_symbol"":""$"",""currency_code"":""USD"",""currency_position"":""prefix"",""values"":[]}","[{""id"":370,""name"":""Trivia &amp; Bingo"",""slug"":""trivia"",""parent"":909}]",[],"{""id"":49586,""global_id"":""fargounderground.com?id=49586"",""venue"":""Fargo VFW Club, Post 762"",""address"":""202 Broadway N"",""city"":""Fargo"",""country"":""United States"",""province"":""ND"",""zip"":""58102"",""website"":""https://www.fargomoorhead.org/venue/fargo-vfw-club-post-762/"",""url"":""https://fargounderground.com/venue/vfw-coors-light-chili-cookoff/"",""geo_lat"":46.8781689,""geo_lng"":-96.7881193,""show_map"":true,""show_map_link"":true}",[],Looking for some fun on a Thursday night? Look no further than the Downtown Fargo VFW! Here’s what to look forward to: *FREE to Play! *Win FREE Drinks or Get Zonked with “WHAT’S IN THE BAG?!” *Paper Airline Contest at the End of Every Game! Come out…Bring your friends…And join in the fun!,,"{""url"":""https://fargounderground.com/wp-content/uploads/2023/04/340653856_254607436910250_5743893530831022969_n-jpg-webp.webp"",""id"":157568,""extension"":""webp"",""width"":1920,""height"":1005}",[],false,false,,,2023-09-05 14:45:31,2023-09-05 19:45:31,false,false,,,
2026-09-30T20:20:26Z,fargounderground.com,https://fargounderground.com/wp-json/tribe/events/v1/events,100,10043016,fargounderground.com?id=10043016,Belly Dance for Beginners,2028-09-14 19:30:00,2028-09-15 00:30:00,2028-09-14 20:30:00,2028-09-15 01:30:00,America/Chicago,false,false,publish,https://fargounderground.com/event/belly-dance-for-beginners/2028-09-14/,https://facebook.com/mindakbellydance,,$10,"{""currency_symbol"":""$"",""currency_code"":"""",""currency_position"":""prefix"",""values"":[""10""]}","[{""id"":362,""name"":""Classes &amp; Workshops"",""slug"":""classes-workshops"",""parent"":409},{""id"":412,""name"":""Culture &amp; Heritage"",""slug"":""culture"",""parent"":428},{""id"":569,""name"":""Fitness &amp; Yoga"",""slug"":""fitness-yoga"",""parent"":897}]",[],"{""id"":100299,""global_id"":""fargounderground.com?id=100299"",""venue"":""FM Aerial &amp; Movement Arts"",""address"":""508 Oak St. N Suite A"",""city"":""Fargo, ND"",""state"":""ND"",""zip"":""58102"",""website"":""fmaerial.com"",""phone"":""7012033448"",""url"":""https://fargounderground.com/venue/fm-aerial-movement-arts/"",""geo_lat"":46.88134,""geo_lng"":-96.779159,""show_map"":true,""show_map_link"":true}",[],"MinDak Belly Dance teaches belly dance classes in the Fargo-Moorhead area. Beginning belly dance teaches the foundations of Middle Eastern dance. You will learn belly dance posture and movements including shimmys, isolations, hip bumps, and more! No experience necessary! $10 cash at the door $10 coin belts available for purchase to enhance your dance! We meet weekly at FM AERIAL MOVEMENT ARTS 508 Oak St N Fargo EVERY Thursday from 7:30 pm-8:30 pm",,"{""url"":""https://fargounderground.com/wp-content/uploads/2023/06/MDBD-FLYER-jpg.webp"",""id"":188808,""extension"":""webp"",""width"":695,""height"":900}","{""_ecp_custom_2"":{""label"":""Region"",""value"":""Fargo""}}",false,false,,,2024-03-28 14:09:15,2024-03-28 19:09:15,true,true,,,
2026-09-30T20:20:26Z,fargounderground.com,https://fargounderground.com/wp-json/tribe/events/v1/events,100,10062254,fargounderground.com?id=10062254,College Night Bowling,2028-09-14 22:00:00,2028-09-15 03:00:00,2028-09-15 00:00:00,2028-09-15 05:00:00,America/Chicago,false,false,publish,https://fargounderground.com/event/college-night-bowling/2028-09-14/,,,$8,"{""currency_symbol"":""$"",""currency_code"":""USD"",""currency_position"":""prefix"",""values"":[""8""]}","[{""id"":1298,""name"":""Active &amp; Social Events"",""slug"":""active-social-events"",""parent"":909},{""id"":408,""name"":""College Events"",""slug"":""college-events"",""parent"":361},{""id"":372,""name"":""Food &amp; Drink"",""slug"":""food-drink"",""parent"":0}]",[],"{""id"":146365,""global_id"":""fargounderground.com?id=146365"",""venue"":""Sunset Lanes"",""address"":""620 U.S. 75"",""city"":""Moorhead"",""country"":""United States"",""province"":""MN"",""state"":""MN"",""zip"":""56560"",""website"":""https://bowlingsunset.com/"",""url"":""https://fargounderground.com/venue/sunset-lanes/"",""geo_lat"":46.8818938,""geo_lng"":-96.7431497,""show_map"":true,""show_map_link"":true}",[],"Grab your friends for a night you’ll never forget (well, maybe…..)! $8 all-you-can-bowl from 10 pm to midnight. Mug specials on adult beverages! Get a pizza, drinks, a bowl, and play in the arcade – it doesn’t get any better than that!",,"{""url"":""https://fargounderground.com/wp-content/uploads/2025/09/crw_1240h_620.webp"",""id"":263446,""extension"":""webp"",""width"":1240,""height"":620}","{""_ecp_custom_2"":{""label"":""Region"",""value"":""Moorhead""}}",false,false,,,2025-09-07 12:02:55,2025-09-07 17:02:55,true,true,,,
2026-09-30T20:20:26Z,fargounderground.com,https://fargounderground.com/wp-json/tribe/events/v1/events,100,10056692,fargounderground.com?id=10056692,Pickabob Grill & BBQ,2028-09-15 11:00:00,2028-09-15 16:00:00,2028-09-16 02:30:00,2028-09-16 07:30:00,America/Chicago,false,false,publish,https://fargounderground.com/event/pickabob-grill-bbq-2/2028-09-15/,,,,"{""currency_symbol"":""$"",""currency_code"":""USD"",""currency_position"":""prefix"",""values"":[]}","[{""id"":825,""name"":""Food Trucks"",""slug"":""food-trucks"",""parent"":372}]",[],"{""id"":160212,""global_id"":""fargounderground.com?id=160212"",""venue"":""Great Northern Park"",""address"":""425 Broadway N"",""city"":""Fargo"",""country"":""United States"",""province"":""North Dakota"",""zip"":""58102"",""url"":""https://fargounderground.com/venue/great-northern-park/"",""show_map"":true,""show_map_link"":true}",[],,,false,[],false,false,,,2023-06-16 10:56:57,2023-06-16 15:56:57,false,false,,,
2026-09-30T20:20:26Z,fargounderground.com,https://fargounderground.com/wp-json/tribe/events/v1/events,100,10060163,fargounderground.com?id=10060163,Glow Skate Night,2028-09-15 20:00:00,2028-09-16 01:00:00,2028-09-15 22:00:00,2028-09-16 03:00:00,America/Chicago,false,false,publish,https://fargounderground.com/event/glow-skate-night/2028-09-15/,https://www.skatecitynd.com/2025/07/7334/,,$10,"{""currency_symbol"":""$"",""currency_code"":""USD"",""currency_position"":""prefix"",""values"":[""10""]}","[{""id"":1298,""name"":""Active &amp; Social Events"",""slug"":""active-social-events"",""parent"":909},{""id"":374,""name"":""Families &amp; Kids"",""slug"":""families-kids"",""parent"":361}]",[],"{""id"":145039,""global_id"":""fargounderground.com?id=145039"",""venue"":""Skate City ND"",""address"":""3302 Interstate Blvd S"",""city"":""Fargo"",""country"":""United States"",""province"":""North Dakota"",""zip"":""58103"",""website"":""skatecitynd.com"",""phone"":""(701) 235-0555"",""url"":""https://fargounderground.com/venue/skate-city-nd/"",""show_map"":true,""show_map_link"":true}",[],"This nighttime session brings a great atmosphere with good music to skate to, games, a blackout skate and glow sticks! Every paid skater gets a FREE GLOW STICK! Blackout Skate For a portion of the session, we will black out the rink and side aisle lighting. While there is still enough visibility to navigate the skating floor, the darker environment creates a concert-style atmosphere. When coupled with our glow products, this elevates and enhances your skating experience! Glow Sticks Get a FREE glow stick for every paid skater! We want everyone to enjoy the glow night and create a fun, glowing atmosphere, so we provide every paid skater with a glow stick on us! Great Music & Games We pick great music for dancing and skating for this Friday night session. Nothing pairs with specialty lights and blackout skates like songs with a good rhythm!",,"{""url"":""https://fargounderground.com/wp-content/uploads/2025/09/Glow-Skate-TV.png"",""id"":263362,""extension"":""png"",""width"":1920,""height"":1080}","{""_ecp_custom_2"":{""label"":""Region"",""value"":""Fargo""}}",false,false,,,2025-09-06 19:10:31,2025-09-07 00:10:31,true,true,,,
2026-09-30T20:20:26Z,fargounderground.com,https://fargounderground.com/wp-json/tribe/events/v1/events,100,10061367,fargounderground.com?id=10061367,Cosmic Bowling,2028-09-15 21:30:00,2028-09-16 02:30:00,2028-09-16 00:00:00,2028-09-16 05:00:00,America/Chicago,false,false,publish,https://fargounderground.com/event/cosmic-bowling/2028-09-15/,,,$15,"{""currency_symbol"":""$"",""currency_code"":""USD"",""currency_position"":""prefix"",""values"":[""15""]}","[{""id"":1298,""name"":""Active &amp; Social Events"",""slug"":""active-social-events"",""parent"":909},{""id"":374,""name"":""Families &amp; Kids"",""slug"":""families-kids"",""parent"":361}]",[],"{""id"":263439,""global_id"":""fargounderground.com?id=263439"",""venue"":""West Acres Bowl"",""address"":""3402 Interstate Blvd S"",""city"":""Fargo"",""country"":""United States"",""state"":""ND"",""zip"":""58103"",""phone"":""701-235-4437"",""url"":""https://fargounderground.com/venue/west-acres-bowl/"",""geo_lat"":46.8637495,""geo_lng"":-96.8363583,""show_map"":true,""show_map_link"":true}",[],"Get ready for an out-of-this-world experience at West Acres Bowl with Cosmic Bowling every Friday and Saturday night! 🌌 From 9:30 PM to Midnight, the lights go down and the blacklights turn up. Bowl to the rhythm of great music and enjoy a unique, high-energy atmosphere. Perfect for a night out with friends, a fun date, or a late-night family activity. No reservations are needed—just show up and get ready to glow!",,"{""url"":""https://fargounderground.com/wp-content/uploads/2025/09/Cosmic-Bowling.jpg"",""id"":263436,""extension"":""jpg"",""width"":2348,""height"":1536}","{""_ecp_custom_2"":{""label"":""Region"",""value"":""Fargo""}}",false,false,,,2025-09-07 11:39:17,2025-09-07 16:39:17,true,true,,,
2026-09-30T20:20:26Z,fargounderground.com,https://fargounderground.com/wp-json/tribe/events/v1/events,100,10061889,fargounderground.com?id=10061889,Rock N Bowl,2028-09-15 22:00:00,2028-09-16 03:00:00,2028-09-16 00:00:00,2028-09-16 05:00:00,America/Chicago,false,false,publish,https://fargounderground.com/event/rock-n-bowl/2028-09-15/,https://bowlingsunset.com/rock-n-bowl,,$13,"{""currency_symbol"":""$"",""currency_code"":""USD"",""currency_position"":""prefix"",""values"":[""13""]}","[{""id"":1298,""name"":""Active &amp; Social Events"",""slug"":""active-social-events"",""parent"":909},{""id"":372,""name"":""Food &amp; Drink"",""slug"":""food-drink"",""parent"":0}]",[],"{""id"":146365,""global_id"":""fargounderground.com?id=146365"",""venue"":""Sunset Lanes"",""address"":""620 U.S. 75"",""city"":""Moorhead"",""country"":""United States"",""province"":""MN"",""state"":""MN"",""zip"":""56560"",""website"":""https://bowlingsunset.com/"",""url"":""https://fargounderground.com/venue/sunset-lanes/"",""geo_lat"":46.8818938,""geo_lng"":-96.7431497,""show_map"":true,""show_map_link"":true}",[],"$13 per person. Grab some friends and head over to Sunset Lanes for Rock N Bowl. Sunset Lanes has Qubica’s deckpin lighting and cap lighting. The bar and kitchen are open all night long, so enjoy some food and drinks while you bowl. This event is fun for all ages.",,"{""url"":""https://fargounderground.com/wp-content/uploads/2025/09/rsw_1240h_620cg_true.webp"",""id"":263442,""extension"":""webp"",""width"":1240,""height"":620}","{""_ecp_custom_2"":{""label"":""Region"",""value"":""Moorhead""}}",false,false,,,2025-09-07 11:45:40,2025-09-07 16:45:40,true,true,,,
2026-09-30T20:20:26Z,fargounderground.com,https://fargounderground.com/wp-json/tribe/events/v1/events,101,10060686,fargounderground.com?id=10060686,Saturday Morning Family Skate,2028-09-16 10:00:00,2028-09-16 15:00:00,2028-09-16 12:00:00,2028-09-16 17:00:00,America/Chicago,false,false,publish,https://fargounderground.com/event/saturday-morning-family-skate/2028-09-16/,https://www.skatecitynd.com/2024/02/family-skate/,,$6,"{""currency_symbol"":""$"",""currency_code"":""USD"",""currency_position"":""prefix"",""values"":[""6""]}","[{""id"":1298,""name"":""Active &amp; Social Events"",""slug"":""active-social-events"",""parent"":909},{""id"":374,""name"":""Families &amp; Kids"",""slug"":""families-kids"",""parent"":361}]",[],"{""id"":145039,""global_id"":""fargounderground.com?id=145039"",""venue"":""Skate City ND"",""address"":""3302 Interstate Blvd S"",""city"":""Fargo"",""country"":""United States"",""province"":""North Dakota"",""zip"":""58103"",""website"":""skatecitynd.com"",""phone"":""(701) 235-0555"",""url"":""https://fargounderground.com/venue/skate-city-nd/"",""show_map"":true,""show_map_link"":true}",[],"Catering to families with young skaters, this Saturday morning session offers discounted admission for families along with age-appropriate music and skating aids at half off the regular price! Help for Our Youngest Skaters Our Family Skate is great for our newest skaters! We have Zippy Adjustable Skates, which go over the shoe, have a lower and wider wheel base, and roll more slowly. These are great for learning balance. We also rent Skate Mates for skaters aged 10 and under for $2.50 which is 1/2 off the regular price. Discounted Admission for All As families grow so do the expenses to go out and have fun together. We want to help and so during our Family Skate you can enjoy a lower admission at just $6 per skater. Don’t have your own skates? No problem! Rent your choice of inline or roller skates for just $4.00. Themed Skate Sessions Our Family Skate is a great session to host themed skates throughout the year. Whether celebrating a holiday or creating our own fun with a Superhero Skate, these can feature costumes, festivities and prizes, and themed music! Themed events may have special pricing on Admission.",,"{""url"":""https://fargounderground.com/wp-content/uploads/2025/09/family-skate-TV.png"",""id"":263376,""extension"":""png"",""width"":1920,""height"":1080}","{""_ecp_custom_2"":{""label"":""Region"",""value"":""Fargo""}}",false,false,,,2025-09-06 19:30:43,2025-09-07 00:30:43,true,true,,,
2026-09-30T20:20:26Z,fargounderground.com,https://fargounderground.com/wp-json/tribe/events/v1/events,101,10056796,fargounderground.com?id=10056796,Pickabob Grill & BBQ,2028-09-16 12:00:00,2028-09-16 17:00:00,2028-09-17 02:30:00,2028-09-17 07:30:00,America/Chicago,false,false,publish,https://fargounderground.com/event/pickabob-grill-bbq-3/2028-09-16/,,,,"{""currency_symbol"":""$"",""currency_code"":""USD"",""currency_position"":""prefix"",""values"":[]}","[{""id"":825,""name"":""Food Trucks"",""slug"":""food-trucks"",""parent"":372}]",[],"{""id"":160212,""global_id"":""fargounderground.com?id=160212"",""venue"":""Great Northern Park"",""address"":""425 Broadway N"",""city"":""Fargo"",""country"":""United States"",""province"":""North Dakota"",""zip"":""58102"",""url"":""https://fargounderground.com/venue/great-northern-park/"",""show_map"":true,""show_map_link"":true}",[],,,false,[],false,false,,,2023-06-16 10:54:49,2023-06-16 15:54:49,false,false,,,
2026-09-30T20:20:26Z,fargounderground.com,https://fargounderground.com/wp-json/tribe/events/v1/events,101,10060947,fargounderground.com?id=10060947,Saturday Night Special Skate,2028-09-16 18:00:00,2028-09-16 23:00:00,2028-09-16 21:00:00,2028-09-17 02:00:00,America/Chicago,false,false,publish,https://fargounderground.com/event/saturday-night-special-skate/2028-09-16/,https://www.skatecitynd.com/2025/08/saturday-night-special/,,$6,"{""currency_symbol"":""$"",""currency_code"":""USD"",""currency_position"":""prefix"",""values"":[""6""]}","[{""id"":1298,""name"":""Active &amp; Social Events"",""slug"":""active-social-events"",""parent"":909},{""id"":374,""name"":""Families &amp; Kids"",""slug"":""families-kids"",""parent"":361}]",[],"{""id"":145039,""global_id"":""fargounderground.com?id=145039"",""venue"":""Skate City ND"",""address"":""3302 Interstate Blvd S"",""city"":""Fargo"",""country"":""United States"",""province"":""North Dakota"",""zip"":""58103"",""website"":""skatecitynd.com"",""phone"":""(701) 235-0555"",""url"":""https://fargounderground.com/venue/skate-city-nd/"",""show_map"":true,""show_map_link"":true}",[],"Spend your Saturday Nights skating and jamming with us! Catering to families and skaters of all ages and skill levels. A perfect way to spend your weekend evening all while saving! 3-Hours of skating for just $6 per skater, plus $4.00 skate rental if needed. Family Night Out Saturday Night is a great way to get some weekend fun for the whole family at a great rate. Bring friends and extended family for good music, games and food! Groups & Clubs Whether you’re in a college club, book club or sports team, our group rates can’t be beaten! Reserve your group of 15 or more skaters at get admission for $6 per skater, which includes choice of rental! Birthday Celebrations Skating is the best way to celebrate another year around the sun. Book your party online then invite your friends and family for a party that will stand out from the rest. Parties start as low as just $149. For more information on our great packages – Click Here –",,"{""url"":""https://fargounderground.com/wp-content/uploads/2025/09/Saturday-Night-Special-TV-Slide-7.25-scaled-1-scaled.jpg"",""id"":263379,""extension"":""jpg"",""width"":2560,""height"":1451}","{""_ecp_custom_2"":{""label"":""Region"",""value"":""Fargo""}}",false,false,,,2025-09-06 19:33:55,2025-09-07 00:33:55,true,true,,,
2026-09-30T20:20:26Z,fargounderground.com,https://fargounderground.com/wp-json/tribe/events/v1/events,101,10059903,fargounderground.com?id=10059903,Adult Skate Night,2028-09-16 21:00:00,2028-09-17 02:00:00,2028-09-16 23:00:00,2028-09-17 04:00:00,America/Chicago,false,false,publish,https://fargounderground.com/event/adult-skate-night/2028-09-16/,https://www.skatecitynd.com/2025/08/adult-night/,,$10,"{""currency_symbol"":""$"",""currency_code"":""USD"",""currency_position"":""prefix"",""values"":[""10""]}","[{""id"":1298,""name"":""Active &amp; Social Events"",""slug"":""active-social-events"",""parent"":909},{""id"":909,""name"":""Entertainment"",""slug"":""entertainment"",""parent"":0},{""id"":359,""name"":""Nightlife"",""slug"":""nightlife"",""parent"":909}]",[],"{""id"":173814,""global_id"":""fargounderground.com?id=173814"",""venue"":""Skate City"",""address"":""3302 Interstate Blvd S"",""city"":""Fargo"",""country"":""United States"",""province"":""ND"",""zip"":""58103"",""website"":""https://skatecitynd.com/"",""phone"":""701-235-0555"",""url"":""https://fargounderground.com/venue/"",""geo_lat"":46.865252,""geo_lng"":-96.833748,""show_map"":true,""show_map_link"":true}",[],Catering to our adult crowd looking for a great Saturday Night! This is an 18+ Only Session with less games and more skating. Admission is $10. Skate rental is $4.00 if needed. Observing adults must pay admission.,,"{""url"":""https://fargounderground.com/wp-content/uploads/2025/09/Adult-Night-TV-Slide.jpeg"",""id"":263357,""extension"":""jpeg"",""width"":1920,""height"":1080}","{""_ecp_custom_2"":{""label"":""Region"",""value"":""Fargo""}}",false,false,,,2025-09-06 19:06:57,2025-09-07 00:06:57,true,true,,,
2026-09-30T20:20:26Z,fargounderground.com,https://fargounderground.com/wp-json/tribe/events/v1/events,101,10065067,fargounderground.com?id=10065067,Alibi Karaoke,2028-09-16 21:00:00,2028-09-17 02:00:00,2028-09-17 01:00:00,2028-09-17 06:00:00,America/Chicago,false,false,publish,https://fargounderground.com/event/alibi-karaoke/2028-09-16/,https://fargonddj.com/event/6277439/737366223/alibi-karaoke,,,"{""currency_symbol"":""$"",""currency_code"":""USD"",""currency_position"":""prefix"",""values"":[]}","[{""id"":368,""name"":""Karaoke"",""slug"":""karaoke"",""parent"":909},{""id"":359,""name"":""Nightlife"",""slug"":""nightlife"",""parent"":909}]","[{""name"":""drinks"",""slug"":""drinks"",""term_group"":0,""term_taxonomy_id"":74,""taxonomy"":""post_tag"",""description"":"""",""parent"":0,""count"":21,""filter"":""raw"",""id"":74,""urls"":{""self"":""https://fargounderground.com/wp-json/tribe/events/v1/tags/74"",""collection"":""https://fargounderground.com/wp-json/tribe/events/v1/tags""}},{""name"":""Music"",""slug"":""music"",""term_group"":0,""term_taxonomy_id"":29,""taxonomy"":""post_tag"",""description"":"""",""parent"":0,""count"":26,""filter"":""raw"",""id"":29,""urls"":{""self"":""https://fargounderground.com/wp-json/tribe/events/v1/tags/29"",""collection"":""https://fargounderground.com/wp-json/tribe/events/v1/tags""}}]","{""id"":148614,""global_id"":""fargounderground.com?id=148614"",""venue"":""Alibi Lounge"",""address"":""1340 21st Ave S"",""city"":""Fargo"",""province"":""ND"",""zip"":""58103"",""website"":""https://alibi-lounge.business.site/"",""phone"":""(701) 235-3141"",""url"":""https://fargounderground.com/venue/alibi-lounge/"",""geo_lat"":46.8463963,""geo_lng"":-96.8004683,""show_map"":false,""show_map_link"":false}","[{""id"":180416,""global_id"":""fargounderground.com?id=180416"",""organizer"":""D&amp;J Music + Karaoke"",""url"":""https://fargounderground.com/organizer/"",""website"":""https://djmusickaraoke.com/"",""phone"":""‪(701) 566-9525‬"",""email"":""info@djmusickaraoke.com""}]","Join us for another night of Saturday Night Madness including but not limited to drinks, music and gambling at The Alibi Lounge located inside the legendary Baymont Inn, South University Drive Fargo. Bring friends, make friends, and prepare yourself for a night to remember.",,"{""url"":""https://fargounderground.com/wp-content/uploads/2025/10/IMG_6023.jpeg"",""id"":278949,""extension"":""jpeg"",""width"":828,""height"":987}","{""_ecp_custom_2"":{""label"":""Region"",""value"":""Fargo""}}",false,false,,,2025-10-08 11:20:43,2025-10-08 16:20:43,true,true,,,
2026-09-30T20:20:26Z,fargounderground.com,https://fargounderground.com/wp-json/tribe/events/v1/events,101,10028926,fargounderground.com?id=10028926,Karaoke at Dempsey’s,2028-09-16 21:00:00,2028-09-17 02:00:00,2028-09-17 02:00:00,2028-09-17 07:00:00,America/Chicago,false,false,publish,https://fargounderground.com/event/karaoke-at-dempseys-59-2/2028-09-16/,,,Free,"{""currency_symbol"":""$"",""currency_code"":""USD"",""currency_position"":""prefix"",""values"":[""free""]}","[{""id"":368,""name"":""Karaoke"",""slug"":""karaoke"",""parent"":909}]",[],"{""id"":91157,""global_id"":""fargounderground.com?id=91157"",""venue"":""Dempsey’s Public House"",""address"":""226 Broadway N"",""city"":""Fargo"",""country"":""United States"",""province"":""ND"",""zip"":""58102"",""website"":""https://dempseysfargo.com/"",""url"":""https://fargounderground.com/venue/dempseys-public-house-2/"",""geo_lat"":46.8789764,""geo_lng"":-96.7882596,""show_map"":true,""show_map_link"":true}",[],"Dempsey’s has been named the Best Karaoke bar in Fargo for a reason! Sing your heart out during our FREE Karaoke night, every Tuesday and Saturday. It’s legendary!",,"{""url"":""https://fargounderground.com/wp-content/uploads/2022/11/karaoke-dempseys-0BUCH0.tmp_.png"",""id"":142666,""extension"":""png"",""width"":945,""height"":532}",[],false,false,,,2023-09-18 17:10:07,2023-09-18 22:10:07,false,false,,,
2026-09-30T20:20:26Z,fargounderground.com,https://fargounderground.com/wp-json/tribe/events/v1/events,101,10035132,fargounderground.com?id=10035132,Saturday Night Karaoke,2028-09-16 21:00:00,2028-09-17 02:00:00,2028-09-17 01:00:00,2028-09-17 06:00:00,America/Chicago,false,false,publish,https://fargounderground.com/event/saturday-night-karaoke/2028-09-16/,https://djtonyfalcon.com/events,,Free,"{""currency_symbol"":""$"",""currency_code"":""USD"",""currency_position"":""prefix"",""values"":[""0""]}","[{""id"":368,""name"":""Karaoke"",""slug"":""karaoke"",""parent"":909}]",[],"{""id"":148614,""global_id"":""fargounderground.com?id=148614"",""venue"":""Alibi Lounge"",""address"":""1340 21st Ave S"",""city"":""Fargo"",""province"":""ND"",""zip"":""58103"",""website"":""https://alibi-lounge.business.site/"",""phone"":""(701) 235-3141"",""url"":""https://fargounderground.com/venue/alibi-lounge/"",""geo_lat"":46.8463963,""geo_lng"":-96.8004683,""show_map"":false,""show_map_link"":false}","[{""id"":180416,""global_id"":""fargounderground.com?id=180416"",""organizer"":""D&amp;J Music + Karaoke"",""url"":""https://fargounderground.com/organizer/"",""website"":""https://djmusickaraoke.com/"",""phone"":""‪(701) 566-9525‬"",""email"":""info@djmusickaraoke.com""}]","Join DJ Tony Falcon for another night of Saturday Night Madness including but not limited to drinks, music and gambling at The Alibi Lounge located inside the legendary Baymont Inn, South University Drive Fargo. Bring friends, make friends, and prepare yourself for a night to remember. Mics are sanitized after every use.",,"{""url"":""https://fargounderground.com/wp-content/uploads/2024/01/417100139_860174092779522_3296353275171812107_n-jpg-webp.webp"",""id"":180465,""extension"":""webp"",""width"":960,""height"":556}","{""_ecp_custom_2"":{""label"":""Region"",""value"":""Fargo""}}",false,false,,,2025-08-24 12:42:10,2025-08-24 17:42:10,true,true,,,
2026-09-30T20:20:26Z,fargounderground.com,https://fargounderground.com/wp-json/tribe/events/v1/events,101,10029186,fargounderground.com?id=10029186,Vic’s Karaoke,2028-09-16 21:00:00,2028-09-17 02:00:00,2028-09-17 02:00:00,2028-09-17 07:00:00,America/Chicago,false,false,publish,https://fargounderground.com/event/vics-karaoke-2-2/2028-09-16/,,,Free,"{""currency_symbol"":""$"",""currency_code"":""USD"",""currency_position"":""prefix"",""values"":[""0""]}","[{""id"":368,""name"":""Karaoke"",""slug"":""karaoke"",""parent"":909}]",[],"{""id"":92621,""global_id"":""fargounderground.com?id=92621"",""venue"":""Vic&#8217;s Bar and Grill"",""address"":""1608 Main Avenue"",""city"":""Moorhead"",""country"":""United States"",""state"":""MN"",""zip"":""56560"",""phone"":""(218) 236-7714"",""url"":""https://fargounderground.com/venue/vics-lounge/"",""geo_lat"":46.8752849,""geo_lng"":-96.7729609,""show_map"":true,""show_map_link"":true}",[],"Join us Saturday nights at Vic’s for karaoke! The singing kicks off at 9 PM, but be sure to come early for the awesome specials!",,"{""url"":""https://fargounderground.com/wp-content/uploads/2023/09/429820599_908393177961600_6854180573421060203_n-jpg.webp"",""id"":189042,""extension"":""webp"",""width"":2048,""height"":1152}",[],false,false,,,2024-03-31 10:42:51,2024-03-31 15:42:51,false,false,,,
2026-09-30T20:20:26Z,fargounderground.com,https://fargounderground.com/wp-json/tribe/events/v1/events,101,10061368,fargounderground.com?id=10061368,Cosmic Bowling,2028-09-16 21:30:00,2028-09-17 02:30:00,2028-09-17 00:00:00,2028-09-17 05:00:00,America/Chicago,false,false,publish,https://fargounderground.com/event/cosmic-bowling/2028-09-16/,,,$15,"{""currency_symbol"":""$"",""currency_code"":""USD"",""currency_position"":""prefix"",""values"":[""15""]}","[{""id"":1298,""name"":""Active &amp; Social Events"",""slug"":""active-social-events"",""parent"":909},{""id"":374,""name"":""Families &amp; Kids"",""slug"":""families-kids"",""parent"":361}]",[],"{""id"":263439,""global_id"":""fargounderground.com?id=263439"",""venue"":""West Acres Bowl"",""address"":""3402 Interstate Blvd S"",""city"":""Fargo"",""country"":""United States"",""state"":""ND"",""zip"":""58103"",""phone"":""701-235-4437"",""url"":""https://fargounderground.com/venue/west-acres-bowl/"",""geo_lat"":46.8637495,""geo_lng"":-96.8363583,""show_map"":true,""show_map_link"":true}",[],"Get ready for an out-of-this-world experience at West Acres Bowl with Cosmic Bowling every Friday and Saturday night! 🌌 From 9:30 PM to Midnight, the lights go down and the blacklights turn up. Bowl to the rhythm of great music and enjoy a unique, high-energy atmosphere. Perfect for a night out with friends, a fun date, or a late-night family activity. No reservations are needed—just show up and get ready to glow!",,"{""url"":""https://fargounderground.com/wp-content/uploads/2025/09/Cosmic-Bowling.jpg"",""id"":263436,""extension"":""jpg"",""width"":2348,""height"":1536}","{""_ecp_custom_2"":{""label"":""Region"",""value"":""Fargo""}}",false,false,,,2025-09-07 11:39:17,2025-09-07 16:39:17,true,true,,,
2026-09-30T20:20:26Z,fargounderground.com,https://fargounderground.com/wp-json/tribe/events/v1/events,101,10039972,fargounderground.com?id=10039972,Karaoke at Rhombus Guys,2028-09-16 22:00:00,2028-09-17 03:00:00,2028-09-17 22:00:00,2028-09-18 03:00:00,America/Chicago,false,false,publish,https://fargounderground.com/event/karaoke-at-rhombus-guys/2028-09-16/,,,Free,"{""currency_symbol"":""$"",""currency_code"":"""",""currency_position"":""prefix"",""values"":[""0""]}","[{""id"":368,""name"":""Karaoke"",""slug"":""karaoke"",""parent"":909}]",[],"{""id"":45546,""global_id"":""fargounderground.com?id=45546"",""venue"":""Rhombus Guys Pizza"",""address"":""606 Main Ave"",""city"":""Fargo"",""country"":""United States"",""province"":""ND"",""zip"":""58103"",""url"":""https://fargounderground.com/venue/winter-pride-trivia-game-night/"",""geo_lat"":46.8740978,""geo_lng"":-96.7884067,""show_map"":true,""show_map_link"":true}",[],Free Karaoke every Saturday from 10pm to 1am with Khook Entertainment!,,"{""url"":""https://fargounderground.com/wp-content/uploads/2024/02/Facebook-Logo.png"",""id"":183987,""extension"":""png"",""width"":1000,""height"":1000}","{""_ecp_custom_2"":{""label"":""Region"",""value"":""Fargo""}}",false,false,,,2024-02-14 10:07:21,2024-02-14 16:07:21,true,true,,,
2026-09-30T20:20:26Z,fargounderground.com,https://fargounderground.com/wp-json/tribe/events/v1/events,101,10061890,fargounderground.com?id=10061890,Rock N Bowl,2028-09-16 22:00:00,2028-09-17 03:00:00,2028-09-17 00:00:00,2028-09-17 05:00:00,America/Chicago,false,false,publish,https://fargounderground.com/event/rock-n-bowl/2028-09-16/,https://bowlingsunset.com/rock-n-bowl,,$13,"{""currency_symbol"":""$"",""currency_code"":""USD"",""currency_position"":""prefix"",""values"":[""13""]}","[{""id"":1298,""name"":""Active &amp; Social Events"",""slug"":""active-social-events"",""parent"":909},{""id"":372,""name"":""Food &amp; Drink"",""slug"":""food-drink"",""parent"":0}]",[],"{""id"":146365,""global_id"":""fargounderground.com?id=146365"",""venue"":""Sunset Lanes"",""address"":""620 U.S. 75"",""city"":""Moorhead"",""country"":""United States"",""province"":""MN"",""state"":""MN"",""zip"":""56560"",""website"":""https://bowlingsunset.com/"",""url"":""https://fargounderground.com/venue/sunset-lanes/"",""geo_lat"":46.8818938,""geo_lng"":-96.7431497,""show_map"":true,""show_map_link"":true}",[],"$13 per person. Grab some friends and head over to Sunset Lanes for Rock N Bowl. Sunset Lanes has Qubica’s deckpin lighting and cap lighting. The bar and kitchen are open all night long, so enjoy some food and drinks while you bowl. This event is fun for all ages.",,"{""url"":""https://fargounderground.com/wp-content/uploads/2025/09/rsw_1240h_620cg_true.webp"",""id"":263442,""extension"":""webp"",""width"":1240,""height"":620}","{""_ecp_custom_2"":{""label"":""Region"",""value"":""Moorhead""}}",false,false,,,2025-09-07 11:45:40,2025-09-07 16:45:40,true,true,,,
2026-09-30T20:20:26Z,fargounderground.com,https://fargounderground.com/wp-json/tribe/events/v1/events,101,10034320,fargounderground.com?id=10034320,Open Mic,2028-09-17 18:00:00,2028-09-17 23:00:00,2028-09-17 22:00:00,2028-09-18 03:00:00,America/Chicago,false,false,publish,https://fargounderground.com/event/open-mic/2028-09-17/,,,Free,"{""currency_symbol"":""$"",""currency_code"":"""",""currency_position"":""prefix"",""values"":[""0""]}","[{""id"":360,""name"":""Live Music"",""slug"":""live-music"",""parent"":0},{""id"":369,""name"":""Open Mic &amp; Jam"",""slug"":""open-mic-jam"",""parent"":909}]",[],"{""id"":104370,""global_id"":""fargounderground.com?id=104370"",""venue"":""Cowboy Jack&#8217;s"",""address"":""506 Broadway"",""city"":""Fargo"",""province"":""ND"",""zip"":""58102"",""website"":""https://downtownfargo.com/venue/cowboy-jacks/"",""url"":""https://fargounderground.com/venue/cowboy-jacks/"",""geo_lat"":46.881414,""geo_lng"":-96.788091,""show_map"":true,""show_map_link"":true}",[],Live music and great food! Can’t wait to see you there!,,"{""url"":""https://fargounderground.com/wp-content/uploads/2023/12/410021949_813755527423771_7670712905895671685_n-jpg-webp.webp"",""id"":177707,""extension"":""webp"",""width"":526,""height"":526}","{""_ecp_custom_2"":{""label"":""Region"",""value"":""Fargo""}}",false,false,,,2023-12-11 09:39:16,2023-12-11 15:39:16,true,true,,,
2026-09-30T20:20:26Z,fargounderground.com,https://fargounderground.com/wp-json/tribe/events/v1/events,101,10049342,fargounderground.com?id=10049342,Monday Meetups for Adults,2028-09-18 18:00:00,2028-09-18 23:00:00,2028-09-18 20:00:00,2028-09-19 01:00:00,America/Chicago,false,false,publish,https://fargounderground.com/event/monday-meetups-for-adults/2028-09-18/,https://larl.org/mondaymeetup,,Free,"{""currency_symbol"":""$"",""currency_code"":""USD"",""currency_position"":""prefix"",""values"":[""0""]}","[{""id"":677,""name"":""Clubs &amp; Groups"",""slug"":""clubs-groups"",""parent"":361},{""id"":364,""name"":""Crafts &amp; Hobbies"",""slug"":""arts-crafts"",""parent"":428},{""id"":367,""name"":""Gaming &amp; Tabletop"",""slug"":""games"",""parent"":909},{""id"":429,""name"":""Literary Arts"",""slug"":""books-readings"",""parent"":428}]",[],"{""id"":91017,""global_id"":""fargounderground.com?id=91017"",""venue"":""Moorhead Public Library"",""address"":""118 5th St S"",""city"":""Moorhead"",""country"":""United States"",""province"":""MN"",""state"":""MN"",""zip"":""56560"",""website"":""https://larl.org/"",""phone"":""(218) 233-7594"",""url"":""https://fargounderground.com/venue/moorhead-public-library/"",""geo_lat"":46.873097,""geo_lng"":-96.771756,""show_map"":true,""show_map_link"":true}","[{""id"":186176,""global_id"":""fargounderground.com?id=186176"",""organizer"":""Moorhead Public Library"",""url"":""https://fargounderground.com/organizer/"",""website"":""https://larl.org/locations/moorhead/"",""phone"":""218-233-7594"",""email"":""mhreference@larl.org""}]","Meet up and chat with others with similar interests. Come with friends, or make some new ones! Refreshments will be provided. Check the calendar for updates – https://larl.org/mondaymeetup/ First Monday of the Month – Craft Connection Join us to get cozy, craft and chat! This is an opportunity to leave distractions behind and focus on your craft. Bring whatever project you are working on and meet up with other local crafters. You can share your expertise, learn from others or just enjoy some distraction-free time to yourself. Refreshments will be provided. Second Monday of the Month – Best Sellers Book Club Join the Moorhead Public Library’s Best Sellers Book Club and see what the buzz is about in the latest popular books! Third Monday of the Month – Game Night Join us to get cozy, play games, and chat! This is an opportunity to meet up with others who enjoy playing games. Come with friends, or make some new ones! Bring your favorite card or board game, or try one of ours! Refreshments will be provided. Fourth Monday of the Month – Silent Reading Club Join us at the Moorhead Library for quiet, sustained reading at our new Silent Book Club! All readers are welcome—ebooks or audiobooks, poetry or prose, fiction or non-fiction… it’s BYOBook. The library will provide comfortable seating and light refreshments. Fifth Monday of the Month – Guided Activity Join us each month for different activities lead by experts in their respective disciplines. Any needed supplies will be provided.",,"{""url"":""https://fargounderground.com/wp-content/uploads/2024/10/MHD-all-Monday-Meetups-2024-Website-Graphic-scaled-1.jpg"",""id"":257979,""extension"":""jpg"",""width"":2560,""height"":1440}","{""_ecp_custom_2"":{""label"":""Region"",""value"":""Moorhead""}}",false,false,,,2025-07-29 11:46:45,2025-07-29 16:46:45,true,true,,,
2026-09-30T20:20:26Z,fargounderground.com,https://fargounderground.com/wp-json/tribe/events/v1/events,101,10062594,fargounderground.com?id=10062594,Jazz Night at Sidestreet,2028-09-18 19:00:00,2028-09-19 00:00:00,2028-09-18 21:00:00,2028-09-19 02:00:00,America/Chicago,false,false,publish,https://fargounderground.com/event/jazz-night-at-sidestreet-2/2028-09-18/,https://www.fargopartyof3.com/sidestreet.html,,Free,"{""currency_symbol"":""$"",""currency_code"":""USD"",""currency_position"":""prefix"",""values"":[""0""]}","[{""id"":412,""name"":""Culture &amp; Heritage"",""slug"":""culture"",""parent"":428},{""id"":909,""name"":""Entertainment"",""slug"":""entertainment"",""parent"":0},{""id"":372,""name"":""Food &amp; Drink"",""slug"":""food-drink"",""parent"":0},{""id"":591,""name"":""Jazz &amp; Blues"",""slug"":""jazz-blues"",""parent"":360}]",[],"{""id"":93912,""global_id"":""fargounderground.com?id=93912"",""venue"":""SIdestreet Grille &#038; Pub"",""address"":""404 4th ave N"",""city"":""Fargo"",""province"":""ND"",""state"":""ND"",""zip"":""58102"",""website"":""https://downtownfargo.com/venue/sidestreet-grille-pub/"",""url"":""https://fargounderground.com/venue/sidestreet-grille-pub-3/"",""geo_lat"":46.8798407,""geo_lng"":-96.7849167,""show_map"":true,""show_map_link"":true}",[],"Start your week on a high note with Jazz Night at Sidestreet Grille & Pub! Every Monday from 7 to 9 p.m., the pub transforms into a cozy jazz club, featuring talented local musicians. Grab a seat, enjoy a delicious meal, and unwind with the smooth sounds of live jazz. It’s the perfect way to relax and appreciate the local music scene.",,"{""url"":""https://fargounderground.com/wp-content/uploads/2023/10/jazznights-2023aug-dec_orig-e1698696620909-0UgB44.tmp_-jpg-webp.webp"",""id"":174098,""extension"":""webp"",""width"":425,""height"":224}","{""_ecp_custom_2"":{""label"":""Region"",""value"":""Fargo""}}",false,false,,,2025-09-08 12:40:56,2025-09-08 17:40:56,true,true,,,
2026-09-30T20:20:26Z,fargounderground.com,https://fargounderground.com/wp-json/tribe/events/v1/events,101,10065723,fargounderground.com?id=10065723,Open Mic Night at Front Street Taproom,2028-09-18 20:00:00,2028-09-19 01:00:00,2028-09-18 23:00:00,2028-09-19 04:00:00,America/Chicago,false,false,publish,https://fargounderground.com/event/open-mic-night-at-front-street-taproom/2028-09-18/,https://www.facebook.com/events/638022304704240/638022361370901/,,Free,"{""currency_symbol"":"""",""currency_code"":"""",""currency_position"":"""",""values"":[""free""]}","[{""id"":360,""name"":""Live Music"",""slug"":""live-music"",""parent"":0},{""id"":369,""name"":""Open Mic &amp; Jam"",""slug"":""open-mic-jam"",""parent"":909}]","[{""name"":""downtown Fargo"",""slug"":""downtown-fargo"",""term_group"":0,""term_taxonomy_id"":49,""taxonomy"":""post_tag"",""description"":"""",""parent"":0,""count"":102,""filter"":""raw"",""id"":49,""urls"":{""self"":""https://fargounderground.com/wp-json/tribe/events/v1/tags/49"",""collection"":""https://fargounderground.com/wp-json/tribe/events/v1/tags""}},{""name"":""Fargo"",""slug"":""fargo"",""term_group"":0,""term_taxonomy_id"":240,""taxonomy"":""post_tag"",""description"":"""",""parent"":0,""count"":52,""filter"":""raw"",""id"":240,""urls"":{""self"":""https://fargounderground.com/wp-json/tribe/events/v1/tags/240"",""collection"":""https://fargounderground.com/wp-json/tribe/events/v1/tags""}},{""name"":""Live music"",""slug"":""live-music"",""term_group"":0,""term_taxonomy_id"":45,""taxonomy"":""post_tag"",""description"":"""",""parent"":0,""count"":81,""filter"":""raw"",""id"":45,""urls"":{""self"":""https://fargounderground.com/wp-json/tribe/events/v1/tags/45"",""collection"":""https://fargounderground.com/wp-json/tribe/events/v1/tags""}}]","{""id"":20933,""global_id"":""fargounderground.com?id=20933"",""venue"":""Front Street Taproom"",""address"":""614 Main Ave"",""city"":""Fargo"",""province"":""ND"",""state"":""ND"",""zip"":""58102"",""website"":""https://downtownfargo.com/venue/front-street-taproom/"",""url"":""https://fargounderground.com/venue/front-street-taproom-2/"",""geo_lat"":46.87428,""geo_lng"":-96.78883,""show_map"":true,""show_map_link"":true}",[],"Hosted by Travis Neros Every Monday at 8pm Come hangout and listen to live music, readings, and/or comedy! (If you’re wanting to sign-up come closer to the beginning, if you can)",,"{""url"":""https://fargounderground.com/wp-content/uploads/2023/01/339625439_693036622509731_7407905951526191323_n-jpg-webp.webp"",""id"":156207,""extension"":""webp"",""width"":1201,""height"":629}",[],false,false,,,2023-09-05 14:16:16,2023-09-05 19:16:16,true,true,,,
2026-09-30T20:20:26Z,fargounderground.com,https://fargounderground.com/wp-json/tribe/events/v1/events,101,10053512,fargounderground.com?id=10053512,Tea Time Tuesdays,2028-09-19 08:30:00,2028-09-19 13:30:00,2028-09-19 09:30:00,2028-09-19 14:30:00,America/Chicago,false,false,publish,https://fargounderground.com/event/tea-time-tuesdays/2028-09-19/,,,,"{""currency_symbol"":""$"",""currency_code"":""USD"",""currency_position"":""prefix"",""values"":[]}","[{""id"":649,""name"":""Business"",""slug"":""business"",""parent"":361}]",[],"{""id"":150796,""global_id"":""fargounderground.com?id=150796"",""venue"":""The Daily Dose Fargo"",""address"":""3223 13th Ave S"",""city"":""Fargo"",""country"":""United States"",""province"":""North Dakota"",""zip"":""58103"",""url"":""https://fargounderground.com/venue/the-daily-dose-fargo/"",""show_map"":true,""show_map_link"":true}",[],"Come and join us every Tuesday from 8:30-9:30am. Let’s connect, meet, network, caffeinate and reboot for the week! Networking is free and open to anyone willing to network!",,"{""url"":""https://fargounderground.com/wp-content/uploads/2023/02/326953771_5843143202437407_8499174753929495889_n-jpg-webp.webp"",""id"":150797,""extension"":""webp"",""width"":960,""height"":541}",[],false,false,,,2023-02-21 16:21:55,2023-02-21 22:21:55,false,false,,,
2026-09-30T20:20:26Z,fargounderground.com,https://fargounderground.com/wp-json/tribe/events/v1/events,101,10056409,fargounderground.com?id=10056409,Pickabob Grill & BBQ,2028-09-19 11:00:00,2028-09-19 16:00:00,2028-09-19 22:00:00,2028-09-20 03:00:00,America/Chicago,false,false,publish,https://fargounderground.com/event/pickabob-grill-bbq/2028-09-19/,,,,"{""currency_symbol"":""$"",""currency_code"":""USD"",""currency_position"":""prefix"",""values"":[]}","[{""id"":825,""name"":""Food Trucks"",""slug"":""food-trucks"",""parent"":372}]",[],"{""id"":160212,""global_id"":""fargounderground.com?id=160212"",""venue"":""Great Northern Park"",""address"":""425 Broadway N"",""city"":""Fargo"",""country"":""United States"",""province"":""North Dakota"",""zip"":""58102"",""url"":""https://fargounderground.com/venue/great-northern-park/"",""show_map"":true,""show_map_link"":true}",[],,,false,[],false,false,,,2023-06-16 10:57:07,2023-06-16 15:57:07,false,false,,,
2026-09-30T20:20:26Z,fargounderground.com,https://fargounderground.com/wp-json/tribe/events/v1/events,101,10045637,fargounderground.com?id=10045637,Suite Shots Trivia Night,2028-09-19 18:00:00,2028-09-19 23:00:00,2028-09-19 20:00:00,2028-09-20 01:00:00,America/Chicago,false,false,publish,https://fargounderground.com/event/suite-shots-trivia-night-9/2028-09-19/,,,Free,"{""currency_symbol"":""$"",""currency_code"":""USD"",""currency_position"":""prefix"",""values"":[""free""]}","[{""id"":370,""name"":""Trivia &amp; Bingo"",""slug"":""trivia"",""parent"":909}]",[],"{""id"":165649,""global_id"":""fargounderground.com?id=165649"",""venue"":""Suite Shots"",""address"":""3400 James Way S"",""city"":""Fargo"",""country"":""United States"",""province"":""ND"",""state"":""ND"",""zip"":""58104"",""website"":""https://suiteshots.com/venue/suite-shots/"",""phone"":""(701) 532-4653"",""url"":""https://fargounderground.com/venue/suite-shots/"",""geo_lat"":46.8072058,""geo_lng"":-96.8355331,""show_map"":true,""show_map_link"":true}",[],"Every Tuesday, showcase your vast knowledge (both useful & useless) & compete for fantastic Suite Shots prizes! 🏆 Join us at 6 pm for an evening of brain-teasing fun! 🧠💡 But before the trivia begins, don’t miss our Happy Hour from 3:30-6:30 pm. 🍻 PLUS, if you’re craving some delicious tacos, we’ve got you covered with $4 Walleye Tacos & $4 Specialty Tacos changed monthly. 🌮",,"{""url"":""https://fargounderground.com/wp-content/uploads/2023/09/359314893_753992756729627_4984377186369470435_n-jpg-webp.webp"",""id"":169720,""extension"":""webp"",""width"":1080,""height"":1080}",[],false,false,,,2024-05-15 16:02:56,2024-05-15 21:02:56,true,true,,,
2026-09-30T20:20:26Z,fargounderground.com,https://fargounderground.com/wp-json/tribe/events/v1/events,101,10042168,fargounderground.com?id=10042168,Tuesday Night Trivia at the Sidestreet,2028-09-19 19:00:00,2028-09-20 00:00:00,2028-09-19 21:00:00,2028-09-20 02:00:00,America/Chicago,false,false,publish,https://fargounderground.com/event/tuesday-night-trivia-at-the-sidestreet-2/2028-09-19/,,,Free,"{""currency_symbol"":""$"",""currency_code"":""USD"",""currency_position"":""prefix"",""values"":[""0""]}","[{""id"":370,""name"":""Trivia &amp; Bingo"",""slug"":""trivia"",""parent"":909}]",[],"{""id"":20005,""global_id"":""fargounderground.com?id=20005"",""venue"":""Sidestreet Grille &amp; Pub"",""address"":""404 4th Ave N"",""city"":""Fargo"",""country"":""United States"",""province"":""ND"",""state"":""ND"",""zip"":""58102-4810"",""website"":""https://www.facebook.com/SidestreetGrilleandPub/"",""url"":""https://fargounderground.com/venue/sidestreet-grille-pub/"",""geo_lat"":46.8798407,""geo_lng"":-96.7849167,""show_map"":true,""show_map_link"":true}",[],Hey There & Howdy Trivia Hounds! Tuesdays just got that much better with Two Lanterns Trivia at the Sidestreet in Downtown Fargo! Test your trivial knowledge for the chance to win FREE drinks or get ZONKED with everybody’s favorite Game-within-the-Game “WHAT’S IN THE BAG?!” Grand Prize Winners get a $20.00 GIFT CARD! Come on out…It’s sure to be a fun time!,,"{""url"":""https://fargounderground.com/wp-content/uploads/2023/04/340613979_592852209440315_7275928061751749308_n-jpg-webp.webp"",""id"":157565,""extension"":""webp"",""width"":1200,""height"":630}",[],false,false,,,2024-03-05 17:07:55,2024-03-05 23:07:55,false,false,,,
2026-09-30T20:20:26Z,fargounderground.com,https://fargounderground.com/wp-json/tribe/events/v1/events,101,10056185,fargounderground.com?id=10056185,Boss’ Comedy Club Open Mic,2028-09-19 20:00:00,2028-09-20 01:00:00,2028-09-19 23:00:00,2028-09-20 04:00:00,America/Chicago,false,false,publish,https://fargounderground.com/event/boss-comedy-club-open-mic-2/2028-09-19/,,,Free,"{""currency_symbol"":""$"",""currency_code"":""USD"",""currency_position"":""prefix"",""values"":[""0""]}","[{""id"":432,""name"":""Comedy"",""slug"":""comedy-arts-entertainment"",""parent"":909},{""id"":369,""name"":""Open Mic &amp; Jam"",""slug"":""open-mic-jam"",""parent"":909}]",[],"{""id"":144938,""global_id"":""fargounderground.com?id=144938"",""venue"":""Boss&#8217; Comedy Club Fargo"",""address"":""228 Broadway N"",""city"":""Fargo"",""country"":""United States"",""province"":""North Dakota"",""zip"":""58102"",""website"":""https://www.bosspizzaandchicken.com/"",""phone"":""(701) 997-2677"",""url"":""https://fargounderground.com/venue/boss-comedy-club-fargo/"",""show_map"":true,""show_map_link"":true}",[],Come out this Thursday and enjoy the areas best comedians work on their Material… For Free! Want to try stand-up comedy yourself? First Timers & New Comedians are always encouraged. While you’re here enjoy Boss’s Full Menu also available in the Comedy Club. Sign up at 7:30 pm. Show at 8 pm. All are welcome!,,"{""url"":""https://fargounderground.com/wp-content/uploads/2022/12/boss-comedy-club-jpg-webp.webp"",""id"":144939,""extension"":""webp"",""width"":1420,""height"":640}",[],false,false,,,2023-04-27 14:31:21,2023-04-27 19:31:21,false,false,,,
2026-09-30T20:20:26Z,fargounderground.com,https://fargounderground.com/wp-json/tribe/events/v1/events,101,10065356,fargounderground.com?id=10065356,Open Mic Comedy,2028-09-19 20:00:00,2028-09-20 01:00:00,2028-09-19 22:00:00,2028-09-20 03:00:00,America/Chicago,false,false,publish,https://fargounderground.com/event/open-mic-comedy-6/2028-09-19/,https://www.facebook.com/Bosscomedyclubfargo/,,,"{""currency_symbol"":"""",""currency_code"":"""",""currency_position"":""prefix"",""values"":[]}","[{""id"":432,""name"":""Comedy"",""slug"":""comedy-arts-entertainment"",""parent"":909},{""id"":369,""name"":""Open Mic &amp; Jam"",""slug"":""open-mic-jam"",""parent"":909}]",[],"{""id"":144938,""global_id"":""fargounderground.com?id=144938"",""venue"":""Boss&#8217; Comedy Club Fargo"",""address"":""228 Broadway N"",""city"":""Fargo"",""country"":""United States"",""province"":""North Dakota"",""zip"":""58102"",""website"":""https://www.bosspizzaandchicken.com/"",""phone"":""(701) 997-2677"",""url"":""https://fargounderground.com/venue/boss-comedy-club-fargo/"",""show_map"":true,""show_map_link"":true}",[],Open Mic Comedy at Boss’s Every Tuesday Night Try your hand on the stage for free! Sign up at 7:30 pm; Mic Starts at 8 pm,,"{""url"":""https://fargounderground.com/wp-content/uploads/2023/08/Boss-Comedy-Open-Mic-jpg-webp.webp"",""id"":168876,""extension"":""webp"",""width"":1420,""height"":640}",[],false,false,,,2023-09-05 14:26:50,2023-09-05 19:26:50,false,false,,,
2026-09-30T20:20:26Z,fargounderground.com,https://fargounderground.com/wp-json/tribe/events/v1/events,101,10066853,fargounderground.com?id=10066853,Karaoke at Dempsey’s,2028-09-19 21:00:00,2028-09-20 02:00:00,2028-09-20 02:00:00,2028-09-20 07:00:00,America/Chicago,false,false,publish,https://fargounderground.com/event/karaoke-at-dempseys-59-2/2028-09-19/,,,Free,"{""currency_symbol"":""$"",""currency_code"":""USD"",""currency_position"":""prefix"",""values"":[""free""]}","[{""id"":368,""name"":""Karaoke"",""slug"":""karaoke"",""parent"":909}]",[],"{""id"":91157,""global_id"":""fargounderground.com?id=91157"",""venue"":""Dempsey’s Public House"",""address"":""226 Broadway N"",""city"":""Fargo"",""country"":""United States"",""province"":""ND"",""zip"":""58102"",""website"":""https://dempseysfargo.com/"",""url"":""https://fargounderground.com/venue/dempseys-public-house-2/"",""geo_lat"":46.8789764,""geo_lng"":-96.7882596,""show_map"":true,""show_map_link"":true}",[],"Dempsey’s has been named the Best Karaoke bar in Fargo for a reason! Sing your heart out during our FREE Karaoke night, every Tuesday and Saturday. It’s legendary!",,"{""url"":""https://fargounderground.com/wp-content/uploads/2022/11/karaoke-dempseys-0BUCH0.tmp_.png"",""id"":142666,""extension"":""png"",""width"":945,""height"":532}",[],false,false,,,2023-09-18 17:10:07,2023-09-18 22:10:07,false,false,,,
2026-09-30T20:20:26Z,fargounderground.com,https://fargounderground.com/wp-json/tribe/events/v1/events,101,10056410,fargounderground.com?id=10056410,Pickabob Grill & BBQ,2028-09-20 11:00:00,2028-09-20 16:00:00,2028-09-20 22:00:00,2028-09-21 03:00:00,America/Chicago,false,false,publish,https://fargounderground.com/event/pickabob-grill-bbq/2028-09-20/,,,,"{""currency_symbol"":""$"",""currency_code"":""USD"",""currency_position"":""prefix"",""values"":[]}","[{""id"":825,""name"":""Food Trucks"",""slug"":""food-trucks"",""parent"":372}]",[],"{""id"":160212,""global_id"":""fargounderground.com?id=160212"",""venue"":""Great Northern Park"",""address"":""425 Broadway N"",""city"":""Fargo"",""country"":""United States"",""province"":""North Dakota"",""zip"":""58102"",""url"":""https://fargounderground.com/venue/great-northern-park/"",""show_map"":true,""show_map_link"":true}",[],,,false,[],false,false,,,2023-06-16 10:57:07,2023-06-16 15:57:07,false,false,,,
2026-09-30T20:20:26Z,fargounderground.com,https://fargounderground.com/wp-json/tribe/events/v1/events,101,10060425,fargounderground.com?id=10060425,Discount Skate Night,2028-09-20 18:00:00,2028-09-20 23:00:00,2028-09-20 20:00:00,2028-09-21 01:00:00,America/Chicago,false,false,publish,https://fargounderground.com/event/discount-skate-night/2028-09-20/,https://www.skatecitynd.com/2024/02/discount-night/,,$6,"{""currency_symbol"":""$"",""currency_code"":""USD"",""currency_position"":""prefix"",""values"":[""6""]}","[{""id"":1298,""name"":""Active &amp; Social Events"",""slug"":""active-social-events"",""parent"":909},{""id"":374,""name"":""Families &amp; Kids"",""slug"":""families-kids"",""parent"":361}]",[],"{""id"":145039,""global_id"":""fargounderground.com?id=145039"",""venue"":""Skate City ND"",""address"":""3302 Interstate Blvd S"",""city"":""Fargo"",""country"":""United States"",""province"":""North Dakota"",""zip"":""58103"",""website"":""skatecitynd.com"",""phone"":""(701) 235-0555"",""url"":""https://fargounderground.com/venue/skate-city-nd/"",""show_map"":true,""show_map_link"":true}",[],"Catering to families and skaters of all ages and skill levels. Join us for a midweek session with discounted admission! Just $6 per skater, plus $4.00 skate rental if needed. Family Night Out Discount Night is a great way to get some midweek fun for the whole family at a great rate. Bring friends and extended family for good music, games and food! Groups & Clubs Whether you’re in a college club, book club or sports team, our group rates can’t be beaten! Reserve your group of 15 or more skaters at get admission for $6 per skater, which includes choice of rental! Daycares & Youth Groups Skating is a great way to get your daycare or youth group out for a night of fun! This midweek session is a great opportunity. Reserve a group of 15 or more and get our group rates – just $6 per skater, which includes choice of skate rental! Groups also get our meal deal (hotdogs, chips, and small drink) for just $5 per skater.",,"{""url"":""https://fargounderground.com/wp-content/uploads/2025/09/Discount-Skate-TV-Slide.png"",""id"":263371,""extension"":""png"",""width"":1920,""height"":1080}","{""_ecp_custom_2"":{""label"":""Region"",""value"":""Fargo""}}",false,false,,,2025-09-06 19:23:30,2025-09-07 00:23:30,true,true,,,
2026-09-30T20:20:26Z,fargounderground.com,https://fargounderground.com/wp-json/tribe/events/v1/events,101,10054512,fargounderground.com?id=10054512,Taco Night and Bingo!,2028-09-20 18:00:00,2028-09-20 23:00:00,2028-09-20 20:00:00,2028-09-21 01:00:00,America/Chicago,false,false,publish,https://fargounderground.com/event/taco-night-and-bingo-31/2028-09-20/,,,Free,"{""currency_symbol"":""$"",""currency_code"":""USD"",""currency_position"":""prefix"",""values"":[""0""]}","[{""id"":372,""name"":""Food &amp; Drink"",""slug"":""food-drink"",""parent"":0},{""id"":370,""name"":""Trivia &amp; Bingo"",""slug"":""trivia"",""parent"":909}]",[],"{""id"":91157,""global_id"":""fargounderground.com?id=91157"",""venue"":""Dempsey’s Public House"",""address"":""226 Broadway N"",""city"":""Fargo"",""country"":""United States"",""province"":""ND"",""zip"":""58102"",""website"":""https://dempseysfargo.com/"",""url"":""https://fargounderground.com/venue/dempseys-public-house-2/"",""geo_lat"":46.8789764,""geo_lng"":-96.7882596,""show_map"":true,""show_map_link"":true}",[],Play FREE Bingo from 6 – 8pm! Get $1 Tacos from 4 – 9pm!,,"{""url"":""https://fargounderground.com/wp-content/uploads/2022/11/taco-night-dempseys-dhBTti.tmp_.png"",""id"":142669,""extension"":""png"",""width"":945,""height"":532}",[],false,false,,,2023-03-28 17:45:42,2023-03-28 22:45:42,false,false,,,
2026-09-30T20:20:26Z,fargounderground.com,https://fargounderground.com/wp-json/tribe/events/v1/events,101,10067347,fargounderground.com?id=10067347,Harold’s Karaoke Party,2028-09-20 20:00:00,2028-09-21 01:00:00,2028-09-21 01:00:00,2028-09-21 06:00:00,America/Chicago,false,false,publish,https://fargounderground.com/event/harolds-karaoke-party-2/2028-09-20/,,,Free,"{""currency_symbol"":""$"",""currency_code"":""USD"",""currency_position"":""prefix"",""values"":[""0""]}","[{""id"":368,""name"":""Karaoke"",""slug"":""karaoke"",""parent"":909}]",[],"{""id"":146111,""global_id"":""fargounderground.com?id=146111"",""venue"":""Harold&#8217;s on Main"",""address"":""1330 Main Ave"",""city"":""Moorhead"",""country"":""United States"",""province"":""MN"",""zip"":""56560"",""website"":""https://www.facebook.com/HaroldsOnMain/"",""phone"":""(218) 233-3477"",""url"":""https://fargounderground.com/venue/harolds-on-main-2/"",""geo_lat"":46.8748909,""geo_lng"":-96.8000869,""show_map"":true,""show_map_link"":true}",[],✨🎤 HARAOKE – Karaoke at Harold’s! Every Wednesday at 8pm 🎤✨,,"{""url"":""https://fargounderground.com/wp-content/uploads/2023/04/harolds-karaoke-jpg-webp.webp"",""id"":156209,""extension"":""webp"",""width"":1920,""height"":1080}",[],false,false,,,2023-09-18 17:09:27,2023-09-18 22:09:27,false,false,,,
2026-09-30T20:20:26Z,fargounderground.com,https://fargounderground.com/wp-json/tribe/events/v1/events,101,10067768,fargounderground.com?id=10067768,Open Mic Comedy in the Cellar,2028-09-20 20:00:00,2028-09-21 01:00:00,2028-09-20 21:30:00,2028-09-21 02:30:00,America/Chicago,false,false,publish,https://fargounderground.com/event/open-mic-comedy-in-the-cellar-3/2028-09-20/,,,Free,"{""currency_symbol"":""$"",""currency_code"":""USD"",""currency_position"":""prefix"",""values"":[""0""]}","[{""id"":432,""name"":""Comedy"",""slug"":""comedy-arts-entertainment"",""parent"":909},{""id"":359,""name"":""Nightlife"",""slug"":""nightlife"",""parent"":909},{""id"":369,""name"":""Open Mic &amp; Jam"",""slug"":""open-mic-jam"",""parent"":909}]","[{""name"":""Comedy"",""slug"":""comedy"",""term_group"":0,""term_taxonomy_id"":310,""taxonomy"":""post_tag"",""description"":"""",""parent"":0,""count"":86,""filter"":""raw"",""id"":310,""urls"":{""self"":""https://fargounderground.com/wp-json/tribe/events/v1/tags/310"",""collection"":""https://fargounderground.com/wp-json/tribe/events/v1/tags""}}]","{""id"":121817,""global_id"":""fargounderground.com?id=121817"",""venue"":""The Cellar Comedy Club"",""address"":""614 Main Ave"",""city"":""Fargo"",""country"":""United States"",""province"":""ND"",""state"":""ND"",""zip"":""58103"",""website"":""https://www.fargomoorhead.org/venue/the-cellar-comedy-club/"",""url"":""https://fargounderground.com/venue/the-cellar-comedy-club/"",""geo_lat"":46.8741865,""geo_lng"":-96.7888348,""show_map"":true,""show_map_link"":true}","[{""id"":189866,""global_id"":""fargounderground.com?id=189866"",""organizer"":""The Cellar Comedy Club"",""url"":""https://fargounderground.com/organizer/"",""website"":""https://www.frontstreettaproom.com/comedyinthecellar"",""phone"":""(701) 566-7226"",""email"":""frontstreettaproom@gmail.com""}]","Open Mic Comedy Every Wednesday Night Doors open at 7pm Sign-up at 7:30pm Show starts at 8pm Up to 25 Comedians 3 or 5 Minute Sets Free Event No Ticket Required 21+ STAGE TIME IS NOT GUARANTEED Comedy in the Cellar Underground Comedy Club Below Front Street Taproom Downtown Fargo, ND",,"{""url"":""https://fargounderground.com/wp-content/uploads/2025/11/Open-Mic-Comedy-Cover.jpg"",""id"":284169,""extension"":""jpg"",""width"":2000,""height"":2000}","{""_ecp_custom_2"":{""label"":""Region"",""value"":""Fargo""}}",false,false,,,2025-11-13 12:49:52,2025-11-13 18:49:52,true,true,,,
2026-09-30T20:20:26Z,fargounderground.com,https://fargounderground.com/wp-json/tribe/events/v1/events,101,10056411,fargounderground.com?id=10056411,Pickabob Grill & BBQ,2028-09-21 11:00:00,2028-09-21 16:00:00,2028-09-21 22:00:00,2028-09-22 03:00:00,America/Chicago,false,false,publish,https://fargounderground.com/event/pickabob-grill-bbq/2028-09-21/,,,,"{""currency_symbol"":""$"",""currency_code"":""USD"",""currency_position"":""prefix"",""values"":[]}","[{""id"":825,""name"":""Food Trucks"",""slug"":""food-trucks"",""parent"":372}]",[],"{""id"":160212,""global_id"":""fargounderground.com?id=160212"",""venue"":""Great Northern Park"",""address"":""425 Broadway N"",""city"":""Fargo"",""country"":""United States"",""province"":""North Dakota"",""zip"":""58102"",""url"":""https://fargounderground.com/venue/great-northern-park/"",""show_map"":true,""show_map_link"":true}",[],,,false,[],false,false,,,2023-06-16 10:57:07,2023-06-16 15:57:07,false,false,,,
2026-09-30T20:20:26Z,fargounderground.com,https://fargounderground.com/wp-json/tribe/events/v1/events,101,10054867,fargounderground.com?id=10054867,Free Dog Night and Rock & Roll Bingo!,2028-09-21 18:00:00,2028-09-21 23:00:00,2028-09-21 20:00:00,2028-09-22 01:00:00,America/Chicago,false,false,publish,https://fargounderground.com/event/free-dog-night-and-rock-roll-bingo-31/2028-09-21/,,,Free,"{""currency_symbol"":""$"",""currency_code"":""USD"",""currency_position"":""prefix"",""values"":[""0""]}","[{""id"":372,""name"":""Food &amp; Drink"",""slug"":""food-drink"",""parent"":0},{""id"":370,""name"":""Trivia &amp; Bingo"",""slug"":""trivia"",""parent"":909}]",[],"{""id"":91157,""global_id"":""fargounderground.com?id=91157"",""venue"":""Dempsey’s Public House"",""address"":""226 Broadway N"",""city"":""Fargo"",""country"":""United States"",""province"":""ND"",""zip"":""58102"",""website"":""https://dempseysfargo.com/"",""url"":""https://fargounderground.com/venue/dempseys-public-house-2/"",""geo_lat"":46.8789764,""geo_lng"":-96.7882596,""show_map"":true,""show_map_link"":true}",[],Play FREE Rock & Roll Bingo from 6 – 8pm! Get FREE Hot Dogs from 4 – 9pm!,,"{""url"":""https://fargounderground.com/wp-content/uploads/2022/11/hot-dog-night-tO0mPR.tmp_.png"",""id"":142672,""extension"":""png"",""width"":945,""height"":532}",[],false,false,,,2023-03-28 17:49:54,2023-03-28 22:49:54,false,false,,,
2026-09-30T20:20:26Z,fargounderground.com,https://fargounderground.com/wp-json/tribe/events/v1/events,101,10052559,fargounderground.com?id=10052559,Full Circle Open Mic,2028-09-21 19:00:00,2028-09-22 00:00:00,2028-09-21 22:00:00,2028-09-22 03:00:00,America/Chicago,false,false,publish,https://fargounderground.com/event/full-circle-open-mic/2028-09-21/,,,Free,"{""currency_symbol"":""$"",""currency_code"":""USD"",""currency_position"":""prefix"",""values"":[""0""]}","[{""id"":369,""name"":""Open Mic &amp; Jam"",""slug"":""open-mic-jam"",""parent"":909}]",[],"{""id"":144429,""global_id"":""fargounderground.com?id=144429"",""venue"":""Black Coffee and Waffle Bar Fargo"",""address"":""550 2nd Ave N"",""city"":""Fargo"",""country"":""United States"",""province"":""North Dakota"",""zip"":""58102"",""website"":""https://blackcoffeeandwaffle.com/"",""phone"":""701-566-8749"",""url"":""https://fargounderground.com/venue/black-coffee-and-waffle-bar-fargo/"",""show_map"":true,""show_map_link"":true}",[],"Every Thursday is open mic night! Come out and tell a few jokes, sing your heart out, or read poetry. Hosted at Black Coffee and Waffle bar in downtown Fargo, ND.",,"{""url"":""https://fargounderground.com/wp-content/uploads/2022/12/314756703_10228005485586320_4750178534703107090_n-jpg-webp.webp"",""id"":144430,""extension"":""webp"",""width"":1800,""height"":1200}",[],false,false,,,2023-01-20 12:43:36,2023-01-20 18:43:36,false,false,,,
2026-09-30T20:20:26Z,fargounderground.com,https://fargounderground.com/wp-json/tribe/events/v1/events,101,10065489,fargounderground.com?id=10065489,Thursday Night Trivia at Downtown Fargo VFW,2028-09-21 19:00:00,2028-09-22 00:00:00,2028-09-21 21:00:00,2028-09-22 02:00:00,America/Chicago,false,false,publish,https://fargounderground.com/event/thursday-night-trivia-at-downtown-fargo-vfw-2/2028-09-21/,,,,"{""currency_symbol"":""$"",""currency_code"":""USD"",""currency_position"":""prefix"",""values"":[]}","[{""id"":370,""name"":""Trivia &amp; Bingo"",""slug"":""trivia"",""parent"":909}]",[],"{""id"":49586,""global_id"":""fargounderground.com?id=49586"",""venue"":""Fargo VFW Club, Post 762"",""address"":""202 Broadway N"",""city"":""Fargo"",""country"":""United States"",""province"":""ND"",""zip"":""58102"",""website"":""https://www.fargomoorhead.org/venue/fargo-vfw-club-post-762/"",""url"":""https://fargounderground.com/venue/vfw-coors-light-chili-cookoff/"",""geo_lat"":46.8781689,""geo_lng"":-96.7881193,""show_map"":true,""show_map_link"":true}",[],Looking for some fun on a Thursday night? Look no further than the Downtown Fargo VFW! Here’s what to look forward to: *FREE to Play! *Win FREE Drinks or Get Zonked with “WHAT’S IN THE BAG?!” *Paper Airline Contest at the End of Every Game! Come out…Bring your friends…And join in the fun!,,"{""url"":""https://fargounderground.com/wp-content/uploads/2023/04/340653856_254607436910250_5743893530831022969_n-jpg-webp.webp"",""id"":157568,""extension"":""webp"",""width"":1920,""height"":1005}",[],false,false,,,2023-09-05 14:45:31,2023-09-05 19:45:31,false,false,,,
2026-09-30T20:20:26Z,fargounderground.com,https://fargounderground.com/wp-json/tribe/events/v1/events,101,10043017,fargounderground.com?id=10043017,Belly Dance for Beginners,2028-09-21 19:30:00,2028-09-22 00:30:00,2028-09-21 20:30:00,2028-09-22 01:30:00,America/Chicago,false,false,publish,https://fargounderground.com/event/belly-dance-for-beginners/2028-09-21/,https://facebook.com/mindakbellydance,,$10,"{""currency_symbol"":""$"",""currency_code"":"""",""currency_position"":""prefix"",""values"":[""10""]}","[{""id"":362,""name"":""Classes &amp; Workshops"",""slug"":""classes-workshops"",""parent"":409},{""id"":412,""name"":""Culture &amp; Heritage"",""slug"":""culture"",""parent"":428},{""id"":569,""name"":""Fitness &amp; Yoga"",""slug"":""fitness-yoga"",""parent"":897}]",[],"{""id"":100299,""global_id"":""fargounderground.com?id=100299"",""venue"":""FM Aerial &amp; Movement Arts"",""address"":""508 Oak St. N Suite A"",""city"":""Fargo, ND"",""state"":""ND"",""zip"":""58102"",""website"":""fmaerial.com"",""phone"":""7012033448"",""url"":""https://fargounderground.com/venue/fm-aerial-movement-arts/"",""geo_lat"":46.88134,""geo_lng"":-96.779159,""show_map"":true,""show_map_link"":true}",[],"MinDak Belly Dance teaches belly dance classes in the Fargo-Moorhead area. Beginning belly dance teaches the foundations of Middle Eastern dance. You will learn belly dance posture and movements including shimmys, isolations, hip bumps, and more! No experience necessary! $10 cash at the door $10 coin belts available for purchase to enhance your dance! We meet weekly at FM AERIAL MOVEMENT ARTS 508 Oak St N Fargo EVERY Thursday from 7:30 pm-8:30 pm",,"{""url"":""https://fargounderground.com/wp-content/uploads/2023/06/MDBD-FLYER-jpg.webp"",""id"":188808,""extension"":""webp"",""width"":695,""height"":900}","{""_ecp_custom_2"":{""label"":""Region"",""value"":""Fargo""}}",false,false,,,2024-03-28 14:09:15,2024-03-28 19:09:15,true,true,,,
2026-09-30T20:20:26Z,fargounderground.com,https://fargounderground.com/wp-json/tribe/events/v1/events,101,10062255,fargounderground.com?id=10062255,College Night Bowling,2028-09-21 22:00:00,2028-09-22 03:00:00,2028-09-22 00:00:00,2028-09-22 05:00:00,America/Chicago,false,false,publish,https://fargounderground.com/event/college-night-bowling/2028-09-21/,,,$8,"{""currency_symbol"":""$"",""currency_code"":""USD"",""currency_position"":""prefix"",""values"":[""8""]}","[{""id"":1298,""name"":""Active &amp; Social Events"",""slug"":""active-social-events"",""parent"":909},{""id"":408,""name"":""College Events"",""slug"":""college-events"",""parent"":361},{""id"":372,""name"":""Food &amp; Drink"",""slug"":""food-drink"",""parent"":0}]",[],"{""id"":146365,""global_id"":""fargounderground.com?id=146365"",""venue"":""Sunset Lanes"",""address"":""620 U.S. 75"",""city"":""Moorhead"",""country"":""United States"",""province"":""MN"",""state"":""MN"",""zip"":""56560"",""website"":""https://bowlingsunset.com/"",""url"":""https://fargounderground.com/venue/sunset-lanes/"",""geo_lat"":46.8818938,""geo_lng"":-96.7431497,""show_map"":true,""show_map_link"":true}",[],"Grab your friends for a night you’ll never forget (well, maybe…..)! $8 all-you-can-bowl from 10 pm to midnight. Mug specials on adult beverages! Get a pizza, drinks, a bowl, and play in the arcade – it doesn’t get any better than that!",,"{""url"":""https://fargounderground.com/wp-content/uploads/2025/09/crw_1240h_620.webp"",""id"":263446,""extension"":""webp"",""width"":1240,""height"":620}","{""_ecp_custom_2"":{""label"":""Region"",""value"":""Moorhead""}}",false,false,,,2025-09-07 12:02:55,2025-09-07 17:02:55,true,true,,,
2026-09-30T20:20:26Z,fargounderground.com,https://fargounderground.com/wp-json/tribe/events/v1/events,101,10056693,fargounderground.com?id=10056693,Pickabob Grill & BBQ,2028-09-22 11:00:00,2028-09-22 16:00:00,2028-09-23 02:30:00,2028-09-23 07:30:00,America/Chicago,false,false,publish,https://fargounderground.com/event/pickabob-grill-bbq-2/2028-09-22/,,,,"{""currency_symbol"":""$"",""currency_code"":""USD"",""currency_position"":""prefix"",""values"":[]}","[{""id"":825,""name"":""Food Trucks"",""slug"":""food-trucks"",""parent"":372}]",[],"{""id"":160212,""global_id"":""fargounderground.com?id=160212"",""venue"":""Great Northern Park"",""address"":""425 Broadway N"",""city"":""Fargo"",""country"":""United States"",""province"":""North Dakota"",""zip"":""58102"",""url"":""https://fargounderground.com/venue/great-northern-park/"",""show_map"":true,""show_map_link"":true}",[],,,false,[],false,false,,,2023-06-16 10:56:57,2023-06-16 15:56:57,false,false,,,
2026-09-30T20:20:26Z,fargounderground.com,https://fargounderground.com/wp-json/tribe/events/v1/events,101,10060164,fargounderground.com?id=10060164,Glow Skate Night,2028-09-22 20:00:00,2028-09-23 01:00:00,2028-09-22 22:00:00,2028-09-23 03:00:00,America/Chicago,false,false,publish,https://fargounderground.com/event/glow-skate-night/2028-09-22/,https://www.skatecitynd.com/2025/07/7334/,,$10,"{""currency_symbol"":""$"",""currency_code"":""USD"",""currency_position"":""prefix"",""values"":[""10""]}","[{""id"":1298,""name"":""Active &amp; Social Events"",""slug"":""active-social-events"",""parent"":909},{""id"":374,""name"":""Families &amp; Kids"",""slug"":""families-kids"",""parent"":361}]",[],"{""id"":145039,""global_id"":""fargounderground.com?id=145039"",""venue"":""Skate City ND"",""address"":""3302 Interstate Blvd S"",""city"":""Fargo"",""country"":""United States"",""province"":""North Dakota"",""zip"":""58103"",""website"":""skatecitynd.com"",""phone"":""(701) 235-0555"",""url"":""https://fargounderground.com/venue/skate-city-nd/"",""show_map"":true,""show_map_link"":true}",[],"This nighttime session brings a great atmosphere with good music to skate to, games, a blackout skate and glow sticks! Every paid skater gets a FREE GLOW STICK! Blackout Skate For a portion of the session, we will black out the rink and side aisle lighting. While there is still enough visibility to navigate the skating floor, the darker environment creates a concert-style atmosphere. When coupled with our glow products, this elevates and enhances your skating experience! Glow Sticks Get a FREE glow stick for every paid skater! We want everyone to enjoy the glow night and create a fun, glowing atmosphere, so we provide every paid skater with a glow stick on us! Great Music & Games We pick great music for dancing and skating for this Friday night session. Nothing pairs with specialty lights and blackout skates like songs with a good rhythm!",,"{""url"":""https://fargounderground.com/wp-content/uploads/2025/09/Glow-Skate-TV.png"",""id"":263362,""extension"":""png"",""width"":1920,""height"":1080}","{""_ecp_custom_2"":{""label"":""Region"",""value"":""Fargo""}}",false,false,,,2025-09-06 19:10:31,2025-09-07 00:10:31,true,true,,,
2026-09-30T20:20:26Z,fargounderground.com,https://fargounderground.com/wp-json/tribe/events/v1/events,101,10061369,fargounderground.com?id=10061369,Cosmic Bowling,2028-09-22 21:30:00,2028-09-23 02:30:00,2028-09-23 00:00:00,2028-09-23 05:00:00,America/Chicago,false,false,publish,https://fargounderground.com/event/cosmic-bowling/2028-09-22/,,,$15,"{""currency_symbol"":""$"",""currency_code"":""USD"",""currency_position"":""prefix"",""values"":[""15""]}","[{""id"":1298,""name"":""Active &amp; Social Events"",""slug"":""active-social-events"",""parent"":909},{""id"":374,""name"":""Families &amp; Kids"",""slug"":""families-kids"",""parent"":361}]",[],"{""id"":263439,""global_id"":""fargounderground.com?id=263439"",""venue"":""West Acres Bowl"",""address"":""3402 Interstate Blvd S"",""city"":""Fargo"",""country"":""United States"",""state"":""ND"",""zip"":""58103"",""phone"":""701-235-4437"",""url"":""https://fargounderground.com/venue/west-acres-bowl/"",""geo_lat"":46.8637495,""geo_lng"":-96.8363583,""show_map"":true,""show_map_link"":true}",[],"Get ready for an out-of-this-world experience at West Acres Bowl with Cosmic Bowling every Friday and Saturday night! 🌌 From 9:30 PM to Midnight, the lights go down and the blacklights turn up. Bowl to the rhythm of great music and enjoy a unique, high-energy atmosphere. Perfect for a night out with friends, a fun date, or a late-night family activity. No reservations are needed—just show up and get ready to glow!",,"{""url"":""https://fargounderground.com/wp-content/uploads/2025/09/Cosmic-Bowling.jpg"",""id"":263436,""extension"":""jpg"",""width"":2348,""height"":1536}","{""_ecp_custom_2"":{""label"":""Region"",""value"":""Fargo""}}",false,false,,,2025-09-07 11:39:17,2025-09-07 16:39:17,true,true,,,
2026-09-30T20:20:26Z,fargounderground.com,https://fargounderground.com/wp-json/tribe/events/v1/events,101,10061891,fargounderground.com?id=10061891,Rock N Bowl,2028-09-22 22:00:00,2028-09-23 03:00:00,2028-09-23 00:00:00,2028-09-23 05:00:00,America/Chicago,false,false,publish,https://fargounderground.com/event/rock-n-bowl/2028-09-22/,https://bowlingsunset.com/rock-n-bowl,,$13,"{""currency_symbol"":""$"",""currency_code"":""USD"",""currency_position"":""prefix"",""values"":[""13""]}","[{""id"":1298,""name"":""Active &amp; Social Events"",""slug"":""active-social-events"",""parent"":909},{""id"":372,""name"":""Food &amp; Drink"",""slug"":""food-drink"",""parent"":0}]",[],"{""id"":146365,""global_id"":""fargounderground.com?id=146365"",""venue"":""Sunset Lanes"",""address"":""620 U.S. 75"",""city"":""Moorhead"",""country"":""United States"",""province"":""MN"",""state"":""MN"",""zip"":""56560"",""website"":""https://bowlingsunset.com/"",""url"":""https://fargounderground.com/venue/sunset-lanes/"",""geo_lat"":46.8818938,""geo_lng"":-96.7431497,""show_map"":true,""show_map_link"":true}",[],"$13 per person. Grab some friends and head over to Sunset Lanes for Rock N Bowl. Sunset Lanes has Qubica’s deckpin lighting and cap lighting. The bar and kitchen are open all night long, so enjoy some food and drinks while you bowl. This event is fun for all ages.",,"{""url"":""https://fargounderground.com/wp-content/uploads/2025/09/rsw_1240h_620cg_true.webp"",""id"":263442,""extension"":""webp"",""width"":1240,""height"":620}","{""_ecp_custom_2"":{""label"":""Region"",""value"":""Moorhead""}}",false,false,,,2025-09-07 11:45:40,2025-09-07 16:45:40,true,true,,,
2026-09-30T20:20:26Z,fargounderground.com,https://fargounderground.com/wp-json/tribe/events/v1/events,101,10060687,fargounderground.com?id=10060687,Saturday Morning Family Skate,2028-09-23 10:00:00,2028-09-23 15:00:00,2028-09-23 12:00:00,2028-09-23 17:00:00,America/Chicago,false,false,publish,https://fargounderground.com/event/saturday-morning-family-skate/2028-09-23/,https://www.skatecitynd.com/2024/02/family-skate/,,$6,"{""currency_symbol"":""$"",""currency_code"":""USD"",""currency_position"":""prefix"",""values"":[""6""]}","[{""id"":1298,""name"":""Active &amp; Social Events"",""slug"":""active-social-events"",""parent"":909},{""id"":374,""name"":""Families &amp; Kids"",""slug"":""families-kids"",""parent"":361}]",[],"{""id"":145039,""global_id"":""fargounderground.com?id=145039"",""venue"":""Skate City ND"",""address"":""3302 Interstate Blvd S"",""city"":""Fargo"",""country"":""United States"",""province"":""North Dakota"",""zip"":""58103"",""website"":""skatecitynd.com"",""phone"":""(701) 235-0555"",""url"":""https://fargounderground.com/venue/skate-city-nd/"",""show_map"":true,""show_map_link"":true}",[],"Catering to families with young skaters, this Saturday morning session offers discounted admission for families along with age-appropriate music and skating aids at half off the regular price! Help for Our Youngest Skaters Our Family Skate is great for our newest skaters! We have Zippy Adjustable Skates, which go over the shoe, have a lower and wider wheel base, and roll more slowly. These are great for learning balance. We also rent Skate Mates for skaters aged 10 and under for $2.50 which is 1/2 off the regular price. Discounted Admission for All As families grow so do the expenses to go out and have fun together. We want to help and so during our Family Skate you can enjoy a lower admission at just $6 per skater. Don’t have your own skates? No problem! Rent your choice of inline or roller skates for just $4.00. Themed Skate Sessions Our Family Skate is a great session to host themed skates throughout the year. Whether celebrating a holiday or creating our own fun with a Superhero Skate, these can feature costumes, festivities and prizes, and themed music! Themed events may have special pricing on Admission.",,"{""url"":""https://fargounderground.com/wp-content/uploads/2025/09/family-skate-TV.png"",""id"":263376,""extension"":""png"",""width"":1920,""height"":1080}","{""_ecp_custom_2"":{""label"":""Region"",""value"":""Fargo""}}",false,false,,,2025-09-06 19:30:43,2025-09-07 00:30:43,true,true,,,
2026-09-30T20:20:26Z,fargounderground.com,https://fargounderground.com/wp-json/tribe/events/v1/events,101,10056797,fargounderground.com?id=10056797,Pickabob Grill & BBQ,2028-09-23 12:00:00,2028-09-23 17:00:00,2028-09-24 02:30:00,2028-09-24 07:30:00,America/Chicago,false,false,publish,https://fargounderground.com/event/pickabob-grill-bbq-3/2028-09-23/,,,,"{""currency_symbol"":""$"",""currency_code"":""USD"",""currency_position"":""prefix"",""values"":[]}","[{""id"":825,""name"":""Food Trucks"",""slug"":""food-trucks"",""parent"":372}]",[],"{""id"":160212,""global_id"":""fargounderground.com?id=160212"",""venue"":""Great Northern Park"",""address"":""425 Broadway N"",""city"":""Fargo"",""country"":""United States"",""province"":""North Dakota"",""zip"":""58102"",""url"":""https://fargounderground.com/venue/great-northern-park/"",""show_map"":true,""show_map_link"":true}",[],,,false,[],false,false,,,2023-06-16 10:54:49,2023-06-16 15:54:49,false,false,,,
2026-09-30T20:20:26Z,fargounderground.com,https://fargounderground.com/wp-json/tribe/events/v1/events,101,10060948,fargounderground.com?id=10060948,Saturday Night Special Skate,2028-09-23 18:00:00,2028-09-23 23:00:00,2028-09-23 21:00:00,2028-09-24 02:00:00,America/Chicago,false,false,publish,https://fargounderground.com/event/saturday-night-special-skate/2028-09-23/,https://www.skatecitynd.com/2025/08/saturday-night-special/,,$6,"{""currency_symbol"":""$"",""currency_code"":""USD"",""currency_position"":""prefix"",""values"":[""6""]}","[{""id"":1298,""name"":""Active &amp; Social Events"",""slug"":""active-social-events"",""parent"":909},{""id"":374,""name"":""Families &amp; Kids"",""slug"":""families-kids"",""parent"":361}]",[],"{""id"":145039,""global_id"":""fargounderground.com?id=145039"",""venue"":""Skate City ND"",""address"":""3302 Interstate Blvd S"",""city"":""Fargo"",""country"":""United States"",""province"":""North Dakota"",""zip"":""58103"",""website"":""skatecitynd.com"",""phone"":""(701) 235-0555"",""url"":""https://fargounderground.com/venue/skate-city-nd/"",""show_map"":true,""show_map_link"":true}",[],"Spend your Saturday Nights skating and jamming with us! Catering to families and skaters of all ages and skill levels. A perfect way to spend your weekend evening all while saving! 3-Hours of skating for just $6 per skater, plus $4.00 skate rental if needed. Family Night Out Saturday Night is a great way to get some weekend fun for the whole family at a great rate. Bring friends and extended family for good music, games and food! Groups & Clubs Whether you’re in a college club, book club or sports team, our group rates can’t be beaten! Reserve your group of 15 or more skaters at get admission for $6 per skater, which includes choice of rental! Birthday Celebrations Skating is the best way to celebrate another year around the sun. Book your party online then invite your friends and family for a party that will stand out from the rest. Parties start as low as just $149. For more information on our great packages – Click Here –",,"{""url"":""https://fargounderground.com/wp-content/uploads/2025/09/Saturday-Night-Special-TV-Slide-7.25-scaled-1-scaled.jpg"",""id"":263379,""extension"":""jpg"",""width"":2560,""height"":1451}","{""_ecp_custom_2"":{""label"":""Region"",""value"":""Fargo""}}",false,false,,,2025-09-06 19:33:55,2025-09-07 00:33:55,true,true,,,
2026-09-30T20:20:26Z,fargounderground.com,https://fargounderground.com/wp-json/tribe/events/v1/events,101,10059904,fargounderground.com?id=10059904,Adult Skate Night,2028-09-23 21:00:00,2028-09-24 02:00:00,2028-09-23 23:00:00,2028-09-24 04:00:00,America/Chicago,false,false,publish,https://fargounderground.com/event/adult-skate-night/2028-09-23/,https://www.skatecitynd.com/2025/08/adult-night/,,$10,"{""currency_symbol"":""$"",""currency_code"":""USD"",""currency_position"":""prefix"",""values"":[""10""]}","[{""id"":1298,""name"":""Active &amp; Social Events"",""slug"":""active-social-events"",""parent"":909},{""id"":909,""name"":""Entertainment"",""slug"":""entertainment"",""parent"":0},{""id"":359,""name"":""Nightlife"",""slug"":""nightlife"",""parent"":909}]",[],"{""id"":173814,""global_id"":""fargounderground.com?id=173814"",""venue"":""Skate City"",""address"":""3302 Interstate Blvd S"",""city"":""Fargo"",""country"":""United States"",""province"":""ND"",""zip"":""58103"",""website"":""https://skatecitynd.com/"",""phone"":""701-235-0555"",""url"":""https://fargounderground.com/venue/"",""geo_lat"":46.865252,""geo_lng"":-96.833748,""show_map"":true,""show_map_link"":true}",[],Catering to our adult crowd looking for a great Saturday Night! This is an 18+ Only Session with less games and more skating. Admission is $10. Skate rental is $4.00 if needed. Observing adults must pay admission.,,"{""url"":""https://fargounderground.com/wp-content/uploads/2025/09/Adult-Night-TV-Slide.jpeg"",""id"":263357,""extension"":""jpeg"",""width"":1920,""height"":1080}","{""_ecp_custom_2"":{""label"":""Region"",""value"":""Fargo""}}",false,false,,,2025-09-06 19:06:57,2025-09-07 00:06:57,true,true,,,
2026-09-30T20:20:26Z,fargounderground.com,https://fargounderground.com/wp-json/tribe/events/v1/events,101,10065068,fargounderground.com?id=10065068,Alibi Karaoke,2028-09-23 21:00:00,2028-09-24 02:00:00,2028-09-24 01:00:00,2028-09-24 06:00:00,America/Chicago,false,false,publish,https://fargounderground.com/event/alibi-karaoke/2028-09-23/,https://fargonddj.com/event/6277439/737366223/alibi-karaoke,,,"{""currency_symbol"":""$"",""currency_code"":""USD"",""currency_position"":""prefix"",""values"":[]}","[{""id"":368,""name"":""Karaoke"",""slug"":""karaoke"",""parent"":909},{""id"":359,""name"":""Nightlife"",""slug"":""nightlife"",""parent"":909}]","[{""name"":""drinks"",""slug"":""drinks"",""term_group"":0,""term_taxonomy_id"":74,""taxonomy"":""post_tag"",""description"":"""",""parent"":0,""count"":21,""filter"":""raw"",""id"":74,""urls"":{""self"":""https://fargounderground.com/wp-json/tribe/events/v1/tags/74"",""collection"":""https://fargounderground.com/wp-json/tribe/events/v1/tags""}},{""name"":""Music"",""slug"":""music"",""term_group"":0,""term_taxonomy_id"":29,""taxonomy"":""post_tag"",""description"":"""",""parent"":0,""count"":26,""filter"":""raw"",""id"":29,""urls"":{""self"":""https://fargounderground.com/wp-json/tribe/events/v1/tags/29"",""collection"":""https://fargounderground.com/wp-json/tribe/events/v1/tags""}}]","{""id"":148614,""global_id"":""fargounderground.com?id=148614"",""venue"":""Alibi Lounge"",""address"":""1340 21st Ave S"",""city"":""Fargo"",""province"":""ND"",""zip"":""58103"",""website"":""https://alibi-lounge.business.site/"",""phone"":""(701) 235-3141"",""url"":""https://fargounderground.com/venue/alibi-lounge/"",""geo_lat"":46.8463963,""geo_lng"":-96.8004683,""show_map"":false,""show_map_link"":false}","[{""id"":180416,""global_id"":""fargounderground.com?id=180416"",""organizer"":""D&amp;J Music + Karaoke"",""url"":""https://fargounderground.com/organizer/"",""website"":""https://djmusickaraoke.com/"",""phone"":""‪(701) 566-9525‬"",""email"":""info@djmusickaraoke.com""}]","Join us for another night of Saturday Night Madness including but not limited to drinks, music and gambling at The Alibi Lounge located inside the legendary Baymont Inn, South University Drive Fargo. Bring friends, make friends, and prepare yourself for a night to remember.",,"{""url"":""https://fargounderground.com/wp-content/uploads/2025/10/IMG_6023.jpeg"",""id"":278949,""extension"":""jpeg"",""width"":828,""height"":987}","{""_ecp_custom_2"":{""label"":""Region"",""value"":""Fargo""}}",false,false,,,2025-10-08 11:20:43,2025-10-08 16:20:43,true,true,,,
2026-09-30T20:20:26Z,fargounderground.com,https://fargounderground.com/wp-json/tribe/events/v1/events,101,10066854,fargounderground.com?id=10066854,Karaoke at Dempsey’s,2028-09-23 21:00:00,2028-09-24 02:00:00,2028-09-24 02:00:00,2028-09-24 07:00:00,America/Chicago,false,false,publish,https://fargounderground.com/event/karaoke-at-dempseys-59-2/2028-09-23/,,,Free,"{""currency_symbol"":""$"",""currency_code"":""USD"",""currency_position"":""prefix"",""values"":[""free""]}","[{""id"":368,""name"":""Karaoke"",""slug"":""karaoke"",""parent"":909}]",[],"{""id"":91157,""global_id"":""fargounderground.com?id=91157"",""venue"":""Dempsey’s Public House"",""address"":""226 Broadway N"",""city"":""Fargo"",""country"":""United States"",""province"":""ND"",""zip"":""58102"",""website"":""https://dempseysfargo.com/"",""url"":""https://fargounderground.com/venue/dempseys-public-house-2/"",""geo_lat"":46.8789764,""geo_lng"":-96.7882596,""show_map"":true,""show_map_link"":true}",[],"Dempsey’s has been named the Best Karaoke bar in Fargo for a reason! Sing your heart out during our FREE Karaoke night, every Tuesday and Saturday. It’s legendary!",,"{""url"":""https://fargounderground.com/wp-content/uploads/2022/11/karaoke-dempseys-0BUCH0.tmp_.png"",""id"":142666,""extension"":""png"",""width"":945,""height"":532}",[],false,false,,,2023-09-18 17:10:07,2023-09-18 22:10:07,false,false,,,
2026-09-30T20:20:26Z,fargounderground.com,https://fargounderground.com/wp-json/tribe/events/v1/events,101,10035133,fargounderground.com?id=10035133,Saturday Night Karaoke,2028-09-23 21:00:00,2028-09-24 02:00:00,2028-09-24 01:00:00,2028-09-24 06:00:00,America/Chicago,false,false,publish,https://fargounderground.com/event/saturday-night-karaoke/2028-09-23/,https://djtonyfalcon.com/events,,Free,"{""currency_symbol"":""$"",""currency_code"":""USD"",""currency_position"":""prefix"",""values"":[""0""]}","[{""id"":368,""name"":""Karaoke"",""slug"":""karaoke"",""parent"":909}]",[],"{""id"":148614,""global_id"":""fargounderground.com?id=148614"",""venue"":""Alibi Lounge"",""address"":""1340 21st Ave S"",""city"":""Fargo"",""province"":""ND"",""zip"":""58103"",""website"":""https://alibi-lounge.business.site/"",""phone"":""(701) 235-3141"",""url"":""https://fargounderground.com/venue/alibi-lounge/"",""geo_lat"":46.8463963,""geo_lng"":-96.8004683,""show_map"":false,""show_map_link"":false}","[{""id"":180416,""global_id"":""fargounderground.com?id=180416"",""organizer"":""D&amp;J Music + Karaoke"",""url"":""https://fargounderground.com/organizer/"",""website"":""https://djmusickaraoke.com/"",""phone"":""‪(701) 566-9525‬"",""email"":""info@djmusickaraoke.com""}]","Join DJ Tony Falcon for another night of Saturday Night Madness including but not limited to drinks, music and gambling at The Alibi Lounge located inside the legendary Baymont Inn, South University Drive Fargo. Bring friends, make friends, and prepare yourself for a night to remember. Mics are sanitized after every use.",,"{""url"":""https://fargounderground.com/wp-content/uploads/2024/01/417100139_860174092779522_3296353275171812107_n-jpg-webp.webp"",""id"":180465,""extension"":""webp"",""width"":960,""height"":556}","{""_ecp_custom_2"":{""label"":""Region"",""value"":""Fargo""}}",false,false,,,2025-08-24 12:42:10,2025-08-24 17:42:10,true,true,,,
2026-09-30T20:20:26Z,fargounderground.com,https://fargounderground.com/wp-json/tribe/events/v1/events,101,10043065,fargounderground.com?id=10043065,Vic’s Karaoke,2028-09-23 21:00:00,2028-09-24 02:00:00,2028-09-24 02:00:00,2028-09-24 07:00:00,America/Chicago,false,false,publish,https://fargounderground.com/event/vics-karaoke-2-2/2028-09-23/,,,Free,"{""currency_symbol"":""$"",""currency_code"":""USD"",""currency_position"":""prefix"",""values"":[""0""]}","[{""id"":368,""name"":""Karaoke"",""slug"":""karaoke"",""parent"":909}]",[],"{""id"":92621,""global_id"":""fargounderground.com?id=92621"",""venue"":""Vic&#8217;s Bar and Grill"",""address"":""1608 Main Avenue"",""city"":""Moorhead"",""country"":""United States"",""state"":""MN"",""zip"":""56560"",""phone"":""(218) 236-7714"",""url"":""https://fargounderground.com/venue/vics-lounge/"",""geo_lat"":46.8752849,""geo_lng"":-96.7729609,""show_map"":true,""show_map_link"":true}",[],"Join us Saturday nights at Vic’s for karaoke! The singing kicks off at 9 PM, but be sure to come early for the awesome specials!",,"{""url"":""https://fargounderground.com/wp-content/uploads/2023/09/429820599_908393177961600_6854180573421060203_n-jpg.webp"",""id"":189042,""extension"":""webp"",""width"":2048,""height"":1152}",[],false,false,,,2024-03-31 10:42:51,2024-03-31 15:42:51,false,false,,,
2026-09-30T20:20:26Z,fargounderground.com,https://fargounderground.com/wp-json/tribe/events/v1/events,101,10061370,fargounderground.com?id=10061370,Cosmic Bowling,2028-09-23 21:30:00,2028-09-24 02:30:00,2028-09-24 00:00:00,2028-09-24 05:00:00,America/Chicago,false,false,publish,https://fargounderground.com/event/cosmic-bowling/2028-09-23/,,,$15,"{""currency_symbol"":""$"",""currency_code"":""USD"",""currency_position"":""prefix"",""values"":[""15""]}","[{""id"":1298,""name"":""Active &amp; Social Events"",""slug"":""active-social-events"",""parent"":909},{""id"":374,""name"":""Families &amp; Kids"",""slug"":""families-kids"",""parent"":361}]",[],"{""id"":263439,""global_id"":""fargounderground.com?id=263439"",""venue"":""West Acres Bowl"",""address"":""3402 Interstate Blvd S"",""city"":""Fargo"",""country"":""United States"",""state"":""ND"",""zip"":""58103"",""phone"":""701-235-4437"",""url"":""https://fargounderground.com/venue/west-acres-bowl/"",""geo_lat"":46.8637495,""geo_lng"":-96.8363583,""show_map"":true,""show_map_link"":true}",[],"Get ready for an out-of-this-world experience at West Acres Bowl with Cosmic Bowling every Friday and Saturday night! 🌌 From 9:30 PM to Midnight, the lights go down and the blacklights turn up. Bowl to the rhythm of great music and enjoy a unique, high-energy atmosphere. Perfect for a night out with friends, a fun date, or a late-night family activity. No reservations are needed—just show up and get ready to glow!",,"{""url"":""https://fargounderground.com/wp-content/uploads/2025/09/Cosmic-Bowling.jpg"",""id"":263436,""extension"":""jpg"",""width"":2348,""height"":1536}","{""_ecp_custom_2"":{""label"":""Region"",""value"":""Fargo""}}",false,false,,,2025-09-07 11:39:17,2025-09-07 16:39:17,true,true,,,
2026-09-30T20:20:26Z,fargounderground.com,https://fargounderground.com/wp-json/tribe/events/v1/events,102,10039973,fargounderground.com?id=10039973,Karaoke at Rhombus Guys,2028-09-23 22:00:00,2028-09-24 03:00:00,2028-09-24 22:00:00,2028-09-25 03:00:00,America/Chicago,false,false,publish,https://fargounderground.com/event/karaoke-at-rhombus-guys/2028-09-23/,,,Free,"{""currency_symbol"":""$"",""currency_code"":"""",""currency_position"":""prefix"",""values"":[""0""]}","[{""id"":368,""name"":""Karaoke"",""slug"":""karaoke"",""parent"":909}]",[],"{""id"":45546,""global_id"":""fargounderground.com?id=45546"",""venue"":""Rhombus Guys Pizza"",""address"":""606 Main Ave"",""city"":""Fargo"",""country"":""United States"",""province"":""ND"",""zip"":""58103"",""url"":""https://fargounderground.com/venue/winter-pride-trivia-game-night/"",""geo_lat"":46.8740978,""geo_lng"":-96.7884067,""show_map"":true,""show_map_link"":true}",[],Free Karaoke every Saturday from 10pm to 1am with Khook Entertainment!,,"{""url"":""https://fargounderground.com/wp-content/uploads/2024/02/Facebook-Logo.png"",""id"":183987,""extension"":""png"",""width"":1000,""height"":1000}","{""_ecp_custom_2"":{""label"":""Region"",""value"":""Fargo""}}",false,false,,,2024-02-14 10:07:21,2024-02-14 16:07:21,true,true,,,
2026-09-30T20:20:26Z,fargounderground.com,https://fargounderground.com/wp-json/tribe/events/v1/events,102,10061892,fargounderground.com?id=10061892,Rock N Bowl,2028-09-23 22:00:00,2028-09-24 03:00:00,2028-09-24 00:00:00,2028-09-24 05:00:00,America/Chicago,false,false,publish,https://fargounderground.com/event/rock-n-bowl/2028-09-23/,https://bowlingsunset.com/rock-n-bowl,,$13,"{""currency_symbol"":""$"",""currency_code"":""USD"",""currency_position"":""prefix"",""values"":[""13""]}","[{""id"":1298,""name"":""Active &amp; Social Events"",""slug"":""active-social-events"",""parent"":909},{""id"":372,""name"":""Food &amp; Drink"",""slug"":""food-drink"",""parent"":0}]",[],"{""id"":146365,""global_id"":""fargounderground.com?id=146365"",""venue"":""Sunset Lanes"",""address"":""620 U.S. 75"",""city"":""Moorhead"",""country"":""United States"",""province"":""MN"",""state"":""MN"",""zip"":""56560"",""website"":""https://bowlingsunset.com/"",""url"":""https://fargounderground.com/venue/sunset-lanes/"",""geo_lat"":46.8818938,""geo_lng"":-96.7431497,""show_map"":true,""show_map_link"":true}",[],"$13 per person. Grab some friends and head over to Sunset Lanes for Rock N Bowl. Sunset Lanes has Qubica’s deckpin lighting and cap lighting. The bar and kitchen are open all night long, so enjoy some food and drinks while you bowl. This event is fun for all ages.",,"{""url"":""https://fargounderground.com/wp-content/uploads/2025/09/rsw_1240h_620cg_true.webp"",""id"":263442,""extension"":""webp"",""width"":1240,""height"":620}","{""_ecp_custom_2"":{""label"":""Region"",""value"":""Moorhead""}}",false,false,,,2025-09-07 11:45:40,2025-09-07 16:45:40,true,true,,,
2026-09-30T20:20:26Z,fargounderground.com,https://fargounderground.com/wp-json/tribe/events/v1/events,102,10034321,fargounderground.com?id=10034321,Open Mic,2028-09-24 18:00:00,2028-09-24 23:00:00,2028-09-24 22:00:00,2028-09-25 03:00:00,America/Chicago,false,false,publish,https://fargounderground.com/event/open-mic/2028-09-24/,,,Free,"{""currency_symbol"":""$"",""currency_code"":"""",""currency_position"":""prefix"",""values"":[""0""]}","[{""id"":360,""name"":""Live Music"",""slug"":""live-music"",""parent"":0},{""id"":369,""name"":""Open Mic &amp; Jam"",""slug"":""open-mic-jam"",""parent"":909}]",[],"{""id"":104370,""global_id"":""fargounderground.com?id=104370"",""venue"":""Cowboy Jack&#8217;s"",""address"":""506 Broadway"",""city"":""Fargo"",""province"":""ND"",""zip"":""58102"",""website"":""https://downtownfargo.com/venue/cowboy-jacks/"",""url"":""https://fargounderground.com/venue/cowboy-jacks/"",""geo_lat"":46.881414,""geo_lng"":-96.788091,""show_map"":true,""show_map_link"":true}",[],Live music and great food! Can’t wait to see you there!,,"{""url"":""https://fargounderground.com/wp-content/uploads/2023/12/410021949_813755527423771_7670712905895671685_n-jpg-webp.webp"",""id"":177707,""extension"":""webp"",""width"":526,""height"":526}","{""_ecp_custom_2"":{""label"":""Region"",""value"":""Fargo""}}",false,false,,,2023-12-11 09:39:16,2023-12-11 15:39:16,true,true,,,
2026-09-30T20:20:26Z,fargounderground.com,https://fargounderground.com/wp-json/tribe/events/v1/events,102,10049343,fargounderground.com?id=10049343,Monday Meetups for Adults,2028-09-25 18:00:00,2028-09-25 23:00:00,2028-09-25 20:00:00,2028-09-26 01:00:00,America/Chicago,false,false,publish,https://fargounderground.com/event/monday-meetups-for-adults/2028-09-25/,https://larl.org/mondaymeetup,,Free,"{""currency_symbol"":""$"",""currency_code"":""USD"",""currency_position"":""prefix"",""values"":[""0""]}","[{""id"":677,""name"":""Clubs &amp; Groups"",""slug"":""clubs-groups"",""parent"":361},{""id"":364,""name"":""Crafts &amp; Hobbies"",""slug"":""arts-crafts"",""parent"":428},{""id"":367,""name"":""Gaming &amp; Tabletop"",""slug"":""games"",""parent"":909},{""id"":429,""name"":""Literary Arts"",""slug"":""books-readings"",""parent"":428}]",[],"{""id"":91017,""global_id"":""fargounderground.com?id=91017"",""venue"":""Moorhead Public Library"",""address"":""118 5th St S"",""city"":""Moorhead"",""country"":""United States"",""province"":""MN"",""state"":""MN"",""zip"":""56560"",""website"":""https://larl.org/"",""phone"":""(218) 233-7594"",""url"":""https://fargounderground.com/venue/moorhead-public-library/"",""geo_lat"":46.873097,""geo_lng"":-96.771756,""show_map"":true,""show_map_link"":true}","[{""id"":186176,""global_id"":""fargounderground.com?id=186176"",""organizer"":""Moorhead Public Library"",""url"":""https://fargounderground.com/organizer/"",""website"":""https://larl.org/locations/moorhead/"",""phone"":""218-233-7594"",""email"":""mhreference@larl.org""}]","Meet up and chat with others with similar interests. Come with friends, or make some new ones! Refreshments will be provided. Check the calendar for updates – https://larl.org/mondaymeetup/ First Monday of the Month – Craft Connection Join us to get cozy, craft and chat! This is an opportunity to leave distractions behind and focus on your craft. Bring whatever project you are working on and meet up with other local crafters. You can share your expertise, learn from others or just enjoy some distraction-free time to yourself. Refreshments will be provided. Second Monday of the Month – Best Sellers Book Club Join the Moorhead Public Library’s Best Sellers Book Club and see what the buzz is about in the latest popular books! Third Monday of the Month – Game Night Join us to get cozy, play games, and chat! This is an opportunity to meet up with others who enjoy playing games. Come with friends, or make some new ones! Bring your favorite card or board game, or try one of ours! Refreshments will be provided. Fourth Monday of the Month – Silent Reading Club Join us at the Moorhead Library for quiet, sustained reading at our new Silent Book Club! All readers are welcome—ebooks or audiobooks, poetry or prose, fiction or non-fiction… it’s BYOBook. The library will provide comfortable seating and light refreshments. Fifth Monday of the Month – Guided Activity Join us each month for different activities lead by experts in their respective disciplines. Any needed supplies will be provided.",,"{""url"":""https://fargounderground.com/wp-content/uploads/2024/10/MHD-all-Monday-Meetups-2024-Website-Graphic-scaled-1.jpg"",""id"":257979,""extension"":""jpg"",""width"":2560,""height"":1440}","{""_ecp_custom_2"":{""label"":""Region"",""value"":""Moorhead""}}",false,false,,,2025-07-29 11:46:45,2025-07-29 16:46:45,true,true,,,
2026-09-30T20:20:26Z,fargounderground.com,https://fargounderground.com/wp-json/tribe/events/v1/events,102,10062595,fargounderground.com?id=10062595,Jazz Night at Sidestreet,2028-09-25 19:00:00,2028-09-26 00:00:00,2028-09-25 21:00:00,2028-09-26 02:00:00,America/Chicago,false,false,publish,https://fargounderground.com/event/jazz-night-at-sidestreet-2/2028-09-25/,https://www.fargopartyof3.com/sidestreet.html,,Free,"{""currency_symbol"":""$"",""currency_code"":""USD"",""currency_position"":""prefix"",""values"":[""0""]}","[{""id"":412,""name"":""Culture &amp; Heritage"",""slug"":""culture"",""parent"":428},{""id"":909,""name"":""Entertainment"",""slug"":""entertainment"",""parent"":0},{""id"":372,""name"":""Food &amp; Drink"",""slug"":""food-drink"",""parent"":0},{""id"":591,""name"":""Jazz &amp; Blues"",""slug"":""jazz-blues"",""parent"":360}]",[],"{""id"":93912,""global_id"":""fargounderground.com?id=93912"",""venue"":""SIdestreet Grille &#038; Pub"",""address"":""404 4th ave N"",""city"":""Fargo"",""province"":""ND"",""state"":""ND"",""zip"":""58102"",""website"":""https://downtownfargo.com/venue/sidestreet-grille-pub/"",""url"":""https://fargounderground.com/venue/sidestreet-grille-pub-3/"",""geo_lat"":46.8798407,""geo_lng"":-96.7849167,""show_map"":true,""show_map_link"":true}",[],"Start your week on a high note with Jazz Night at Sidestreet Grille & Pub! Every Monday from 7 to 9 p.m., the pub transforms into a cozy jazz club, featuring talented local musicians. Grab a seat, enjoy a delicious meal, and unwind with the smooth sounds of live jazz. It’s the perfect way to relax and appreciate the local music scene.",,"{""url"":""https://fargounderground.com/wp-content/uploads/2023/10/jazznights-2023aug-dec_orig-e1698696620909-0UgB44.tmp_-jpg-webp.webp"",""id"":174098,""extension"":""webp"",""width"":425,""height"":224}","{""_ecp_custom_2"":{""label"":""Region"",""value"":""Fargo""}}",false,false,,,2025-09-08 12:40:56,2025-09-08 17:40:56,true,true,,,
2026-09-30T20:20:26Z,fargounderground.com,https://fargounderground.com/wp-json/tribe/events/v1/events,102,10065724,fargounderground.com?id=10065724,Open Mic Night at Front Street Taproom,2028-09-25 20:00:00,2028-09-26 01:00:00,2028-09-25 23:00:00,2028-09-26 04:00:00,America/Chicago,false,false,publish,https://fargounderground.com/event/open-mic-night-at-front-street-taproom/2028-09-25/,https://www.facebook.com/events/638022304704240/638022361370901/,,Free,"{""currency_symbol"":"""",""currency_code"":"""",""currency_position"":"""",""values"":[""free""]}","[{""id"":360,""name"":""Live Music"",""slug"":""live-music"",""parent"":0},{""id"":369,""name"":""Open Mic &amp; Jam"",""slug"":""open-mic-jam"",""parent"":909}]","[{""name"":""downtown Fargo"",""slug"":""downtown-fargo"",""term_group"":0,""term_taxonomy_id"":49,""taxonomy"":""post_tag"",""description"":"""",""parent"":0,""count"":102,""filter"":""raw"",""id"":49,""urls"":{""self"":""https://fargounderground.com/wp-json/tribe/events/v1/tags/49"",""collection"":""https://fargounderground.com/wp-json/tribe/events/v1/tags""}},{""name"":""Fargo"",""slug"":""fargo"",""term_group"":0,""term_taxonomy_id"":240,""taxonomy"":""post_tag"",""description"":"""",""parent"":0,""count"":52,""filter"":""raw"",""id"":240,""urls"":{""self"":""https://fargounderground.com/wp-json/tribe/events/v1/tags/240"",""collection"":""https://fargounderground.com/wp-json/tribe/events/v1/tags""}},{""name"":""Live music"",""slug"":""live-music"",""term_group"":0,""term_taxonomy_id"":45,""taxonomy"":""post_tag"",""description"":"""",""parent"":0,""count"":81,""filter"":""raw"",""id"":45,""urls"":{""self"":""https://fargounderground.com/wp-json/tribe/events/v1/tags/45"",""collection"":""https://fargounderground.com/wp-json/tribe/events/v1/tags""}}]","{""id"":20933,""global_id"":""fargounderground.com?id=20933"",""venue"":""Front Street Taproom"",""address"":""614 Main Ave"",""city"":""Fargo"",""province"":""ND"",""state"":""ND"",""zip"":""58102"",""website"":""https://downtownfargo.com/venue/front-street-taproom/"",""url"":""https://fargounderground.com/venue/front-street-taproom-2/"",""geo_lat"":46.87428,""geo_lng"":-96.78883,""show_map"":true,""show_map_link"":true}",[],"Hosted by Travis Neros Every Monday at 8pm Come hangout and listen to live music, readings, and/or comedy! (If you’re wanting to sign-up come closer to the beginning, if you can)",,"{""url"":""https://fargounderground.com/wp-content/uploads/2023/01/339625439_693036622509731_7407905951526191323_n-jpg-webp.webp"",""id"":156207,""extension"":""webp"",""width"":1201,""height"":629}",[],false,false,,,2023-09-05 14:16:16,2023-09-05 19:16:16,true,true,,,
2026-09-30T20:20:26Z,fargounderground.com,https://fargounderground.com/wp-json/tribe/events/v1/events,102,10053513,fargounderground.com?id=10053513,Tea Time Tuesdays,2028-09-26 08:30:00,2028-09-26 13:30:00,2028-09-26 09:30:00,2028-09-26 14:30:00,America/Chicago,false,false,publish,https://fargounderground.com/event/tea-time-tuesdays/2028-09-26/,,,,"{""currency_symbol"":""$"",""currency_code"":""USD"",""currency_position"":""prefix"",""values"":[]}","[{""id"":649,""name"":""Business"",""slug"":""business"",""parent"":361}]",[],"{""id"":150796,""global_id"":""fargounderground.com?id=150796"",""venue"":""The Daily Dose Fargo"",""address"":""3223 13th Ave S"",""city"":""Fargo"",""country"":""United States"",""province"":""North Dakota"",""zip"":""58103"",""url"":""https://fargounderground.com/venue/the-daily-dose-fargo/"",""show_map"":true,""show_map_link"":true}",[],"Come and join us every Tuesday from 8:30-9:30am. Let’s connect, meet, network, caffeinate and reboot for the week! Networking is free and open to anyone willing to network!",,"{""url"":""https://fargounderground.com/wp-content/uploads/2023/02/326953771_5843143202437407_8499174753929495889_n-jpg-webp.webp"",""id"":150797,""extension"":""webp"",""width"":960,""height"":541}",[],false,false,,,2023-02-21 16:21:55,2023-02-21 22:21:55,false,false,,,
2026-09-30T20:20:26Z,fargounderground.com,https://fargounderground.com/wp-json/tribe/events/v1/events,102,10056412,fargounderground.com?id=10056412,Pickabob Grill & BBQ,2028-09-26 11:00:00,2028-09-26 16:00:00,2028-09-26 22:00:00,2028-09-27 03:00:00,America/Chicago,false,false,publish,https://fargounderground.com/event/pickabob-grill-bbq/2028-09-26/,,,,"{""currency_symbol"":""$"",""currency_code"":""USD"",""currency_position"":""prefix"",""values"":[]}","[{""id"":825,""name"":""Food Trucks"",""slug"":""food-trucks"",""parent"":372}]",[],"{""id"":160212,""global_id"":""fargounderground.com?id=160212"",""venue"":""Great Northern Park"",""address"":""425 Broadway N"",""city"":""Fargo"",""country"":""United States"",""province"":""North Dakota"",""zip"":""58102"",""url"":""https://fargounderground.com/venue/great-northern-park/"",""show_map"":true,""show_map_link"":true}",[],,,false,[],false,false,,,2023-06-16 10:57:07,2023-06-16 15:57:07,false,false,,,
2026-09-30T20:20:26Z,fargounderground.com,https://fargounderground.com/wp-json/tribe/events/v1/events,102,10045638,fargounderground.com?id=10045638,Suite Shots Trivia Night,2028-09-26 18:00:00,2028-09-26 23:00:00,2028-09-26 20:00:00,2028-09-27 01:00:00,America/Chicago,false,false,publish,https://fargounderground.com/event/suite-shots-trivia-night-9/2028-09-26/,,,Free,"{""currency_symbol"":""$"",""currency_code"":""USD"",""currency_position"":""prefix"",""values"":[""free""]}","[{""id"":370,""name"":""Trivia &amp; Bingo"",""slug"":""trivia"",""parent"":909}]",[],"{""id"":165649,""global_id"":""fargounderground.com?id=165649"",""venue"":""Suite Shots"",""address"":""3400 James Way S"",""city"":""Fargo"",""country"":""United States"",""province"":""ND"",""state"":""ND"",""zip"":""58104"",""website"":""https://suiteshots.com/venue/suite-shots/"",""phone"":""(701) 532-4653"",""url"":""https://fargounderground.com/venue/suite-shots/"",""geo_lat"":46.8072058,""geo_lng"":-96.8355331,""show_map"":true,""show_map_link"":true}",[],"Every Tuesday, showcase your vast knowledge (both useful & useless) & compete for fantastic Suite Shots prizes! 🏆 Join us at 6 pm for an evening of brain-teasing fun! 🧠💡 But before the trivia begins, don’t miss our Happy Hour from 3:30-6:30 pm. 🍻 PLUS, if you’re craving some delicious tacos, we’ve got you covered with $4 Walleye Tacos & $4 Specialty Tacos changed monthly. 🌮",,"{""url"":""https://fargounderground.com/wp-content/uploads/2023/09/359314893_753992756729627_4984377186369470435_n-jpg-webp.webp"",""id"":169720,""extension"":""webp"",""width"":1080,""height"":1080}",[],false,false,,,2024-05-15 16:02:56,2024-05-15 21:02:56,true,true,,,
2026-09-30T20:20:26Z,fargounderground.com,https://fargounderground.com/wp-json/tribe/events/v1/events,102,10042169,fargounderground.com?id=10042169,Tuesday Night Trivia at the Sidestreet,2028-09-26 19:00:00,2028-09-27 00:00:00,2028-09-26 21:00:00,2028-09-27 02:00:00,America/Chicago,false,false,publish,https://fargounderground.com/event/tuesday-night-trivia-at-the-sidestreet-2/2028-09-26/,,,Free,"{""currency_symbol"":""$"",""currency_code"":""USD"",""currency_position"":""prefix"",""values"":[""0""]}","[{""id"":370,""name"":""Trivia &amp; Bingo"",""slug"":""trivia"",""parent"":909}]",[],"{""id"":20005,""global_id"":""fargounderground.com?id=20005"",""venue"":""Sidestreet Grille &amp; Pub"",""address"":""404 4th Ave N"",""city"":""Fargo"",""country"":""United States"",""province"":""ND"",""state"":""ND"",""zip"":""58102-4810"",""website"":""https://www.facebook.com/SidestreetGrilleandPub/"",""url"":""https://fargounderground.com/venue/sidestreet-grille-pub/"",""geo_lat"":46.8798407,""geo_lng"":-96.7849167,""show_map"":true,""show_map_link"":true}",[],Hey There & Howdy Trivia Hounds! Tuesdays just got that much better with Two Lanterns Trivia at the Sidestreet in Downtown Fargo! Test your trivial knowledge for the chance to win FREE drinks or get ZONKED with everybody’s favorite Game-within-the-Game “WHAT’S IN THE BAG?!” Grand Prize Winners get a $20.00 GIFT CARD! Come on out…It’s sure to be a fun time!,,"{""url"":""https://fargounderground.com/wp-content/uploads/2023/04/340613979_592852209440315_7275928061751749308_n-jpg-webp.webp"",""id"":157565,""extension"":""webp"",""width"":1200,""height"":630}",[],false,false,,,2024-03-05 17:07:55,2024-03-05 23:07:55,false,false,,,
2026-09-30T20:20:26Z,fargounderground.com,https://fargounderground.com/wp-json/tribe/events/v1/events,102,10056186,fargounderground.com?id=10056186,Boss’ Comedy Club Open Mic,2028-09-26 20:00:00,2028-09-27 01:00:00,2028-09-26 23:00:00,2028-09-27 04:00:00,America/Chicago,false,false,publish,https://fargounderground.com/event/boss-comedy-club-open-mic-2/2028-09-26/,,,Free,"{""currency_symbol"":""$"",""currency_code"":""USD"",""currency_position"":""prefix"",""values"":[""0""]}","[{""id"":432,""name"":""Comedy"",""slug"":""comedy-arts-entertainment"",""parent"":909},{""id"":369,""name"":""Open Mic &amp; Jam"",""slug"":""open-mic-jam"",""parent"":909}]",[],"{""id"":144938,""global_id"":""fargounderground.com?id=144938"",""venue"":""Boss&#8217; Comedy Club Fargo"",""address"":""228 Broadway N"",""city"":""Fargo"",""country"":""United States"",""province"":""North Dakota"",""zip"":""58102"",""website"":""https://www.bosspizzaandchicken.com/"",""phone"":""(701) 997-2677"",""url"":""https://fargounderground.com/venue/boss-comedy-club-fargo/"",""show_map"":true,""show_map_link"":true}",[],Come out this Thursday and enjoy the areas best comedians work on their Material… For Free! Want to try stand-up comedy yourself? First Timers & New Comedians are always encouraged. While you’re here enjoy Boss’s Full Menu also available in the Comedy Club. Sign up at 7:30 pm. Show at 8 pm. All are welcome!,,"{""url"":""https://fargounderground.com/wp-content/uploads/2022/12/boss-comedy-club-jpg-webp.webp"",""id"":144939,""extension"":""webp"",""width"":1420,""height"":640}",[],false,false,,,2023-04-27 14:31:21,2023-04-27 19:31:21,false,false,,,
2026-09-30T20:20:26Z,fargounderground.com,https://fargounderground.com/wp-json/tribe/events/v1/events,102,10065357,fargounderground.com?id=10065357,Open Mic Comedy,2028-09-26 20:00:00,2028-09-27 01:00:00,2028-09-26 22:00:00,2028-09-27 03:00:00,America/Chicago,false,false,publish,https://fargounderground.com/event/open-mic-comedy-6/2028-09-26/,https://www.facebook.com/Bosscomedyclubfargo/,,,"{""currency_symbol"":"""",""currency_code"":"""",""currency_position"":""prefix"",""values"":[]}","[{""id"":432,""name"":""Comedy"",""slug"":""comedy-arts-entertainment"",""parent"":909},{""id"":369,""name"":""Open Mic &amp; Jam"",""slug"":""open-mic-jam"",""parent"":909}]",[],"{""id"":144938,""global_id"":""fargounderground.com?id=144938"",""venue"":""Boss&#8217; Comedy Club Fargo"",""address"":""228 Broadway N"",""city"":""Fargo"",""country"":""United States"",""province"":""North Dakota"",""zip"":""58102"",""website"":""https://www.bosspizzaandchicken.com/"",""phone"":""(701) 997-2677"",""url"":""https://fargounderground.com/venue/boss-comedy-club-fargo/"",""show_map"":true,""show_map_link"":true}",[],Open Mic Comedy at Boss’s Every Tuesday Night Try your hand on the stage for free! Sign up at 7:30 pm; Mic Starts at 8 pm,,"{""url"":""https://fargounderground.com/wp-content/uploads/2023/08/Boss-Comedy-Open-Mic-jpg-webp.webp"",""id"":168876,""extension"":""webp"",""width"":1420,""height"":640}",[],false,false,,,2023-09-05 14:26:50,2023-09-05 19:26:50,false,false,,,
2026-09-30T20:20:26Z,fargounderground.com,https://fargounderground.com/wp-json/tribe/events/v1/events,102,10066855,fargounderground.com?id=10066855,Karaoke at Dempsey’s,2028-09-26 21:00:00,2028-09-27 02:00:00,2028-09-27 02:00:00,2028-09-27 07:00:00,America/Chicago,false,false,publish,https://fargounderground.com/event/karaoke-at-dempseys-59-2/2028-09-26/,,,Free,"{""currency_symbol"":""$"",""currency_code"":""USD"",""currency_position"":""prefix"",""values"":[""free""]}","[{""id"":368,""name"":""Karaoke"",""slug"":""karaoke"",""parent"":909}]",[],"{""id"":91157,""global_id"":""fargounderground.com?id=91157"",""venue"":""Dempsey’s Public House"",""address"":""226 Broadway N"",""city"":""Fargo"",""country"":""United States"",""province"":""ND"",""zip"":""58102"",""website"":""https://dempseysfargo.com/"",""url"":""https://fargounderground.com/venue/dempseys-public-house-2/"",""geo_lat"":46.8789764,""geo_lng"":-96.7882596,""show_map"":true,""show_map_link"":true}",[],"Dempsey’s has been named the Best Karaoke bar in Fargo for a reason! Sing your heart out during our FREE Karaoke night, every Tuesday and Saturday. It’s legendary!",,"{""url"":""https://fargounderground.com/wp-content/uploads/2022/11/karaoke-dempseys-0BUCH0.tmp_.png"",""id"":142666,""extension"":""png"",""width"":945,""height"":532}",[],false,false,,,2023-09-18 17:10:07,2023-09-18 22:10:07,false,false,,,
2026-09-30T20:20:26Z,fargounderground.com,https://fargounderground.com/wp-json/tribe/events/v1/events,102,10056413,fargounderground.com?id=10056413,Pickabob Grill & BBQ,2028-09-27 11:00:00,2028-09-27 16:00:00,2028-09-27 22:00:00,2028-09-28 03:00:00,America/Chicago,false,false,publish,https://fargounderground.com/event/pickabob-grill-bbq/2028-09-27/,,,,"{""currency_symbol"":""$"",""currency_code"":""USD"",""currency_position"":""prefix"",""values"":[]}","[{""id"":825,""name"":""Food Trucks"",""slug"":""food-trucks"",""parent"":372}]",[],"{""id"":160212,""global_id"":""fargounderground.com?id=160212"",""venue"":""Great Northern Park"",""address"":""425 Broadway N"",""city"":""Fargo"",""country"":""United States"",""province"":""North Dakota"",""zip"":""58102"",""url"":""https://fargounderground.com/venue/great-northern-park/"",""show_map"":true,""show_map_link"":true}",[],,,false,[],false,false,,,2023-06-16 10:57:07,2023-06-16 15:57:07,false,false,,,
2026-09-30T20:20:26Z,fargounderground.com,https://fargounderground.com/wp-json/tribe/events/v1/events,102,10060426,fargounderground.com?id=10060426,Discount Skate Night,2028-09-27 18:00:00,2028-09-27 23:00:00,2028-09-27 20:00:00,2028-09-28 01:00:00,America/Chicago,false,false,publish,https://fargounderground.com/event/discount-skate-night/2028-09-27/,https://www.skatecitynd.com/2024/02/discount-night/,,$6,"{""currency_symbol"":""$"",""currency_code"":""USD"",""currency_position"":""prefix"",""values"":[""6""]}","[{""id"":1298,""name"":""Active &amp; Social Events"",""slug"":""active-social-events"",""parent"":909},{""id"":374,""name"":""Families &amp; Kids"",""slug"":""families-kids"",""parent"":361}]",[],"{""id"":145039,""global_id"":""fargounderground.com?id=145039"",""venue"":""Skate City ND"",""address"":""3302 Interstate Blvd S"",""city"":""Fargo"",""country"":""United States"",""province"":""North Dakota"",""zip"":""58103"",""website"":""skatecitynd.com"",""phone"":""(701) 235-0555"",""url"":""https://fargounderground.com/venue/skate-city-nd/"",""show_map"":true,""show_map_link"":true}",[],"Catering to families and skaters of all ages and skill levels. Join us for a midweek session with discounted admission! Just $6 per skater, plus $4.00 skate rental if needed. Family Night Out Discount Night is a great way to get some midweek fun for the whole family at a great rate. Bring friends and extended family for good music, games and food! Groups & Clubs Whether you’re in a college club, book club or sports team, our group rates can’t be beaten! Reserve your group of 15 or more skaters at get admission for $6 per skater, which includes choice of rental! Daycares & Youth Groups Skating is a great way to get your daycare or youth group out for a night of fun! This midweek session is a great opportunity. Reserve a group of 15 or more and get our group rates – just $6 per skater, which includes choice of skate rental! Groups also get our meal deal (hotdogs, chips, and small drink) for just $5 per skater.",,"{""url"":""https://fargounderground.com/wp-content/uploads/2025/09/Discount-Skate-TV-Slide.png"",""id"":263371,""extension"":""png"",""width"":1920,""height"":1080}","{""_ecp_custom_2"":{""label"":""Region"",""value"":""Fargo""}}",false,false,,,2025-09-06 19:23:30,2025-09-07 00:23:30,true,true,,,
2026-09-30T20:20:26Z,fargounderground.com,https://fargounderground.com/wp-json/tribe/events/v1/events,102,10054513,fargounderground.com?id=10054513,Taco Night and Bingo!,2028-09-27 18:00:00,2028-09-27 23:00:00,2028-09-27 20:00:00,2028-09-28 01:00:00,America/Chicago,false,false,publish,https://fargounderground.com/event/taco-night-and-bingo-31/2028-09-27/,,,Free,"{""currency_symbol"":""$"",""currency_code"":""USD"",""currency_position"":""prefix"",""values"":[""0""]}","[{""id"":372,""name"":""Food &amp; Drink"",""slug"":""food-drink"",""parent"":0},{""id"":370,""name"":""Trivia &amp; Bingo"",""slug"":""trivia"",""parent"":909}]",[],"{""id"":91157,""global_id"":""fargounderground.com?id=91157"",""venue"":""Dempsey’s Public House"",""address"":""226 Broadway N"",""city"":""Fargo"",""country"":""United States"",""province"":""ND"",""zip"":""58102"",""website"":""https://dempseysfargo.com/"",""url"":""https://fargounderground.com/venue/dempseys-public-house-2/"",""geo_lat"":46.8789764,""geo_lng"":-96.7882596,""show_map"":true,""show_map_link"":true}",[],Play FREE Bingo from 6 – 8pm! Get $1 Tacos from 4 – 9pm!,,"{""url"":""https://fargounderground.com/wp-content/uploads/2022/11/taco-night-dempseys-dhBTti.tmp_.png"",""id"":142669,""extension"":""png"",""width"":945,""height"":532}",[],false,false,,,2023-03-28 17:45:42,2023-03-28 22:45:42,false,false,,,
2026-09-30T20:20:26Z,fargounderground.com,https://fargounderground.com/wp-json/tribe/events/v1/events,102,10067348,fargounderground.com?id=10067348,Harold’s Karaoke Party,2028-09-27 20:00:00,2028-09-28 01:00:00,2028-09-28 01:00:00,2028-09-28 06:00:00,America/Chicago,false,false,publish,https://fargounderground.com/event/harolds-karaoke-party-2/2028-09-27/,,,Free,"{""currency_symbol"":""$"",""currency_code"":""USD"",""currency_position"":""prefix"",""values"":[""0""]}","[{""id"":368,""name"":""Karaoke"",""slug"":""karaoke"",""parent"":909}]",[],"{""id"":146111,""global_id"":""fargounderground.com?id=146111"",""venue"":""Harold&#8217;s on Main"",""address"":""1330 Main Ave"",""city"":""Moorhead"",""country"":""United States"",""province"":""MN"",""zip"":""56560"",""website"":""https://www.facebook.com/HaroldsOnMain/"",""phone"":""(218) 233-3477"",""url"":""https://fargounderground.com/venue/harolds-on-main-2/"",""geo_lat"":46.8748909,""geo_lng"":-96.8000869,""show_map"":true,""show_map_link"":true}",[],✨🎤 HARAOKE – Karaoke at Harold’s! Every Wednesday at 8pm 🎤✨,,"{""url"":""https://fargounderground.com/wp-content/uploads/2023/04/harolds-karaoke-jpg-webp.webp"",""id"":156209,""extension"":""webp"",""width"":1920,""height"":1080}",[],false,false,,,2023-09-18 17:09:27,2023-09-18 22:09:27,false,false,,,
2026-09-30T20:20:26Z,fargounderground.com,https://fargounderground.com/wp-json/tribe/events/v1/events,102,10067769,fargounderground.com?id=10067769,Open Mic Comedy in the Cellar,2028-09-27 20:00:00,2028-09-28 01:00:00,2028-09-27 21:30:00,2028-09-28 02:30:00,America/Chicago,false,false,publish,https://fargounderground.com/event/open-mic-comedy-in-the-cellar-3/2028-09-27/,,,Free,"{""currency_symbol"":""$"",""currency_code"":""USD"",""currency_position"":""prefix"",""values"":[""0""]}","[{""id"":432,""name"":""Comedy"",""slug"":""comedy-arts-entertainment"",""parent"":909},{""id"":359,""name"":""Nightlife"",""slug"":""nightlife"",""parent"":909},{""id"":369,""name"":""Open Mic &amp; Jam"",""slug"":""open-mic-jam"",""parent"":909}]","[{""name"":""Comedy"",""slug"":""comedy"",""term_group"":0,""term_taxonomy_id"":310,""taxonomy"":""post_tag"",""description"":"""",""parent"":0,""count"":86,""filter"":""raw"",""id"":310,""urls"":{""self"":""https://fargounderground.com/wp-json/tribe/events/v1/tags/310"",""collection"":""https://fargounderground.com/wp-json/tribe/events/v1/tags""}}]","{""id"":121817,""global_id"":""fargounderground.com?id=121817"",""venue"":""The Cellar Comedy Club"",""address"":""614 Main Ave"",""city"":""Fargo"",""country"":""United States"",""province"":""ND"",""state"":""ND"",""zip"":""58103"",""website"":""https://www.fargomoorhead.org/venue/the-cellar-comedy-club/"",""url"":""https://fargounderground.com/venue/the-cellar-comedy-club/"",""geo_lat"":46.8741865,""geo_lng"":-96.7888348,""show_map"":true,""show_map_link"":true}","[{""id"":189866,""global_id"":""fargounderground.com?id=189866"",""organizer"":""The Cellar Comedy Club"",""url"":""https://fargounderground.com/organizer/"",""website"":""https://www.frontstreettaproom.com/comedyinthecellar"",""phone"":""(701) 566-7226"",""email"":""frontstreettaproom@gmail.com""}]","Open Mic Comedy Every Wednesday Night Doors open at 7pm Sign-up at 7:30pm Show starts at 8pm Up to 25 Comedians 3 or 5 Minute Sets Free Event No Ticket Required 21+ STAGE TIME IS NOT GUARANTEED Comedy in the Cellar Underground Comedy Club Below Front Street Taproom Downtown Fargo, ND",,"{""url"":""https://fargounderground.com/wp-content/uploads/2025/11/Open-Mic-Comedy-Cover.jpg"",""id"":284169,""extension"":""jpg"",""width"":2000,""height"":2000}","{""_ecp_custom_2"":{""label"":""Region"",""value"":""Fargo""}}",false,false,,,2025-11-13 12:49:52,2025-11-13 18:49:52,true,true,,,
2026-09-30T20:20:26Z,fargounderground.com,https://fargounderground.com/wp-json/tribe/events/v1/events,102,10056414,fargounderground.com?id=10056414,Pickabob Grill & BBQ,2028-09-28 11:00:00,2028-09-28 16:00:00,2028-09-28 22:00:00,2028-09-29 03:00:00,America/Chicago,false,false,publish,https://fargounderground.com/event/pickabob-grill-bbq/2028-09-28/,,,,"{""currency_symbol"":""$"",""currency_code"":""USD"",""currency_position"":""prefix"",""values"":[]}","[{""id"":825,""name"":""Food Trucks"",""slug"":""food-trucks"",""parent"":372}]",[],"{""id"":160212,""global_id"":""fargounderground.com?id=160212"",""venue"":""Great Northern Park"",""address"":""425 Broadway N"",""city"":""Fargo"",""country"":""United States"",""province"":""North Dakota"",""zip"":""58102"",""url"":""https://fargounderground.com/venue/great-northern-park/"",""show_map"":true,""show_map_link"":true}",[],,,false,[],false,false,,,2023-06-16 10:57:07,2023-06-16 15:57:07,false,false,,,
2026-09-30T20:20:26Z,fargounderground.com,https://fargounderground.com/wp-json/tribe/events/v1/events,102,10054868,fargounderground.com?id=10054868,Free Dog Night and Rock & Roll Bingo!,2028-09-28 18:00:00,2028-09-28 23:00:00,2028-09-28 20:00:00,2028-09-29 01:00:00,America/Chicago,false,false,publish,https://fargounderground.com/event/free-dog-night-and-rock-roll-bingo-31/2028-09-28/,,,Free,"{""currency_symbol"":""$"",""currency_code"":""USD"",""currency_position"":""prefix"",""values"":[""0""]}","[{""id"":372,""name"":""Food &amp; Drink"",""slug"":""food-drink"",""parent"":0},{""id"":370,""name"":""Trivia &amp; Bingo"",""slug"":""trivia"",""parent"":909}]",[],"{""id"":91157,""global_id"":""fargounderground.com?id=91157"",""venue"":""Dempsey’s Public House"",""address"":""226 Broadway N"",""city"":""Fargo"",""country"":""United States"",""province"":""ND"",""zip"":""58102"",""website"":""https://dempseysfargo.com/"",""url"":""https://fargounderground.com/venue/dempseys-public-house-2/"",""geo_lat"":46.8789764,""geo_lng"":-96.7882596,""show_map"":true,""show_map_link"":true}",[],Play FREE Rock & Roll Bingo from 6 – 8pm! Get FREE Hot Dogs from 4 – 9pm!,,"{""url"":""https://fargounderground.com/wp-content/uploads/2022/11/hot-dog-night-tO0mPR.tmp_.png"",""id"":142672,""extension"":""png"",""width"":945,""height"":532}",[],false,false,,,2023-03-28 17:49:54,2023-03-28 22:49:54,false,false,,,
2026-09-30T20:20:26Z,fargounderground.com,https://fargounderground.com/wp-json/tribe/events/v1/events,102,10052560,fargounderground.com?id=10052560,Full Circle Open Mic,2028-09-28 19:00:00,2028-09-29 00:00:00,2028-09-28 22:00:00,2028-09-29 03:00:00,America/Chicago,false,false,publish,https://fargounderground.com/event/full-circle-open-mic/2028-09-28/,,,Free,"{""currency_symbol"":""$"",""currency_code"":""USD"",""currency_position"":""prefix"",""values"":[""0""]}","[{""id"":369,""name"":""Open Mic &amp; Jam"",""slug"":""open-mic-jam"",""parent"":909}]",[],"{""id"":144429,""global_id"":""fargounderground.com?id=144429"",""venue"":""Black Coffee and Waffle Bar Fargo"",""address"":""550 2nd Ave N"",""city"":""Fargo"",""country"":""United States"",""province"":""North Dakota"",""zip"":""58102"",""website"":""https://blackcoffeeandwaffle.com/"",""phone"":""701-566-8749"",""url"":""https://fargounderground.com/venue/black-coffee-and-waffle-bar-fargo/"",""show_map"":true,""show_map_link"":true}",[],"Every Thursday is open mic night! Come out and tell a few jokes, sing your heart out, or read poetry. Hosted at Black Coffee and Waffle bar in downtown Fargo, ND.",,"{""url"":""https://fargounderground.com/wp-content/uploads/2022/12/314756703_10228005485586320_4750178534703107090_n-jpg-webp.webp"",""id"":144430,""extension"":""webp"",""width"":1800,""height"":1200}",[],false,false,,,2023-01-20 12:43:36,2023-01-20 18:43:36,false,false,,,
2026-09-30T20:20:26Z,fargounderground.com,https://fargounderground.com/wp-json/tribe/events/v1/events,102,10065490,fargounderground.com?id=10065490,Thursday Night Trivia at Downtown Fargo VFW,2028-09-28 19:00:00,2028-09-29 00:00:00,2028-09-28 21:00:00,2028-09-29 02:00:00,America/Chicago,false,false,publish,https://fargounderground.com/event/thursday-night-trivia-at-downtown-fargo-vfw-2/2028-09-28/,,,,"{""currency_symbol"":""$"",""currency_code"":""USD"",""currency_position"":""prefix"",""values"":[]}","[{""id"":370,""name"":""Trivia &amp; Bingo"",""slug"":""trivia"",""parent"":909}]",[],"{""id"":49586,""global_id"":""fargounderground.com?id=49586"",""venue"":""Fargo VFW Club, Post 762"",""address"":""202 Broadway N"",""city"":""Fargo"",""country"":""United States"",""province"":""ND"",""zip"":""58102"",""website"":""https://www.fargomoorhead.org/venue/fargo-vfw-club-post-762/"",""url"":""https://fargounderground.com/venue/vfw-coors-light-chili-cookoff/"",""geo_lat"":46.8781689,""geo_lng"":-96.7881193,""show_map"":true,""show_map_link"":true}",[],Looking for some fun on a Thursday night? Look no further than the Downtown Fargo VFW! Here’s what to look forward to: *FREE to Play! *Win FREE Drinks or Get Zonked with “WHAT’S IN THE BAG?!” *Paper Airline Contest at the End of Every Game! Come out…Bring your friends…And join in the fun!,,"{""url"":""https://fargounderground.com/wp-content/uploads/2023/04/340653856_254607436910250_5743893530831022969_n-jpg-webp.webp"",""id"":157568,""extension"":""webp"",""width"":1920,""height"":1005}",[],false,false,,,2023-09-05 14:45:31,2023-09-05 19:45:31,false,false,,,
2026-09-30T20:20:26Z,fargounderground.com,https://fargounderground.com/wp-json/tribe/events/v1/events,102,10043018,fargounderground.com?id=10043018,Belly Dance for Beginners,2028-09-28 19:30:00,2028-09-29 00:30:00,2028-09-28 20:30:00,2028-09-29 01:30:00,America/Chicago,false,false,publish,https://fargounderground.com/event/belly-dance-for-beginners/2028-09-28/,https://facebook.com/mindakbellydance,,$10,"{""currency_symbol"":""$"",""currency_code"":"""",""currency_position"":""prefix"",""values"":[""10""]}","[{""id"":362,""name"":""Classes &amp; Workshops"",""slug"":""classes-workshops"",""parent"":409},{""id"":412,""name"":""Culture &amp; Heritage"",""slug"":""culture"",""parent"":428},{""id"":569,""name"":""Fitness &amp; Yoga"",""slug"":""fitness-yoga"",""parent"":897}]",[],"{""id"":100299,""global_id"":""fargounderground.com?id=100299"",""venue"":""FM Aerial &amp; Movement Arts"",""address"":""508 Oak St. N Suite A"",""city"":""Fargo, ND"",""state"":""ND"",""zip"":""58102"",""website"":""fmaerial.com"",""phone"":""7012033448"",""url"":""https://fargounderground.com/venue/fm-aerial-movement-arts/"",""geo_lat"":46.88134,""geo_lng"":-96.779159,""show_map"":true,""show_map_link"":true}",[],"MinDak Belly Dance teaches belly dance classes in the Fargo-Moorhead area. Beginning belly dance teaches the foundations of Middle Eastern dance. You will learn belly dance posture and movements including shimmys, isolations, hip bumps, and more! No experience necessary! $10 cash at the door $10 coin belts available for purchase to enhance your dance! We meet weekly at FM AERIAL MOVEMENT ARTS 508 Oak St N Fargo EVERY Thursday from 7:30 pm-8:30 pm",,"{""url"":""https://fargounderground.com/wp-content/uploads/2023/06/MDBD-FLYER-jpg.webp"",""id"":188808,""extension"":""webp"",""width"":695,""height"":900}","{""_ecp_custom_2"":{""label"":""Region"",""value"":""Fargo""}}",false,false,,,2024-03-28 14:09:15,2024-03-28 19:09:15,true,true,,,
2026-09-30T20:20:26Z,fargounderground.com,https://fargounderground.com/wp-json/tribe/events/v1/events,102,10043719,fargounderground.com?id=10043719,🖤 Poetry Night 🖤,2028-09-28 20:00:00,2028-09-29 01:00:00,2028-09-28 22:00:00,2028-09-29 03:00:00,America/Chicago,false,false,publish,https://fargounderground.com/event/%f0%9f%96%a4-poetry-night-%f0%9f%96%a4/2028-09-28/,,,Free,"{""currency_symbol"":""$"",""currency_code"":""USD"",""currency_position"":""prefix"",""values"":[""0""]}","[{""id"":412,""name"":""Culture &amp; Heritage"",""slug"":""culture"",""parent"":428},{""id"":429,""name"":""Literary Arts"",""slug"":""books-readings"",""parent"":428},{""id"":369,""name"":""Open Mic &amp; Jam"",""slug"":""open-mic-jam"",""parent"":909}]",[],"{""id"":20026,""global_id"":""fargounderground.com?id=20026"",""venue"":""The Red Raven"",""address"":""106 7th Street S"",""city"":""Moorhead"",""country"":""United States"",""province"":""ND"",""state"":""MN"",""zip"":""56560"",""url"":""https://fargounderground.com/venue/red-raven-espresso-parlor/"",""geo_lat"":46.8745419,""geo_lng"":-96.7934178,""show_map"":true,""show_map_link"":true}",[],"poetry night back at the Raven! -come and support all the writers and poets of the community -share or listen to poetry, prose, song, rap, verse etc -free to all; no ticket required -hosted @theredraven -MC’D by Lexx Francis (just a black/indigenous queer community member who loves words) (Always the last Thursday of the month!!)",,"{""url"":""https://fargounderground.com/wp-content/uploads/2023/11/402175861_366517092552018_2607369435453580366_n-jpg-webp.webp"",""id"":176410,""extension"":""webp"",""width"":1640,""height"":924}","{""_ecp_custom_2"":{""label"":""Region"",""value"":""Moorhead""}}",false,false,,,2025-08-19 14:56:07,2025-08-19 19:56:07,true,true,,,
2026-09-30T20:20:26Z,fargounderground.com,https://fargounderground.com/wp-json/tribe/events/v1/events,102,10062256,fargounderground.com?id=10062256,College Night Bowling,2028-09-28 22:00:00,2028-09-29 03:00:00,2028-09-29 00:00:00,2028-09-29 05:00:00,America/Chicago,false,false,publish,https://fargounderground.com/event/college-night-bowling/2028-09-28/,,,$8,"{""currency_symbol"":""$"",""currency_code"":""USD"",""currency_position"":""prefix"",""values"":[""8""]}","[{""id"":1298,""name"":""Active &amp; Social Events"",""slug"":""active-social-events"",""parent"":909},{""id"":408,""name"":""College Events"",""slug"":""college-events"",""parent"":361},{""id"":372,""name"":""Food &amp; Drink"",""slug"":""food-drink"",""parent"":0}]",[],"{""id"":146365,""global_id"":""fargounderground.com?id=146365"",""venue"":""Sunset Lanes"",""address"":""620 U.S. 75"",""city"":""Moorhead"",""country"":""United States"",""province"":""MN"",""state"":""MN"",""zip"":""56560"",""website"":""https://bowlingsunset.com/"",""url"":""https://fargounderground.com/venue/sunset-lanes/"",""geo_lat"":46.8818938,""geo_lng"":-96.7431497,""show_map"":true,""show_map_link"":true}",[],"Grab your friends for a night you’ll never forget (well, maybe…..)! $8 all-you-can-bowl from 10 pm to midnight. Mug specials on adult beverages! Get a pizza, drinks, a bowl, and play in the arcade – it doesn’t get any better than that!",,"{""url"":""https://fargounderground.com/wp-content/uploads/2025/09/crw_1240h_620.webp"",""id"":263446,""extension"":""webp"",""width"":1240,""height"":620}","{""_ecp_custom_2"":{""label"":""Region"",""value"":""Moorhead""}}",false,false,,,2025-09-07 12:02:55,2025-09-07 17:02:55,true,true,,,
2026-09-30T20:20:26Z,fargounderground.com,https://fargounderground.com/wp-json/tribe/events/v1/events,102,10056694,fargounderground.com?id=10056694,Pickabob Grill & BBQ,2028-09-29 11:00:00,2028-09-29 16:00:00,2028-09-30 02:30:00,2028-09-30 07:30:00,America/Chicago,false,false,publish,https://fargounderground.com/event/pickabob-grill-bbq-2/2028-09-29/,,,,"{""currency_symbol"":""$"",""currency_code"":""USD"",""currency_position"":""prefix"",""values"":[]}","[{""id"":825,""name"":""Food Trucks"",""slug"":""food-trucks"",""parent"":372}]",[],"{""id"":160212,""global_id"":""fargounderground.com?id=160212"",""venue"":""Great Northern Park"",""address"":""425 Broadway N"",""city"":""Fargo"",""country"":""United States"",""province"":""North Dakota"",""zip"":""58102"",""url"":""https://fargounderground.com/venue/great-northern-park/"",""show_map"":true,""show_map_link"":true}",[],,,false,[],false,false,,,2023-06-16 10:56:57,2023-06-16 15:56:57,false,false,,,
2026-09-30T20:20:26Z,fargounderground.com,https://fargounderground.com/wp-json/tribe/events/v1/events,102,10060165,fargounderground.com?id=10060165,Glow Skate Night,2028-09-29 20:00:00,2028-09-30 01:00:00,2028-09-29 22:00:00,2028-09-30 03:00:00,America/Chicago,false,false,publish,https://fargounderground.com/event/glow-skate-night/2028-09-29/,https://www.skatecitynd.com/2025/07/7334/,,$10,"{""currency_symbol"":""$"",""currency_code"":""USD"",""currency_position"":""prefix"",""values"":[""10""]}","[{""id"":1298,""name"":""Active &amp; Social Events"",""slug"":""active-social-events"",""parent"":909},{""id"":374,""name"":""Families &amp; Kids"",""slug"":""families-kids"",""parent"":361}]",[],"{""id"":145039,""global_id"":""fargounderground.com?id=145039"",""venue"":""Skate City ND"",""address"":""3302 Interstate Blvd S"",""city"":""Fargo"",""country"":""United States"",""province"":""North Dakota"",""zip"":""58103"",""website"":""skatecitynd.com"",""phone"":""(701) 235-0555"",""url"":""https://fargounderground.com/venue/skate-city-nd/"",""show_map"":true,""show_map_link"":true}",[],"This nighttime session brings a great atmosphere with good music to skate to, games, a blackout skate and glow sticks! Every paid skater gets a FREE GLOW STICK! Blackout Skate For a portion of the session, we will black out the rink and side aisle lighting. While there is still enough visibility to navigate the skating floor, the darker environment creates a concert-style atmosphere. When coupled with our glow products, this elevates and enhances your skating experience! Glow Sticks Get a FREE glow stick for every paid skater! We want everyone to enjoy the glow night and create a fun, glowing atmosphere, so we provide every paid skater with a glow stick on us! Great Music & Games We pick great music for dancing and skating for this Friday night session. Nothing pairs with specialty lights and blackout skates like songs with a good rhythm!",,"{""url"":""https://fargounderground.com/wp-content/uploads/2025/09/Glow-Skate-TV.png"",""id"":263362,""extension"":""png"",""width"":1920,""height"":1080}","{""_ecp_custom_2"":{""label"":""Region"",""value"":""Fargo""}}",false,false,,,2025-09-06 19:10:31,2025-09-07 00:10:31,true,true,,,
2026-09-30T20:20:26Z,fargounderground.com,https://fargounderground.com/wp-json/tribe/events/v1/events,102,10061371,fargounderground.com?id=10061371,Cosmic Bowling,2028-09-29 21:30:00,2028-09-30 02:30:00,2028-09-30 00:00:00,2028-09-30 05:00:00,America/Chicago,false,false,publish,https://fargounderground.com/event/cosmic-bowling/2028-09-29/,,,$15,"{""currency_symbol"":""$"",""currency_code"":""USD"",""currency_position"":""prefix"",""values"":[""15""]}","[{""id"":1298,""name"":""Active &amp; Social Events"",""slug"":""active-social-events"",""parent"":909},{""id"":374,""name"":""Families &amp; Kids"",""slug"":""families-kids"",""parent"":361}]",[],"{""id"":263439,""global_id"":""fargounderground.com?id=263439"",""venue"":""West Acres Bowl"",""address"":""3402 Interstate Blvd S"",""city"":""Fargo"",""country"":""United States"",""state"":""ND"",""zip"":""58103"",""phone"":""701-235-4437"",""url"":""https://fargounderground.com/venue/west-acres-bowl/"",""geo_lat"":46.8637495,""geo_lng"":-96.8363583,""show_map"":true,""show_map_link"":true}",[],"Get ready for an out-of-this-world experience at West Acres Bowl with Cosmic Bowling every Friday and Saturday night! 🌌 From 9:30 PM to Midnight, the lights go down and the blacklights turn up. Bowl to the rhythm of great music and enjoy a unique, high-energy atmosphere. Perfect for a night out with friends, a fun date, or a late-night family activity. No reservations are needed—just show up and get ready to glow!",,"{""url"":""https://fargounderground.com/wp-content/uploads/2025/09/Cosmic-Bowling.jpg"",""id"":263436,""extension"":""jpg"",""width"":2348,""height"":1536}","{""_ecp_custom_2"":{""label"":""Region"",""value"":""Fargo""}}",false,false,,,2025-09-07 11:39:17,2025-09-07 16:39:17,true,true,,,
2026-09-30T20:20:26Z,fargounderground.com,https://fargounderground.com/wp-json/tribe/events/v1/events,102,10061893,fargounderground.com?id=10061893,Rock N Bowl,2028-09-29 22:00:00,2028-09-30 03:00:00,2028-09-30 00:00:00,2028-09-30 05:00:00,America/Chicago,false,false,publish,https://fargounderground.com/event/rock-n-bowl/2028-09-29/,https://bowlingsunset.com/rock-n-bowl,,$13,"{""currency_symbol"":""$"",""currency_code"":""USD"",""currency_position"":""prefix"",""values"":[""13""]}","[{""id"":1298,""name"":""Active &amp; Social Events"",""slug"":""active-social-events"",""parent"":909},{""id"":372,""name"":""Food &amp; Drink"",""slug"":""food-drink"",""parent"":0}]",[],"{""id"":146365,""global_id"":""fargounderground.com?id=146365"",""venue"":""Sunset Lanes"",""address"":""620 U.S. 75"",""city"":""Moorhead"",""country"":""United States"",""province"":""MN"",""state"":""MN"",""zip"":""56560"",""website"":""https://bowlingsunset.com/"",""url"":""https://fargounderground.com/venue/sunset-lanes/"",""geo_lat"":46.8818938,""geo_lng"":-96.7431497,""show_map"":true,""show_map_link"":true}",[],"$13 per person. Grab some friends and head over to Sunset Lanes for Rock N Bowl. Sunset Lanes has Qubica’s deckpin lighting and cap lighting. The bar and kitchen are open all night long, so enjoy some food and drinks while you bowl. This event is fun for all ages.",,"{""url"":""https://fargounderground.com/wp-content/uploads/2025/09/rsw_1240h_620cg_true.webp"",""id"":263442,""extension"":""webp"",""width"":1240,""height"":620}","{""_ecp_custom_2"":{""label"":""Region"",""value"":""Moorhead""}}",false,false,,,2025-09-07 11:45:40,2025-09-07 16:45:40,true,true,,,
2026-09-30T20:20:26Z,fargounderground.com,https://fargounderground.com/wp-json/tribe/events/v1/events,102,10060688,fargounderground.com?id=10060688,Saturday Morning Family Skate,2028-09-30 10:00:00,2028-09-30 15:00:00,2028-09-30 12:00:00,2028-09-30 17:00:00,America/Chicago,false,false,publish,https://fargounderground.com/event/saturday-morning-family-skate/2028-09-30/,https://www.skatecitynd.com/2024/02/family-skate/,,$6,"{""currency_symbol"":""$"",""currency_code"":""USD"",""currency_position"":""prefix"",""values"":[""6""]}","[{""id"":1298,""name"":""Active &amp; Social Events"",""slug"":""active-social-events"",""parent"":909},{""id"":374,""name"":""Families &amp; Kids"",""slug"":""families-kids"",""parent"":361}]",[],"{""id"":145039,""global_id"":""fargounderground.com?id=145039"",""venue"":""Skate City ND"",""address"":""3302 Interstate Blvd S"",""city"":""Fargo"",""country"":""United States"",""province"":""North Dakota"",""zip"":""58103"",""website"":""skatecitynd.com"",""phone"":""(701) 235-0555"",""url"":""https://fargounderground.com/venue/skate-city-nd/"",""show_map"":true,""show_map_link"":true}",[],"Catering to families with young skaters, this Saturday morning session offers discounted admission for families along with age-appropriate music and skating aids at half off the regular price! Help for Our Youngest Skaters Our Family Skate is great for our newest skaters! We have Zippy Adjustable Skates, which go over the shoe, have a lower and wider wheel base, and roll more slowly. These are great for learning balance. We also rent Skate Mates for skaters aged 10 and under for $2.50 which is 1/2 off the regular price. Discounted Admission for All As families grow so do the expenses to go out and have fun together. We want to help and so during our Family Skate you can enjoy a lower admission at just $6 per skater. Don’t have your own skates? No problem! Rent your choice of inline or roller skates for just $4.00. Themed Skate Sessions Our Family Skate is a great session to host themed skates throughout the year. Whether celebrating a holiday or creating our own fun with a Superhero Skate, these can feature costumes, festivities and prizes, and themed music! Themed events may have special pricing on Admission.",,"{""url"":""https://fargounderground.com/wp-content/uploads/2025/09/family-skate-TV.png"",""id"":263376,""extension"":""png"",""width"":1920,""height"":1080}","{""_ecp_custom_2"":{""label"":""Region"",""value"":""Fargo""}}",false,false,,,2025-09-06 19:30:43,2025-09-07 00:30:43,true,true,,,
2026-09-30T20:20:26Z,fargounderground.com,https://fargounderground.com/wp-json/tribe/events/v1/events,102,10056798,fargounderground.com?id=10056798,Pickabob Grill & BBQ,2028-09-30 12:00:00,2028-09-30 17:00:00,2028-10-01 02:30:00,2028-10-01 07:30:00,America/Chicago,false,false,publish,https://fargounderground.com/event/pickabob-grill-bbq-3/2028-09-30/,,,,"{""currency_symbol"":""$"",""currency_code"":""USD"",""currency_position"":""prefix"",""values"":[]}","[{""id"":825,""name"":""Food Trucks"",""slug"":""food-trucks"",""parent"":372}]",[],"{""id"":160212,""global_id"":""fargounderground.com?id=160212"",""venue"":""Great Northern Park"",""address"":""425 Broadway N"",""city"":""Fargo"",""country"":""United States"",""province"":""North Dakota"",""zip"":""58102"",""url"":""https://fargounderground.com/venue/great-northern-park/"",""show_map"":true,""show_map_link"":true}",[],,,false,[],false,false,,,2023-06-16 10:54:49,2023-06-16 15:54:49,false,false,,,
2026-09-30T20:20:26Z,fargounderground.com,https://fargounderground.com/wp-json/tribe/events/v1/events,102,10060949,fargounderground.com?id=10060949,Saturday Night Special Skate,2028-09-30 18:00:00,2028-09-30 23:00:00,2028-09-30 21:00:00,2028-10-01 02:00:00,America/Chicago,false,false,publish,https://fargounderground.com/event/saturday-night-special-skate/2028-09-30/,https://www.skatecitynd.com/2025/08/saturday-night-special/,,$6,"{""currency_symbol"":""$"",""currency_code"":""USD"",""currency_position"":""prefix"",""values"":[""6""]}","[{""id"":1298,""name"":""Active &amp; Social Events"",""slug"":""active-social-events"",""parent"":909},{""id"":374,""name"":""Families &amp; Kids"",""slug"":""families-kids"",""parent"":361}]",[],"{""id"":145039,""global_id"":""fargounderground.com?id=145039"",""venue"":""Skate City ND"",""address"":""3302 Interstate Blvd S"",""city"":""Fargo"",""country"":""United States"",""province"":""North Dakota"",""zip"":""58103"",""website"":""skatecitynd.com"",""phone"":""(701) 235-0555"",""url"":""https://fargounderground.com/venue/skate-city-nd/"",""show_map"":true,""show_map_link"":true}",[],"Spend your Saturday Nights skating and jamming with us! Catering to families and skaters of all ages and skill levels. A perfect way to spend your weekend evening all while saving! 3-Hours of skating for just $6 per skater, plus $4.00 skate rental if needed. Family Night Out Saturday Night is a great way to get some weekend fun for the whole family at a great rate. Bring friends and extended family for good music, games and food! Groups & Clubs Whether you’re in a college club, book club or sports team, our group rates can’t be beaten! Reserve your group of 15 or more skaters at get admission for $6 per skater, which includes choice of rental! Birthday Celebrations Skating is the best way to celebrate another year around the sun. Book your party online then invite your friends and family for a party that will stand out from the rest. Parties start as low as just $149. For more information on our great packages – Click Here –",,"{""url"":""https://fargounderground.com/wp-content/uploads/2025/09/Saturday-Night-Special-TV-Slide-7.25-scaled-1-scaled.jpg"",""id"":263379,""extension"":""jpg"",""width"":2560,""height"":1451}","{""_ecp_custom_2"":{""label"":""Region"",""value"":""Fargo""}}",false,false,,,2025-09-06 19:33:55,2025-09-07 00:33:55,true,true,,,
2026-09-30T20:20:26Z,fargounderground.com,https://fargounderground.com/wp-json/tribe/events/v1/events,102,10059905,fargounderground.com?id=10059905,Adult Skate Night,2028-09-30 21:00:00,2028-10-01 02:00:00,2028-09-30 23:00:00,2028-10-01 04:00:00,America/Chicago,false,false,publish,https://fargounderground.com/event/adult-skate-night/2028-09-30/,https://www.skatecitynd.com/2025/08/adult-night/,,$10,"{""currency_symbol"":""$"",""currency_code"":""USD"",""currency_position"":""prefix"",""values"":[""10""]}","[{""id"":1298,""name"":""Active &amp; Social Events"",""slug"":""active-social-events"",""parent"":909},{""id"":909,""name"":""Entertainment"",""slug"":""entertainment"",""parent"":0},{""id"":359,""name"":""Nightlife"",""slug"":""nightlife"",""parent"":909}]",[],"{""id"":173814,""global_id"":""fargounderground.com?id=173814"",""venue"":""Skate City"",""address"":""3302 Interstate Blvd S"",""city"":""Fargo"",""country"":""United States"",""province"":""ND"",""zip"":""58103"",""website"":""https://skatecitynd.com/"",""phone"":""701-235-0555"",""url"":""https://fargounderground.com/venue/"",""geo_lat"":46.865252,""geo_lng"":-96.833748,""show_map"":true,""show_map_link"":true}",[],Catering to our adult crowd looking for a great Saturday Night! This is an 18+ Only Session with less games and more skating. Admission is $10. Skate rental is $4.00 if needed. Observing adults must pay admission.,,"{""url"":""https://fargounderground.com/wp-content/uploads/2025/09/Adult-Night-TV-Slide.jpeg"",""id"":263357,""extension"":""jpeg"",""width"":1920,""height"":1080}","{""_ecp_custom_2"":{""label"":""Region"",""value"":""Fargo""}}",false,false,,,2025-09-06 19:06:57,2025-09-07 00:06:57,true,true,,,
2026-09-30T20:20:26Z,fargounderground.com,https://fargounderground.com/wp-json/tribe/events/v1/events,102,10065069,fargounderground.com?id=10065069,Alibi Karaoke,2028-09-30 21:00:00,2028-10-01 02:00:00,2028-10-01 01:00:00,2028-10-01 06:00:00,America/Chicago,false,false,publish,https://fargounderground.com/event/alibi-karaoke/2028-09-30/,https://fargonddj.com/event/6277439/737366223/alibi-karaoke,,,"{""currency_symbol"":""$"",""currency_code"":""USD"",""currency_position"":""prefix"",""values"":[]}","[{""id"":368,""name"":""Karaoke"",""slug"":""karaoke"",""parent"":909},{""id"":359,""name"":""Nightlife"",""slug"":""nightlife"",""parent"":909}]","[{""name"":""drinks"",""slug"":""drinks"",""term_group"":0,""term_taxonomy_id"":74,""taxonomy"":""post_tag"",""description"":"""",""parent"":0,""count"":21,""filter"":""raw"",""id"":74,""urls"":{""self"":""https://fargounderground.com/wp-json/tribe/events/v1/tags/74"",""collection"":""https://fargounderground.com/wp-json/tribe/events/v1/tags""}},{""name"":""Music"",""slug"":""music"",""term_group"":0,""term_taxonomy_id"":29,""taxonomy"":""post_tag"",""description"":"""",""parent"":0,""count"":26,""filter"":""raw"",""id"":29,""urls"":{""self"":""https://fargounderground.com/wp-json/tribe/events/v1/tags/29"",""collection"":""https://fargounderground.com/wp-json/tribe/events/v1/tags""}}]","{""id"":148614,""global_id"":""fargounderground.com?id=148614"",""venue"":""Alibi Lounge"",""address"":""1340 21st Ave S"",""city"":""Fargo"",""province"":""ND"",""zip"":""58103"",""website"":""https://alibi-lounge.business.site/"",""phone"":""(701) 235-3141"",""url"":""https://fargounderground.com/venue/alibi-lounge/"",""geo_lat"":46.8463963,""geo_lng"":-96.8004683,""show_map"":false,""show_map_link"":false}","[{""id"":180416,""global_id"":""fargounderground.com?id=180416"",""organizer"":""D&amp;J Music + Karaoke"",""url"":""https://fargounderground.com/organizer/"",""website"":""https://djmusickaraoke.com/"",""phone"":""‪(701) 566-9525‬"",""email"":""info@djmusickaraoke.com""}]","Join us for another night of Saturday Night Madness including but not limited to drinks, music and gambling at The Alibi Lounge located inside the legendary Baymont Inn, South University Drive Fargo. Bring friends, make friends, and prepare yourself for a night to remember.",,"{""url"":""https://fargounderground.com/wp-content/uploads/2025/10/IMG_6023.jpeg"",""id"":278949,""extension"":""jpeg"",""width"":828,""height"":987}","{""_ecp_custom_2"":{""label"":""Region"",""value"":""Fargo""}}",false,false,,,2025-10-08 11:20:43,2025-10-08 16:20:43,true,true,,,
2026-09-30T20:20:26Z,fargounderground.com,https://fargounderground.com/wp-json/tribe/events/v1/events,102,10066856,fargounderground.com?id=10066856,Karaoke at Dempsey’s,2028-09-30 21:00:00,2028-10-01 02:00:00,2028-10-01 02:00:00,2028-10-01 07:00:00,America/Chicago,false,false,publish,https://fargounderground.com/event/karaoke-at-dempseys-59-2/2028-09-30/,,,Free,"{""currency_symbol"":""$"",""currency_code"":""USD"",""currency_position"":""prefix"",""values"":[""free""]}","[{""id"":368,""name"":""Karaoke"",""slug"":""karaoke"",""parent"":909}]",[],"{""id"":91157,""global_id"":""fargounderground.com?id=91157"",""venue"":""Dempsey’s Public House"",""address"":""226 Broadway N"",""city"":""Fargo"",""country"":""United States"",""province"":""ND"",""zip"":""58102"",""website"":""https://dempseysfargo.com/"",""url"":""https://fargounderground.com/venue/dempseys-public-house-2/"",""geo_lat"":46.8789764,""geo_lng"":-96.7882596,""show_map"":true,""show_map_link"":true}",[],"Dempsey’s has been named the Best Karaoke bar in Fargo for a reason! Sing your heart out during our FREE Karaoke night, every Tuesday and Saturday. It’s legendary!",,"{""url"":""https://fargounderground.com/wp-content/uploads/2022/11/karaoke-dempseys-0BUCH0.tmp_.png"",""id"":142666,""extension"":""png"",""width"":945,""height"":532}",[],false,false,,,2023-09-18 17:10:07,2023-09-18 22:10:07,false,false,,,
2026-09-30T20:20:26Z,fargounderground.com,https://fargounderground.com/wp-json/tribe/events/v1/events,102,10035134,fargounderground.com?id=10035134,Saturday Night Karaoke,2028-09-30 21:00:00,2028-10-01 02:00:00,2028-10-01 01:00:00,2028-10-01 06:00:00,America/Chicago,false,false,publish,https://fargounderground.com/event/saturday-night-karaoke/2028-09-30/,https://djtonyfalcon.com/events,,Free,"{""currency_symbol"":""$"",""currency_code"":""USD"",""currency_position"":""prefix"",""values"":[""0""]}","[{""id"":368,""name"":""Karaoke"",""slug"":""karaoke"",""parent"":909}]",[],"{""id"":148614,""global_id"":""fargounderground.com?id=148614"",""venue"":""Alibi Lounge"",""address"":""1340 21st Ave S"",""city"":""Fargo"",""province"":""ND"",""zip"":""58103"",""website"":""https://alibi-lounge.business.site/"",""phone"":""(701) 235-3141"",""url"":""https://fargounderground.com/venue/alibi-lounge/"",""geo_lat"":46.8463963,""geo_lng"":-96.8004683,""show_map"":false,""show_map_link"":false}","[{""id"":180416,""global_id"":""fargounderground.com?id=180416"",""organizer"":""D&amp;J Music + Karaoke"",""url"":""https://fargounderground.com/organizer/"",""website"":""https://djmusickaraoke.com/"",""phone"":""‪(701) 566-9525‬"",""email"":""info@djmusickaraoke.com""}]","Join DJ Tony Falcon for another night of Saturday Night Madness including but not limited to drinks, music and gambling at The Alibi Lounge located inside the legendary Baymont Inn, South University Drive Fargo. Bring friends, make friends, and prepare yourself for a night to remember. Mics are sanitized after every use.",,"{""url"":""https://fargounderground.com/wp-content/uploads/2024/01/417100139_860174092779522_3296353275171812107_n-jpg-webp.webp"",""id"":180465,""extension"":""webp"",""width"":960,""height"":556}","{""_ecp_custom_2"":{""label"":""Region"",""value"":""Fargo""}}",false,false,,,2025-08-24 12:42:10,2025-08-24 17:42:10,true,true,,,
2026-09-30T20:20:26Z,fargounderground.com,https://fargounderground.com/wp-json/tribe/events/v1/events,102,10043066,fargounderground.com?id=10043066,Vic’s Karaoke,2028-09-30 21:00:00,2028-10-01 02:00:00,2028-10-01 02:00:00,2028-10-01 07:00:00,America/Chicago,false,false,publish,https://fargounderground.com/event/vics-karaoke-2-2/2028-09-30/,,,Free,"{""currency_symbol"":""$"",""currency_code"":""USD"",""currency_position"":""prefix"",""values"":[""0""]}","[{""id"":368,""name"":""Karaoke"",""slug"":""karaoke"",""parent"":909}]",[],"{""id"":92621,""global_id"":""fargounderground.com?id=92621"",""venue"":""Vic&#8217;s Bar and Grill"",""address"":""1608 Main Avenue"",""city"":""Moorhead"",""country"":""United States"",""state"":""MN"",""zip"":""56560"",""phone"":""(218) 236-7714"",""url"":""https://fargounderground.com/venue/vics-lounge/"",""geo_lat"":46.8752849,""geo_lng"":-96.7729609,""show_map"":true,""show_map_link"":true}",[],"Join us Saturday nights at Vic’s for karaoke! The singing kicks off at 9 PM, but be sure to come early for the awesome specials!",,"{""url"":""https://fargounderground.com/wp-content/uploads/2023/09/429820599_908393177961600_6854180573421060203_n-jpg.webp"",""id"":189042,""extension"":""webp"",""width"":2048,""height"":1152}",[],false,false,,,2024-03-31 10:42:51,2024-03-31 15:42:51,false,false,,,
2026-09-30T20:20:26Z,fargounderground.com,https://fargounderground.com/wp-json/tribe/events/v1/events,102,10061372,fargounderground.com?id=10061372,Cosmic Bowling,2028-09-30 21:30:00,2028-10-01 02:30:00,2028-10-01 00:00:00,2028-10-01 05:00:00,America/Chicago,false,false,publish,https://fargounderground.com/event/cosmic-bowling/2028-09-30/,,,$15,"{""currency_symbol"":""$"",""currency_code"":""USD"",""currency_position"":""prefix"",""values"":[""15""]}","[{""id"":1298,""name"":""Active &amp; Social Events"",""slug"":""active-social-events"",""parent"":909},{""id"":374,""name"":""Families &amp; Kids"",""slug"":""families-kids"",""parent"":361}]",[],"{""id"":263439,""global_id"":""fargounderground.com?id=263439"",""venue"":""West Acres Bowl"",""address"":""3402 Interstate Blvd S"",""city"":""Fargo"",""country"":""United States"",""state"":""ND"",""zip"":""58103"",""phone"":""701-235-4437"",""url"":""https://fargounderground.com/venue/west-acres-bowl/"",""geo_lat"":46.8637495,""geo_lng"":-96.8363583,""show_map"":true,""show_map_link"":true}",[],"Get ready for an out-of-this-world experience at West Acres Bowl with Cosmic Bowling every Friday and Saturday night! 🌌 From 9:30 PM to Midnight, the lights go down and the blacklights turn up. Bowl to the rhythm of great music and enjoy a unique, high-energy atmosphere. Perfect for a night out with friends, a fun date, or a late-night family activity. No reservations are needed—just show up and get ready to glow!",,"{""url"":""https://fargounderground.com/wp-content/uploads/2025/09/Cosmic-Bowling.jpg"",""id"":263436,""extension"":""jpg"",""width"":2348,""height"":1536}","{""_ecp_custom_2"":{""label"":""Region"",""value"":""Fargo""}}",false,false,,,2025-09-07 11:39:17,2025-09-07 16:39:17,true,true,,,
2026-09-30T20:20:26Z,fargounderground.com,https://fargounderground.com/wp-json/tribe/events/v1/events,102,10061894,fargounderground.com?id=10061894,Rock N Bowl,2028-09-30 22:00:00,2028-10-01 03:00:00,2028-10-01 00:00:00,2028-10-01 05:00:00,America/Chicago,false,false,publish,https://fargounderground.com/event/rock-n-bowl/2028-09-30/,https://bowlingsunset.com/rock-n-bowl,,$13,"{""currency_symbol"":""$"",""currency_code"":""USD"",""currency_position"":""prefix"",""values"":[""13""]}","[{""id"":1298,""name"":""Active &amp; Social Events"",""slug"":""active-social-events"",""parent"":909},{""id"":372,""name"":""Food &amp; Drink"",""slug"":""food-drink"",""parent"":0}]",[],"{""id"":146365,""global_id"":""fargounderground.com?id=146365"",""venue"":""Sunset Lanes"",""address"":""620 U.S. 75"",""city"":""Moorhead"",""country"":""United States"",""province"":""MN"",""state"":""MN"",""zip"":""56560"",""website"":""https://bowlingsunset.com/"",""url"":""https://fargounderground.com/venue/sunset-lanes/"",""geo_lat"":46.8818938,""geo_lng"":-96.7431497,""show_map"":true,""show_map_link"":true}",[],"$13 per person. Grab some friends and head over to Sunset Lanes for Rock N Bowl. Sunset Lanes has Qubica’s deckpin lighting and cap lighting. The bar and kitchen are open all night long, so enjoy some food and drinks while you bowl. This event is fun for all ages.",,"{""url"":""https://fargounderground.com/wp-content/uploads/2025/09/rsw_1240h_620cg_true.webp"",""id"":263442,""extension"":""webp"",""width"":1240,""height"":620}","{""_ecp_custom_2"":{""label"":""Region"",""value"":""Moorhead""}}",false,false,,,2025-09-07 11:45:40,2025-09-07 16:45:40,true,true,,,
