tec_run_started_utc,tec_canonical_host,tec_endpoint,tec_page,event.id,event.global_id,event.title,event.start_date,event.utc_start_date,event.end_date,event.utc_end_date,event.timezone,event.all_day,event.featured,event.status,event.url,event.website,event.purchase_link,event.cost,event.cost_details_json,event.categories_json,event.tags_json,event.venue_json,event.organizer_json,event.description,event.excerpt,event.image_json,event.custom_fields_json,event.hide_from_listings,event.is_virtual,event.virtual_url,event.virtual_video_source,event.modified,event.modified_utc,event.show_map,event.show_map_link,event.subevents_json,event.ticketed,event.ticketed_json
2026-09-30T20:45:37Z,mintmuseum.org,https://www.mintmuseum.org/wp-json/tribe/events/v1/events,16,10002826,www.mintmuseum.org?id=10002826,Free Wednesday Evenings,2028-05-31 17:00:00,2028-05-31 21:00:00,2028-05-31 21:00:00,2028-06-01 01:00:00,America/New_York,false,false,publish,https://www.mintmuseum.org/event/free-admission-nights-2-2-3-2-4/2028-05-31/,,,Free,"{""currency_symbol"":""$"",""currency_code"":""USD"",""currency_position"":""prefix"",""values"":[""0""]}","[{""id"":372,""name"":""Free"",""slug"":""free"",""parent"":0}]",[],"{""id"":8027,""global_id"":""www.mintmuseum.org?id=8027"",""venue"":""Mint Museum Uptown & Randolph"",""city"":""Charlotte"",""country"":""United States"",""state"":""NC"",""url"":""https://www.mintmuseum.org/venue/uptown-randolph/"",""geo_lat"":35.2270869,""geo_lng"":-80.8431267,""show_map"":false,""show_map_link"":false}",[],"The Mint Museum is FREE from 5-9 PM on Wednesdays! For up to date hours, please visit our events calendar mintmuseum.org/events Free Wednesday Evenings is generously presented by Publix Super Market Charities.",,"{""url"":""https://www.mintmuseum.org/wp-content/uploads/2023/12/free-wednesday-evenings-group-in-gallery.jpg"",""id"":62997,""extension"":""jpg"",""width"":1920,""height"":1080}",[],false,false,,,2025-12-12 11:36:01,2025-12-12 16:36:01,true,true,,,
2026-09-30T20:45:37Z,mintmuseum.org,https://www.mintmuseum.org/wp-json/tribe/events/v1/events,16,10004646,www.mintmuseum.org?id=10004646,Lewis Family Gallery,2028-05-31 17:00:00,2028-05-31 21:00:00,2028-05-31 20:00:00,2028-06-01 00:00:00,America/New_York,false,false,publish,https://www.mintmuseum.org/event/lewis-family-gallery-10/2028-05-31/,,,Included with general admission,"{""currency_symbol"":""$"",""currency_code"":""USD"",""currency_position"":""prefix"",""values"":[""included-with-general-admission""]}","[{""id"":29,""name"":""Family Friendly"",""slug"":""family-friendly"",""parent"":0},{""id"":372,""name"":""Free"",""slug"":""free"",""parent"":0}]",[],"{""id"":5337,""global_id"":""www.mintmuseum.org?id=5337"",""venue"":""Mint Museum Uptown"",""url"":""https://www.mintmuseum.org/venue/mint-museum-uptown/"",""geo_lat"":35.224305,""geo_lng"":-80.848151,""show_map"":true,""show_map_link"":true}","[{""id"":54883,""global_id"":""www.mintmuseum.org?id=54883"",""organizer"":""Leslie Strauss"",""url"":""https://www.mintmuseum.org/organizer/leslie-strauss-2/"",""phone"":""704-337-2050"",""email"":""leslie.strauss@mintmuseum.org""}]","Visitors of all ages can play, explore, and learn about the museum collection in the Lewis Family Gallery. This hands-on space provides a creative environment for making art, engaging in building and puzzle challenges, posing for pictures, and stepping into a Romare Bearden collage playhouse. For the safety of visitors, vigorous cleaning protocols are in place. HOURS: Wednesday: 5-8 PM Friday & Saturday: 11 AM-4 PM Sunday: 1-5 PM",,"{""url"":""https://www.mintmuseum.org/wp-content/uploads/2025/01/children-families-hero-1.jpg"",""id"":63445,""extension"":""jpg"",""width"":880,""height"":400}",[],false,false,,,2025-11-25 15:13:52,2025-11-25 20:13:52,true,true,,,
2026-09-30T20:45:37Z,mintmuseum.org,https://www.mintmuseum.org/wp-json/tribe/events/v1/events,16,10007297,www.mintmuseum.org?id=10007297,Wine on Wednesdays,2028-05-31 17:00:00,2028-05-31 21:00:00,2028-05-31 20:30:00,2028-06-01 00:30:00,America/New_York,false,false,publish,https://www.mintmuseum.org/event/wine-on-wednesdays/2028-05-31/,,,Free,"{""currency_symbol"":""$"",""currency_code"":""USD"",""currency_position"":""prefix"",""values"":[""0""]}","[{""id"":34,""name"":""Adult Programs"",""slug"":""adult-programs"",""parent"":0},{""id"":372,""name"":""Free"",""slug"":""free"",""parent"":0}]",[],"{""id"":5337,""global_id"":""www.mintmuseum.org?id=5337"",""venue"":""Mint Museum Uptown"",""url"":""https://www.mintmuseum.org/venue/mint-museum-uptown/"",""geo_lat"":35.224305,""geo_lng"":-80.848151,""show_map"":true,""show_map_link"":true}","[{""id"":68127,""global_id"":""www.mintmuseum.org?id=68127"",""organizer"":""Mint Museum Store"",""url"":""https://www.mintmuseum.org/organizer/mint-museum-store/"",""website"":""https://store.mintmuseum.org/"",""phone"":""7043372061"",""email"":""valeria.vazquez@mintmuseum.org""}]","Join us every Wednesday at The Mint Museum Uptown Store for our beloved Wine on Wednesday event. Sip and shop your way through the evening with $5 glasses of wine, great company, and our incredible selection of items. 🍷 Bar open: 5–8:30 PM | $5 glasses 🛍️ Store open until 9 PM through January.",,"{""url"":""https://www.mintmuseum.org/wp-content/uploads/2026/07/Wine-on-Wednesdays.jpg"",""id"":68139,""extension"":""jpg"",""width"":2048,""height"":1152}",[],false,false,,,2026-07-29 16:07:25,2026-07-29 20:07:25,true,true,,,
2026-09-30T20:45:37Z,petrasbar.com,http://www.petrasbar.com/wp-json/tribe/events/v1/events,5,10002781,petrasbar.com?id=10002781,Karaoke with Klaytastic,2028-05-31 19:00:00,2028-05-31 23:00:00,2028-05-31 19:00:00,2028-05-31 23:00:00,UTC-5,false,false,publish,https://petrasbar.com/event/fckn-karaoke-2022-02-23-2023-08-16-2024-01-24-3-2/2028-05-31/,,,,"{""currency_symbol"":"""",""currency_code"":"""",""currency_position"":"""",""values"":[]}","[{""id"":20,""name"":""Featured"",""slug"":""featured"",""parent"":0},{""id"":21,""name"":""Karaoke"",""slug"":""karaoke"",""parent"":0},{""id"":23,""name"":""Live Music"",""slug"":""music"",""parent"":0}]",[],"{""id"":12652,""global_id"":""petrasbar.com?id=12652"",""venue"":""Petra’s"",""address"":""1919 Commonwealth Avenue"",""city"":""Charlotte"",""country"":""United States"",""province"":""NC"",""state"":""NC"",""zip"":""28205"",""url"":""https://petrasbar.com/venue/petras-2/"",""show_map"":true,""show_map_link"":true}","[{""id"":421,""global_id"":""petrasbar.com?id=421"",""organizer"":""Petra’s"",""url"":""https://petrasbar.com/organizer/petras-bar/""}]",Every Wednesday at Petra’s is the best karaoke party in Charlotte. With host @klaytastic! 7pm-9pm | No Cover 9pm Until | $5 | 21+ (No Exceptions),,"{""url"":""https://petrasbar.com/wp-content/uploads/2025/11/New_Klaytastic-Mailchimp.png"",""id"":38174,""extension"":""png"",""width"":600,""height"":300}",[],false,false,,,2026-06-30 17:46:42,2026-06-30 21:46:42,true,true,,,
2026-09-30T20:45:37Z,mintmuseum.org,https://www.mintmuseum.org/wp-json/tribe/events/v1/events,16,10004906,www.mintmuseum.org?id=10004906,Lewis Family Gallery,2028-06-02 11:00:00,2028-06-02 15:00:00,2028-06-02 16:00:00,2028-06-02 20:00:00,America/New_York,false,false,publish,https://www.mintmuseum.org/event/lewis-family-gallery-2/2028-06-02/,,,Included with general admission,"{""currency_symbol"":""$"",""currency_code"":""USD"",""currency_position"":""prefix"",""values"":[""included-with-general-admission""]}","[{""id"":29,""name"":""Family Friendly"",""slug"":""family-friendly"",""parent"":0},{""id"":372,""name"":""Free"",""slug"":""free"",""parent"":0}]",[],"{""id"":5337,""global_id"":""www.mintmuseum.org?id=5337"",""venue"":""Mint Museum Uptown"",""url"":""https://www.mintmuseum.org/venue/mint-museum-uptown/"",""geo_lat"":35.224305,""geo_lng"":-80.848151,""show_map"":true,""show_map_link"":true}","[{""id"":54883,""global_id"":""www.mintmuseum.org?id=54883"",""organizer"":""Leslie Strauss"",""url"":""https://www.mintmuseum.org/organizer/leslie-strauss-2/"",""phone"":""704-337-2050"",""email"":""leslie.strauss@mintmuseum.org""}]","Visitors of all ages can play, explore, and learn about the museum collection in the Lewis Family Gallery. This hands-on space provides a creative environment for making art, engaging in building and puzzle challenges, posing for pictures, and stepping into a Romare Bearden collage playhouse. For the safety of visitors, vigorous cleaning protocols are in place. HOURS: Wednesday: 5-8 PM Friday & Saturday: 11 AM-4 PM Sunday: 1-5 PM",,"{""url"":""https://www.mintmuseum.org/wp-content/uploads/2025/01/children-families-hero-1.jpg"",""id"":63445,""extension"":""jpg"",""width"":880,""height"":400}",[],false,false,,,2025-01-17 11:20:40,2025-01-17 16:20:40,true,true,,,
2026-09-30T20:45:37Z,mintmuseum.org,https://www.mintmuseum.org/wp-json/tribe/events/v1/events,16,10007946,www.mintmuseum.org?id=10007946,Bank of America Museums on Us,2028-06-03 00:00:00,2028-06-03 04:00:00,2028-06-04 23:59:59,2028-06-05 03:59:59,America/New_York,true,false,publish,https://www.mintmuseum.org/event/bank-of-america-museums-on-us/2028-06-03/,https://about.bankofamerica.com/en/making-an-impact/arts-and-culture#museums-on-us,,Free,"{""currency_symbol"":""$"",""currency_code"":""USD"",""currency_position"":""prefix"",""values"":[""0""]}","[{""id"":372,""name"":""Free"",""slug"":""free"",""parent"":0}]",[],"{""id"":8027,""global_id"":""www.mintmuseum.org?id=8027"",""venue"":""Mint Museum Uptown & Randolph"",""city"":""Charlotte"",""country"":""United States"",""state"":""NC"",""url"":""https://www.mintmuseum.org/venue/uptown-randolph/"",""geo_lat"":35.2270869,""geo_lng"":-80.8431267,""show_map"":false,""show_map_link"":false}","[{""id"":68374,""global_id"":""www.mintmuseum.org?id=68374"",""organizer"":""Romario Brown"",""url"":""https://www.mintmuseum.org/organizer/romario-brown/"",""phone"":""704-337-2130"",""email"":""romario.brown@mintmuseum.org""}]","Bank of America cardholders receive free general admission – during the first full weekend of every month – to cultural institutions across the United States. How to visit: Present your active Bank of America, Merrill or Bank of America Private Bank credit or debit card and valid government issued photo ID (Passport booklet, State ID, Driver License) to receive one free general admission to either museum location. Please review eligibility and terms prior to your visit: Museums on Us is available to Bank of America, Merrill, or Bank of America Private Bank credit and debit cardholders during the first full weekend of every month. The offer is valid for one general admission only per eligible cardholder. Any special exhibitions, ticketed exhibitions, enhanced experiences, or additional offerings are not included and must be purchased separately. This offer is limited to the individual cardholder, is not transferable, does not guarantee admission, and cannot be combined with other offers. Fundraising events are excluded.",,"{""url"":""https://www.mintmuseum.org/wp-content/uploads/2026/09/museums-on-us.jpg"",""id"":68383,""extension"":""jpg"",""width"":1920,""height"":1080}","{""_ecp_custom_2"":{""label"":""Tickets Link"",""value"":""https://about.bankofamerica.com/en/making-an-impact/arts-and-culture#museums-on-us""},""_ecp_custom_3"":{""label"":""Tickets Link Text"",""value"":""Learn more""}}",false,false,,,2026-09-08 13:26:51,2026-09-08 17:26:51,true,true,,,
2026-09-30T20:45:37Z,mintmuseum.org,https://www.mintmuseum.org/wp-json/tribe/events/v1/events,16,10002041,www.mintmuseum.org?id=10002041,Yoga on the Lawn,2028-06-03 10:00:00,2028-06-03 10:00:00,2028-06-03 11:00:00,2028-06-03 11:00:00,UTC+0,false,false,publish,https://www.mintmuseum.org/event/yoga-at-the-mint-3-2-2-3-2-2/2028-06-03/,,,Free – $10,"{""currency_symbol"":""$"",""currency_code"":""USD"",""currency_position"":""prefix"",""values"":[""0"",""10""]}","[{""id"":56,""name"":""All"",""slug"":""all"",""parent"":0},{""id"":18,""name"":""Members"",""slug"":""members"",""parent"":0}]","[{""name"":""yoga at the mint"",""slug"":""yoga-at-the-mint"",""term_group"":0,""term_taxonomy_id"":850,""taxonomy"":""post_tag"",""description"":"""",""parent"":0,""count"":16,""filter"":""raw"",""term_order"":""0"",""id"":850,""urls"":{""self"":""https://www.mintmuseum.org/wp-json/tribe/events/v1/tags/850"",""collection"":""https://www.mintmuseum.org/wp-json/tribe/events/v1/tags""}},{""name"":""yoga on the lawn"",""slug"":""yoga-on-the-lawn"",""term_group"":0,""term_taxonomy_id"":853,""taxonomy"":""post_tag"",""description"":"""",""parent"":0,""count"":15,""filter"":""raw"",""term_order"":""0"",""id"":853,""urls"":{""self"":""https://www.mintmuseum.org/wp-json/tribe/events/v1/tags/853"",""collection"":""https://www.mintmuseum.org/wp-json/tribe/events/v1/tags""}}]","{""id"":5313,""global_id"":""www.mintmuseum.org?id=5313"",""venue"":""Mint Museum Randolph"",""url"":""https://www.mintmuseum.org/venue/mint-museum-randolph/"",""geo_lat"":35.1973424,""geo_lng"":-80.8146806,""show_map"":true,""show_map_link"":true}",[],"Participate in a one-hour yoga class with Dancing Lotus Yoga + Art on select Saturdays on the front lawn, or indoors, at Mint Museum Randolph (weather permitting). Classes are free for Mint members and $10 for nonmembers. During the winter months, this class will be hosted inside Mint Museum Randolph. Members, please contact Alex Gutierrez Mendez, Membership Services Manager, for the online code for free yoga at alex.gutierrez@mintmuseum.org. Registration is required. Register through Dancing Lotus Yoga + Arts here.",,"{""url"":""https://www.mintmuseum.org/wp-content/uploads/2023/09/Yoga-on-the-Lawn.jpg"",""id"":64053,""extension"":""jpg"",""width"":1920,""height"":1080}","{""_ecp_custom_2"":{""label"":""Tickets Link"",""value"":""https://www.dancinglotusnc.com/book-online""},""_ecp_custom_3"":{""label"":""Tickets Link Text"",""value"":""Register here""}}",false,false,,,2025-03-24 16:29:34,2025-03-24 20:29:34,true,true,,,
2026-09-30T20:45:37Z,mintmuseum.org,https://www.mintmuseum.org/wp-json/tribe/events/v1/events,16,10005424,www.mintmuseum.org?id=10005424,Lewis Family Gallery,2028-06-03 11:00:00,2028-06-03 15:00:00,2028-06-03 16:00:00,2028-06-03 20:00:00,America/New_York,false,false,publish,https://www.mintmuseum.org/event/lewis-family-gallery-3/2028-06-03/,,,Included with general admission,"{""currency_symbol"":""$"",""currency_code"":""USD"",""currency_position"":""prefix"",""values"":[""included-with-general-admission""]}","[{""id"":29,""name"":""Family Friendly"",""slug"":""family-friendly"",""parent"":0},{""id"":372,""name"":""Free"",""slug"":""free"",""parent"":0}]",[],"{""id"":5337,""global_id"":""www.mintmuseum.org?id=5337"",""venue"":""Mint Museum Uptown"",""url"":""https://www.mintmuseum.org/venue/mint-museum-uptown/"",""geo_lat"":35.224305,""geo_lng"":-80.848151,""show_map"":true,""show_map_link"":true}","[{""id"":54883,""global_id"":""www.mintmuseum.org?id=54883"",""organizer"":""Leslie Strauss"",""url"":""https://www.mintmuseum.org/organizer/leslie-strauss-2/"",""phone"":""704-337-2050"",""email"":""leslie.strauss@mintmuseum.org""}]","Visitors of all ages can play, explore, and learn about the museum collection in the Lewis Family Gallery. This hands-on space provides a creative environment for making art, engaging in building and puzzle challenges, posing for pictures, and stepping into a Romare Bearden collage playhouse. For the safety of visitors, vigorous cleaning protocols are in place. HOURS: Wednesday: 5-8 PM Friday & Saturday: 11 AM-4 PM Sunday: 1-5 PM",,"{""url"":""https://www.mintmuseum.org/wp-content/uploads/2025/01/children-families-hero-1.jpg"",""id"":63445,""extension"":""jpg"",""width"":880,""height"":400}",[],false,false,,,2025-01-17 11:22:09,2025-01-17 16:22:09,true,true,,,
2026-09-30T20:45:37Z,mintmuseum.org,https://www.mintmuseum.org/wp-json/tribe/events/v1/events,16,10005942,www.mintmuseum.org?id=10005942,Lewis Family Gallery,2028-06-04 13:00:00,2028-06-04 17:00:00,2028-06-04 17:00:00,2028-06-04 21:00:00,America/New_York,false,false,publish,https://www.mintmuseum.org/event/lewis-family-gallery-4/2028-06-04/,,,Included with general admission,"{""currency_symbol"":""$"",""currency_code"":""USD"",""currency_position"":""prefix"",""values"":[""included-with-general-admission""]}","[{""id"":29,""name"":""Family Friendly"",""slug"":""family-friendly"",""parent"":0},{""id"":372,""name"":""Free"",""slug"":""free"",""parent"":0}]",[],"{""id"":5337,""global_id"":""www.mintmuseum.org?id=5337"",""venue"":""Mint Museum Uptown"",""url"":""https://www.mintmuseum.org/venue/mint-museum-uptown/"",""geo_lat"":35.224305,""geo_lng"":-80.848151,""show_map"":true,""show_map_link"":true}","[{""id"":54883,""global_id"":""www.mintmuseum.org?id=54883"",""organizer"":""Leslie Strauss"",""url"":""https://www.mintmuseum.org/organizer/leslie-strauss-2/"",""phone"":""704-337-2050"",""email"":""leslie.strauss@mintmuseum.org""}]","Visitors of all ages can play, explore, and learn about the museum collection in the Lewis Family Gallery. This hands-on space provides a creative environment for making art, engaging in building and puzzle challenges, posing for pictures, and stepping into a Romare Bearden collage playhouse. For the safety of visitors, vigorous cleaning protocols are in place. HOURS: Wednesday: 5-8 PM Friday & Saturday: 11 AM-4 PM Sunday: 1-5 PM",,"{""url"":""https://www.mintmuseum.org/wp-content/uploads/2025/01/children-families-hero-1.jpg"",""id"":63445,""extension"":""jpg"",""width"":880,""height"":400}",[],false,false,,,2025-01-17 11:23:14,2025-01-17 16:23:14,true,true,,,
2026-09-30T20:45:37Z,petrasbar.com,http://www.petrasbar.com/wp-json/tribe/events/v1/events,5,10002343,petrasbar.com?id=10002343,The Bill Hanna Legacy Jazz Session,2028-06-05 19:30:00,2028-06-05 23:30:00,2028-06-05 19:30:00,2028-06-05 23:30:00,UTC-5,false,false,publish,https://petrasbar.com/event/bill-hannas-jazz-session-2024-01-08-2024-01-08-2024-01-15-2/2028-06-05/,https://www.eventbrite.com/e/the-bill-hanna-legacy-jazz-session-tickets-1979869722637,,,"{""currency_symbol"":"""",""currency_code"":"""",""currency_position"":"""",""values"":[]}","[{""id"":20,""name"":""Featured"",""slug"":""featured"",""parent"":0},{""id"":23,""name"":""Live Music"",""slug"":""music"",""parent"":0},{""id"":25,""name"":""Shows"",""slug"":""shows"",""parent"":0}]",[],"{""id"":12652,""global_id"":""petrasbar.com?id=12652"",""venue"":""Petra’s"",""address"":""1919 Commonwealth Avenue"",""city"":""Charlotte"",""country"":""United States"",""province"":""NC"",""state"":""NC"",""zip"":""28205"",""url"":""https://petrasbar.com/venue/petras-2/"",""show_map"":true,""show_map_link"":true}","[{""id"":421,""global_id"":""petrasbar.com?id=421"",""organizer"":""Petra’s"",""url"":""https://petrasbar.com/organizer/petras-bar/""}]","Doors: 7pm Music: 7:30pm – 10pm Tickets: $7 Advance (plus online fees) | $10 At the door • 21+ Bill Hanna was a legend in Charlotte. He was the godfather of Jazz and we’re keeping his legacy alive each and every Monday night. Come join us to see some of Charlotte’s best musicians perform in an intimate setting. Limited seating is 1st come 1st serve. If you’re able to stand, please give your seat to someone who can’t.",,"{""url"":""https://petrasbar.com/wp-content/uploads/2021/06/Hanna_2008_dcoston2.jpeg"",""id"":26780,""extension"":""jpeg"",""width"":2354,""height"":1776}",[],false,false,,,2026-01-06 10:34:53,2026-01-06 15:34:53,true,true,,,
2026-09-30T20:45:37Z,mintmuseum.org,https://www.mintmuseum.org/wp-json/tribe/events/v1/events,16,10001665,www.mintmuseum.org?id=10001665,Yoga at the Mint,2028-06-06 17:15:00,2028-06-06 17:15:00,2028-06-06 18:15:00,2028-06-06 18:15:00,UTC+0,false,false,publish,https://www.mintmuseum.org/event/yoga-at-the-mint-2-4-2-2-2-2-3-3/2028-06-06/,,,Free – $10,"{""currency_symbol"":""$"",""currency_code"":""USD"",""currency_position"":""prefix"",""values"":[""0"",""10""]}","[{""id"":56,""name"":""All"",""slug"":""all"",""parent"":0},{""id"":18,""name"":""Members"",""slug"":""members"",""parent"":0}]",[],"{""id"":5337,""global_id"":""www.mintmuseum.org?id=5337"",""venue"":""Mint Museum Uptown"",""url"":""https://www.mintmuseum.org/venue/mint-museum-uptown/"",""geo_lat"":35.224305,""geo_lng"":-80.848151,""show_map"":true,""show_map_link"":true}",[],"Participate in a one-hour yoga class with Dancing Lotus Yoga + Arts every Tuesday from 5:15-6:15 PM at Mint Museum Uptown. Classes are free for Mint members and $10 for nonmembers. Members, please contact Alex Gutierrez Mendez, Membership Services Manager, for the online code for free yoga at alex.gutierrez@mintmuseum.org. Registration is required. Register through Dancing Lotus Yoga + Arts here.",,"{""url"":""https://www.mintmuseum.org/wp-content/uploads/2023/09/Yoga-at-the-MInt-3.jpg"",""id"":64052,""extension"":""jpg"",""width"":1920,""height"":1080}","{""_ecp_custom_2"":{""label"":""Tickets Link"",""value"":""https://www.dancinglotusnc.com/book-online""},""_ecp_custom_3"":{""label"":""Tickets Link Text"",""value"":""Register here""}}",false,false,,,2026-02-23 15:38:57,2026-02-23 20:38:57,true,true,,,
2026-09-30T20:45:37Z,mintmuseum.org,https://www.mintmuseum.org/wp-json/tribe/events/v1/events,16,10002827,www.mintmuseum.org?id=10002827,Free Wednesday Evenings,2028-06-07 17:00:00,2028-06-07 21:00:00,2028-06-07 21:00:00,2028-06-08 01:00:00,America/New_York,false,false,publish,https://www.mintmuseum.org/event/free-admission-nights-2-2-3-2-4/2028-06-07/,,,Free,"{""currency_symbol"":""$"",""currency_code"":""USD"",""currency_position"":""prefix"",""values"":[""0""]}","[{""id"":372,""name"":""Free"",""slug"":""free"",""parent"":0}]",[],"{""id"":8027,""global_id"":""www.mintmuseum.org?id=8027"",""venue"":""Mint Museum Uptown & Randolph"",""city"":""Charlotte"",""country"":""United States"",""state"":""NC"",""url"":""https://www.mintmuseum.org/venue/uptown-randolph/"",""geo_lat"":35.2270869,""geo_lng"":-80.8431267,""show_map"":false,""show_map_link"":false}",[],"The Mint Museum is FREE from 5-9 PM on Wednesdays! For up to date hours, please visit our events calendar mintmuseum.org/events Free Wednesday Evenings is generously presented by Publix Super Market Charities.",,"{""url"":""https://www.mintmuseum.org/wp-content/uploads/2023/12/free-wednesday-evenings-group-in-gallery.jpg"",""id"":62997,""extension"":""jpg"",""width"":1920,""height"":1080}",[],false,false,,,2025-12-12 11:36:01,2025-12-12 16:36:01,true,true,,,
2026-09-30T20:45:37Z,mintmuseum.org,https://www.mintmuseum.org/wp-json/tribe/events/v1/events,16,10004647,www.mintmuseum.org?id=10004647,Lewis Family Gallery,2028-06-07 17:00:00,2028-06-07 21:00:00,2028-06-07 20:00:00,2028-06-08 00:00:00,America/New_York,false,false,publish,https://www.mintmuseum.org/event/lewis-family-gallery-10/2028-06-07/,,,Included with general admission,"{""currency_symbol"":""$"",""currency_code"":""USD"",""currency_position"":""prefix"",""values"":[""included-with-general-admission""]}","[{""id"":29,""name"":""Family Friendly"",""slug"":""family-friendly"",""parent"":0},{""id"":372,""name"":""Free"",""slug"":""free"",""parent"":0}]",[],"{""id"":5337,""global_id"":""www.mintmuseum.org?id=5337"",""venue"":""Mint Museum Uptown"",""url"":""https://www.mintmuseum.org/venue/mint-museum-uptown/"",""geo_lat"":35.224305,""geo_lng"":-80.848151,""show_map"":true,""show_map_link"":true}","[{""id"":54883,""global_id"":""www.mintmuseum.org?id=54883"",""organizer"":""Leslie Strauss"",""url"":""https://www.mintmuseum.org/organizer/leslie-strauss-2/"",""phone"":""704-337-2050"",""email"":""leslie.strauss@mintmuseum.org""}]","Visitors of all ages can play, explore, and learn about the museum collection in the Lewis Family Gallery. This hands-on space provides a creative environment for making art, engaging in building and puzzle challenges, posing for pictures, and stepping into a Romare Bearden collage playhouse. For the safety of visitors, vigorous cleaning protocols are in place. HOURS: Wednesday: 5-8 PM Friday & Saturday: 11 AM-4 PM Sunday: 1-5 PM",,"{""url"":""https://www.mintmuseum.org/wp-content/uploads/2025/01/children-families-hero-1.jpg"",""id"":63445,""extension"":""jpg"",""width"":880,""height"":400}",[],false,false,,,2025-11-25 15:13:52,2025-11-25 20:13:52,true,true,,,
2026-09-30T20:45:37Z,mintmuseum.org,https://www.mintmuseum.org/wp-json/tribe/events/v1/events,16,10007298,www.mintmuseum.org?id=10007298,Wine on Wednesdays,2028-06-07 17:00:00,2028-06-07 21:00:00,2028-06-07 20:30:00,2028-06-08 00:30:00,America/New_York,false,false,publish,https://www.mintmuseum.org/event/wine-on-wednesdays/2028-06-07/,,,Free,"{""currency_symbol"":""$"",""currency_code"":""USD"",""currency_position"":""prefix"",""values"":[""0""]}","[{""id"":34,""name"":""Adult Programs"",""slug"":""adult-programs"",""parent"":0},{""id"":372,""name"":""Free"",""slug"":""free"",""parent"":0}]",[],"{""id"":5337,""global_id"":""www.mintmuseum.org?id=5337"",""venue"":""Mint Museum Uptown"",""url"":""https://www.mintmuseum.org/venue/mint-museum-uptown/"",""geo_lat"":35.224305,""geo_lng"":-80.848151,""show_map"":true,""show_map_link"":true}","[{""id"":68127,""global_id"":""www.mintmuseum.org?id=68127"",""organizer"":""Mint Museum Store"",""url"":""https://www.mintmuseum.org/organizer/mint-museum-store/"",""website"":""https://store.mintmuseum.org/"",""phone"":""7043372061"",""email"":""valeria.vazquez@mintmuseum.org""}]","Join us every Wednesday at The Mint Museum Uptown Store for our beloved Wine on Wednesday event. Sip and shop your way through the evening with $5 glasses of wine, great company, and our incredible selection of items. 🍷 Bar open: 5–8:30 PM | $5 glasses 🛍️ Store open until 9 PM through January.",,"{""url"":""https://www.mintmuseum.org/wp-content/uploads/2026/07/Wine-on-Wednesdays.jpg"",""id"":68139,""extension"":""jpg"",""width"":2048,""height"":1152}",[],false,false,,,2026-07-29 16:07:25,2026-07-29 20:07:25,true,true,,,
2026-09-30T20:45:37Z,petrasbar.com,http://www.petrasbar.com/wp-json/tribe/events/v1/events,5,10002782,petrasbar.com?id=10002782,Karaoke with Klaytastic,2028-06-07 19:00:00,2028-06-07 23:00:00,2028-06-07 19:00:00,2028-06-07 23:00:00,UTC-5,false,false,publish,https://petrasbar.com/event/fckn-karaoke-2022-02-23-2023-08-16-2024-01-24-3-2/2028-06-07/,,,,"{""currency_symbol"":"""",""currency_code"":"""",""currency_position"":"""",""values"":[]}","[{""id"":20,""name"":""Featured"",""slug"":""featured"",""parent"":0},{""id"":21,""name"":""Karaoke"",""slug"":""karaoke"",""parent"":0},{""id"":23,""name"":""Live Music"",""slug"":""music"",""parent"":0}]",[],"{""id"":12652,""global_id"":""petrasbar.com?id=12652"",""venue"":""Petra’s"",""address"":""1919 Commonwealth Avenue"",""city"":""Charlotte"",""country"":""United States"",""province"":""NC"",""state"":""NC"",""zip"":""28205"",""url"":""https://petrasbar.com/venue/petras-2/"",""show_map"":true,""show_map_link"":true}","[{""id"":421,""global_id"":""petrasbar.com?id=421"",""organizer"":""Petra’s"",""url"":""https://petrasbar.com/organizer/petras-bar/""}]",Every Wednesday at Petra’s is the best karaoke party in Charlotte. With host @klaytastic! 7pm-9pm | No Cover 9pm Until | $5 | 21+ (No Exceptions),,"{""url"":""https://petrasbar.com/wp-content/uploads/2025/11/New_Klaytastic-Mailchimp.png"",""id"":38174,""extension"":""png"",""width"":600,""height"":300}",[],false,false,,,2026-06-30 17:46:42,2026-06-30 21:46:42,true,true,,,
2026-09-30T20:45:37Z,mintmuseum.org,https://www.mintmuseum.org/wp-json/tribe/events/v1/events,16,10004907,www.mintmuseum.org?id=10004907,Lewis Family Gallery,2028-06-09 11:00:00,2028-06-09 15:00:00,2028-06-09 16:00:00,2028-06-09 20:00:00,America/New_York,false,false,publish,https://www.mintmuseum.org/event/lewis-family-gallery-2/2028-06-09/,,,Included with general admission,"{""currency_symbol"":""$"",""currency_code"":""USD"",""currency_position"":""prefix"",""values"":[""included-with-general-admission""]}","[{""id"":29,""name"":""Family Friendly"",""slug"":""family-friendly"",""parent"":0},{""id"":372,""name"":""Free"",""slug"":""free"",""parent"":0}]",[],"{""id"":5337,""global_id"":""www.mintmuseum.org?id=5337"",""venue"":""Mint Museum Uptown"",""url"":""https://www.mintmuseum.org/venue/mint-museum-uptown/"",""geo_lat"":35.224305,""geo_lng"":-80.848151,""show_map"":true,""show_map_link"":true}","[{""id"":54883,""global_id"":""www.mintmuseum.org?id=54883"",""organizer"":""Leslie Strauss"",""url"":""https://www.mintmuseum.org/organizer/leslie-strauss-2/"",""phone"":""704-337-2050"",""email"":""leslie.strauss@mintmuseum.org""}]","Visitors of all ages can play, explore, and learn about the museum collection in the Lewis Family Gallery. This hands-on space provides a creative environment for making art, engaging in building and puzzle challenges, posing for pictures, and stepping into a Romare Bearden collage playhouse. For the safety of visitors, vigorous cleaning protocols are in place. HOURS: Wednesday: 5-8 PM Friday & Saturday: 11 AM-4 PM Sunday: 1-5 PM",,"{""url"":""https://www.mintmuseum.org/wp-content/uploads/2025/01/children-families-hero-1.jpg"",""id"":63445,""extension"":""jpg"",""width"":880,""height"":400}",[],false,false,,,2025-01-17 11:20:40,2025-01-17 16:20:40,true,true,,,
2026-09-30T20:45:37Z,mintmuseum.org,https://www.mintmuseum.org/wp-json/tribe/events/v1/events,16,10002042,www.mintmuseum.org?id=10002042,Yoga on the Lawn,2028-06-10 10:00:00,2028-06-10 10:00:00,2028-06-10 11:00:00,2028-06-10 11:00:00,UTC+0,false,false,publish,https://www.mintmuseum.org/event/yoga-at-the-mint-3-2-2-3-2-2/2028-06-10/,,,Free – $10,"{""currency_symbol"":""$"",""currency_code"":""USD"",""currency_position"":""prefix"",""values"":[""0"",""10""]}","[{""id"":56,""name"":""All"",""slug"":""all"",""parent"":0},{""id"":18,""name"":""Members"",""slug"":""members"",""parent"":0}]","[{""name"":""yoga at the mint"",""slug"":""yoga-at-the-mint"",""term_group"":0,""term_taxonomy_id"":850,""taxonomy"":""post_tag"",""description"":"""",""parent"":0,""count"":16,""filter"":""raw"",""term_order"":""0"",""id"":850,""urls"":{""self"":""https://www.mintmuseum.org/wp-json/tribe/events/v1/tags/850"",""collection"":""https://www.mintmuseum.org/wp-json/tribe/events/v1/tags""}},{""name"":""yoga on the lawn"",""slug"":""yoga-on-the-lawn"",""term_group"":0,""term_taxonomy_id"":853,""taxonomy"":""post_tag"",""description"":"""",""parent"":0,""count"":15,""filter"":""raw"",""term_order"":""0"",""id"":853,""urls"":{""self"":""https://www.mintmuseum.org/wp-json/tribe/events/v1/tags/853"",""collection"":""https://www.mintmuseum.org/wp-json/tribe/events/v1/tags""}}]","{""id"":5313,""global_id"":""www.mintmuseum.org?id=5313"",""venue"":""Mint Museum Randolph"",""url"":""https://www.mintmuseum.org/venue/mint-museum-randolph/"",""geo_lat"":35.1973424,""geo_lng"":-80.8146806,""show_map"":true,""show_map_link"":true}",[],"Participate in a one-hour yoga class with Dancing Lotus Yoga + Art on select Saturdays on the front lawn, or indoors, at Mint Museum Randolph (weather permitting). Classes are free for Mint members and $10 for nonmembers. During the winter months, this class will be hosted inside Mint Museum Randolph. Members, please contact Alex Gutierrez Mendez, Membership Services Manager, for the online code for free yoga at alex.gutierrez@mintmuseum.org. Registration is required. Register through Dancing Lotus Yoga + Arts here.",,"{""url"":""https://www.mintmuseum.org/wp-content/uploads/2023/09/Yoga-on-the-Lawn.jpg"",""id"":64053,""extension"":""jpg"",""width"":1920,""height"":1080}","{""_ecp_custom_2"":{""label"":""Tickets Link"",""value"":""https://www.dancinglotusnc.com/book-online""},""_ecp_custom_3"":{""label"":""Tickets Link Text"",""value"":""Register here""}}",false,false,,,2025-03-24 16:29:34,2025-03-24 20:29:34,true,true,,,
2026-09-30T20:45:37Z,mintmuseum.org,https://www.mintmuseum.org/wp-json/tribe/events/v1/events,16,10005425,www.mintmuseum.org?id=10005425,Lewis Family Gallery,2028-06-10 11:00:00,2028-06-10 15:00:00,2028-06-10 16:00:00,2028-06-10 20:00:00,America/New_York,false,false,publish,https://www.mintmuseum.org/event/lewis-family-gallery-3/2028-06-10/,,,Included with general admission,"{""currency_symbol"":""$"",""currency_code"":""USD"",""currency_position"":""prefix"",""values"":[""included-with-general-admission""]}","[{""id"":29,""name"":""Family Friendly"",""slug"":""family-friendly"",""parent"":0},{""id"":372,""name"":""Free"",""slug"":""free"",""parent"":0}]",[],"{""id"":5337,""global_id"":""www.mintmuseum.org?id=5337"",""venue"":""Mint Museum Uptown"",""url"":""https://www.mintmuseum.org/venue/mint-museum-uptown/"",""geo_lat"":35.224305,""geo_lng"":-80.848151,""show_map"":true,""show_map_link"":true}","[{""id"":54883,""global_id"":""www.mintmuseum.org?id=54883"",""organizer"":""Leslie Strauss"",""url"":""https://www.mintmuseum.org/organizer/leslie-strauss-2/"",""phone"":""704-337-2050"",""email"":""leslie.strauss@mintmuseum.org""}]","Visitors of all ages can play, explore, and learn about the museum collection in the Lewis Family Gallery. This hands-on space provides a creative environment for making art, engaging in building and puzzle challenges, posing for pictures, and stepping into a Romare Bearden collage playhouse. For the safety of visitors, vigorous cleaning protocols are in place. HOURS: Wednesday: 5-8 PM Friday & Saturday: 11 AM-4 PM Sunday: 1-5 PM",,"{""url"":""https://www.mintmuseum.org/wp-content/uploads/2025/01/children-families-hero-1.jpg"",""id"":63445,""extension"":""jpg"",""width"":880,""height"":400}",[],false,false,,,2025-01-17 11:22:09,2025-01-17 16:22:09,true,true,,,
2026-09-30T20:45:37Z,mintmuseum.org,https://www.mintmuseum.org/wp-json/tribe/events/v1/events,16,10005943,www.mintmuseum.org?id=10005943,Lewis Family Gallery,2028-06-11 13:00:00,2028-06-11 17:00:00,2028-06-11 17:00:00,2028-06-11 21:00:00,America/New_York,false,false,publish,https://www.mintmuseum.org/event/lewis-family-gallery-4/2028-06-11/,,,Included with general admission,"{""currency_symbol"":""$"",""currency_code"":""USD"",""currency_position"":""prefix"",""values"":[""included-with-general-admission""]}","[{""id"":29,""name"":""Family Friendly"",""slug"":""family-friendly"",""parent"":0},{""id"":372,""name"":""Free"",""slug"":""free"",""parent"":0}]",[],"{""id"":5337,""global_id"":""www.mintmuseum.org?id=5337"",""venue"":""Mint Museum Uptown"",""url"":""https://www.mintmuseum.org/venue/mint-museum-uptown/"",""geo_lat"":35.224305,""geo_lng"":-80.848151,""show_map"":true,""show_map_link"":true}","[{""id"":54883,""global_id"":""www.mintmuseum.org?id=54883"",""organizer"":""Leslie Strauss"",""url"":""https://www.mintmuseum.org/organizer/leslie-strauss-2/"",""phone"":""704-337-2050"",""email"":""leslie.strauss@mintmuseum.org""}]","Visitors of all ages can play, explore, and learn about the museum collection in the Lewis Family Gallery. This hands-on space provides a creative environment for making art, engaging in building and puzzle challenges, posing for pictures, and stepping into a Romare Bearden collage playhouse. For the safety of visitors, vigorous cleaning protocols are in place. HOURS: Wednesday: 5-8 PM Friday & Saturday: 11 AM-4 PM Sunday: 1-5 PM",,"{""url"":""https://www.mintmuseum.org/wp-content/uploads/2025/01/children-families-hero-1.jpg"",""id"":63445,""extension"":""jpg"",""width"":880,""height"":400}",[],false,false,,,2025-01-17 11:23:14,2025-01-17 16:23:14,true,true,,,
2026-09-30T20:45:37Z,petrasbar.com,http://www.petrasbar.com/wp-json/tribe/events/v1/events,5,10002344,petrasbar.com?id=10002344,The Bill Hanna Legacy Jazz Session,2028-06-12 19:30:00,2028-06-12 23:30:00,2028-06-12 19:30:00,2028-06-12 23:30:00,UTC-5,false,false,publish,https://petrasbar.com/event/bill-hannas-jazz-session-2024-01-08-2024-01-08-2024-01-15-2/2028-06-12/,https://www.eventbrite.com/e/the-bill-hanna-legacy-jazz-session-tickets-1979869722637,,,"{""currency_symbol"":"""",""currency_code"":"""",""currency_position"":"""",""values"":[]}","[{""id"":20,""name"":""Featured"",""slug"":""featured"",""parent"":0},{""id"":23,""name"":""Live Music"",""slug"":""music"",""parent"":0},{""id"":25,""name"":""Shows"",""slug"":""shows"",""parent"":0}]",[],"{""id"":12652,""global_id"":""petrasbar.com?id=12652"",""venue"":""Petra’s"",""address"":""1919 Commonwealth Avenue"",""city"":""Charlotte"",""country"":""United States"",""province"":""NC"",""state"":""NC"",""zip"":""28205"",""url"":""https://petrasbar.com/venue/petras-2/"",""show_map"":true,""show_map_link"":true}","[{""id"":421,""global_id"":""petrasbar.com?id=421"",""organizer"":""Petra’s"",""url"":""https://petrasbar.com/organizer/petras-bar/""}]","Doors: 7pm Music: 7:30pm – 10pm Tickets: $7 Advance (plus online fees) | $10 At the door • 21+ Bill Hanna was a legend in Charlotte. He was the godfather of Jazz and we’re keeping his legacy alive each and every Monday night. Come join us to see some of Charlotte’s best musicians perform in an intimate setting. Limited seating is 1st come 1st serve. If you’re able to stand, please give your seat to someone who can’t.",,"{""url"":""https://petrasbar.com/wp-content/uploads/2021/06/Hanna_2008_dcoston2.jpeg"",""id"":26780,""extension"":""jpeg"",""width"":2354,""height"":1776}",[],false,false,,,2026-01-06 10:34:53,2026-01-06 15:34:53,true,true,,,
2026-09-30T20:45:37Z,mintmuseum.org,https://www.mintmuseum.org/wp-json/tribe/events/v1/events,16,10001666,www.mintmuseum.org?id=10001666,Yoga at the Mint,2028-06-13 17:15:00,2028-06-13 17:15:00,2028-06-13 18:15:00,2028-06-13 18:15:00,UTC+0,false,false,publish,https://www.mintmuseum.org/event/yoga-at-the-mint-2-4-2-2-2-2-3-3/2028-06-13/,,,Free – $10,"{""currency_symbol"":""$"",""currency_code"":""USD"",""currency_position"":""prefix"",""values"":[""0"",""10""]}","[{""id"":56,""name"":""All"",""slug"":""all"",""parent"":0},{""id"":18,""name"":""Members"",""slug"":""members"",""parent"":0}]",[],"{""id"":5337,""global_id"":""www.mintmuseum.org?id=5337"",""venue"":""Mint Museum Uptown"",""url"":""https://www.mintmuseum.org/venue/mint-museum-uptown/"",""geo_lat"":35.224305,""geo_lng"":-80.848151,""show_map"":true,""show_map_link"":true}",[],"Participate in a one-hour yoga class with Dancing Lotus Yoga + Arts every Tuesday from 5:15-6:15 PM at Mint Museum Uptown. Classes are free for Mint members and $10 for nonmembers. Members, please contact Alex Gutierrez Mendez, Membership Services Manager, for the online code for free yoga at alex.gutierrez@mintmuseum.org. Registration is required. Register through Dancing Lotus Yoga + Arts here.",,"{""url"":""https://www.mintmuseum.org/wp-content/uploads/2023/09/Yoga-at-the-MInt-3.jpg"",""id"":64052,""extension"":""jpg"",""width"":1920,""height"":1080}","{""_ecp_custom_2"":{""label"":""Tickets Link"",""value"":""https://www.dancinglotusnc.com/book-online""},""_ecp_custom_3"":{""label"":""Tickets Link Text"",""value"":""Register here""}}",false,false,,,2026-02-23 15:38:57,2026-02-23 20:38:57,true,true,,,
2026-09-30T20:45:37Z,mintmuseum.org,https://www.mintmuseum.org/wp-json/tribe/events/v1/events,16,10002828,www.mintmuseum.org?id=10002828,Free Wednesday Evenings,2028-06-14 17:00:00,2028-06-14 21:00:00,2028-06-14 21:00:00,2028-06-15 01:00:00,America/New_York,false,false,publish,https://www.mintmuseum.org/event/free-admission-nights-2-2-3-2-4/2028-06-14/,,,Free,"{""currency_symbol"":""$"",""currency_code"":""USD"",""currency_position"":""prefix"",""values"":[""0""]}","[{""id"":372,""name"":""Free"",""slug"":""free"",""parent"":0}]",[],"{""id"":8027,""global_id"":""www.mintmuseum.org?id=8027"",""venue"":""Mint Museum Uptown & Randolph"",""city"":""Charlotte"",""country"":""United States"",""state"":""NC"",""url"":""https://www.mintmuseum.org/venue/uptown-randolph/"",""geo_lat"":35.2270869,""geo_lng"":-80.8431267,""show_map"":false,""show_map_link"":false}",[],"The Mint Museum is FREE from 5-9 PM on Wednesdays! For up to date hours, please visit our events calendar mintmuseum.org/events Free Wednesday Evenings is generously presented by Publix Super Market Charities.",,"{""url"":""https://www.mintmuseum.org/wp-content/uploads/2023/12/free-wednesday-evenings-group-in-gallery.jpg"",""id"":62997,""extension"":""jpg"",""width"":1920,""height"":1080}",[],false,false,,,2025-12-12 11:36:01,2025-12-12 16:36:01,true,true,,,
2026-09-30T20:45:37Z,mintmuseum.org,https://www.mintmuseum.org/wp-json/tribe/events/v1/events,16,10004648,www.mintmuseum.org?id=10004648,Lewis Family Gallery,2028-06-14 17:00:00,2028-06-14 21:00:00,2028-06-14 20:00:00,2028-06-15 00:00:00,America/New_York,false,false,publish,https://www.mintmuseum.org/event/lewis-family-gallery-10/2028-06-14/,,,Included with general admission,"{""currency_symbol"":""$"",""currency_code"":""USD"",""currency_position"":""prefix"",""values"":[""included-with-general-admission""]}","[{""id"":29,""name"":""Family Friendly"",""slug"":""family-friendly"",""parent"":0},{""id"":372,""name"":""Free"",""slug"":""free"",""parent"":0}]",[],"{""id"":5337,""global_id"":""www.mintmuseum.org?id=5337"",""venue"":""Mint Museum Uptown"",""url"":""https://www.mintmuseum.org/venue/mint-museum-uptown/"",""geo_lat"":35.224305,""geo_lng"":-80.848151,""show_map"":true,""show_map_link"":true}","[{""id"":54883,""global_id"":""www.mintmuseum.org?id=54883"",""organizer"":""Leslie Strauss"",""url"":""https://www.mintmuseum.org/organizer/leslie-strauss-2/"",""phone"":""704-337-2050"",""email"":""leslie.strauss@mintmuseum.org""}]","Visitors of all ages can play, explore, and learn about the museum collection in the Lewis Family Gallery. This hands-on space provides a creative environment for making art, engaging in building and puzzle challenges, posing for pictures, and stepping into a Romare Bearden collage playhouse. For the safety of visitors, vigorous cleaning protocols are in place. HOURS: Wednesday: 5-8 PM Friday & Saturday: 11 AM-4 PM Sunday: 1-5 PM",,"{""url"":""https://www.mintmuseum.org/wp-content/uploads/2025/01/children-families-hero-1.jpg"",""id"":63445,""extension"":""jpg"",""width"":880,""height"":400}",[],false,false,,,2025-11-25 15:13:52,2025-11-25 20:13:52,true,true,,,
2026-09-30T20:45:37Z,mintmuseum.org,https://www.mintmuseum.org/wp-json/tribe/events/v1/events,16,10007299,www.mintmuseum.org?id=10007299,Wine on Wednesdays,2028-06-14 17:00:00,2028-06-14 21:00:00,2028-06-14 20:30:00,2028-06-15 00:30:00,America/New_York,false,false,publish,https://www.mintmuseum.org/event/wine-on-wednesdays/2028-06-14/,,,Free,"{""currency_symbol"":""$"",""currency_code"":""USD"",""currency_position"":""prefix"",""values"":[""0""]}","[{""id"":34,""name"":""Adult Programs"",""slug"":""adult-programs"",""parent"":0},{""id"":372,""name"":""Free"",""slug"":""free"",""parent"":0}]",[],"{""id"":5337,""global_id"":""www.mintmuseum.org?id=5337"",""venue"":""Mint Museum Uptown"",""url"":""https://www.mintmuseum.org/venue/mint-museum-uptown/"",""geo_lat"":35.224305,""geo_lng"":-80.848151,""show_map"":true,""show_map_link"":true}","[{""id"":68127,""global_id"":""www.mintmuseum.org?id=68127"",""organizer"":""Mint Museum Store"",""url"":""https://www.mintmuseum.org/organizer/mint-museum-store/"",""website"":""https://store.mintmuseum.org/"",""phone"":""7043372061"",""email"":""valeria.vazquez@mintmuseum.org""}]","Join us every Wednesday at The Mint Museum Uptown Store for our beloved Wine on Wednesday event. Sip and shop your way through the evening with $5 glasses of wine, great company, and our incredible selection of items. 🍷 Bar open: 5–8:30 PM | $5 glasses 🛍️ Store open until 9 PM through January.",,"{""url"":""https://www.mintmuseum.org/wp-content/uploads/2026/07/Wine-on-Wednesdays.jpg"",""id"":68139,""extension"":""jpg"",""width"":2048,""height"":1152}",[],false,false,,,2026-07-29 16:07:25,2026-07-29 20:07:25,true,true,,,
2026-09-30T20:45:37Z,petrasbar.com,http://www.petrasbar.com/wp-json/tribe/events/v1/events,5,10002783,petrasbar.com?id=10002783,Karaoke with Klaytastic,2028-06-14 19:00:00,2028-06-14 23:00:00,2028-06-14 19:00:00,2028-06-14 23:00:00,UTC-5,false,false,publish,https://petrasbar.com/event/fckn-karaoke-2022-02-23-2023-08-16-2024-01-24-3-2/2028-06-14/,,,,"{""currency_symbol"":"""",""currency_code"":"""",""currency_position"":"""",""values"":[]}","[{""id"":20,""name"":""Featured"",""slug"":""featured"",""parent"":0},{""id"":21,""name"":""Karaoke"",""slug"":""karaoke"",""parent"":0},{""id"":23,""name"":""Live Music"",""slug"":""music"",""parent"":0}]",[],"{""id"":12652,""global_id"":""petrasbar.com?id=12652"",""venue"":""Petra’s"",""address"":""1919 Commonwealth Avenue"",""city"":""Charlotte"",""country"":""United States"",""province"":""NC"",""state"":""NC"",""zip"":""28205"",""url"":""https://petrasbar.com/venue/petras-2/"",""show_map"":true,""show_map_link"":true}","[{""id"":421,""global_id"":""petrasbar.com?id=421"",""organizer"":""Petra’s"",""url"":""https://petrasbar.com/organizer/petras-bar/""}]",Every Wednesday at Petra’s is the best karaoke party in Charlotte. With host @klaytastic! 7pm-9pm | No Cover 9pm Until | $5 | 21+ (No Exceptions),,"{""url"":""https://petrasbar.com/wp-content/uploads/2025/11/New_Klaytastic-Mailchimp.png"",""id"":38174,""extension"":""png"",""width"":600,""height"":300}",[],false,false,,,2026-06-30 17:46:42,2026-06-30 21:46:42,true,true,,,
2026-09-30T20:45:37Z,mintmuseum.org,https://www.mintmuseum.org/wp-json/tribe/events/v1/events,16,10004908,www.mintmuseum.org?id=10004908,Lewis Family Gallery,2028-06-16 11:00:00,2028-06-16 15:00:00,2028-06-16 16:00:00,2028-06-16 20:00:00,America/New_York,false,false,publish,https://www.mintmuseum.org/event/lewis-family-gallery-2/2028-06-16/,,,Included with general admission,"{""currency_symbol"":""$"",""currency_code"":""USD"",""currency_position"":""prefix"",""values"":[""included-with-general-admission""]}","[{""id"":29,""name"":""Family Friendly"",""slug"":""family-friendly"",""parent"":0},{""id"":372,""name"":""Free"",""slug"":""free"",""parent"":0}]",[],"{""id"":5337,""global_id"":""www.mintmuseum.org?id=5337"",""venue"":""Mint Museum Uptown"",""url"":""https://www.mintmuseum.org/venue/mint-museum-uptown/"",""geo_lat"":35.224305,""geo_lng"":-80.848151,""show_map"":true,""show_map_link"":true}","[{""id"":54883,""global_id"":""www.mintmuseum.org?id=54883"",""organizer"":""Leslie Strauss"",""url"":""https://www.mintmuseum.org/organizer/leslie-strauss-2/"",""phone"":""704-337-2050"",""email"":""leslie.strauss@mintmuseum.org""}]","Visitors of all ages can play, explore, and learn about the museum collection in the Lewis Family Gallery. This hands-on space provides a creative environment for making art, engaging in building and puzzle challenges, posing for pictures, and stepping into a Romare Bearden collage playhouse. For the safety of visitors, vigorous cleaning protocols are in place. HOURS: Wednesday: 5-8 PM Friday & Saturday: 11 AM-4 PM Sunday: 1-5 PM",,"{""url"":""https://www.mintmuseum.org/wp-content/uploads/2025/01/children-families-hero-1.jpg"",""id"":63445,""extension"":""jpg"",""width"":880,""height"":400}",[],false,false,,,2025-01-17 11:20:40,2025-01-17 16:20:40,true,true,,,
2026-09-30T20:45:37Z,mintmuseum.org,https://www.mintmuseum.org/wp-json/tribe/events/v1/events,16,10002043,www.mintmuseum.org?id=10002043,Yoga on the Lawn,2028-06-17 10:00:00,2028-06-17 10:00:00,2028-06-17 11:00:00,2028-06-17 11:00:00,UTC+0,false,false,publish,https://www.mintmuseum.org/event/yoga-at-the-mint-3-2-2-3-2-2/2028-06-17/,,,Free – $10,"{""currency_symbol"":""$"",""currency_code"":""USD"",""currency_position"":""prefix"",""values"":[""0"",""10""]}","[{""id"":56,""name"":""All"",""slug"":""all"",""parent"":0},{""id"":18,""name"":""Members"",""slug"":""members"",""parent"":0}]","[{""name"":""yoga at the mint"",""slug"":""yoga-at-the-mint"",""term_group"":0,""term_taxonomy_id"":850,""taxonomy"":""post_tag"",""description"":"""",""parent"":0,""count"":16,""filter"":""raw"",""term_order"":""0"",""id"":850,""urls"":{""self"":""https://www.mintmuseum.org/wp-json/tribe/events/v1/tags/850"",""collection"":""https://www.mintmuseum.org/wp-json/tribe/events/v1/tags""}},{""name"":""yoga on the lawn"",""slug"":""yoga-on-the-lawn"",""term_group"":0,""term_taxonomy_id"":853,""taxonomy"":""post_tag"",""description"":"""",""parent"":0,""count"":15,""filter"":""raw"",""term_order"":""0"",""id"":853,""urls"":{""self"":""https://www.mintmuseum.org/wp-json/tribe/events/v1/tags/853"",""collection"":""https://www.mintmuseum.org/wp-json/tribe/events/v1/tags""}}]","{""id"":5313,""global_id"":""www.mintmuseum.org?id=5313"",""venue"":""Mint Museum Randolph"",""url"":""https://www.mintmuseum.org/venue/mint-museum-randolph/"",""geo_lat"":35.1973424,""geo_lng"":-80.8146806,""show_map"":true,""show_map_link"":true}",[],"Participate in a one-hour yoga class with Dancing Lotus Yoga + Art on select Saturdays on the front lawn, or indoors, at Mint Museum Randolph (weather permitting). Classes are free for Mint members and $10 for nonmembers. During the winter months, this class will be hosted inside Mint Museum Randolph. Members, please contact Alex Gutierrez Mendez, Membership Services Manager, for the online code for free yoga at alex.gutierrez@mintmuseum.org. Registration is required. Register through Dancing Lotus Yoga + Arts here.",,"{""url"":""https://www.mintmuseum.org/wp-content/uploads/2023/09/Yoga-on-the-Lawn.jpg"",""id"":64053,""extension"":""jpg"",""width"":1920,""height"":1080}","{""_ecp_custom_2"":{""label"":""Tickets Link"",""value"":""https://www.dancinglotusnc.com/book-online""},""_ecp_custom_3"":{""label"":""Tickets Link Text"",""value"":""Register here""}}",false,false,,,2025-03-24 16:29:34,2025-03-24 20:29:34,true,true,,,
2026-09-30T20:45:37Z,mintmuseum.org,https://www.mintmuseum.org/wp-json/tribe/events/v1/events,16,10005426,www.mintmuseum.org?id=10005426,Lewis Family Gallery,2028-06-17 11:00:00,2028-06-17 15:00:00,2028-06-17 16:00:00,2028-06-17 20:00:00,America/New_York,false,false,publish,https://www.mintmuseum.org/event/lewis-family-gallery-3/2028-06-17/,,,Included with general admission,"{""currency_symbol"":""$"",""currency_code"":""USD"",""currency_position"":""prefix"",""values"":[""included-with-general-admission""]}","[{""id"":29,""name"":""Family Friendly"",""slug"":""family-friendly"",""parent"":0},{""id"":372,""name"":""Free"",""slug"":""free"",""parent"":0}]",[],"{""id"":5337,""global_id"":""www.mintmuseum.org?id=5337"",""venue"":""Mint Museum Uptown"",""url"":""https://www.mintmuseum.org/venue/mint-museum-uptown/"",""geo_lat"":35.224305,""geo_lng"":-80.848151,""show_map"":true,""show_map_link"":true}","[{""id"":54883,""global_id"":""www.mintmuseum.org?id=54883"",""organizer"":""Leslie Strauss"",""url"":""https://www.mintmuseum.org/organizer/leslie-strauss-2/"",""phone"":""704-337-2050"",""email"":""leslie.strauss@mintmuseum.org""}]","Visitors of all ages can play, explore, and learn about the museum collection in the Lewis Family Gallery. This hands-on space provides a creative environment for making art, engaging in building and puzzle challenges, posing for pictures, and stepping into a Romare Bearden collage playhouse. For the safety of visitors, vigorous cleaning protocols are in place. HOURS: Wednesday: 5-8 PM Friday & Saturday: 11 AM-4 PM Sunday: 1-5 PM",,"{""url"":""https://www.mintmuseum.org/wp-content/uploads/2025/01/children-families-hero-1.jpg"",""id"":63445,""extension"":""jpg"",""width"":880,""height"":400}",[],false,false,,,2025-01-17 11:22:09,2025-01-17 16:22:09,true,true,,,
2026-09-30T20:45:37Z,mintmuseum.org,https://www.mintmuseum.org/wp-json/tribe/events/v1/events,16,10005944,www.mintmuseum.org?id=10005944,Lewis Family Gallery,2028-06-18 13:00:00,2028-06-18 17:00:00,2028-06-18 17:00:00,2028-06-18 21:00:00,America/New_York,false,false,publish,https://www.mintmuseum.org/event/lewis-family-gallery-4/2028-06-18/,,,Included with general admission,"{""currency_symbol"":""$"",""currency_code"":""USD"",""currency_position"":""prefix"",""values"":[""included-with-general-admission""]}","[{""id"":29,""name"":""Family Friendly"",""slug"":""family-friendly"",""parent"":0},{""id"":372,""name"":""Free"",""slug"":""free"",""parent"":0}]",[],"{""id"":5337,""global_id"":""www.mintmuseum.org?id=5337"",""venue"":""Mint Museum Uptown"",""url"":""https://www.mintmuseum.org/venue/mint-museum-uptown/"",""geo_lat"":35.224305,""geo_lng"":-80.848151,""show_map"":true,""show_map_link"":true}","[{""id"":54883,""global_id"":""www.mintmuseum.org?id=54883"",""organizer"":""Leslie Strauss"",""url"":""https://www.mintmuseum.org/organizer/leslie-strauss-2/"",""phone"":""704-337-2050"",""email"":""leslie.strauss@mintmuseum.org""}]","Visitors of all ages can play, explore, and learn about the museum collection in the Lewis Family Gallery. This hands-on space provides a creative environment for making art, engaging in building and puzzle challenges, posing for pictures, and stepping into a Romare Bearden collage playhouse. For the safety of visitors, vigorous cleaning protocols are in place. HOURS: Wednesday: 5-8 PM Friday & Saturday: 11 AM-4 PM Sunday: 1-5 PM",,"{""url"":""https://www.mintmuseum.org/wp-content/uploads/2025/01/children-families-hero-1.jpg"",""id"":63445,""extension"":""jpg"",""width"":880,""height"":400}",[],false,false,,,2025-01-17 11:23:14,2025-01-17 16:23:14,true,true,,,
2026-09-30T20:45:37Z,petrasbar.com,http://www.petrasbar.com/wp-json/tribe/events/v1/events,5,10002345,petrasbar.com?id=10002345,The Bill Hanna Legacy Jazz Session,2028-06-19 19:30:00,2028-06-19 23:30:00,2028-06-19 19:30:00,2028-06-19 23:30:00,UTC-5,false,false,publish,https://petrasbar.com/event/bill-hannas-jazz-session-2024-01-08-2024-01-08-2024-01-15-2/2028-06-19/,https://www.eventbrite.com/e/the-bill-hanna-legacy-jazz-session-tickets-1979869722637,,,"{""currency_symbol"":"""",""currency_code"":"""",""currency_position"":"""",""values"":[]}","[{""id"":20,""name"":""Featured"",""slug"":""featured"",""parent"":0},{""id"":23,""name"":""Live Music"",""slug"":""music"",""parent"":0},{""id"":25,""name"":""Shows"",""slug"":""shows"",""parent"":0}]",[],"{""id"":12652,""global_id"":""petrasbar.com?id=12652"",""venue"":""Petra’s"",""address"":""1919 Commonwealth Avenue"",""city"":""Charlotte"",""country"":""United States"",""province"":""NC"",""state"":""NC"",""zip"":""28205"",""url"":""https://petrasbar.com/venue/petras-2/"",""show_map"":true,""show_map_link"":true}","[{""id"":421,""global_id"":""petrasbar.com?id=421"",""organizer"":""Petra’s"",""url"":""https://petrasbar.com/organizer/petras-bar/""}]","Doors: 7pm Music: 7:30pm – 10pm Tickets: $7 Advance (plus online fees) | $10 At the door • 21+ Bill Hanna was a legend in Charlotte. He was the godfather of Jazz and we’re keeping his legacy alive each and every Monday night. Come join us to see some of Charlotte’s best musicians perform in an intimate setting. Limited seating is 1st come 1st serve. If you’re able to stand, please give your seat to someone who can’t.",,"{""url"":""https://petrasbar.com/wp-content/uploads/2021/06/Hanna_2008_dcoston2.jpeg"",""id"":26780,""extension"":""jpeg"",""width"":2354,""height"":1776}",[],false,false,,,2026-01-06 10:34:53,2026-01-06 15:34:53,true,true,,,
2026-09-30T20:45:37Z,mintmuseum.org,https://www.mintmuseum.org/wp-json/tribe/events/v1/events,16,10001667,www.mintmuseum.org?id=10001667,Yoga at the Mint,2028-06-20 17:15:00,2028-06-20 17:15:00,2028-06-20 18:15:00,2028-06-20 18:15:00,UTC+0,false,false,publish,https://www.mintmuseum.org/event/yoga-at-the-mint-2-4-2-2-2-2-3-3/2028-06-20/,,,Free – $10,"{""currency_symbol"":""$"",""currency_code"":""USD"",""currency_position"":""prefix"",""values"":[""0"",""10""]}","[{""id"":56,""name"":""All"",""slug"":""all"",""parent"":0},{""id"":18,""name"":""Members"",""slug"":""members"",""parent"":0}]",[],"{""id"":5337,""global_id"":""www.mintmuseum.org?id=5337"",""venue"":""Mint Museum Uptown"",""url"":""https://www.mintmuseum.org/venue/mint-museum-uptown/"",""geo_lat"":35.224305,""geo_lng"":-80.848151,""show_map"":true,""show_map_link"":true}",[],"Participate in a one-hour yoga class with Dancing Lotus Yoga + Arts every Tuesday from 5:15-6:15 PM at Mint Museum Uptown. Classes are free for Mint members and $10 for nonmembers. Members, please contact Alex Gutierrez Mendez, Membership Services Manager, for the online code for free yoga at alex.gutierrez@mintmuseum.org. Registration is required. Register through Dancing Lotus Yoga + Arts here.",,"{""url"":""https://www.mintmuseum.org/wp-content/uploads/2023/09/Yoga-at-the-MInt-3.jpg"",""id"":64052,""extension"":""jpg"",""width"":1920,""height"":1080}","{""_ecp_custom_2"":{""label"":""Tickets Link"",""value"":""https://www.dancinglotusnc.com/book-online""},""_ecp_custom_3"":{""label"":""Tickets Link Text"",""value"":""Register here""}}",false,false,,,2026-02-23 15:38:57,2026-02-23 20:38:57,true,true,,,
2026-09-30T20:45:37Z,mintmuseum.org,https://www.mintmuseum.org/wp-json/tribe/events/v1/events,17,10002829,www.mintmuseum.org?id=10002829,Free Wednesday Evenings,2028-06-21 17:00:00,2028-06-21 21:00:00,2028-06-21 21:00:00,2028-06-22 01:00:00,America/New_York,false,false,publish,https://www.mintmuseum.org/event/free-admission-nights-2-2-3-2-4/2028-06-21/,,,Free,"{""currency_symbol"":""$"",""currency_code"":""USD"",""currency_position"":""prefix"",""values"":[""0""]}","[{""id"":372,""name"":""Free"",""slug"":""free"",""parent"":0}]",[],"{""id"":8027,""global_id"":""www.mintmuseum.org?id=8027"",""venue"":""Mint Museum Uptown & Randolph"",""city"":""Charlotte"",""country"":""United States"",""state"":""NC"",""url"":""https://www.mintmuseum.org/venue/uptown-randolph/"",""geo_lat"":35.2270869,""geo_lng"":-80.8431267,""show_map"":false,""show_map_link"":false}",[],"The Mint Museum is FREE from 5-9 PM on Wednesdays! For up to date hours, please visit our events calendar mintmuseum.org/events Free Wednesday Evenings is generously presented by Publix Super Market Charities.",,"{""url"":""https://www.mintmuseum.org/wp-content/uploads/2023/12/free-wednesday-evenings-group-in-gallery.jpg"",""id"":62997,""extension"":""jpg"",""width"":1920,""height"":1080}",[],false,false,,,2025-12-12 11:36:01,2025-12-12 16:36:01,true,true,,,
2026-09-30T20:45:37Z,mintmuseum.org,https://www.mintmuseum.org/wp-json/tribe/events/v1/events,16,10004649,www.mintmuseum.org?id=10004649,Lewis Family Gallery,2028-06-21 17:00:00,2028-06-21 21:00:00,2028-06-21 20:00:00,2028-06-22 00:00:00,America/New_York,false,false,publish,https://www.mintmuseum.org/event/lewis-family-gallery-10/2028-06-21/,,,Included with general admission,"{""currency_symbol"":""$"",""currency_code"":""USD"",""currency_position"":""prefix"",""values"":[""included-with-general-admission""]}","[{""id"":29,""name"":""Family Friendly"",""slug"":""family-friendly"",""parent"":0},{""id"":372,""name"":""Free"",""slug"":""free"",""parent"":0}]",[],"{""id"":5337,""global_id"":""www.mintmuseum.org?id=5337"",""venue"":""Mint Museum Uptown"",""url"":""https://www.mintmuseum.org/venue/mint-museum-uptown/"",""geo_lat"":35.224305,""geo_lng"":-80.848151,""show_map"":true,""show_map_link"":true}","[{""id"":54883,""global_id"":""www.mintmuseum.org?id=54883"",""organizer"":""Leslie Strauss"",""url"":""https://www.mintmuseum.org/organizer/leslie-strauss-2/"",""phone"":""704-337-2050"",""email"":""leslie.strauss@mintmuseum.org""}]","Visitors of all ages can play, explore, and learn about the museum collection in the Lewis Family Gallery. This hands-on space provides a creative environment for making art, engaging in building and puzzle challenges, posing for pictures, and stepping into a Romare Bearden collage playhouse. For the safety of visitors, vigorous cleaning protocols are in place. HOURS: Wednesday: 5-8 PM Friday & Saturday: 11 AM-4 PM Sunday: 1-5 PM",,"{""url"":""https://www.mintmuseum.org/wp-content/uploads/2025/01/children-families-hero-1.jpg"",""id"":63445,""extension"":""jpg"",""width"":880,""height"":400}",[],false,false,,,2025-11-25 15:13:52,2025-11-25 20:13:52,true,true,,,
2026-09-30T20:45:37Z,mintmuseum.org,https://www.mintmuseum.org/wp-json/tribe/events/v1/events,17,10007300,www.mintmuseum.org?id=10007300,Wine on Wednesdays,2028-06-21 17:00:00,2028-06-21 21:00:00,2028-06-21 20:30:00,2028-06-22 00:30:00,America/New_York,false,false,publish,https://www.mintmuseum.org/event/wine-on-wednesdays/2028-06-21/,,,Free,"{""currency_symbol"":""$"",""currency_code"":""USD"",""currency_position"":""prefix"",""values"":[""0""]}","[{""id"":34,""name"":""Adult Programs"",""slug"":""adult-programs"",""parent"":0},{""id"":372,""name"":""Free"",""slug"":""free"",""parent"":0}]",[],"{""id"":5337,""global_id"":""www.mintmuseum.org?id=5337"",""venue"":""Mint Museum Uptown"",""url"":""https://www.mintmuseum.org/venue/mint-museum-uptown/"",""geo_lat"":35.224305,""geo_lng"":-80.848151,""show_map"":true,""show_map_link"":true}","[{""id"":68127,""global_id"":""www.mintmuseum.org?id=68127"",""organizer"":""Mint Museum Store"",""url"":""https://www.mintmuseum.org/organizer/mint-museum-store/"",""website"":""https://store.mintmuseum.org/"",""phone"":""7043372061"",""email"":""valeria.vazquez@mintmuseum.org""}]","Join us every Wednesday at The Mint Museum Uptown Store for our beloved Wine on Wednesday event. Sip and shop your way through the evening with $5 glasses of wine, great company, and our incredible selection of items. 🍷 Bar open: 5–8:30 PM | $5 glasses 🛍️ Store open until 9 PM through January.",,"{""url"":""https://www.mintmuseum.org/wp-content/uploads/2026/07/Wine-on-Wednesdays.jpg"",""id"":68139,""extension"":""jpg"",""width"":2048,""height"":1152}",[],false,false,,,2026-07-29 16:07:25,2026-07-29 20:07:25,true,true,,,
2026-09-30T20:45:37Z,mintmuseum.org,https://www.mintmuseum.org/wp-json/tribe/events/v1/events,17,10006994,www.mintmuseum.org?id=10006994,Let the Music Play: Steinway Residency Series,2028-06-21 18:00:00,2028-06-21 22:00:00,2028-06-21 18:45:00,2028-06-21 22:45:00,America/New_York,false,false,publish,https://www.mintmuseum.org/event/let-the-music-play-steinway-residency-series/2028-06-21/,,,Free,"{""currency_symbol"":""$"",""currency_code"":""USD"",""currency_position"":""prefix"",""values"":[""0""]}","[{""id"":372,""name"":""Free"",""slug"":""free"",""parent"":0}]","[{""name"":""Free Wednesday Evenings"",""slug"":""free-wednesday-evenings"",""term_group"":0,""term_taxonomy_id"":1208,""taxonomy"":""post_tag"",""description"":"""",""parent"":0,""count"":4,""filter"":""raw"",""term_order"":""0"",""id"":1208,""urls"":{""self"":""https://www.mintmuseum.org/wp-json/tribe/events/v1/tags/1208"",""collection"":""https://www.mintmuseum.org/wp-json/tribe/events/v1/tags""}},{""name"":""Piano"",""slug"":""piano"",""term_group"":0,""term_taxonomy_id"":1207,""taxonomy"":""post_tag"",""description"":"""",""parent"":0,""count"":4,""filter"":""raw"",""term_order"":""0"",""id"":1207,""urls"":{""self"":""https://www.mintmuseum.org/wp-json/tribe/events/v1/tags/1207"",""collection"":""https://www.mintmuseum.org/wp-json/tribe/events/v1/tags""}},{""name"":""steinway"",""slug"":""steinway"",""term_group"":0,""term_taxonomy_id"":1221,""taxonomy"":""post_tag"",""description"":"""",""parent"":0,""count"":3,""filter"":""raw"",""term_order"":""0"",""id"":1221,""urls"":{""self"":""https://www.mintmuseum.org/wp-json/tribe/events/v1/tags/1221"",""collection"":""https://www.mintmuseum.org/wp-json/tribe/events/v1/tags""}}]","{""id"":5337,""global_id"":""www.mintmuseum.org?id=5337"",""venue"":""Mint Museum Uptown"",""url"":""https://www.mintmuseum.org/venue/mint-museum-uptown/"",""geo_lat"":35.224305,""geo_lng"":-80.848151,""show_map"":true,""show_map_link"":true}","[{""id"":49042,""global_id"":""www.mintmuseum.org?id=49042"",""organizer"":""Maggie Kapitan"",""url"":""https://www.mintmuseum.org/organizer/maggie-burgan/"",""email"":""maggie.kapitan@mintmuseum.org""}]","In collaboration with the Steinway Piano Gallery, the Mint is bringing the thrill of piano music to Mint Museum Uptown. Every third Wednesday of the month, a rotating lineup of talented local and regional pianists will fill the museum space with piano performances. Performances will take place 6–6:45 PM and as part of Free Wednesday Evenings, giving visitors time to enjoy the music, explore the galleries that are open until 9 p.m. every Wednesday, and still have time to enjoy dinner at Mariposa at the Mint. The series is presented by First Horizon Bank.",,false,[],false,false,,,2026-07-21 16:40:26,2026-07-21 20:40:26,true,true,,,
2026-09-30T20:45:37Z,petrasbar.com,http://www.petrasbar.com/wp-json/tribe/events/v1/events,5,10002784,petrasbar.com?id=10002784,Karaoke with Klaytastic,2028-06-21 19:00:00,2028-06-21 23:00:00,2028-06-21 19:00:00,2028-06-21 23:00:00,UTC-5,false,false,publish,https://petrasbar.com/event/fckn-karaoke-2022-02-23-2023-08-16-2024-01-24-3-2/2028-06-21/,,,,"{""currency_symbol"":"""",""currency_code"":"""",""currency_position"":"""",""values"":[]}","[{""id"":20,""name"":""Featured"",""slug"":""featured"",""parent"":0},{""id"":21,""name"":""Karaoke"",""slug"":""karaoke"",""parent"":0},{""id"":23,""name"":""Live Music"",""slug"":""music"",""parent"":0}]",[],"{""id"":12652,""global_id"":""petrasbar.com?id=12652"",""venue"":""Petra’s"",""address"":""1919 Commonwealth Avenue"",""city"":""Charlotte"",""country"":""United States"",""province"":""NC"",""state"":""NC"",""zip"":""28205"",""url"":""https://petrasbar.com/venue/petras-2/"",""show_map"":true,""show_map_link"":true}","[{""id"":421,""global_id"":""petrasbar.com?id=421"",""organizer"":""Petra’s"",""url"":""https://petrasbar.com/organizer/petras-bar/""}]",Every Wednesday at Petra’s is the best karaoke party in Charlotte. With host @klaytastic! 7pm-9pm | No Cover 9pm Until | $5 | 21+ (No Exceptions),,"{""url"":""https://petrasbar.com/wp-content/uploads/2025/11/New_Klaytastic-Mailchimp.png"",""id"":38174,""extension"":""png"",""width"":600,""height"":300}",[],false,false,,,2026-06-30 17:46:42,2026-06-30 21:46:42,true,true,,,
2026-09-30T20:45:37Z,mintmuseum.org,https://www.mintmuseum.org/wp-json/tribe/events/v1/events,17,10004909,www.mintmuseum.org?id=10004909,Lewis Family Gallery,2028-06-23 11:00:00,2028-06-23 15:00:00,2028-06-23 16:00:00,2028-06-23 20:00:00,America/New_York,false,false,publish,https://www.mintmuseum.org/event/lewis-family-gallery-2/2028-06-23/,,,Included with general admission,"{""currency_symbol"":""$"",""currency_code"":""USD"",""currency_position"":""prefix"",""values"":[""included-with-general-admission""]}","[{""id"":29,""name"":""Family Friendly"",""slug"":""family-friendly"",""parent"":0},{""id"":372,""name"":""Free"",""slug"":""free"",""parent"":0}]",[],"{""id"":5337,""global_id"":""www.mintmuseum.org?id=5337"",""venue"":""Mint Museum Uptown"",""url"":""https://www.mintmuseum.org/venue/mint-museum-uptown/"",""geo_lat"":35.224305,""geo_lng"":-80.848151,""show_map"":true,""show_map_link"":true}","[{""id"":54883,""global_id"":""www.mintmuseum.org?id=54883"",""organizer"":""Leslie Strauss"",""url"":""https://www.mintmuseum.org/organizer/leslie-strauss-2/"",""phone"":""704-337-2050"",""email"":""leslie.strauss@mintmuseum.org""}]","Visitors of all ages can play, explore, and learn about the museum collection in the Lewis Family Gallery. This hands-on space provides a creative environment for making art, engaging in building and puzzle challenges, posing for pictures, and stepping into a Romare Bearden collage playhouse. For the safety of visitors, vigorous cleaning protocols are in place. HOURS: Wednesday: 5-8 PM Friday & Saturday: 11 AM-4 PM Sunday: 1-5 PM",,"{""url"":""https://www.mintmuseum.org/wp-content/uploads/2025/01/children-families-hero-1.jpg"",""id"":63445,""extension"":""jpg"",""width"":880,""height"":400}",[],false,false,,,2025-01-17 11:20:40,2025-01-17 16:20:40,true,true,,,
2026-09-30T20:45:37Z,mintmuseum.org,https://www.mintmuseum.org/wp-json/tribe/events/v1/events,17,10002044,www.mintmuseum.org?id=10002044,Yoga on the Lawn,2028-06-24 10:00:00,2028-06-24 10:00:00,2028-06-24 11:00:00,2028-06-24 11:00:00,UTC+0,false,false,publish,https://www.mintmuseum.org/event/yoga-at-the-mint-3-2-2-3-2-2/2028-06-24/,,,Free – $10,"{""currency_symbol"":""$"",""currency_code"":""USD"",""currency_position"":""prefix"",""values"":[""0"",""10""]}","[{""id"":56,""name"":""All"",""slug"":""all"",""parent"":0},{""id"":18,""name"":""Members"",""slug"":""members"",""parent"":0}]","[{""name"":""yoga at the mint"",""slug"":""yoga-at-the-mint"",""term_group"":0,""term_taxonomy_id"":850,""taxonomy"":""post_tag"",""description"":"""",""parent"":0,""count"":16,""filter"":""raw"",""term_order"":""0"",""id"":850,""urls"":{""self"":""https://www.mintmuseum.org/wp-json/tribe/events/v1/tags/850"",""collection"":""https://www.mintmuseum.org/wp-json/tribe/events/v1/tags""}},{""name"":""yoga on the lawn"",""slug"":""yoga-on-the-lawn"",""term_group"":0,""term_taxonomy_id"":853,""taxonomy"":""post_tag"",""description"":"""",""parent"":0,""count"":15,""filter"":""raw"",""term_order"":""0"",""id"":853,""urls"":{""self"":""https://www.mintmuseum.org/wp-json/tribe/events/v1/tags/853"",""collection"":""https://www.mintmuseum.org/wp-json/tribe/events/v1/tags""}}]","{""id"":5313,""global_id"":""www.mintmuseum.org?id=5313"",""venue"":""Mint Museum Randolph"",""url"":""https://www.mintmuseum.org/venue/mint-museum-randolph/"",""geo_lat"":35.1973424,""geo_lng"":-80.8146806,""show_map"":true,""show_map_link"":true}",[],"Participate in a one-hour yoga class with Dancing Lotus Yoga + Art on select Saturdays on the front lawn, or indoors, at Mint Museum Randolph (weather permitting). Classes are free for Mint members and $10 for nonmembers. During the winter months, this class will be hosted inside Mint Museum Randolph. Members, please contact Alex Gutierrez Mendez, Membership Services Manager, for the online code for free yoga at alex.gutierrez@mintmuseum.org. Registration is required. Register through Dancing Lotus Yoga + Arts here.",,"{""url"":""https://www.mintmuseum.org/wp-content/uploads/2023/09/Yoga-on-the-Lawn.jpg"",""id"":64053,""extension"":""jpg"",""width"":1920,""height"":1080}","{""_ecp_custom_2"":{""label"":""Tickets Link"",""value"":""https://www.dancinglotusnc.com/book-online""},""_ecp_custom_3"":{""label"":""Tickets Link Text"",""value"":""Register here""}}",false,false,,,2025-03-24 16:29:34,2025-03-24 20:29:34,true,true,,,
2026-09-30T20:45:37Z,mintmuseum.org,https://www.mintmuseum.org/wp-json/tribe/events/v1/events,17,10005427,www.mintmuseum.org?id=10005427,Lewis Family Gallery,2028-06-24 11:00:00,2028-06-24 15:00:00,2028-06-24 16:00:00,2028-06-24 20:00:00,America/New_York,false,false,publish,https://www.mintmuseum.org/event/lewis-family-gallery-3/2028-06-24/,,,Included with general admission,"{""currency_symbol"":""$"",""currency_code"":""USD"",""currency_position"":""prefix"",""values"":[""included-with-general-admission""]}","[{""id"":29,""name"":""Family Friendly"",""slug"":""family-friendly"",""parent"":0},{""id"":372,""name"":""Free"",""slug"":""free"",""parent"":0}]",[],"{""id"":5337,""global_id"":""www.mintmuseum.org?id=5337"",""venue"":""Mint Museum Uptown"",""url"":""https://www.mintmuseum.org/venue/mint-museum-uptown/"",""geo_lat"":35.224305,""geo_lng"":-80.848151,""show_map"":true,""show_map_link"":true}","[{""id"":54883,""global_id"":""www.mintmuseum.org?id=54883"",""organizer"":""Leslie Strauss"",""url"":""https://www.mintmuseum.org/organizer/leslie-strauss-2/"",""phone"":""704-337-2050"",""email"":""leslie.strauss@mintmuseum.org""}]","Visitors of all ages can play, explore, and learn about the museum collection in the Lewis Family Gallery. This hands-on space provides a creative environment for making art, engaging in building and puzzle challenges, posing for pictures, and stepping into a Romare Bearden collage playhouse. For the safety of visitors, vigorous cleaning protocols are in place. HOURS: Wednesday: 5-8 PM Friday & Saturday: 11 AM-4 PM Sunday: 1-5 PM",,"{""url"":""https://www.mintmuseum.org/wp-content/uploads/2025/01/children-families-hero-1.jpg"",""id"":63445,""extension"":""jpg"",""width"":880,""height"":400}",[],false,false,,,2025-01-17 11:22:09,2025-01-17 16:22:09,true,true,,,
2026-09-30T20:45:37Z,mintmuseum.org,https://www.mintmuseum.org/wp-json/tribe/events/v1/events,17,10005945,www.mintmuseum.org?id=10005945,Lewis Family Gallery,2028-06-25 13:00:00,2028-06-25 17:00:00,2028-06-25 17:00:00,2028-06-25 21:00:00,America/New_York,false,false,publish,https://www.mintmuseum.org/event/lewis-family-gallery-4/2028-06-25/,,,Included with general admission,"{""currency_symbol"":""$"",""currency_code"":""USD"",""currency_position"":""prefix"",""values"":[""included-with-general-admission""]}","[{""id"":29,""name"":""Family Friendly"",""slug"":""family-friendly"",""parent"":0},{""id"":372,""name"":""Free"",""slug"":""free"",""parent"":0}]",[],"{""id"":5337,""global_id"":""www.mintmuseum.org?id=5337"",""venue"":""Mint Museum Uptown"",""url"":""https://www.mintmuseum.org/venue/mint-museum-uptown/"",""geo_lat"":35.224305,""geo_lng"":-80.848151,""show_map"":true,""show_map_link"":true}","[{""id"":54883,""global_id"":""www.mintmuseum.org?id=54883"",""organizer"":""Leslie Strauss"",""url"":""https://www.mintmuseum.org/organizer/leslie-strauss-2/"",""phone"":""704-337-2050"",""email"":""leslie.strauss@mintmuseum.org""}]","Visitors of all ages can play, explore, and learn about the museum collection in the Lewis Family Gallery. This hands-on space provides a creative environment for making art, engaging in building and puzzle challenges, posing for pictures, and stepping into a Romare Bearden collage playhouse. For the safety of visitors, vigorous cleaning protocols are in place. HOURS: Wednesday: 5-8 PM Friday & Saturday: 11 AM-4 PM Sunday: 1-5 PM",,"{""url"":""https://www.mintmuseum.org/wp-content/uploads/2025/01/children-families-hero-1.jpg"",""id"":63445,""extension"":""jpg"",""width"":880,""height"":400}",[],false,false,,,2025-01-17 11:23:14,2025-01-17 16:23:14,true,true,,,
2026-09-30T20:45:37Z,petrasbar.com,http://www.petrasbar.com/wp-json/tribe/events/v1/events,5,10002346,petrasbar.com?id=10002346,The Bill Hanna Legacy Jazz Session,2028-06-26 19:30:00,2028-06-26 23:30:00,2028-06-26 19:30:00,2028-06-26 23:30:00,UTC-5,false,false,publish,https://petrasbar.com/event/bill-hannas-jazz-session-2024-01-08-2024-01-08-2024-01-15-2/2028-06-26/,https://www.eventbrite.com/e/the-bill-hanna-legacy-jazz-session-tickets-1979869722637,,,"{""currency_symbol"":"""",""currency_code"":"""",""currency_position"":"""",""values"":[]}","[{""id"":20,""name"":""Featured"",""slug"":""featured"",""parent"":0},{""id"":23,""name"":""Live Music"",""slug"":""music"",""parent"":0},{""id"":25,""name"":""Shows"",""slug"":""shows"",""parent"":0}]",[],"{""id"":12652,""global_id"":""petrasbar.com?id=12652"",""venue"":""Petra’s"",""address"":""1919 Commonwealth Avenue"",""city"":""Charlotte"",""country"":""United States"",""province"":""NC"",""state"":""NC"",""zip"":""28205"",""url"":""https://petrasbar.com/venue/petras-2/"",""show_map"":true,""show_map_link"":true}","[{""id"":421,""global_id"":""petrasbar.com?id=421"",""organizer"":""Petra’s"",""url"":""https://petrasbar.com/organizer/petras-bar/""}]","Doors: 7pm Music: 7:30pm – 10pm Tickets: $7 Advance (plus online fees) | $10 At the door • 21+ Bill Hanna was a legend in Charlotte. He was the godfather of Jazz and we’re keeping his legacy alive each and every Monday night. Come join us to see some of Charlotte’s best musicians perform in an intimate setting. Limited seating is 1st come 1st serve. If you’re able to stand, please give your seat to someone who can’t.",,"{""url"":""https://petrasbar.com/wp-content/uploads/2021/06/Hanna_2008_dcoston2.jpeg"",""id"":26780,""extension"":""jpeg"",""width"":2354,""height"":1776}",[],false,false,,,2026-01-06 10:34:53,2026-01-06 15:34:53,true,true,,,
2026-09-30T20:45:37Z,mintmuseum.org,https://www.mintmuseum.org/wp-json/tribe/events/v1/events,17,10002005,www.mintmuseum.org?id=10002005,Yoga at the Mint,2028-06-27 17:15:00,2028-06-27 17:15:00,2028-06-27 18:15:00,2028-06-27 18:15:00,UTC+0,false,false,publish,https://www.mintmuseum.org/event/yoga-at-the-mint-2-4-2-2-2-2-3-3/2028-06-27/,,,Free – $10,"{""currency_symbol"":""$"",""currency_code"":""USD"",""currency_position"":""prefix"",""values"":[""0"",""10""]}","[{""id"":56,""name"":""All"",""slug"":""all"",""parent"":0},{""id"":18,""name"":""Members"",""slug"":""members"",""parent"":0}]",[],"{""id"":5337,""global_id"":""www.mintmuseum.org?id=5337"",""venue"":""Mint Museum Uptown"",""url"":""https://www.mintmuseum.org/venue/mint-museum-uptown/"",""geo_lat"":35.224305,""geo_lng"":-80.848151,""show_map"":true,""show_map_link"":true}",[],"Participate in a one-hour yoga class with Dancing Lotus Yoga + Arts every Tuesday from 5:15-6:15 PM at Mint Museum Uptown. Classes are free for Mint members and $10 for nonmembers. Members, please contact Alex Gutierrez Mendez, Membership Services Manager, for the online code for free yoga at alex.gutierrez@mintmuseum.org. Registration is required. Register through Dancing Lotus Yoga + Arts here.",,"{""url"":""https://www.mintmuseum.org/wp-content/uploads/2023/09/Yoga-at-the-MInt-3.jpg"",""id"":64052,""extension"":""jpg"",""width"":1920,""height"":1080}","{""_ecp_custom_2"":{""label"":""Tickets Link"",""value"":""https://www.dancinglotusnc.com/book-online""},""_ecp_custom_3"":{""label"":""Tickets Link Text"",""value"":""Register here""}}",false,false,,,2026-02-23 15:38:57,2026-02-23 20:38:57,true,true,,,
2026-09-30T20:45:37Z,mintmuseum.org,https://www.mintmuseum.org/wp-json/tribe/events/v1/events,17,10002830,www.mintmuseum.org?id=10002830,Free Wednesday Evenings,2028-06-28 17:00:00,2028-06-28 21:00:00,2028-06-28 21:00:00,2028-06-29 01:00:00,America/New_York,false,false,publish,https://www.mintmuseum.org/event/free-admission-nights-2-2-3-2-4/2028-06-28/,,,Free,"{""currency_symbol"":""$"",""currency_code"":""USD"",""currency_position"":""prefix"",""values"":[""0""]}","[{""id"":372,""name"":""Free"",""slug"":""free"",""parent"":0}]",[],"{""id"":8027,""global_id"":""www.mintmuseum.org?id=8027"",""venue"":""Mint Museum Uptown & Randolph"",""city"":""Charlotte"",""country"":""United States"",""state"":""NC"",""url"":""https://www.mintmuseum.org/venue/uptown-randolph/"",""geo_lat"":35.2270869,""geo_lng"":-80.8431267,""show_map"":false,""show_map_link"":false}",[],"The Mint Museum is FREE from 5-9 PM on Wednesdays! For up to date hours, please visit our events calendar mintmuseum.org/events Free Wednesday Evenings is generously presented by Publix Super Market Charities.",,"{""url"":""https://www.mintmuseum.org/wp-content/uploads/2023/12/free-wednesday-evenings-group-in-gallery.jpg"",""id"":62997,""extension"":""jpg"",""width"":1920,""height"":1080}",[],false,false,,,2025-12-12 11:36:01,2025-12-12 16:36:01,true,true,,,
2026-09-30T20:45:37Z,mintmuseum.org,https://www.mintmuseum.org/wp-json/tribe/events/v1/events,17,10004650,www.mintmuseum.org?id=10004650,Lewis Family Gallery,2028-06-28 17:00:00,2028-06-28 21:00:00,2028-06-28 20:00:00,2028-06-29 00:00:00,America/New_York,false,false,publish,https://www.mintmuseum.org/event/lewis-family-gallery-10/2028-06-28/,,,Included with general admission,"{""currency_symbol"":""$"",""currency_code"":""USD"",""currency_position"":""prefix"",""values"":[""included-with-general-admission""]}","[{""id"":29,""name"":""Family Friendly"",""slug"":""family-friendly"",""parent"":0},{""id"":372,""name"":""Free"",""slug"":""free"",""parent"":0}]",[],"{""id"":5337,""global_id"":""www.mintmuseum.org?id=5337"",""venue"":""Mint Museum Uptown"",""url"":""https://www.mintmuseum.org/venue/mint-museum-uptown/"",""geo_lat"":35.224305,""geo_lng"":-80.848151,""show_map"":true,""show_map_link"":true}","[{""id"":54883,""global_id"":""www.mintmuseum.org?id=54883"",""organizer"":""Leslie Strauss"",""url"":""https://www.mintmuseum.org/organizer/leslie-strauss-2/"",""phone"":""704-337-2050"",""email"":""leslie.strauss@mintmuseum.org""}]","Visitors of all ages can play, explore, and learn about the museum collection in the Lewis Family Gallery. This hands-on space provides a creative environment for making art, engaging in building and puzzle challenges, posing for pictures, and stepping into a Romare Bearden collage playhouse. For the safety of visitors, vigorous cleaning protocols are in place. HOURS: Wednesday: 5-8 PM Friday & Saturday: 11 AM-4 PM Sunday: 1-5 PM",,"{""url"":""https://www.mintmuseum.org/wp-content/uploads/2025/01/children-families-hero-1.jpg"",""id"":63445,""extension"":""jpg"",""width"":880,""height"":400}",[],false,false,,,2025-11-25 15:13:52,2025-11-25 20:13:52,true,true,,,
2026-09-30T20:45:37Z,mintmuseum.org,https://www.mintmuseum.org/wp-json/tribe/events/v1/events,17,10007301,www.mintmuseum.org?id=10007301,Wine on Wednesdays,2028-06-28 17:00:00,2028-06-28 21:00:00,2028-06-28 20:30:00,2028-06-29 00:30:00,America/New_York,false,false,publish,https://www.mintmuseum.org/event/wine-on-wednesdays/2028-06-28/,,,Free,"{""currency_symbol"":""$"",""currency_code"":""USD"",""currency_position"":""prefix"",""values"":[""0""]}","[{""id"":34,""name"":""Adult Programs"",""slug"":""adult-programs"",""parent"":0},{""id"":372,""name"":""Free"",""slug"":""free"",""parent"":0}]",[],"{""id"":5337,""global_id"":""www.mintmuseum.org?id=5337"",""venue"":""Mint Museum Uptown"",""url"":""https://www.mintmuseum.org/venue/mint-museum-uptown/"",""geo_lat"":35.224305,""geo_lng"":-80.848151,""show_map"":true,""show_map_link"":true}","[{""id"":68127,""global_id"":""www.mintmuseum.org?id=68127"",""organizer"":""Mint Museum Store"",""url"":""https://www.mintmuseum.org/organizer/mint-museum-store/"",""website"":""https://store.mintmuseum.org/"",""phone"":""7043372061"",""email"":""valeria.vazquez@mintmuseum.org""}]","Join us every Wednesday at The Mint Museum Uptown Store for our beloved Wine on Wednesday event. Sip and shop your way through the evening with $5 glasses of wine, great company, and our incredible selection of items. 🍷 Bar open: 5–8:30 PM | $5 glasses 🛍️ Store open until 9 PM through January.",,"{""url"":""https://www.mintmuseum.org/wp-content/uploads/2026/07/Wine-on-Wednesdays.jpg"",""id"":68139,""extension"":""jpg"",""width"":2048,""height"":1152}",[],false,false,,,2026-07-29 16:07:25,2026-07-29 20:07:25,true,true,,,
2026-09-30T20:45:37Z,petrasbar.com,http://www.petrasbar.com/wp-json/tribe/events/v1/events,5,10002785,petrasbar.com?id=10002785,Karaoke with Klaytastic,2028-06-28 19:00:00,2028-06-28 23:00:00,2028-06-28 19:00:00,2028-06-28 23:00:00,UTC-5,false,false,publish,https://petrasbar.com/event/fckn-karaoke-2022-02-23-2023-08-16-2024-01-24-3-2/2028-06-28/,,,,"{""currency_symbol"":"""",""currency_code"":"""",""currency_position"":"""",""values"":[]}","[{""id"":20,""name"":""Featured"",""slug"":""featured"",""parent"":0},{""id"":21,""name"":""Karaoke"",""slug"":""karaoke"",""parent"":0},{""id"":23,""name"":""Live Music"",""slug"":""music"",""parent"":0}]",[],"{""id"":12652,""global_id"":""petrasbar.com?id=12652"",""venue"":""Petra’s"",""address"":""1919 Commonwealth Avenue"",""city"":""Charlotte"",""country"":""United States"",""province"":""NC"",""state"":""NC"",""zip"":""28205"",""url"":""https://petrasbar.com/venue/petras-2/"",""show_map"":true,""show_map_link"":true}","[{""id"":421,""global_id"":""petrasbar.com?id=421"",""organizer"":""Petra’s"",""url"":""https://petrasbar.com/organizer/petras-bar/""}]",Every Wednesday at Petra’s is the best karaoke party in Charlotte. With host @klaytastic! 7pm-9pm | No Cover 9pm Until | $5 | 21+ (No Exceptions),,"{""url"":""https://petrasbar.com/wp-content/uploads/2025/11/New_Klaytastic-Mailchimp.png"",""id"":38174,""extension"":""png"",""width"":600,""height"":300}",[],false,false,,,2026-06-30 17:46:42,2026-06-30 21:46:42,true,true,,,
2026-09-30T20:45:37Z,mintmuseum.org,https://www.mintmuseum.org/wp-json/tribe/events/v1/events,17,10004910,www.mintmuseum.org?id=10004910,Lewis Family Gallery,2028-06-30 11:00:00,2028-06-30 15:00:00,2028-06-30 16:00:00,2028-06-30 20:00:00,America/New_York,false,false,publish,https://www.mintmuseum.org/event/lewis-family-gallery-2/2028-06-30/,,,Included with general admission,"{""currency_symbol"":""$"",""currency_code"":""USD"",""currency_position"":""prefix"",""values"":[""included-with-general-admission""]}","[{""id"":29,""name"":""Family Friendly"",""slug"":""family-friendly"",""parent"":0},{""id"":372,""name"":""Free"",""slug"":""free"",""parent"":0}]",[],"{""id"":5337,""global_id"":""www.mintmuseum.org?id=5337"",""venue"":""Mint Museum Uptown"",""url"":""https://www.mintmuseum.org/venue/mint-museum-uptown/"",""geo_lat"":35.224305,""geo_lng"":-80.848151,""show_map"":true,""show_map_link"":true}","[{""id"":54883,""global_id"":""www.mintmuseum.org?id=54883"",""organizer"":""Leslie Strauss"",""url"":""https://www.mintmuseum.org/organizer/leslie-strauss-2/"",""phone"":""704-337-2050"",""email"":""leslie.strauss@mintmuseum.org""}]","Visitors of all ages can play, explore, and learn about the museum collection in the Lewis Family Gallery. This hands-on space provides a creative environment for making art, engaging in building and puzzle challenges, posing for pictures, and stepping into a Romare Bearden collage playhouse. For the safety of visitors, vigorous cleaning protocols are in place. HOURS: Wednesday: 5-8 PM Friday & Saturday: 11 AM-4 PM Sunday: 1-5 PM",,"{""url"":""https://www.mintmuseum.org/wp-content/uploads/2025/01/children-families-hero-1.jpg"",""id"":63445,""extension"":""jpg"",""width"":880,""height"":400}",[],false,false,,,2025-01-17 11:20:40,2025-01-17 16:20:40,true,true,,,
2026-09-30T20:45:37Z,mintmuseum.org,https://www.mintmuseum.org/wp-json/tribe/events/v1/events,17,10007947,www.mintmuseum.org?id=10007947,Bank of America Museums on Us,2028-07-01 00:00:00,2028-07-01 04:00:00,2028-07-02 23:59:59,2028-07-03 03:59:59,America/New_York,true,false,publish,https://www.mintmuseum.org/event/bank-of-america-museums-on-us/2028-07-01/,https://about.bankofamerica.com/en/making-an-impact/arts-and-culture#museums-on-us,,Free,"{""currency_symbol"":""$"",""currency_code"":""USD"",""currency_position"":""prefix"",""values"":[""0""]}","[{""id"":372,""name"":""Free"",""slug"":""free"",""parent"":0}]",[],"{""id"":8027,""global_id"":""www.mintmuseum.org?id=8027"",""venue"":""Mint Museum Uptown & Randolph"",""city"":""Charlotte"",""country"":""United States"",""state"":""NC"",""url"":""https://www.mintmuseum.org/venue/uptown-randolph/"",""geo_lat"":35.2270869,""geo_lng"":-80.8431267,""show_map"":false,""show_map_link"":false}","[{""id"":68374,""global_id"":""www.mintmuseum.org?id=68374"",""organizer"":""Romario Brown"",""url"":""https://www.mintmuseum.org/organizer/romario-brown/"",""phone"":""704-337-2130"",""email"":""romario.brown@mintmuseum.org""}]","Bank of America cardholders receive free general admission – during the first full weekend of every month – to cultural institutions across the United States. How to visit: Present your active Bank of America, Merrill or Bank of America Private Bank credit or debit card and valid government issued photo ID (Passport booklet, State ID, Driver License) to receive one free general admission to either museum location. Please review eligibility and terms prior to your visit: Museums on Us is available to Bank of America, Merrill, or Bank of America Private Bank credit and debit cardholders during the first full weekend of every month. The offer is valid for one general admission only per eligible cardholder. Any special exhibitions, ticketed exhibitions, enhanced experiences, or additional offerings are not included and must be purchased separately. This offer is limited to the individual cardholder, is not transferable, does not guarantee admission, and cannot be combined with other offers. Fundraising events are excluded.",,"{""url"":""https://www.mintmuseum.org/wp-content/uploads/2026/09/museums-on-us.jpg"",""id"":68383,""extension"":""jpg"",""width"":1920,""height"":1080}","{""_ecp_custom_2"":{""label"":""Tickets Link"",""value"":""https://about.bankofamerica.com/en/making-an-impact/arts-and-culture#museums-on-us""},""_ecp_custom_3"":{""label"":""Tickets Link Text"",""value"":""Learn more""}}",false,false,,,2026-09-08 13:26:51,2026-09-08 17:26:51,true,true,,,
2026-09-30T20:45:37Z,mintmuseum.org,https://www.mintmuseum.org/wp-json/tribe/events/v1/events,17,10002045,www.mintmuseum.org?id=10002045,Yoga on the Lawn,2028-07-01 10:00:00,2028-07-01 10:00:00,2028-07-01 11:00:00,2028-07-01 11:00:00,UTC+0,false,false,publish,https://www.mintmuseum.org/event/yoga-at-the-mint-3-2-2-3-2-2/2028-07-01/,,,Free – $10,"{""currency_symbol"":""$"",""currency_code"":""USD"",""currency_position"":""prefix"",""values"":[""0"",""10""]}","[{""id"":56,""name"":""All"",""slug"":""all"",""parent"":0},{""id"":18,""name"":""Members"",""slug"":""members"",""parent"":0}]","[{""name"":""yoga at the mint"",""slug"":""yoga-at-the-mint"",""term_group"":0,""term_taxonomy_id"":850,""taxonomy"":""post_tag"",""description"":"""",""parent"":0,""count"":16,""filter"":""raw"",""term_order"":""0"",""id"":850,""urls"":{""self"":""https://www.mintmuseum.org/wp-json/tribe/events/v1/tags/850"",""collection"":""https://www.mintmuseum.org/wp-json/tribe/events/v1/tags""}},{""name"":""yoga on the lawn"",""slug"":""yoga-on-the-lawn"",""term_group"":0,""term_taxonomy_id"":853,""taxonomy"":""post_tag"",""description"":"""",""parent"":0,""count"":15,""filter"":""raw"",""term_order"":""0"",""id"":853,""urls"":{""self"":""https://www.mintmuseum.org/wp-json/tribe/events/v1/tags/853"",""collection"":""https://www.mintmuseum.org/wp-json/tribe/events/v1/tags""}}]","{""id"":5313,""global_id"":""www.mintmuseum.org?id=5313"",""venue"":""Mint Museum Randolph"",""url"":""https://www.mintmuseum.org/venue/mint-museum-randolph/"",""geo_lat"":35.1973424,""geo_lng"":-80.8146806,""show_map"":true,""show_map_link"":true}",[],"Participate in a one-hour yoga class with Dancing Lotus Yoga + Art on select Saturdays on the front lawn, or indoors, at Mint Museum Randolph (weather permitting). Classes are free for Mint members and $10 for nonmembers. During the winter months, this class will be hosted inside Mint Museum Randolph. Members, please contact Alex Gutierrez Mendez, Membership Services Manager, for the online code for free yoga at alex.gutierrez@mintmuseum.org. Registration is required. Register through Dancing Lotus Yoga + Arts here.",,"{""url"":""https://www.mintmuseum.org/wp-content/uploads/2023/09/Yoga-on-the-Lawn.jpg"",""id"":64053,""extension"":""jpg"",""width"":1920,""height"":1080}","{""_ecp_custom_2"":{""label"":""Tickets Link"",""value"":""https://www.dancinglotusnc.com/book-online""},""_ecp_custom_3"":{""label"":""Tickets Link Text"",""value"":""Register here""}}",false,false,,,2025-03-24 16:29:34,2025-03-24 20:29:34,true,true,,,
2026-09-30T20:45:37Z,mintmuseum.org,https://www.mintmuseum.org/wp-json/tribe/events/v1/events,17,10005428,www.mintmuseum.org?id=10005428,Lewis Family Gallery,2028-07-01 11:00:00,2028-07-01 15:00:00,2028-07-01 16:00:00,2028-07-01 20:00:00,America/New_York,false,false,publish,https://www.mintmuseum.org/event/lewis-family-gallery-3/2028-07-01/,,,Included with general admission,"{""currency_symbol"":""$"",""currency_code"":""USD"",""currency_position"":""prefix"",""values"":[""included-with-general-admission""]}","[{""id"":29,""name"":""Family Friendly"",""slug"":""family-friendly"",""parent"":0},{""id"":372,""name"":""Free"",""slug"":""free"",""parent"":0}]",[],"{""id"":5337,""global_id"":""www.mintmuseum.org?id=5337"",""venue"":""Mint Museum Uptown"",""url"":""https://www.mintmuseum.org/venue/mint-museum-uptown/"",""geo_lat"":35.224305,""geo_lng"":-80.848151,""show_map"":true,""show_map_link"":true}","[{""id"":54883,""global_id"":""www.mintmuseum.org?id=54883"",""organizer"":""Leslie Strauss"",""url"":""https://www.mintmuseum.org/organizer/leslie-strauss-2/"",""phone"":""704-337-2050"",""email"":""leslie.strauss@mintmuseum.org""}]","Visitors of all ages can play, explore, and learn about the museum collection in the Lewis Family Gallery. This hands-on space provides a creative environment for making art, engaging in building and puzzle challenges, posing for pictures, and stepping into a Romare Bearden collage playhouse. For the safety of visitors, vigorous cleaning protocols are in place. HOURS: Wednesday: 5-8 PM Friday & Saturday: 11 AM-4 PM Sunday: 1-5 PM",,"{""url"":""https://www.mintmuseum.org/wp-content/uploads/2025/01/children-families-hero-1.jpg"",""id"":63445,""extension"":""jpg"",""width"":880,""height"":400}",[],false,false,,,2025-01-17 11:22:09,2025-01-17 16:22:09,true,true,,,
2026-09-30T20:45:37Z,mintmuseum.org,https://www.mintmuseum.org/wp-json/tribe/events/v1/events,17,10005946,www.mintmuseum.org?id=10005946,Lewis Family Gallery,2028-07-02 13:00:00,2028-07-02 17:00:00,2028-07-02 17:00:00,2028-07-02 21:00:00,America/New_York,false,false,publish,https://www.mintmuseum.org/event/lewis-family-gallery-4/2028-07-02/,,,Included with general admission,"{""currency_symbol"":""$"",""currency_code"":""USD"",""currency_position"":""prefix"",""values"":[""included-with-general-admission""]}","[{""id"":29,""name"":""Family Friendly"",""slug"":""family-friendly"",""parent"":0},{""id"":372,""name"":""Free"",""slug"":""free"",""parent"":0}]",[],"{""id"":5337,""global_id"":""www.mintmuseum.org?id=5337"",""venue"":""Mint Museum Uptown"",""url"":""https://www.mintmuseum.org/venue/mint-museum-uptown/"",""geo_lat"":35.224305,""geo_lng"":-80.848151,""show_map"":true,""show_map_link"":true}","[{""id"":54883,""global_id"":""www.mintmuseum.org?id=54883"",""organizer"":""Leslie Strauss"",""url"":""https://www.mintmuseum.org/organizer/leslie-strauss-2/"",""phone"":""704-337-2050"",""email"":""leslie.strauss@mintmuseum.org""}]","Visitors of all ages can play, explore, and learn about the museum collection in the Lewis Family Gallery. This hands-on space provides a creative environment for making art, engaging in building and puzzle challenges, posing for pictures, and stepping into a Romare Bearden collage playhouse. For the safety of visitors, vigorous cleaning protocols are in place. HOURS: Wednesday: 5-8 PM Friday & Saturday: 11 AM-4 PM Sunday: 1-5 PM",,"{""url"":""https://www.mintmuseum.org/wp-content/uploads/2025/01/children-families-hero-1.jpg"",""id"":63445,""extension"":""jpg"",""width"":880,""height"":400}",[],false,false,,,2025-01-17 11:23:14,2025-01-17 16:23:14,true,true,,,
2026-09-30T20:45:37Z,petrasbar.com,http://www.petrasbar.com/wp-json/tribe/events/v1/events,5,10002347,petrasbar.com?id=10002347,The Bill Hanna Legacy Jazz Session,2028-07-03 19:30:00,2028-07-03 23:30:00,2028-07-03 19:30:00,2028-07-03 23:30:00,UTC-5,false,false,publish,https://petrasbar.com/event/bill-hannas-jazz-session-2024-01-08-2024-01-08-2024-01-15-2/2028-07-03/,https://www.eventbrite.com/e/the-bill-hanna-legacy-jazz-session-tickets-1979869722637,,,"{""currency_symbol"":"""",""currency_code"":"""",""currency_position"":"""",""values"":[]}","[{""id"":20,""name"":""Featured"",""slug"":""featured"",""parent"":0},{""id"":23,""name"":""Live Music"",""slug"":""music"",""parent"":0},{""id"":25,""name"":""Shows"",""slug"":""shows"",""parent"":0}]",[],"{""id"":12652,""global_id"":""petrasbar.com?id=12652"",""venue"":""Petra’s"",""address"":""1919 Commonwealth Avenue"",""city"":""Charlotte"",""country"":""United States"",""province"":""NC"",""state"":""NC"",""zip"":""28205"",""url"":""https://petrasbar.com/venue/petras-2/"",""show_map"":true,""show_map_link"":true}","[{""id"":421,""global_id"":""petrasbar.com?id=421"",""organizer"":""Petra’s"",""url"":""https://petrasbar.com/organizer/petras-bar/""}]","Doors: 7pm Music: 7:30pm – 10pm Tickets: $7 Advance (plus online fees) | $10 At the door • 21+ Bill Hanna was a legend in Charlotte. He was the godfather of Jazz and we’re keeping his legacy alive each and every Monday night. Come join us to see some of Charlotte’s best musicians perform in an intimate setting. Limited seating is 1st come 1st serve. If you’re able to stand, please give your seat to someone who can’t.",,"{""url"":""https://petrasbar.com/wp-content/uploads/2021/06/Hanna_2008_dcoston2.jpeg"",""id"":26780,""extension"":""jpeg"",""width"":2354,""height"":1776}",[],false,false,,,2026-01-06 10:34:53,2026-01-06 15:34:53,true,true,,,
2026-09-30T20:45:37Z,mintmuseum.org,https://www.mintmuseum.org/wp-json/tribe/events/v1/events,17,10002006,www.mintmuseum.org?id=10002006,Yoga at the Mint,2028-07-04 17:15:00,2028-07-04 17:15:00,2028-07-04 18:15:00,2028-07-04 18:15:00,UTC+0,false,false,publish,https://www.mintmuseum.org/event/yoga-at-the-mint-2-4-2-2-2-2-3-3/2028-07-04/,,,Free – $10,"{""currency_symbol"":""$"",""currency_code"":""USD"",""currency_position"":""prefix"",""values"":[""0"",""10""]}","[{""id"":56,""name"":""All"",""slug"":""all"",""parent"":0},{""id"":18,""name"":""Members"",""slug"":""members"",""parent"":0}]",[],"{""id"":5337,""global_id"":""www.mintmuseum.org?id=5337"",""venue"":""Mint Museum Uptown"",""url"":""https://www.mintmuseum.org/venue/mint-museum-uptown/"",""geo_lat"":35.224305,""geo_lng"":-80.848151,""show_map"":true,""show_map_link"":true}",[],"Participate in a one-hour yoga class with Dancing Lotus Yoga + Arts every Tuesday from 5:15-6:15 PM at Mint Museum Uptown. Classes are free for Mint members and $10 for nonmembers. Members, please contact Alex Gutierrez Mendez, Membership Services Manager, for the online code for free yoga at alex.gutierrez@mintmuseum.org. Registration is required. Register through Dancing Lotus Yoga + Arts here.",,"{""url"":""https://www.mintmuseum.org/wp-content/uploads/2023/09/Yoga-at-the-MInt-3.jpg"",""id"":64052,""extension"":""jpg"",""width"":1920,""height"":1080}","{""_ecp_custom_2"":{""label"":""Tickets Link"",""value"":""https://www.dancinglotusnc.com/book-online""},""_ecp_custom_3"":{""label"":""Tickets Link Text"",""value"":""Register here""}}",false,false,,,2026-02-23 15:38:57,2026-02-23 20:38:57,true,true,,,
2026-09-30T20:45:37Z,mintmuseum.org,https://www.mintmuseum.org/wp-json/tribe/events/v1/events,17,10002831,www.mintmuseum.org?id=10002831,Free Wednesday Evenings,2028-07-05 17:00:00,2028-07-05 21:00:00,2028-07-05 21:00:00,2028-07-06 01:00:00,America/New_York,false,false,publish,https://www.mintmuseum.org/event/free-admission-nights-2-2-3-2-4/2028-07-05/,,,Free,"{""currency_symbol"":""$"",""currency_code"":""USD"",""currency_position"":""prefix"",""values"":[""0""]}","[{""id"":372,""name"":""Free"",""slug"":""free"",""parent"":0}]",[],"{""id"":8027,""global_id"":""www.mintmuseum.org?id=8027"",""venue"":""Mint Museum Uptown & Randolph"",""city"":""Charlotte"",""country"":""United States"",""state"":""NC"",""url"":""https://www.mintmuseum.org/venue/uptown-randolph/"",""geo_lat"":35.2270869,""geo_lng"":-80.8431267,""show_map"":false,""show_map_link"":false}",[],"The Mint Museum is FREE from 5-9 PM on Wednesdays! For up to date hours, please visit our events calendar mintmuseum.org/events Free Wednesday Evenings is generously presented by Publix Super Market Charities.",,"{""url"":""https://www.mintmuseum.org/wp-content/uploads/2023/12/free-wednesday-evenings-group-in-gallery.jpg"",""id"":62997,""extension"":""jpg"",""width"":1920,""height"":1080}",[],false,false,,,2025-12-12 11:36:01,2025-12-12 16:36:01,true,true,,,
2026-09-30T20:45:37Z,mintmuseum.org,https://www.mintmuseum.org/wp-json/tribe/events/v1/events,17,10004651,www.mintmuseum.org?id=10004651,Lewis Family Gallery,2028-07-05 17:00:00,2028-07-05 21:00:00,2028-07-05 20:00:00,2028-07-06 00:00:00,America/New_York,false,false,publish,https://www.mintmuseum.org/event/lewis-family-gallery-10/2028-07-05/,,,Included with general admission,"{""currency_symbol"":""$"",""currency_code"":""USD"",""currency_position"":""prefix"",""values"":[""included-with-general-admission""]}","[{""id"":29,""name"":""Family Friendly"",""slug"":""family-friendly"",""parent"":0},{""id"":372,""name"":""Free"",""slug"":""free"",""parent"":0}]",[],"{""id"":5337,""global_id"":""www.mintmuseum.org?id=5337"",""venue"":""Mint Museum Uptown"",""url"":""https://www.mintmuseum.org/venue/mint-museum-uptown/"",""geo_lat"":35.224305,""geo_lng"":-80.848151,""show_map"":true,""show_map_link"":true}","[{""id"":54883,""global_id"":""www.mintmuseum.org?id=54883"",""organizer"":""Leslie Strauss"",""url"":""https://www.mintmuseum.org/organizer/leslie-strauss-2/"",""phone"":""704-337-2050"",""email"":""leslie.strauss@mintmuseum.org""}]","Visitors of all ages can play, explore, and learn about the museum collection in the Lewis Family Gallery. This hands-on space provides a creative environment for making art, engaging in building and puzzle challenges, posing for pictures, and stepping into a Romare Bearden collage playhouse. For the safety of visitors, vigorous cleaning protocols are in place. HOURS: Wednesday: 5-8 PM Friday & Saturday: 11 AM-4 PM Sunday: 1-5 PM",,"{""url"":""https://www.mintmuseum.org/wp-content/uploads/2025/01/children-families-hero-1.jpg"",""id"":63445,""extension"":""jpg"",""width"":880,""height"":400}",[],false,false,,,2025-11-25 15:13:52,2025-11-25 20:13:52,true,true,,,
2026-09-30T20:45:37Z,mintmuseum.org,https://www.mintmuseum.org/wp-json/tribe/events/v1/events,17,10007302,www.mintmuseum.org?id=10007302,Wine on Wednesdays,2028-07-05 17:00:00,2028-07-05 21:00:00,2028-07-05 20:30:00,2028-07-06 00:30:00,America/New_York,false,false,publish,https://www.mintmuseum.org/event/wine-on-wednesdays/2028-07-05/,,,Free,"{""currency_symbol"":""$"",""currency_code"":""USD"",""currency_position"":""prefix"",""values"":[""0""]}","[{""id"":34,""name"":""Adult Programs"",""slug"":""adult-programs"",""parent"":0},{""id"":372,""name"":""Free"",""slug"":""free"",""parent"":0}]",[],"{""id"":5337,""global_id"":""www.mintmuseum.org?id=5337"",""venue"":""Mint Museum Uptown"",""url"":""https://www.mintmuseum.org/venue/mint-museum-uptown/"",""geo_lat"":35.224305,""geo_lng"":-80.848151,""show_map"":true,""show_map_link"":true}","[{""id"":68127,""global_id"":""www.mintmuseum.org?id=68127"",""organizer"":""Mint Museum Store"",""url"":""https://www.mintmuseum.org/organizer/mint-museum-store/"",""website"":""https://store.mintmuseum.org/"",""phone"":""7043372061"",""email"":""valeria.vazquez@mintmuseum.org""}]","Join us every Wednesday at The Mint Museum Uptown Store for our beloved Wine on Wednesday event. Sip and shop your way through the evening with $5 glasses of wine, great company, and our incredible selection of items. 🍷 Bar open: 5–8:30 PM | $5 glasses 🛍️ Store open until 9 PM through January.",,"{""url"":""https://www.mintmuseum.org/wp-content/uploads/2026/07/Wine-on-Wednesdays.jpg"",""id"":68139,""extension"":""jpg"",""width"":2048,""height"":1152}",[],false,false,,,2026-07-29 16:07:25,2026-07-29 20:07:25,true,true,,,
2026-09-30T20:45:37Z,petrasbar.com,http://www.petrasbar.com/wp-json/tribe/events/v1/events,5,10002786,petrasbar.com?id=10002786,Karaoke with Klaytastic,2028-07-05 19:00:00,2028-07-05 23:00:00,2028-07-05 19:00:00,2028-07-05 23:00:00,UTC-5,false,false,publish,https://petrasbar.com/event/fckn-karaoke-2022-02-23-2023-08-16-2024-01-24-3-2/2028-07-05/,,,,"{""currency_symbol"":"""",""currency_code"":"""",""currency_position"":"""",""values"":[]}","[{""id"":20,""name"":""Featured"",""slug"":""featured"",""parent"":0},{""id"":21,""name"":""Karaoke"",""slug"":""karaoke"",""parent"":0},{""id"":23,""name"":""Live Music"",""slug"":""music"",""parent"":0}]",[],"{""id"":12652,""global_id"":""petrasbar.com?id=12652"",""venue"":""Petra’s"",""address"":""1919 Commonwealth Avenue"",""city"":""Charlotte"",""country"":""United States"",""province"":""NC"",""state"":""NC"",""zip"":""28205"",""url"":""https://petrasbar.com/venue/petras-2/"",""show_map"":true,""show_map_link"":true}","[{""id"":421,""global_id"":""petrasbar.com?id=421"",""organizer"":""Petra’s"",""url"":""https://petrasbar.com/organizer/petras-bar/""}]",Every Wednesday at Petra’s is the best karaoke party in Charlotte. With host @klaytastic! 7pm-9pm | No Cover 9pm Until | $5 | 21+ (No Exceptions),,"{""url"":""https://petrasbar.com/wp-content/uploads/2025/11/New_Klaytastic-Mailchimp.png"",""id"":38174,""extension"":""png"",""width"":600,""height"":300}",[],false,false,,,2026-06-30 17:46:42,2026-06-30 21:46:42,true,true,,,
2026-09-30T20:45:37Z,mintmuseum.org,https://www.mintmuseum.org/wp-json/tribe/events/v1/events,17,10004911,www.mintmuseum.org?id=10004911,Lewis Family Gallery,2028-07-07 11:00:00,2028-07-07 15:00:00,2028-07-07 16:00:00,2028-07-07 20:00:00,America/New_York,false,false,publish,https://www.mintmuseum.org/event/lewis-family-gallery-2/2028-07-07/,,,Included with general admission,"{""currency_symbol"":""$"",""currency_code"":""USD"",""currency_position"":""prefix"",""values"":[""included-with-general-admission""]}","[{""id"":29,""name"":""Family Friendly"",""slug"":""family-friendly"",""parent"":0},{""id"":372,""name"":""Free"",""slug"":""free"",""parent"":0}]",[],"{""id"":5337,""global_id"":""www.mintmuseum.org?id=5337"",""venue"":""Mint Museum Uptown"",""url"":""https://www.mintmuseum.org/venue/mint-museum-uptown/"",""geo_lat"":35.224305,""geo_lng"":-80.848151,""show_map"":true,""show_map_link"":true}","[{""id"":54883,""global_id"":""www.mintmuseum.org?id=54883"",""organizer"":""Leslie Strauss"",""url"":""https://www.mintmuseum.org/organizer/leslie-strauss-2/"",""phone"":""704-337-2050"",""email"":""leslie.strauss@mintmuseum.org""}]","Visitors of all ages can play, explore, and learn about the museum collection in the Lewis Family Gallery. This hands-on space provides a creative environment for making art, engaging in building and puzzle challenges, posing for pictures, and stepping into a Romare Bearden collage playhouse. For the safety of visitors, vigorous cleaning protocols are in place. HOURS: Wednesday: 5-8 PM Friday & Saturday: 11 AM-4 PM Sunday: 1-5 PM",,"{""url"":""https://www.mintmuseum.org/wp-content/uploads/2025/01/children-families-hero-1.jpg"",""id"":63445,""extension"":""jpg"",""width"":880,""height"":400}",[],false,false,,,2025-01-17 11:20:40,2025-01-17 16:20:40,true,true,,,
2026-09-30T20:45:37Z,mintmuseum.org,https://www.mintmuseum.org/wp-json/tribe/events/v1/events,17,10002046,www.mintmuseum.org?id=10002046,Yoga on the Lawn,2028-07-08 10:00:00,2028-07-08 10:00:00,2028-07-08 11:00:00,2028-07-08 11:00:00,UTC+0,false,false,publish,https://www.mintmuseum.org/event/yoga-at-the-mint-3-2-2-3-2-2/2028-07-08/,,,Free – $10,"{""currency_symbol"":""$"",""currency_code"":""USD"",""currency_position"":""prefix"",""values"":[""0"",""10""]}","[{""id"":56,""name"":""All"",""slug"":""all"",""parent"":0},{""id"":18,""name"":""Members"",""slug"":""members"",""parent"":0}]","[{""name"":""yoga at the mint"",""slug"":""yoga-at-the-mint"",""term_group"":0,""term_taxonomy_id"":850,""taxonomy"":""post_tag"",""description"":"""",""parent"":0,""count"":16,""filter"":""raw"",""term_order"":""0"",""id"":850,""urls"":{""self"":""https://www.mintmuseum.org/wp-json/tribe/events/v1/tags/850"",""collection"":""https://www.mintmuseum.org/wp-json/tribe/events/v1/tags""}},{""name"":""yoga on the lawn"",""slug"":""yoga-on-the-lawn"",""term_group"":0,""term_taxonomy_id"":853,""taxonomy"":""post_tag"",""description"":"""",""parent"":0,""count"":15,""filter"":""raw"",""term_order"":""0"",""id"":853,""urls"":{""self"":""https://www.mintmuseum.org/wp-json/tribe/events/v1/tags/853"",""collection"":""https://www.mintmuseum.org/wp-json/tribe/events/v1/tags""}}]","{""id"":5313,""global_id"":""www.mintmuseum.org?id=5313"",""venue"":""Mint Museum Randolph"",""url"":""https://www.mintmuseum.org/venue/mint-museum-randolph/"",""geo_lat"":35.1973424,""geo_lng"":-80.8146806,""show_map"":true,""show_map_link"":true}",[],"Participate in a one-hour yoga class with Dancing Lotus Yoga + Art on select Saturdays on the front lawn, or indoors, at Mint Museum Randolph (weather permitting). Classes are free for Mint members and $10 for nonmembers. During the winter months, this class will be hosted inside Mint Museum Randolph. Members, please contact Alex Gutierrez Mendez, Membership Services Manager, for the online code for free yoga at alex.gutierrez@mintmuseum.org. Registration is required. Register through Dancing Lotus Yoga + Arts here.",,"{""url"":""https://www.mintmuseum.org/wp-content/uploads/2023/09/Yoga-on-the-Lawn.jpg"",""id"":64053,""extension"":""jpg"",""width"":1920,""height"":1080}","{""_ecp_custom_2"":{""label"":""Tickets Link"",""value"":""https://www.dancinglotusnc.com/book-online""},""_ecp_custom_3"":{""label"":""Tickets Link Text"",""value"":""Register here""}}",false,false,,,2025-03-24 16:29:34,2025-03-24 20:29:34,true,true,,,
2026-09-30T20:45:37Z,mintmuseum.org,https://www.mintmuseum.org/wp-json/tribe/events/v1/events,17,10005429,www.mintmuseum.org?id=10005429,Lewis Family Gallery,2028-07-08 11:00:00,2028-07-08 15:00:00,2028-07-08 16:00:00,2028-07-08 20:00:00,America/New_York,false,false,publish,https://www.mintmuseum.org/event/lewis-family-gallery-3/2028-07-08/,,,Included with general admission,"{""currency_symbol"":""$"",""currency_code"":""USD"",""currency_position"":""prefix"",""values"":[""included-with-general-admission""]}","[{""id"":29,""name"":""Family Friendly"",""slug"":""family-friendly"",""parent"":0},{""id"":372,""name"":""Free"",""slug"":""free"",""parent"":0}]",[],"{""id"":5337,""global_id"":""www.mintmuseum.org?id=5337"",""venue"":""Mint Museum Uptown"",""url"":""https://www.mintmuseum.org/venue/mint-museum-uptown/"",""geo_lat"":35.224305,""geo_lng"":-80.848151,""show_map"":true,""show_map_link"":true}","[{""id"":54883,""global_id"":""www.mintmuseum.org?id=54883"",""organizer"":""Leslie Strauss"",""url"":""https://www.mintmuseum.org/organizer/leslie-strauss-2/"",""phone"":""704-337-2050"",""email"":""leslie.strauss@mintmuseum.org""}]","Visitors of all ages can play, explore, and learn about the museum collection in the Lewis Family Gallery. This hands-on space provides a creative environment for making art, engaging in building and puzzle challenges, posing for pictures, and stepping into a Romare Bearden collage playhouse. For the safety of visitors, vigorous cleaning protocols are in place. HOURS: Wednesday: 5-8 PM Friday & Saturday: 11 AM-4 PM Sunday: 1-5 PM",,"{""url"":""https://www.mintmuseum.org/wp-content/uploads/2025/01/children-families-hero-1.jpg"",""id"":63445,""extension"":""jpg"",""width"":880,""height"":400}",[],false,false,,,2025-01-17 11:22:09,2025-01-17 16:22:09,true,true,,,
2026-09-30T20:45:37Z,mintmuseum.org,https://www.mintmuseum.org/wp-json/tribe/events/v1/events,17,10005947,www.mintmuseum.org?id=10005947,Lewis Family Gallery,2028-07-09 13:00:00,2028-07-09 17:00:00,2028-07-09 17:00:00,2028-07-09 21:00:00,America/New_York,false,false,publish,https://www.mintmuseum.org/event/lewis-family-gallery-4/2028-07-09/,,,Included with general admission,"{""currency_symbol"":""$"",""currency_code"":""USD"",""currency_position"":""prefix"",""values"":[""included-with-general-admission""]}","[{""id"":29,""name"":""Family Friendly"",""slug"":""family-friendly"",""parent"":0},{""id"":372,""name"":""Free"",""slug"":""free"",""parent"":0}]",[],"{""id"":5337,""global_id"":""www.mintmuseum.org?id=5337"",""venue"":""Mint Museum Uptown"",""url"":""https://www.mintmuseum.org/venue/mint-museum-uptown/"",""geo_lat"":35.224305,""geo_lng"":-80.848151,""show_map"":true,""show_map_link"":true}","[{""id"":54883,""global_id"":""www.mintmuseum.org?id=54883"",""organizer"":""Leslie Strauss"",""url"":""https://www.mintmuseum.org/organizer/leslie-strauss-2/"",""phone"":""704-337-2050"",""email"":""leslie.strauss@mintmuseum.org""}]","Visitors of all ages can play, explore, and learn about the museum collection in the Lewis Family Gallery. This hands-on space provides a creative environment for making art, engaging in building and puzzle challenges, posing for pictures, and stepping into a Romare Bearden collage playhouse. For the safety of visitors, vigorous cleaning protocols are in place. HOURS: Wednesday: 5-8 PM Friday & Saturday: 11 AM-4 PM Sunday: 1-5 PM",,"{""url"":""https://www.mintmuseum.org/wp-content/uploads/2025/01/children-families-hero-1.jpg"",""id"":63445,""extension"":""jpg"",""width"":880,""height"":400}",[],false,false,,,2025-01-17 11:23:14,2025-01-17 16:23:14,true,true,,,
2026-09-30T20:45:37Z,petrasbar.com,http://www.petrasbar.com/wp-json/tribe/events/v1/events,5,10002348,petrasbar.com?id=10002348,The Bill Hanna Legacy Jazz Session,2028-07-10 19:30:00,2028-07-10 23:30:00,2028-07-10 19:30:00,2028-07-10 23:30:00,UTC-5,false,false,publish,https://petrasbar.com/event/bill-hannas-jazz-session-2024-01-08-2024-01-08-2024-01-15-2/2028-07-10/,https://www.eventbrite.com/e/the-bill-hanna-legacy-jazz-session-tickets-1979869722637,,,"{""currency_symbol"":"""",""currency_code"":"""",""currency_position"":"""",""values"":[]}","[{""id"":20,""name"":""Featured"",""slug"":""featured"",""parent"":0},{""id"":23,""name"":""Live Music"",""slug"":""music"",""parent"":0},{""id"":25,""name"":""Shows"",""slug"":""shows"",""parent"":0}]",[],"{""id"":12652,""global_id"":""petrasbar.com?id=12652"",""venue"":""Petra’s"",""address"":""1919 Commonwealth Avenue"",""city"":""Charlotte"",""country"":""United States"",""province"":""NC"",""state"":""NC"",""zip"":""28205"",""url"":""https://petrasbar.com/venue/petras-2/"",""show_map"":true,""show_map_link"":true}","[{""id"":421,""global_id"":""petrasbar.com?id=421"",""organizer"":""Petra’s"",""url"":""https://petrasbar.com/organizer/petras-bar/""}]","Doors: 7pm Music: 7:30pm – 10pm Tickets: $7 Advance (plus online fees) | $10 At the door • 21+ Bill Hanna was a legend in Charlotte. He was the godfather of Jazz and we’re keeping his legacy alive each and every Monday night. Come join us to see some of Charlotte’s best musicians perform in an intimate setting. Limited seating is 1st come 1st serve. If you’re able to stand, please give your seat to someone who can’t.",,"{""url"":""https://petrasbar.com/wp-content/uploads/2021/06/Hanna_2008_dcoston2.jpeg"",""id"":26780,""extension"":""jpeg"",""width"":2354,""height"":1776}",[],false,false,,,2026-01-06 10:34:53,2026-01-06 15:34:53,true,true,,,
2026-09-30T20:45:37Z,mintmuseum.org,https://www.mintmuseum.org/wp-json/tribe/events/v1/events,17,10002051,www.mintmuseum.org?id=10002051,Yoga at the Mint,2028-07-11 17:15:00,2028-07-11 17:15:00,2028-07-11 18:15:00,2028-07-11 18:15:00,UTC+0,false,false,publish,https://www.mintmuseum.org/event/yoga-at-the-mint-2-4-2-2-2-2-3-3/2028-07-11/,,,Free – $10,"{""currency_symbol"":""$"",""currency_code"":""USD"",""currency_position"":""prefix"",""values"":[""0"",""10""]}","[{""id"":56,""name"":""All"",""slug"":""all"",""parent"":0},{""id"":18,""name"":""Members"",""slug"":""members"",""parent"":0}]",[],"{""id"":5337,""global_id"":""www.mintmuseum.org?id=5337"",""venue"":""Mint Museum Uptown"",""url"":""https://www.mintmuseum.org/venue/mint-museum-uptown/"",""geo_lat"":35.224305,""geo_lng"":-80.848151,""show_map"":true,""show_map_link"":true}",[],"Participate in a one-hour yoga class with Dancing Lotus Yoga + Arts every Tuesday from 5:15-6:15 PM at Mint Museum Uptown. Classes are free for Mint members and $10 for nonmembers. Members, please contact Alex Gutierrez Mendez, Membership Services Manager, for the online code for free yoga at alex.gutierrez@mintmuseum.org. Registration is required. Register through Dancing Lotus Yoga + Arts here.",,"{""url"":""https://www.mintmuseum.org/wp-content/uploads/2023/09/Yoga-at-the-MInt-3.jpg"",""id"":64052,""extension"":""jpg"",""width"":1920,""height"":1080}","{""_ecp_custom_2"":{""label"":""Tickets Link"",""value"":""https://www.dancinglotusnc.com/book-online""},""_ecp_custom_3"":{""label"":""Tickets Link Text"",""value"":""Register here""}}",false,false,,,2026-02-23 15:38:57,2026-02-23 20:38:57,true,true,,,
2026-09-30T20:45:37Z,mintmuseum.org,https://www.mintmuseum.org/wp-json/tribe/events/v1/events,17,10002832,www.mintmuseum.org?id=10002832,Free Wednesday Evenings,2028-07-12 17:00:00,2028-07-12 21:00:00,2028-07-12 21:00:00,2028-07-13 01:00:00,America/New_York,false,false,publish,https://www.mintmuseum.org/event/free-admission-nights-2-2-3-2-4/2028-07-12/,,,Free,"{""currency_symbol"":""$"",""currency_code"":""USD"",""currency_position"":""prefix"",""values"":[""0""]}","[{""id"":372,""name"":""Free"",""slug"":""free"",""parent"":0}]",[],"{""id"":8027,""global_id"":""www.mintmuseum.org?id=8027"",""venue"":""Mint Museum Uptown & Randolph"",""city"":""Charlotte"",""country"":""United States"",""state"":""NC"",""url"":""https://www.mintmuseum.org/venue/uptown-randolph/"",""geo_lat"":35.2270869,""geo_lng"":-80.8431267,""show_map"":false,""show_map_link"":false}",[],"The Mint Museum is FREE from 5-9 PM on Wednesdays! For up to date hours, please visit our events calendar mintmuseum.org/events Free Wednesday Evenings is generously presented by Publix Super Market Charities.",,"{""url"":""https://www.mintmuseum.org/wp-content/uploads/2023/12/free-wednesday-evenings-group-in-gallery.jpg"",""id"":62997,""extension"":""jpg"",""width"":1920,""height"":1080}",[],false,false,,,2025-12-12 11:36:01,2025-12-12 16:36:01,true,true,,,
2026-09-30T20:45:37Z,mintmuseum.org,https://www.mintmuseum.org/wp-json/tribe/events/v1/events,17,10004652,www.mintmuseum.org?id=10004652,Lewis Family Gallery,2028-07-12 17:00:00,2028-07-12 21:00:00,2028-07-12 20:00:00,2028-07-13 00:00:00,America/New_York,false,false,publish,https://www.mintmuseum.org/event/lewis-family-gallery-10/2028-07-12/,,,Included with general admission,"{""currency_symbol"":""$"",""currency_code"":""USD"",""currency_position"":""prefix"",""values"":[""included-with-general-admission""]}","[{""id"":29,""name"":""Family Friendly"",""slug"":""family-friendly"",""parent"":0},{""id"":372,""name"":""Free"",""slug"":""free"",""parent"":0}]",[],"{""id"":5337,""global_id"":""www.mintmuseum.org?id=5337"",""venue"":""Mint Museum Uptown"",""url"":""https://www.mintmuseum.org/venue/mint-museum-uptown/"",""geo_lat"":35.224305,""geo_lng"":-80.848151,""show_map"":true,""show_map_link"":true}","[{""id"":54883,""global_id"":""www.mintmuseum.org?id=54883"",""organizer"":""Leslie Strauss"",""url"":""https://www.mintmuseum.org/organizer/leslie-strauss-2/"",""phone"":""704-337-2050"",""email"":""leslie.strauss@mintmuseum.org""}]","Visitors of all ages can play, explore, and learn about the museum collection in the Lewis Family Gallery. This hands-on space provides a creative environment for making art, engaging in building and puzzle challenges, posing for pictures, and stepping into a Romare Bearden collage playhouse. For the safety of visitors, vigorous cleaning protocols are in place. HOURS: Wednesday: 5-8 PM Friday & Saturday: 11 AM-4 PM Sunday: 1-5 PM",,"{""url"":""https://www.mintmuseum.org/wp-content/uploads/2025/01/children-families-hero-1.jpg"",""id"":63445,""extension"":""jpg"",""width"":880,""height"":400}",[],false,false,,,2025-11-25 15:13:52,2025-11-25 20:13:52,true,true,,,
2026-09-30T20:45:37Z,mintmuseum.org,https://www.mintmuseum.org/wp-json/tribe/events/v1/events,17,10007303,www.mintmuseum.org?id=10007303,Wine on Wednesdays,2028-07-12 17:00:00,2028-07-12 21:00:00,2028-07-12 20:30:00,2028-07-13 00:30:00,America/New_York,false,false,publish,https://www.mintmuseum.org/event/wine-on-wednesdays/2028-07-12/,,,Free,"{""currency_symbol"":""$"",""currency_code"":""USD"",""currency_position"":""prefix"",""values"":[""0""]}","[{""id"":34,""name"":""Adult Programs"",""slug"":""adult-programs"",""parent"":0},{""id"":372,""name"":""Free"",""slug"":""free"",""parent"":0}]",[],"{""id"":5337,""global_id"":""www.mintmuseum.org?id=5337"",""venue"":""Mint Museum Uptown"",""url"":""https://www.mintmuseum.org/venue/mint-museum-uptown/"",""geo_lat"":35.224305,""geo_lng"":-80.848151,""show_map"":true,""show_map_link"":true}","[{""id"":68127,""global_id"":""www.mintmuseum.org?id=68127"",""organizer"":""Mint Museum Store"",""url"":""https://www.mintmuseum.org/organizer/mint-museum-store/"",""website"":""https://store.mintmuseum.org/"",""phone"":""7043372061"",""email"":""valeria.vazquez@mintmuseum.org""}]","Join us every Wednesday at The Mint Museum Uptown Store for our beloved Wine on Wednesday event. Sip and shop your way through the evening with $5 glasses of wine, great company, and our incredible selection of items. 🍷 Bar open: 5–8:30 PM | $5 glasses 🛍️ Store open until 9 PM through January.",,"{""url"":""https://www.mintmuseum.org/wp-content/uploads/2026/07/Wine-on-Wednesdays.jpg"",""id"":68139,""extension"":""jpg"",""width"":2048,""height"":1152}",[],false,false,,,2026-07-29 16:07:25,2026-07-29 20:07:25,true,true,,,
2026-09-30T20:45:37Z,petrasbar.com,http://www.petrasbar.com/wp-json/tribe/events/v1/events,5,10002787,petrasbar.com?id=10002787,Karaoke with Klaytastic,2028-07-12 19:00:00,2028-07-12 23:00:00,2028-07-12 19:00:00,2028-07-12 23:00:00,UTC-5,false,false,publish,https://petrasbar.com/event/fckn-karaoke-2022-02-23-2023-08-16-2024-01-24-3-2/2028-07-12/,,,,"{""currency_symbol"":"""",""currency_code"":"""",""currency_position"":"""",""values"":[]}","[{""id"":20,""name"":""Featured"",""slug"":""featured"",""parent"":0},{""id"":21,""name"":""Karaoke"",""slug"":""karaoke"",""parent"":0},{""id"":23,""name"":""Live Music"",""slug"":""music"",""parent"":0}]",[],"{""id"":12652,""global_id"":""petrasbar.com?id=12652"",""venue"":""Petra’s"",""address"":""1919 Commonwealth Avenue"",""city"":""Charlotte"",""country"":""United States"",""province"":""NC"",""state"":""NC"",""zip"":""28205"",""url"":""https://petrasbar.com/venue/petras-2/"",""show_map"":true,""show_map_link"":true}","[{""id"":421,""global_id"":""petrasbar.com?id=421"",""organizer"":""Petra’s"",""url"":""https://petrasbar.com/organizer/petras-bar/""}]",Every Wednesday at Petra’s is the best karaoke party in Charlotte. With host @klaytastic! 7pm-9pm | No Cover 9pm Until | $5 | 21+ (No Exceptions),,"{""url"":""https://petrasbar.com/wp-content/uploads/2025/11/New_Klaytastic-Mailchimp.png"",""id"":38174,""extension"":""png"",""width"":600,""height"":300}",[],false,false,,,2026-06-30 17:46:42,2026-06-30 21:46:42,true,true,,,
2026-09-30T20:45:37Z,mintmuseum.org,https://www.mintmuseum.org/wp-json/tribe/events/v1/events,17,10004912,www.mintmuseum.org?id=10004912,Lewis Family Gallery,2028-07-14 11:00:00,2028-07-14 15:00:00,2028-07-14 16:00:00,2028-07-14 20:00:00,America/New_York,false,false,publish,https://www.mintmuseum.org/event/lewis-family-gallery-2/2028-07-14/,,,Included with general admission,"{""currency_symbol"":""$"",""currency_code"":""USD"",""currency_position"":""prefix"",""values"":[""included-with-general-admission""]}","[{""id"":29,""name"":""Family Friendly"",""slug"":""family-friendly"",""parent"":0},{""id"":372,""name"":""Free"",""slug"":""free"",""parent"":0}]",[],"{""id"":5337,""global_id"":""www.mintmuseum.org?id=5337"",""venue"":""Mint Museum Uptown"",""url"":""https://www.mintmuseum.org/venue/mint-museum-uptown/"",""geo_lat"":35.224305,""geo_lng"":-80.848151,""show_map"":true,""show_map_link"":true}","[{""id"":54883,""global_id"":""www.mintmuseum.org?id=54883"",""organizer"":""Leslie Strauss"",""url"":""https://www.mintmuseum.org/organizer/leslie-strauss-2/"",""phone"":""704-337-2050"",""email"":""leslie.strauss@mintmuseum.org""}]","Visitors of all ages can play, explore, and learn about the museum collection in the Lewis Family Gallery. This hands-on space provides a creative environment for making art, engaging in building and puzzle challenges, posing for pictures, and stepping into a Romare Bearden collage playhouse. For the safety of visitors, vigorous cleaning protocols are in place. HOURS: Wednesday: 5-8 PM Friday & Saturday: 11 AM-4 PM Sunday: 1-5 PM",,"{""url"":""https://www.mintmuseum.org/wp-content/uploads/2025/01/children-families-hero-1.jpg"",""id"":63445,""extension"":""jpg"",""width"":880,""height"":400}",[],false,false,,,2025-01-17 11:20:40,2025-01-17 16:20:40,true,true,,,
2026-09-30T20:45:37Z,mintmuseum.org,https://www.mintmuseum.org/wp-json/tribe/events/v1/events,17,10002047,www.mintmuseum.org?id=10002047,Yoga on the Lawn,2028-07-15 10:00:00,2028-07-15 10:00:00,2028-07-15 11:00:00,2028-07-15 11:00:00,UTC+0,false,false,publish,https://www.mintmuseum.org/event/yoga-at-the-mint-3-2-2-3-2-2/2028-07-15/,,,Free – $10,"{""currency_symbol"":""$"",""currency_code"":""USD"",""currency_position"":""prefix"",""values"":[""0"",""10""]}","[{""id"":56,""name"":""All"",""slug"":""all"",""parent"":0},{""id"":18,""name"":""Members"",""slug"":""members"",""parent"":0}]","[{""name"":""yoga at the mint"",""slug"":""yoga-at-the-mint"",""term_group"":0,""term_taxonomy_id"":850,""taxonomy"":""post_tag"",""description"":"""",""parent"":0,""count"":16,""filter"":""raw"",""term_order"":""0"",""id"":850,""urls"":{""self"":""https://www.mintmuseum.org/wp-json/tribe/events/v1/tags/850"",""collection"":""https://www.mintmuseum.org/wp-json/tribe/events/v1/tags""}},{""name"":""yoga on the lawn"",""slug"":""yoga-on-the-lawn"",""term_group"":0,""term_taxonomy_id"":853,""taxonomy"":""post_tag"",""description"":"""",""parent"":0,""count"":15,""filter"":""raw"",""term_order"":""0"",""id"":853,""urls"":{""self"":""https://www.mintmuseum.org/wp-json/tribe/events/v1/tags/853"",""collection"":""https://www.mintmuseum.org/wp-json/tribe/events/v1/tags""}}]","{""id"":5313,""global_id"":""www.mintmuseum.org?id=5313"",""venue"":""Mint Museum Randolph"",""url"":""https://www.mintmuseum.org/venue/mint-museum-randolph/"",""geo_lat"":35.1973424,""geo_lng"":-80.8146806,""show_map"":true,""show_map_link"":true}",[],"Participate in a one-hour yoga class with Dancing Lotus Yoga + Art on select Saturdays on the front lawn, or indoors, at Mint Museum Randolph (weather permitting). Classes are free for Mint members and $10 for nonmembers. During the winter months, this class will be hosted inside Mint Museum Randolph. Members, please contact Alex Gutierrez Mendez, Membership Services Manager, for the online code for free yoga at alex.gutierrez@mintmuseum.org. Registration is required. Register through Dancing Lotus Yoga + Arts here.",,"{""url"":""https://www.mintmuseum.org/wp-content/uploads/2023/09/Yoga-on-the-Lawn.jpg"",""id"":64053,""extension"":""jpg"",""width"":1920,""height"":1080}","{""_ecp_custom_2"":{""label"":""Tickets Link"",""value"":""https://www.dancinglotusnc.com/book-online""},""_ecp_custom_3"":{""label"":""Tickets Link Text"",""value"":""Register here""}}",false,false,,,2025-03-24 16:29:34,2025-03-24 20:29:34,true,true,,,
2026-09-30T20:45:37Z,mintmuseum.org,https://www.mintmuseum.org/wp-json/tribe/events/v1/events,17,10005430,www.mintmuseum.org?id=10005430,Lewis Family Gallery,2028-07-15 11:00:00,2028-07-15 15:00:00,2028-07-15 16:00:00,2028-07-15 20:00:00,America/New_York,false,false,publish,https://www.mintmuseum.org/event/lewis-family-gallery-3/2028-07-15/,,,Included with general admission,"{""currency_symbol"":""$"",""currency_code"":""USD"",""currency_position"":""prefix"",""values"":[""included-with-general-admission""]}","[{""id"":29,""name"":""Family Friendly"",""slug"":""family-friendly"",""parent"":0},{""id"":372,""name"":""Free"",""slug"":""free"",""parent"":0}]",[],"{""id"":5337,""global_id"":""www.mintmuseum.org?id=5337"",""venue"":""Mint Museum Uptown"",""url"":""https://www.mintmuseum.org/venue/mint-museum-uptown/"",""geo_lat"":35.224305,""geo_lng"":-80.848151,""show_map"":true,""show_map_link"":true}","[{""id"":54883,""global_id"":""www.mintmuseum.org?id=54883"",""organizer"":""Leslie Strauss"",""url"":""https://www.mintmuseum.org/organizer/leslie-strauss-2/"",""phone"":""704-337-2050"",""email"":""leslie.strauss@mintmuseum.org""}]","Visitors of all ages can play, explore, and learn about the museum collection in the Lewis Family Gallery. This hands-on space provides a creative environment for making art, engaging in building and puzzle challenges, posing for pictures, and stepping into a Romare Bearden collage playhouse. For the safety of visitors, vigorous cleaning protocols are in place. HOURS: Wednesday: 5-8 PM Friday & Saturday: 11 AM-4 PM Sunday: 1-5 PM",,"{""url"":""https://www.mintmuseum.org/wp-content/uploads/2025/01/children-families-hero-1.jpg"",""id"":63445,""extension"":""jpg"",""width"":880,""height"":400}",[],false,false,,,2025-01-17 11:22:09,2025-01-17 16:22:09,true,true,,,
2026-09-30T20:45:37Z,mintmuseum.org,https://www.mintmuseum.org/wp-json/tribe/events/v1/events,17,10005948,www.mintmuseum.org?id=10005948,Lewis Family Gallery,2028-07-16 13:00:00,2028-07-16 17:00:00,2028-07-16 17:00:00,2028-07-16 21:00:00,America/New_York,false,false,publish,https://www.mintmuseum.org/event/lewis-family-gallery-4/2028-07-16/,,,Included with general admission,"{""currency_symbol"":""$"",""currency_code"":""USD"",""currency_position"":""prefix"",""values"":[""included-with-general-admission""]}","[{""id"":29,""name"":""Family Friendly"",""slug"":""family-friendly"",""parent"":0},{""id"":372,""name"":""Free"",""slug"":""free"",""parent"":0}]",[],"{""id"":5337,""global_id"":""www.mintmuseum.org?id=5337"",""venue"":""Mint Museum Uptown"",""url"":""https://www.mintmuseum.org/venue/mint-museum-uptown/"",""geo_lat"":35.224305,""geo_lng"":-80.848151,""show_map"":true,""show_map_link"":true}","[{""id"":54883,""global_id"":""www.mintmuseum.org?id=54883"",""organizer"":""Leslie Strauss"",""url"":""https://www.mintmuseum.org/organizer/leslie-strauss-2/"",""phone"":""704-337-2050"",""email"":""leslie.strauss@mintmuseum.org""}]","Visitors of all ages can play, explore, and learn about the museum collection in the Lewis Family Gallery. This hands-on space provides a creative environment for making art, engaging in building and puzzle challenges, posing for pictures, and stepping into a Romare Bearden collage playhouse. For the safety of visitors, vigorous cleaning protocols are in place. HOURS: Wednesday: 5-8 PM Friday & Saturday: 11 AM-4 PM Sunday: 1-5 PM",,"{""url"":""https://www.mintmuseum.org/wp-content/uploads/2025/01/children-families-hero-1.jpg"",""id"":63445,""extension"":""jpg"",""width"":880,""height"":400}",[],false,false,,,2025-01-17 11:23:14,2025-01-17 16:23:14,true,true,,,
2026-09-30T20:45:37Z,petrasbar.com,http://www.petrasbar.com/wp-json/tribe/events/v1/events,5,10002349,petrasbar.com?id=10002349,The Bill Hanna Legacy Jazz Session,2028-07-17 19:30:00,2028-07-17 23:30:00,2028-07-17 19:30:00,2028-07-17 23:30:00,UTC-5,false,false,publish,https://petrasbar.com/event/bill-hannas-jazz-session-2024-01-08-2024-01-08-2024-01-15-2/2028-07-17/,https://www.eventbrite.com/e/the-bill-hanna-legacy-jazz-session-tickets-1979869722637,,,"{""currency_symbol"":"""",""currency_code"":"""",""currency_position"":"""",""values"":[]}","[{""id"":20,""name"":""Featured"",""slug"":""featured"",""parent"":0},{""id"":23,""name"":""Live Music"",""slug"":""music"",""parent"":0},{""id"":25,""name"":""Shows"",""slug"":""shows"",""parent"":0}]",[],"{""id"":12652,""global_id"":""petrasbar.com?id=12652"",""venue"":""Petra’s"",""address"":""1919 Commonwealth Avenue"",""city"":""Charlotte"",""country"":""United States"",""province"":""NC"",""state"":""NC"",""zip"":""28205"",""url"":""https://petrasbar.com/venue/petras-2/"",""show_map"":true,""show_map_link"":true}","[{""id"":421,""global_id"":""petrasbar.com?id=421"",""organizer"":""Petra’s"",""url"":""https://petrasbar.com/organizer/petras-bar/""}]","Doors: 7pm Music: 7:30pm – 10pm Tickets: $7 Advance (plus online fees) | $10 At the door • 21+ Bill Hanna was a legend in Charlotte. He was the godfather of Jazz and we’re keeping his legacy alive each and every Monday night. Come join us to see some of Charlotte’s best musicians perform in an intimate setting. Limited seating is 1st come 1st serve. If you’re able to stand, please give your seat to someone who can’t.",,"{""url"":""https://petrasbar.com/wp-content/uploads/2021/06/Hanna_2008_dcoston2.jpeg"",""id"":26780,""extension"":""jpeg"",""width"":2354,""height"":1776}",[],false,false,,,2026-01-06 10:34:53,2026-01-06 15:34:53,true,true,,,
2026-09-30T20:45:37Z,mintmuseum.org,https://www.mintmuseum.org/wp-json/tribe/events/v1/events,17,10002052,www.mintmuseum.org?id=10002052,Yoga at the Mint,2028-07-18 17:15:00,2028-07-18 17:15:00,2028-07-18 18:15:00,2028-07-18 18:15:00,UTC+0,false,false,publish,https://www.mintmuseum.org/event/yoga-at-the-mint-2-4-2-2-2-2-3-3/2028-07-18/,,,Free – $10,"{""currency_symbol"":""$"",""currency_code"":""USD"",""currency_position"":""prefix"",""values"":[""0"",""10""]}","[{""id"":56,""name"":""All"",""slug"":""all"",""parent"":0},{""id"":18,""name"":""Members"",""slug"":""members"",""parent"":0}]",[],"{""id"":5337,""global_id"":""www.mintmuseum.org?id=5337"",""venue"":""Mint Museum Uptown"",""url"":""https://www.mintmuseum.org/venue/mint-museum-uptown/"",""geo_lat"":35.224305,""geo_lng"":-80.848151,""show_map"":true,""show_map_link"":true}",[],"Participate in a one-hour yoga class with Dancing Lotus Yoga + Arts every Tuesday from 5:15-6:15 PM at Mint Museum Uptown. Classes are free for Mint members and $10 for nonmembers. Members, please contact Alex Gutierrez Mendez, Membership Services Manager, for the online code for free yoga at alex.gutierrez@mintmuseum.org. Registration is required. Register through Dancing Lotus Yoga + Arts here.",,"{""url"":""https://www.mintmuseum.org/wp-content/uploads/2023/09/Yoga-at-the-MInt-3.jpg"",""id"":64052,""extension"":""jpg"",""width"":1920,""height"":1080}","{""_ecp_custom_2"":{""label"":""Tickets Link"",""value"":""https://www.dancinglotusnc.com/book-online""},""_ecp_custom_3"":{""label"":""Tickets Link Text"",""value"":""Register here""}}",false,false,,,2026-02-23 15:38:57,2026-02-23 20:38:57,true,true,,,
2026-09-30T20:45:37Z,mintmuseum.org,https://www.mintmuseum.org/wp-json/tribe/events/v1/events,17,10002833,www.mintmuseum.org?id=10002833,Free Wednesday Evenings,2028-07-19 17:00:00,2028-07-19 21:00:00,2028-07-19 21:00:00,2028-07-20 01:00:00,America/New_York,false,false,publish,https://www.mintmuseum.org/event/free-admission-nights-2-2-3-2-4/2028-07-19/,,,Free,"{""currency_symbol"":""$"",""currency_code"":""USD"",""currency_position"":""prefix"",""values"":[""0""]}","[{""id"":372,""name"":""Free"",""slug"":""free"",""parent"":0}]",[],"{""id"":8027,""global_id"":""www.mintmuseum.org?id=8027"",""venue"":""Mint Museum Uptown & Randolph"",""city"":""Charlotte"",""country"":""United States"",""state"":""NC"",""url"":""https://www.mintmuseum.org/venue/uptown-randolph/"",""geo_lat"":35.2270869,""geo_lng"":-80.8431267,""show_map"":false,""show_map_link"":false}",[],"The Mint Museum is FREE from 5-9 PM on Wednesdays! For up to date hours, please visit our events calendar mintmuseum.org/events Free Wednesday Evenings is generously presented by Publix Super Market Charities.",,"{""url"":""https://www.mintmuseum.org/wp-content/uploads/2023/12/free-wednesday-evenings-group-in-gallery.jpg"",""id"":62997,""extension"":""jpg"",""width"":1920,""height"":1080}",[],false,false,,,2025-12-12 11:36:01,2025-12-12 16:36:01,true,true,,,
2026-09-30T20:45:37Z,mintmuseum.org,https://www.mintmuseum.org/wp-json/tribe/events/v1/events,17,10004653,www.mintmuseum.org?id=10004653,Lewis Family Gallery,2028-07-19 17:00:00,2028-07-19 21:00:00,2028-07-19 20:00:00,2028-07-20 00:00:00,America/New_York,false,false,publish,https://www.mintmuseum.org/event/lewis-family-gallery-10/2028-07-19/,,,Included with general admission,"{""currency_symbol"":""$"",""currency_code"":""USD"",""currency_position"":""prefix"",""values"":[""included-with-general-admission""]}","[{""id"":29,""name"":""Family Friendly"",""slug"":""family-friendly"",""parent"":0},{""id"":372,""name"":""Free"",""slug"":""free"",""parent"":0}]",[],"{""id"":5337,""global_id"":""www.mintmuseum.org?id=5337"",""venue"":""Mint Museum Uptown"",""url"":""https://www.mintmuseum.org/venue/mint-museum-uptown/"",""geo_lat"":35.224305,""geo_lng"":-80.848151,""show_map"":true,""show_map_link"":true}","[{""id"":54883,""global_id"":""www.mintmuseum.org?id=54883"",""organizer"":""Leslie Strauss"",""url"":""https://www.mintmuseum.org/organizer/leslie-strauss-2/"",""phone"":""704-337-2050"",""email"":""leslie.strauss@mintmuseum.org""}]","Visitors of all ages can play, explore, and learn about the museum collection in the Lewis Family Gallery. This hands-on space provides a creative environment for making art, engaging in building and puzzle challenges, posing for pictures, and stepping into a Romare Bearden collage playhouse. For the safety of visitors, vigorous cleaning protocols are in place. HOURS: Wednesday: 5-8 PM Friday & Saturday: 11 AM-4 PM Sunday: 1-5 PM",,"{""url"":""https://www.mintmuseum.org/wp-content/uploads/2025/01/children-families-hero-1.jpg"",""id"":63445,""extension"":""jpg"",""width"":880,""height"":400}",[],false,false,,,2025-11-25 15:13:52,2025-11-25 20:13:52,true,true,,,
2026-09-30T20:45:37Z,mintmuseum.org,https://www.mintmuseum.org/wp-json/tribe/events/v1/events,17,10007304,www.mintmuseum.org?id=10007304,Wine on Wednesdays,2028-07-19 17:00:00,2028-07-19 21:00:00,2028-07-19 20:30:00,2028-07-20 00:30:00,America/New_York,false,false,publish,https://www.mintmuseum.org/event/wine-on-wednesdays/2028-07-19/,,,Free,"{""currency_symbol"":""$"",""currency_code"":""USD"",""currency_position"":""prefix"",""values"":[""0""]}","[{""id"":34,""name"":""Adult Programs"",""slug"":""adult-programs"",""parent"":0},{""id"":372,""name"":""Free"",""slug"":""free"",""parent"":0}]",[],"{""id"":5337,""global_id"":""www.mintmuseum.org?id=5337"",""venue"":""Mint Museum Uptown"",""url"":""https://www.mintmuseum.org/venue/mint-museum-uptown/"",""geo_lat"":35.224305,""geo_lng"":-80.848151,""show_map"":true,""show_map_link"":true}","[{""id"":68127,""global_id"":""www.mintmuseum.org?id=68127"",""organizer"":""Mint Museum Store"",""url"":""https://www.mintmuseum.org/organizer/mint-museum-store/"",""website"":""https://store.mintmuseum.org/"",""phone"":""7043372061"",""email"":""valeria.vazquez@mintmuseum.org""}]","Join us every Wednesday at The Mint Museum Uptown Store for our beloved Wine on Wednesday event. Sip and shop your way through the evening with $5 glasses of wine, great company, and our incredible selection of items. 🍷 Bar open: 5–8:30 PM | $5 glasses 🛍️ Store open until 9 PM through January.",,"{""url"":""https://www.mintmuseum.org/wp-content/uploads/2026/07/Wine-on-Wednesdays.jpg"",""id"":68139,""extension"":""jpg"",""width"":2048,""height"":1152}",[],false,false,,,2026-07-29 16:07:25,2026-07-29 20:07:25,true,true,,,
2026-09-30T20:45:37Z,mintmuseum.org,https://www.mintmuseum.org/wp-json/tribe/events/v1/events,17,10006995,www.mintmuseum.org?id=10006995,Let the Music Play: Steinway Residency Series,2028-07-19 18:00:00,2028-07-19 22:00:00,2028-07-19 18:45:00,2028-07-19 22:45:00,America/New_York,false,false,publish,https://www.mintmuseum.org/event/let-the-music-play-steinway-residency-series/2028-07-19/,,,Free,"{""currency_symbol"":""$"",""currency_code"":""USD"",""currency_position"":""prefix"",""values"":[""0""]}","[{""id"":372,""name"":""Free"",""slug"":""free"",""parent"":0}]","[{""name"":""Free Wednesday Evenings"",""slug"":""free-wednesday-evenings"",""term_group"":0,""term_taxonomy_id"":1208,""taxonomy"":""post_tag"",""description"":"""",""parent"":0,""count"":4,""filter"":""raw"",""term_order"":""0"",""id"":1208,""urls"":{""self"":""https://www.mintmuseum.org/wp-json/tribe/events/v1/tags/1208"",""collection"":""https://www.mintmuseum.org/wp-json/tribe/events/v1/tags""}},{""name"":""Piano"",""slug"":""piano"",""term_group"":0,""term_taxonomy_id"":1207,""taxonomy"":""post_tag"",""description"":"""",""parent"":0,""count"":4,""filter"":""raw"",""term_order"":""0"",""id"":1207,""urls"":{""self"":""https://www.mintmuseum.org/wp-json/tribe/events/v1/tags/1207"",""collection"":""https://www.mintmuseum.org/wp-json/tribe/events/v1/tags""}},{""name"":""steinway"",""slug"":""steinway"",""term_group"":0,""term_taxonomy_id"":1221,""taxonomy"":""post_tag"",""description"":"""",""parent"":0,""count"":3,""filter"":""raw"",""term_order"":""0"",""id"":1221,""urls"":{""self"":""https://www.mintmuseum.org/wp-json/tribe/events/v1/tags/1221"",""collection"":""https://www.mintmuseum.org/wp-json/tribe/events/v1/tags""}}]","{""id"":5337,""global_id"":""www.mintmuseum.org?id=5337"",""venue"":""Mint Museum Uptown"",""url"":""https://www.mintmuseum.org/venue/mint-museum-uptown/"",""geo_lat"":35.224305,""geo_lng"":-80.848151,""show_map"":true,""show_map_link"":true}","[{""id"":49042,""global_id"":""www.mintmuseum.org?id=49042"",""organizer"":""Maggie Kapitan"",""url"":""https://www.mintmuseum.org/organizer/maggie-burgan/"",""email"":""maggie.kapitan@mintmuseum.org""}]","In collaboration with the Steinway Piano Gallery, the Mint is bringing the thrill of piano music to Mint Museum Uptown. Every third Wednesday of the month, a rotating lineup of talented local and regional pianists will fill the museum space with piano performances. Performances will take place 6–6:45 PM and as part of Free Wednesday Evenings, giving visitors time to enjoy the music, explore the galleries that are open until 9 p.m. every Wednesday, and still have time to enjoy dinner at Mariposa at the Mint. The series is presented by First Horizon Bank.",,false,[],false,false,,,2026-07-21 16:40:26,2026-07-21 20:40:26,true,true,,,
2026-09-30T20:45:37Z,petrasbar.com,http://www.petrasbar.com/wp-json/tribe/events/v1/events,5,10002788,petrasbar.com?id=10002788,Karaoke with Klaytastic,2028-07-19 19:00:00,2028-07-19 23:00:00,2028-07-19 19:00:00,2028-07-19 23:00:00,UTC-5,false,false,publish,https://petrasbar.com/event/fckn-karaoke-2022-02-23-2023-08-16-2024-01-24-3-2/2028-07-19/,,,,"{""currency_symbol"":"""",""currency_code"":"""",""currency_position"":"""",""values"":[]}","[{""id"":20,""name"":""Featured"",""slug"":""featured"",""parent"":0},{""id"":21,""name"":""Karaoke"",""slug"":""karaoke"",""parent"":0},{""id"":23,""name"":""Live Music"",""slug"":""music"",""parent"":0}]",[],"{""id"":12652,""global_id"":""petrasbar.com?id=12652"",""venue"":""Petra’s"",""address"":""1919 Commonwealth Avenue"",""city"":""Charlotte"",""country"":""United States"",""province"":""NC"",""state"":""NC"",""zip"":""28205"",""url"":""https://petrasbar.com/venue/petras-2/"",""show_map"":true,""show_map_link"":true}","[{""id"":421,""global_id"":""petrasbar.com?id=421"",""organizer"":""Petra’s"",""url"":""https://petrasbar.com/organizer/petras-bar/""}]",Every Wednesday at Petra’s is the best karaoke party in Charlotte. With host @klaytastic! 7pm-9pm | No Cover 9pm Until | $5 | 21+ (No Exceptions),,"{""url"":""https://petrasbar.com/wp-content/uploads/2025/11/New_Klaytastic-Mailchimp.png"",""id"":38174,""extension"":""png"",""width"":600,""height"":300}",[],false,false,,,2026-06-30 17:46:42,2026-06-30 21:46:42,true,true,,,
2026-09-30T20:45:37Z,mintmuseum.org,https://www.mintmuseum.org/wp-json/tribe/events/v1/events,17,10004913,www.mintmuseum.org?id=10004913,Lewis Family Gallery,2028-07-21 11:00:00,2028-07-21 15:00:00,2028-07-21 16:00:00,2028-07-21 20:00:00,America/New_York,false,false,publish,https://www.mintmuseum.org/event/lewis-family-gallery-2/2028-07-21/,,,Included with general admission,"{""currency_symbol"":""$"",""currency_code"":""USD"",""currency_position"":""prefix"",""values"":[""included-with-general-admission""]}","[{""id"":29,""name"":""Family Friendly"",""slug"":""family-friendly"",""parent"":0},{""id"":372,""name"":""Free"",""slug"":""free"",""parent"":0}]",[],"{""id"":5337,""global_id"":""www.mintmuseum.org?id=5337"",""venue"":""Mint Museum Uptown"",""url"":""https://www.mintmuseum.org/venue/mint-museum-uptown/"",""geo_lat"":35.224305,""geo_lng"":-80.848151,""show_map"":true,""show_map_link"":true}","[{""id"":54883,""global_id"":""www.mintmuseum.org?id=54883"",""organizer"":""Leslie Strauss"",""url"":""https://www.mintmuseum.org/organizer/leslie-strauss-2/"",""phone"":""704-337-2050"",""email"":""leslie.strauss@mintmuseum.org""}]","Visitors of all ages can play, explore, and learn about the museum collection in the Lewis Family Gallery. This hands-on space provides a creative environment for making art, engaging in building and puzzle challenges, posing for pictures, and stepping into a Romare Bearden collage playhouse. For the safety of visitors, vigorous cleaning protocols are in place. HOURS: Wednesday: 5-8 PM Friday & Saturday: 11 AM-4 PM Sunday: 1-5 PM",,"{""url"":""https://www.mintmuseum.org/wp-content/uploads/2025/01/children-families-hero-1.jpg"",""id"":63445,""extension"":""jpg"",""width"":880,""height"":400}",[],false,false,,,2025-01-17 11:20:40,2025-01-17 16:20:40,true,true,,,
2026-09-30T20:45:37Z,mintmuseum.org,https://www.mintmuseum.org/wp-json/tribe/events/v1/events,17,10002048,www.mintmuseum.org?id=10002048,Yoga on the Lawn,2028-07-22 10:00:00,2028-07-22 10:00:00,2028-07-22 11:00:00,2028-07-22 11:00:00,UTC+0,false,false,publish,https://www.mintmuseum.org/event/yoga-at-the-mint-3-2-2-3-2-2/2028-07-22/,,,Free – $10,"{""currency_symbol"":""$"",""currency_code"":""USD"",""currency_position"":""prefix"",""values"":[""0"",""10""]}","[{""id"":56,""name"":""All"",""slug"":""all"",""parent"":0},{""id"":18,""name"":""Members"",""slug"":""members"",""parent"":0}]","[{""name"":""yoga at the mint"",""slug"":""yoga-at-the-mint"",""term_group"":0,""term_taxonomy_id"":850,""taxonomy"":""post_tag"",""description"":"""",""parent"":0,""count"":16,""filter"":""raw"",""term_order"":""0"",""id"":850,""urls"":{""self"":""https://www.mintmuseum.org/wp-json/tribe/events/v1/tags/850"",""collection"":""https://www.mintmuseum.org/wp-json/tribe/events/v1/tags""}},{""name"":""yoga on the lawn"",""slug"":""yoga-on-the-lawn"",""term_group"":0,""term_taxonomy_id"":853,""taxonomy"":""post_tag"",""description"":"""",""parent"":0,""count"":15,""filter"":""raw"",""term_order"":""0"",""id"":853,""urls"":{""self"":""https://www.mintmuseum.org/wp-json/tribe/events/v1/tags/853"",""collection"":""https://www.mintmuseum.org/wp-json/tribe/events/v1/tags""}}]","{""id"":5313,""global_id"":""www.mintmuseum.org?id=5313"",""venue"":""Mint Museum Randolph"",""url"":""https://www.mintmuseum.org/venue/mint-museum-randolph/"",""geo_lat"":35.1973424,""geo_lng"":-80.8146806,""show_map"":true,""show_map_link"":true}",[],"Participate in a one-hour yoga class with Dancing Lotus Yoga + Art on select Saturdays on the front lawn, or indoors, at Mint Museum Randolph (weather permitting). Classes are free for Mint members and $10 for nonmembers. During the winter months, this class will be hosted inside Mint Museum Randolph. Members, please contact Alex Gutierrez Mendez, Membership Services Manager, for the online code for free yoga at alex.gutierrez@mintmuseum.org. Registration is required. Register through Dancing Lotus Yoga + Arts here.",,"{""url"":""https://www.mintmuseum.org/wp-content/uploads/2023/09/Yoga-on-the-Lawn.jpg"",""id"":64053,""extension"":""jpg"",""width"":1920,""height"":1080}","{""_ecp_custom_2"":{""label"":""Tickets Link"",""value"":""https://www.dancinglotusnc.com/book-online""},""_ecp_custom_3"":{""label"":""Tickets Link Text"",""value"":""Register here""}}",false,false,,,2025-03-24 16:29:34,2025-03-24 20:29:34,true,true,,,
2026-09-30T20:45:37Z,mintmuseum.org,https://www.mintmuseum.org/wp-json/tribe/events/v1/events,17,10005431,www.mintmuseum.org?id=10005431,Lewis Family Gallery,2028-07-22 11:00:00,2028-07-22 15:00:00,2028-07-22 16:00:00,2028-07-22 20:00:00,America/New_York,false,false,publish,https://www.mintmuseum.org/event/lewis-family-gallery-3/2028-07-22/,,,Included with general admission,"{""currency_symbol"":""$"",""currency_code"":""USD"",""currency_position"":""prefix"",""values"":[""included-with-general-admission""]}","[{""id"":29,""name"":""Family Friendly"",""slug"":""family-friendly"",""parent"":0},{""id"":372,""name"":""Free"",""slug"":""free"",""parent"":0}]",[],"{""id"":5337,""global_id"":""www.mintmuseum.org?id=5337"",""venue"":""Mint Museum Uptown"",""url"":""https://www.mintmuseum.org/venue/mint-museum-uptown/"",""geo_lat"":35.224305,""geo_lng"":-80.848151,""show_map"":true,""show_map_link"":true}","[{""id"":54883,""global_id"":""www.mintmuseum.org?id=54883"",""organizer"":""Leslie Strauss"",""url"":""https://www.mintmuseum.org/organizer/leslie-strauss-2/"",""phone"":""704-337-2050"",""email"":""leslie.strauss@mintmuseum.org""}]","Visitors of all ages can play, explore, and learn about the museum collection in the Lewis Family Gallery. This hands-on space provides a creative environment for making art, engaging in building and puzzle challenges, posing for pictures, and stepping into a Romare Bearden collage playhouse. For the safety of visitors, vigorous cleaning protocols are in place. HOURS: Wednesday: 5-8 PM Friday & Saturday: 11 AM-4 PM Sunday: 1-5 PM",,"{""url"":""https://www.mintmuseum.org/wp-content/uploads/2025/01/children-families-hero-1.jpg"",""id"":63445,""extension"":""jpg"",""width"":880,""height"":400}",[],false,false,,,2025-01-17 11:22:09,2025-01-17 16:22:09,true,true,,,
2026-09-30T20:45:37Z,mintmuseum.org,https://www.mintmuseum.org/wp-json/tribe/events/v1/events,17,10005949,www.mintmuseum.org?id=10005949,Lewis Family Gallery,2028-07-23 13:00:00,2028-07-23 17:00:00,2028-07-23 17:00:00,2028-07-23 21:00:00,America/New_York,false,false,publish,https://www.mintmuseum.org/event/lewis-family-gallery-4/2028-07-23/,,,Included with general admission,"{""currency_symbol"":""$"",""currency_code"":""USD"",""currency_position"":""prefix"",""values"":[""included-with-general-admission""]}","[{""id"":29,""name"":""Family Friendly"",""slug"":""family-friendly"",""parent"":0},{""id"":372,""name"":""Free"",""slug"":""free"",""parent"":0}]",[],"{""id"":5337,""global_id"":""www.mintmuseum.org?id=5337"",""venue"":""Mint Museum Uptown"",""url"":""https://www.mintmuseum.org/venue/mint-museum-uptown/"",""geo_lat"":35.224305,""geo_lng"":-80.848151,""show_map"":true,""show_map_link"":true}","[{""id"":54883,""global_id"":""www.mintmuseum.org?id=54883"",""organizer"":""Leslie Strauss"",""url"":""https://www.mintmuseum.org/organizer/leslie-strauss-2/"",""phone"":""704-337-2050"",""email"":""leslie.strauss@mintmuseum.org""}]","Visitors of all ages can play, explore, and learn about the museum collection in the Lewis Family Gallery. This hands-on space provides a creative environment for making art, engaging in building and puzzle challenges, posing for pictures, and stepping into a Romare Bearden collage playhouse. For the safety of visitors, vigorous cleaning protocols are in place. HOURS: Wednesday: 5-8 PM Friday & Saturday: 11 AM-4 PM Sunday: 1-5 PM",,"{""url"":""https://www.mintmuseum.org/wp-content/uploads/2025/01/children-families-hero-1.jpg"",""id"":63445,""extension"":""jpg"",""width"":880,""height"":400}",[],false,false,,,2025-01-17 11:23:14,2025-01-17 16:23:14,true,true,,,
2026-09-30T20:45:37Z,petrasbar.com,http://www.petrasbar.com/wp-json/tribe/events/v1/events,5,10002350,petrasbar.com?id=10002350,The Bill Hanna Legacy Jazz Session,2028-07-24 19:30:00,2028-07-24 23:30:00,2028-07-24 19:30:00,2028-07-24 23:30:00,UTC-5,false,false,publish,https://petrasbar.com/event/bill-hannas-jazz-session-2024-01-08-2024-01-08-2024-01-15-2/2028-07-24/,https://www.eventbrite.com/e/the-bill-hanna-legacy-jazz-session-tickets-1979869722637,,,"{""currency_symbol"":"""",""currency_code"":"""",""currency_position"":"""",""values"":[]}","[{""id"":20,""name"":""Featured"",""slug"":""featured"",""parent"":0},{""id"":23,""name"":""Live Music"",""slug"":""music"",""parent"":0},{""id"":25,""name"":""Shows"",""slug"":""shows"",""parent"":0}]",[],"{""id"":12652,""global_id"":""petrasbar.com?id=12652"",""venue"":""Petra’s"",""address"":""1919 Commonwealth Avenue"",""city"":""Charlotte"",""country"":""United States"",""province"":""NC"",""state"":""NC"",""zip"":""28205"",""url"":""https://petrasbar.com/venue/petras-2/"",""show_map"":true,""show_map_link"":true}","[{""id"":421,""global_id"":""petrasbar.com?id=421"",""organizer"":""Petra’s"",""url"":""https://petrasbar.com/organizer/petras-bar/""}]","Doors: 7pm Music: 7:30pm – 10pm Tickets: $7 Advance (plus online fees) | $10 At the door • 21+ Bill Hanna was a legend in Charlotte. He was the godfather of Jazz and we’re keeping his legacy alive each and every Monday night. Come join us to see some of Charlotte’s best musicians perform in an intimate setting. Limited seating is 1st come 1st serve. If you’re able to stand, please give your seat to someone who can’t.",,"{""url"":""https://petrasbar.com/wp-content/uploads/2021/06/Hanna_2008_dcoston2.jpeg"",""id"":26780,""extension"":""jpeg"",""width"":2354,""height"":1776}",[],false,false,,,2026-01-06 10:34:53,2026-01-06 15:34:53,true,true,,,
2026-09-30T20:45:37Z,mintmuseum.org,https://www.mintmuseum.org/wp-json/tribe/events/v1/events,17,10002053,www.mintmuseum.org?id=10002053,Yoga at the Mint,2028-07-25 17:15:00,2028-07-25 17:15:00,2028-07-25 18:15:00,2028-07-25 18:15:00,UTC+0,false,false,publish,https://www.mintmuseum.org/event/yoga-at-the-mint-2-4-2-2-2-2-3-3/2028-07-25/,,,Free – $10,"{""currency_symbol"":""$"",""currency_code"":""USD"",""currency_position"":""prefix"",""values"":[""0"",""10""]}","[{""id"":56,""name"":""All"",""slug"":""all"",""parent"":0},{""id"":18,""name"":""Members"",""slug"":""members"",""parent"":0}]",[],"{""id"":5337,""global_id"":""www.mintmuseum.org?id=5337"",""venue"":""Mint Museum Uptown"",""url"":""https://www.mintmuseum.org/venue/mint-museum-uptown/"",""geo_lat"":35.224305,""geo_lng"":-80.848151,""show_map"":true,""show_map_link"":true}",[],"Participate in a one-hour yoga class with Dancing Lotus Yoga + Arts every Tuesday from 5:15-6:15 PM at Mint Museum Uptown. Classes are free for Mint members and $10 for nonmembers. Members, please contact Alex Gutierrez Mendez, Membership Services Manager, for the online code for free yoga at alex.gutierrez@mintmuseum.org. Registration is required. Register through Dancing Lotus Yoga + Arts here.",,"{""url"":""https://www.mintmuseum.org/wp-content/uploads/2023/09/Yoga-at-the-MInt-3.jpg"",""id"":64052,""extension"":""jpg"",""width"":1920,""height"":1080}","{""_ecp_custom_2"":{""label"":""Tickets Link"",""value"":""https://www.dancinglotusnc.com/book-online""},""_ecp_custom_3"":{""label"":""Tickets Link Text"",""value"":""Register here""}}",false,false,,,2026-02-23 15:38:57,2026-02-23 20:38:57,true,true,,,
2026-09-30T20:45:37Z,mintmuseum.org,https://www.mintmuseum.org/wp-json/tribe/events/v1/events,17,10002834,www.mintmuseum.org?id=10002834,Free Wednesday Evenings,2028-07-26 17:00:00,2028-07-26 21:00:00,2028-07-26 21:00:00,2028-07-27 01:00:00,America/New_York,false,false,publish,https://www.mintmuseum.org/event/free-admission-nights-2-2-3-2-4/2028-07-26/,,,Free,"{""currency_symbol"":""$"",""currency_code"":""USD"",""currency_position"":""prefix"",""values"":[""0""]}","[{""id"":372,""name"":""Free"",""slug"":""free"",""parent"":0}]",[],"{""id"":8027,""global_id"":""www.mintmuseum.org?id=8027"",""venue"":""Mint Museum Uptown & Randolph"",""city"":""Charlotte"",""country"":""United States"",""state"":""NC"",""url"":""https://www.mintmuseum.org/venue/uptown-randolph/"",""geo_lat"":35.2270869,""geo_lng"":-80.8431267,""show_map"":false,""show_map_link"":false}",[],"The Mint Museum is FREE from 5-9 PM on Wednesdays! For up to date hours, please visit our events calendar mintmuseum.org/events Free Wednesday Evenings is generously presented by Publix Super Market Charities.",,"{""url"":""https://www.mintmuseum.org/wp-content/uploads/2023/12/free-wednesday-evenings-group-in-gallery.jpg"",""id"":62997,""extension"":""jpg"",""width"":1920,""height"":1080}",[],false,false,,,2025-12-12 11:36:01,2025-12-12 16:36:01,true,true,,,
2026-09-30T20:45:37Z,mintmuseum.org,https://www.mintmuseum.org/wp-json/tribe/events/v1/events,17,10004654,www.mintmuseum.org?id=10004654,Lewis Family Gallery,2028-07-26 17:00:00,2028-07-26 21:00:00,2028-07-26 20:00:00,2028-07-27 00:00:00,America/New_York,false,false,publish,https://www.mintmuseum.org/event/lewis-family-gallery-10/2028-07-26/,,,Included with general admission,"{""currency_symbol"":""$"",""currency_code"":""USD"",""currency_position"":""prefix"",""values"":[""included-with-general-admission""]}","[{""id"":29,""name"":""Family Friendly"",""slug"":""family-friendly"",""parent"":0},{""id"":372,""name"":""Free"",""slug"":""free"",""parent"":0}]",[],"{""id"":5337,""global_id"":""www.mintmuseum.org?id=5337"",""venue"":""Mint Museum Uptown"",""url"":""https://www.mintmuseum.org/venue/mint-museum-uptown/"",""geo_lat"":35.224305,""geo_lng"":-80.848151,""show_map"":true,""show_map_link"":true}","[{""id"":54883,""global_id"":""www.mintmuseum.org?id=54883"",""organizer"":""Leslie Strauss"",""url"":""https://www.mintmuseum.org/organizer/leslie-strauss-2/"",""phone"":""704-337-2050"",""email"":""leslie.strauss@mintmuseum.org""}]","Visitors of all ages can play, explore, and learn about the museum collection in the Lewis Family Gallery. This hands-on space provides a creative environment for making art, engaging in building and puzzle challenges, posing for pictures, and stepping into a Romare Bearden collage playhouse. For the safety of visitors, vigorous cleaning protocols are in place. HOURS: Wednesday: 5-8 PM Friday & Saturday: 11 AM-4 PM Sunday: 1-5 PM",,"{""url"":""https://www.mintmuseum.org/wp-content/uploads/2025/01/children-families-hero-1.jpg"",""id"":63445,""extension"":""jpg"",""width"":880,""height"":400}",[],false,false,,,2025-11-25 15:13:52,2025-11-25 20:13:52,true,true,,,
2026-09-30T20:45:37Z,mintmuseum.org,https://www.mintmuseum.org/wp-json/tribe/events/v1/events,17,10007305,www.mintmuseum.org?id=10007305,Wine on Wednesdays,2028-07-26 17:00:00,2028-07-26 21:00:00,2028-07-26 20:30:00,2028-07-27 00:30:00,America/New_York,false,false,publish,https://www.mintmuseum.org/event/wine-on-wednesdays/2028-07-26/,,,Free,"{""currency_symbol"":""$"",""currency_code"":""USD"",""currency_position"":""prefix"",""values"":[""0""]}","[{""id"":34,""name"":""Adult Programs"",""slug"":""adult-programs"",""parent"":0},{""id"":372,""name"":""Free"",""slug"":""free"",""parent"":0}]",[],"{""id"":5337,""global_id"":""www.mintmuseum.org?id=5337"",""venue"":""Mint Museum Uptown"",""url"":""https://www.mintmuseum.org/venue/mint-museum-uptown/"",""geo_lat"":35.224305,""geo_lng"":-80.848151,""show_map"":true,""show_map_link"":true}","[{""id"":68127,""global_id"":""www.mintmuseum.org?id=68127"",""organizer"":""Mint Museum Store"",""url"":""https://www.mintmuseum.org/organizer/mint-museum-store/"",""website"":""https://store.mintmuseum.org/"",""phone"":""7043372061"",""email"":""valeria.vazquez@mintmuseum.org""}]","Join us every Wednesday at The Mint Museum Uptown Store for our beloved Wine on Wednesday event. Sip and shop your way through the evening with $5 glasses of wine, great company, and our incredible selection of items. 🍷 Bar open: 5–8:30 PM | $5 glasses 🛍️ Store open until 9 PM through January.",,"{""url"":""https://www.mintmuseum.org/wp-content/uploads/2026/07/Wine-on-Wednesdays.jpg"",""id"":68139,""extension"":""jpg"",""width"":2048,""height"":1152}",[],false,false,,,2026-07-29 16:07:25,2026-07-29 20:07:25,true,true,,,
2026-09-30T20:45:37Z,petrasbar.com,http://www.petrasbar.com/wp-json/tribe/events/v1/events,5,10002789,petrasbar.com?id=10002789,Karaoke with Klaytastic,2028-07-26 19:00:00,2028-07-26 23:00:00,2028-07-26 19:00:00,2028-07-26 23:00:00,UTC-5,false,false,publish,https://petrasbar.com/event/fckn-karaoke-2022-02-23-2023-08-16-2024-01-24-3-2/2028-07-26/,,,,"{""currency_symbol"":"""",""currency_code"":"""",""currency_position"":"""",""values"":[]}","[{""id"":20,""name"":""Featured"",""slug"":""featured"",""parent"":0},{""id"":21,""name"":""Karaoke"",""slug"":""karaoke"",""parent"":0},{""id"":23,""name"":""Live Music"",""slug"":""music"",""parent"":0}]",[],"{""id"":12652,""global_id"":""petrasbar.com?id=12652"",""venue"":""Petra’s"",""address"":""1919 Commonwealth Avenue"",""city"":""Charlotte"",""country"":""United States"",""province"":""NC"",""state"":""NC"",""zip"":""28205"",""url"":""https://petrasbar.com/venue/petras-2/"",""show_map"":true,""show_map_link"":true}","[{""id"":421,""global_id"":""petrasbar.com?id=421"",""organizer"":""Petra’s"",""url"":""https://petrasbar.com/organizer/petras-bar/""}]",Every Wednesday at Petra’s is the best karaoke party in Charlotte. With host @klaytastic! 7pm-9pm | No Cover 9pm Until | $5 | 21+ (No Exceptions),,"{""url"":""https://petrasbar.com/wp-content/uploads/2025/11/New_Klaytastic-Mailchimp.png"",""id"":38174,""extension"":""png"",""width"":600,""height"":300}",[],false,false,,,2026-06-30 17:46:42,2026-06-30 21:46:42,true,true,,,
2026-09-30T20:45:37Z,mintmuseum.org,https://www.mintmuseum.org/wp-json/tribe/events/v1/events,17,10004914,www.mintmuseum.org?id=10004914,Lewis Family Gallery,2028-07-28 11:00:00,2028-07-28 15:00:00,2028-07-28 16:00:00,2028-07-28 20:00:00,America/New_York,false,false,publish,https://www.mintmuseum.org/event/lewis-family-gallery-2/2028-07-28/,,,Included with general admission,"{""currency_symbol"":""$"",""currency_code"":""USD"",""currency_position"":""prefix"",""values"":[""included-with-general-admission""]}","[{""id"":29,""name"":""Family Friendly"",""slug"":""family-friendly"",""parent"":0},{""id"":372,""name"":""Free"",""slug"":""free"",""parent"":0}]",[],"{""id"":5337,""global_id"":""www.mintmuseum.org?id=5337"",""venue"":""Mint Museum Uptown"",""url"":""https://www.mintmuseum.org/venue/mint-museum-uptown/"",""geo_lat"":35.224305,""geo_lng"":-80.848151,""show_map"":true,""show_map_link"":true}","[{""id"":54883,""global_id"":""www.mintmuseum.org?id=54883"",""organizer"":""Leslie Strauss"",""url"":""https://www.mintmuseum.org/organizer/leslie-strauss-2/"",""phone"":""704-337-2050"",""email"":""leslie.strauss@mintmuseum.org""}]","Visitors of all ages can play, explore, and learn about the museum collection in the Lewis Family Gallery. This hands-on space provides a creative environment for making art, engaging in building and puzzle challenges, posing for pictures, and stepping into a Romare Bearden collage playhouse. For the safety of visitors, vigorous cleaning protocols are in place. HOURS: Wednesday: 5-8 PM Friday & Saturday: 11 AM-4 PM Sunday: 1-5 PM",,"{""url"":""https://www.mintmuseum.org/wp-content/uploads/2025/01/children-families-hero-1.jpg"",""id"":63445,""extension"":""jpg"",""width"":880,""height"":400}",[],false,false,,,2025-01-17 11:20:40,2025-01-17 16:20:40,true,true,,,
2026-09-30T20:45:37Z,mintmuseum.org,https://www.mintmuseum.org/wp-json/tribe/events/v1/events,17,10002049,www.mintmuseum.org?id=10002049,Yoga on the Lawn,2028-07-29 10:00:00,2028-07-29 10:00:00,2028-07-29 11:00:00,2028-07-29 11:00:00,UTC+0,false,false,publish,https://www.mintmuseum.org/event/yoga-at-the-mint-3-2-2-3-2-2/2028-07-29/,,,Free – $10,"{""currency_symbol"":""$"",""currency_code"":""USD"",""currency_position"":""prefix"",""values"":[""0"",""10""]}","[{""id"":56,""name"":""All"",""slug"":""all"",""parent"":0},{""id"":18,""name"":""Members"",""slug"":""members"",""parent"":0}]","[{""name"":""yoga at the mint"",""slug"":""yoga-at-the-mint"",""term_group"":0,""term_taxonomy_id"":850,""taxonomy"":""post_tag"",""description"":"""",""parent"":0,""count"":16,""filter"":""raw"",""term_order"":""0"",""id"":850,""urls"":{""self"":""https://www.mintmuseum.org/wp-json/tribe/events/v1/tags/850"",""collection"":""https://www.mintmuseum.org/wp-json/tribe/events/v1/tags""}},{""name"":""yoga on the lawn"",""slug"":""yoga-on-the-lawn"",""term_group"":0,""term_taxonomy_id"":853,""taxonomy"":""post_tag"",""description"":"""",""parent"":0,""count"":15,""filter"":""raw"",""term_order"":""0"",""id"":853,""urls"":{""self"":""https://www.mintmuseum.org/wp-json/tribe/events/v1/tags/853"",""collection"":""https://www.mintmuseum.org/wp-json/tribe/events/v1/tags""}}]","{""id"":5313,""global_id"":""www.mintmuseum.org?id=5313"",""venue"":""Mint Museum Randolph"",""url"":""https://www.mintmuseum.org/venue/mint-museum-randolph/"",""geo_lat"":35.1973424,""geo_lng"":-80.8146806,""show_map"":true,""show_map_link"":true}",[],"Participate in a one-hour yoga class with Dancing Lotus Yoga + Art on select Saturdays on the front lawn, or indoors, at Mint Museum Randolph (weather permitting). Classes are free for Mint members and $10 for nonmembers. During the winter months, this class will be hosted inside Mint Museum Randolph. Members, please contact Alex Gutierrez Mendez, Membership Services Manager, for the online code for free yoga at alex.gutierrez@mintmuseum.org. Registration is required. Register through Dancing Lotus Yoga + Arts here.",,"{""url"":""https://www.mintmuseum.org/wp-content/uploads/2023/09/Yoga-on-the-Lawn.jpg"",""id"":64053,""extension"":""jpg"",""width"":1920,""height"":1080}","{""_ecp_custom_2"":{""label"":""Tickets Link"",""value"":""https://www.dancinglotusnc.com/book-online""},""_ecp_custom_3"":{""label"":""Tickets Link Text"",""value"":""Register here""}}",false,false,,,2025-03-24 16:29:34,2025-03-24 20:29:34,true,true,,,
2026-09-30T20:45:37Z,mintmuseum.org,https://www.mintmuseum.org/wp-json/tribe/events/v1/events,17,10005432,www.mintmuseum.org?id=10005432,Lewis Family Gallery,2028-07-29 11:00:00,2028-07-29 15:00:00,2028-07-29 16:00:00,2028-07-29 20:00:00,America/New_York,false,false,publish,https://www.mintmuseum.org/event/lewis-family-gallery-3/2028-07-29/,,,Included with general admission,"{""currency_symbol"":""$"",""currency_code"":""USD"",""currency_position"":""prefix"",""values"":[""included-with-general-admission""]}","[{""id"":29,""name"":""Family Friendly"",""slug"":""family-friendly"",""parent"":0},{""id"":372,""name"":""Free"",""slug"":""free"",""parent"":0}]",[],"{""id"":5337,""global_id"":""www.mintmuseum.org?id=5337"",""venue"":""Mint Museum Uptown"",""url"":""https://www.mintmuseum.org/venue/mint-museum-uptown/"",""geo_lat"":35.224305,""geo_lng"":-80.848151,""show_map"":true,""show_map_link"":true}","[{""id"":54883,""global_id"":""www.mintmuseum.org?id=54883"",""organizer"":""Leslie Strauss"",""url"":""https://www.mintmuseum.org/organizer/leslie-strauss-2/"",""phone"":""704-337-2050"",""email"":""leslie.strauss@mintmuseum.org""}]","Visitors of all ages can play, explore, and learn about the museum collection in the Lewis Family Gallery. This hands-on space provides a creative environment for making art, engaging in building and puzzle challenges, posing for pictures, and stepping into a Romare Bearden collage playhouse. For the safety of visitors, vigorous cleaning protocols are in place. HOURS: Wednesday: 5-8 PM Friday & Saturday: 11 AM-4 PM Sunday: 1-5 PM",,"{""url"":""https://www.mintmuseum.org/wp-content/uploads/2025/01/children-families-hero-1.jpg"",""id"":63445,""extension"":""jpg"",""width"":880,""height"":400}",[],false,false,,,2025-01-17 11:22:09,2025-01-17 16:22:09,true,true,,,
2026-09-30T20:45:37Z,mintmuseum.org,https://www.mintmuseum.org/wp-json/tribe/events/v1/events,17,10005950,www.mintmuseum.org?id=10005950,Lewis Family Gallery,2028-07-30 13:00:00,2028-07-30 17:00:00,2028-07-30 17:00:00,2028-07-30 21:00:00,America/New_York,false,false,publish,https://www.mintmuseum.org/event/lewis-family-gallery-4/2028-07-30/,,,Included with general admission,"{""currency_symbol"":""$"",""currency_code"":""USD"",""currency_position"":""prefix"",""values"":[""included-with-general-admission""]}","[{""id"":29,""name"":""Family Friendly"",""slug"":""family-friendly"",""parent"":0},{""id"":372,""name"":""Free"",""slug"":""free"",""parent"":0}]",[],"{""id"":5337,""global_id"":""www.mintmuseum.org?id=5337"",""venue"":""Mint Museum Uptown"",""url"":""https://www.mintmuseum.org/venue/mint-museum-uptown/"",""geo_lat"":35.224305,""geo_lng"":-80.848151,""show_map"":true,""show_map_link"":true}","[{""id"":54883,""global_id"":""www.mintmuseum.org?id=54883"",""organizer"":""Leslie Strauss"",""url"":""https://www.mintmuseum.org/organizer/leslie-strauss-2/"",""phone"":""704-337-2050"",""email"":""leslie.strauss@mintmuseum.org""}]","Visitors of all ages can play, explore, and learn about the museum collection in the Lewis Family Gallery. This hands-on space provides a creative environment for making art, engaging in building and puzzle challenges, posing for pictures, and stepping into a Romare Bearden collage playhouse. For the safety of visitors, vigorous cleaning protocols are in place. HOURS: Wednesday: 5-8 PM Friday & Saturday: 11 AM-4 PM Sunday: 1-5 PM",,"{""url"":""https://www.mintmuseum.org/wp-content/uploads/2025/01/children-families-hero-1.jpg"",""id"":63445,""extension"":""jpg"",""width"":880,""height"":400}",[],false,false,,,2025-01-17 11:23:14,2025-01-17 16:23:14,true,true,,,
2026-09-30T20:45:37Z,petrasbar.com,http://www.petrasbar.com/wp-json/tribe/events/v1/events,5,10002351,petrasbar.com?id=10002351,The Bill Hanna Legacy Jazz Session,2028-07-31 19:30:00,2028-07-31 23:30:00,2028-07-31 19:30:00,2028-07-31 23:30:00,UTC-5,false,false,publish,https://petrasbar.com/event/bill-hannas-jazz-session-2024-01-08-2024-01-08-2024-01-15-2/2028-07-31/,https://www.eventbrite.com/e/the-bill-hanna-legacy-jazz-session-tickets-1979869722637,,,"{""currency_symbol"":"""",""currency_code"":"""",""currency_position"":"""",""values"":[]}","[{""id"":20,""name"":""Featured"",""slug"":""featured"",""parent"":0},{""id"":23,""name"":""Live Music"",""slug"":""music"",""parent"":0},{""id"":25,""name"":""Shows"",""slug"":""shows"",""parent"":0}]",[],"{""id"":12652,""global_id"":""petrasbar.com?id=12652"",""venue"":""Petra’s"",""address"":""1919 Commonwealth Avenue"",""city"":""Charlotte"",""country"":""United States"",""province"":""NC"",""state"":""NC"",""zip"":""28205"",""url"":""https://petrasbar.com/venue/petras-2/"",""show_map"":true,""show_map_link"":true}","[{""id"":421,""global_id"":""petrasbar.com?id=421"",""organizer"":""Petra’s"",""url"":""https://petrasbar.com/organizer/petras-bar/""}]","Doors: 7pm Music: 7:30pm – 10pm Tickets: $7 Advance (plus online fees) | $10 At the door • 21+ Bill Hanna was a legend in Charlotte. He was the godfather of Jazz and we’re keeping his legacy alive each and every Monday night. Come join us to see some of Charlotte’s best musicians perform in an intimate setting. Limited seating is 1st come 1st serve. If you’re able to stand, please give your seat to someone who can’t.",,"{""url"":""https://petrasbar.com/wp-content/uploads/2021/06/Hanna_2008_dcoston2.jpeg"",""id"":26780,""extension"":""jpeg"",""width"":2354,""height"":1776}",[],false,false,,,2026-01-06 10:34:53,2026-01-06 15:34:53,true,true,,,
2026-09-30T20:45:37Z,mintmuseum.org,https://www.mintmuseum.org/wp-json/tribe/events/v1/events,17,10002054,www.mintmuseum.org?id=10002054,Yoga at the Mint,2028-08-01 17:15:00,2028-08-01 17:15:00,2028-08-01 18:15:00,2028-08-01 18:15:00,UTC+0,false,false,publish,https://www.mintmuseum.org/event/yoga-at-the-mint-2-4-2-2-2-2-3-3/2028-08-01/,,,Free – $10,"{""currency_symbol"":""$"",""currency_code"":""USD"",""currency_position"":""prefix"",""values"":[""0"",""10""]}","[{""id"":56,""name"":""All"",""slug"":""all"",""parent"":0},{""id"":18,""name"":""Members"",""slug"":""members"",""parent"":0}]",[],"{""id"":5337,""global_id"":""www.mintmuseum.org?id=5337"",""venue"":""Mint Museum Uptown"",""url"":""https://www.mintmuseum.org/venue/mint-museum-uptown/"",""geo_lat"":35.224305,""geo_lng"":-80.848151,""show_map"":true,""show_map_link"":true}",[],"Participate in a one-hour yoga class with Dancing Lotus Yoga + Arts every Tuesday from 5:15-6:15 PM at Mint Museum Uptown. Classes are free for Mint members and $10 for nonmembers. Members, please contact Alex Gutierrez Mendez, Membership Services Manager, for the online code for free yoga at alex.gutierrez@mintmuseum.org. Registration is required. Register through Dancing Lotus Yoga + Arts here.",,"{""url"":""https://www.mintmuseum.org/wp-content/uploads/2023/09/Yoga-at-the-MInt-3.jpg"",""id"":64052,""extension"":""jpg"",""width"":1920,""height"":1080}","{""_ecp_custom_2"":{""label"":""Tickets Link"",""value"":""https://www.dancinglotusnc.com/book-online""},""_ecp_custom_3"":{""label"":""Tickets Link Text"",""value"":""Register here""}}",false,false,,,2026-02-23 15:38:57,2026-02-23 20:38:57,true,true,,,
2026-09-30T20:45:37Z,mintmuseum.org,https://www.mintmuseum.org/wp-json/tribe/events/v1/events,18,10002835,www.mintmuseum.org?id=10002835,Free Wednesday Evenings,2028-08-02 17:00:00,2028-08-02 21:00:00,2028-08-02 21:00:00,2028-08-03 01:00:00,America/New_York,false,false,publish,https://www.mintmuseum.org/event/free-admission-nights-2-2-3-2-4/2028-08-02/,,,Free,"{""currency_symbol"":""$"",""currency_code"":""USD"",""currency_position"":""prefix"",""values"":[""0""]}","[{""id"":372,""name"":""Free"",""slug"":""free"",""parent"":0}]",[],"{""id"":8027,""global_id"":""www.mintmuseum.org?id=8027"",""venue"":""Mint Museum Uptown & Randolph"",""city"":""Charlotte"",""country"":""United States"",""state"":""NC"",""url"":""https://www.mintmuseum.org/venue/uptown-randolph/"",""geo_lat"":35.2270869,""geo_lng"":-80.8431267,""show_map"":false,""show_map_link"":false}",[],"The Mint Museum is FREE from 5-9 PM on Wednesdays! For up to date hours, please visit our events calendar mintmuseum.org/events Free Wednesday Evenings is generously presented by Publix Super Market Charities.",,"{""url"":""https://www.mintmuseum.org/wp-content/uploads/2023/12/free-wednesday-evenings-group-in-gallery.jpg"",""id"":62997,""extension"":""jpg"",""width"":1920,""height"":1080}",[],false,false,,,2025-12-12 11:36:01,2025-12-12 16:36:01,true,true,,,
2026-09-30T20:45:37Z,mintmuseum.org,https://www.mintmuseum.org/wp-json/tribe/events/v1/events,18,10004655,www.mintmuseum.org?id=10004655,Lewis Family Gallery,2028-08-02 17:00:00,2028-08-02 21:00:00,2028-08-02 20:00:00,2028-08-03 00:00:00,America/New_York,false,false,publish,https://www.mintmuseum.org/event/lewis-family-gallery-10/2028-08-02/,,,Included with general admission,"{""currency_symbol"":""$"",""currency_code"":""USD"",""currency_position"":""prefix"",""values"":[""included-with-general-admission""]}","[{""id"":29,""name"":""Family Friendly"",""slug"":""family-friendly"",""parent"":0},{""id"":372,""name"":""Free"",""slug"":""free"",""parent"":0}]",[],"{""id"":5337,""global_id"":""www.mintmuseum.org?id=5337"",""venue"":""Mint Museum Uptown"",""url"":""https://www.mintmuseum.org/venue/mint-museum-uptown/"",""geo_lat"":35.224305,""geo_lng"":-80.848151,""show_map"":true,""show_map_link"":true}","[{""id"":54883,""global_id"":""www.mintmuseum.org?id=54883"",""organizer"":""Leslie Strauss"",""url"":""https://www.mintmuseum.org/organizer/leslie-strauss-2/"",""phone"":""704-337-2050"",""email"":""leslie.strauss@mintmuseum.org""}]","Visitors of all ages can play, explore, and learn about the museum collection in the Lewis Family Gallery. This hands-on space provides a creative environment for making art, engaging in building and puzzle challenges, posing for pictures, and stepping into a Romare Bearden collage playhouse. For the safety of visitors, vigorous cleaning protocols are in place. HOURS: Wednesday: 5-8 PM Friday & Saturday: 11 AM-4 PM Sunday: 1-5 PM",,"{""url"":""https://www.mintmuseum.org/wp-content/uploads/2025/01/children-families-hero-1.jpg"",""id"":63445,""extension"":""jpg"",""width"":880,""height"":400}",[],false,false,,,2025-11-25 15:13:52,2025-11-25 20:13:52,true,true,,,
2026-09-30T20:45:37Z,mintmuseum.org,https://www.mintmuseum.org/wp-json/tribe/events/v1/events,18,10007306,www.mintmuseum.org?id=10007306,Wine on Wednesdays,2028-08-02 17:00:00,2028-08-02 21:00:00,2028-08-02 20:30:00,2028-08-03 00:30:00,America/New_York,false,false,publish,https://www.mintmuseum.org/event/wine-on-wednesdays/2028-08-02/,,,Free,"{""currency_symbol"":""$"",""currency_code"":""USD"",""currency_position"":""prefix"",""values"":[""0""]}","[{""id"":34,""name"":""Adult Programs"",""slug"":""adult-programs"",""parent"":0},{""id"":372,""name"":""Free"",""slug"":""free"",""parent"":0}]",[],"{""id"":5337,""global_id"":""www.mintmuseum.org?id=5337"",""venue"":""Mint Museum Uptown"",""url"":""https://www.mintmuseum.org/venue/mint-museum-uptown/"",""geo_lat"":35.224305,""geo_lng"":-80.848151,""show_map"":true,""show_map_link"":true}","[{""id"":68127,""global_id"":""www.mintmuseum.org?id=68127"",""organizer"":""Mint Museum Store"",""url"":""https://www.mintmuseum.org/organizer/mint-museum-store/"",""website"":""https://store.mintmuseum.org/"",""phone"":""7043372061"",""email"":""valeria.vazquez@mintmuseum.org""}]","Join us every Wednesday at The Mint Museum Uptown Store for our beloved Wine on Wednesday event. Sip and shop your way through the evening with $5 glasses of wine, great company, and our incredible selection of items. 🍷 Bar open: 5–8:30 PM | $5 glasses 🛍️ Store open until 9 PM through January.",,"{""url"":""https://www.mintmuseum.org/wp-content/uploads/2026/07/Wine-on-Wednesdays.jpg"",""id"":68139,""extension"":""jpg"",""width"":2048,""height"":1152}",[],false,false,,,2026-07-29 16:07:25,2026-07-29 20:07:25,true,true,,,
2026-09-30T20:45:37Z,petrasbar.com,http://www.petrasbar.com/wp-json/tribe/events/v1/events,5,10002790,petrasbar.com?id=10002790,Karaoke with Klaytastic,2028-08-02 19:00:00,2028-08-02 23:00:00,2028-08-02 19:00:00,2028-08-02 23:00:00,UTC-5,false,false,publish,https://petrasbar.com/event/fckn-karaoke-2022-02-23-2023-08-16-2024-01-24-3-2/2028-08-02/,,,,"{""currency_symbol"":"""",""currency_code"":"""",""currency_position"":"""",""values"":[]}","[{""id"":20,""name"":""Featured"",""slug"":""featured"",""parent"":0},{""id"":21,""name"":""Karaoke"",""slug"":""karaoke"",""parent"":0},{""id"":23,""name"":""Live Music"",""slug"":""music"",""parent"":0}]",[],"{""id"":12652,""global_id"":""petrasbar.com?id=12652"",""venue"":""Petra’s"",""address"":""1919 Commonwealth Avenue"",""city"":""Charlotte"",""country"":""United States"",""province"":""NC"",""state"":""NC"",""zip"":""28205"",""url"":""https://petrasbar.com/venue/petras-2/"",""show_map"":true,""show_map_link"":true}","[{""id"":421,""global_id"":""petrasbar.com?id=421"",""organizer"":""Petra’s"",""url"":""https://petrasbar.com/organizer/petras-bar/""}]",Every Wednesday at Petra’s is the best karaoke party in Charlotte. With host @klaytastic! 7pm-9pm | No Cover 9pm Until | $5 | 21+ (No Exceptions),,"{""url"":""https://petrasbar.com/wp-content/uploads/2025/11/New_Klaytastic-Mailchimp.png"",""id"":38174,""extension"":""png"",""width"":600,""height"":300}",[],false,false,,,2026-06-30 17:46:42,2026-06-30 21:46:42,true,true,,,
2026-09-30T20:45:37Z,mintmuseum.org,https://www.mintmuseum.org/wp-json/tribe/events/v1/events,18,10004915,www.mintmuseum.org?id=10004915,Lewis Family Gallery,2028-08-04 11:00:00,2028-08-04 15:00:00,2028-08-04 16:00:00,2028-08-04 20:00:00,America/New_York,false,false,publish,https://www.mintmuseum.org/event/lewis-family-gallery-2/2028-08-04/,,,Included with general admission,"{""currency_symbol"":""$"",""currency_code"":""USD"",""currency_position"":""prefix"",""values"":[""included-with-general-admission""]}","[{""id"":29,""name"":""Family Friendly"",""slug"":""family-friendly"",""parent"":0},{""id"":372,""name"":""Free"",""slug"":""free"",""parent"":0}]",[],"{""id"":5337,""global_id"":""www.mintmuseum.org?id=5337"",""venue"":""Mint Museum Uptown"",""url"":""https://www.mintmuseum.org/venue/mint-museum-uptown/"",""geo_lat"":35.224305,""geo_lng"":-80.848151,""show_map"":true,""show_map_link"":true}","[{""id"":54883,""global_id"":""www.mintmuseum.org?id=54883"",""organizer"":""Leslie Strauss"",""url"":""https://www.mintmuseum.org/organizer/leslie-strauss-2/"",""phone"":""704-337-2050"",""email"":""leslie.strauss@mintmuseum.org""}]","Visitors of all ages can play, explore, and learn about the museum collection in the Lewis Family Gallery. This hands-on space provides a creative environment for making art, engaging in building and puzzle challenges, posing for pictures, and stepping into a Romare Bearden collage playhouse. For the safety of visitors, vigorous cleaning protocols are in place. HOURS: Wednesday: 5-8 PM Friday & Saturday: 11 AM-4 PM Sunday: 1-5 PM",,"{""url"":""https://www.mintmuseum.org/wp-content/uploads/2025/01/children-families-hero-1.jpg"",""id"":63445,""extension"":""jpg"",""width"":880,""height"":400}",[],false,false,,,2025-01-17 11:20:40,2025-01-17 16:20:40,true,true,,,
2026-09-30T20:45:37Z,mintmuseum.org,https://www.mintmuseum.org/wp-json/tribe/events/v1/events,18,10007948,www.mintmuseum.org?id=10007948,Bank of America Museums on Us,2028-08-05 00:00:00,2028-08-05 04:00:00,2028-08-06 23:59:59,2028-08-07 03:59:59,America/New_York,true,false,publish,https://www.mintmuseum.org/event/bank-of-america-museums-on-us/2028-08-05/,https://about.bankofamerica.com/en/making-an-impact/arts-and-culture#museums-on-us,,Free,"{""currency_symbol"":""$"",""currency_code"":""USD"",""currency_position"":""prefix"",""values"":[""0""]}","[{""id"":372,""name"":""Free"",""slug"":""free"",""parent"":0}]",[],"{""id"":8027,""global_id"":""www.mintmuseum.org?id=8027"",""venue"":""Mint Museum Uptown & Randolph"",""city"":""Charlotte"",""country"":""United States"",""state"":""NC"",""url"":""https://www.mintmuseum.org/venue/uptown-randolph/"",""geo_lat"":35.2270869,""geo_lng"":-80.8431267,""show_map"":false,""show_map_link"":false}","[{""id"":68374,""global_id"":""www.mintmuseum.org?id=68374"",""organizer"":""Romario Brown"",""url"":""https://www.mintmuseum.org/organizer/romario-brown/"",""phone"":""704-337-2130"",""email"":""romario.brown@mintmuseum.org""}]","Bank of America cardholders receive free general admission – during the first full weekend of every month – to cultural institutions across the United States. How to visit: Present your active Bank of America, Merrill or Bank of America Private Bank credit or debit card and valid government issued photo ID (Passport booklet, State ID, Driver License) to receive one free general admission to either museum location. Please review eligibility and terms prior to your visit: Museums on Us is available to Bank of America, Merrill, or Bank of America Private Bank credit and debit cardholders during the first full weekend of every month. The offer is valid for one general admission only per eligible cardholder. Any special exhibitions, ticketed exhibitions, enhanced experiences, or additional offerings are not included and must be purchased separately. This offer is limited to the individual cardholder, is not transferable, does not guarantee admission, and cannot be combined with other offers. Fundraising events are excluded.",,"{""url"":""https://www.mintmuseum.org/wp-content/uploads/2026/09/museums-on-us.jpg"",""id"":68383,""extension"":""jpg"",""width"":1920,""height"":1080}","{""_ecp_custom_2"":{""label"":""Tickets Link"",""value"":""https://about.bankofamerica.com/en/making-an-impact/arts-and-culture#museums-on-us""},""_ecp_custom_3"":{""label"":""Tickets Link Text"",""value"":""Learn more""}}",false,false,,,2026-09-08 13:26:51,2026-09-08 17:26:51,true,true,,,
2026-09-30T20:45:37Z,mintmuseum.org,https://www.mintmuseum.org/wp-json/tribe/events/v1/events,18,10002050,www.mintmuseum.org?id=10002050,Yoga on the Lawn,2028-08-05 10:00:00,2028-08-05 10:00:00,2028-08-05 11:00:00,2028-08-05 11:00:00,UTC+0,false,false,publish,https://www.mintmuseum.org/event/yoga-at-the-mint-3-2-2-3-2-2/2028-08-05/,,,Free – $10,"{""currency_symbol"":""$"",""currency_code"":""USD"",""currency_position"":""prefix"",""values"":[""0"",""10""]}","[{""id"":56,""name"":""All"",""slug"":""all"",""parent"":0},{""id"":18,""name"":""Members"",""slug"":""members"",""parent"":0}]","[{""name"":""yoga at the mint"",""slug"":""yoga-at-the-mint"",""term_group"":0,""term_taxonomy_id"":850,""taxonomy"":""post_tag"",""description"":"""",""parent"":0,""count"":16,""filter"":""raw"",""term_order"":""0"",""id"":850,""urls"":{""self"":""https://www.mintmuseum.org/wp-json/tribe/events/v1/tags/850"",""collection"":""https://www.mintmuseum.org/wp-json/tribe/events/v1/tags""}},{""name"":""yoga on the lawn"",""slug"":""yoga-on-the-lawn"",""term_group"":0,""term_taxonomy_id"":853,""taxonomy"":""post_tag"",""description"":"""",""parent"":0,""count"":15,""filter"":""raw"",""term_order"":""0"",""id"":853,""urls"":{""self"":""https://www.mintmuseum.org/wp-json/tribe/events/v1/tags/853"",""collection"":""https://www.mintmuseum.org/wp-json/tribe/events/v1/tags""}}]","{""id"":5313,""global_id"":""www.mintmuseum.org?id=5313"",""venue"":""Mint Museum Randolph"",""url"":""https://www.mintmuseum.org/venue/mint-museum-randolph/"",""geo_lat"":35.1973424,""geo_lng"":-80.8146806,""show_map"":true,""show_map_link"":true}",[],"Participate in a one-hour yoga class with Dancing Lotus Yoga + Art on select Saturdays on the front lawn, or indoors, at Mint Museum Randolph (weather permitting). Classes are free for Mint members and $10 for nonmembers. During the winter months, this class will be hosted inside Mint Museum Randolph. Members, please contact Alex Gutierrez Mendez, Membership Services Manager, for the online code for free yoga at alex.gutierrez@mintmuseum.org. Registration is required. Register through Dancing Lotus Yoga + Arts here.",,"{""url"":""https://www.mintmuseum.org/wp-content/uploads/2023/09/Yoga-on-the-Lawn.jpg"",""id"":64053,""extension"":""jpg"",""width"":1920,""height"":1080}","{""_ecp_custom_2"":{""label"":""Tickets Link"",""value"":""https://www.dancinglotusnc.com/book-online""},""_ecp_custom_3"":{""label"":""Tickets Link Text"",""value"":""Register here""}}",false,false,,,2025-03-24 16:29:34,2025-03-24 20:29:34,true,true,,,
2026-09-30T20:45:37Z,mintmuseum.org,https://www.mintmuseum.org/wp-json/tribe/events/v1/events,18,10005433,www.mintmuseum.org?id=10005433,Lewis Family Gallery,2028-08-05 11:00:00,2028-08-05 15:00:00,2028-08-05 16:00:00,2028-08-05 20:00:00,America/New_York,false,false,publish,https://www.mintmuseum.org/event/lewis-family-gallery-3/2028-08-05/,,,Included with general admission,"{""currency_symbol"":""$"",""currency_code"":""USD"",""currency_position"":""prefix"",""values"":[""included-with-general-admission""]}","[{""id"":29,""name"":""Family Friendly"",""slug"":""family-friendly"",""parent"":0},{""id"":372,""name"":""Free"",""slug"":""free"",""parent"":0}]",[],"{""id"":5337,""global_id"":""www.mintmuseum.org?id=5337"",""venue"":""Mint Museum Uptown"",""url"":""https://www.mintmuseum.org/venue/mint-museum-uptown/"",""geo_lat"":35.224305,""geo_lng"":-80.848151,""show_map"":true,""show_map_link"":true}","[{""id"":54883,""global_id"":""www.mintmuseum.org?id=54883"",""organizer"":""Leslie Strauss"",""url"":""https://www.mintmuseum.org/organizer/leslie-strauss-2/"",""phone"":""704-337-2050"",""email"":""leslie.strauss@mintmuseum.org""}]","Visitors of all ages can play, explore, and learn about the museum collection in the Lewis Family Gallery. This hands-on space provides a creative environment for making art, engaging in building and puzzle challenges, posing for pictures, and stepping into a Romare Bearden collage playhouse. For the safety of visitors, vigorous cleaning protocols are in place. HOURS: Wednesday: 5-8 PM Friday & Saturday: 11 AM-4 PM Sunday: 1-5 PM",,"{""url"":""https://www.mintmuseum.org/wp-content/uploads/2025/01/children-families-hero-1.jpg"",""id"":63445,""extension"":""jpg"",""width"":880,""height"":400}",[],false,false,,,2025-01-17 11:22:09,2025-01-17 16:22:09,true,true,,,
2026-09-30T20:45:37Z,mintmuseum.org,https://www.mintmuseum.org/wp-json/tribe/events/v1/events,18,10005951,www.mintmuseum.org?id=10005951,Lewis Family Gallery,2028-08-06 13:00:00,2028-08-06 17:00:00,2028-08-06 17:00:00,2028-08-06 21:00:00,America/New_York,false,false,publish,https://www.mintmuseum.org/event/lewis-family-gallery-4/2028-08-06/,,,Included with general admission,"{""currency_symbol"":""$"",""currency_code"":""USD"",""currency_position"":""prefix"",""values"":[""included-with-general-admission""]}","[{""id"":29,""name"":""Family Friendly"",""slug"":""family-friendly"",""parent"":0},{""id"":372,""name"":""Free"",""slug"":""free"",""parent"":0}]",[],"{""id"":5337,""global_id"":""www.mintmuseum.org?id=5337"",""venue"":""Mint Museum Uptown"",""url"":""https://www.mintmuseum.org/venue/mint-museum-uptown/"",""geo_lat"":35.224305,""geo_lng"":-80.848151,""show_map"":true,""show_map_link"":true}","[{""id"":54883,""global_id"":""www.mintmuseum.org?id=54883"",""organizer"":""Leslie Strauss"",""url"":""https://www.mintmuseum.org/organizer/leslie-strauss-2/"",""phone"":""704-337-2050"",""email"":""leslie.strauss@mintmuseum.org""}]","Visitors of all ages can play, explore, and learn about the museum collection in the Lewis Family Gallery. This hands-on space provides a creative environment for making art, engaging in building and puzzle challenges, posing for pictures, and stepping into a Romare Bearden collage playhouse. For the safety of visitors, vigorous cleaning protocols are in place. HOURS: Wednesday: 5-8 PM Friday & Saturday: 11 AM-4 PM Sunday: 1-5 PM",,"{""url"":""https://www.mintmuseum.org/wp-content/uploads/2025/01/children-families-hero-1.jpg"",""id"":63445,""extension"":""jpg"",""width"":880,""height"":400}",[],false,false,,,2025-01-17 11:23:14,2025-01-17 16:23:14,true,true,,,
2026-09-30T20:45:37Z,petrasbar.com,http://www.petrasbar.com/wp-json/tribe/events/v1/events,5,10002352,petrasbar.com?id=10002352,The Bill Hanna Legacy Jazz Session,2028-08-07 19:30:00,2028-08-07 23:30:00,2028-08-07 19:30:00,2028-08-07 23:30:00,UTC-5,false,false,publish,https://petrasbar.com/event/bill-hannas-jazz-session-2024-01-08-2024-01-08-2024-01-15-2/2028-08-07/,https://www.eventbrite.com/e/the-bill-hanna-legacy-jazz-session-tickets-1979869722637,,,"{""currency_symbol"":"""",""currency_code"":"""",""currency_position"":"""",""values"":[]}","[{""id"":20,""name"":""Featured"",""slug"":""featured"",""parent"":0},{""id"":23,""name"":""Live Music"",""slug"":""music"",""parent"":0},{""id"":25,""name"":""Shows"",""slug"":""shows"",""parent"":0}]",[],"{""id"":12652,""global_id"":""petrasbar.com?id=12652"",""venue"":""Petra’s"",""address"":""1919 Commonwealth Avenue"",""city"":""Charlotte"",""country"":""United States"",""province"":""NC"",""state"":""NC"",""zip"":""28205"",""url"":""https://petrasbar.com/venue/petras-2/"",""show_map"":true,""show_map_link"":true}","[{""id"":421,""global_id"":""petrasbar.com?id=421"",""organizer"":""Petra’s"",""url"":""https://petrasbar.com/organizer/petras-bar/""}]","Doors: 7pm Music: 7:30pm – 10pm Tickets: $7 Advance (plus online fees) | $10 At the door • 21+ Bill Hanna was a legend in Charlotte. He was the godfather of Jazz and we’re keeping his legacy alive each and every Monday night. Come join us to see some of Charlotte’s best musicians perform in an intimate setting. Limited seating is 1st come 1st serve. If you’re able to stand, please give your seat to someone who can’t.",,"{""url"":""https://petrasbar.com/wp-content/uploads/2021/06/Hanna_2008_dcoston2.jpeg"",""id"":26780,""extension"":""jpeg"",""width"":2354,""height"":1776}",[],false,false,,,2026-01-06 10:34:53,2026-01-06 15:34:53,true,true,,,
2026-09-30T20:45:37Z,mintmuseum.org,https://www.mintmuseum.org/wp-json/tribe/events/v1/events,18,10002055,www.mintmuseum.org?id=10002055,Yoga at the Mint,2028-08-08 17:15:00,2028-08-08 17:15:00,2028-08-08 18:15:00,2028-08-08 18:15:00,UTC+0,false,false,publish,https://www.mintmuseum.org/event/yoga-at-the-mint-2-4-2-2-2-2-3-3/2028-08-08/,,,Free – $10,"{""currency_symbol"":""$"",""currency_code"":""USD"",""currency_position"":""prefix"",""values"":[""0"",""10""]}","[{""id"":56,""name"":""All"",""slug"":""all"",""parent"":0},{""id"":18,""name"":""Members"",""slug"":""members"",""parent"":0}]",[],"{""id"":5337,""global_id"":""www.mintmuseum.org?id=5337"",""venue"":""Mint Museum Uptown"",""url"":""https://www.mintmuseum.org/venue/mint-museum-uptown/"",""geo_lat"":35.224305,""geo_lng"":-80.848151,""show_map"":true,""show_map_link"":true}",[],"Participate in a one-hour yoga class with Dancing Lotus Yoga + Arts every Tuesday from 5:15-6:15 PM at Mint Museum Uptown. Classes are free for Mint members and $10 for nonmembers. Members, please contact Alex Gutierrez Mendez, Membership Services Manager, for the online code for free yoga at alex.gutierrez@mintmuseum.org. Registration is required. Register through Dancing Lotus Yoga + Arts here.",,"{""url"":""https://www.mintmuseum.org/wp-content/uploads/2023/09/Yoga-at-the-MInt-3.jpg"",""id"":64052,""extension"":""jpg"",""width"":1920,""height"":1080}","{""_ecp_custom_2"":{""label"":""Tickets Link"",""value"":""https://www.dancinglotusnc.com/book-online""},""_ecp_custom_3"":{""label"":""Tickets Link Text"",""value"":""Register here""}}",false,false,,,2026-02-23 15:38:57,2026-02-23 20:38:57,true,true,,,
2026-09-30T20:45:37Z,mintmuseum.org,https://www.mintmuseum.org/wp-json/tribe/events/v1/events,18,10002836,www.mintmuseum.org?id=10002836,Free Wednesday Evenings,2028-08-09 17:00:00,2028-08-09 21:00:00,2028-08-09 21:00:00,2028-08-10 01:00:00,America/New_York,false,false,publish,https://www.mintmuseum.org/event/free-admission-nights-2-2-3-2-4/2028-08-09/,,,Free,"{""currency_symbol"":""$"",""currency_code"":""USD"",""currency_position"":""prefix"",""values"":[""0""]}","[{""id"":372,""name"":""Free"",""slug"":""free"",""parent"":0}]",[],"{""id"":8027,""global_id"":""www.mintmuseum.org?id=8027"",""venue"":""Mint Museum Uptown & Randolph"",""city"":""Charlotte"",""country"":""United States"",""state"":""NC"",""url"":""https://www.mintmuseum.org/venue/uptown-randolph/"",""geo_lat"":35.2270869,""geo_lng"":-80.8431267,""show_map"":false,""show_map_link"":false}",[],"The Mint Museum is FREE from 5-9 PM on Wednesdays! For up to date hours, please visit our events calendar mintmuseum.org/events Free Wednesday Evenings is generously presented by Publix Super Market Charities.",,"{""url"":""https://www.mintmuseum.org/wp-content/uploads/2023/12/free-wednesday-evenings-group-in-gallery.jpg"",""id"":62997,""extension"":""jpg"",""width"":1920,""height"":1080}",[],false,false,,,2025-12-12 11:36:01,2025-12-12 16:36:01,true,true,,,
2026-09-30T20:45:37Z,mintmuseum.org,https://www.mintmuseum.org/wp-json/tribe/events/v1/events,18,10004656,www.mintmuseum.org?id=10004656,Lewis Family Gallery,2028-08-09 17:00:00,2028-08-09 21:00:00,2028-08-09 20:00:00,2028-08-10 00:00:00,America/New_York,false,false,publish,https://www.mintmuseum.org/event/lewis-family-gallery-10/2028-08-09/,,,Included with general admission,"{""currency_symbol"":""$"",""currency_code"":""USD"",""currency_position"":""prefix"",""values"":[""included-with-general-admission""]}","[{""id"":29,""name"":""Family Friendly"",""slug"":""family-friendly"",""parent"":0},{""id"":372,""name"":""Free"",""slug"":""free"",""parent"":0}]",[],"{""id"":5337,""global_id"":""www.mintmuseum.org?id=5337"",""venue"":""Mint Museum Uptown"",""url"":""https://www.mintmuseum.org/venue/mint-museum-uptown/"",""geo_lat"":35.224305,""geo_lng"":-80.848151,""show_map"":true,""show_map_link"":true}","[{""id"":54883,""global_id"":""www.mintmuseum.org?id=54883"",""organizer"":""Leslie Strauss"",""url"":""https://www.mintmuseum.org/organizer/leslie-strauss-2/"",""phone"":""704-337-2050"",""email"":""leslie.strauss@mintmuseum.org""}]","Visitors of all ages can play, explore, and learn about the museum collection in the Lewis Family Gallery. This hands-on space provides a creative environment for making art, engaging in building and puzzle challenges, posing for pictures, and stepping into a Romare Bearden collage playhouse. For the safety of visitors, vigorous cleaning protocols are in place. HOURS: Wednesday: 5-8 PM Friday & Saturday: 11 AM-4 PM Sunday: 1-5 PM",,"{""url"":""https://www.mintmuseum.org/wp-content/uploads/2025/01/children-families-hero-1.jpg"",""id"":63445,""extension"":""jpg"",""width"":880,""height"":400}",[],false,false,,,2025-11-25 15:13:52,2025-11-25 20:13:52,true,true,,,
2026-09-30T20:45:37Z,mintmuseum.org,https://www.mintmuseum.org/wp-json/tribe/events/v1/events,18,10007307,www.mintmuseum.org?id=10007307,Wine on Wednesdays,2028-08-09 17:00:00,2028-08-09 21:00:00,2028-08-09 20:30:00,2028-08-10 00:30:00,America/New_York,false,false,publish,https://www.mintmuseum.org/event/wine-on-wednesdays/2028-08-09/,,,Free,"{""currency_symbol"":""$"",""currency_code"":""USD"",""currency_position"":""prefix"",""values"":[""0""]}","[{""id"":34,""name"":""Adult Programs"",""slug"":""adult-programs"",""parent"":0},{""id"":372,""name"":""Free"",""slug"":""free"",""parent"":0}]",[],"{""id"":5337,""global_id"":""www.mintmuseum.org?id=5337"",""venue"":""Mint Museum Uptown"",""url"":""https://www.mintmuseum.org/venue/mint-museum-uptown/"",""geo_lat"":35.224305,""geo_lng"":-80.848151,""show_map"":true,""show_map_link"":true}","[{""id"":68127,""global_id"":""www.mintmuseum.org?id=68127"",""organizer"":""Mint Museum Store"",""url"":""https://www.mintmuseum.org/organizer/mint-museum-store/"",""website"":""https://store.mintmuseum.org/"",""phone"":""7043372061"",""email"":""valeria.vazquez@mintmuseum.org""}]","Join us every Wednesday at The Mint Museum Uptown Store for our beloved Wine on Wednesday event. Sip and shop your way through the evening with $5 glasses of wine, great company, and our incredible selection of items. 🍷 Bar open: 5–8:30 PM | $5 glasses 🛍️ Store open until 9 PM through January.",,"{""url"":""https://www.mintmuseum.org/wp-content/uploads/2026/07/Wine-on-Wednesdays.jpg"",""id"":68139,""extension"":""jpg"",""width"":2048,""height"":1152}",[],false,false,,,2026-07-29 16:07:25,2026-07-29 20:07:25,true,true,,,
2026-09-30T20:45:37Z,petrasbar.com,http://www.petrasbar.com/wp-json/tribe/events/v1/events,5,10002791,petrasbar.com?id=10002791,Karaoke with Klaytastic,2028-08-09 19:00:00,2028-08-09 23:00:00,2028-08-09 19:00:00,2028-08-09 23:00:00,UTC-5,false,false,publish,https://petrasbar.com/event/fckn-karaoke-2022-02-23-2023-08-16-2024-01-24-3-2/2028-08-09/,,,,"{""currency_symbol"":"""",""currency_code"":"""",""currency_position"":"""",""values"":[]}","[{""id"":20,""name"":""Featured"",""slug"":""featured"",""parent"":0},{""id"":21,""name"":""Karaoke"",""slug"":""karaoke"",""parent"":0},{""id"":23,""name"":""Live Music"",""slug"":""music"",""parent"":0}]",[],"{""id"":12652,""global_id"":""petrasbar.com?id=12652"",""venue"":""Petra’s"",""address"":""1919 Commonwealth Avenue"",""city"":""Charlotte"",""country"":""United States"",""province"":""NC"",""state"":""NC"",""zip"":""28205"",""url"":""https://petrasbar.com/venue/petras-2/"",""show_map"":true,""show_map_link"":true}","[{""id"":421,""global_id"":""petrasbar.com?id=421"",""organizer"":""Petra’s"",""url"":""https://petrasbar.com/organizer/petras-bar/""}]",Every Wednesday at Petra’s is the best karaoke party in Charlotte. With host @klaytastic! 7pm-9pm | No Cover 9pm Until | $5 | 21+ (No Exceptions),,"{""url"":""https://petrasbar.com/wp-content/uploads/2025/11/New_Klaytastic-Mailchimp.png"",""id"":38174,""extension"":""png"",""width"":600,""height"":300}",[],false,false,,,2026-06-30 17:46:42,2026-06-30 21:46:42,true,true,,,
2026-09-30T20:45:37Z,mintmuseum.org,https://www.mintmuseum.org/wp-json/tribe/events/v1/events,18,10004916,www.mintmuseum.org?id=10004916,Lewis Family Gallery,2028-08-11 11:00:00,2028-08-11 15:00:00,2028-08-11 16:00:00,2028-08-11 20:00:00,America/New_York,false,false,publish,https://www.mintmuseum.org/event/lewis-family-gallery-2/2028-08-11/,,,Included with general admission,"{""currency_symbol"":""$"",""currency_code"":""USD"",""currency_position"":""prefix"",""values"":[""included-with-general-admission""]}","[{""id"":29,""name"":""Family Friendly"",""slug"":""family-friendly"",""parent"":0},{""id"":372,""name"":""Free"",""slug"":""free"",""parent"":0}]",[],"{""id"":5337,""global_id"":""www.mintmuseum.org?id=5337"",""venue"":""Mint Museum Uptown"",""url"":""https://www.mintmuseum.org/venue/mint-museum-uptown/"",""geo_lat"":35.224305,""geo_lng"":-80.848151,""show_map"":true,""show_map_link"":true}","[{""id"":54883,""global_id"":""www.mintmuseum.org?id=54883"",""organizer"":""Leslie Strauss"",""url"":""https://www.mintmuseum.org/organizer/leslie-strauss-2/"",""phone"":""704-337-2050"",""email"":""leslie.strauss@mintmuseum.org""}]","Visitors of all ages can play, explore, and learn about the museum collection in the Lewis Family Gallery. This hands-on space provides a creative environment for making art, engaging in building and puzzle challenges, posing for pictures, and stepping into a Romare Bearden collage playhouse. For the safety of visitors, vigorous cleaning protocols are in place. HOURS: Wednesday: 5-8 PM Friday & Saturday: 11 AM-4 PM Sunday: 1-5 PM",,"{""url"":""https://www.mintmuseum.org/wp-content/uploads/2025/01/children-families-hero-1.jpg"",""id"":63445,""extension"":""jpg"",""width"":880,""height"":400}",[],false,false,,,2025-01-17 11:20:40,2025-01-17 16:20:40,true,true,,,
2026-09-30T20:45:37Z,mintmuseum.org,https://www.mintmuseum.org/wp-json/tribe/events/v1/events,18,10002076,www.mintmuseum.org?id=10002076,Yoga on the Lawn,2028-08-12 10:00:00,2028-08-12 10:00:00,2028-08-12 11:00:00,2028-08-12 11:00:00,UTC+0,false,false,publish,https://www.mintmuseum.org/event/yoga-at-the-mint-3-2-2-3-2-2/2028-08-12/,,,Free – $10,"{""currency_symbol"":""$"",""currency_code"":""USD"",""currency_position"":""prefix"",""values"":[""0"",""10""]}","[{""id"":56,""name"":""All"",""slug"":""all"",""parent"":0},{""id"":18,""name"":""Members"",""slug"":""members"",""parent"":0}]","[{""name"":""yoga at the mint"",""slug"":""yoga-at-the-mint"",""term_group"":0,""term_taxonomy_id"":850,""taxonomy"":""post_tag"",""description"":"""",""parent"":0,""count"":16,""filter"":""raw"",""term_order"":""0"",""id"":850,""urls"":{""self"":""https://www.mintmuseum.org/wp-json/tribe/events/v1/tags/850"",""collection"":""https://www.mintmuseum.org/wp-json/tribe/events/v1/tags""}},{""name"":""yoga on the lawn"",""slug"":""yoga-on-the-lawn"",""term_group"":0,""term_taxonomy_id"":853,""taxonomy"":""post_tag"",""description"":"""",""parent"":0,""count"":15,""filter"":""raw"",""term_order"":""0"",""id"":853,""urls"":{""self"":""https://www.mintmuseum.org/wp-json/tribe/events/v1/tags/853"",""collection"":""https://www.mintmuseum.org/wp-json/tribe/events/v1/tags""}}]","{""id"":5313,""global_id"":""www.mintmuseum.org?id=5313"",""venue"":""Mint Museum Randolph"",""url"":""https://www.mintmuseum.org/venue/mint-museum-randolph/"",""geo_lat"":35.1973424,""geo_lng"":-80.8146806,""show_map"":true,""show_map_link"":true}",[],"Participate in a one-hour yoga class with Dancing Lotus Yoga + Art on select Saturdays on the front lawn, or indoors, at Mint Museum Randolph (weather permitting). Classes are free for Mint members and $10 for nonmembers. During the winter months, this class will be hosted inside Mint Museum Randolph. Members, please contact Alex Gutierrez Mendez, Membership Services Manager, for the online code for free yoga at alex.gutierrez@mintmuseum.org. Registration is required. Register through Dancing Lotus Yoga + Arts here.",,"{""url"":""https://www.mintmuseum.org/wp-content/uploads/2023/09/Yoga-on-the-Lawn.jpg"",""id"":64053,""extension"":""jpg"",""width"":1920,""height"":1080}","{""_ecp_custom_2"":{""label"":""Tickets Link"",""value"":""https://www.dancinglotusnc.com/book-online""},""_ecp_custom_3"":{""label"":""Tickets Link Text"",""value"":""Register here""}}",false,false,,,2025-03-24 16:29:34,2025-03-24 20:29:34,true,true,,,
2026-09-30T20:45:37Z,mintmuseum.org,https://www.mintmuseum.org/wp-json/tribe/events/v1/events,18,10005434,www.mintmuseum.org?id=10005434,Lewis Family Gallery,2028-08-12 11:00:00,2028-08-12 15:00:00,2028-08-12 16:00:00,2028-08-12 20:00:00,America/New_York,false,false,publish,https://www.mintmuseum.org/event/lewis-family-gallery-3/2028-08-12/,,,Included with general admission,"{""currency_symbol"":""$"",""currency_code"":""USD"",""currency_position"":""prefix"",""values"":[""included-with-general-admission""]}","[{""id"":29,""name"":""Family Friendly"",""slug"":""family-friendly"",""parent"":0},{""id"":372,""name"":""Free"",""slug"":""free"",""parent"":0}]",[],"{""id"":5337,""global_id"":""www.mintmuseum.org?id=5337"",""venue"":""Mint Museum Uptown"",""url"":""https://www.mintmuseum.org/venue/mint-museum-uptown/"",""geo_lat"":35.224305,""geo_lng"":-80.848151,""show_map"":true,""show_map_link"":true}","[{""id"":54883,""global_id"":""www.mintmuseum.org?id=54883"",""organizer"":""Leslie Strauss"",""url"":""https://www.mintmuseum.org/organizer/leslie-strauss-2/"",""phone"":""704-337-2050"",""email"":""leslie.strauss@mintmuseum.org""}]","Visitors of all ages can play, explore, and learn about the museum collection in the Lewis Family Gallery. This hands-on space provides a creative environment for making art, engaging in building and puzzle challenges, posing for pictures, and stepping into a Romare Bearden collage playhouse. For the safety of visitors, vigorous cleaning protocols are in place. HOURS: Wednesday: 5-8 PM Friday & Saturday: 11 AM-4 PM Sunday: 1-5 PM",,"{""url"":""https://www.mintmuseum.org/wp-content/uploads/2025/01/children-families-hero-1.jpg"",""id"":63445,""extension"":""jpg"",""width"":880,""height"":400}",[],false,false,,,2025-01-17 11:22:09,2025-01-17 16:22:09,true,true,,,
2026-09-30T20:45:37Z,mintmuseum.org,https://www.mintmuseum.org/wp-json/tribe/events/v1/events,18,10005952,www.mintmuseum.org?id=10005952,Lewis Family Gallery,2028-08-13 13:00:00,2028-08-13 17:00:00,2028-08-13 17:00:00,2028-08-13 21:00:00,America/New_York,false,false,publish,https://www.mintmuseum.org/event/lewis-family-gallery-4/2028-08-13/,,,Included with general admission,"{""currency_symbol"":""$"",""currency_code"":""USD"",""currency_position"":""prefix"",""values"":[""included-with-general-admission""]}","[{""id"":29,""name"":""Family Friendly"",""slug"":""family-friendly"",""parent"":0},{""id"":372,""name"":""Free"",""slug"":""free"",""parent"":0}]",[],"{""id"":5337,""global_id"":""www.mintmuseum.org?id=5337"",""venue"":""Mint Museum Uptown"",""url"":""https://www.mintmuseum.org/venue/mint-museum-uptown/"",""geo_lat"":35.224305,""geo_lng"":-80.848151,""show_map"":true,""show_map_link"":true}","[{""id"":54883,""global_id"":""www.mintmuseum.org?id=54883"",""organizer"":""Leslie Strauss"",""url"":""https://www.mintmuseum.org/organizer/leslie-strauss-2/"",""phone"":""704-337-2050"",""email"":""leslie.strauss@mintmuseum.org""}]","Visitors of all ages can play, explore, and learn about the museum collection in the Lewis Family Gallery. This hands-on space provides a creative environment for making art, engaging in building and puzzle challenges, posing for pictures, and stepping into a Romare Bearden collage playhouse. For the safety of visitors, vigorous cleaning protocols are in place. HOURS: Wednesday: 5-8 PM Friday & Saturday: 11 AM-4 PM Sunday: 1-5 PM",,"{""url"":""https://www.mintmuseum.org/wp-content/uploads/2025/01/children-families-hero-1.jpg"",""id"":63445,""extension"":""jpg"",""width"":880,""height"":400}",[],false,false,,,2025-01-17 11:23:14,2025-01-17 16:23:14,true,true,,,
2026-09-30T20:45:37Z,petrasbar.com,http://www.petrasbar.com/wp-json/tribe/events/v1/events,5,10002353,petrasbar.com?id=10002353,The Bill Hanna Legacy Jazz Session,2028-08-14 19:30:00,2028-08-14 23:30:00,2028-08-14 19:30:00,2028-08-14 23:30:00,UTC-5,false,false,publish,https://petrasbar.com/event/bill-hannas-jazz-session-2024-01-08-2024-01-08-2024-01-15-2/2028-08-14/,https://www.eventbrite.com/e/the-bill-hanna-legacy-jazz-session-tickets-1979869722637,,,"{""currency_symbol"":"""",""currency_code"":"""",""currency_position"":"""",""values"":[]}","[{""id"":20,""name"":""Featured"",""slug"":""featured"",""parent"":0},{""id"":23,""name"":""Live Music"",""slug"":""music"",""parent"":0},{""id"":25,""name"":""Shows"",""slug"":""shows"",""parent"":0}]",[],"{""id"":12652,""global_id"":""petrasbar.com?id=12652"",""venue"":""Petra’s"",""address"":""1919 Commonwealth Avenue"",""city"":""Charlotte"",""country"":""United States"",""province"":""NC"",""state"":""NC"",""zip"":""28205"",""url"":""https://petrasbar.com/venue/petras-2/"",""show_map"":true,""show_map_link"":true}","[{""id"":421,""global_id"":""petrasbar.com?id=421"",""organizer"":""Petra’s"",""url"":""https://petrasbar.com/organizer/petras-bar/""}]","Doors: 7pm Music: 7:30pm – 10pm Tickets: $7 Advance (plus online fees) | $10 At the door • 21+ Bill Hanna was a legend in Charlotte. He was the godfather of Jazz and we’re keeping his legacy alive each and every Monday night. Come join us to see some of Charlotte’s best musicians perform in an intimate setting. Limited seating is 1st come 1st serve. If you’re able to stand, please give your seat to someone who can’t.",,"{""url"":""https://petrasbar.com/wp-content/uploads/2021/06/Hanna_2008_dcoston2.jpeg"",""id"":26780,""extension"":""jpeg"",""width"":2354,""height"":1776}",[],false,false,,,2026-01-06 10:34:53,2026-01-06 15:34:53,true,true,,,
2026-09-30T20:45:37Z,mintmuseum.org,https://www.mintmuseum.org/wp-json/tribe/events/v1/events,18,10002870,www.mintmuseum.org?id=10002870,Yoga at the Mint,2028-08-15 17:15:00,2028-08-15 17:15:00,2028-08-15 18:15:00,2028-08-15 18:15:00,UTC+0,false,false,publish,https://www.mintmuseum.org/event/yoga-at-the-mint-2-4-2-2-2-2-3-3/2028-08-15/,,,Free – $10,"{""currency_symbol"":""$"",""currency_code"":""USD"",""currency_position"":""prefix"",""values"":[""0"",""10""]}","[{""id"":56,""name"":""All"",""slug"":""all"",""parent"":0},{""id"":18,""name"":""Members"",""slug"":""members"",""parent"":0}]",[],"{""id"":5337,""global_id"":""www.mintmuseum.org?id=5337"",""venue"":""Mint Museum Uptown"",""url"":""https://www.mintmuseum.org/venue/mint-museum-uptown/"",""geo_lat"":35.224305,""geo_lng"":-80.848151,""show_map"":true,""show_map_link"":true}",[],"Participate in a one-hour yoga class with Dancing Lotus Yoga + Arts every Tuesday from 5:15-6:15 PM at Mint Museum Uptown. Classes are free for Mint members and $10 for nonmembers. Members, please contact Alex Gutierrez Mendez, Membership Services Manager, for the online code for free yoga at alex.gutierrez@mintmuseum.org. Registration is required. Register through Dancing Lotus Yoga + Arts here.",,"{""url"":""https://www.mintmuseum.org/wp-content/uploads/2023/09/Yoga-at-the-MInt-3.jpg"",""id"":64052,""extension"":""jpg"",""width"":1920,""height"":1080}","{""_ecp_custom_2"":{""label"":""Tickets Link"",""value"":""https://www.dancinglotusnc.com/book-online""},""_ecp_custom_3"":{""label"":""Tickets Link Text"",""value"":""Register here""}}",false,false,,,2026-02-23 15:38:57,2026-02-23 20:38:57,true,true,,,
2026-09-30T20:45:37Z,mintmuseum.org,https://www.mintmuseum.org/wp-json/tribe/events/v1/events,18,10002837,www.mintmuseum.org?id=10002837,Free Wednesday Evenings,2028-08-16 17:00:00,2028-08-16 21:00:00,2028-08-16 21:00:00,2028-08-17 01:00:00,America/New_York,false,false,publish,https://www.mintmuseum.org/event/free-admission-nights-2-2-3-2-4/2028-08-16/,,,Free,"{""currency_symbol"":""$"",""currency_code"":""USD"",""currency_position"":""prefix"",""values"":[""0""]}","[{""id"":372,""name"":""Free"",""slug"":""free"",""parent"":0}]",[],"{""id"":8027,""global_id"":""www.mintmuseum.org?id=8027"",""venue"":""Mint Museum Uptown & Randolph"",""city"":""Charlotte"",""country"":""United States"",""state"":""NC"",""url"":""https://www.mintmuseum.org/venue/uptown-randolph/"",""geo_lat"":35.2270869,""geo_lng"":-80.8431267,""show_map"":false,""show_map_link"":false}",[],"The Mint Museum is FREE from 5-9 PM on Wednesdays! For up to date hours, please visit our events calendar mintmuseum.org/events Free Wednesday Evenings is generously presented by Publix Super Market Charities.",,"{""url"":""https://www.mintmuseum.org/wp-content/uploads/2023/12/free-wednesday-evenings-group-in-gallery.jpg"",""id"":62997,""extension"":""jpg"",""width"":1920,""height"":1080}",[],false,false,,,2025-12-12 11:36:01,2025-12-12 16:36:01,true,true,,,
2026-09-30T20:45:37Z,mintmuseum.org,https://www.mintmuseum.org/wp-json/tribe/events/v1/events,18,10004657,www.mintmuseum.org?id=10004657,Lewis Family Gallery,2028-08-16 17:00:00,2028-08-16 21:00:00,2028-08-16 20:00:00,2028-08-17 00:00:00,America/New_York,false,false,publish,https://www.mintmuseum.org/event/lewis-family-gallery-10/2028-08-16/,,,Included with general admission,"{""currency_symbol"":""$"",""currency_code"":""USD"",""currency_position"":""prefix"",""values"":[""included-with-general-admission""]}","[{""id"":29,""name"":""Family Friendly"",""slug"":""family-friendly"",""parent"":0},{""id"":372,""name"":""Free"",""slug"":""free"",""parent"":0}]",[],"{""id"":5337,""global_id"":""www.mintmuseum.org?id=5337"",""venue"":""Mint Museum Uptown"",""url"":""https://www.mintmuseum.org/venue/mint-museum-uptown/"",""geo_lat"":35.224305,""geo_lng"":-80.848151,""show_map"":true,""show_map_link"":true}","[{""id"":54883,""global_id"":""www.mintmuseum.org?id=54883"",""organizer"":""Leslie Strauss"",""url"":""https://www.mintmuseum.org/organizer/leslie-strauss-2/"",""phone"":""704-337-2050"",""email"":""leslie.strauss@mintmuseum.org""}]","Visitors of all ages can play, explore, and learn about the museum collection in the Lewis Family Gallery. This hands-on space provides a creative environment for making art, engaging in building and puzzle challenges, posing for pictures, and stepping into a Romare Bearden collage playhouse. For the safety of visitors, vigorous cleaning protocols are in place. HOURS: Wednesday: 5-8 PM Friday & Saturday: 11 AM-4 PM Sunday: 1-5 PM",,"{""url"":""https://www.mintmuseum.org/wp-content/uploads/2025/01/children-families-hero-1.jpg"",""id"":63445,""extension"":""jpg"",""width"":880,""height"":400}",[],false,false,,,2025-11-25 15:13:52,2025-11-25 20:13:52,true,true,,,
2026-09-30T20:45:37Z,mintmuseum.org,https://www.mintmuseum.org/wp-json/tribe/events/v1/events,18,10007308,www.mintmuseum.org?id=10007308,Wine on Wednesdays,2028-08-16 17:00:00,2028-08-16 21:00:00,2028-08-16 20:30:00,2028-08-17 00:30:00,America/New_York,false,false,publish,https://www.mintmuseum.org/event/wine-on-wednesdays/2028-08-16/,,,Free,"{""currency_symbol"":""$"",""currency_code"":""USD"",""currency_position"":""prefix"",""values"":[""0""]}","[{""id"":34,""name"":""Adult Programs"",""slug"":""adult-programs"",""parent"":0},{""id"":372,""name"":""Free"",""slug"":""free"",""parent"":0}]",[],"{""id"":5337,""global_id"":""www.mintmuseum.org?id=5337"",""venue"":""Mint Museum Uptown"",""url"":""https://www.mintmuseum.org/venue/mint-museum-uptown/"",""geo_lat"":35.224305,""geo_lng"":-80.848151,""show_map"":true,""show_map_link"":true}","[{""id"":68127,""global_id"":""www.mintmuseum.org?id=68127"",""organizer"":""Mint Museum Store"",""url"":""https://www.mintmuseum.org/organizer/mint-museum-store/"",""website"":""https://store.mintmuseum.org/"",""phone"":""7043372061"",""email"":""valeria.vazquez@mintmuseum.org""}]","Join us every Wednesday at The Mint Museum Uptown Store for our beloved Wine on Wednesday event. Sip and shop your way through the evening with $5 glasses of wine, great company, and our incredible selection of items. 🍷 Bar open: 5–8:30 PM | $5 glasses 🛍️ Store open until 9 PM through January.",,"{""url"":""https://www.mintmuseum.org/wp-content/uploads/2026/07/Wine-on-Wednesdays.jpg"",""id"":68139,""extension"":""jpg"",""width"":2048,""height"":1152}",[],false,false,,,2026-07-29 16:07:25,2026-07-29 20:07:25,true,true,,,
2026-09-30T20:45:37Z,mintmuseum.org,https://www.mintmuseum.org/wp-json/tribe/events/v1/events,18,10006996,www.mintmuseum.org?id=10006996,Let the Music Play: Steinway Residency Series,2028-08-16 18:00:00,2028-08-16 22:00:00,2028-08-16 18:45:00,2028-08-16 22:45:00,America/New_York,false,false,publish,https://www.mintmuseum.org/event/let-the-music-play-steinway-residency-series/2028-08-16/,,,Free,"{""currency_symbol"":""$"",""currency_code"":""USD"",""currency_position"":""prefix"",""values"":[""0""]}","[{""id"":372,""name"":""Free"",""slug"":""free"",""parent"":0}]","[{""name"":""Free Wednesday Evenings"",""slug"":""free-wednesday-evenings"",""term_group"":0,""term_taxonomy_id"":1208,""taxonomy"":""post_tag"",""description"":"""",""parent"":0,""count"":4,""filter"":""raw"",""term_order"":""0"",""id"":1208,""urls"":{""self"":""https://www.mintmuseum.org/wp-json/tribe/events/v1/tags/1208"",""collection"":""https://www.mintmuseum.org/wp-json/tribe/events/v1/tags""}},{""name"":""Piano"",""slug"":""piano"",""term_group"":0,""term_taxonomy_id"":1207,""taxonomy"":""post_tag"",""description"":"""",""parent"":0,""count"":4,""filter"":""raw"",""term_order"":""0"",""id"":1207,""urls"":{""self"":""https://www.mintmuseum.org/wp-json/tribe/events/v1/tags/1207"",""collection"":""https://www.mintmuseum.org/wp-json/tribe/events/v1/tags""}},{""name"":""steinway"",""slug"":""steinway"",""term_group"":0,""term_taxonomy_id"":1221,""taxonomy"":""post_tag"",""description"":"""",""parent"":0,""count"":3,""filter"":""raw"",""term_order"":""0"",""id"":1221,""urls"":{""self"":""https://www.mintmuseum.org/wp-json/tribe/events/v1/tags/1221"",""collection"":""https://www.mintmuseum.org/wp-json/tribe/events/v1/tags""}}]","{""id"":5337,""global_id"":""www.mintmuseum.org?id=5337"",""venue"":""Mint Museum Uptown"",""url"":""https://www.mintmuseum.org/venue/mint-museum-uptown/"",""geo_lat"":35.224305,""geo_lng"":-80.848151,""show_map"":true,""show_map_link"":true}","[{""id"":49042,""global_id"":""www.mintmuseum.org?id=49042"",""organizer"":""Maggie Kapitan"",""url"":""https://www.mintmuseum.org/organizer/maggie-burgan/"",""email"":""maggie.kapitan@mintmuseum.org""}]","In collaboration with the Steinway Piano Gallery, the Mint is bringing the thrill of piano music to Mint Museum Uptown. Every third Wednesday of the month, a rotating lineup of talented local and regional pianists will fill the museum space with piano performances. Performances will take place 6–6:45 PM and as part of Free Wednesday Evenings, giving visitors time to enjoy the music, explore the galleries that are open until 9 p.m. every Wednesday, and still have time to enjoy dinner at Mariposa at the Mint. The series is presented by First Horizon Bank.",,false,[],false,false,,,2026-07-21 16:40:26,2026-07-21 20:40:26,true,true,,,
2026-09-30T20:45:37Z,petrasbar.com,http://www.petrasbar.com/wp-json/tribe/events/v1/events,5,10002792,petrasbar.com?id=10002792,Karaoke with Klaytastic,2028-08-16 19:00:00,2028-08-16 23:00:00,2028-08-16 19:00:00,2028-08-16 23:00:00,UTC-5,false,false,publish,https://petrasbar.com/event/fckn-karaoke-2022-02-23-2023-08-16-2024-01-24-3-2/2028-08-16/,,,,"{""currency_symbol"":"""",""currency_code"":"""",""currency_position"":"""",""values"":[]}","[{""id"":20,""name"":""Featured"",""slug"":""featured"",""parent"":0},{""id"":21,""name"":""Karaoke"",""slug"":""karaoke"",""parent"":0},{""id"":23,""name"":""Live Music"",""slug"":""music"",""parent"":0}]",[],"{""id"":12652,""global_id"":""petrasbar.com?id=12652"",""venue"":""Petra’s"",""address"":""1919 Commonwealth Avenue"",""city"":""Charlotte"",""country"":""United States"",""province"":""NC"",""state"":""NC"",""zip"":""28205"",""url"":""https://petrasbar.com/venue/petras-2/"",""show_map"":true,""show_map_link"":true}","[{""id"":421,""global_id"":""petrasbar.com?id=421"",""organizer"":""Petra’s"",""url"":""https://petrasbar.com/organizer/petras-bar/""}]",Every Wednesday at Petra’s is the best karaoke party in Charlotte. With host @klaytastic! 7pm-9pm | No Cover 9pm Until | $5 | 21+ (No Exceptions),,"{""url"":""https://petrasbar.com/wp-content/uploads/2025/11/New_Klaytastic-Mailchimp.png"",""id"":38174,""extension"":""png"",""width"":600,""height"":300}",[],false,false,,,2026-06-30 17:46:42,2026-06-30 21:46:42,true,true,,,
2026-09-30T20:45:37Z,mintmuseum.org,https://www.mintmuseum.org/wp-json/tribe/events/v1/events,18,10004917,www.mintmuseum.org?id=10004917,Lewis Family Gallery,2028-08-18 11:00:00,2028-08-18 15:00:00,2028-08-18 16:00:00,2028-08-18 20:00:00,America/New_York,false,false,publish,https://www.mintmuseum.org/event/lewis-family-gallery-2/2028-08-18/,,,Included with general admission,"{""currency_symbol"":""$"",""currency_code"":""USD"",""currency_position"":""prefix"",""values"":[""included-with-general-admission""]}","[{""id"":29,""name"":""Family Friendly"",""slug"":""family-friendly"",""parent"":0},{""id"":372,""name"":""Free"",""slug"":""free"",""parent"":0}]",[],"{""id"":5337,""global_id"":""www.mintmuseum.org?id=5337"",""venue"":""Mint Museum Uptown"",""url"":""https://www.mintmuseum.org/venue/mint-museum-uptown/"",""geo_lat"":35.224305,""geo_lng"":-80.848151,""show_map"":true,""show_map_link"":true}","[{""id"":54883,""global_id"":""www.mintmuseum.org?id=54883"",""organizer"":""Leslie Strauss"",""url"":""https://www.mintmuseum.org/organizer/leslie-strauss-2/"",""phone"":""704-337-2050"",""email"":""leslie.strauss@mintmuseum.org""}]","Visitors of all ages can play, explore, and learn about the museum collection in the Lewis Family Gallery. This hands-on space provides a creative environment for making art, engaging in building and puzzle challenges, posing for pictures, and stepping into a Romare Bearden collage playhouse. For the safety of visitors, vigorous cleaning protocols are in place. HOURS: Wednesday: 5-8 PM Friday & Saturday: 11 AM-4 PM Sunday: 1-5 PM",,"{""url"":""https://www.mintmuseum.org/wp-content/uploads/2025/01/children-families-hero-1.jpg"",""id"":63445,""extension"":""jpg"",""width"":880,""height"":400}",[],false,false,,,2025-01-17 11:20:40,2025-01-17 16:20:40,true,true,,,
2026-09-30T20:45:37Z,mintmuseum.org,https://www.mintmuseum.org/wp-json/tribe/events/v1/events,18,10002077,www.mintmuseum.org?id=10002077,Yoga on the Lawn,2028-08-19 10:00:00,2028-08-19 10:00:00,2028-08-19 11:00:00,2028-08-19 11:00:00,UTC+0,false,false,publish,https://www.mintmuseum.org/event/yoga-at-the-mint-3-2-2-3-2-2/2028-08-19/,,,Free – $10,"{""currency_symbol"":""$"",""currency_code"":""USD"",""currency_position"":""prefix"",""values"":[""0"",""10""]}","[{""id"":56,""name"":""All"",""slug"":""all"",""parent"":0},{""id"":18,""name"":""Members"",""slug"":""members"",""parent"":0}]","[{""name"":""yoga at the mint"",""slug"":""yoga-at-the-mint"",""term_group"":0,""term_taxonomy_id"":850,""taxonomy"":""post_tag"",""description"":"""",""parent"":0,""count"":16,""filter"":""raw"",""term_order"":""0"",""id"":850,""urls"":{""self"":""https://www.mintmuseum.org/wp-json/tribe/events/v1/tags/850"",""collection"":""https://www.mintmuseum.org/wp-json/tribe/events/v1/tags""}},{""name"":""yoga on the lawn"",""slug"":""yoga-on-the-lawn"",""term_group"":0,""term_taxonomy_id"":853,""taxonomy"":""post_tag"",""description"":"""",""parent"":0,""count"":15,""filter"":""raw"",""term_order"":""0"",""id"":853,""urls"":{""self"":""https://www.mintmuseum.org/wp-json/tribe/events/v1/tags/853"",""collection"":""https://www.mintmuseum.org/wp-json/tribe/events/v1/tags""}}]","{""id"":5313,""global_id"":""www.mintmuseum.org?id=5313"",""venue"":""Mint Museum Randolph"",""url"":""https://www.mintmuseum.org/venue/mint-museum-randolph/"",""geo_lat"":35.1973424,""geo_lng"":-80.8146806,""show_map"":true,""show_map_link"":true}",[],"Participate in a one-hour yoga class with Dancing Lotus Yoga + Art on select Saturdays on the front lawn, or indoors, at Mint Museum Randolph (weather permitting). Classes are free for Mint members and $10 for nonmembers. During the winter months, this class will be hosted inside Mint Museum Randolph. Members, please contact Alex Gutierrez Mendez, Membership Services Manager, for the online code for free yoga at alex.gutierrez@mintmuseum.org. Registration is required. Register through Dancing Lotus Yoga + Arts here.",,"{""url"":""https://www.mintmuseum.org/wp-content/uploads/2023/09/Yoga-on-the-Lawn.jpg"",""id"":64053,""extension"":""jpg"",""width"":1920,""height"":1080}","{""_ecp_custom_2"":{""label"":""Tickets Link"",""value"":""https://www.dancinglotusnc.com/book-online""},""_ecp_custom_3"":{""label"":""Tickets Link Text"",""value"":""Register here""}}",false,false,,,2025-03-24 16:29:34,2025-03-24 20:29:34,true,true,,,
2026-09-30T20:45:37Z,mintmuseum.org,https://www.mintmuseum.org/wp-json/tribe/events/v1/events,18,10005435,www.mintmuseum.org?id=10005435,Lewis Family Gallery,2028-08-19 11:00:00,2028-08-19 15:00:00,2028-08-19 16:00:00,2028-08-19 20:00:00,America/New_York,false,false,publish,https://www.mintmuseum.org/event/lewis-family-gallery-3/2028-08-19/,,,Included with general admission,"{""currency_symbol"":""$"",""currency_code"":""USD"",""currency_position"":""prefix"",""values"":[""included-with-general-admission""]}","[{""id"":29,""name"":""Family Friendly"",""slug"":""family-friendly"",""parent"":0},{""id"":372,""name"":""Free"",""slug"":""free"",""parent"":0}]",[],"{""id"":5337,""global_id"":""www.mintmuseum.org?id=5337"",""venue"":""Mint Museum Uptown"",""url"":""https://www.mintmuseum.org/venue/mint-museum-uptown/"",""geo_lat"":35.224305,""geo_lng"":-80.848151,""show_map"":true,""show_map_link"":true}","[{""id"":54883,""global_id"":""www.mintmuseum.org?id=54883"",""organizer"":""Leslie Strauss"",""url"":""https://www.mintmuseum.org/organizer/leslie-strauss-2/"",""phone"":""704-337-2050"",""email"":""leslie.strauss@mintmuseum.org""}]","Visitors of all ages can play, explore, and learn about the museum collection in the Lewis Family Gallery. This hands-on space provides a creative environment for making art, engaging in building and puzzle challenges, posing for pictures, and stepping into a Romare Bearden collage playhouse. For the safety of visitors, vigorous cleaning protocols are in place. HOURS: Wednesday: 5-8 PM Friday & Saturday: 11 AM-4 PM Sunday: 1-5 PM",,"{""url"":""https://www.mintmuseum.org/wp-content/uploads/2025/01/children-families-hero-1.jpg"",""id"":63445,""extension"":""jpg"",""width"":880,""height"":400}",[],false,false,,,2025-01-17 11:22:09,2025-01-17 16:22:09,true,true,,,
2026-09-30T20:45:37Z,mintmuseum.org,https://www.mintmuseum.org/wp-json/tribe/events/v1/events,18,10005953,www.mintmuseum.org?id=10005953,Lewis Family Gallery,2028-08-20 13:00:00,2028-08-20 17:00:00,2028-08-20 17:00:00,2028-08-20 21:00:00,America/New_York,false,false,publish,https://www.mintmuseum.org/event/lewis-family-gallery-4/2028-08-20/,,,Included with general admission,"{""currency_symbol"":""$"",""currency_code"":""USD"",""currency_position"":""prefix"",""values"":[""included-with-general-admission""]}","[{""id"":29,""name"":""Family Friendly"",""slug"":""family-friendly"",""parent"":0},{""id"":372,""name"":""Free"",""slug"":""free"",""parent"":0}]",[],"{""id"":5337,""global_id"":""www.mintmuseum.org?id=5337"",""venue"":""Mint Museum Uptown"",""url"":""https://www.mintmuseum.org/venue/mint-museum-uptown/"",""geo_lat"":35.224305,""geo_lng"":-80.848151,""show_map"":true,""show_map_link"":true}","[{""id"":54883,""global_id"":""www.mintmuseum.org?id=54883"",""organizer"":""Leslie Strauss"",""url"":""https://www.mintmuseum.org/organizer/leslie-strauss-2/"",""phone"":""704-337-2050"",""email"":""leslie.strauss@mintmuseum.org""}]","Visitors of all ages can play, explore, and learn about the museum collection in the Lewis Family Gallery. This hands-on space provides a creative environment for making art, engaging in building and puzzle challenges, posing for pictures, and stepping into a Romare Bearden collage playhouse. For the safety of visitors, vigorous cleaning protocols are in place. HOURS: Wednesday: 5-8 PM Friday & Saturday: 11 AM-4 PM Sunday: 1-5 PM",,"{""url"":""https://www.mintmuseum.org/wp-content/uploads/2025/01/children-families-hero-1.jpg"",""id"":63445,""extension"":""jpg"",""width"":880,""height"":400}",[],false,false,,,2025-01-17 11:23:14,2025-01-17 16:23:14,true,true,,,
2026-09-30T20:45:37Z,petrasbar.com,http://www.petrasbar.com/wp-json/tribe/events/v1/events,5,10002354,petrasbar.com?id=10002354,The Bill Hanna Legacy Jazz Session,2028-08-21 19:30:00,2028-08-21 23:30:00,2028-08-21 19:30:00,2028-08-21 23:30:00,UTC-5,false,false,publish,https://petrasbar.com/event/bill-hannas-jazz-session-2024-01-08-2024-01-08-2024-01-15-2/2028-08-21/,https://www.eventbrite.com/e/the-bill-hanna-legacy-jazz-session-tickets-1979869722637,,,"{""currency_symbol"":"""",""currency_code"":"""",""currency_position"":"""",""values"":[]}","[{""id"":20,""name"":""Featured"",""slug"":""featured"",""parent"":0},{""id"":23,""name"":""Live Music"",""slug"":""music"",""parent"":0},{""id"":25,""name"":""Shows"",""slug"":""shows"",""parent"":0}]",[],"{""id"":12652,""global_id"":""petrasbar.com?id=12652"",""venue"":""Petra’s"",""address"":""1919 Commonwealth Avenue"",""city"":""Charlotte"",""country"":""United States"",""province"":""NC"",""state"":""NC"",""zip"":""28205"",""url"":""https://petrasbar.com/venue/petras-2/"",""show_map"":true,""show_map_link"":true}","[{""id"":421,""global_id"":""petrasbar.com?id=421"",""organizer"":""Petra’s"",""url"":""https://petrasbar.com/organizer/petras-bar/""}]","Doors: 7pm Music: 7:30pm – 10pm Tickets: $7 Advance (plus online fees) | $10 At the door • 21+ Bill Hanna was a legend in Charlotte. He was the godfather of Jazz and we’re keeping his legacy alive each and every Monday night. Come join us to see some of Charlotte’s best musicians perform in an intimate setting. Limited seating is 1st come 1st serve. If you’re able to stand, please give your seat to someone who can’t.",,"{""url"":""https://petrasbar.com/wp-content/uploads/2021/06/Hanna_2008_dcoston2.jpeg"",""id"":26780,""extension"":""jpeg"",""width"":2354,""height"":1776}",[],false,false,,,2026-01-06 10:34:53,2026-01-06 15:34:53,true,true,,,
2026-09-30T20:45:37Z,mintmuseum.org,https://www.mintmuseum.org/wp-json/tribe/events/v1/events,18,10002871,www.mintmuseum.org?id=10002871,Yoga at the Mint,2028-08-22 17:15:00,2028-08-22 17:15:00,2028-08-22 18:15:00,2028-08-22 18:15:00,UTC+0,false,false,publish,https://www.mintmuseum.org/event/yoga-at-the-mint-2-4-2-2-2-2-3-3/2028-08-22/,,,Free – $10,"{""currency_symbol"":""$"",""currency_code"":""USD"",""currency_position"":""prefix"",""values"":[""0"",""10""]}","[{""id"":56,""name"":""All"",""slug"":""all"",""parent"":0},{""id"":18,""name"":""Members"",""slug"":""members"",""parent"":0}]",[],"{""id"":5337,""global_id"":""www.mintmuseum.org?id=5337"",""venue"":""Mint Museum Uptown"",""url"":""https://www.mintmuseum.org/venue/mint-museum-uptown/"",""geo_lat"":35.224305,""geo_lng"":-80.848151,""show_map"":true,""show_map_link"":true}",[],"Participate in a one-hour yoga class with Dancing Lotus Yoga + Arts every Tuesday from 5:15-6:15 PM at Mint Museum Uptown. Classes are free for Mint members and $10 for nonmembers. Members, please contact Alex Gutierrez Mendez, Membership Services Manager, for the online code for free yoga at alex.gutierrez@mintmuseum.org. Registration is required. Register through Dancing Lotus Yoga + Arts here.",,"{""url"":""https://www.mintmuseum.org/wp-content/uploads/2023/09/Yoga-at-the-MInt-3.jpg"",""id"":64052,""extension"":""jpg"",""width"":1920,""height"":1080}","{""_ecp_custom_2"":{""label"":""Tickets Link"",""value"":""https://www.dancinglotusnc.com/book-online""},""_ecp_custom_3"":{""label"":""Tickets Link Text"",""value"":""Register here""}}",false,false,,,2026-02-23 15:38:57,2026-02-23 20:38:57,true,true,,,
2026-09-30T20:45:37Z,mintmuseum.org,https://www.mintmuseum.org/wp-json/tribe/events/v1/events,18,10002838,www.mintmuseum.org?id=10002838,Free Wednesday Evenings,2028-08-23 17:00:00,2028-08-23 21:00:00,2028-08-23 21:00:00,2028-08-24 01:00:00,America/New_York,false,false,publish,https://www.mintmuseum.org/event/free-admission-nights-2-2-3-2-4/2028-08-23/,,,Free,"{""currency_symbol"":""$"",""currency_code"":""USD"",""currency_position"":""prefix"",""values"":[""0""]}","[{""id"":372,""name"":""Free"",""slug"":""free"",""parent"":0}]",[],"{""id"":8027,""global_id"":""www.mintmuseum.org?id=8027"",""venue"":""Mint Museum Uptown & Randolph"",""city"":""Charlotte"",""country"":""United States"",""state"":""NC"",""url"":""https://www.mintmuseum.org/venue/uptown-randolph/"",""geo_lat"":35.2270869,""geo_lng"":-80.8431267,""show_map"":false,""show_map_link"":false}",[],"The Mint Museum is FREE from 5-9 PM on Wednesdays! For up to date hours, please visit our events calendar mintmuseum.org/events Free Wednesday Evenings is generously presented by Publix Super Market Charities.",,"{""url"":""https://www.mintmuseum.org/wp-content/uploads/2023/12/free-wednesday-evenings-group-in-gallery.jpg"",""id"":62997,""extension"":""jpg"",""width"":1920,""height"":1080}",[],false,false,,,2025-12-12 11:36:01,2025-12-12 16:36:01,true,true,,,
2026-09-30T20:45:37Z,mintmuseum.org,https://www.mintmuseum.org/wp-json/tribe/events/v1/events,18,10004658,www.mintmuseum.org?id=10004658,Lewis Family Gallery,2028-08-23 17:00:00,2028-08-23 21:00:00,2028-08-23 20:00:00,2028-08-24 00:00:00,America/New_York,false,false,publish,https://www.mintmuseum.org/event/lewis-family-gallery-10/2028-08-23/,,,Included with general admission,"{""currency_symbol"":""$"",""currency_code"":""USD"",""currency_position"":""prefix"",""values"":[""included-with-general-admission""]}","[{""id"":29,""name"":""Family Friendly"",""slug"":""family-friendly"",""parent"":0},{""id"":372,""name"":""Free"",""slug"":""free"",""parent"":0}]",[],"{""id"":5337,""global_id"":""www.mintmuseum.org?id=5337"",""venue"":""Mint Museum Uptown"",""url"":""https://www.mintmuseum.org/venue/mint-museum-uptown/"",""geo_lat"":35.224305,""geo_lng"":-80.848151,""show_map"":true,""show_map_link"":true}","[{""id"":54883,""global_id"":""www.mintmuseum.org?id=54883"",""organizer"":""Leslie Strauss"",""url"":""https://www.mintmuseum.org/organizer/leslie-strauss-2/"",""phone"":""704-337-2050"",""email"":""leslie.strauss@mintmuseum.org""}]","Visitors of all ages can play, explore, and learn about the museum collection in the Lewis Family Gallery. This hands-on space provides a creative environment for making art, engaging in building and puzzle challenges, posing for pictures, and stepping into a Romare Bearden collage playhouse. For the safety of visitors, vigorous cleaning protocols are in place. HOURS: Wednesday: 5-8 PM Friday & Saturday: 11 AM-4 PM Sunday: 1-5 PM",,"{""url"":""https://www.mintmuseum.org/wp-content/uploads/2025/01/children-families-hero-1.jpg"",""id"":63445,""extension"":""jpg"",""width"":880,""height"":400}",[],false,false,,,2025-11-25 15:13:52,2025-11-25 20:13:52,true,true,,,
2026-09-30T20:45:37Z,mintmuseum.org,https://www.mintmuseum.org/wp-json/tribe/events/v1/events,18,10007309,www.mintmuseum.org?id=10007309,Wine on Wednesdays,2028-08-23 17:00:00,2028-08-23 21:00:00,2028-08-23 20:30:00,2028-08-24 00:30:00,America/New_York,false,false,publish,https://www.mintmuseum.org/event/wine-on-wednesdays/2028-08-23/,,,Free,"{""currency_symbol"":""$"",""currency_code"":""USD"",""currency_position"":""prefix"",""values"":[""0""]}","[{""id"":34,""name"":""Adult Programs"",""slug"":""adult-programs"",""parent"":0},{""id"":372,""name"":""Free"",""slug"":""free"",""parent"":0}]",[],"{""id"":5337,""global_id"":""www.mintmuseum.org?id=5337"",""venue"":""Mint Museum Uptown"",""url"":""https://www.mintmuseum.org/venue/mint-museum-uptown/"",""geo_lat"":35.224305,""geo_lng"":-80.848151,""show_map"":true,""show_map_link"":true}","[{""id"":68127,""global_id"":""www.mintmuseum.org?id=68127"",""organizer"":""Mint Museum Store"",""url"":""https://www.mintmuseum.org/organizer/mint-museum-store/"",""website"":""https://store.mintmuseum.org/"",""phone"":""7043372061"",""email"":""valeria.vazquez@mintmuseum.org""}]","Join us every Wednesday at The Mint Museum Uptown Store for our beloved Wine on Wednesday event. Sip and shop your way through the evening with $5 glasses of wine, great company, and our incredible selection of items. 🍷 Bar open: 5–8:30 PM | $5 glasses 🛍️ Store open until 9 PM through January.",,"{""url"":""https://www.mintmuseum.org/wp-content/uploads/2026/07/Wine-on-Wednesdays.jpg"",""id"":68139,""extension"":""jpg"",""width"":2048,""height"":1152}",[],false,false,,,2026-07-29 16:07:25,2026-07-29 20:07:25,true,true,,,
2026-09-30T20:45:37Z,petrasbar.com,http://www.petrasbar.com/wp-json/tribe/events/v1/events,5,10002793,petrasbar.com?id=10002793,Karaoke with Klaytastic,2028-08-23 19:00:00,2028-08-23 23:00:00,2028-08-23 19:00:00,2028-08-23 23:00:00,UTC-5,false,false,publish,https://petrasbar.com/event/fckn-karaoke-2022-02-23-2023-08-16-2024-01-24-3-2/2028-08-23/,,,,"{""currency_symbol"":"""",""currency_code"":"""",""currency_position"":"""",""values"":[]}","[{""id"":20,""name"":""Featured"",""slug"":""featured"",""parent"":0},{""id"":21,""name"":""Karaoke"",""slug"":""karaoke"",""parent"":0},{""id"":23,""name"":""Live Music"",""slug"":""music"",""parent"":0}]",[],"{""id"":12652,""global_id"":""petrasbar.com?id=12652"",""venue"":""Petra’s"",""address"":""1919 Commonwealth Avenue"",""city"":""Charlotte"",""country"":""United States"",""province"":""NC"",""state"":""NC"",""zip"":""28205"",""url"":""https://petrasbar.com/venue/petras-2/"",""show_map"":true,""show_map_link"":true}","[{""id"":421,""global_id"":""petrasbar.com?id=421"",""organizer"":""Petra’s"",""url"":""https://petrasbar.com/organizer/petras-bar/""}]",Every Wednesday at Petra’s is the best karaoke party in Charlotte. With host @klaytastic! 7pm-9pm | No Cover 9pm Until | $5 | 21+ (No Exceptions),,"{""url"":""https://petrasbar.com/wp-content/uploads/2025/11/New_Klaytastic-Mailchimp.png"",""id"":38174,""extension"":""png"",""width"":600,""height"":300}",[],false,false,,,2026-06-30 17:46:42,2026-06-30 21:46:42,true,true,,,
2026-09-30T20:45:37Z,mintmuseum.org,https://www.mintmuseum.org/wp-json/tribe/events/v1/events,18,10004918,www.mintmuseum.org?id=10004918,Lewis Family Gallery,2028-08-25 11:00:00,2028-08-25 15:00:00,2028-08-25 16:00:00,2028-08-25 20:00:00,America/New_York,false,false,publish,https://www.mintmuseum.org/event/lewis-family-gallery-2/2028-08-25/,,,Included with general admission,"{""currency_symbol"":""$"",""currency_code"":""USD"",""currency_position"":""prefix"",""values"":[""included-with-general-admission""]}","[{""id"":29,""name"":""Family Friendly"",""slug"":""family-friendly"",""parent"":0},{""id"":372,""name"":""Free"",""slug"":""free"",""parent"":0}]",[],"{""id"":5337,""global_id"":""www.mintmuseum.org?id=5337"",""venue"":""Mint Museum Uptown"",""url"":""https://www.mintmuseum.org/venue/mint-museum-uptown/"",""geo_lat"":35.224305,""geo_lng"":-80.848151,""show_map"":true,""show_map_link"":true}","[{""id"":54883,""global_id"":""www.mintmuseum.org?id=54883"",""organizer"":""Leslie Strauss"",""url"":""https://www.mintmuseum.org/organizer/leslie-strauss-2/"",""phone"":""704-337-2050"",""email"":""leslie.strauss@mintmuseum.org""}]","Visitors of all ages can play, explore, and learn about the museum collection in the Lewis Family Gallery. This hands-on space provides a creative environment for making art, engaging in building and puzzle challenges, posing for pictures, and stepping into a Romare Bearden collage playhouse. For the safety of visitors, vigorous cleaning protocols are in place. HOURS: Wednesday: 5-8 PM Friday & Saturday: 11 AM-4 PM Sunday: 1-5 PM",,"{""url"":""https://www.mintmuseum.org/wp-content/uploads/2025/01/children-families-hero-1.jpg"",""id"":63445,""extension"":""jpg"",""width"":880,""height"":400}",[],false,false,,,2025-01-17 11:20:40,2025-01-17 16:20:40,true,true,,,
2026-09-30T20:45:37Z,mintmuseum.org,https://www.mintmuseum.org/wp-json/tribe/events/v1/events,18,10002078,www.mintmuseum.org?id=10002078,Yoga on the Lawn,2028-08-26 10:00:00,2028-08-26 10:00:00,2028-08-26 11:00:00,2028-08-26 11:00:00,UTC+0,false,false,publish,https://www.mintmuseum.org/event/yoga-at-the-mint-3-2-2-3-2-2/2028-08-26/,,,Free – $10,"{""currency_symbol"":""$"",""currency_code"":""USD"",""currency_position"":""prefix"",""values"":[""0"",""10""]}","[{""id"":56,""name"":""All"",""slug"":""all"",""parent"":0},{""id"":18,""name"":""Members"",""slug"":""members"",""parent"":0}]","[{""name"":""yoga at the mint"",""slug"":""yoga-at-the-mint"",""term_group"":0,""term_taxonomy_id"":850,""taxonomy"":""post_tag"",""description"":"""",""parent"":0,""count"":16,""filter"":""raw"",""term_order"":""0"",""id"":850,""urls"":{""self"":""https://www.mintmuseum.org/wp-json/tribe/events/v1/tags/850"",""collection"":""https://www.mintmuseum.org/wp-json/tribe/events/v1/tags""}},{""name"":""yoga on the lawn"",""slug"":""yoga-on-the-lawn"",""term_group"":0,""term_taxonomy_id"":853,""taxonomy"":""post_tag"",""description"":"""",""parent"":0,""count"":15,""filter"":""raw"",""term_order"":""0"",""id"":853,""urls"":{""self"":""https://www.mintmuseum.org/wp-json/tribe/events/v1/tags/853"",""collection"":""https://www.mintmuseum.org/wp-json/tribe/events/v1/tags""}}]","{""id"":5313,""global_id"":""www.mintmuseum.org?id=5313"",""venue"":""Mint Museum Randolph"",""url"":""https://www.mintmuseum.org/venue/mint-museum-randolph/"",""geo_lat"":35.1973424,""geo_lng"":-80.8146806,""show_map"":true,""show_map_link"":true}",[],"Participate in a one-hour yoga class with Dancing Lotus Yoga + Art on select Saturdays on the front lawn, or indoors, at Mint Museum Randolph (weather permitting). Classes are free for Mint members and $10 for nonmembers. During the winter months, this class will be hosted inside Mint Museum Randolph. Members, please contact Alex Gutierrez Mendez, Membership Services Manager, for the online code for free yoga at alex.gutierrez@mintmuseum.org. Registration is required. Register through Dancing Lotus Yoga + Arts here.",,"{""url"":""https://www.mintmuseum.org/wp-content/uploads/2023/09/Yoga-on-the-Lawn.jpg"",""id"":64053,""extension"":""jpg"",""width"":1920,""height"":1080}","{""_ecp_custom_2"":{""label"":""Tickets Link"",""value"":""https://www.dancinglotusnc.com/book-online""},""_ecp_custom_3"":{""label"":""Tickets Link Text"",""value"":""Register here""}}",false,false,,,2025-03-24 16:29:34,2025-03-24 20:29:34,true,true,,,
2026-09-30T20:45:37Z,mintmuseum.org,https://www.mintmuseum.org/wp-json/tribe/events/v1/events,18,10005436,www.mintmuseum.org?id=10005436,Lewis Family Gallery,2028-08-26 11:00:00,2028-08-26 15:00:00,2028-08-26 16:00:00,2028-08-26 20:00:00,America/New_York,false,false,publish,https://www.mintmuseum.org/event/lewis-family-gallery-3/2028-08-26/,,,Included with general admission,"{""currency_symbol"":""$"",""currency_code"":""USD"",""currency_position"":""prefix"",""values"":[""included-with-general-admission""]}","[{""id"":29,""name"":""Family Friendly"",""slug"":""family-friendly"",""parent"":0},{""id"":372,""name"":""Free"",""slug"":""free"",""parent"":0}]",[],"{""id"":5337,""global_id"":""www.mintmuseum.org?id=5337"",""venue"":""Mint Museum Uptown"",""url"":""https://www.mintmuseum.org/venue/mint-museum-uptown/"",""geo_lat"":35.224305,""geo_lng"":-80.848151,""show_map"":true,""show_map_link"":true}","[{""id"":54883,""global_id"":""www.mintmuseum.org?id=54883"",""organizer"":""Leslie Strauss"",""url"":""https://www.mintmuseum.org/organizer/leslie-strauss-2/"",""phone"":""704-337-2050"",""email"":""leslie.strauss@mintmuseum.org""}]","Visitors of all ages can play, explore, and learn about the museum collection in the Lewis Family Gallery. This hands-on space provides a creative environment for making art, engaging in building and puzzle challenges, posing for pictures, and stepping into a Romare Bearden collage playhouse. For the safety of visitors, vigorous cleaning protocols are in place. HOURS: Wednesday: 5-8 PM Friday & Saturday: 11 AM-4 PM Sunday: 1-5 PM",,"{""url"":""https://www.mintmuseum.org/wp-content/uploads/2025/01/children-families-hero-1.jpg"",""id"":63445,""extension"":""jpg"",""width"":880,""height"":400}",[],false,false,,,2025-01-17 11:22:09,2025-01-17 16:22:09,true,true,,,
2026-09-30T20:45:37Z,mintmuseum.org,https://www.mintmuseum.org/wp-json/tribe/events/v1/events,18,10005954,www.mintmuseum.org?id=10005954,Lewis Family Gallery,2028-08-27 13:00:00,2028-08-27 17:00:00,2028-08-27 17:00:00,2028-08-27 21:00:00,America/New_York,false,false,publish,https://www.mintmuseum.org/event/lewis-family-gallery-4/2028-08-27/,,,Included with general admission,"{""currency_symbol"":""$"",""currency_code"":""USD"",""currency_position"":""prefix"",""values"":[""included-with-general-admission""]}","[{""id"":29,""name"":""Family Friendly"",""slug"":""family-friendly"",""parent"":0},{""id"":372,""name"":""Free"",""slug"":""free"",""parent"":0}]",[],"{""id"":5337,""global_id"":""www.mintmuseum.org?id=5337"",""venue"":""Mint Museum Uptown"",""url"":""https://www.mintmuseum.org/venue/mint-museum-uptown/"",""geo_lat"":35.224305,""geo_lng"":-80.848151,""show_map"":true,""show_map_link"":true}","[{""id"":54883,""global_id"":""www.mintmuseum.org?id=54883"",""organizer"":""Leslie Strauss"",""url"":""https://www.mintmuseum.org/organizer/leslie-strauss-2/"",""phone"":""704-337-2050"",""email"":""leslie.strauss@mintmuseum.org""}]","Visitors of all ages can play, explore, and learn about the museum collection in the Lewis Family Gallery. This hands-on space provides a creative environment for making art, engaging in building and puzzle challenges, posing for pictures, and stepping into a Romare Bearden collage playhouse. For the safety of visitors, vigorous cleaning protocols are in place. HOURS: Wednesday: 5-8 PM Friday & Saturday: 11 AM-4 PM Sunday: 1-5 PM",,"{""url"":""https://www.mintmuseum.org/wp-content/uploads/2025/01/children-families-hero-1.jpg"",""id"":63445,""extension"":""jpg"",""width"":880,""height"":400}",[],false,false,,,2025-01-17 11:23:14,2025-01-17 16:23:14,true,true,,,
2026-09-30T20:45:37Z,petrasbar.com,http://www.petrasbar.com/wp-json/tribe/events/v1/events,5,10002355,petrasbar.com?id=10002355,The Bill Hanna Legacy Jazz Session,2028-08-28 19:30:00,2028-08-28 23:30:00,2028-08-28 19:30:00,2028-08-28 23:30:00,UTC-5,false,false,publish,https://petrasbar.com/event/bill-hannas-jazz-session-2024-01-08-2024-01-08-2024-01-15-2/2028-08-28/,https://www.eventbrite.com/e/the-bill-hanna-legacy-jazz-session-tickets-1979869722637,,,"{""currency_symbol"":"""",""currency_code"":"""",""currency_position"":"""",""values"":[]}","[{""id"":20,""name"":""Featured"",""slug"":""featured"",""parent"":0},{""id"":23,""name"":""Live Music"",""slug"":""music"",""parent"":0},{""id"":25,""name"":""Shows"",""slug"":""shows"",""parent"":0}]",[],"{""id"":12652,""global_id"":""petrasbar.com?id=12652"",""venue"":""Petra’s"",""address"":""1919 Commonwealth Avenue"",""city"":""Charlotte"",""country"":""United States"",""province"":""NC"",""state"":""NC"",""zip"":""28205"",""url"":""https://petrasbar.com/venue/petras-2/"",""show_map"":true,""show_map_link"":true}","[{""id"":421,""global_id"":""petrasbar.com?id=421"",""organizer"":""Petra’s"",""url"":""https://petrasbar.com/organizer/petras-bar/""}]","Doors: 7pm Music: 7:30pm – 10pm Tickets: $7 Advance (plus online fees) | $10 At the door • 21+ Bill Hanna was a legend in Charlotte. He was the godfather of Jazz and we’re keeping his legacy alive each and every Monday night. Come join us to see some of Charlotte’s best musicians perform in an intimate setting. Limited seating is 1st come 1st serve. If you’re able to stand, please give your seat to someone who can’t.",,"{""url"":""https://petrasbar.com/wp-content/uploads/2021/06/Hanna_2008_dcoston2.jpeg"",""id"":26780,""extension"":""jpeg"",""width"":2354,""height"":1776}",[],false,false,,,2026-01-06 10:34:53,2026-01-06 15:34:53,true,true,,,
2026-09-30T20:45:37Z,mintmuseum.org,https://www.mintmuseum.org/wp-json/tribe/events/v1/events,18,10002872,www.mintmuseum.org?id=10002872,Yoga at the Mint,2028-08-29 17:15:00,2028-08-29 17:15:00,2028-08-29 18:15:00,2028-08-29 18:15:00,UTC+0,false,false,publish,https://www.mintmuseum.org/event/yoga-at-the-mint-2-4-2-2-2-2-3-3/2028-08-29/,,,Free – $10,"{""currency_symbol"":""$"",""currency_code"":""USD"",""currency_position"":""prefix"",""values"":[""0"",""10""]}","[{""id"":56,""name"":""All"",""slug"":""all"",""parent"":0},{""id"":18,""name"":""Members"",""slug"":""members"",""parent"":0}]",[],"{""id"":5337,""global_id"":""www.mintmuseum.org?id=5337"",""venue"":""Mint Museum Uptown"",""url"":""https://www.mintmuseum.org/venue/mint-museum-uptown/"",""geo_lat"":35.224305,""geo_lng"":-80.848151,""show_map"":true,""show_map_link"":true}",[],"Participate in a one-hour yoga class with Dancing Lotus Yoga + Arts every Tuesday from 5:15-6:15 PM at Mint Museum Uptown. Classes are free for Mint members and $10 for nonmembers. Members, please contact Alex Gutierrez Mendez, Membership Services Manager, for the online code for free yoga at alex.gutierrez@mintmuseum.org. Registration is required. Register through Dancing Lotus Yoga + Arts here.",,"{""url"":""https://www.mintmuseum.org/wp-content/uploads/2023/09/Yoga-at-the-MInt-3.jpg"",""id"":64052,""extension"":""jpg"",""width"":1920,""height"":1080}","{""_ecp_custom_2"":{""label"":""Tickets Link"",""value"":""https://www.dancinglotusnc.com/book-online""},""_ecp_custom_3"":{""label"":""Tickets Link Text"",""value"":""Register here""}}",false,false,,,2026-02-23 15:38:57,2026-02-23 20:38:57,true,true,,,
2026-09-30T20:45:37Z,mintmuseum.org,https://www.mintmuseum.org/wp-json/tribe/events/v1/events,18,10002839,www.mintmuseum.org?id=10002839,Free Wednesday Evenings,2028-08-30 17:00:00,2028-08-30 21:00:00,2028-08-30 21:00:00,2028-08-31 01:00:00,America/New_York,false,false,publish,https://www.mintmuseum.org/event/free-admission-nights-2-2-3-2-4/2028-08-30/,,,Free,"{""currency_symbol"":""$"",""currency_code"":""USD"",""currency_position"":""prefix"",""values"":[""0""]}","[{""id"":372,""name"":""Free"",""slug"":""free"",""parent"":0}]",[],"{""id"":8027,""global_id"":""www.mintmuseum.org?id=8027"",""venue"":""Mint Museum Uptown & Randolph"",""city"":""Charlotte"",""country"":""United States"",""state"":""NC"",""url"":""https://www.mintmuseum.org/venue/uptown-randolph/"",""geo_lat"":35.2270869,""geo_lng"":-80.8431267,""show_map"":false,""show_map_link"":false}",[],"The Mint Museum is FREE from 5-9 PM on Wednesdays! For up to date hours, please visit our events calendar mintmuseum.org/events Free Wednesday Evenings is generously presented by Publix Super Market Charities.",,"{""url"":""https://www.mintmuseum.org/wp-content/uploads/2023/12/free-wednesday-evenings-group-in-gallery.jpg"",""id"":62997,""extension"":""jpg"",""width"":1920,""height"":1080}",[],false,false,,,2025-12-12 11:36:01,2025-12-12 16:36:01,true,true,,,
2026-09-30T20:45:37Z,mintmuseum.org,https://www.mintmuseum.org/wp-json/tribe/events/v1/events,18,10004659,www.mintmuseum.org?id=10004659,Lewis Family Gallery,2028-08-30 17:00:00,2028-08-30 21:00:00,2028-08-30 20:00:00,2028-08-31 00:00:00,America/New_York,false,false,publish,https://www.mintmuseum.org/event/lewis-family-gallery-10/2028-08-30/,,,Included with general admission,"{""currency_symbol"":""$"",""currency_code"":""USD"",""currency_position"":""prefix"",""values"":[""included-with-general-admission""]}","[{""id"":29,""name"":""Family Friendly"",""slug"":""family-friendly"",""parent"":0},{""id"":372,""name"":""Free"",""slug"":""free"",""parent"":0}]",[],"{""id"":5337,""global_id"":""www.mintmuseum.org?id=5337"",""venue"":""Mint Museum Uptown"",""url"":""https://www.mintmuseum.org/venue/mint-museum-uptown/"",""geo_lat"":35.224305,""geo_lng"":-80.848151,""show_map"":true,""show_map_link"":true}","[{""id"":54883,""global_id"":""www.mintmuseum.org?id=54883"",""organizer"":""Leslie Strauss"",""url"":""https://www.mintmuseum.org/organizer/leslie-strauss-2/"",""phone"":""704-337-2050"",""email"":""leslie.strauss@mintmuseum.org""}]","Visitors of all ages can play, explore, and learn about the museum collection in the Lewis Family Gallery. This hands-on space provides a creative environment for making art, engaging in building and puzzle challenges, posing for pictures, and stepping into a Romare Bearden collage playhouse. For the safety of visitors, vigorous cleaning protocols are in place. HOURS: Wednesday: 5-8 PM Friday & Saturday: 11 AM-4 PM Sunday: 1-5 PM",,"{""url"":""https://www.mintmuseum.org/wp-content/uploads/2025/01/children-families-hero-1.jpg"",""id"":63445,""extension"":""jpg"",""width"":880,""height"":400}",[],false,false,,,2025-11-25 15:13:52,2025-11-25 20:13:52,true,true,,,
2026-09-30T20:45:37Z,mintmuseum.org,https://www.mintmuseum.org/wp-json/tribe/events/v1/events,18,10007310,www.mintmuseum.org?id=10007310,Wine on Wednesdays,2028-08-30 17:00:00,2028-08-30 21:00:00,2028-08-30 20:30:00,2028-08-31 00:30:00,America/New_York,false,false,publish,https://www.mintmuseum.org/event/wine-on-wednesdays/2028-08-30/,,,Free,"{""currency_symbol"":""$"",""currency_code"":""USD"",""currency_position"":""prefix"",""values"":[""0""]}","[{""id"":34,""name"":""Adult Programs"",""slug"":""adult-programs"",""parent"":0},{""id"":372,""name"":""Free"",""slug"":""free"",""parent"":0}]",[],"{""id"":5337,""global_id"":""www.mintmuseum.org?id=5337"",""venue"":""Mint Museum Uptown"",""url"":""https://www.mintmuseum.org/venue/mint-museum-uptown/"",""geo_lat"":35.224305,""geo_lng"":-80.848151,""show_map"":true,""show_map_link"":true}","[{""id"":68127,""global_id"":""www.mintmuseum.org?id=68127"",""organizer"":""Mint Museum Store"",""url"":""https://www.mintmuseum.org/organizer/mint-museum-store/"",""website"":""https://store.mintmuseum.org/"",""phone"":""7043372061"",""email"":""valeria.vazquez@mintmuseum.org""}]","Join us every Wednesday at The Mint Museum Uptown Store for our beloved Wine on Wednesday event. Sip and shop your way through the evening with $5 glasses of wine, great company, and our incredible selection of items. 🍷 Bar open: 5–8:30 PM | $5 glasses 🛍️ Store open until 9 PM through January.",,"{""url"":""https://www.mintmuseum.org/wp-content/uploads/2026/07/Wine-on-Wednesdays.jpg"",""id"":68139,""extension"":""jpg"",""width"":2048,""height"":1152}",[],false,false,,,2026-07-29 16:07:25,2026-07-29 20:07:25,true,true,,,
2026-09-30T20:45:37Z,petrasbar.com,http://www.petrasbar.com/wp-json/tribe/events/v1/events,5,10002794,petrasbar.com?id=10002794,Karaoke with Klaytastic,2028-08-30 19:00:00,2028-08-30 23:00:00,2028-08-30 19:00:00,2028-08-30 23:00:00,UTC-5,false,false,publish,https://petrasbar.com/event/fckn-karaoke-2022-02-23-2023-08-16-2024-01-24-3-2/2028-08-30/,,,,"{""currency_symbol"":"""",""currency_code"":"""",""currency_position"":"""",""values"":[]}","[{""id"":20,""name"":""Featured"",""slug"":""featured"",""parent"":0},{""id"":21,""name"":""Karaoke"",""slug"":""karaoke"",""parent"":0},{""id"":23,""name"":""Live Music"",""slug"":""music"",""parent"":0}]",[],"{""id"":12652,""global_id"":""petrasbar.com?id=12652"",""venue"":""Petra’s"",""address"":""1919 Commonwealth Avenue"",""city"":""Charlotte"",""country"":""United States"",""province"":""NC"",""state"":""NC"",""zip"":""28205"",""url"":""https://petrasbar.com/venue/petras-2/"",""show_map"":true,""show_map_link"":true}","[{""id"":421,""global_id"":""petrasbar.com?id=421"",""organizer"":""Petra’s"",""url"":""https://petrasbar.com/organizer/petras-bar/""}]",Every Wednesday at Petra’s is the best karaoke party in Charlotte. With host @klaytastic! 7pm-9pm | No Cover 9pm Until | $5 | 21+ (No Exceptions),,"{""url"":""https://petrasbar.com/wp-content/uploads/2025/11/New_Klaytastic-Mailchimp.png"",""id"":38174,""extension"":""png"",""width"":600,""height"":300}",[],false,false,,,2026-06-30 17:46:42,2026-06-30 21:46:42,true,true,,,
2026-09-30T20:45:37Z,mintmuseum.org,https://www.mintmuseum.org/wp-json/tribe/events/v1/events,18,10004919,www.mintmuseum.org?id=10004919,Lewis Family Gallery,2028-09-01 11:00:00,2028-09-01 15:00:00,2028-09-01 16:00:00,2028-09-01 20:00:00,America/New_York,false,false,publish,https://www.mintmuseum.org/event/lewis-family-gallery-2/2028-09-01/,,,Included with general admission,"{""currency_symbol"":""$"",""currency_code"":""USD"",""currency_position"":""prefix"",""values"":[""included-with-general-admission""]}","[{""id"":29,""name"":""Family Friendly"",""slug"":""family-friendly"",""parent"":0},{""id"":372,""name"":""Free"",""slug"":""free"",""parent"":0}]",[],"{""id"":5337,""global_id"":""www.mintmuseum.org?id=5337"",""venue"":""Mint Museum Uptown"",""url"":""https://www.mintmuseum.org/venue/mint-museum-uptown/"",""geo_lat"":35.224305,""geo_lng"":-80.848151,""show_map"":true,""show_map_link"":true}","[{""id"":54883,""global_id"":""www.mintmuseum.org?id=54883"",""organizer"":""Leslie Strauss"",""url"":""https://www.mintmuseum.org/organizer/leslie-strauss-2/"",""phone"":""704-337-2050"",""email"":""leslie.strauss@mintmuseum.org""}]","Visitors of all ages can play, explore, and learn about the museum collection in the Lewis Family Gallery. This hands-on space provides a creative environment for making art, engaging in building and puzzle challenges, posing for pictures, and stepping into a Romare Bearden collage playhouse. For the safety of visitors, vigorous cleaning protocols are in place. HOURS: Wednesday: 5-8 PM Friday & Saturday: 11 AM-4 PM Sunday: 1-5 PM",,"{""url"":""https://www.mintmuseum.org/wp-content/uploads/2025/01/children-families-hero-1.jpg"",""id"":63445,""extension"":""jpg"",""width"":880,""height"":400}",[],false,false,,,2025-01-17 11:20:40,2025-01-17 16:20:40,true,true,,,
2026-09-30T20:45:37Z,mintmuseum.org,https://www.mintmuseum.org/wp-json/tribe/events/v1/events,18,10007949,www.mintmuseum.org?id=10007949,Bank of America Museums on Us,2028-09-02 00:00:00,2028-09-02 04:00:00,2028-09-03 23:59:59,2028-09-04 03:59:59,America/New_York,true,false,publish,https://www.mintmuseum.org/event/bank-of-america-museums-on-us/2028-09-02/,https://about.bankofamerica.com/en/making-an-impact/arts-and-culture#museums-on-us,,Free,"{""currency_symbol"":""$"",""currency_code"":""USD"",""currency_position"":""prefix"",""values"":[""0""]}","[{""id"":372,""name"":""Free"",""slug"":""free"",""parent"":0}]",[],"{""id"":8027,""global_id"":""www.mintmuseum.org?id=8027"",""venue"":""Mint Museum Uptown & Randolph"",""city"":""Charlotte"",""country"":""United States"",""state"":""NC"",""url"":""https://www.mintmuseum.org/venue/uptown-randolph/"",""geo_lat"":35.2270869,""geo_lng"":-80.8431267,""show_map"":false,""show_map_link"":false}","[{""id"":68374,""global_id"":""www.mintmuseum.org?id=68374"",""organizer"":""Romario Brown"",""url"":""https://www.mintmuseum.org/organizer/romario-brown/"",""phone"":""704-337-2130"",""email"":""romario.brown@mintmuseum.org""}]","Bank of America cardholders receive free general admission – during the first full weekend of every month – to cultural institutions across the United States. How to visit: Present your active Bank of America, Merrill or Bank of America Private Bank credit or debit card and valid government issued photo ID (Passport booklet, State ID, Driver License) to receive one free general admission to either museum location. Please review eligibility and terms prior to your visit: Museums on Us is available to Bank of America, Merrill, or Bank of America Private Bank credit and debit cardholders during the first full weekend of every month. The offer is valid for one general admission only per eligible cardholder. Any special exhibitions, ticketed exhibitions, enhanced experiences, or additional offerings are not included and must be purchased separately. This offer is limited to the individual cardholder, is not transferable, does not guarantee admission, and cannot be combined with other offers. Fundraising events are excluded.",,"{""url"":""https://www.mintmuseum.org/wp-content/uploads/2026/09/museums-on-us.jpg"",""id"":68383,""extension"":""jpg"",""width"":1920,""height"":1080}","{""_ecp_custom_2"":{""label"":""Tickets Link"",""value"":""https://about.bankofamerica.com/en/making-an-impact/arts-and-culture#museums-on-us""},""_ecp_custom_3"":{""label"":""Tickets Link Text"",""value"":""Learn more""}}",false,false,,,2026-09-08 13:26:51,2026-09-08 17:26:51,true,true,,,
2026-09-30T20:45:37Z,mintmuseum.org,https://www.mintmuseum.org/wp-json/tribe/events/v1/events,18,10002079,www.mintmuseum.org?id=10002079,Yoga on the Lawn,2028-09-02 10:00:00,2028-09-02 10:00:00,2028-09-02 11:00:00,2028-09-02 11:00:00,UTC+0,false,false,publish,https://www.mintmuseum.org/event/yoga-at-the-mint-3-2-2-3-2-2/2028-09-02/,,,Free – $10,"{""currency_symbol"":""$"",""currency_code"":""USD"",""currency_position"":""prefix"",""values"":[""0"",""10""]}","[{""id"":56,""name"":""All"",""slug"":""all"",""parent"":0},{""id"":18,""name"":""Members"",""slug"":""members"",""parent"":0}]","[{""name"":""yoga at the mint"",""slug"":""yoga-at-the-mint"",""term_group"":0,""term_taxonomy_id"":850,""taxonomy"":""post_tag"",""description"":"""",""parent"":0,""count"":16,""filter"":""raw"",""term_order"":""0"",""id"":850,""urls"":{""self"":""https://www.mintmuseum.org/wp-json/tribe/events/v1/tags/850"",""collection"":""https://www.mintmuseum.org/wp-json/tribe/events/v1/tags""}},{""name"":""yoga on the lawn"",""slug"":""yoga-on-the-lawn"",""term_group"":0,""term_taxonomy_id"":853,""taxonomy"":""post_tag"",""description"":"""",""parent"":0,""count"":15,""filter"":""raw"",""term_order"":""0"",""id"":853,""urls"":{""self"":""https://www.mintmuseum.org/wp-json/tribe/events/v1/tags/853"",""collection"":""https://www.mintmuseum.org/wp-json/tribe/events/v1/tags""}}]","{""id"":5313,""global_id"":""www.mintmuseum.org?id=5313"",""venue"":""Mint Museum Randolph"",""url"":""https://www.mintmuseum.org/venue/mint-museum-randolph/"",""geo_lat"":35.1973424,""geo_lng"":-80.8146806,""show_map"":true,""show_map_link"":true}",[],"Participate in a one-hour yoga class with Dancing Lotus Yoga + Art on select Saturdays on the front lawn, or indoors, at Mint Museum Randolph (weather permitting). Classes are free for Mint members and $10 for nonmembers. During the winter months, this class will be hosted inside Mint Museum Randolph. Members, please contact Alex Gutierrez Mendez, Membership Services Manager, for the online code for free yoga at alex.gutierrez@mintmuseum.org. Registration is required. Register through Dancing Lotus Yoga + Arts here.",,"{""url"":""https://www.mintmuseum.org/wp-content/uploads/2023/09/Yoga-on-the-Lawn.jpg"",""id"":64053,""extension"":""jpg"",""width"":1920,""height"":1080}","{""_ecp_custom_2"":{""label"":""Tickets Link"",""value"":""https://www.dancinglotusnc.com/book-online""},""_ecp_custom_3"":{""label"":""Tickets Link Text"",""value"":""Register here""}}",false,false,,,2025-03-24 16:29:34,2025-03-24 20:29:34,true,true,,,
2026-09-30T20:45:37Z,mintmuseum.org,https://www.mintmuseum.org/wp-json/tribe/events/v1/events,18,10005437,www.mintmuseum.org?id=10005437,Lewis Family Gallery,2028-09-02 11:00:00,2028-09-02 15:00:00,2028-09-02 16:00:00,2028-09-02 20:00:00,America/New_York,false,false,publish,https://www.mintmuseum.org/event/lewis-family-gallery-3/2028-09-02/,,,Included with general admission,"{""currency_symbol"":""$"",""currency_code"":""USD"",""currency_position"":""prefix"",""values"":[""included-with-general-admission""]}","[{""id"":29,""name"":""Family Friendly"",""slug"":""family-friendly"",""parent"":0},{""id"":372,""name"":""Free"",""slug"":""free"",""parent"":0}]",[],"{""id"":5337,""global_id"":""www.mintmuseum.org?id=5337"",""venue"":""Mint Museum Uptown"",""url"":""https://www.mintmuseum.org/venue/mint-museum-uptown/"",""geo_lat"":35.224305,""geo_lng"":-80.848151,""show_map"":true,""show_map_link"":true}","[{""id"":54883,""global_id"":""www.mintmuseum.org?id=54883"",""organizer"":""Leslie Strauss"",""url"":""https://www.mintmuseum.org/organizer/leslie-strauss-2/"",""phone"":""704-337-2050"",""email"":""leslie.strauss@mintmuseum.org""}]","Visitors of all ages can play, explore, and learn about the museum collection in the Lewis Family Gallery. This hands-on space provides a creative environment for making art, engaging in building and puzzle challenges, posing for pictures, and stepping into a Romare Bearden collage playhouse. For the safety of visitors, vigorous cleaning protocols are in place. HOURS: Wednesday: 5-8 PM Friday & Saturday: 11 AM-4 PM Sunday: 1-5 PM",,"{""url"":""https://www.mintmuseum.org/wp-content/uploads/2025/01/children-families-hero-1.jpg"",""id"":63445,""extension"":""jpg"",""width"":880,""height"":400}",[],false,false,,,2025-01-17 11:22:09,2025-01-17 16:22:09,true,true,,,
2026-09-30T20:45:37Z,mintmuseum.org,https://www.mintmuseum.org/wp-json/tribe/events/v1/events,18,10005955,www.mintmuseum.org?id=10005955,Lewis Family Gallery,2028-09-03 13:00:00,2028-09-03 17:00:00,2028-09-03 17:00:00,2028-09-03 21:00:00,America/New_York,false,false,publish,https://www.mintmuseum.org/event/lewis-family-gallery-4/2028-09-03/,,,Included with general admission,"{""currency_symbol"":""$"",""currency_code"":""USD"",""currency_position"":""prefix"",""values"":[""included-with-general-admission""]}","[{""id"":29,""name"":""Family Friendly"",""slug"":""family-friendly"",""parent"":0},{""id"":372,""name"":""Free"",""slug"":""free"",""parent"":0}]",[],"{""id"":5337,""global_id"":""www.mintmuseum.org?id=5337"",""venue"":""Mint Museum Uptown"",""url"":""https://www.mintmuseum.org/venue/mint-museum-uptown/"",""geo_lat"":35.224305,""geo_lng"":-80.848151,""show_map"":true,""show_map_link"":true}","[{""id"":54883,""global_id"":""www.mintmuseum.org?id=54883"",""organizer"":""Leslie Strauss"",""url"":""https://www.mintmuseum.org/organizer/leslie-strauss-2/"",""phone"":""704-337-2050"",""email"":""leslie.strauss@mintmuseum.org""}]","Visitors of all ages can play, explore, and learn about the museum collection in the Lewis Family Gallery. This hands-on space provides a creative environment for making art, engaging in building and puzzle challenges, posing for pictures, and stepping into a Romare Bearden collage playhouse. For the safety of visitors, vigorous cleaning protocols are in place. HOURS: Wednesday: 5-8 PM Friday & Saturday: 11 AM-4 PM Sunday: 1-5 PM",,"{""url"":""https://www.mintmuseum.org/wp-content/uploads/2025/01/children-families-hero-1.jpg"",""id"":63445,""extension"":""jpg"",""width"":880,""height"":400}",[],false,false,,,2025-01-17 11:23:14,2025-01-17 16:23:14,true,true,,,
2026-09-30T20:45:37Z,petrasbar.com,http://www.petrasbar.com/wp-json/tribe/events/v1/events,6,10002356,petrasbar.com?id=10002356,The Bill Hanna Legacy Jazz Session,2028-09-04 19:30:00,2028-09-04 23:30:00,2028-09-04 19:30:00,2028-09-04 23:30:00,UTC-5,false,false,publish,https://petrasbar.com/event/bill-hannas-jazz-session-2024-01-08-2024-01-08-2024-01-15-2/2028-09-04/,https://www.eventbrite.com/e/the-bill-hanna-legacy-jazz-session-tickets-1979869722637,,,"{""currency_symbol"":"""",""currency_code"":"""",""currency_position"":"""",""values"":[]}","[{""id"":20,""name"":""Featured"",""slug"":""featured"",""parent"":0},{""id"":23,""name"":""Live Music"",""slug"":""music"",""parent"":0},{""id"":25,""name"":""Shows"",""slug"":""shows"",""parent"":0}]",[],"{""id"":12652,""global_id"":""petrasbar.com?id=12652"",""venue"":""Petra’s"",""address"":""1919 Commonwealth Avenue"",""city"":""Charlotte"",""country"":""United States"",""province"":""NC"",""state"":""NC"",""zip"":""28205"",""url"":""https://petrasbar.com/venue/petras-2/"",""show_map"":true,""show_map_link"":true}","[{""id"":421,""global_id"":""petrasbar.com?id=421"",""organizer"":""Petra’s"",""url"":""https://petrasbar.com/organizer/petras-bar/""}]","Doors: 7pm Music: 7:30pm – 10pm Tickets: $7 Advance (plus online fees) | $10 At the door • 21+ Bill Hanna was a legend in Charlotte. He was the godfather of Jazz and we’re keeping his legacy alive each and every Monday night. Come join us to see some of Charlotte’s best musicians perform in an intimate setting. Limited seating is 1st come 1st serve. If you’re able to stand, please give your seat to someone who can’t.",,"{""url"":""https://petrasbar.com/wp-content/uploads/2021/06/Hanna_2008_dcoston2.jpeg"",""id"":26780,""extension"":""jpeg"",""width"":2354,""height"":1776}",[],false,false,,,2026-01-06 10:34:53,2026-01-06 15:34:53,true,true,,,
2026-09-30T20:45:37Z,mintmuseum.org,https://www.mintmuseum.org/wp-json/tribe/events/v1/events,18,10002873,www.mintmuseum.org?id=10002873,Yoga at the Mint,2028-09-05 17:15:00,2028-09-05 17:15:00,2028-09-05 18:15:00,2028-09-05 18:15:00,UTC+0,false,false,publish,https://www.mintmuseum.org/event/yoga-at-the-mint-2-4-2-2-2-2-3-3/2028-09-05/,,,Free – $10,"{""currency_symbol"":""$"",""currency_code"":""USD"",""currency_position"":""prefix"",""values"":[""0"",""10""]}","[{""id"":56,""name"":""All"",""slug"":""all"",""parent"":0},{""id"":18,""name"":""Members"",""slug"":""members"",""parent"":0}]",[],"{""id"":5337,""global_id"":""www.mintmuseum.org?id=5337"",""venue"":""Mint Museum Uptown"",""url"":""https://www.mintmuseum.org/venue/mint-museum-uptown/"",""geo_lat"":35.224305,""geo_lng"":-80.848151,""show_map"":true,""show_map_link"":true}",[],"Participate in a one-hour yoga class with Dancing Lotus Yoga + Arts every Tuesday from 5:15-6:15 PM at Mint Museum Uptown. Classes are free for Mint members and $10 for nonmembers. Members, please contact Alex Gutierrez Mendez, Membership Services Manager, for the online code for free yoga at alex.gutierrez@mintmuseum.org. Registration is required. Register through Dancing Lotus Yoga + Arts here.",,"{""url"":""https://www.mintmuseum.org/wp-content/uploads/2023/09/Yoga-at-the-MInt-3.jpg"",""id"":64052,""extension"":""jpg"",""width"":1920,""height"":1080}","{""_ecp_custom_2"":{""label"":""Tickets Link"",""value"":""https://www.dancinglotusnc.com/book-online""},""_ecp_custom_3"":{""label"":""Tickets Link Text"",""value"":""Register here""}}",false,false,,,2026-02-23 15:38:57,2026-02-23 20:38:57,true,true,,,
2026-09-30T20:45:37Z,mintmuseum.org,https://www.mintmuseum.org/wp-json/tribe/events/v1/events,18,10002840,www.mintmuseum.org?id=10002840,Free Wednesday Evenings,2028-09-06 17:00:00,2028-09-06 21:00:00,2028-09-06 21:00:00,2028-09-07 01:00:00,America/New_York,false,false,publish,https://www.mintmuseum.org/event/free-admission-nights-2-2-3-2-4/2028-09-06/,,,Free,"{""currency_symbol"":""$"",""currency_code"":""USD"",""currency_position"":""prefix"",""values"":[""0""]}","[{""id"":372,""name"":""Free"",""slug"":""free"",""parent"":0}]",[],"{""id"":8027,""global_id"":""www.mintmuseum.org?id=8027"",""venue"":""Mint Museum Uptown & Randolph"",""city"":""Charlotte"",""country"":""United States"",""state"":""NC"",""url"":""https://www.mintmuseum.org/venue/uptown-randolph/"",""geo_lat"":35.2270869,""geo_lng"":-80.8431267,""show_map"":false,""show_map_link"":false}",[],"The Mint Museum is FREE from 5-9 PM on Wednesdays! For up to date hours, please visit our events calendar mintmuseum.org/events Free Wednesday Evenings is generously presented by Publix Super Market Charities.",,"{""url"":""https://www.mintmuseum.org/wp-content/uploads/2023/12/free-wednesday-evenings-group-in-gallery.jpg"",""id"":62997,""extension"":""jpg"",""width"":1920,""height"":1080}",[],false,false,,,2025-12-12 11:36:01,2025-12-12 16:36:01,true,true,,,
2026-09-30T20:45:37Z,mintmuseum.org,https://www.mintmuseum.org/wp-json/tribe/events/v1/events,18,10004660,www.mintmuseum.org?id=10004660,Lewis Family Gallery,2028-09-06 17:00:00,2028-09-06 21:00:00,2028-09-06 20:00:00,2028-09-07 00:00:00,America/New_York,false,false,publish,https://www.mintmuseum.org/event/lewis-family-gallery-10/2028-09-06/,,,Included with general admission,"{""currency_symbol"":""$"",""currency_code"":""USD"",""currency_position"":""prefix"",""values"":[""included-with-general-admission""]}","[{""id"":29,""name"":""Family Friendly"",""slug"":""family-friendly"",""parent"":0},{""id"":372,""name"":""Free"",""slug"":""free"",""parent"":0}]",[],"{""id"":5337,""global_id"":""www.mintmuseum.org?id=5337"",""venue"":""Mint Museum Uptown"",""url"":""https://www.mintmuseum.org/venue/mint-museum-uptown/"",""geo_lat"":35.224305,""geo_lng"":-80.848151,""show_map"":true,""show_map_link"":true}","[{""id"":54883,""global_id"":""www.mintmuseum.org?id=54883"",""organizer"":""Leslie Strauss"",""url"":""https://www.mintmuseum.org/organizer/leslie-strauss-2/"",""phone"":""704-337-2050"",""email"":""leslie.strauss@mintmuseum.org""}]","Visitors of all ages can play, explore, and learn about the museum collection in the Lewis Family Gallery. This hands-on space provides a creative environment for making art, engaging in building and puzzle challenges, posing for pictures, and stepping into a Romare Bearden collage playhouse. For the safety of visitors, vigorous cleaning protocols are in place. HOURS: Wednesday: 5-8 PM Friday & Saturday: 11 AM-4 PM Sunday: 1-5 PM",,"{""url"":""https://www.mintmuseum.org/wp-content/uploads/2025/01/children-families-hero-1.jpg"",""id"":63445,""extension"":""jpg"",""width"":880,""height"":400}",[],false,false,,,2025-11-25 15:13:52,2025-11-25 20:13:52,true,true,,,
2026-09-30T20:45:37Z,mintmuseum.org,https://www.mintmuseum.org/wp-json/tribe/events/v1/events,18,10007311,www.mintmuseum.org?id=10007311,Wine on Wednesdays,2028-09-06 17:00:00,2028-09-06 21:00:00,2028-09-06 20:30:00,2028-09-07 00:30:00,America/New_York,false,false,publish,https://www.mintmuseum.org/event/wine-on-wednesdays/2028-09-06/,,,Free,"{""currency_symbol"":""$"",""currency_code"":""USD"",""currency_position"":""prefix"",""values"":[""0""]}","[{""id"":34,""name"":""Adult Programs"",""slug"":""adult-programs"",""parent"":0},{""id"":372,""name"":""Free"",""slug"":""free"",""parent"":0}]",[],"{""id"":5337,""global_id"":""www.mintmuseum.org?id=5337"",""venue"":""Mint Museum Uptown"",""url"":""https://www.mintmuseum.org/venue/mint-museum-uptown/"",""geo_lat"":35.224305,""geo_lng"":-80.848151,""show_map"":true,""show_map_link"":true}","[{""id"":68127,""global_id"":""www.mintmuseum.org?id=68127"",""organizer"":""Mint Museum Store"",""url"":""https://www.mintmuseum.org/organizer/mint-museum-store/"",""website"":""https://store.mintmuseum.org/"",""phone"":""7043372061"",""email"":""valeria.vazquez@mintmuseum.org""}]","Join us every Wednesday at The Mint Museum Uptown Store for our beloved Wine on Wednesday event. Sip and shop your way through the evening with $5 glasses of wine, great company, and our incredible selection of items. 🍷 Bar open: 5–8:30 PM | $5 glasses 🛍️ Store open until 9 PM through January.",,"{""url"":""https://www.mintmuseum.org/wp-content/uploads/2026/07/Wine-on-Wednesdays.jpg"",""id"":68139,""extension"":""jpg"",""width"":2048,""height"":1152}",[],false,false,,,2026-07-29 16:07:25,2026-07-29 20:07:25,true,true,,,
2026-09-30T20:45:37Z,petrasbar.com,http://www.petrasbar.com/wp-json/tribe/events/v1/events,6,10002795,petrasbar.com?id=10002795,Karaoke with Klaytastic,2028-09-06 19:00:00,2028-09-06 23:00:00,2028-09-06 19:00:00,2028-09-06 23:00:00,UTC-5,false,false,publish,https://petrasbar.com/event/fckn-karaoke-2022-02-23-2023-08-16-2024-01-24-3-2/2028-09-06/,,,,"{""currency_symbol"":"""",""currency_code"":"""",""currency_position"":"""",""values"":[]}","[{""id"":20,""name"":""Featured"",""slug"":""featured"",""parent"":0},{""id"":21,""name"":""Karaoke"",""slug"":""karaoke"",""parent"":0},{""id"":23,""name"":""Live Music"",""slug"":""music"",""parent"":0}]",[],"{""id"":12652,""global_id"":""petrasbar.com?id=12652"",""venue"":""Petra’s"",""address"":""1919 Commonwealth Avenue"",""city"":""Charlotte"",""country"":""United States"",""province"":""NC"",""state"":""NC"",""zip"":""28205"",""url"":""https://petrasbar.com/venue/petras-2/"",""show_map"":true,""show_map_link"":true}","[{""id"":421,""global_id"":""petrasbar.com?id=421"",""organizer"":""Petra’s"",""url"":""https://petrasbar.com/organizer/petras-bar/""}]",Every Wednesday at Petra’s is the best karaoke party in Charlotte. With host @klaytastic! 7pm-9pm | No Cover 9pm Until | $5 | 21+ (No Exceptions),,"{""url"":""https://petrasbar.com/wp-content/uploads/2025/11/New_Klaytastic-Mailchimp.png"",""id"":38174,""extension"":""png"",""width"":600,""height"":300}",[],false,false,,,2026-06-30 17:46:42,2026-06-30 21:46:42,true,true,,,
2026-09-30T20:45:37Z,mintmuseum.org,https://www.mintmuseum.org/wp-json/tribe/events/v1/events,18,10004920,www.mintmuseum.org?id=10004920,Lewis Family Gallery,2028-09-08 11:00:00,2028-09-08 15:00:00,2028-09-08 16:00:00,2028-09-08 20:00:00,America/New_York,false,false,publish,https://www.mintmuseum.org/event/lewis-family-gallery-2/2028-09-08/,,,Included with general admission,"{""currency_symbol"":""$"",""currency_code"":""USD"",""currency_position"":""prefix"",""values"":[""included-with-general-admission""]}","[{""id"":29,""name"":""Family Friendly"",""slug"":""family-friendly"",""parent"":0},{""id"":372,""name"":""Free"",""slug"":""free"",""parent"":0}]",[],"{""id"":5337,""global_id"":""www.mintmuseum.org?id=5337"",""venue"":""Mint Museum Uptown"",""url"":""https://www.mintmuseum.org/venue/mint-museum-uptown/"",""geo_lat"":35.224305,""geo_lng"":-80.848151,""show_map"":true,""show_map_link"":true}","[{""id"":54883,""global_id"":""www.mintmuseum.org?id=54883"",""organizer"":""Leslie Strauss"",""url"":""https://www.mintmuseum.org/organizer/leslie-strauss-2/"",""phone"":""704-337-2050"",""email"":""leslie.strauss@mintmuseum.org""}]","Visitors of all ages can play, explore, and learn about the museum collection in the Lewis Family Gallery. This hands-on space provides a creative environment for making art, engaging in building and puzzle challenges, posing for pictures, and stepping into a Romare Bearden collage playhouse. For the safety of visitors, vigorous cleaning protocols are in place. HOURS: Wednesday: 5-8 PM Friday & Saturday: 11 AM-4 PM Sunday: 1-5 PM",,"{""url"":""https://www.mintmuseum.org/wp-content/uploads/2025/01/children-families-hero-1.jpg"",""id"":63445,""extension"":""jpg"",""width"":880,""height"":400}",[],false,false,,,2025-01-17 11:20:40,2025-01-17 16:20:40,true,true,,,
2026-09-30T20:45:37Z,mintmuseum.org,https://www.mintmuseum.org/wp-json/tribe/events/v1/events,18,10002080,www.mintmuseum.org?id=10002080,Yoga on the Lawn,2028-09-09 10:00:00,2028-09-09 10:00:00,2028-09-09 11:00:00,2028-09-09 11:00:00,UTC+0,false,false,publish,https://www.mintmuseum.org/event/yoga-at-the-mint-3-2-2-3-2-2/2028-09-09/,,,Free – $10,"{""currency_symbol"":""$"",""currency_code"":""USD"",""currency_position"":""prefix"",""values"":[""0"",""10""]}","[{""id"":56,""name"":""All"",""slug"":""all"",""parent"":0},{""id"":18,""name"":""Members"",""slug"":""members"",""parent"":0}]","[{""name"":""yoga at the mint"",""slug"":""yoga-at-the-mint"",""term_group"":0,""term_taxonomy_id"":850,""taxonomy"":""post_tag"",""description"":"""",""parent"":0,""count"":16,""filter"":""raw"",""term_order"":""0"",""id"":850,""urls"":{""self"":""https://www.mintmuseum.org/wp-json/tribe/events/v1/tags/850"",""collection"":""https://www.mintmuseum.org/wp-json/tribe/events/v1/tags""}},{""name"":""yoga on the lawn"",""slug"":""yoga-on-the-lawn"",""term_group"":0,""term_taxonomy_id"":853,""taxonomy"":""post_tag"",""description"":"""",""parent"":0,""count"":15,""filter"":""raw"",""term_order"":""0"",""id"":853,""urls"":{""self"":""https://www.mintmuseum.org/wp-json/tribe/events/v1/tags/853"",""collection"":""https://www.mintmuseum.org/wp-json/tribe/events/v1/tags""}}]","{""id"":5313,""global_id"":""www.mintmuseum.org?id=5313"",""venue"":""Mint Museum Randolph"",""url"":""https://www.mintmuseum.org/venue/mint-museum-randolph/"",""geo_lat"":35.1973424,""geo_lng"":-80.8146806,""show_map"":true,""show_map_link"":true}",[],"Participate in a one-hour yoga class with Dancing Lotus Yoga + Art on select Saturdays on the front lawn, or indoors, at Mint Museum Randolph (weather permitting). Classes are free for Mint members and $10 for nonmembers. During the winter months, this class will be hosted inside Mint Museum Randolph. Members, please contact Alex Gutierrez Mendez, Membership Services Manager, for the online code for free yoga at alex.gutierrez@mintmuseum.org. Registration is required. Register through Dancing Lotus Yoga + Arts here.",,"{""url"":""https://www.mintmuseum.org/wp-content/uploads/2023/09/Yoga-on-the-Lawn.jpg"",""id"":64053,""extension"":""jpg"",""width"":1920,""height"":1080}","{""_ecp_custom_2"":{""label"":""Tickets Link"",""value"":""https://www.dancinglotusnc.com/book-online""},""_ecp_custom_3"":{""label"":""Tickets Link Text"",""value"":""Register here""}}",false,false,,,2025-03-24 16:29:34,2025-03-24 20:29:34,true,true,,,
2026-09-30T20:45:37Z,mintmuseum.org,https://www.mintmuseum.org/wp-json/tribe/events/v1/events,18,10005438,www.mintmuseum.org?id=10005438,Lewis Family Gallery,2028-09-09 11:00:00,2028-09-09 15:00:00,2028-09-09 16:00:00,2028-09-09 20:00:00,America/New_York,false,false,publish,https://www.mintmuseum.org/event/lewis-family-gallery-3/2028-09-09/,,,Included with general admission,"{""currency_symbol"":""$"",""currency_code"":""USD"",""currency_position"":""prefix"",""values"":[""included-with-general-admission""]}","[{""id"":29,""name"":""Family Friendly"",""slug"":""family-friendly"",""parent"":0},{""id"":372,""name"":""Free"",""slug"":""free"",""parent"":0}]",[],"{""id"":5337,""global_id"":""www.mintmuseum.org?id=5337"",""venue"":""Mint Museum Uptown"",""url"":""https://www.mintmuseum.org/venue/mint-museum-uptown/"",""geo_lat"":35.224305,""geo_lng"":-80.848151,""show_map"":true,""show_map_link"":true}","[{""id"":54883,""global_id"":""www.mintmuseum.org?id=54883"",""organizer"":""Leslie Strauss"",""url"":""https://www.mintmuseum.org/organizer/leslie-strauss-2/"",""phone"":""704-337-2050"",""email"":""leslie.strauss@mintmuseum.org""}]","Visitors of all ages can play, explore, and learn about the museum collection in the Lewis Family Gallery. This hands-on space provides a creative environment for making art, engaging in building and puzzle challenges, posing for pictures, and stepping into a Romare Bearden collage playhouse. For the safety of visitors, vigorous cleaning protocols are in place. HOURS: Wednesday: 5-8 PM Friday & Saturday: 11 AM-4 PM Sunday: 1-5 PM",,"{""url"":""https://www.mintmuseum.org/wp-content/uploads/2025/01/children-families-hero-1.jpg"",""id"":63445,""extension"":""jpg"",""width"":880,""height"":400}",[],false,false,,,2025-01-17 11:22:09,2025-01-17 16:22:09,true,true,,,
2026-09-30T20:45:37Z,mintmuseum.org,https://www.mintmuseum.org/wp-json/tribe/events/v1/events,18,10005956,www.mintmuseum.org?id=10005956,Lewis Family Gallery,2028-09-10 13:00:00,2028-09-10 17:00:00,2028-09-10 17:00:00,2028-09-10 21:00:00,America/New_York,false,false,publish,https://www.mintmuseum.org/event/lewis-family-gallery-4/2028-09-10/,,,Included with general admission,"{""currency_symbol"":""$"",""currency_code"":""USD"",""currency_position"":""prefix"",""values"":[""included-with-general-admission""]}","[{""id"":29,""name"":""Family Friendly"",""slug"":""family-friendly"",""parent"":0},{""id"":372,""name"":""Free"",""slug"":""free"",""parent"":0}]",[],"{""id"":5337,""global_id"":""www.mintmuseum.org?id=5337"",""venue"":""Mint Museum Uptown"",""url"":""https://www.mintmuseum.org/venue/mint-museum-uptown/"",""geo_lat"":35.224305,""geo_lng"":-80.848151,""show_map"":true,""show_map_link"":true}","[{""id"":54883,""global_id"":""www.mintmuseum.org?id=54883"",""organizer"":""Leslie Strauss"",""url"":""https://www.mintmuseum.org/organizer/leslie-strauss-2/"",""phone"":""704-337-2050"",""email"":""leslie.strauss@mintmuseum.org""}]","Visitors of all ages can play, explore, and learn about the museum collection in the Lewis Family Gallery. This hands-on space provides a creative environment for making art, engaging in building and puzzle challenges, posing for pictures, and stepping into a Romare Bearden collage playhouse. For the safety of visitors, vigorous cleaning protocols are in place. HOURS: Wednesday: 5-8 PM Friday & Saturday: 11 AM-4 PM Sunday: 1-5 PM",,"{""url"":""https://www.mintmuseum.org/wp-content/uploads/2025/01/children-families-hero-1.jpg"",""id"":63445,""extension"":""jpg"",""width"":880,""height"":400}",[],false,false,,,2025-01-17 11:23:14,2025-01-17 16:23:14,true,true,,,
2026-09-30T20:45:37Z,petrasbar.com,http://www.petrasbar.com/wp-json/tribe/events/v1/events,6,10002357,petrasbar.com?id=10002357,The Bill Hanna Legacy Jazz Session,2028-09-11 19:30:00,2028-09-11 23:30:00,2028-09-11 19:30:00,2028-09-11 23:30:00,UTC-5,false,false,publish,https://petrasbar.com/event/bill-hannas-jazz-session-2024-01-08-2024-01-08-2024-01-15-2/2028-09-11/,https://www.eventbrite.com/e/the-bill-hanna-legacy-jazz-session-tickets-1979869722637,,,"{""currency_symbol"":"""",""currency_code"":"""",""currency_position"":"""",""values"":[]}","[{""id"":20,""name"":""Featured"",""slug"":""featured"",""parent"":0},{""id"":23,""name"":""Live Music"",""slug"":""music"",""parent"":0},{""id"":25,""name"":""Shows"",""slug"":""shows"",""parent"":0}]",[],"{""id"":12652,""global_id"":""petrasbar.com?id=12652"",""venue"":""Petra’s"",""address"":""1919 Commonwealth Avenue"",""city"":""Charlotte"",""country"":""United States"",""province"":""NC"",""state"":""NC"",""zip"":""28205"",""url"":""https://petrasbar.com/venue/petras-2/"",""show_map"":true,""show_map_link"":true}","[{""id"":421,""global_id"":""petrasbar.com?id=421"",""organizer"":""Petra’s"",""url"":""https://petrasbar.com/organizer/petras-bar/""}]","Doors: 7pm Music: 7:30pm – 10pm Tickets: $7 Advance (plus online fees) | $10 At the door • 21+ Bill Hanna was a legend in Charlotte. He was the godfather of Jazz and we’re keeping his legacy alive each and every Monday night. Come join us to see some of Charlotte’s best musicians perform in an intimate setting. Limited seating is 1st come 1st serve. If you’re able to stand, please give your seat to someone who can’t.",,"{""url"":""https://petrasbar.com/wp-content/uploads/2021/06/Hanna_2008_dcoston2.jpeg"",""id"":26780,""extension"":""jpeg"",""width"":2354,""height"":1776}",[],false,false,,,2026-01-06 10:34:53,2026-01-06 15:34:53,true,true,,,
2026-09-30T20:45:37Z,mintmuseum.org,https://www.mintmuseum.org/wp-json/tribe/events/v1/events,19,10002874,www.mintmuseum.org?id=10002874,Yoga at the Mint,2028-09-12 17:15:00,2028-09-12 17:15:00,2028-09-12 18:15:00,2028-09-12 18:15:00,UTC+0,false,false,publish,https://www.mintmuseum.org/event/yoga-at-the-mint-2-4-2-2-2-2-3-3/2028-09-12/,,,Free – $10,"{""currency_symbol"":""$"",""currency_code"":""USD"",""currency_position"":""prefix"",""values"":[""0"",""10""]}","[{""id"":56,""name"":""All"",""slug"":""all"",""parent"":0},{""id"":18,""name"":""Members"",""slug"":""members"",""parent"":0}]",[],"{""id"":5337,""global_id"":""www.mintmuseum.org?id=5337"",""venue"":""Mint Museum Uptown"",""url"":""https://www.mintmuseum.org/venue/mint-museum-uptown/"",""geo_lat"":35.224305,""geo_lng"":-80.848151,""show_map"":true,""show_map_link"":true}",[],"Participate in a one-hour yoga class with Dancing Lotus Yoga + Arts every Tuesday from 5:15-6:15 PM at Mint Museum Uptown. Classes are free for Mint members and $10 for nonmembers. Members, please contact Alex Gutierrez Mendez, Membership Services Manager, for the online code for free yoga at alex.gutierrez@mintmuseum.org. Registration is required. Register through Dancing Lotus Yoga + Arts here.",,"{""url"":""https://www.mintmuseum.org/wp-content/uploads/2023/09/Yoga-at-the-MInt-3.jpg"",""id"":64052,""extension"":""jpg"",""width"":1920,""height"":1080}","{""_ecp_custom_2"":{""label"":""Tickets Link"",""value"":""https://www.dancinglotusnc.com/book-online""},""_ecp_custom_3"":{""label"":""Tickets Link Text"",""value"":""Register here""}}",false,false,,,2026-02-23 15:38:57,2026-02-23 20:38:57,true,true,,,
2026-09-30T20:45:37Z,mintmuseum.org,https://www.mintmuseum.org/wp-json/tribe/events/v1/events,19,10002841,www.mintmuseum.org?id=10002841,Free Wednesday Evenings,2028-09-13 17:00:00,2028-09-13 21:00:00,2028-09-13 21:00:00,2028-09-14 01:00:00,America/New_York,false,false,publish,https://www.mintmuseum.org/event/free-admission-nights-2-2-3-2-4/2028-09-13/,,,Free,"{""currency_symbol"":""$"",""currency_code"":""USD"",""currency_position"":""prefix"",""values"":[""0""]}","[{""id"":372,""name"":""Free"",""slug"":""free"",""parent"":0}]",[],"{""id"":8027,""global_id"":""www.mintmuseum.org?id=8027"",""venue"":""Mint Museum Uptown & Randolph"",""city"":""Charlotte"",""country"":""United States"",""state"":""NC"",""url"":""https://www.mintmuseum.org/venue/uptown-randolph/"",""geo_lat"":35.2270869,""geo_lng"":-80.8431267,""show_map"":false,""show_map_link"":false}",[],"The Mint Museum is FREE from 5-9 PM on Wednesdays! For up to date hours, please visit our events calendar mintmuseum.org/events Free Wednesday Evenings is generously presented by Publix Super Market Charities.",,"{""url"":""https://www.mintmuseum.org/wp-content/uploads/2023/12/free-wednesday-evenings-group-in-gallery.jpg"",""id"":62997,""extension"":""jpg"",""width"":1920,""height"":1080}",[],false,false,,,2025-12-12 11:36:01,2025-12-12 16:36:01,true,true,,,
2026-09-30T20:45:37Z,mintmuseum.org,https://www.mintmuseum.org/wp-json/tribe/events/v1/events,19,10004661,www.mintmuseum.org?id=10004661,Lewis Family Gallery,2028-09-13 17:00:00,2028-09-13 21:00:00,2028-09-13 20:00:00,2028-09-14 00:00:00,America/New_York,false,false,publish,https://www.mintmuseum.org/event/lewis-family-gallery-10/2028-09-13/,,,Included with general admission,"{""currency_symbol"":""$"",""currency_code"":""USD"",""currency_position"":""prefix"",""values"":[""included-with-general-admission""]}","[{""id"":29,""name"":""Family Friendly"",""slug"":""family-friendly"",""parent"":0},{""id"":372,""name"":""Free"",""slug"":""free"",""parent"":0}]",[],"{""id"":5337,""global_id"":""www.mintmuseum.org?id=5337"",""venue"":""Mint Museum Uptown"",""url"":""https://www.mintmuseum.org/venue/mint-museum-uptown/"",""geo_lat"":35.224305,""geo_lng"":-80.848151,""show_map"":true,""show_map_link"":true}","[{""id"":54883,""global_id"":""www.mintmuseum.org?id=54883"",""organizer"":""Leslie Strauss"",""url"":""https://www.mintmuseum.org/organizer/leslie-strauss-2/"",""phone"":""704-337-2050"",""email"":""leslie.strauss@mintmuseum.org""}]","Visitors of all ages can play, explore, and learn about the museum collection in the Lewis Family Gallery. This hands-on space provides a creative environment for making art, engaging in building and puzzle challenges, posing for pictures, and stepping into a Romare Bearden collage playhouse. For the safety of visitors, vigorous cleaning protocols are in place. HOURS: Wednesday: 5-8 PM Friday & Saturday: 11 AM-4 PM Sunday: 1-5 PM",,"{""url"":""https://www.mintmuseum.org/wp-content/uploads/2025/01/children-families-hero-1.jpg"",""id"":63445,""extension"":""jpg"",""width"":880,""height"":400}",[],false,false,,,2025-11-25 15:13:52,2025-11-25 20:13:52,true,true,,,
2026-09-30T20:45:37Z,mintmuseum.org,https://www.mintmuseum.org/wp-json/tribe/events/v1/events,19,10007312,www.mintmuseum.org?id=10007312,Wine on Wednesdays,2028-09-13 17:00:00,2028-09-13 21:00:00,2028-09-13 20:30:00,2028-09-14 00:30:00,America/New_York,false,false,publish,https://www.mintmuseum.org/event/wine-on-wednesdays/2028-09-13/,,,Free,"{""currency_symbol"":""$"",""currency_code"":""USD"",""currency_position"":""prefix"",""values"":[""0""]}","[{""id"":34,""name"":""Adult Programs"",""slug"":""adult-programs"",""parent"":0},{""id"":372,""name"":""Free"",""slug"":""free"",""parent"":0}]",[],"{""id"":5337,""global_id"":""www.mintmuseum.org?id=5337"",""venue"":""Mint Museum Uptown"",""url"":""https://www.mintmuseum.org/venue/mint-museum-uptown/"",""geo_lat"":35.224305,""geo_lng"":-80.848151,""show_map"":true,""show_map_link"":true}","[{""id"":68127,""global_id"":""www.mintmuseum.org?id=68127"",""organizer"":""Mint Museum Store"",""url"":""https://www.mintmuseum.org/organizer/mint-museum-store/"",""website"":""https://store.mintmuseum.org/"",""phone"":""7043372061"",""email"":""valeria.vazquez@mintmuseum.org""}]","Join us every Wednesday at The Mint Museum Uptown Store for our beloved Wine on Wednesday event. Sip and shop your way through the evening with $5 glasses of wine, great company, and our incredible selection of items. 🍷 Bar open: 5–8:30 PM | $5 glasses 🛍️ Store open until 9 PM through January.",,"{""url"":""https://www.mintmuseum.org/wp-content/uploads/2026/07/Wine-on-Wednesdays.jpg"",""id"":68139,""extension"":""jpg"",""width"":2048,""height"":1152}",[],false,false,,,2026-07-29 16:07:25,2026-07-29 20:07:25,true,true,,,
2026-09-30T20:45:37Z,petrasbar.com,http://www.petrasbar.com/wp-json/tribe/events/v1/events,6,10002796,petrasbar.com?id=10002796,Karaoke with Klaytastic,2028-09-13 19:00:00,2028-09-13 23:00:00,2028-09-13 19:00:00,2028-09-13 23:00:00,UTC-5,false,false,publish,https://petrasbar.com/event/fckn-karaoke-2022-02-23-2023-08-16-2024-01-24-3-2/2028-09-13/,,,,"{""currency_symbol"":"""",""currency_code"":"""",""currency_position"":"""",""values"":[]}","[{""id"":20,""name"":""Featured"",""slug"":""featured"",""parent"":0},{""id"":21,""name"":""Karaoke"",""slug"":""karaoke"",""parent"":0},{""id"":23,""name"":""Live Music"",""slug"":""music"",""parent"":0}]",[],"{""id"":12652,""global_id"":""petrasbar.com?id=12652"",""venue"":""Petra’s"",""address"":""1919 Commonwealth Avenue"",""city"":""Charlotte"",""country"":""United States"",""province"":""NC"",""state"":""NC"",""zip"":""28205"",""url"":""https://petrasbar.com/venue/petras-2/"",""show_map"":true,""show_map_link"":true}","[{""id"":421,""global_id"":""petrasbar.com?id=421"",""organizer"":""Petra’s"",""url"":""https://petrasbar.com/organizer/petras-bar/""}]",Every Wednesday at Petra’s is the best karaoke party in Charlotte. With host @klaytastic! 7pm-9pm | No Cover 9pm Until | $5 | 21+ (No Exceptions),,"{""url"":""https://petrasbar.com/wp-content/uploads/2025/11/New_Klaytastic-Mailchimp.png"",""id"":38174,""extension"":""png"",""width"":600,""height"":300}",[],false,false,,,2026-06-30 17:46:42,2026-06-30 21:46:42,true,true,,,
2026-09-30T20:45:37Z,mintmuseum.org,https://www.mintmuseum.org/wp-json/tribe/events/v1/events,19,10004921,www.mintmuseum.org?id=10004921,Lewis Family Gallery,2028-09-15 11:00:00,2028-09-15 15:00:00,2028-09-15 16:00:00,2028-09-15 20:00:00,America/New_York,false,false,publish,https://www.mintmuseum.org/event/lewis-family-gallery-2/2028-09-15/,,,Included with general admission,"{""currency_symbol"":""$"",""currency_code"":""USD"",""currency_position"":""prefix"",""values"":[""included-with-general-admission""]}","[{""id"":29,""name"":""Family Friendly"",""slug"":""family-friendly"",""parent"":0},{""id"":372,""name"":""Free"",""slug"":""free"",""parent"":0}]",[],"{""id"":5337,""global_id"":""www.mintmuseum.org?id=5337"",""venue"":""Mint Museum Uptown"",""url"":""https://www.mintmuseum.org/venue/mint-museum-uptown/"",""geo_lat"":35.224305,""geo_lng"":-80.848151,""show_map"":true,""show_map_link"":true}","[{""id"":54883,""global_id"":""www.mintmuseum.org?id=54883"",""organizer"":""Leslie Strauss"",""url"":""https://www.mintmuseum.org/organizer/leslie-strauss-2/"",""phone"":""704-337-2050"",""email"":""leslie.strauss@mintmuseum.org""}]","Visitors of all ages can play, explore, and learn about the museum collection in the Lewis Family Gallery. This hands-on space provides a creative environment for making art, engaging in building and puzzle challenges, posing for pictures, and stepping into a Romare Bearden collage playhouse. For the safety of visitors, vigorous cleaning protocols are in place. HOURS: Wednesday: 5-8 PM Friday & Saturday: 11 AM-4 PM Sunday: 1-5 PM",,"{""url"":""https://www.mintmuseum.org/wp-content/uploads/2025/01/children-families-hero-1.jpg"",""id"":63445,""extension"":""jpg"",""width"":880,""height"":400}",[],false,false,,,2025-01-17 11:20:40,2025-01-17 16:20:40,true,true,,,
2026-09-30T20:45:37Z,mintmuseum.org,https://www.mintmuseum.org/wp-json/tribe/events/v1/events,19,10002081,www.mintmuseum.org?id=10002081,Yoga on the Lawn,2028-09-16 10:00:00,2028-09-16 10:00:00,2028-09-16 11:00:00,2028-09-16 11:00:00,UTC+0,false,false,publish,https://www.mintmuseum.org/event/yoga-at-the-mint-3-2-2-3-2-2/2028-09-16/,,,Free – $10,"{""currency_symbol"":""$"",""currency_code"":""USD"",""currency_position"":""prefix"",""values"":[""0"",""10""]}","[{""id"":56,""name"":""All"",""slug"":""all"",""parent"":0},{""id"":18,""name"":""Members"",""slug"":""members"",""parent"":0}]","[{""name"":""yoga at the mint"",""slug"":""yoga-at-the-mint"",""term_group"":0,""term_taxonomy_id"":850,""taxonomy"":""post_tag"",""description"":"""",""parent"":0,""count"":16,""filter"":""raw"",""term_order"":""0"",""id"":850,""urls"":{""self"":""https://www.mintmuseum.org/wp-json/tribe/events/v1/tags/850"",""collection"":""https://www.mintmuseum.org/wp-json/tribe/events/v1/tags""}},{""name"":""yoga on the lawn"",""slug"":""yoga-on-the-lawn"",""term_group"":0,""term_taxonomy_id"":853,""taxonomy"":""post_tag"",""description"":"""",""parent"":0,""count"":15,""filter"":""raw"",""term_order"":""0"",""id"":853,""urls"":{""self"":""https://www.mintmuseum.org/wp-json/tribe/events/v1/tags/853"",""collection"":""https://www.mintmuseum.org/wp-json/tribe/events/v1/tags""}}]","{""id"":5313,""global_id"":""www.mintmuseum.org?id=5313"",""venue"":""Mint Museum Randolph"",""url"":""https://www.mintmuseum.org/venue/mint-museum-randolph/"",""geo_lat"":35.1973424,""geo_lng"":-80.8146806,""show_map"":true,""show_map_link"":true}",[],"Participate in a one-hour yoga class with Dancing Lotus Yoga + Art on select Saturdays on the front lawn, or indoors, at Mint Museum Randolph (weather permitting). Classes are free for Mint members and $10 for nonmembers. During the winter months, this class will be hosted inside Mint Museum Randolph. Members, please contact Alex Gutierrez Mendez, Membership Services Manager, for the online code for free yoga at alex.gutierrez@mintmuseum.org. Registration is required. Register through Dancing Lotus Yoga + Arts here.",,"{""url"":""https://www.mintmuseum.org/wp-content/uploads/2023/09/Yoga-on-the-Lawn.jpg"",""id"":64053,""extension"":""jpg"",""width"":1920,""height"":1080}","{""_ecp_custom_2"":{""label"":""Tickets Link"",""value"":""https://www.dancinglotusnc.com/book-online""},""_ecp_custom_3"":{""label"":""Tickets Link Text"",""value"":""Register here""}}",false,false,,,2025-03-24 16:29:34,2025-03-24 20:29:34,true,true,,,
2026-09-30T20:45:37Z,mintmuseum.org,https://www.mintmuseum.org/wp-json/tribe/events/v1/events,19,10005439,www.mintmuseum.org?id=10005439,Lewis Family Gallery,2028-09-16 11:00:00,2028-09-16 15:00:00,2028-09-16 16:00:00,2028-09-16 20:00:00,America/New_York,false,false,publish,https://www.mintmuseum.org/event/lewis-family-gallery-3/2028-09-16/,,,Included with general admission,"{""currency_symbol"":""$"",""currency_code"":""USD"",""currency_position"":""prefix"",""values"":[""included-with-general-admission""]}","[{""id"":29,""name"":""Family Friendly"",""slug"":""family-friendly"",""parent"":0},{""id"":372,""name"":""Free"",""slug"":""free"",""parent"":0}]",[],"{""id"":5337,""global_id"":""www.mintmuseum.org?id=5337"",""venue"":""Mint Museum Uptown"",""url"":""https://www.mintmuseum.org/venue/mint-museum-uptown/"",""geo_lat"":35.224305,""geo_lng"":-80.848151,""show_map"":true,""show_map_link"":true}","[{""id"":54883,""global_id"":""www.mintmuseum.org?id=54883"",""organizer"":""Leslie Strauss"",""url"":""https://www.mintmuseum.org/organizer/leslie-strauss-2/"",""phone"":""704-337-2050"",""email"":""leslie.strauss@mintmuseum.org""}]","Visitors of all ages can play, explore, and learn about the museum collection in the Lewis Family Gallery. This hands-on space provides a creative environment for making art, engaging in building and puzzle challenges, posing for pictures, and stepping into a Romare Bearden collage playhouse. For the safety of visitors, vigorous cleaning protocols are in place. HOURS: Wednesday: 5-8 PM Friday & Saturday: 11 AM-4 PM Sunday: 1-5 PM",,"{""url"":""https://www.mintmuseum.org/wp-content/uploads/2025/01/children-families-hero-1.jpg"",""id"":63445,""extension"":""jpg"",""width"":880,""height"":400}",[],false,false,,,2025-01-17 11:22:09,2025-01-17 16:22:09,true,true,,,
2026-09-30T20:45:37Z,mintmuseum.org,https://www.mintmuseum.org/wp-json/tribe/events/v1/events,19,10005957,www.mintmuseum.org?id=10005957,Lewis Family Gallery,2028-09-17 13:00:00,2028-09-17 17:00:00,2028-09-17 17:00:00,2028-09-17 21:00:00,America/New_York,false,false,publish,https://www.mintmuseum.org/event/lewis-family-gallery-4/2028-09-17/,,,Included with general admission,"{""currency_symbol"":""$"",""currency_code"":""USD"",""currency_position"":""prefix"",""values"":[""included-with-general-admission""]}","[{""id"":29,""name"":""Family Friendly"",""slug"":""family-friendly"",""parent"":0},{""id"":372,""name"":""Free"",""slug"":""free"",""parent"":0}]",[],"{""id"":5337,""global_id"":""www.mintmuseum.org?id=5337"",""venue"":""Mint Museum Uptown"",""url"":""https://www.mintmuseum.org/venue/mint-museum-uptown/"",""geo_lat"":35.224305,""geo_lng"":-80.848151,""show_map"":true,""show_map_link"":true}","[{""id"":54883,""global_id"":""www.mintmuseum.org?id=54883"",""organizer"":""Leslie Strauss"",""url"":""https://www.mintmuseum.org/organizer/leslie-strauss-2/"",""phone"":""704-337-2050"",""email"":""leslie.strauss@mintmuseum.org""}]","Visitors of all ages can play, explore, and learn about the museum collection in the Lewis Family Gallery. This hands-on space provides a creative environment for making art, engaging in building and puzzle challenges, posing for pictures, and stepping into a Romare Bearden collage playhouse. For the safety of visitors, vigorous cleaning protocols are in place. HOURS: Wednesday: 5-8 PM Friday & Saturday: 11 AM-4 PM Sunday: 1-5 PM",,"{""url"":""https://www.mintmuseum.org/wp-content/uploads/2025/01/children-families-hero-1.jpg"",""id"":63445,""extension"":""jpg"",""width"":880,""height"":400}",[],false,false,,,2025-01-17 11:23:14,2025-01-17 16:23:14,true,true,,,
2026-09-30T20:45:37Z,petrasbar.com,http://www.petrasbar.com/wp-json/tribe/events/v1/events,6,10002358,petrasbar.com?id=10002358,The Bill Hanna Legacy Jazz Session,2028-09-18 19:30:00,2028-09-18 23:30:00,2028-09-18 19:30:00,2028-09-18 23:30:00,UTC-5,false,false,publish,https://petrasbar.com/event/bill-hannas-jazz-session-2024-01-08-2024-01-08-2024-01-15-2/2028-09-18/,https://www.eventbrite.com/e/the-bill-hanna-legacy-jazz-session-tickets-1979869722637,,,"{""currency_symbol"":"""",""currency_code"":"""",""currency_position"":"""",""values"":[]}","[{""id"":20,""name"":""Featured"",""slug"":""featured"",""parent"":0},{""id"":23,""name"":""Live Music"",""slug"":""music"",""parent"":0},{""id"":25,""name"":""Shows"",""slug"":""shows"",""parent"":0}]",[],"{""id"":12652,""global_id"":""petrasbar.com?id=12652"",""venue"":""Petra’s"",""address"":""1919 Commonwealth Avenue"",""city"":""Charlotte"",""country"":""United States"",""province"":""NC"",""state"":""NC"",""zip"":""28205"",""url"":""https://petrasbar.com/venue/petras-2/"",""show_map"":true,""show_map_link"":true}","[{""id"":421,""global_id"":""petrasbar.com?id=421"",""organizer"":""Petra’s"",""url"":""https://petrasbar.com/organizer/petras-bar/""}]","Doors: 7pm Music: 7:30pm – 10pm Tickets: $7 Advance (plus online fees) | $10 At the door • 21+ Bill Hanna was a legend in Charlotte. He was the godfather of Jazz and we’re keeping his legacy alive each and every Monday night. Come join us to see some of Charlotte’s best musicians perform in an intimate setting. Limited seating is 1st come 1st serve. If you’re able to stand, please give your seat to someone who can’t.",,"{""url"":""https://petrasbar.com/wp-content/uploads/2021/06/Hanna_2008_dcoston2.jpeg"",""id"":26780,""extension"":""jpeg"",""width"":2354,""height"":1776}",[],false,false,,,2026-01-06 10:34:53,2026-01-06 15:34:53,true,true,,,
2026-09-30T20:45:37Z,mintmuseum.org,https://www.mintmuseum.org/wp-json/tribe/events/v1/events,19,10002875,www.mintmuseum.org?id=10002875,Yoga at the Mint,2028-09-19 17:15:00,2028-09-19 17:15:00,2028-09-19 18:15:00,2028-09-19 18:15:00,UTC+0,false,false,publish,https://www.mintmuseum.org/event/yoga-at-the-mint-2-4-2-2-2-2-3-3/2028-09-19/,,,Free – $10,"{""currency_symbol"":""$"",""currency_code"":""USD"",""currency_position"":""prefix"",""values"":[""0"",""10""]}","[{""id"":56,""name"":""All"",""slug"":""all"",""parent"":0},{""id"":18,""name"":""Members"",""slug"":""members"",""parent"":0}]",[],"{""id"":5337,""global_id"":""www.mintmuseum.org?id=5337"",""venue"":""Mint Museum Uptown"",""url"":""https://www.mintmuseum.org/venue/mint-museum-uptown/"",""geo_lat"":35.224305,""geo_lng"":-80.848151,""show_map"":true,""show_map_link"":true}",[],"Participate in a one-hour yoga class with Dancing Lotus Yoga + Arts every Tuesday from 5:15-6:15 PM at Mint Museum Uptown. Classes are free for Mint members and $10 for nonmembers. Members, please contact Alex Gutierrez Mendez, Membership Services Manager, for the online code for free yoga at alex.gutierrez@mintmuseum.org. Registration is required. Register through Dancing Lotus Yoga + Arts here.",,"{""url"":""https://www.mintmuseum.org/wp-content/uploads/2023/09/Yoga-at-the-MInt-3.jpg"",""id"":64052,""extension"":""jpg"",""width"":1920,""height"":1080}","{""_ecp_custom_2"":{""label"":""Tickets Link"",""value"":""https://www.dancinglotusnc.com/book-online""},""_ecp_custom_3"":{""label"":""Tickets Link Text"",""value"":""Register here""}}",false,false,,,2026-02-23 15:38:57,2026-02-23 20:38:57,true,true,,,
2026-09-30T20:45:37Z,mintmuseum.org,https://www.mintmuseum.org/wp-json/tribe/events/v1/events,19,10002842,www.mintmuseum.org?id=10002842,Free Wednesday Evenings,2028-09-20 17:00:00,2028-09-20 21:00:00,2028-09-20 21:00:00,2028-09-21 01:00:00,America/New_York,false,false,publish,https://www.mintmuseum.org/event/free-admission-nights-2-2-3-2-4/2028-09-20/,,,Free,"{""currency_symbol"":""$"",""currency_code"":""USD"",""currency_position"":""prefix"",""values"":[""0""]}","[{""id"":372,""name"":""Free"",""slug"":""free"",""parent"":0}]",[],"{""id"":8027,""global_id"":""www.mintmuseum.org?id=8027"",""venue"":""Mint Museum Uptown & Randolph"",""city"":""Charlotte"",""country"":""United States"",""state"":""NC"",""url"":""https://www.mintmuseum.org/venue/uptown-randolph/"",""geo_lat"":35.2270869,""geo_lng"":-80.8431267,""show_map"":false,""show_map_link"":false}",[],"The Mint Museum is FREE from 5-9 PM on Wednesdays! For up to date hours, please visit our events calendar mintmuseum.org/events Free Wednesday Evenings is generously presented by Publix Super Market Charities.",,"{""url"":""https://www.mintmuseum.org/wp-content/uploads/2023/12/free-wednesday-evenings-group-in-gallery.jpg"",""id"":62997,""extension"":""jpg"",""width"":1920,""height"":1080}",[],false,false,,,2025-12-12 11:36:01,2025-12-12 16:36:01,true,true,,,
2026-09-30T20:45:37Z,mintmuseum.org,https://www.mintmuseum.org/wp-json/tribe/events/v1/events,19,10004662,www.mintmuseum.org?id=10004662,Lewis Family Gallery,2028-09-20 17:00:00,2028-09-20 21:00:00,2028-09-20 20:00:00,2028-09-21 00:00:00,America/New_York,false,false,publish,https://www.mintmuseum.org/event/lewis-family-gallery-10/2028-09-20/,,,Included with general admission,"{""currency_symbol"":""$"",""currency_code"":""USD"",""currency_position"":""prefix"",""values"":[""included-with-general-admission""]}","[{""id"":29,""name"":""Family Friendly"",""slug"":""family-friendly"",""parent"":0},{""id"":372,""name"":""Free"",""slug"":""free"",""parent"":0}]",[],"{""id"":5337,""global_id"":""www.mintmuseum.org?id=5337"",""venue"":""Mint Museum Uptown"",""url"":""https://www.mintmuseum.org/venue/mint-museum-uptown/"",""geo_lat"":35.224305,""geo_lng"":-80.848151,""show_map"":true,""show_map_link"":true}","[{""id"":54883,""global_id"":""www.mintmuseum.org?id=54883"",""organizer"":""Leslie Strauss"",""url"":""https://www.mintmuseum.org/organizer/leslie-strauss-2/"",""phone"":""704-337-2050"",""email"":""leslie.strauss@mintmuseum.org""}]","Visitors of all ages can play, explore, and learn about the museum collection in the Lewis Family Gallery. This hands-on space provides a creative environment for making art, engaging in building and puzzle challenges, posing for pictures, and stepping into a Romare Bearden collage playhouse. For the safety of visitors, vigorous cleaning protocols are in place. HOURS: Wednesday: 5-8 PM Friday & Saturday: 11 AM-4 PM Sunday: 1-5 PM",,"{""url"":""https://www.mintmuseum.org/wp-content/uploads/2025/01/children-families-hero-1.jpg"",""id"":63445,""extension"":""jpg"",""width"":880,""height"":400}",[],false,false,,,2025-11-25 15:13:52,2025-11-25 20:13:52,true,true,,,
2026-09-30T20:45:37Z,mintmuseum.org,https://www.mintmuseum.org/wp-json/tribe/events/v1/events,19,10007313,www.mintmuseum.org?id=10007313,Wine on Wednesdays,2028-09-20 17:00:00,2028-09-20 21:00:00,2028-09-20 20:30:00,2028-09-21 00:30:00,America/New_York,false,false,publish,https://www.mintmuseum.org/event/wine-on-wednesdays/2028-09-20/,,,Free,"{""currency_symbol"":""$"",""currency_code"":""USD"",""currency_position"":""prefix"",""values"":[""0""]}","[{""id"":34,""name"":""Adult Programs"",""slug"":""adult-programs"",""parent"":0},{""id"":372,""name"":""Free"",""slug"":""free"",""parent"":0}]",[],"{""id"":5337,""global_id"":""www.mintmuseum.org?id=5337"",""venue"":""Mint Museum Uptown"",""url"":""https://www.mintmuseum.org/venue/mint-museum-uptown/"",""geo_lat"":35.224305,""geo_lng"":-80.848151,""show_map"":true,""show_map_link"":true}","[{""id"":68127,""global_id"":""www.mintmuseum.org?id=68127"",""organizer"":""Mint Museum Store"",""url"":""https://www.mintmuseum.org/organizer/mint-museum-store/"",""website"":""https://store.mintmuseum.org/"",""phone"":""7043372061"",""email"":""valeria.vazquez@mintmuseum.org""}]","Join us every Wednesday at The Mint Museum Uptown Store for our beloved Wine on Wednesday event. Sip and shop your way through the evening with $5 glasses of wine, great company, and our incredible selection of items. 🍷 Bar open: 5–8:30 PM | $5 glasses 🛍️ Store open until 9 PM through January.",,"{""url"":""https://www.mintmuseum.org/wp-content/uploads/2026/07/Wine-on-Wednesdays.jpg"",""id"":68139,""extension"":""jpg"",""width"":2048,""height"":1152}",[],false,false,,,2026-07-29 16:07:25,2026-07-29 20:07:25,true,true,,,
2026-09-30T20:45:37Z,mintmuseum.org,https://www.mintmuseum.org/wp-json/tribe/events/v1/events,19,10006997,www.mintmuseum.org?id=10006997,Let the Music Play: Steinway Residency Series,2028-09-20 18:00:00,2028-09-20 22:00:00,2028-09-20 18:45:00,2028-09-20 22:45:00,America/New_York,false,false,publish,https://www.mintmuseum.org/event/let-the-music-play-steinway-residency-series/2028-09-20/,,,Free,"{""currency_symbol"":""$"",""currency_code"":""USD"",""currency_position"":""prefix"",""values"":[""0""]}","[{""id"":372,""name"":""Free"",""slug"":""free"",""parent"":0}]","[{""name"":""Free Wednesday Evenings"",""slug"":""free-wednesday-evenings"",""term_group"":0,""term_taxonomy_id"":1208,""taxonomy"":""post_tag"",""description"":"""",""parent"":0,""count"":4,""filter"":""raw"",""term_order"":""0"",""id"":1208,""urls"":{""self"":""https://www.mintmuseum.org/wp-json/tribe/events/v1/tags/1208"",""collection"":""https://www.mintmuseum.org/wp-json/tribe/events/v1/tags""}},{""name"":""Piano"",""slug"":""piano"",""term_group"":0,""term_taxonomy_id"":1207,""taxonomy"":""post_tag"",""description"":"""",""parent"":0,""count"":4,""filter"":""raw"",""term_order"":""0"",""id"":1207,""urls"":{""self"":""https://www.mintmuseum.org/wp-json/tribe/events/v1/tags/1207"",""collection"":""https://www.mintmuseum.org/wp-json/tribe/events/v1/tags""}},{""name"":""steinway"",""slug"":""steinway"",""term_group"":0,""term_taxonomy_id"":1221,""taxonomy"":""post_tag"",""description"":"""",""parent"":0,""count"":3,""filter"":""raw"",""term_order"":""0"",""id"":1221,""urls"":{""self"":""https://www.mintmuseum.org/wp-json/tribe/events/v1/tags/1221"",""collection"":""https://www.mintmuseum.org/wp-json/tribe/events/v1/tags""}}]","{""id"":5337,""global_id"":""www.mintmuseum.org?id=5337"",""venue"":""Mint Museum Uptown"",""url"":""https://www.mintmuseum.org/venue/mint-museum-uptown/"",""geo_lat"":35.224305,""geo_lng"":-80.848151,""show_map"":true,""show_map_link"":true}","[{""id"":49042,""global_id"":""www.mintmuseum.org?id=49042"",""organizer"":""Maggie Kapitan"",""url"":""https://www.mintmuseum.org/organizer/maggie-burgan/"",""email"":""maggie.kapitan@mintmuseum.org""}]","In collaboration with the Steinway Piano Gallery, the Mint is bringing the thrill of piano music to Mint Museum Uptown. Every third Wednesday of the month, a rotating lineup of talented local and regional pianists will fill the museum space with piano performances. Performances will take place 6–6:45 PM and as part of Free Wednesday Evenings, giving visitors time to enjoy the music, explore the galleries that are open until 9 p.m. every Wednesday, and still have time to enjoy dinner at Mariposa at the Mint. The series is presented by First Horizon Bank.",,false,[],false,false,,,2026-07-21 16:40:26,2026-07-21 20:40:26,true,true,,,
2026-09-30T20:45:37Z,petrasbar.com,http://www.petrasbar.com/wp-json/tribe/events/v1/events,6,10002797,petrasbar.com?id=10002797,Karaoke with Klaytastic,2028-09-20 19:00:00,2028-09-20 23:00:00,2028-09-20 19:00:00,2028-09-20 23:00:00,UTC-5,false,false,publish,https://petrasbar.com/event/fckn-karaoke-2022-02-23-2023-08-16-2024-01-24-3-2/2028-09-20/,,,,"{""currency_symbol"":"""",""currency_code"":"""",""currency_position"":"""",""values"":[]}","[{""id"":20,""name"":""Featured"",""slug"":""featured"",""parent"":0},{""id"":21,""name"":""Karaoke"",""slug"":""karaoke"",""parent"":0},{""id"":23,""name"":""Live Music"",""slug"":""music"",""parent"":0}]",[],"{""id"":12652,""global_id"":""petrasbar.com?id=12652"",""venue"":""Petra’s"",""address"":""1919 Commonwealth Avenue"",""city"":""Charlotte"",""country"":""United States"",""province"":""NC"",""state"":""NC"",""zip"":""28205"",""url"":""https://petrasbar.com/venue/petras-2/"",""show_map"":true,""show_map_link"":true}","[{""id"":421,""global_id"":""petrasbar.com?id=421"",""organizer"":""Petra’s"",""url"":""https://petrasbar.com/organizer/petras-bar/""}]",Every Wednesday at Petra’s is the best karaoke party in Charlotte. With host @klaytastic! 7pm-9pm | No Cover 9pm Until | $5 | 21+ (No Exceptions),,"{""url"":""https://petrasbar.com/wp-content/uploads/2025/11/New_Klaytastic-Mailchimp.png"",""id"":38174,""extension"":""png"",""width"":600,""height"":300}",[],false,false,,,2026-06-30 17:46:42,2026-06-30 21:46:42,true,true,,,
2026-09-30T20:45:37Z,mintmuseum.org,https://www.mintmuseum.org/wp-json/tribe/events/v1/events,19,10004922,www.mintmuseum.org?id=10004922,Lewis Family Gallery,2028-09-22 11:00:00,2028-09-22 15:00:00,2028-09-22 16:00:00,2028-09-22 20:00:00,America/New_York,false,false,publish,https://www.mintmuseum.org/event/lewis-family-gallery-2/2028-09-22/,,,Included with general admission,"{""currency_symbol"":""$"",""currency_code"":""USD"",""currency_position"":""prefix"",""values"":[""included-with-general-admission""]}","[{""id"":29,""name"":""Family Friendly"",""slug"":""family-friendly"",""parent"":0},{""id"":372,""name"":""Free"",""slug"":""free"",""parent"":0}]",[],"{""id"":5337,""global_id"":""www.mintmuseum.org?id=5337"",""venue"":""Mint Museum Uptown"",""url"":""https://www.mintmuseum.org/venue/mint-museum-uptown/"",""geo_lat"":35.224305,""geo_lng"":-80.848151,""show_map"":true,""show_map_link"":true}","[{""id"":54883,""global_id"":""www.mintmuseum.org?id=54883"",""organizer"":""Leslie Strauss"",""url"":""https://www.mintmuseum.org/organizer/leslie-strauss-2/"",""phone"":""704-337-2050"",""email"":""leslie.strauss@mintmuseum.org""}]","Visitors of all ages can play, explore, and learn about the museum collection in the Lewis Family Gallery. This hands-on space provides a creative environment for making art, engaging in building and puzzle challenges, posing for pictures, and stepping into a Romare Bearden collage playhouse. For the safety of visitors, vigorous cleaning protocols are in place. HOURS: Wednesday: 5-8 PM Friday & Saturday: 11 AM-4 PM Sunday: 1-5 PM",,"{""url"":""https://www.mintmuseum.org/wp-content/uploads/2025/01/children-families-hero-1.jpg"",""id"":63445,""extension"":""jpg"",""width"":880,""height"":400}",[],false,false,,,2025-01-17 11:20:40,2025-01-17 16:20:40,true,true,,,
2026-09-30T20:45:37Z,mintmuseum.org,https://www.mintmuseum.org/wp-json/tribe/events/v1/events,19,10002082,www.mintmuseum.org?id=10002082,Yoga on the Lawn,2028-09-23 10:00:00,2028-09-23 10:00:00,2028-09-23 11:00:00,2028-09-23 11:00:00,UTC+0,false,false,publish,https://www.mintmuseum.org/event/yoga-at-the-mint-3-2-2-3-2-2/2028-09-23/,,,Free – $10,"{""currency_symbol"":""$"",""currency_code"":""USD"",""currency_position"":""prefix"",""values"":[""0"",""10""]}","[{""id"":56,""name"":""All"",""slug"":""all"",""parent"":0},{""id"":18,""name"":""Members"",""slug"":""members"",""parent"":0}]","[{""name"":""yoga at the mint"",""slug"":""yoga-at-the-mint"",""term_group"":0,""term_taxonomy_id"":850,""taxonomy"":""post_tag"",""description"":"""",""parent"":0,""count"":16,""filter"":""raw"",""term_order"":""0"",""id"":850,""urls"":{""self"":""https://www.mintmuseum.org/wp-json/tribe/events/v1/tags/850"",""collection"":""https://www.mintmuseum.org/wp-json/tribe/events/v1/tags""}},{""name"":""yoga on the lawn"",""slug"":""yoga-on-the-lawn"",""term_group"":0,""term_taxonomy_id"":853,""taxonomy"":""post_tag"",""description"":"""",""parent"":0,""count"":15,""filter"":""raw"",""term_order"":""0"",""id"":853,""urls"":{""self"":""https://www.mintmuseum.org/wp-json/tribe/events/v1/tags/853"",""collection"":""https://www.mintmuseum.org/wp-json/tribe/events/v1/tags""}}]","{""id"":5313,""global_id"":""www.mintmuseum.org?id=5313"",""venue"":""Mint Museum Randolph"",""url"":""https://www.mintmuseum.org/venue/mint-museum-randolph/"",""geo_lat"":35.1973424,""geo_lng"":-80.8146806,""show_map"":true,""show_map_link"":true}",[],"Participate in a one-hour yoga class with Dancing Lotus Yoga + Art on select Saturdays on the front lawn, or indoors, at Mint Museum Randolph (weather permitting). Classes are free for Mint members and $10 for nonmembers. During the winter months, this class will be hosted inside Mint Museum Randolph. Members, please contact Alex Gutierrez Mendez, Membership Services Manager, for the online code for free yoga at alex.gutierrez@mintmuseum.org. Registration is required. Register through Dancing Lotus Yoga + Arts here.",,"{""url"":""https://www.mintmuseum.org/wp-content/uploads/2023/09/Yoga-on-the-Lawn.jpg"",""id"":64053,""extension"":""jpg"",""width"":1920,""height"":1080}","{""_ecp_custom_2"":{""label"":""Tickets Link"",""value"":""https://www.dancinglotusnc.com/book-online""},""_ecp_custom_3"":{""label"":""Tickets Link Text"",""value"":""Register here""}}",false,false,,,2025-03-24 16:29:34,2025-03-24 20:29:34,true,true,,,
2026-09-30T20:45:37Z,mintmuseum.org,https://www.mintmuseum.org/wp-json/tribe/events/v1/events,19,10005440,www.mintmuseum.org?id=10005440,Lewis Family Gallery,2028-09-23 11:00:00,2028-09-23 15:00:00,2028-09-23 16:00:00,2028-09-23 20:00:00,America/New_York,false,false,publish,https://www.mintmuseum.org/event/lewis-family-gallery-3/2028-09-23/,,,Included with general admission,"{""currency_symbol"":""$"",""currency_code"":""USD"",""currency_position"":""prefix"",""values"":[""included-with-general-admission""]}","[{""id"":29,""name"":""Family Friendly"",""slug"":""family-friendly"",""parent"":0},{""id"":372,""name"":""Free"",""slug"":""free"",""parent"":0}]",[],"{""id"":5337,""global_id"":""www.mintmuseum.org?id=5337"",""venue"":""Mint Museum Uptown"",""url"":""https://www.mintmuseum.org/venue/mint-museum-uptown/"",""geo_lat"":35.224305,""geo_lng"":-80.848151,""show_map"":true,""show_map_link"":true}","[{""id"":54883,""global_id"":""www.mintmuseum.org?id=54883"",""organizer"":""Leslie Strauss"",""url"":""https://www.mintmuseum.org/organizer/leslie-strauss-2/"",""phone"":""704-337-2050"",""email"":""leslie.strauss@mintmuseum.org""}]","Visitors of all ages can play, explore, and learn about the museum collection in the Lewis Family Gallery. This hands-on space provides a creative environment for making art, engaging in building and puzzle challenges, posing for pictures, and stepping into a Romare Bearden collage playhouse. For the safety of visitors, vigorous cleaning protocols are in place. HOURS: Wednesday: 5-8 PM Friday & Saturday: 11 AM-4 PM Sunday: 1-5 PM",,"{""url"":""https://www.mintmuseum.org/wp-content/uploads/2025/01/children-families-hero-1.jpg"",""id"":63445,""extension"":""jpg"",""width"":880,""height"":400}",[],false,false,,,2025-01-17 11:22:09,2025-01-17 16:22:09,true,true,,,
2026-09-30T20:45:37Z,mintmuseum.org,https://www.mintmuseum.org/wp-json/tribe/events/v1/events,19,10005958,www.mintmuseum.org?id=10005958,Lewis Family Gallery,2028-09-24 13:00:00,2028-09-24 17:00:00,2028-09-24 17:00:00,2028-09-24 21:00:00,America/New_York,false,false,publish,https://www.mintmuseum.org/event/lewis-family-gallery-4/2028-09-24/,,,Included with general admission,"{""currency_symbol"":""$"",""currency_code"":""USD"",""currency_position"":""prefix"",""values"":[""included-with-general-admission""]}","[{""id"":29,""name"":""Family Friendly"",""slug"":""family-friendly"",""parent"":0},{""id"":372,""name"":""Free"",""slug"":""free"",""parent"":0}]",[],"{""id"":5337,""global_id"":""www.mintmuseum.org?id=5337"",""venue"":""Mint Museum Uptown"",""url"":""https://www.mintmuseum.org/venue/mint-museum-uptown/"",""geo_lat"":35.224305,""geo_lng"":-80.848151,""show_map"":true,""show_map_link"":true}","[{""id"":54883,""global_id"":""www.mintmuseum.org?id=54883"",""organizer"":""Leslie Strauss"",""url"":""https://www.mintmuseum.org/organizer/leslie-strauss-2/"",""phone"":""704-337-2050"",""email"":""leslie.strauss@mintmuseum.org""}]","Visitors of all ages can play, explore, and learn about the museum collection in the Lewis Family Gallery. This hands-on space provides a creative environment for making art, engaging in building and puzzle challenges, posing for pictures, and stepping into a Romare Bearden collage playhouse. For the safety of visitors, vigorous cleaning protocols are in place. HOURS: Wednesday: 5-8 PM Friday & Saturday: 11 AM-4 PM Sunday: 1-5 PM",,"{""url"":""https://www.mintmuseum.org/wp-content/uploads/2025/01/children-families-hero-1.jpg"",""id"":63445,""extension"":""jpg"",""width"":880,""height"":400}",[],false,false,,,2025-01-17 11:23:14,2025-01-17 16:23:14,true,true,,,
2026-09-30T20:45:37Z,petrasbar.com,http://www.petrasbar.com/wp-json/tribe/events/v1/events,6,10002359,petrasbar.com?id=10002359,The Bill Hanna Legacy Jazz Session,2028-09-25 19:30:00,2028-09-25 23:30:00,2028-09-25 19:30:00,2028-09-25 23:30:00,UTC-5,false,false,publish,https://petrasbar.com/event/bill-hannas-jazz-session-2024-01-08-2024-01-08-2024-01-15-2/2028-09-25/,https://www.eventbrite.com/e/the-bill-hanna-legacy-jazz-session-tickets-1979869722637,,,"{""currency_symbol"":"""",""currency_code"":"""",""currency_position"":"""",""values"":[]}","[{""id"":20,""name"":""Featured"",""slug"":""featured"",""parent"":0},{""id"":23,""name"":""Live Music"",""slug"":""music"",""parent"":0},{""id"":25,""name"":""Shows"",""slug"":""shows"",""parent"":0}]",[],"{""id"":12652,""global_id"":""petrasbar.com?id=12652"",""venue"":""Petra’s"",""address"":""1919 Commonwealth Avenue"",""city"":""Charlotte"",""country"":""United States"",""province"":""NC"",""state"":""NC"",""zip"":""28205"",""url"":""https://petrasbar.com/venue/petras-2/"",""show_map"":true,""show_map_link"":true}","[{""id"":421,""global_id"":""petrasbar.com?id=421"",""organizer"":""Petra’s"",""url"":""https://petrasbar.com/organizer/petras-bar/""}]","Doors: 7pm Music: 7:30pm – 10pm Tickets: $7 Advance (plus online fees) | $10 At the door • 21+ Bill Hanna was a legend in Charlotte. He was the godfather of Jazz and we’re keeping his legacy alive each and every Monday night. Come join us to see some of Charlotte’s best musicians perform in an intimate setting. Limited seating is 1st come 1st serve. If you’re able to stand, please give your seat to someone who can’t.",,"{""url"":""https://petrasbar.com/wp-content/uploads/2021/06/Hanna_2008_dcoston2.jpeg"",""id"":26780,""extension"":""jpeg"",""width"":2354,""height"":1776}",[],false,false,,,2026-01-06 10:34:53,2026-01-06 15:34:53,true,true,,,
2026-09-30T20:45:37Z,mintmuseum.org,https://www.mintmuseum.org/wp-json/tribe/events/v1/events,19,10002876,www.mintmuseum.org?id=10002876,Yoga at the Mint,2028-09-26 17:15:00,2028-09-26 17:15:00,2028-09-26 18:15:00,2028-09-26 18:15:00,UTC+0,false,false,publish,https://www.mintmuseum.org/event/yoga-at-the-mint-2-4-2-2-2-2-3-3/2028-09-26/,,,Free – $10,"{""currency_symbol"":""$"",""currency_code"":""USD"",""currency_position"":""prefix"",""values"":[""0"",""10""]}","[{""id"":56,""name"":""All"",""slug"":""all"",""parent"":0},{""id"":18,""name"":""Members"",""slug"":""members"",""parent"":0}]",[],"{""id"":5337,""global_id"":""www.mintmuseum.org?id=5337"",""venue"":""Mint Museum Uptown"",""url"":""https://www.mintmuseum.org/venue/mint-museum-uptown/"",""geo_lat"":35.224305,""geo_lng"":-80.848151,""show_map"":true,""show_map_link"":true}",[],"Participate in a one-hour yoga class with Dancing Lotus Yoga + Arts every Tuesday from 5:15-6:15 PM at Mint Museum Uptown. Classes are free for Mint members and $10 for nonmembers. Members, please contact Alex Gutierrez Mendez, Membership Services Manager, for the online code for free yoga at alex.gutierrez@mintmuseum.org. Registration is required. Register through Dancing Lotus Yoga + Arts here.",,"{""url"":""https://www.mintmuseum.org/wp-content/uploads/2023/09/Yoga-at-the-MInt-3.jpg"",""id"":64052,""extension"":""jpg"",""width"":1920,""height"":1080}","{""_ecp_custom_2"":{""label"":""Tickets Link"",""value"":""https://www.dancinglotusnc.com/book-online""},""_ecp_custom_3"":{""label"":""Tickets Link Text"",""value"":""Register here""}}",false,false,,,2026-02-23 15:38:57,2026-02-23 20:38:57,true,true,,,
2026-09-30T20:45:37Z,mintmuseum.org,https://www.mintmuseum.org/wp-json/tribe/events/v1/events,19,10002843,www.mintmuseum.org?id=10002843,Free Wednesday Evenings,2028-09-27 17:00:00,2028-09-27 21:00:00,2028-09-27 21:00:00,2028-09-28 01:00:00,America/New_York,false,false,publish,https://www.mintmuseum.org/event/free-admission-nights-2-2-3-2-4/2028-09-27/,,,Free,"{""currency_symbol"":""$"",""currency_code"":""USD"",""currency_position"":""prefix"",""values"":[""0""]}","[{""id"":372,""name"":""Free"",""slug"":""free"",""parent"":0}]",[],"{""id"":8027,""global_id"":""www.mintmuseum.org?id=8027"",""venue"":""Mint Museum Uptown & Randolph"",""city"":""Charlotte"",""country"":""United States"",""state"":""NC"",""url"":""https://www.mintmuseum.org/venue/uptown-randolph/"",""geo_lat"":35.2270869,""geo_lng"":-80.8431267,""show_map"":false,""show_map_link"":false}",[],"The Mint Museum is FREE from 5-9 PM on Wednesdays! For up to date hours, please visit our events calendar mintmuseum.org/events Free Wednesday Evenings is generously presented by Publix Super Market Charities.",,"{""url"":""https://www.mintmuseum.org/wp-content/uploads/2023/12/free-wednesday-evenings-group-in-gallery.jpg"",""id"":62997,""extension"":""jpg"",""width"":1920,""height"":1080}",[],false,false,,,2025-12-12 11:36:01,2025-12-12 16:36:01,true,true,,,
2026-09-30T20:45:37Z,mintmuseum.org,https://www.mintmuseum.org/wp-json/tribe/events/v1/events,19,10004663,www.mintmuseum.org?id=10004663,Lewis Family Gallery,2028-09-27 17:00:00,2028-09-27 21:00:00,2028-09-27 20:00:00,2028-09-28 00:00:00,America/New_York,false,false,publish,https://www.mintmuseum.org/event/lewis-family-gallery-10/2028-09-27/,,,Included with general admission,"{""currency_symbol"":""$"",""currency_code"":""USD"",""currency_position"":""prefix"",""values"":[""included-with-general-admission""]}","[{""id"":29,""name"":""Family Friendly"",""slug"":""family-friendly"",""parent"":0},{""id"":372,""name"":""Free"",""slug"":""free"",""parent"":0}]",[],"{""id"":5337,""global_id"":""www.mintmuseum.org?id=5337"",""venue"":""Mint Museum Uptown"",""url"":""https://www.mintmuseum.org/venue/mint-museum-uptown/"",""geo_lat"":35.224305,""geo_lng"":-80.848151,""show_map"":true,""show_map_link"":true}","[{""id"":54883,""global_id"":""www.mintmuseum.org?id=54883"",""organizer"":""Leslie Strauss"",""url"":""https://www.mintmuseum.org/organizer/leslie-strauss-2/"",""phone"":""704-337-2050"",""email"":""leslie.strauss@mintmuseum.org""}]","Visitors of all ages can play, explore, and learn about the museum collection in the Lewis Family Gallery. This hands-on space provides a creative environment for making art, engaging in building and puzzle challenges, posing for pictures, and stepping into a Romare Bearden collage playhouse. For the safety of visitors, vigorous cleaning protocols are in place. HOURS: Wednesday: 5-8 PM Friday & Saturday: 11 AM-4 PM Sunday: 1-5 PM",,"{""url"":""https://www.mintmuseum.org/wp-content/uploads/2025/01/children-families-hero-1.jpg"",""id"":63445,""extension"":""jpg"",""width"":880,""height"":400}",[],false,false,,,2025-11-25 15:13:52,2025-11-25 20:13:52,true,true,,,
2026-09-30T20:45:37Z,mintmuseum.org,https://www.mintmuseum.org/wp-json/tribe/events/v1/events,19,10007314,www.mintmuseum.org?id=10007314,Wine on Wednesdays,2028-09-27 17:00:00,2028-09-27 21:00:00,2028-09-27 20:30:00,2028-09-28 00:30:00,America/New_York,false,false,publish,https://www.mintmuseum.org/event/wine-on-wednesdays/2028-09-27/,,,Free,"{""currency_symbol"":""$"",""currency_code"":""USD"",""currency_position"":""prefix"",""values"":[""0""]}","[{""id"":34,""name"":""Adult Programs"",""slug"":""adult-programs"",""parent"":0},{""id"":372,""name"":""Free"",""slug"":""free"",""parent"":0}]",[],"{""id"":5337,""global_id"":""www.mintmuseum.org?id=5337"",""venue"":""Mint Museum Uptown"",""url"":""https://www.mintmuseum.org/venue/mint-museum-uptown/"",""geo_lat"":35.224305,""geo_lng"":-80.848151,""show_map"":true,""show_map_link"":true}","[{""id"":68127,""global_id"":""www.mintmuseum.org?id=68127"",""organizer"":""Mint Museum Store"",""url"":""https://www.mintmuseum.org/organizer/mint-museum-store/"",""website"":""https://store.mintmuseum.org/"",""phone"":""7043372061"",""email"":""valeria.vazquez@mintmuseum.org""}]","Join us every Wednesday at The Mint Museum Uptown Store for our beloved Wine on Wednesday event. Sip and shop your way through the evening with $5 glasses of wine, great company, and our incredible selection of items. 🍷 Bar open: 5–8:30 PM | $5 glasses 🛍️ Store open until 9 PM through January.",,"{""url"":""https://www.mintmuseum.org/wp-content/uploads/2026/07/Wine-on-Wednesdays.jpg"",""id"":68139,""extension"":""jpg"",""width"":2048,""height"":1152}",[],false,false,,,2026-07-29 16:07:25,2026-07-29 20:07:25,true,true,,,
2026-09-30T20:45:37Z,petrasbar.com,http://www.petrasbar.com/wp-json/tribe/events/v1/events,6,10002798,petrasbar.com?id=10002798,Karaoke with Klaytastic,2028-09-27 19:00:00,2028-09-27 23:00:00,2028-09-27 19:00:00,2028-09-27 23:00:00,UTC-5,false,false,publish,https://petrasbar.com/event/fckn-karaoke-2022-02-23-2023-08-16-2024-01-24-3-2/2028-09-27/,,,,"{""currency_symbol"":"""",""currency_code"":"""",""currency_position"":"""",""values"":[]}","[{""id"":20,""name"":""Featured"",""slug"":""featured"",""parent"":0},{""id"":21,""name"":""Karaoke"",""slug"":""karaoke"",""parent"":0},{""id"":23,""name"":""Live Music"",""slug"":""music"",""parent"":0}]",[],"{""id"":12652,""global_id"":""petrasbar.com?id=12652"",""venue"":""Petra’s"",""address"":""1919 Commonwealth Avenue"",""city"":""Charlotte"",""country"":""United States"",""province"":""NC"",""state"":""NC"",""zip"":""28205"",""url"":""https://petrasbar.com/venue/petras-2/"",""show_map"":true,""show_map_link"":true}","[{""id"":421,""global_id"":""petrasbar.com?id=421"",""organizer"":""Petra’s"",""url"":""https://petrasbar.com/organizer/petras-bar/""}]",Every Wednesday at Petra’s is the best karaoke party in Charlotte. With host @klaytastic! 7pm-9pm | No Cover 9pm Until | $5 | 21+ (No Exceptions),,"{""url"":""https://petrasbar.com/wp-content/uploads/2025/11/New_Klaytastic-Mailchimp.png"",""id"":38174,""extension"":""png"",""width"":600,""height"":300}",[],false,false,,,2026-06-30 17:46:42,2026-06-30 21:46:42,true,true,,,
2026-09-30T20:45:37Z,mintmuseum.org,https://www.mintmuseum.org/wp-json/tribe/events/v1/events,19,10004923,www.mintmuseum.org?id=10004923,Lewis Family Gallery,2028-09-29 11:00:00,2028-09-29 15:00:00,2028-09-29 16:00:00,2028-09-29 20:00:00,America/New_York,false,false,publish,https://www.mintmuseum.org/event/lewis-family-gallery-2/2028-09-29/,,,Included with general admission,"{""currency_symbol"":""$"",""currency_code"":""USD"",""currency_position"":""prefix"",""values"":[""included-with-general-admission""]}","[{""id"":29,""name"":""Family Friendly"",""slug"":""family-friendly"",""parent"":0},{""id"":372,""name"":""Free"",""slug"":""free"",""parent"":0}]",[],"{""id"":5337,""global_id"":""www.mintmuseum.org?id=5337"",""venue"":""Mint Museum Uptown"",""url"":""https://www.mintmuseum.org/venue/mint-museum-uptown/"",""geo_lat"":35.224305,""geo_lng"":-80.848151,""show_map"":true,""show_map_link"":true}","[{""id"":54883,""global_id"":""www.mintmuseum.org?id=54883"",""organizer"":""Leslie Strauss"",""url"":""https://www.mintmuseum.org/organizer/leslie-strauss-2/"",""phone"":""704-337-2050"",""email"":""leslie.strauss@mintmuseum.org""}]","Visitors of all ages can play, explore, and learn about the museum collection in the Lewis Family Gallery. This hands-on space provides a creative environment for making art, engaging in building and puzzle challenges, posing for pictures, and stepping into a Romare Bearden collage playhouse. For the safety of visitors, vigorous cleaning protocols are in place. HOURS: Wednesday: 5-8 PM Friday & Saturday: 11 AM-4 PM Sunday: 1-5 PM",,"{""url"":""https://www.mintmuseum.org/wp-content/uploads/2025/01/children-families-hero-1.jpg"",""id"":63445,""extension"":""jpg"",""width"":880,""height"":400}",[],false,false,,,2025-01-17 11:20:40,2025-01-17 16:20:40,true,true,,,
2026-09-30T20:45:37Z,mintmuseum.org,https://www.mintmuseum.org/wp-json/tribe/events/v1/events,19,10002477,www.mintmuseum.org?id=10002477,Yoga on the Lawn,2028-09-30 10:00:00,2028-09-30 10:00:00,2028-09-30 11:00:00,2028-09-30 11:00:00,UTC+0,false,false,publish,https://www.mintmuseum.org/event/yoga-at-the-mint-3-2-2-3-2-2/2028-09-30/,,,Free – $10,"{""currency_symbol"":""$"",""currency_code"":""USD"",""currency_position"":""prefix"",""values"":[""0"",""10""]}","[{""id"":56,""name"":""All"",""slug"":""all"",""parent"":0},{""id"":18,""name"":""Members"",""slug"":""members"",""parent"":0}]","[{""name"":""yoga at the mint"",""slug"":""yoga-at-the-mint"",""term_group"":0,""term_taxonomy_id"":850,""taxonomy"":""post_tag"",""description"":"""",""parent"":0,""count"":16,""filter"":""raw"",""term_order"":""0"",""id"":850,""urls"":{""self"":""https://www.mintmuseum.org/wp-json/tribe/events/v1/tags/850"",""collection"":""https://www.mintmuseum.org/wp-json/tribe/events/v1/tags""}},{""name"":""yoga on the lawn"",""slug"":""yoga-on-the-lawn"",""term_group"":0,""term_taxonomy_id"":853,""taxonomy"":""post_tag"",""description"":"""",""parent"":0,""count"":15,""filter"":""raw"",""term_order"":""0"",""id"":853,""urls"":{""self"":""https://www.mintmuseum.org/wp-json/tribe/events/v1/tags/853"",""collection"":""https://www.mintmuseum.org/wp-json/tribe/events/v1/tags""}}]","{""id"":5313,""global_id"":""www.mintmuseum.org?id=5313"",""venue"":""Mint Museum Randolph"",""url"":""https://www.mintmuseum.org/venue/mint-museum-randolph/"",""geo_lat"":35.1973424,""geo_lng"":-80.8146806,""show_map"":true,""show_map_link"":true}",[],"Participate in a one-hour yoga class with Dancing Lotus Yoga + Art on select Saturdays on the front lawn, or indoors, at Mint Museum Randolph (weather permitting). Classes are free for Mint members and $10 for nonmembers. During the winter months, this class will be hosted inside Mint Museum Randolph. Members, please contact Alex Gutierrez Mendez, Membership Services Manager, for the online code for free yoga at alex.gutierrez@mintmuseum.org. Registration is required. Register through Dancing Lotus Yoga + Arts here.",,"{""url"":""https://www.mintmuseum.org/wp-content/uploads/2023/09/Yoga-on-the-Lawn.jpg"",""id"":64053,""extension"":""jpg"",""width"":1920,""height"":1080}","{""_ecp_custom_2"":{""label"":""Tickets Link"",""value"":""https://www.dancinglotusnc.com/book-online""},""_ecp_custom_3"":{""label"":""Tickets Link Text"",""value"":""Register here""}}",false,false,,,2025-03-24 16:29:34,2025-03-24 20:29:34,true,true,,,
2026-09-30T20:45:37Z,mintmuseum.org,https://www.mintmuseum.org/wp-json/tribe/events/v1/events,19,10005441,www.mintmuseum.org?id=10005441,Lewis Family Gallery,2028-09-30 11:00:00,2028-09-30 15:00:00,2028-09-30 16:00:00,2028-09-30 20:00:00,America/New_York,false,false,publish,https://www.mintmuseum.org/event/lewis-family-gallery-3/2028-09-30/,,,Included with general admission,"{""currency_symbol"":""$"",""currency_code"":""USD"",""currency_position"":""prefix"",""values"":[""included-with-general-admission""]}","[{""id"":29,""name"":""Family Friendly"",""slug"":""family-friendly"",""parent"":0},{""id"":372,""name"":""Free"",""slug"":""free"",""parent"":0}]",[],"{""id"":5337,""global_id"":""www.mintmuseum.org?id=5337"",""venue"":""Mint Museum Uptown"",""url"":""https://www.mintmuseum.org/venue/mint-museum-uptown/"",""geo_lat"":35.224305,""geo_lng"":-80.848151,""show_map"":true,""show_map_link"":true}","[{""id"":54883,""global_id"":""www.mintmuseum.org?id=54883"",""organizer"":""Leslie Strauss"",""url"":""https://www.mintmuseum.org/organizer/leslie-strauss-2/"",""phone"":""704-337-2050"",""email"":""leslie.strauss@mintmuseum.org""}]","Visitors of all ages can play, explore, and learn about the museum collection in the Lewis Family Gallery. This hands-on space provides a creative environment for making art, engaging in building and puzzle challenges, posing for pictures, and stepping into a Romare Bearden collage playhouse. For the safety of visitors, vigorous cleaning protocols are in place. HOURS: Wednesday: 5-8 PM Friday & Saturday: 11 AM-4 PM Sunday: 1-5 PM",,"{""url"":""https://www.mintmuseum.org/wp-content/uploads/2025/01/children-families-hero-1.jpg"",""id"":63445,""extension"":""jpg"",""width"":880,""height"":400}",[],false,false,,,2025-01-17 11:22:09,2025-01-17 16:22:09,true,true,,,
